time_seconds,FMG_channel_1,FMG_channel_2,FMG_channel_3,FMG_channel_4,FMG_channel_5,FMG_channel_6,FMG_channel_7,FMG_channel_8,CoP,vGRF,provisional_phase,label_status,signal_missing
0.00,0,245,194,53,247,249,236,111,10.289999999999999,1529,QS,provisional_assumed_short_to_long,0
0.01,0,244,195,52,247,249.00000000000091,236.99999999999909,111.99999999999909,10.299999999999782,1529,QS,provisional_assumed_short_to_long,0
0.02,0,244,194.99999999999454,52,246.99999999999818,250,236,111,10.300000000000001,1527.0000000000418,QS,provisional_assumed_short_to_long,0
0.03,0,244,192.00000000000546,52,246,250.00000000000273,236,111,10.3099999999998,1527.99999999998,QS,provisional_assumed_short_to_long,0
0.04,0,244,194,52,246,251,236,111.00000000000364,10.31,1528,QS,provisional_assumed_short_to_long,0
0.05,0,244,193.99999999999545,52,246,251.00000000000455,236,111.99999999999545,10.314999999999909,1528,QS,provisional_assumed_short_to_long,0
0.06,0,244,193.00000000000546,52,246,252,236.00000000000546,111.00000000000546,10.319999999999913,1528,QS,provisional_assumed_short_to_long,0
0.07,0,244.00000000000637,193.99999999999363,52,246,252,236.99999999999363,111.99999999999363,10.310000000000164,1526.0000000000327,QS,provisional_assumed_short_to_long,0
0.08,0,245,193,52,246,252.00000000000728,236.00000000000728,111,10.339999999999536,1528.9999999999536,QS,provisional_assumed_short_to_long,0
0.09,0,245,193.00000000000819,52,246,253.00000000000819,237,111,10.330000000000146,1527.0000000000291,QS,provisional_assumed_short_to_long,0
0.10,0,245,193.99999999999091,52,246,254,237,110.99999999999091,10.339999999999863,1527.9999999999864,QS,provisional_assumed_short_to_long,0
0.11,0,245,193,52,246,254.00000000001,237,110.00000000001,10.330000000000128,1526.0000000000255,QS,provisional_assumed_short_to_long,0
0.12,0,245,193.00000000001091,52,246,255,237,111.00000000004366,10.33499999999994,1526,QS,provisional_assumed_short_to_long,0
0.13,0,245,194,52,246,255.00000000001182,237.00000000001182,115.00000000002365,10.339999999999945,1526,QS,provisional_assumed_short_to_long,0
0.14,0,245,194,52,246,255.99999999999,237.99999999999,116.99999999997999,10.34,1526.99999999999,QS,provisional_assumed_short_to_long,0
0.15,0,245,193.00000000000909,52,245.00000000000909,256.99999999999091,238,114.00000000002728,10.349999999999909,1527.9999999999909,QS,provisional_assumed_short_to_long,0
0.16,0,245.99999999999181,193,52,245.99999999999181,257,238,115.99999999998363,10.35,1528,QS,provisional_assumed_short_to_long,0
0.17,0,246,193.99999999999272,52,246,257.99999999999272,238,115.00000000000728,10.330000000000146,1526.0000000000146,QS,provisional_assumed_short_to_long,0
0.18,0,246.99999999999363,195.99999999998727,52,246.99999999999363,257.00000000000637,238.99999999999363,115,10.33,1545.9999999998727,QS,provisional_assumed_short_to_long,0
0.19,0,247,195.00000000000546,52,246.00000000000546,257.99999999999454,239,115.99999999999454,10.33,1546.4999999999973,QS,provisional_assumed_short_to_long,0
0.20,0,247,195.99999999999545,52,246.99999999999545,258,239.99999999999545,115.00000000000455,10.33,1546.9999999999977,QS,provisional_assumed_short_to_long,0
0.21,0,247.99999999999636,195.00000000000364,52,248.99999999999272,258,240,115,10.33,1547,QS,provisional_assumed_short_to_long,0
0.22,0,248.99999999999727,195,52,249.99999999999727,258,240,115,10.33,1547,QS,provisional_assumed_short_to_long,0
0.23,0,249,195.99999999999818,52,250,258,240.99999999999818,115,10.33,1546.0000000000018,QS,provisional_assumed_short_to_long,0
0.24,0,249.99999999999909,196,52,250,258,241.99999999999909,114.00000000000091,10.33,1545.0000000000009,QS,provisional_assumed_short_to_long,0
0.25,0,251,197,52,250,258,242,118,10.33,1545,QS,provisional_assumed_short_to_long,0
0.26,0,252,197.00000000000091,52.000000000008193,250,258,243,116,10.334999999999948,1544.5000000000052,QS,provisional_assumed_short_to_long,0
0.27,0,251.99999999999818,198,61.000000000007283,250,258,243,116,10.339999999999895,1544.0000000000105,QS,provisional_assumed_short_to_long,0
0.28,0,251,198,65.000000000024585,250.00000000000273,258,243,116,10.330000000000201,1544.99999999998,QS,provisional_assumed_short_to_long,0
0.29,0,251.00000000000182,198.00000000000182,74.000000000001819,250.99999999999818,258,243.00000000000182,116.00000000000182,10.33,1545.9999999999809,QS,provisional_assumed_short_to_long,0
0.30,0,251.50000000000227,198.50000000000227,74.500000000002274,250.49999999999773,258,243.50000000000227,116.50000000000227,10.349999999999635,1546.9999999999818,QS,provisional_assumed_short_to_long,0
0.31,0,252,198.99999999999454,75,250,258,244,117,10.35,1547,QS,provisional_assumed_short_to_long,0
0.32,0,252,198.00000000000637,75.000000000006366,250.00000000000637,258,244,116.99999999999363,10.330000000000327,1546.0000000000164,QS,provisional_assumed_short_to_long,0
0.33,0,252,198.99999999999272,76,251.00000000000728,258.00000000000728,244,115.99999999999272,10.320000000000155,1545.0000000000155,QS,provisional_assumed_short_to_long,0
0.34,0,252,198.00000000000819,76,251.99999999999181,259,244,115.00000000000819,10.310000000000146,1544.0000000000146,QS,provisional_assumed_short_to_long,0
0.35,0,252,198.99999999999091,76,251,259,244,115.99999999999091,10.349999999999454,1546.9999999999591,QS,provisional_assumed_short_to_long,0
0.36,0,252,198.00000000001,76,251.00000000001,259,243.99999999999,115.00000000001,10.35,1547.9999999999873,QS,provisional_assumed_short_to_long,0
0.37,0,252,198.99999999999454,76,252,259.00000000000546,243.00000000000546,116.00000000000546,10.35,1548,QS,provisional_assumed_short_to_long,0
0.38,0,252,198.49999999999977,76,252,259.50000000000023,243.50000000000023,116.50000000000023,10.359999999999891,1548,QS,provisional_assumed_short_to_long,0
0.39,0,252,198.000000000005,76,252,259.999999999995,243.999999999995,116.999999999995,10.359999999999999,1548,QS,provisional_assumed_short_to_long,0
0.40,0,252,198,76,252,260,244,117,10.359999999999999,1548,QS,provisional_assumed_short_to_long,0
0.41,0,252,198,75.000000000008185,252,260.99999999999181,244,117,10.359999999999999,1548,QS,provisional_assumed_short_to_long,0
0.42,0,252,198.99999999999272,72.000000000021828,252,261,244,116.00000000000728,10.359999999999999,1563.9999999998836,QS,provisional_assumed_short_to_long,0
0.43,0,252,198.00000000000637,71.000000000006366,251.00000000000637,261,244,116,10.359999999999999,1564,QS,provisional_assumed_short_to_long,0
0.44,0,252,198,71.999999999994543,251.99999999999454,261,243.00000000000546,116.99999999999454,10.350000000000055,1564.9999999999945,QS,provisional_assumed_short_to_long,0
0.45,0,252,198,72,252,261,243,116.00000000000455,10.359999999999953,1566.9999999999909,QS,provisional_assumed_short_to_long,0
0.46,0,252,198.99999999999636,71.000000000003638,252,261.99999999999636,243,116,10.359999999999999,1567,QS,provisional_assumed_short_to_long,0
0.47,0,251.00000000000273,198.00000000000273,71.999999999997272,252,261.00000000000273,242.00000000000273,116,10.359999999999999,1567.4999999999986,QS,provisional_assumed_short_to_long,0
0.48,0,251,198.99999999999818,71.000000000001819,251.00000000000182,261,242,116.99999999999818,10.359999999999999,1567.9999999999991,QS,provisional_assumed_short_to_long,0
0.49,0,251,199,67.000000000003638,251,261,241.00000000000091,116.00000000000091,10.350000000000009,1568,QS,provisional_assumed_short_to_long,0
0.50,0,251,199,57,251,260,240,117,10.359999999999999,1569,QS,provisional_assumed_short_to_long,0
0.51,0,251,198.99999999999909,52,250,259,238.99999999999909,116.99999999999909,10.359999999999999,1568.0000000000218,QS,provisional_assumed_short_to_long,0
0.52,0,251,198.00000000000364,52,250,259,238.00000000000182,116,10.350000000000209,1569.9999999999582,QS,provisional_assumed_short_to_long,0
0.53,0,251,199.99999999999727,52.000000000013657,250,259,239,115.99999999999727,10.35,1570,QS,provisional_assumed_short_to_long,0
0.54,0,250.99999999999636,198.99999999999636,56.999999999978151,250,259,239,115.00000000000729,10.35,1570,QS,provisional_assumed_short_to_long,0
0.55,0,250,198.00000000000455,51.000000000004555,250,258.99999999999545,239,116.99999999999545,10.359999999999818,1570.9999999999818,QS,provisional_assumed_short_to_long,0
0.56,0,250,199,52,250,258,238.99999999999454,116,10.369999999999827,1571.9999999999827,QS,provisional_assumed_short_to_long,0
0.57,0,249.99999999999363,199,52,250,258,238.00000000000637,116.00000000000637,10.369999999999999,1572.9999999999836,QS,provisional_assumed_short_to_long,0
0.58,0,249,198.99999999999272,51.999999999992731,250,258,238.99999999999272,117,10.360000000000154,1572.0000000000155,QS,provisional_assumed_short_to_long,0
0.59,0,249,198.00000000000819,51.000000000008185,250,258,238.00000000000819,116.99999999999181,10.369999999999854,1572,QS,provisional_assumed_short_to_long,0
0.60,0,249.00000000000909,199.00000000000909,52,250,258,239,116.00000000000909,10.369999999999999,1572.4999999999932,QS,provisional_assumed_short_to_long,0
0.61,0,250,199.99999999999,52,250,258,239,117,10.369999999999999,1572.9999999999936,QS,provisional_assumed_short_to_long,0
0.62,0,250,199,52,250,258,239,117,10.369999999999999,1572.0000000000118,QS,provisional_assumed_short_to_long,0
0.63,0,250,199,52,250,258.00000000001182,239.00000000001182,117,10.360000000000108,1572,QS,provisional_assumed_short_to_long,0
0.64,0,250,199,52,250,258.99999999999,239.99999999999,117,10.3699999999999,1572.99999999999,QS,provisional_assumed_short_to_long,0
0.65,0,250,199.99999999999091,52,250,258.00000000000909,239.00000000000909,116.00000000000909,10.37999999999991,1575.9999999999727,QS,provisional_assumed_short_to_long,0
0.66,0,250,200,52,250,258,239,116.99999999999181,10.380000000000001,1576,QS,provisional_assumed_short_to_long,0
0.67,0,250,199.00000000000728,52,249.00000000000728,258.99999999999272,239.99999999999272,116.00000000000728,10.375000000000036,1575.5000000000036,QS,provisional_assumed_short_to_long,0
0.68,0,250,199.99999999999363,52,249.99999999999363,258.00000000000637,240,116,10.370000000000031,1575.0000000000032,QS,provisional_assumed_short_to_long,0
0.69,0,250,200,52,250,258.99999999999454,240.99999999999454,116.99999999999454,10.389999999999892,1575.9999999999945,QS,provisional_assumed_short_to_long,0
0.70,0,250,200.99999999999545,52,250,259,241.99999999999545,117,10.380000000000047,1575.0000000000045,QS,provisional_assumed_short_to_long,0
0.71,0,250.99999999999636,200.00000000000364,52,250,259.99999999999636,242,117,10.370000000000037,1575,QS,provisional_assumed_short_to_long,0
0.72,0,251.99999999999727,200.99999999999727,51.000000000002728,250.99999999999727,260,242.99999999999727,117,10.360000000000026,1574.0000000000027,QS,provisional_assumed_short_to_long,0
0.73,0,252,201.99999999999818,51.999999999998181,251,260.99999999999818,244.99999999999636,117.99999999999818,10.359999999999999,1572.0000000000036,QS,provisional_assumed_short_to_long,0
0.74,0,252.99999999999909,203.99999999999818,60.999999999991807,251,261,245,118,10.355000000000004,1571.0000000000009,QS,provisional_assumed_short_to_long,0
0.75,0,254,207,70,252,261,246,118,10.35,1570,QS,provisional_assumed_short_to_long,0
0.76,0,254.00000000000091,208.00000000000091,71.000000000001819,253.00000000000091,262.00000000000091,247.00000000000182,118,10.359999999999781,1571.9999999999563,QS,provisional_assumed_short_to_long,0
0.77,0,255.00000000000182,209.00000000000182,73.000000000001819,254.00000000000546,263,249.00000000000546,117.99999999999818,10.359999999999999,1575.9999999999163,QS,provisional_assumed_short_to_long,0
0.78,0,256.00000000000273,210.00000000000273,74.0000000000082,257.00000000000273,263,252.00000000000273,116.99999999999454,10.359999999999999,1575.00000000002,QS,provisional_assumed_short_to_long,0
0.79,0,257.00000000000364,211,76.999999999996362,258.00000000000364,263.00000000000364,253.00000000000364,115.00000000000364,10.340000000000382,1573.0000000000382,QS,provisional_assumed_short_to_long,0
0.80,0,258.00000000000455,211.00000000000227,76.000000000004547,259.00000000000455,264,254.00000000000227,116.00000000000455,10.349999999999818,1573,QS,provisional_assumed_short_to_long,0
0.81,0,259.00000000000546,211.50000000000273,77.000000000005457,260.00000000000546,264,254.50000000000273,117.00000000000546,10.345000000000086,1573.9999999999827,QS,provisional_assumed_short_to_long,0
0.82,0,260.0000000000191,212,77.999999999974506,261.00000000000637,263.99999999999363,255.00000000001273,118.00000000000637,10.340000000000082,1574.9999999999836,QS,provisional_assumed_short_to_long,0
0.83,0,262.99999999997817,212,74,262,263,257.00000000000728,119.00000000001457,10.330000000000155,1575,QS,provisional_assumed_short_to_long,0
0.84,0,260.00000000000819,212.00000000000819,74,262,263,258.00000000000819,121.00000000002454,10.320000000000146,1576.9999999999709,QS,provisional_assumed_short_to_long,0
0.85,0,261,213,74,262,263,258.99999999999091,124,10.329999999999863,1576.0000000000136,QS,provisional_assumed_short_to_long,0
0.86,0,261.00000000001,213,73.999999999989996,262,263.00000000001,258,124,10.33,1576,QS,provisional_assumed_short_to_long,0
0.87,0,262.00000000003274,213.00000000001091,72.999999999989086,262.00000000001091,264,257.99999999998909,124.00000000001091,10.32500000000006,1576.9999999999882,QS,provisional_assumed_short_to_long,0
0.88,0,265.00000000000591,214,71.999999999929059,262.99999999999409,264,257.00000000000591,125.00000000000591,10.320000000000055,1577.9999999999891,QS,provisional_assumed_short_to_long,0
0.89,0,265.50000000000068,214,65.9999999999918,262.49999999999932,264,257.50000000000068,125.50000000000068,10.32,1578,QS,provisional_assumed_short_to_long,0
0.90,0,265.99999999999545,214,60.000000000054555,262.00000000000455,264,257.99999999999545,125.99999999999545,10.329999999999909,1575.0000000000273,QS,provisional_assumed_short_to_long,0
0.91,0,266.99999999999181,214,52.000000000065455,262,264,258,126.99999999999181,10.379999999999592,1564.00000000009,QS,provisional_assumed_short_to_long,0
0.92,0,267,213.00000000000728,52.999999999992731,262,264.99999999999272,257.00000000000728,129.99999999997817,10.380000000000001,1564,QS,provisional_assumed_short_to_long,0
0.93,0,267,213,52.000000000006359,259.0000000000191,265,255.00000000001273,130.99999999999363,10.380000000000001,1564,QS,provisional_assumed_short_to_long,0
0.94,0,267,213.99999999999454,52,257.50000000000819,265.49999999999727,255,131,10.380000000000001,1564.9999999999945,QS,provisional_assumed_short_to_long,0
0.95,0,267,214.99999999999545,52,256.00000000000682,265.99999999999773,255,131,10.384999999999978,1565.9999999999955,QS,provisional_assumed_short_to_long,0
0.96,0,266.00000000000364,214.00000000000364,52,256,266,253.00000000000728,130.00000000000364,10.389999999999983,1566.9999999999964,QS,provisional_assumed_short_to_long,0
0.97,0,266,213.00000000000273,52,254.00000000000546,266,253,130.99999999999727,10.390000000000001,1565.0000000000055,QS,provisional_assumed_short_to_long,0
0.98,0,266.99999999999818,213.99999999999818,52,253.00000000000182,266,252.00000000000182,130.00000000000182,10.380000000000019,1565.9999999999982,QS,provisional_assumed_short_to_long,0
0.99,0,266.00000000000091,214,52,253,265.00000000000091,251.00000000000091,130,10.380000000000001,1566,QS,provisional_assumed_short_to_long,0
1.00,0,266.5,214,52,253.5,265.5,249.5,130.5,10.4,1570,QS,provisional_assumed_short_to_long,0
1.01,0,266.99999999999909,213.99999999999909,52,254,266,247.99999999999909,130.99999999999909,10.390000000000105,1569.5000000000052,QS,provisional_assumed_short_to_long,0
1.02,0,266,212.99999999999818,52,254,266,246.99999999999818,130.00000000000182,10.38000000000021,1569.0000000000105,QS,provisional_assumed_short_to_long,0
1.03,0,266,212.00000000000546,52,254,266,245.99999999999181,131,10.399999999999601,1571.99999999994,QS,provisional_assumed_short_to_long,0
1.04,0,266,213.99999999999272,52,253.99999999999636,265.99999999999636,242.99999999999636,130.99999999999272,10.380000000000383,1570.0000000000382,QS,provisional_assumed_short_to_long,0
1.05,0,265.99999999999545,212.00000000000455,52,253,264.99999999999545,241.99999999999545,129,10.389999999999819,1570.9999999999818,QS,provisional_assumed_short_to_long,0
1.06,0,265,213,52,253.00000000000546,263.99999999999454,240.99999999999454,129.00000000000546,10.390000000000001,1571,QS,provisional_assumed_short_to_long,0
1.07,0,265,212.99999999999363,52,253.99999999999363,263,239.99999999998727,130,10.390000000000001,1570.0000000000164,QS,provisional_assumed_short_to_long,0
1.08,0,265,211.99999999998542,52,253,262.99999999997817,237.99999999996359,129.99999999999272,10.390000000000001,1570,QS,provisional_assumed_short_to_long,0
1.09,0,265,210.00000000000819,51.999999999991807,252.99999999999181,259.99999999999181,232.99999999997542,128.99999999999181,10.390000000000001,1570,QS,provisional_assumed_short_to_long,0
1.10,0,265,211,51.000000000004555,252.00000000000455,259.00000000000455,229.99999999995904,127.99999999999545,10.380000000000138,1570,QS,provisional_assumed_short_to_long,0
1.11,0,265,211,51.500000000005009,252.500000000005,259.500000000005,225.49999999995492,127.499999999995,10.350000000000382,1569.0000000000127,QS,provisional_assumed_short_to_long,0
1.12,0,265,211,52,252.99999999997814,259.99999999998909,220.99999999984706,126.99999999998907,10.369999999999763,1569.9999999999882,QS,provisional_assumed_short_to_long,0
1.13,0,265,211.00000000001182,52,251,259,206.9999999999645,126,10.379999999999892,1569.0000000000109,QS,provisional_assumed_short_to_long,0
1.14,0,265,211.99999999999,52,251,259,204.00000000002998,126,10.330000000000499,1569.99999999999,QS,provisional_assumed_short_to_long,0
1.15,0,265,210.00000000001816,51.000000000009081,251,259.99999999999091,199.00000000004542,124.00000000001816,10.315000000000136,1571.9999999999818,QS,provisional_assumed_short_to_long,0
1.16,0,265,210,51,250.00000000000819,258.00000000001637,192.00000000005736,123.0000000000082,10.300000000000123,1573.9999999999836,QS,provisional_assumed_short_to_long,0
1.17,0,261.0000000000291,210,51,249.00000000000728,258,185.00000000005099,122.00000000000728,10.309999999999928,1574.9999999999927,QS,provisional_assumed_short_to_long,0
1.18,0,261,207.00000000001913,51,249,258,179.00000000003823,120.00000000001275,10.319999999999936,1574.0000000000064,QS,provisional_assumed_short_to_long,0
1.19,0,261,209.9999999999836,51,249,257.00000000000546,177.00000000001091,119.00000000000546,10.32,1575.9999999999891,QS,provisional_assumed_short_to_long,0
1.20,0,261,210,51,248.00000000000455,257,175.00000000000909,118.00000000000455,10.32,1574.0000000000091,QS,provisional_assumed_short_to_long,0
1.21,0,259.00000000000728,209.00000000000364,51,248,257.99999999999636,172.00000000001091,117.00000000000364,10.339999999999927,1573.0000000000036,QS,provisional_assumed_short_to_long,0
1.22,0,259,210.99999999999454,51,248,257.00000000000273,170.00000000000546,117,10.335000000000013,1571.5000000000041,QS,provisional_assumed_short_to_long,0
1.23,0,259,210.00000000000182,51,247.00000000000182,257,168.00000000000364,117,10.330000000000009,1570.0000000000027,QS,provisional_assumed_short_to_long,0
1.24,0,258.00000000000091,210,51,246.00000000000091,257,156.00000000001091,116.00000000000091,10.339999999999991,1572.9999999999973,QS,provisional_assumed_short_to_long,0
1.25,0,258,210,51,247,258,152,117,10.35,1572,QS,provisional_assumed_short_to_long,0
1.26,0,258,210,51,244.99999999999909,259,152,117,10.340000000000218,1570.0000000000437,QS,provisional_assumed_short_to_long,0
1.27,0,258,209.99999999999818,51,244,259.00000000000182,151.99999999999636,117.00000000000182,10.34999999999979,1568.0000000000418,QS,provisional_assumed_short_to_long,0
1.28,0,258,209.00000000000273,51,244,260,150,117.99999999999727,10.359999999999799,1568.49999999999,QS,provisional_assumed_short_to_long,0
1.29,0,258,210,51,244,260,149.99999999999636,117.00000000000364,10.369999999999809,1568.9999999999905,QS,provisional_assumed_short_to_long,0
1.30,0,257.99999999999545,209.99999999999091,51,244,260.00000000000455,148.99999999999091,117.99999999999089,10.37999999999982,1566.0000000000546,QS,provisional_assumed_short_to_long,0
1.31,0,257,208.00000000001091,51,244,261,146.99999999999454,116,10.439999999998964,1564.0000000000346,QS,provisional_assumed_short_to_long,0
1.32,0,257,209.99999999999363,51,243.99999999999363,260.99999999999363,146,115.99999999998089,10.449999999999836,1574.9999999998199,QS,provisional_assumed_short_to_long,0
1.33,0,256.99999999999272,209.00000000000728,51,243,260,146,112.99999999999271,10.440000000000154,1571.0000000000618,QS,provisional_assumed_short_to_long,0
1.34,0,255.99999999999181,209.9999999999836,51,243,260,145.99999999999181,111.9999999999918,10.44,1572.9999999999709,QS,provisional_assumed_short_to_long,0
1.35,0,255,208,51,242.99999999999091,260,145,111.00000000000911,10.459999999999727,1574.9999999999727,QS,provisional_assumed_short_to_long,0
1.36,0,255,208.00000000002004,51,242,259.99999999999,145,112,10.455000000000064,1574.5000000000064,QS,provisional_assumed_short_to_long,0
1.37,0,255,210,51,242,259,145.00000000001091,112.00000000001093,10.450000000000058,1574.0000000000059,QS,provisional_assumed_short_to_long,0
1.38,0,255,209.99999999998818,51,242,259.00000000001182,146,113,10.459999999999892,1573.0000000000109,QS,provisional_assumed_short_to_long,0
1.39,0,255,209.00000000001,51,242,259.99999999999,146,113,10.469999999999901,1573,QS,provisional_assumed_short_to_long,0
1.40,0,255,209.99999999999091,51,242,260,146,114.99999999998184,10.47999999999991,1575.9999999999727,QS,provisional_assumed_short_to_long,0
1.41,0,255,209.00000000000819,51.999999999991807,242,260,146,115.9999999999918,10.48,1576,QS,provisional_assumed_short_to_long,0
1.42,0,255.99999999999272,209,51.000000000007283,242.99999999999272,260,146,117.99999999998543,10.484999999999964,1576,QS,provisional_assumed_short_to_long,0
1.43,0,256,208.00000000000637,51,243,260,146,118,10.489999999999968,1576,QS,provisional_assumed_short_to_long,0
1.44,0,256,208,51,242.00000000000546,260,146,118.99999999999454,10.480000000000055,1576,QS,provisional_assumed_short_to_long,0
1.45,0,256,209.99999999999091,51,242.99999999999545,260,146,119,10.48,1576,QS,provisional_assumed_short_to_long,0
1.46,0,256,210,51,243,260,146,119,10.48,1576,QS,provisional_assumed_short_to_long,0
1.47,0,255.00000000000273,210.99999999999727,51,243,260,146,118.00000000000273,10.48,1574.0000000000055,QS,provisional_assumed_short_to_long,0
1.48,0,255.99999999999818,209.00000000000364,51,243,260,146,118,10.470000000000018,1573.0000000000018,QS,provisional_assumed_short_to_long,0
1.49,0,256,209.49999999999955,51,243,260,146,118.49999999999955,10.450000000000017,1564.0000000000082,QS,provisional_assumed_short_to_long,0
1.50,0,256,210,51,243,260,146,119,10.459999999999887,1566.9999999999659,QS,provisional_assumed_short_to_long,0
1.51,0,257,209.00000000000091,51,243,261,147.00000000000728,120.99999999999818,10.469999999999782,1569.9999999999345,QS,provisional_assumed_short_to_long,0
1.52,0,257,210,51,243,261.00000000000182,155,118.99999999999818,10.470000000000001,1570,QS,provisional_assumed_short_to_long,0
1.53,0,257.00000000000273,210,51,243,262.00000000000273,155.00000000000546,118,10.470000000000001,1570,QS,provisional_assumed_short_to_long,0
1.54,0,258,210,51,243.00000000000364,263.00000000000364,157,118.00000000000729,10.470000000000001,1570.9999999999809,QS,provisional_assumed_short_to_long,0
1.55,0,258,210,51,243.99999999999545,263.99999999999545,157,120,10.460000000000182,1570.0000000000182,QS,provisional_assumed_short_to_long,0
1.56,0,258,209.99999999999454,51,243,263.00000000000546,157,120,10.460000000000001,1569.5000000000086,QS,provisional_assumed_short_to_long,0
1.57,0,258,209,51,243,264,157,120,10.460000000000001,1569.0000000000082,QS,provisional_assumed_short_to_long,0
1.58,0,258,209,51,243.00000000000728,264,157.00000000000728,120,10.460000000000001,1568.0000000000155,QS,provisional_assumed_short_to_long,0
1.59,0,258,209,51,244,264.00000000000819,158.00000000000819,120.0000000000082,10.440000000000291,1569.9999999999709,QS,provisional_assumed_short_to_long,0
1.60,0,258,209.00000000000909,51,244,265,159.00000000000909,121,10.449999999999863,1568.0000000000273,QS,provisional_assumed_short_to_long,0
1.61,0,258,210,51,244,265.00000000001,159.99999999999,121.00000000001002,10.449999999999999,1568.9999999999873,QS,provisional_assumed_short_to_long,0
1.62,0,258,209.99999999998909,51,244,266,159.00000000001091,122,10.440000000000119,1568.0000000000118,QS,provisional_assumed_short_to_long,0
1.63,0,258,209.00000000001182,51,244.00000000001182,266.00000000001182,160,122,10.444999999999945,1568.9999999999891,QS,provisional_assumed_short_to_long,0
1.64,0,258,209.99999999999,51,244.99999999999,266.99999999999,160,122,10.44999999999995,1569.99999999999,QS,provisional_assumed_short_to_long,0
1.65,0,259.99999999998181,210.99999999999091,51,245,267.99999999999091,160.99999999999091,122.99999999999092,10.449999999999999,1570,QS,provisional_assumed_short_to_long,0
1.66,0,260,213.9999999999755,51,245,268.99999999999181,163.9999999999755,123,10.440000000000081,1570.9999999999918,QS,provisional_assumed_short_to_long,0
1.67,0,261.99999999998545,214,51.999999999992717,245.99999999999272,269.99999999999272,165.99999999998545,126.99999999997087,10.449999999999926,1570.0000000000073,QS,provisional_assumed_short_to_long,0
1.68,0,262.99999999999363,214,52,246.99999999999363,271.99999999998727,168.99999999998087,130.99999999997451,10.440000000000063,1569.0000000000064,QS,provisional_assumed_short_to_long,0
1.69,0,268.9999999999672,216.9999999999836,52,247,273.99999999998909,176.99999999995629,132.99999999998909,10.449999999999944,1569,QS,provisional_assumed_short_to_long,0
1.70,0,272.99999999998181,218.99999999999091,51.000000000004555,249.99999999998636,275.99999999999091,182.99999999997269,133.99999999999545,10.449999999999999,1569.9999999999955,QS,provisional_assumed_short_to_long,0
1.71,0,275.99999999998909,219,51.999999999996362,251.99999999999272,279.99999999998545,187.99999999998178,135.99999999999272,10.454999999999982,1569.5000000000018,QS,provisional_assumed_short_to_long,0
1.72,0,276,219.99999999999727,52,253.99999999999454,283.99999999998909,188.99999999999727,136,10.459999999999987,1569.0000000000014,QS,provisional_assumed_short_to_long,0
1.73,0,276,221.99999999999636,52,254.99999999999818,287.99999999999272,189.99999999999818,136,10.460000000000001,1569,QS,provisional_assumed_short_to_long,0
1.74,0,276.99999999999909,223.99999999999818,52,255.99999999999909,291.99999999999636,190.99999999999909,137.99999999999818,10.460000000000001,1569,QS,provisional_assumed_short_to_long,0
1.75,0,277,222,52,256,293,192,139,10.460000000000001,1564,QS,provisional_assumed_short_to_long,0
1.76,0,277.00000000000091,222.00000000000091,52,256,295.00000000000091,194.00000000000091,139,10.460000000000001,1567.9999999999127,QS,provisional_assumed_short_to_long,0
1.77,0,278,222.99999999999818,52,256,295.99999999999818,195.00000000000182,139,10.455000000000105,1566.0000000000418,QS,provisional_assumed_short_to_long,0
1.78,0,278,222,52,256,295.00000000000273,196.00000000000273,139.00000000000273,10.450000000000099,1564.00000000004,QS,provisional_assumed_short_to_long,0
1.79,0,278,222.00000000000364,52,256,295.99999999999636,197,140,10.449999999999999,1564,QS,provisional_assumed_short_to_long,0
1.80,0,278,223,52,256,295.00000000000455,197.00000000000455,140,10.449999999999999,1566.9999999999454,QS,provisional_assumed_short_to_long,0
1.81,0,278,223,52,256,296,198,140.00000000000546,10.440000000000172,1566.0000000000173,QS,provisional_assumed_short_to_long,0
1.82,0,278,223,52,256,296.00000000000637,198,141.00000000000637,10.449999999999836,1564.0000000000327,QS,provisional_assumed_short_to_long,0
1.83,0,277.99999999999272,222.99999999998542,52,255.99999999999272,296.99999999999272,198,141.99999999999272,10.449999999999999,1564,QS,provisional_assumed_short_to_long,0
1.84,0,277,221.00000000000819,52.000000000024578,254.99999999999181,296.00000000000819,198,141.00000000000819,10.449999999999999,1564,QS,provisional_assumed_short_to_long,0
1.85,0,277,221.99999999999091,54.999999999981789,254.00000000000909,297,198.00000000000909,142,10.449999999999999,1564,QS,provisional_assumed_short_to_long,0
1.86,0,277,221,53.00000000002003,255.00000000001,297,199.00000000001,142,10.459999999999873,1564.9999999999873,QS,provisional_assumed_short_to_long,0
1.87,0,276.99999999998909,221.00000000001091,55.000000000065548,256,297,200.00000000002186,142,10.450000000000117,1564.0000000000118,QS,provisional_assumed_short_to_long,0
1.88,0,276,221.99999999998818,61.000000000082842,256,296.99999999998818,202.00000000005917,142,10.459999999999892,1562.0000000000218,QS,provisional_assumed_short_to_long,0
1.89,0,276,221.00000000001,67.999999999930054,256,296.00000000001,206.99999999995003,142,10.4999999999996,1553.00000000009,QS,provisional_assumed_short_to_long,0
1.90,0,276,221.99999999999091,70.999999999972758,255.00000000000909,296.99999999999091,207,142,10.490000000000091,1553.9999999999909,QS,provisional_assumed_short_to_long,0
1.91,0,276,222,71.999999999991829,254.00000000000819,297,208.99999999998366,142,10.475000000000122,1557.9999999999673,QS,provisional_assumed_short_to_long,0
1.92,0,276,222.99999999999272,72.999999999992724,254.99999999999272,297,210.99999999998545,141.00000000000728,10.460000000000111,1561.9999999999709,QS,provisional_assumed_short_to_long,0
1.93,0,276.99999999999363,222.00000000000637,73,255,297,212.99999999998727,141.99999999999363,10.499999999999744,1553.0000000000573,QS,provisional_assumed_short_to_long,0
1.94,0,276.00000000000546,222,77.999999999972687,255.99999999999454,297.99999999999454,215.9999999999836,141.00000000000546,10.490000000000055,1552.0000000000055,QS,provisional_assumed_short_to_long,0
1.95,0,276.99999999999545,222.99999999999545,77.000000000004547,257.99999999999091,298.99999999999545,216,141.99999999999545,10.49,1551.0000000000045,QS,provisional_assumed_short_to_long,0
1.96,0,277,223,77.999999999996362,258,300.99999999999272,218.99999999998909,142.99999999999636,10.480000000000036,1551.9999999999964,QS,provisional_assumed_short_to_long,0
1.97,0,277,223,76.000000000005457,257.00000000000273,302.99999999999454,219,143,10.489999999999974,1552.9999999999973,QS,provisional_assumed_short_to_long,0
1.98,0,277,223,77.999999999996362,257.99999999999818,303.99999999999818,219.99999999999818,143.99999999999818,10.49,1553.9999999999982,QS,provisional_assumed_short_to_long,0
1.99,0,276.00000000000091,223,79.999999999998181,256.00000000000182,306.99999999999727,220,144,10.49,1554.9999999999991,QS,provisional_assumed_short_to_long,0
2.00,0,277,224,82,256,307,221,145,10.49,1555,QS,provisional_assumed_short_to_long,0
2.01,0,277,223,80.999999999998138,256,308.00000000000188,222.00000000000094,145,10.49,1554.0000000000218,QS,provisional_assumed_short_to_long,0
2.02,0,277,222.99999999999818,79.000000000003638,256,310.00000000000182,223.00000000000182,145,10.49999999999979,1553.0000000000209,QS,provisional_assumed_short_to_long,0
2.03,0,277,222.00000000000276,80.999999999994486,256,311.00000000000551,223.99999999999724,144.99999999999724,10.5,1554.99999999996,QS,provisional_assumed_short_to_long,0
2.04,0,277,223,79.00000000000729,256,313,223.00000000000728,144,10.5,1554.0000000000191,QS,provisional_assumed_short_to_long,0
2.05,0,277,222.99999999999548,80.999999999995467,256.00000000000455,313.00000000000455,225,144,10.5,1553.0000000000182,QS,provisional_assumed_short_to_long,0
2.06,0,276.99999999999454,222,79.999999999994543,257.00000000001091,314.00000000001091,225,144,10.5,1552.0000000000173,QS,provisional_assumed_short_to_long,0
2.07,0,276,222,79.000000000006352,258.99999999999363,316.00000000000637,225,144,10.460000000000656,1554.9999999999509,QS,provisional_assumed_short_to_long,0
2.08,0,276.00000000000728,222,80,257.99999999998545,317.00000000000728,225,144,10.440000000000309,1553.0000000000309,QS,provisional_assumed_short_to_long,0
2.09,0,276.99999999999181,222.00000000000819,80,256.00000000000819,317.99999999999181,225.00000000000819,144,10.44,1553,QS,provisional_assumed_short_to_long,0
2.10,0,276,223,79.999999999990891,256.99999999999091,317,226,144,10.449999999999863,1554.9999999999727,QS,provisional_assumed_short_to_long,0
2.11,0,276,223,79.00000000000999,256.00000000001,317,226.00000000001,144,10.449999999999999,1554.0000000000127,QS,provisional_assumed_short_to_long,0
2.12,0,276,222.99999999999454,80.000000000016385,256.99999999999454,317,227.00000000000546,144,10.449999999999999,1553.5000000000059,QS,provisional_assumed_short_to_long,0
2.13,0,276,222.49999999999977,81.500000000000668,256.49999999999977,317,227.50000000000023,144,10.449999999999999,1553.0000000000055,QS,provisional_assumed_short_to_long,0
2.14,0,276,222.000000000005,82.999999999985008,256.000000000005,317,227.999999999995,144,10.440000000000099,1553,QS,provisional_assumed_short_to_long,0
2.15,0,276,221.00000000000909,83,256,316.00000000000909,228,144,10.44,1552.0000000000091,QS,provisional_assumed_short_to_long,0
2.16,0,276,221.99999999999181,80.000000000024514,256,315.00000000000819,228,144,10.459999999999837,1550.0000000000164,QS,provisional_assumed_short_to_long,0
2.17,0,276,222.49999999999636,80.499999999996362,256,315,228.49999999999636,144,10.440000000000145,1550.9999999999927,QS,provisional_assumed_short_to_long,0
2.18,0,276,222.99999999999682,80.999999999996831,256,315,228.99999999999682,144,10.44,1551,QS,provisional_assumed_short_to_long,0
2.19,0,276,223.99999999999454,77.000000000021856,256.99999999999454,314.00000000000546,229,144.99999999999454,10.44,1551,QS,provisional_assumed_short_to_long,0
2.20,0,276,225.99999999999093,79.999999999986414,257.99999999999545,314,229,146.99999999999093,10.430000000000046,1549.0000000000091,QS,provisional_assumed_short_to_long,0
2.21,0,276.99999999999636,229.99999999998545,85.999999999978144,261.99999999998545,313.00000000000364,230.99999999999272,150.99999999998545,10.439999999999962,1549,QS,provisional_assumed_short_to_long,0
2.22,0,276.00000000000273,233.99999999998917,86.999999999997286,265.99999999998914,312.00000000000273,231.9999999999973,153.99999999999187,10.420000000000055,1547.0000000000055,QS,provisional_assumed_short_to_long,0
2.23,0,276.99999999999818,242.9999999999836,88.999999999996362,271.99999999998909,311.00000000000182,233.99999999999636,155.99999999999636,10.400000000000038,1545.0000000000036,QS,provisional_assumed_short_to_long,0
2.24,0,276.00000000000091,252.99999999999113,93.999999999995566,275.99999999999648,311,237.99999999999645,164.99999999999201,10.380000000000019,1543.0000000000018,QS,provisional_assumed_short_to_long,0
2.25,0,276,255.5,93,278.5,311,242,168.5,10.360000000000227,1540.5000000000284,QS,provisional_assumed_short_to_long,0
2.26,0,276.00000000000279,258.00000000000375,91.999999999996263,281.00000000000188,310.99999999999812,246.0000000000056,172.00000000000372,10.340000000000437,1538.0000000000546,QS,provisional_assumed_short_to_long,0
2.27,0,279.00000000000728,262.00000000000546,88.000000000003638,283,308.99999999999272,252.00000000000364,176,10.290000000001045,1533.0000000001046,QS,provisional_assumed_short_to_long,0
2.28,0,283.00000000001103,264.99999999999727,90.00000000001377,282.99999999999727,304.99999999999449,253.99999999999724,176.00000000000276,10.260000000000598,1529.00000000008,QS,provisional_assumed_short_to_long,0
2.29,0,287.00000000000728,263.99999999999636,94.999999999996362,281.99999999999636,302.99999999998909,252.99999999998909,176.99999999999272,10.210000000000957,1526.0000000000573,GI,provisional_assumed_short_to_long,0
2.30,0,289.00000000000455,263.00000000000915,94.000000000004576,280.99999999999085,299.99999999997254,249.99999999997712,174.99999999999085,10.170000000000726,1516.0000000001817,GI,provisional_assumed_short_to_long,0
2.31,0,290.00000000002183,264.99999999999454,95.000000000016385,279.00000000000546,293.99999999998363,245,173.00000000000546,10.120000000000863,1508.0000000001382,GI,provisional_assumed_short_to_long,0
2.32,0,294.00000000006349,264.00000000001268,98.000000000063508,280,290.99999999996191,245,173.99999999999366,10.095000000000409,1504.5000000000573,GI,provisional_assumed_short_to_long,0
2.33,0,304.00000000001819,266,108,279.99999999999636,284.99999999999636,245,173.00000000000364,10.070000000000388,1501.0000000000541,GI,provisional_assumed_short_to_long,0
2.34,0,306.50000000002041,266,108,279.49999999999591,284.49999999999591,245,173.50000000000409,10.010000000000874,1510.9999999998543,GI,provisional_assumed_short_to_long,0
2.35,0,309.00000000008191,266,108.00000000007283,279.00000000000909,283.99999999999091,245.00000000000909,174.00000000000909,9.970000000000546,1505.0000000000819,GI,provisional_assumed_short_to_long,0
2.36,0,318.00000000003996,265.99999999999,116.00000000006995,280,283.00000000001,246.00000000001,175,9.9300000000005095,1499.0000000000764,GI,provisional_assumed_short_to_long,0
2.37,0,322.00000000006554,265.00000000001091,123.0000000000437,280.00000000001091,284.00000000001091,247.00000000001091,174.99999999998909,9.9000000000003539,1494.0000000000591,GI,provisional_assumed_short_to_long,0
2.38,0,328.00000000008271,265.99999999998818,127.00000000004725,281,285.00000000003541,248.00000000001182,174.00000000001182,9.8800000000002193,1494.9999999999891,GI,provisional_assumed_short_to_long,0
2.39,0,334.99999999993008,265.00000000001,130.99999999996004,281,287.99999999997004,248.99999999999,174.99999999999,9.8700000000001005,1495.99999999999,GI,provisional_assumed_short_to_long,0
2.40,0,338.99999999996356,266.99999999998181,136.99999999994537,281.99999999999091,288,249.99999999999091,175,9.86000000000009,1496.9999999999909,GI,provisional_assumed_short_to_long,0
2.41,0,340.99999999998363,267,140.99999999996732,282,288.99999999999181,250.99999999999181,174.00000000000819,9.8599999999999994,1497.9999999999918,GI,provisional_assumed_short_to_long,0
2.42,0,341.99999999999272,267,140.00000000000728,281.00000000000728,290.99999999998545,251,174.99999999999272,9.8400000000001455,1498.9999999999927,GI,provisional_assumed_short_to_long,0
2.43,0,342,267,143.99999999997459,281,290.00000000000637,251.99999999999366,173.0000000000127,9.8200000000001282,1501.9999999999809,GI,provisional_assumed_short_to_long,0
2.44,0,342,268.99999999998909,142.00000000001091,281,289.00000000000546,252,172.00000000000546,9.8100000000000556,1505.9999999999782,GI,provisional_assumed_short_to_long,0
2.45,0,341.00000000000455,267.00000000000904,143.99999999999093,281,288.00000000000455,252,169.00000000001359,9.8000000000000469,1508.9999999999864,GI,provisional_assumed_short_to_long,0
2.46,0,341,268.99999999999272,144.99999999999636,281,287.00000000000364,251.00000000000364,167.00000000000728,9.8000000000000007,1511.4999999999909,GI,provisional_assumed_short_to_long,0
2.47,0,341.99999999999727,269.99999999999727,143.00000000000543,280.00000000000273,285.0000000000054,251,167,9.8000000000000007,1513.9999999999932,GI,provisional_assumed_short_to_long,0
2.48,0,342,270,140.00000000000546,280.99999999999818,285,251,166.00000000000182,9.8199999999999648,1537.9999999999563,GI,provisional_assumed_short_to_long,0
2.49,0,341.00000000000091,270.99999999999909,141.99999999999824,279.00000000000176,284.00000000000091,251,162.00000000000355,9.8200000000000003,1546.999999999992,GI,provisional_assumed_short_to_long,0
2.50,0,339,271,135,279,285,252,162,9.8100000000000005,1555,GI,provisional_assumed_short_to_long,0
2.51,0,338.99999999999909,272.00000000000188,132.99999999999906,279,285.00000000000188,255.0000000000056,160.00000000000094,9.7900000000004361,1562.9999999998256,GI,provisional_assumed_short_to_long,0
2.52,0,338,274.00000000000728,132.00000000000728,279,287,261.00000000000364,161.00000000000182,9.780000000000209,1568.9999999998745,GI,provisional_assumed_short_to_long,0
2.53,0,338.00000000000273,278.00000000001654,136.00000000001927,279.00000000000551,287.00000000000824,263.00000000000824,162,9.7700000000001985,1574.9999999998802,GI,provisional_assumed_short_to_long,0
2.54,0,339.00000000001091,284.00000000001455,143.00000000002186,281.00000000000364,290.00000000000728,266.00000000001819,162.00000000000728,9.7500000000003819,1590.9999999996944,GI,provisional_assumed_short_to_long,0
2.55,0,342.00000000000455,288.00000000002285,149.00000000004573,282.0000000000183,292.0000000000183,271.00000000000915,164.00000000003203,9.720000000000546,1605.9999999997276,GI,provisional_assumed_short_to_long,0
2.56,0,343.00000000000546,293.00000000004917,159.00000000004917,286.00000000001091,296.00000000001637,273.00000000000546,171.00000000003823,9.6800000000006907,1624.9999999996717,GI,provisional_assumed_short_to_long,0
2.57,0,344,302.00000000002541,168.00000000005716,288.00000000001268,299.00000000000637,274.00000000001904,178.00000000000634,9.660000000000327,1654.9999999995084,GI,provisional_assumed_short_to_long,0
2.58,0,344.00000000001455,306.00000000003644,177.00000000007284,290.00000000000728,300.00000000002916,277.00000000000728,179.00000000001458,9.6300000000004644,1684.9999999995364,GI,provisional_assumed_short_to_long,0
2.59,0,346.00000000004906,311.00000000004087,187.00000000004903,291.0000000000245,304.00000000001637,278.00000000000819,181.00000000005721,9.6200000000001449,1710.9999999996212,GI,provisional_assumed_short_to_long,0
2.60,0,352.00000000005463,316.00000000002728,193.00000000001822,294.00000000003644,306.00000000007282,279.00000000002728,188.00000000007284,9.5450000000010231,1752.4999999994343,GI,provisional_assumed_short_to_long,0
2.61,0,358.00000000002996,319.00000000002996,195.00000000001998,298.00000000002001,314.00000000006992,282.00000000001,196.00000000014987,9.4700000000009563,1793.9999999994711,GI,provisional_assumed_short_to_long,0
2.62,0,361.00000000002183,322.0000000000328,197.00000000004371,300.00000000006554,321.00000000009834,283.00000000001091,211.00000000004371,9.4700000000000006,1813.9999999997638,GI,provisional_assumed_short_to_long,0
2.63,0,363.00000000001182,325.00000000005906,200.99999999997638,306.00000000002365,330.0000000001063,284.00000000001182,215.00000000003544,9.4700000000000006,1825.9999999998688,GI,provisional_assumed_short_to_long,0
2.64,0,363.99999999999,329.99999999995003,199.00000000001998,307.99999999997999,338.99999999991007,284.99999999999,217.99999999997002,9.4899999999997995,1834.99999999991,GI,provisional_assumed_short_to_long,0
2.65,0,364.99999999999091,332.99999999997272,199,307.00000000000909,344.99999999994537,285,218,9.4999999999999094,1836.9999999999818,SSSW,provisional_assumed_short_to_long,0
2.66,0,364.00000000000819,334.99999999998363,200.99999999998366,307.99999999999181,347.9999999999755,285,217.00000000000819,9.5099999999999181,1834.0000000000246,SSSW,provisional_assumed_short_to_long,0
2.67,0,362.00000000001455,337.99999999997817,201.99999999999272,307.00000000000728,350.99999999997817,285.99999999999272,215.00000000001455,9.5249999999998902,1828.50000000004,SSSW,provisional_assumed_short_to_long,0
2.68,0,361.00000000000637,338,205.99999999997459,306.00000000000637,354.99999999997459,285.00000000000637,216.9999999999873,9.5399999999999032,1823.000000000035,SSSW,provisional_assumed_short_to_long,0
2.69,0,361.99999999999454,338,206,301.00000000002728,360.9999999999672,285.99999999999454,216.00000000000546,9.729999999998963,1762.0000000003331,SSSW,provisional_assumed_short_to_long,0
2.70,0,360.00000000000904,336.00000000000904,208.99999999998641,301,366.99999999997283,285.00000000000455,216.99999999999548,9.759999999999863,1752.0000000000452,SSSW,provisional_assumed_short_to_long,0
2.71,0,356.00000000001455,333.00000000001091,208.00000000000364,300.00000000000364,372.99999999997817,284.00000000000364,215.00000000000728,9.799999999999855,1743.0000000000327,SSSW,provisional_assumed_short_to_long,0
2.72,0,352.00000000001086,331.0000000000054,204.00000000001083,300,375.99999999999187,284,208.00000000001896,9.8999999999997286,1713.0000000000812,SSSW,provisional_assumed_short_to_long,0
2.73,0,349.00000000000546,327.00000000000728,201.00000000000546,299.00000000000182,377.99999999999636,283.00000000000182,204.00000000000728,9.9299999999999446,1703.0000000000182,SSSW,provisional_assumed_short_to_long,0
2.74,0,344.00000000000443,324.00000000000267,201,297.00000000000176,379.99999999999824,281.00000000000176,202.00000000000176,9.9699999999999651,1693.0000000000089,SSSW,provisional_assumed_short_to_long,0
2.75,0,342,321,195,294,381,277,197,9.9949999999997168,1690.5000000000284,SSSW,provisional_assumed_short_to_long,0
2.76,0,334.99999999999625,317.99999999999534,192.99999999999812,291.99999999999625,383.00000000000091,273.99999999999812,192.99999999999721,10.019999999999454,1688.0000000000546,SSSW,provisional_assumed_short_to_long,0
2.77,0,330.99999999999454,312.99999999998909,191.00000000000182,287.99999999999636,384,271.99999999999454,189.9999999999836,10.059999999999164,1679.0000000001883,SSSW,provisional_assumed_short_to_long,0
2.78,0,327.99999999998897,306.99999999999176,191.99999999997246,285.99999999999449,383.99999999999449,268.99999999999176,180.99999999997797,10.0999999999992,1679,SSSW,provisional_assumed_short_to_long,0
2.79,0,323.99999999999636,303.99999999997817,182.00000000000364,283.99999999998545,382,265.99999999998181,172.99999999996359,10.149999999999046,1673.0000000001146,SSSW,provisional_assumed_short_to_long,0
2.80,0,322.99999999999085,297.99999999999545,182.99999999998627,279.9999999999817,382,260.99999999999085,162.99999999998627,10.199999999999092,1665.0000000001453,SSSW,provisional_assumed_short_to_long,0
2.81,0,321,296.99999999998909,179.99999999998909,275.99999999997817,381.99999999998909,258.99999999996174,159.99999999997814,10.229999999999482,1663.5000000000259,SSSW,provisional_assumed_short_to_long,0
2.82,0,320.99999999996191,294.99999999998732,177.9999999999873,271.99999999998096,379.99999999999363,251.99999999998096,155.99999999997459,10.259999999999508,1662.0000000000246,SSSW,provisional_assumed_short_to_long,0
2.83,0,314.99999999997084,292.99999999999272,175.99999999997814,269,379,248.99999999994901,151.99999999997814,10.289999999999536,1658.0000000000618,SSSW,provisional_assumed_short_to_long,0
2.84,0,310.99999999999181,291.99999999999181,172.99999999998366,268.99999999996732,378.99999999998363,241.9999999998856,148.99999999997547,10.349999999999126,1654.0000000000582,SSSW,provisional_assumed_short_to_long,0
2.85,0,310,290.99999999999091,170.99999999997269,264.99999999998181,377,227.99999999994537,145.99999999994537,10.399999999999318,1650.0000000000546,SSSW,provisional_assumed_short_to_long,0
2.86,0,310.00000000002996,289.99999999993008,167.99999999999,262.99999999999,376.99999999999,221.99999999993005,139.99999999998002,10.449999999999362,1641.0000000001146,SSSW,provisional_assumed_short_to_long,0
2.87,0,313.00000000001091,282.99999999997817,166.99999999995629,262.00000000001091,376,214.99999999990169,138.00000000002186,10.509999999999291,1637.0000000000473,SSSW,provisional_assumed_short_to_long,0
2.88,0,314.00000000001182,281.00000000001182,162.99999999997638,262.99999999996459,375.99999999998818,205.99999999998818,139.99999999997638,10.539999999999672,1632.0000000000546,SSSW,provisional_assumed_short_to_long,0
2.89,0,314.99999999999,281.99999999999,161.00000000001998,260.00000000002996,375.00000000001,205.00000000001,138.00000000001998,10.5699999999997,1627.00000000005,SSSW,provisional_assumed_short_to_long,0
2.90,0,316.99999999998181,282,159.50000000001364,259.00000000000909,373.50000000001364,202.50000000002277,136.50000000001364,10.619999999999544,1625.0000000000182,SSSW,provisional_assumed_short_to_long,0
2.91,0,318.99999999998363,282,158.00000000001225,258.00000000000819,372.00000000001228,200.00000000002044,135.00000000001225,10.669999999999591,1613.000000000098,SSSW,provisional_assumed_short_to_long,0
2.92,0,321.99999999997817,281.00000000000728,159.99999999998545,258,369.00000000002183,198.00000000001455,129.00000000004371,10.73999999999949,1603.0000000000728,SSSW,provisional_assumed_short_to_long,0
2.93,0,323.99999999998732,280.00000000000637,160.99999999999366,258,367.00000000001268,197.00000000000634,128.00000000000634,10.829999999999428,1590.0000000000825,SSSW,provisional_assumed_short_to_long,0
2.94,0,324.99999999999454,280,161,258,363.00000000002183,196.00000000000546,127.00000000000546,11.089999999998579,1545.0000000002458,SSSW,provisional_assumed_short_to_long,0
2.95,0,327.99999999998641,280,161.99999999999548,257.00000000000455,360.00000000001359,196,128.99999999999093,11.174999999999615,1527.0000000000816,SSSW,provisional_assumed_short_to_long,0
2.96,0,331.99999999998545,280,163.99999999999272,257.99999999999636,358.00000000000728,196.99999999999636,130.99999999999272,11.259999999999691,1509.0000000000655,SSSW,provisional_assumed_short_to_long,0
2.97,0,333.9999999999946,280,165.99999999999457,258,355.00000000000813,197.9999999999973,130.0000000000027,11.63999999999897,1436.0000000001978,SSSW,provisional_assumed_short_to_long,0
2.98,0,335.99999999999636,280.99999999999818,167.99999999999636,258,352.00000000000546,200.99999999999454,131.99999999999636,11.659999999999965,1436.9999999999982,SSSW,provisional_assumed_short_to_long,0
2.99,0,341.99999999999466,281.99999999999909,168.99999999999912,258.99999999999909,347.00000000000443,204.99999999999645,134.99999999999733,11.729999999999938,1433.0000000000036,SSSW,provisional_assumed_short_to_long,0
3.00,0,348,284,171,262,343,210,137,11.970000000000001,1383,SSSW,provisional_assumed_short_to_long,0
3.01,11.000000000006528,352.00000000000745,291.00000000000188,172.00000000000279,266.00000000000188,339.99999999999625,217.00000000000466,136.00000000000188,12.309999999992588,1329.0000000011776,SSSW,provisional_assumed_short_to_long,0
3.02,18.000000000007283,360.00000000001273,293.00000000000364,175.00000000000546,268.00000000000546,335.99999999998909,222.00000000000909,138.00000000000364,12.31,1339.4999999997804,SSSW,provisional_assumed_short_to_long,0
3.03,21.999999999988987,367.00000000001654,295.00000000000824,178.00000000001651,271.00000000000551,329.99999999998624,227.00000000003305,140.00000000001651,12.31,1349.9999999997901,SSSW,provisional_assumed_short_to_long,0
3.04,18.000000000076472,373.00000000002916,298.00000000001091,184.00000000001091,273.00000000000364,324.99999999998181,239.00000000001091,146.00000000001458,12.349999999999236,1343.0000000001337,SSSW,provisional_assumed_short_to_long,0
3.05,39.000000000045745,381.0000000000183,301.00000000000915,187.0000000000183,274.0000000000137,319.99999999996339,242.00000000000915,150.00000000002288,12.399999999999093,1307.0000000006539,SSSW,provisional_assumed_short_to_long,0
3.06,49.000000000043698,385.00000000001091,303.00000000001637,191.00000000000546,277.00000000001091,311.99999999994537,244.00000000000546,155.0000000000164,12.589999999996717,1256.0000000008811,SSSW,provisional_assumed_short_to_long,0
3.07,57.00000000002558,387.00000000000642,306.00000000001279,192.00000000001918,279.00000000000642,301.99999999995521,245.00000000000639,157.99999999997442,12.809999999996405,1265.9999999998365,SSSW,provisional_assumed_short_to_long,0
3.08,61,388,308,195.00000000001458,280,294.99999999994174,246.00000000001458,153.99999999998542,12.959999999997683,1250.0000000002474,SSSW,provisional_assumed_short_to_long,0
3.09,60.999999999975486,388.00000000000819,308.00000000000819,197.00000000002453,280.0000000000245,286.99999999992644,248.00000000000819,152.00000000001634,13.009999999999271,1233.0000000002476,SSSW,provisional_assumed_short_to_long,0
3.10,57.999999999799712,389.00000000003644,309.00000000004553,200.00000000004553,282.99999999999091,277.99999999996356,249.00000000001822,154.00000000002731,13.01,1220.5000000001705,SSSW,provisional_assumed_short_to_long,0
3.11,35.999999999660268,393.00000000004997,314.00000000002996,205.00000000004997,282.00000000002001,273.99999999992008,251.00000000002998,157.00000000001998,13.01,1208.0000000001594,SSSW,provisional_assumed_short_to_long,0
3.12,1.9999999999781508,398.00000000006554,317.00000000001091,210.00000000010925,284,265.99999999984703,254.00000000003277,159.00000000013111,13.029999999999763,1118.0000000010632,SSSW,provisional_assumed_short_to_long,0
3.13,0,404.00000000015359,318,220.00000000003544,284.00000000002365,251.9999999999055,257.00000000004724,171,13.059999999999672,1052.000000000721,SSSW,provisional_assumed_short_to_long,0
3.14,0,416.99999999987011,318,222.99999999997002,285.99999999997999,244.00000000007992,260.99999999996004,171,13.0000000000006,970.00000000081934,SSSW,provisional_assumed_short_to_long,0
3.15,0,422.99999999994537,317.00000000000909,227.99999999995447,286,237.00000000006372,261.99999999999091,168.00000000002731,12.710000000002641,872.00000000089221,SSSW,provisional_assumed_short_to_long,0
3.16,0,424.99999999998363,315.00000000001637,228,286,224.00000000010624,268.99999999994282,167.00000000000819,12.650000000000491,853.5000000001512,SSSW,provisional_assumed_short_to_long,0
3.17,0,425.99999999999272,313.00000000001455,228.99999999999272,286,217.00000000005099,271.99999999997817,164.00000000002186,12.590000000000437,835.00000000013472,SSSW,provisional_assumed_short_to_long,0
3.18,0,426.99999999999363,311.00000000001268,223.00000000003811,285.00000000000637,203.0000000000889,277.99999999996191,157.00000000004445,12.370000000001397,811.00000000015245,SSSW,provisional_assumed_short_to_long,0
3.19,0,427,305.0000000000328,218.00000000002731,278.00000000003826,179.00000000013108,281.99999999997817,146.00000000006008,12.589999999998799,733.0000000004261,SSSW,provisional_assumed_short_to_long,0
3.20,0,413.00000000006344,293.00000000005434,214.00000000001813,268.0000000000453,157.00000000009965,282.99999999999545,117.00000000013137,12.410000000000815,703.00000000013586,SSSW,provisional_assumed_short_to_long,0
3.21,0,403.00000000003644,280.00000000004735,206.00000000002913,261.00000000002547,141.00000000005826,285.99999999998909,84.000000000120167,12.220000000000692,673.00000000010925,SSSW,provisional_assumed_short_to_long,0
3.22,0,387.00000000004331,262.00000000004877,199.00000000001896,245.00000000004334,123.00000000004876,290.99999999998647,58.000000000070429,12.160000000000164,649.00000000006503,SSSW,provisional_assumed_short_to_long,0
3.23,0,376.00000000002001,251.00000000002004,188.00000000002004,231.00000000002549,108.00000000002731,289.00000000000364,43.000000000027313,12.249999999999837,630.00000000003456,SSSW,provisional_assumed_short_to_long,0
3.24,0,364.00000000001069,241.00000000000887,182.00000000000534,228.00000000000267,107.00000000000088,280.00000000000801,40.000000000002665,12.294999999999959,620.00000000000887,SSSW,provisional_assumed_short_to_long,0
3.25,0,350,231,162,224,113,269,40,12.34,610,SSSW,provisional_assumed_short_to_long,0
3.26,0,335.99999999998136,214.99999999997294,137.99999999995524,220.99999999999906,124.00000000001212,248.99999999998136,40,12.260000000001744,590.0000000004361,SSSW,provisional_assumed_short_to_long,0
3.27,0,315.99999999995811,185.99999999991078,89.999999999930807,219.99999999999818,137.00000000002368,228.99999999997814,40,11.66000000001255,642.99999999889144,SSSW,provisional_assumed_short_to_long,0
3.28,0,292.99999999997794,136.99999999991189,51.999999999997243,219.00000000001651,150.0000000000413,216.9999999999697,40,10.000000000033173,803.99999999678255,SSSW,provisional_assumed_short_to_long,0
3.29,0,284.99999999998545,104.99999999990897,50.999999999992717,225.00000000000364,165.00000000001091,205.99999999993082,40.000000000003645,9.59000000000783,820.99999999967542,SSSW,provisional_assumed_short_to_long,0
3.30,0,280.99999999996339,79.999999999949679,49,226.00000000000458,167.99999999997254,186.99999999990393,41,9.2400000000063578,786.00000000063574,SSSW,provisional_assumed_short_to_long,0
3.31,0,272.99999999991809,68.999999999978144,49,226.99999999999454,161.99999999993992,165.99999999997814,41,8.8900000000060473,751.00000000060459,SSSW,provisional_assumed_short_to_long,0
3.32,0,257.99999999989126,64.999999999904077,49,225.99999999997442,150.99999999994884,161.99999999998082,41,8.8100000000013079,753.999999999951,SSSW,provisional_assumed_short_to_long,0
3.33,0,240.99999999992716,50,49,221.99999999996359,142.99999999991988,159.00000000000728,41,8.8399999999995362,761.99999999987631,SSSW,provisional_assumed_short_to_long,0
3.34,0,230.99999999995913,50.000000000245137,49,216.99999999985292,131.99999999984473,159.99999999998366,40.999999999991829,8.849999999999854,761.00000000001455,SSSW,provisional_assumed_short_to_long,0
3.35,0,225.99999999997269,80.000000000018204,48.999999999981789,198.99999999988165,112.99999999986345,157.99999999990897,40,8.8300000000002719,758.00000000004093,SSSW,provisional_assumed_short_to_long,0
3.36,0,222.99999999994006,82.00000000001998,47.000000000019988,185.99999999988009,97.99999999998002,147.99999999995003,40,8.839999999999872,757.00000000001273,SSSW,provisional_assumed_short_to_long,0
3.37,0,217.00000000001091,83.999999999868905,49.000000000010928,173.99999999995629,95.999999999978144,142.99999999995629,39.999999999989072,8.8399999999999999,757,SSSW,provisional_assumed_short_to_long,0
3.38,0,217.99999999998818,71.999999999834628,50,169.99999999998818,93.999999999976382,138.99999999997638,39,8.8499999999998913,756.00000000001091,SSSW,provisional_assumed_short_to_long,0
3.39,0,217.00000000001,58.000000000139892,50,169.00000000001,92.00000000001998,137.00000000001998,39,8.8599999999999,755.00000000001,SSSW,provisional_assumed_short_to_long,0
3.40,0,213.00000000003641,58,50.999999999990898,169,90.000000000018204,136.00000000000909,38.000000000009102,8.8500000000000902,755.99999999999091,SSSW,provisional_assumed_short_to_long,0
3.41,0,211.00000000001634,57.000000000008171,51.499999999995914,169,89.500000000004093,134.00000000001634,38,8.8400000000000816,756.99999999999181,SSSW,provisional_assumed_short_to_long,0
3.42,0,209.00000000001455,56.000000000007283,51.999999999996362,169,89.000000000003638,132.00000000001455,38,8.8499999999999268,756.00000000000728,SSSW,provisional_assumed_short_to_long,0
3.43,0,200.00000000005716,49.000000000044452,52,173.99999999996825,86.000000000019057,132,38,8.8799999999998107,754.00000000001273,SSSW,provisional_assumed_short_to_long,0
3.44,0,196.00000000002186,49.999999999994536,52.999999999994536,176.9999999999836,86,132.99999999999454,38.999999999994536,8.8800000000000008,754,SSSW,provisional_assumed_short_to_long,0
3.45,0,170.00000000011778,47.000000000013586,52.000000000004533,180.99999999998187,87.999999999990933,135.99999999998641,39,8.8899999999999544,756.99999999998636,SSSW,provisional_assumed_short_to_long,0
3.46,0,160.00000000003641,47.999999999996362,52,184.99999999998545,88.999999999996362,136.99999999999636,39.999999999996362,8.8900000000000006,757,SSSW,provisional_assumed_short_to_long,0
3.47,0,146.00000000003791,47.000000000002707,50.000000000005414,187.99999999999187,90.999999999994586,138.99999999999457,40,8.8900000000000006,757,SSSW,provisional_assumed_short_to_long,0
3.48,0,140.00000000001091,47.999999999998181,51.999999999996362,194.99999999998727,99.999999999983615,139.99999999999818,40.999999999998181,8.8900000000000006,757.99999999999818,SSSW,provisional_assumed_short_to_long,0
3.49,0,137.00000000000267,48.999999999999112,51.000000000000888,200.99999999999466,112.99999999998846,140.99999999999912,41,8.8600000000000261,760.99999999999739,SSSW,provisional_assumed_short_to_long,0
3.50,0,136,49.5,51,204,117,142,41.5,8.8699999999999992,764,SSSW,provisional_assumed_short_to_long,0
3.51,0,135.00000000000094,49.999999999999069,50.999999999999069,207.00000000000279,121.0000000000084,143.00000000000747,42,8.8600000000002179,765.99999999995634,SSSW,provisional_assumed_short_to_long,0
3.52,0,135.99999999999818,49.000000000012747,49.999999999998181,210.00000000000546,130.00000000003641,151.00000000000546,42.000000000001819,8.8699999999997914,766.99999999997908,SSSW,provisional_assumed_short_to_long,0
3.53,0,134.99999999999312,56.000000000006885,48.999999999998622,213.00000000000412,150.00000000001927,153.99999999999864,43,8.8799999999998001,767.99999999997999,SSSW,provisional_assumed_short_to_long,0
3.54,0,132.49999999999091,58.500000000009102,48.499999999998181,214.50000000000546,157.00000000002549,153.49999999999818,43,8.8700000000001893,768.9999999999809,SSSW,provisional_assumed_short_to_long,0
3.55,0,129.99999999998627,61.000000000004576,48.000000000004576,216.00000000001373,164.00000000005031,152.99999999999542,43.000000000004576,8.8699999999999992,766.00000000005446,SSSW,provisional_assumed_short_to_long,0
3.56,0,126.99999999998361,62.000000000016385,49,219,175.00000000002186,151.99999999999454,44,8.850000000000346,772.99999999987904,SSSW,provisional_assumed_short_to_long,0
3.57,0,123.99999999993605,64.99999999997442,48.99999999998721,218.99999999996803,178.99999999999361,150.99999999994884,43.999999999993605,8.8499999999999996,772.00000000001637,SSSW,provisional_assumed_short_to_long,0
3.58,0,113.99999999991988,60.999999999949019,47.000000000007283,213.99999999998542,177.99999999997814,142.99999999998542,43,8.8699999999996901,772.99999999998454,SSSW,provisional_assumed_short_to_long,0
3.59,0,102.99999999989377,54,47.999999999991829,211.99999999998366,175.00000000001634,140.99999999996732,43.000000000008171,8.8899999999997092,773,SSSW,provisional_assumed_short_to_long,0
3.60,0,89.999999999890747,53.999999999927169,47,209.99999999998178,177.00000000003641,136.99999999999091,43.999999999990898,8.8900000000000006,773,SSSW,provisional_assumed_short_to_long,0
3.61,0,77.999999999880089,46.000000000029978,46.99999999999001,208.00000000005994,181.00000000010991,135.99999999999,42.99999999999001,8.8900000000000006,773,SSSW,provisional_assumed_short_to_long,0
3.62,0,65.999999999983615,49.000000000005464,45.999999999994536,214.00000000001091,192.00000000004368,135,42,8.8900000000000006,773,SSSW,provisional_assumed_short_to_long,0
3.63,0,64.499999999999332,49.50000000000022,45.49999999999978,215.00000000000045,196.00000000000176,135,42,8.8600000000003263,777.99999999994543,SSSW,provisional_assumed_short_to_long,0
3.64,0,63.000000000014985,49.999999999995005,45.000000000004995,215.99999999999,199.99999999996004,135,42,8.8699999999998997,777.00000000001,SSSW,provisional_assumed_short_to_long,0
3.65,0,62.000000000009102,53.999999999963585,45,218.99999999997269,186.00000000012744,137.99999999997269,41.000000000009102,8.8799999999999102,777,SSSW,provisional_assumed_short_to_long,0
3.66,0,62,61.99999999993463,45.999999999991829,222.99999999996732,161.0000000002043,139.99999999998366,39.000000000016342,8.8700000000000809,778.99999999998363,SSSW,provisional_assumed_short_to_long,0
3.67,0,63.999999999985434,67.999999999956302,46,224.99999999998545,110.00000000037144,140.99999999999272,39.999999999992717,8.8899999999998549,774.50000000003274,SSSW,provisional_assumed_short_to_long,0
3.68,0,76.999999999917449,98.999999999803137,46,230.99999999996189,72.000000000241329,144.99999999997459,40.999999999993648,8.9099999999998722,770.00000000002854,SSSW,provisional_assumed_short_to_long,0
3.69,0,85.999999999950845,126.99999999984706,44.000000000010928,233.9999999999836,61.000000000060083,157.999999999929,41.999999999994536,8.969999999999672,761.00000000004911,SSSW,provisional_assumed_short_to_long,0
3.70,0,94.999999999959229,146.99999999990939,44,234.99999999999548,63.999999999986414,173.99999999992752,51.999999999954703,8.960000000000047,768.99999999996373,SSSW,provisional_assumed_short_to_long,0
3.71,0,102.99999999997087,170.9999999999126,44,239.99999999998178,72.99999999996723,189.99999999994174,58.999999999974506,8.9699999999999633,776.9999999999709,SSSW,provisional_assumed_short_to_long,0
3.72,0,121.99999999994853,179.99999999997561,43.000000000002707,240,73.999999999997286,203.99999999996209,59.999999999997293,9.0299999999998377,785.99999999997567,SSSW,provisional_assumed_short_to_long,0
3.73,0,138.99999999996905,183.99999999999272,43.999999999998181,241.99999999999636,74,219.99999999997087,63.999999999992717,9.1699999999997459,792.99999999998727,SSSW,provisional_assumed_short_to_long,0
3.74,0,167.99999999997425,182.00000000000176,43.000000000000888,246.99999999999557,108.99999999996891,234.99999999998667,42.00000000001954,9.2699999999999108,799.99999999999375,SSSW,provisional_assumed_short_to_long,0
3.75,0,183,181,43,252,153,240,40,9.2350000000003973,874.99999999914735,SSSW,provisional_assumed_short_to_long,0
3.76,0,192.00000000001864,183.00000000001026,44.000000000000931,260.0000000000112,217.00000000004383,242.00000000000747,39.999999999999069,9.2000000000007631,949.99999999836461,SSSW,provisional_assumed_short_to_long,0
3.77,0,212.00000000008922,194.00000000003823,45.000000000009102,272.00000000004007,264.00000000005463,250.00000000005826,39.000000000001819,8.4800000000150604,1316.9999999923236,SSSW,provisional_assumed_short_to_long,0
3.78,0,261.00000000011289,215.00000000005781,50.000000000189985,294.00000000008811,294.00000000011289,282.00000000008538,40.000000000011013,7.7700000000141882,1717.9999999919864,SSSW,provisional_assumed_short_to_long,0
3.79,0,302.00000000012744,236.00000000017479,119.00000000007283,326.00000000013108,335.00000000012744,313.00000000014199,44.000000000043698,7.9599999999963718,1817.9999999980905,SSSW,provisional_assumed_short_to_long,0
3.80,0,337.00000000020128,284.00000000012352,139.00000000009607,362.00000000006406,370.00000000009607,352.00000000005946,56.00000000036593,8.3099999999936429,1873.999999998983,SSSW,provisional_assumed_short_to_long,0
3.81,0,381.00000000024579,311.00000000006554,160.00000000022396,376.00000000002728,391.00000000003826,365.00000000002183,136.00000000006008,8.4749999999971504,1864.0000000001728,SSSW,provisional_assumed_short_to_long,0
3.82,0,426.00000000019185,323.00000000007674,200.99999999996163,381.00000000007037,398.00000000003837,369.00000000000642,147.00000000005755,8.6399999999973041,1854.0000000001635,SSSW,provisional_assumed_short_to_long,0
3.83,0,456.0000000000947,335.00000000005099,194.99999999994901,392.00000000001455,404.00000000005099,370.00000000000728,156.0000000000874,9.0199999999941269,1899.999999999289,SSSW,provisional_assumed_short_to_long,0
3.84,0,469.00000000001637,342,187.99999999969765,393.99999999999181,410.99999999998363,370.9999999999755,167.99999999993463,9.1499999999981068,1907.9999999998836,SSSW,provisional_assumed_short_to_long,0
3.85,0,471.00000000007282,342.00000000007282,150.99999999999091,392.99999999994537,408.99999999995447,367.99999999988165,160.00000000009103,9.2299999999989097,1911.9999999999454,SSSW,provisional_assumed_short_to_long,0
3.86,0,479.00000000002001,350.00000000004997,150.00000000012989,386.99999999995003,403.99999999997004,354.99999999991007,169.99999999996004,9.1700000000007655,1904.0000000001019,SSSW,provisional_assumed_short_to_long,0
3.87,0,481,355.00000000004371,163.00000000007648,381.99999999997817,400.99999999991257,345.9999999999672,166.0000000000874,9.2299999999992917,1882.0000000002599,SSSW,provisional_assumed_short_to_long,0
3.88,0,480.99999999997635,358.99999999997635,170.00000000012994,379.99999999994094,392.99999999983464,342.99999999992912,174.00000000003544,9.3299999999989076,1880.0000000000218,SSSW,provisional_assumed_short_to_long,0
3.89,0,479.00000000002001,357.00000000002001,180.99999999989009,375.00000000004997,379.00000000013989,337.00000000005997,176.99999999997002,9.3449999999998496,1874.500000000055,SSSW,provisional_assumed_short_to_long,0
3.90,0,478.00000000000909,355.00000000001819,182.99999999998178,370.00000000004553,363.00000000014563,326.00000000010016,177,9.3599999999998627,1869.00000000005,SSSW,provisional_assumed_short_to_long,0
3.91,0,474.00000000003268,355,189.99999999994282,362.00000000006537,348.00000000012255,312.00000000011437,164.00000000010624,9.3999999999996735,1844.0000000002042,SSSW,provisional_assumed_short_to_long,0
3.92,0,467.00000000005099,353.00000000001455,189.00000000000728,356.00000000004371,334.00000000010198,306.00000000004371,143.00000000015294,9.3400000000004368,1826.0000000001312,SSSW,provisional_assumed_short_to_long,0
3.93,0,460.00000000004445,349.00000000002541,180.00000000005716,354.00000000001268,326.00000000005082,303.00000000001904,143.99999999999366,9.5699999999985401,1748.0000000004952,SSSW,provisional_assumed_short_to_long,0
3.94,0,451.00000000004917,345.00000000002183,180.99999999999454,347.00000000003826,320.0000000000328,298.00000000002728,144,9.6299999999996722,1724.0000000001312,SSSW,provisional_assumed_short_to_long,0
3.95,0,442.00000000004076,338.00000000003172,170.00000000004982,334.00000000005889,310.0000000000453,294.00000000001813,136.00000000003624,9.6699999999998187,1695.0000000001314,SSSW,provisional_assumed_short_to_long,0
3.96,0,425.0000000000619,331.00000000002547,168.00000000000728,323.00000000004007,300.00000000003644,290.00000000001455,127.00000000003277,9.7099999999998552,1667.0000000001019,SSSW,provisional_assumed_short_to_long,0
3.97,0,408.00000000004604,318.00000000003524,162.00000000001626,314.00000000002439,292.00000000002166,284.00000000001626,114.00000000003521,9.7249999999999606,1655.5000000000312,SSSW,provisional_assumed_short_to_long,0
3.98,0,385.00000000004189,310.00000000001455,144.00000000003277,313.00000000000182,281.00000000002001,274.00000000001819,114,9.7399999999999736,1644.0000000000209,SSSW,provisional_assumed_short_to_long,0
3.99,0,373.00000000001069,305.00000000000443,136.00000000000711,309.00000000000352,270.00000000000978,270.00000000000352,112.00000000000178,9.7799999999999638,1624.0000000000177,SSSW,provisional_assumed_short_to_long,0
4.00,0,353,301,138,304,268,268,110,9.7899999999999991,1611,SSSW,provisional_assumed_short_to_long,0
4.01,0,335.99999999999113,297.99999999999824,139.00000000000088,299.99999999999466,264.99999999999466,266.9999999999938,121,9.7999999999997822,1601.0000000002185,SSSW,provisional_assumed_short_to_long,0
4.02,0,325.99999999998323,295.9999999999888,139.99999999999812,293.99999999999812,258.9999999999888,259.99999999999068,121.00000000000746,9.829999999999373,1590.0000000002296,SSSW,provisional_assumed_short_to_long,0
4.03,0,316.99999999998897,290,139,292.99999999998897,252.99999999998624,254.99999999999173,125.00000000001927,9.8649999999993003,1590,SSSW,provisional_assumed_short_to_long,0
4.04,0,313.00000000001091,289.99999999999272,139.00000000002549,288.99999999999272,247.99999999995265,251.99999999997451,132.00000000004371,9.8999999999993324,1590,SSSW,provisional_assumed_short_to_long,0
4.05,0,316.00000000001359,288,146.00000000005437,286.99999999998641,235,244.99999999997283,144.00000000003172,10.019999999997815,1603.9999999997451,SSSW,provisional_assumed_short_to_long,0
4.06,0,319.00000000001654,288.00000000002751,158.00000000004957,283.99999999999449,235.00000000001103,238.99999999995043,151.00000000001651,10.069999999999139,1588.0000000002756,SSSW,provisional_assumed_short_to_long,0
4.07,0,322.00000000003837,292.99999999999358,167.00000000002558,283.00000000001279,236.99999999995524,230.00000000003837,154.00000000007034,10.119999999999182,1588,SSSW,provisional_assumed_short_to_long,0
4.08,0,328.00000000003644,292.00000000003644,171.00000000002186,285.00000000000728,229.99999999997814,235.99999999999272,165.00000000002186,10.189999999998918,1588,SSSW,provisional_assumed_short_to_long,0
4.09,0,333.00000000008174,297.00000000003268,174.00000000005721,286.0000000000245,227,235.00000000000819,168,10.299999999998398,1596.9999999998688,SSSW,provisional_assumed_short_to_long,0
4.10,0,343.00000000009061,301.00000000003627,181.00000000007248,289.0000000000453,227.00000000002717,236,168.00000000018119,10.339999999999453,1604.4999999998975,SSSW,provisional_assumed_short_to_long,0
4.11,0,353.0000000000602,305.00000000002007,189.00000000005019,294.00000000004013,229.99999999998997,235.99999999994981,188.00000000013048,10.379999999999493,1611.9999999999047,SSSW,provisional_assumed_short_to_long,0
4.12,2.29416485808751e-10,359.0000000000328,307.00000000006554,194.00000000003277,298.00000000007645,229.00000000006554,231,200.99999999992352,10.469999999998937,1614.9999999999645,SSSW,provisional_assumed_short_to_long,0
4.13,21.000000000378009,362.00000000003541,313.00000000003541,197.00000000005906,305.00000000003541,235.00000000007088,231.00000000004724,194.00000000015356,10.549999999999127,1615.9999999999891,SSSW,provisional_assumed_short_to_long,0
4.14,52.999999999678835,364.99999999996987,315.99999999996987,201.99999999994981,307.99999999996987,240.99999999993977,234.99999999995987,206.99999999986952,10.659999999998895,1615.00000000001,SSSW,provisional_assumed_short_to_long,0
4.15,74.999999999800693,368.99999999996373,320.9999999999547,205.99999999996376,310.99999999997283,242.99999999998187,238.99999999996376,208.99999999998187,10.759999999999094,1611.0000000000362,SSSW,provisional_assumed_short_to_long,0
4.16,89.999999999877431,372.99999999996732,326.999999999951,206.99999999999181,312.99999999998363,245.9999999999755,243.99999999995913,210.99999999998366,10.839999999999346,1600.0000000000898,SSSW,provisional_assumed_short_to_long,0
4.17,97.999999999941735,376.9999999999709,331.99999999996356,210.99999999997087,315.99999999997817,255.99999999992718,250.99999999994901,217.99999999994901,10.884999999999671,1594.0000000000437,SSSW,provisional_assumed_short_to_long,0
4.18,103.49999999996483,380.4999999999776,334.99999999998079,216.49999999996481,317.99999999998721,257.49999999999039,255.49999999997124,223.99999999996163,10.929999999999712,1588.0000000000384,SSSW,provisional_assumed_short_to_long,0
4.19,108.9999999999702,383.99999999998101,337.99999999998374,221.99999999997021,319.99999999998914,258.99999999999187,259.99999999997561,229.99999999996749,11.389999999997508,1510.0000000004227,SSSW,provisional_assumed_short_to_long,0
4.20,118.9999999999547,394.99999999995015,341.99999999998187,234.99999999994111,329.9999999999547,261.99999999998641,269.9999999999547,244.99999999993204,11.769999999998278,1455.0000000002492,SSSW,provisional_assumed_short_to_long,0
4.21,140.99999999991988,419.99999999990894,355.99999999994901,250.99999999994174,335.99999999997817,269.9999999999709,286.9999999999381,271.99999999990166,11.809999999999855,1479.9999999999091,SSSW,provisional_assumed_short_to_long,0
4.22,143.49999999999312,422.99999999999176,358.49999999999312,251.49999999999864,336.99999999999727,271.99999999999449,288.99999999999449,278.99999999998073,12.01999999999942,1467.0000000000357,SSSW,provisional_assumed_short_to_long,0
4.23,145.99999999999557,425.99999999999466,360.99999999999557,251.99999999999912,337.99999999999824,273.99999999999648,290.99999999999648,285.99999999998755,12.029999999999982,1497.999999999945,SSSW,provisional_assumed_short_to_long,0
4.24,146.99999999999912,430.99999999999557,367.9999999999938,250.00000000000176,337.00000000000091,272.00000000000176,298.99999999999289,282.00000000000352,11.995000000000031,1497.5000000000005,SSSW,provisional_assumed_short_to_long,0
4.25,147.5,430,368,248.5,335.5,270,299,277.5,11.960000000000001,1497,SSSW,provisional_assumed_short_to_long,0
4.26,147.99999999999733,428.99999999999113,367.99999999999642,246.99999999999466,333.99999999999824,267.9999999999938,298.99999999999642,272.99999999998312,11.870000000001966,1464.000000000721,SSSW,provisional_assumed_short_to_long,0
4.27,144.99999999999812,418.99999999997016,363.99999999999255,240.9999999999776,331.99999999999812,260.99999999998693,294.99999999999255,253.99999999997016,12.01999999999687,1458.0000000001253,SSSW,provisional_assumed_short_to_long,0
4.28,143.99999999999449,402.99999999997249,359.99999999999727,228.9999999999697,330.99999999998073,253.9999999999587,290.99999999998346,237.99999999993668,11.930000000001797,1470.9999999997401,SSSW,provisional_assumed_short_to_long,0
4.29,141.9999999999381,392.99999999996356,358.99999999995993,217.99999999996359,323.99999999998181,238.99999999994174,284.99999999996356,214.99999999993446,11.999999999998664,1431.0000000007637,SSSW,provisional_assumed_short_to_long,0
4.30,124.99999999993206,382.99999999992752,347.99999999997738,207.99999999997283,318.99999999997283,222.99999999994563,274.99999999995015,196.99999999990035,12.559999999989804,1283.0000000026948,SSSW,provisional_assumed_short_to_long,0
4.31,109.99999999991739,366.99999999987887,342.99999999992843,201.99999999991741,312.99999999993389,210.9999999998293,263.99999999994492,174.99999999992841,12.699999999997587,1227.5000000009563,SSSW,provisional_assumed_short_to_long,0
4.32,94.999999999878497,344.9999999998721,329.99999999987847,186.9999999998721,300.99999999991684,179.99999999982094,253.99999999989129,161.99999999980815,12.839999999997712,1172.000000000907,SSSW,provisional_assumed_short_to_long,0
4.33,75.999999999766942,324.9999999998762,310.99999999980338,166.99999999983248,287.99999999989075,151.99999999970868,236.99999999976694,131.99999999962128,13.109999999995827,970.00000000312184,SSSW,provisional_assumed_short_to_long,0
4.34,43.999999999836575,307.99999999984476,283.99999999980389,143.99999999965681,272.99999999978752,111.99999999968132,204.99999999983658,79.99999999973852,13.359999999996358,837.00000000193734,SSSW,provisional_assumed_short_to_long,0
4.35,23.999999999780442,288.99999999988108,259.99999999984448,101.99999999977129,246.99999999989936,72.999999999972559,184.99999999982617,47.999999999935959,12.95000000000557,745.00000000125021,SSSW,provisional_assumed_short_to_long,0
4.36,0,275.99999999990968,242.99999999980932,76.999999999749093,235.99999999989964,69.999999999899629,165.99999999988961,40.99999999998996,12.830000000001524,723.00000000027944,SSSW,provisional_assumed_short_to_long,0
4.37,0,266.99999999986892,223.99999999981429,52,225.99999999995629,59.999999999989072,154.9999999999126,39.999999999978151,12.77000000000071,703.50000000023033,SSSW,provisional_assumed_short_to_long,0
4.38,0,254.99999999972832,206.99999999987006,52,221.99999999995276,59.000000000011809,146.99999999995276,38,12.710000000000656,684.00000000021305,SSSW,provisional_assumed_short_to_long,0
4.39,0,232.00000000023084,196.00000000011039,52,218.00000000004013,59.999999999989967,143.00000000004013,38,12.680000000000302,645.00000000039142,SSSW,provisional_assumed_short_to_long,0
4.40,0,216.00000000014495,162.00000000030803,51.000000000009059,211.00000000006341,60.999999999990941,151.99999999991846,38,11.910000000006976,691.99999999957424,SSSW,provisional_assumed_short_to_long,0
4.41,0,211.00000000004087,128.00000000027782,51,197.0000000001144,70.999999999918288,141.00000000008987,38.999999999991829,10.250000000013564,838.99999999879878,SSSW,provisional_assumed_short_to_long,0
4.42,0,211.99999999999272,118.00000000007283,51,195.00000000001455,71.999999999992724,141,38.000000000007283,9.5700000000049528,858.99999999985437,SSSW,provisional_assumed_short_to_long,0
4.43,0,214.99999999998082,123.99999999996163,50.000000000006395,202.99999999994884,72.999999999993605,141,38,8.7900000000049872,786.0000000004668,SSSW,provisional_assumed_short_to_long,0
4.44,0,216.99999999998917,128.99999999997291,49.000000000005414,212.99999999994583,73,140.00000000000543,38.999999999994586,7.860000000005039,742.0000000002384,SSSW,provisional_assumed_short_to_long,0
4.45,0,219.99999999998641,129.99999999999548,48.000000000004533,205.00000000003624,74.999999999990933,138.00000000000907,40.999999999990941,7.8550000000000226,742.49999999999773,SSSW,provisional_assumed_short_to_long,0
4.46,0,221.99999999999272,120.00000000003641,48.999999999996362,196.00000000003277,73.000000000007276,133.00000000001822,41.999999999996362,7.8500000000000174,742.99999999999818,SSSW,provisional_assumed_short_to_long,0
4.47,0,223.99999999999449,111.00000000002478,50.999999999994493,186.00000000002754,71.000000000005514,121.00000000003304,42,7.8499999999999996,745.9999999999917,SSSW,provisional_assumed_short_to_long,0
4.48,0,230.99999999998755,117.99999999998757,49.000000000003553,171.00000000002666,71,116.00000000000888,41.000000000001776,7.8400000000000176,743.00000000000534,SSSW,provisional_assumed_short_to_long,0
4.49,0,234.99999999999645,117.00000000000088,49.999999999999112,167.00000000000355,71,114.00000000000178,40.000000000000888,8.719999999999219,793.99999999995475,SSSW,provisional_assumed_short_to_long,0
4.50,0,240,103,51,164,71,118,40,8.7200000000000006,793,SSSW,provisional_assumed_short_to_long,0
4.51,0,242.99999999999378,88.999999999979565,50.000000000001776,161.99999999999912,77.000000000001776,119.00000000000178,40,8.7499999999993445,789.00000000008743,SSSW,provisional_assumed_short_to_long,0
4.52,0,235.9999999999832,65.999999999998138,52,161,79,121.00000000000374,39.999999999998131,8.75,789,SSSW,provisional_assumed_short_to_long,0
4.53,0,226.99999999996695,65,52,161.00000000000827,79.000000000002757,123.00000000001101,38.999999999997243,8.315000000008693,764.00000000049965,SSSW,provisional_assumed_short_to_long,0
4.54,0,214.99999999996723,64.999999999981796,52,164.00000000002913,80.000000000003638,127.0000000000182,38.000000000003645,7.880000000008307,739.00000000047737,SSSW,provisional_assumed_short_to_long,0
4.55,0,205.99999999995018,59.999999999981881,51.999999999990941,172.00000000003172,81,132.00000000001813,39.000000000004533,8.759999999983977,790.99999999905322,SSSW,provisional_assumed_short_to_long,0
4.56,0,194.99999999992841,55.999999999972466,50.000000000011013,179.00000000005508,81.000000000005514,136.00000000008259,40,8.7699999999998273,792.99999999996555,SSSW,provisional_assumed_short_to_long,0
4.57,0,181.99999999985931,51.000000000019185,52,189.00000000004476,82,151.00000000008313,39.999999999993605,8.7899999999996723,793,SSSW,provisional_assumed_short_to_long,0
4.58,0,159.99999999989802,53.999999999985434,52,196.00000000006554,82.000000000021856,164.00000000009467,39.000000000007283,8.7600000000004634,796.99999999993815,SSSW,provisional_assumed_short_to_long,0
4.59,0,145.99999999996732,52,51.999999999975486,205.00000000003268,85.000000000008171,177.00000000005721,39.999999999991829,8.7599999999999998,798.9999999999709,SSSW,provisional_assumed_short_to_long,0
4.60,0,141.99999999989936,51.999999999972552,49.000000000009152,209,86.000000000018304,184.00000000009149,39.000000000009152,8.7550000000000683,798.00000000001364,SSSW,provisional_assumed_short_to_long,0
4.61,0,130.99999999995984,49.00000000001004,49.99999999998996,209.00000000002007,88.000000000030113,194.00000000006023,40,8.7500000000000639,797.00000000001273,SSSW,provisional_assumed_short_to_long,0
4.62,0,126.99999999996723,49.999999999912603,49,211.00000000001091,91.000000000120167,200.00000000004371,40.000000000010928,8.7699999999997633,799.99999999996453,SSSW,provisional_assumed_short_to_long,0
4.63,0,123.99999999998819,42.000000000011809,49,212,102.0000000000945,204.00000000001182,41,8.7699999999999996,800,SSSW,provisional_assumed_short_to_long,0
4.64,0,123.00000000001003,42.999999999989967,49,212,109.99999999991971,204.99999999998997,41,8.7500000000002007,803.99999999995987,SSSW,provisional_assumed_short_to_long,0
4.65,0,117.00000000005436,42.000000000009059,49,212,116.99999999993659,199.00000000005434,41,8.7799999999997276,804.99999999999091,SSSW,provisional_assumed_short_to_long,0
4.66,0,103.0000000001144,42,48.000000000008171,212.99999999999181,124.99999999993463,173.00000000021245,41,8.7700000000000813,806.99999999998363,SSSW,provisional_assumed_short_to_long,0
4.67,0,87.000000000116529,41.000000000007283,48,212.00000000000728,132.99999999994174,144.0000000002112,41.999999999992717,8.7650000000000361,807.49999999999636,SSSW,provisional_assumed_short_to_long,0
4.68,0,65.000000000140687,41,48,209.00000000001918,146.99999999991047,101.00000000027498,41.000000000006395,8.7600000000000318,807.99999999999682,SSSW,provisional_assumed_short_to_long,0
4.69,0,58.000000000037929,40.000000000005414,46.000000000010836,204.00000000002709,166.99999999989166,64.000000000200458,41,8.7899999999998357,810.99999999998374,SSSW,provisional_assumed_short_to_long,0
4.70,0,48.000000000045297,37.000000000013586,45.000000000004533,205.99999999999093,195.99999999986863,62.000000000009059,41,8.7899999999999991,811.99999999999545,SSSW,provisional_assumed_short_to_long,0
4.71,0,46.000000000007283,37,44.000000000003638,209.99999999998545,223.99999999989802,61.000000000003638,41,8.7500000000001457,820.99999999996726,SSSW,provisional_assumed_short_to_long,0
4.72,0,46,37,44,213.99999999998897,225.99999999999449,61,40.000000000002757,8.75,821,SSSW,provisional_assumed_short_to_long,0
4.73,0,45.000000000001776,38.999999999996447,44,216.99999999999466,217.00000000001597,61.999999999998224,40,8.759999999999982,821,SSSW,provisional_assumed_short_to_long,0
4.74,0,45,39.999999999999112,43.000000000000888,222.99999999999466,170.00000000004175,62,39.000000000000888,8.7699999999999907,822.99999999999818,SSSW,provisional_assumed_short_to_long,0
4.75,0,44,39,42,229,134,65,38,8.3500000000047745,798.50000000027853,SSSW,provisional_assumed_short_to_long,0
4.76,0,42,49.000000000005329,41.999999999998224,232.00000000000088,74,78.00000000003287,38,7.9300000000091764,774.00000000053535,SSSW,provisional_assumed_short_to_long,0
4.77,0,41.999999999998131,55.000000000035442,39.999999999990671,232.99999999999812,74.000000000069008,115.00000000001678,38,8.809999999981633,829.99999999883119,SSSW,provisional_assumed_short_to_long,0
4.78,0,41.000000000002757,74.000000000126661,35,232.00000000000551,111.00000000003855,124.00000000002478,38.000000000002757,8.8699999999988002,842.99999999974023,SSSW,provisional_assumed_short_to_long,0
4.79,0,42.000000000003645,120.00000000007283,34.999999999996355,234.00000000001822,124.99999999993445,133.00000000004735,39.000000000007283,8.9899999999977087,856.99999999973261,SSSW,provisional_assumed_short_to_long,0
4.80,0,43.000000000013593,140.00000000001813,34,239.00000000000452,106.99999999985052,146.0000000000453,41.000000000031712,9.0899999999981791,868.99999999978149,SSSW,provisional_assumed_short_to_long,0
4.81,0,46.000000000088107,143.99999999996146,34,240.00000000000551,73.999999999994486,156.00000000005508,48,9.179999999998449,866.00000000005173,SSSW,provisional_assumed_short_to_long,0
4.82,0,62.000000000134293,136.99999999995524,34.000000000006395,241.00000000000639,72.999999999993605,166.00000000003837,47.999999999993605,9.2299999999991833,860.000000000098,SSSW,provisional_assumed_short_to_long,0
4.83,0,83.000000000087397,129.99999999998542,35.000000000014566,242.00000000001458,71.999999999978144,172.00000000003641,46.999999999949019,9.2799999999992266,854.00000000009277,SSSW,provisional_assumed_short_to_long,0
4.84,0,95.000000000204281,128.00000000007356,37.000000000024514,244,69.000000000032685,177.00000000006537,40,9.3299999999992718,852.0000000000291,SSSW,provisional_assumed_short_to_long,0
4.85,0,120.00000000021956,137.00000000017383,40.000000000018296,244.00000000000915,73.000000000576335,185.00000000013722,40.000000000009152,9.3300000000000001,856.99999999993202,SSSW,provisional_assumed_short_to_long,0
4.86,0,144.00000000032117,156.00000000015055,42.000000000020073,245.00000000001003,136.00000000053194,200.00000000020074,41,9.4299999999987296,914.99999999926331,SSSW,provisional_assumed_short_to_long,0
4.87,0,176.00000000015294,171.00000000002186,44.000000000010921,246.00000000009831,189.00000000032773,220.00000000012017,41.000000000005464,9.2500000000021263,1117.9999999976021,SSSW,provisional_assumed_short_to_long,0
4.88,0,190.00000000000622,173.00000000000088,45.000000000000441,255.00000000000401,219.00000000001333,231.00000000000489,41.50000000000022,8.2100000000113624,1447.9999999963948,SSSW,provisional_assumed_short_to_long,0
4.89,0,203.99999999985948,174.99999999997993,45.999999999989967,263.99999999990968,248.9999999996989,241.99999999988961,41.999999999994984,8.0800000000013057,1536.9999999991069,SSSW,provisional_assumed_short_to_long,0
4.90,0,220.99999999984598,180.99999999994566,47.999999999981881,293.99999999972823,291.99999999961045,275.99999999969197,43.999999999981881,7.9500000000011779,1625.9999999991937,SSSW,provisional_assumed_short_to_long,0
4.91,0,242.99999999982023,224.99999999964047,48.999999999991829,310.99999999986107,321.99999999975489,300.9999999997957,44.999999999991829,8.12999999999853,1673.9999999996078,SSSW,provisional_assumed_short_to_long,0
4.92,0,286.99999999967952,278.9999999996067,49.999999999992717,339.99999999978877,360.99999999971595,320.99999999985437,109.99999999952659,8.259999999999053,1763.9999999993445,SSSW,provisional_assumed_short_to_long,0
4.93,0,330.99999999971863,300.99999999985931,83.999999999782574,350.99999999992963,380.9999999998721,334.99999999991047,148.9999999997506,8.5899999999978895,1756.0000000000512,SSSW,provisional_assumed_short_to_long,0
4.94,0,352.9999999998808,320.99999999989166,122.9999999997887,355.99999999997289,391.99999999994043,343.99999999995123,143.00000000003251,8.6699999999995665,1793.9999999997942,SSSW,provisional_assumed_short_to_long,0
4.95,0,388.99999999983692,334.99999999993656,156.99999999984598,371.99999999992752,394.99999999998641,348.99999999997738,143,9.059999999998233,1861.9999999996919,SSSW,provisional_assumed_short_to_long,0
4.96,0,418.99999999989075,352.99999999993446,163.99999999997451,384.99999999995265,399.99999999998181,355.99999999997453,158.99999999994174,9.104999999999837,1868.4999999999764,SSSW,provisional_assumed_short_to_long,0
4.97,0,434.99999999995595,359.99999999998073,161.00000000000827,387.99999999999176,404.99999999998624,358.99999999999176,168.99999999997246,9.149999999999876,1874.999999999982,SSSW,provisional_assumed_short_to_long,0
4.98,0,442.99999999998579,361.99999999999648,134.00000000004798,383.00000000000887,405,359.99999999999824,169.99999999999824,9.2099999999998943,1875.9999999999982,SSSW,provisional_assumed_short_to_long,0
4.99,0,447.99999999999557,369.99999999999289,129.00000000000443,381.00000000000176,406.99999999999824,357.00000000000267,187.99999999998403,9.2599999999999554,1874.0000000000018,SSSW,provisional_assumed_short_to_long,0
5.00,0,450,373,139,380,406,354,189,9.3100000000000005,1871,SSSW,provisional_assumed_short_to_long,0
5.01,0,449.99999999999824,374.00000000000267,151.00000000001066,376.99999999999909,403.99999999999557,350.99999999999733,190.00000000000088,9.3699999999986883,1866.0000000001091,SSSW,provisional_assumed_short_to_long,0
5.02,0,447.99999999999625,377,163.00000000000747,375.99999999999443,398.99999999998136,347.9999999999888,191.00000000000372,9.5599999999960339,1801.0000000013567,SSSW,provisional_assumed_short_to_long,0
5.03,0,445.99999999996419,377,167.00000000001376,372.99999999999176,388.9999999999697,341.99999999997794,193.00000000000551,9.5799999999996004,1794.0000000001398,SSSW,provisional_assumed_short_to_long,0
5.04,0,432.99999999998181,376.99999999999272,172.00000000001091,369.99999999999272,377.99999999996356,333.99999999997453,195,9.5999999999996177,1787.0000000001337,SSSW,provisional_assumed_short_to_long,0
5.05,0,427.99999999997283,374.99999999998641,175.00000000005889,367.99999999998187,367.99999999996373,326.99999999997283,195.00000000001359,9.6399999999992723,1763.000000000437,SSSW,provisional_assumed_short_to_long,0
5.06,0,421.99999999996146,371.99999999997249,188.00000000001651,363.99999999998346,359.99999999997794,320.99999999995043,197.99999999999449,9.6799999999993105,1740.0000000003963,SSSW,provisional_assumed_short_to_long,0
5.07,0,414.99999999992963,366.99999999994242,191.00000000001279,360.99999999998079,355.99999999998079,311.99999999995521,196.99999999991687,9.7599999999986924,1709.0000000005066,SSSW,provisional_assumed_short_to_long,0
5.08,0,403.99999999989802,357.99999999994174,193.00000000002186,357.99999999994901,352.99999999994901,304.99999999997084,183.99999999994901,9.8299999999989183,1687.0000000003399,SSSW,provisional_assumed_short_to_long,0
5.09,0,389.99999999991013,349.99999999991826,195.99999999997547,350.99999999995094,345.99999999991826,300.99999999996732,176.99999999999181,9.8999999999989807,1664.0000000003349,SSSW,provisional_assumed_short_to_long,0
5.10,0,378.99999999989939,339.99999999993594,192.9999999999817,344.99999999993594,335.99999999990854,296.99999999995424,176.00000000000915,10.019999999998369,1662.0000000000273,SSSW,provisional_assumed_short_to_long,0
5.11,0,367.99999999985948,332.99999999990968,190.99999999995984,337.99999999992974,325.99999999990968,291.99999999988961,176.9999999999699,10.044999999999682,1652.5000000001207,SSSW,provisional_assumed_short_to_long,0
5.12,0,353.99999999993446,323.99999999985801,186.99999999993446,330.99999999992355,316.99999999984703,280.99999999993446,174.00000000002186,10.069999999999705,1643.0000000001123,SSSW,provisional_assumed_short_to_long,0
5.13,0,347.99999999990553,310.9999999998937,180.99999999998818,323.99999999985823,302.99999999994094,274.99999999988188,175.99999999997638,10.109999999999562,1628.0000000001639,SSSW,provisional_assumed_short_to_long,0
5.14,0,340.00000000008026,302.00000000009032,180.00000000001003,312.00000000012045,298.00000000005019,265.00000000010039,174.00000000002007,10.159999999999499,1615.0000000001305,SSSW,provisional_assumed_short_to_long,0
5.15,0,333.00000000006344,293.00000000008151,178.00000000001813,303.00000000008151,290.00000000007248,252.00000000011778,168.00000000005434,10.169999999999909,1592.0000000002083,SSSW,provisional_assumed_short_to_long,0
5.16,0,328.00000000004087,292.00000000000819,178,294.00000000007356,290.99999999999181,240.00000000009805,166.00000000001634,10.22999999999951,1588.0000000000327,SSSW,provisional_assumed_short_to_long,0
5.17,0,327.00000000000728,292.99999999999272,176.00000000001455,286.00000000005826,294.9999999999709,226.00000000010198,170.99999999996359,10.264999999999745,1588.9999999999927,SSSW,provisional_assumed_short_to_long,0
5.18,0,327,291.00000000001279,176.99999999999361,286,296.99999999998721,214.00000000007674,172.99999999998721,10.299999999999777,1589.9999999999936,SSSW,provisional_assumed_short_to_long,0
5.19,0,329.99999999998374,291.9999999999946,178.99999999998917,285.0000000000054,296.0000000000054,221.99999999995666,179.99999999996209,10.349999999999728,1608.999999999897,SSSW,provisional_assumed_short_to_long,0
5.20,0,332.99999999998641,293.99999999999096,179,285.99999999999545,298.99999999998641,223.99999999999093,180,10.409999999999728,1609.9999999999955,SSSW,provisional_assumed_short_to_long,0
5.21,0,335.99999999998909,296.99999999998909,180.99999999999272,287.99999999999272,298.00000000000364,222.00000000000728,186.99999999997451,10.45999999999982,1611.9999999999927,SSSW,provisional_assumed_short_to_long,0
5.22,0,335.00000000000273,300.99999999998897,184.99999999998897,298.9999999999697,291.00000000001927,219.00000000000827,187.99999999999724,10.489999999999917,1614.9999999999918,SSSW,provisional_assumed_short_to_long,0
5.23,0.99999999999822364,338.99999999999289,303.99999999999466,189.99999999999113,304.99999999998931,293.99999999999466,219,183.00000000000887,10.57999999999984,1622.9999999999859,SSSW,provisional_assumed_short_to_long,0
5.24,17.999999999984901,342.99999999999648,305.99999999999824,193.99999999999645,307.99999999999733,296.99999999999733,220.99999999999824,189.99999999999378,10.589999999999991,1611.0000000000107,SSSW,provisional_assumed_short_to_long,0
5.25,40,347,308,197,311,294,222,197,10.644999999999374,1611.9999999999886,SSSW,provisional_assumed_short_to_long,0
5.26,57.000000000012434,350.00000000000443,314.00000000000267,200.00000000000355,313.00000000000091,292.99999999999733,224.00000000000088,202.00000000000534,10.699999999998798,1612.9999999999782,SSSW,provisional_assumed_short_to_long,0
5.27,71.000000000009322,355.00000000000745,317.00000000000932,204.00000000000747,314.00000000000375,289.99999999999255,225.00000000000932,208.00000000000747,10.809999999997704,1621.9999999998122,SSSW,provisional_assumed_short_to_long,0
5.28,76.000000000027541,359.00000000001927,322.00000000003303,208.00000000001651,316.00000000000273,285.99999999998346,230.00000000003305,212.00000000002754,10.909999999998002,1617.0000000000998,SSSW,provisional_assumed_short_to_long,0
5.29,86.00000000004006,366.00000000002916,334.00000000001091,214.00000000000728,317.00000000000728,280,242.00000000002549,222.00000000006918,11.209999999994272,1565.0000000009929,SSSW,provisional_assumed_short_to_long,0
5.30,97.000000000040771,374.00000000002262,337.00000000001813,216.00000000004076,319.00000000000904,280,249.00000000005889,241.0000000000453,11.649999999991989,1481.0000000015295,SSSW,provisional_assumed_short_to_long,0
5.31,106.00000000005507,379.00000000004405,341.00000000003303,225.00000000006608,321.00000000001654,279.99999999996697,262.0000000000606,251.00000000005508,11.769999999997932,1467.0000000002412,SSSW,provisional_assumed_short_to_long,0
5.32,116.00000000010232,387.00000000009595,347.000000000032,237.00000000005116,324.00000000005116,274.00000000000642,273.00000000005758,261.00000000011511,11.889999999998039,1453.0000000002287,SSSW,provisional_assumed_short_to_long,0
5.33,132.00000000003641,402.00000000013108,352.00000000002916,245.00000000001458,332.00000000002916,274.99999999999272,282.00000000005826,279.00000000004371,11.919999999999536,1471.9999999997065,SSSW,provisional_assumed_short_to_long,0
5.34,137.00000000002453,420.00000000006537,356.00000000005718,247.00000000003268,336.00000000001637,274.00000000001637,290.00000000004906,285.00000000003268,11.840000000001165,1487.9999999997669,SSSW,provisional_assumed_short_to_long,0
5.35,140.00000000000915,428.00000000006406,363.00000000003661,251.0000000000183,338.00000000000915,275.9999999999817,296.0000000000183,289.00000000002746,11.84,1456.0000000004347,SSSW,provisional_assumed_short_to_long,0
5.36,141.00000000001003,435.00000000001006,367.00000000002007,253,339.00000000001006,273.99999999998994,298.00000000003013,291.99999999997993,12.119999999996443,1372.0000000010668,SSSW,provisional_assumed_short_to_long,0
5.37,141.99999999998909,436.00000000001091,369.00000000002183,252.99999999996723,340.00000000001091,272.9999999999672,301.00000000001091,289.99999999991257,11.990000000001537,1351.0000000002481,SSSW,provisional_assumed_short_to_long,0
5.38,141.00000000003544,436.99999999997635,371,249.99999999998818,341.00000000001182,269.99999999996459,301.99999999997635,281.99999999982282,12.059999999999235,1329.0000000002403,SSSW,provisional_assumed_short_to_long,0
5.39,143.9999999999699,435.00000000002007,371,249.00000000001003,341.99999999998994,267.00000000003013,300.00000000002007,267.00000000015052,12.129999999999299,1307.0000000002208,SSSW,provisional_assumed_short_to_long,0
5.40,142.00000000001813,433.00000000001813,369.00000000001813,245.00000000003624,341.00000000000904,264.00000000002717,299.00000000000904,250.00000000015402,12.219999999999185,1240.0000000006071,SSSW,provisional_assumed_short_to_long,0
5.41,142,430.0000000000245,368.00000000000819,240.00000000004087,339.00000000001637,262.00000000001637,298.00000000000819,240.00000000008171,12.379999999998693,1174.0000000005393,SSSW,provisional_assumed_short_to_long,0
5.42,135.00000000005099,427.00000000002183,367.00000000000728,232.00000000005826,338.00000000000728,262,295.00000000002183,225.00000000010925,12.399999999999855,1095.0000000005753,SSSW,provisional_assumed_short_to_long,0
5.43,124.00000000007034,415.00000000007674,364.00000000001921,224.00000000005116,338,258.00000000002558,294.00000000000637,209.00000000010232,12.62999999999853,990.00000000067143,SSSW,provisional_assumed_short_to_long,0
5.44,114.00000000005417,407.00000000004331,354.00000000005417,216.00000000004334,332.00000000003251,250.00000000004334,287.00000000003791,184.00000000013546,12.799999999999081,887.00000000055809,SSSW,provisional_assumed_short_to_long,0
5.45,93.000000000095127,392.00000000006793,346.00000000003627,205.00000000004982,323.00000000004076,226.00000000010871,282.00000000002262,164.00000000009061,12.730000000000317,863.50000000010641,SSSW,provisional_assumed_short_to_long,0
5.46,75.00000000006554,377.00000000005463,324.00000000008009,192.00000000004735,310.00000000004735,193.00000000012017,261.00000000007645,139.00000000009103,12.660000000000256,840.00000000008561,SSSW,provisional_assumed_short_to_long,0
5.47,57.00000000004956,357.00000000005508,308.00000000004405,173.00000000005232,288.0000000000606,144.00000000013492,257.00000000001103,91.000000000132161,12.919999999999284,760.00000000022033,SSSW,provisional_assumed_short_to_long,0
5.48,10.000000000083489,335.00000000003911,280.00000000004974,160.00000000002308,270.00000000003195,90.000000000095923,253.00000000000711,56.000000000062172,12.750000000000302,725.00000000006219,SSSW,provisional_assumed_short_to_long,0
5.49,8.8817841970012523e-12,311.00000000002132,263.00000000001512,138.00000000001955,245.0000000000222,72.000000000015987,235.00000000001597,39.000000000015099,12.720000000000027,706.00000000001683,SSSW,provisional_assumed_short_to_long,0
5.50,0,285,243,101,233,71,224,37,12.69,671,SSSW,provisional_assumed_short_to_long,0
5.51,0,264.9999999999751,228.99999999998667,80.999999999974236,223.99999999999912,71.000000000000895,206.99999999999201,36,12.340000000003668,679.99999999990564,SSSW,provisional_assumed_short_to_long,0
5.52,0,236.99999999996643,213.99999999992912,51.999999999998131,222.99999999999628,72.000000000001862,197.99999999999068,36.000000000001869,11.990000000007306,688.99999999981219,SSSW,provisional_assumed_short_to_long,0
5.53,0,218.9999999999697,175.99999999991741,51,220.99999999999449,73.000000000002757,192.99999999994219,37.000000000002757,10.820000000023381,792.99999999792169,SSSW,provisional_assumed_short_to_long,0
5.54,0,207.99999999995995,145.99999999997087,50.999999999996355,219.00000000000728,74.00000000004006,171.99999999990897,38.000000000003645,10.260000000010693,830.99999999927434,SSSW,provisional_assumed_short_to_long,0
5.55,0,196.99999999988222,137.99999999999093,49.999999999990941,220.99999999998641,85.000000000022652,146.99999999997735,39,9.0800000000214851,728.00000000187538,SSSW,provisional_assumed_short_to_long,0
5.56,0,170.99999999997246,135.99999999991741,48,217.99999999998349,89.999999999988987,141.99999999998897,39,8.0600000000175758,687.00000000070645,SSSW,provisional_assumed_short_to_long,0
5.57,0,165.99999999998082,120.99999999983373,48,214.99999999991687,87.999999999955236,139.99999999998721,39.000000000006395,8.0699999999998369,689.999999999951,SSSW,provisional_assumed_short_to_long,0
5.58,0,162.99999999998542,94.999999999796074,48,201.99999999989075,80.99999999999271,137.99999999997814,40,8.979999999985937,744.99999999914996,SSSW,provisional_assumed_short_to_long,0
5.59,0,161.00000000003268,66.999999999918288,48.000000000008171,186.9999999999101,79.999999999926459,134.99999999998366,40,8.9700000000001463,745.49999999999272,SSSW,provisional_assumed_short_to_long,0
5.60,0,165.00000000008234,56.999999999990848,49,175.99999999992681,70.999999999954255,133,40,8.9600000000001359,745.99999999999318,SSSW,provisional_assumed_short_to_long,0
5.61,0,174.00000000023084,56.000000000040146,49.00000000001004,167.99999999995984,65.999999999959854,133,40,8.9699999999998745,745.00000000001273,SSSW,provisional_assumed_short_to_long,0
5.62,0,197.00000000003277,59.999999999945381,50.000000000005464,163.99999999998909,61.99999999996723,133.00000000000546,40,8.0700000000106318,694.00000000060243,SSSW,provisional_assumed_short_to_long,0
5.63,0,200.00000000000134,54.999999999997783,50.50000000000022,162.99999999999955,58.999999999998664,133.50000000000023,40,8.9499999999903856,743.99999999945373,SSSW,provisional_assumed_short_to_long,0
5.64,0,202.9999999999699,50.000000000050179,50.999999999994984,162.00000000001003,56.000000000030113,133.99999999999497,40,8.9599999999999014,744,SSSW,provisional_assumed_short_to_long,0
5.65,0,207.9999999999547,51.999999999981881,51.999999999990941,161.00000000000907,56,133.00000000000907,40,8.9899999999997284,738.00000000005434,SSSW,provisional_assumed_short_to_long,0
5.66,0,206.00000000001634,50.000000000016342,52,161.99999999999181,60.999999999959144,133,39.000000000008171,8.9900000000000002,738,SSSW,provisional_assumed_short_to_long,0
5.67,0,206,50.499999999996362,51.500000000003638,162.99999999999272,61.499999999996362,133,39.499999999996362,8.9900000000000002,738,SSSW,provisional_assumed_short_to_long,0
5.68,0,206,50.999999999996803,51.000000000003197,163.99999999999361,61.999999999996803,133,39.999999999996803,8.9900000000000002,739.99999999998727,SSSW,provisional_assumed_short_to_long,0
5.69,0,201.00000000002709,51,52.999999999989164,163.00000000000543,66.999999999972914,134.99999999998917,39.000000000005414,8.9999999999999467,743.99999999997829,SSSW,provisional_assumed_short_to_long,0
5.70,0,195.00000000002717,49.000000000009059,53,163.99999999999548,70.999999999981881,139.99999999997735,40.999999999990941,8.9900000000000446,745.99999999999091,SSSW,provisional_assumed_short_to_long,0
5.71,0,188.00000000002549,49.999999999996362,53,167.99999999998545,74.999999999985434,146.49999999997632,41.499999999998181,8.9900000000000002,746,SSSW,provisional_assumed_short_to_long,0
5.72,0,181.00000000001927,50.999999999997243,53,171.99999999998897,78.999999999988987,152.99999999998209,41.999999999998622,8.9999999999999716,746.99999999999727,SSSW,provisional_assumed_short_to_long,0
5.73,0,157.00000000004263,51.999999999998224,52.000000000001776,180.99999999998403,84.999999999989342,164.99999999997868,42.999999999998224,8.9700000000000539,751.99999999999113,SSSW,provisional_assumed_short_to_long,0
5.74,0,155.00000000000176,51.000000000000888,52,191.99999999999022,102.99999999998401,172.99999999999289,43,8.9650000000000052,752,SSSW,provisional_assumed_short_to_long,0
5.75,0,152.5,50,52,195.5,109.5,178.5,43.5,8.9600000000000009,752,SSSW,provisional_assumed_short_to_long,0
5.76,0,149.99999999999733,49.000000000000888,51.999999999999112,199.00000000000534,116.00000000000622,184.0000000000089,44,8.999999999999126,752.99999999997817,SSSW,provisional_assumed_short_to_long,0
5.77,0,146.99999999998695,49.99999999999627,50.99999999999627,205.00000000000932,123.00000000001306,194.0000000000056,44,8.990000000000208,755.99999999993736,SSSW,provisional_assumed_short_to_long,0
5.78,0,139.99999999997797,47.999999999997243,49,210.00000000000276,130.00000000001103,196.99999999998624,44,8.9800000000001994,762.99999999986017,SSSW,provisional_assumed_short_to_long,0
5.79,0,131.99999999997996,47,49,211.00000000000728,134.00000000000909,191.99999999995083,44,8.9899999999998101,763.9999999999809,SSSW,provisional_assumed_short_to_long,0
5.80,0,126.49999999997509,47,49,213.00000000000907,136.50000000001131,178.49999999993884,44,8.9900000000000002,765.99999999996362,SSSW,provisional_assumed_short_to_long,0
5.81,0,120.99999999996696,46.999999999994493,48.999999999994493,215.00000000001103,139.00000000002754,164.99999999996695,43.999999999994493,8.994999999999914,768.49999999995691,SSSW,provisional_assumed_short_to_long,0
5.82,0,114.99999999984652,45.999999999955236,47.999999999993605,216.99999999994884,144.0000000001279,158.99999999992966,42.999999999993605,8.9999999999999183,770.99999999995919,SSSW,provisional_assumed_short_to_long,0
5.83,0,90.999999999908965,38.999999999996355,46.999999999992717,208.99999999999272,164.00000000005463,147.99999999995265,41.999999999992717,9.0199999999996905,773.99999999995362,SSSW,provisional_assumed_short_to_long,0
5.84,0,78.499999999897852,38.499999999995914,45.999999999991829,207.99999999999181,171.50000000006128,141.49999999994688,40.999999999991829,9.0100000000001454,775.9999999999709,SSSW,provisional_assumed_short_to_long,0
5.85,0,65.99999999986278,38,45,207,179.00000000020125,134.99999999974384,39.999999999990848,8.9600000000006794,785.99999999986414,SSSW,provisional_assumed_short_to_long,0
5.86,0,50.999999999959854,37.99999999998996,44.999999999979927,207.00000000013048,200.99999999993977,106.99999999994982,39,8.9799999999997464,787.99999999997465,SSSW,provisional_assumed_short_to_long,0
5.87,0,46.999999999989079,37.000000000010921,43.000000000005464,220.00000000002731,194.99999999980335,102.00000000007101,38.999999999989079,8.9899999999998812,789.99999999997635,SSSW,provisional_assumed_short_to_long,0
5.88,0,45.999999999999559,38.000000000000441,43.50000000000022,222.50000000000111,176.99999999999201,108.50000000000288,37.999999999999559,9.0049999999998356,792.49999999997272,SSSW,provisional_assumed_short_to_long,0
5.89,0,45.000000000010033,38.999999999989967,43.999999999994984,224.9999999999749,159.00000000018065,114.99999999993476,37.000000000010033,9.0199999999998486,794.99999999997488,SSSW,provisional_assumed_short_to_long,0
5.90,0,45,39,44,227.99999999997283,90.000000000625107,121.99999999993659,37,9.1099999999991841,789.00000000005434,SSSW,provisional_assumed_short_to_long,0
5.91,0,44.000000000008171,44.999999999950973,44.999999999991829,230.9999999999755,72.000000000147082,132.99999999991013,37,9.2199999999991018,798.99999999991826,SSSW,provisional_assumed_short_to_long,0
5.92,0,44.999999999992717,50.999999999956302,45,232.99999999998545,70.000000000014566,139.99999999994901,37,9.190000000000218,830.99999999976694,SSSW,provisional_assumed_short_to_long,0
5.93,0,45,72.999999999859313,44.000000000006395,233,71.99999999998721,140.99999999999361,37,9.3099999999992331,851.99999999986574,SSSW,provisional_assumed_short_to_long,0
5.94,0,45.999999999994586,113.99999999977786,44,234.99999999998917,72.999999999994586,144.99999999997834,37.999999999994586,9.4599999999991873,860.99999999995123,SSSW,provisional_assumed_short_to_long,0
5.95,0,48.999999999986414,131.99999999991846,41.000000000013586,237.99999999998641,73,158.99999999993659,38.999999999995467,9.5799999999994565,870.99999999995475,SSSW,provisional_assumed_short_to_long,0
5.96,0,62.999999999949019,149.99999999993446,41,238.99999999999636,72.000000000003638,167.99999999996723,38.000000000003638,9.5949999999999456,872.99999999999272,SSSW,provisional_assumed_short_to_long,0
5.97,0,76.99999999996146,139.0000000000303,41,239,72,174.99999999998073,39.999999999994493,9.6099999999999586,874.99999999999454,SSSW,provisional_assumed_short_to_long,0
5.98,0,85.999999999984013,116.00000000004086,39.000000000003553,240.99999999999645,72,176.99999999999645,37.000000000005329,9.6599999999999113,869.00000000001069,SSSW,provisional_assumed_short_to_long,0
5.99,0,91.999999999994671,97.000000000016882,37.000000000001776,241,72.999999999999119,177.99999999999912,36.000000000000888,9.6500000000000092,873.99999999999557,SSSW,provisional_assumed_short_to_long,0
6.00,0,106,112,39,240,74,183,37,9.8599999999999994,955,SSSW,provisional_assumed_short_to_long,0
6.01,0,119.0000000000604,137.00000000002132,41.000000000002665,238.00000000000799,135.00000000004974,185.000000000016,38.000000000001776,9.2900000000124532,1214.9999999943193,SSSW,provisional_assumed_short_to_long,0
6.02,0,187.00000000006341,161.00000000003172,44.000000000007461,247.00000000004849,191.00000000013242,203.00000000006528,40,8.755000000011167,1389.9999999963475,SSSW,provisional_assumed_short_to_long,0
6.03,0,221.00000000005781,178.00000000007435,48.000000000005507,273.00000000010186,262.00000000010465,238.0000000001184,40.000000000011013,8.2200000000106925,1564.9999999965028,SSSW,provisional_assumed_short_to_long,0
6.04,0,242.00000000014566,205.00000000022578,50.000000000003645,310.00000000014933,300.00000000013836,281.00000000014199,44.000000000087397,8.0500000000032479,1722.9999999969828,SSSW,provisional_assumed_short_to_long,0
6.05,0,282.00000000024005,267.00000000015854,51.00000000016307,351.00000000004076,338.00000000016757,320.00000000008606,68.000000000335206,8.2099999999970876,1752.9999999994538,SSSW,provisional_assumed_short_to_long,0
6.06,0,335.00000000019827,302.00000000010465,87.000000000368956,360.00000000003854,375.00000000011562,339.00000000000551,142.00000000009913,8.3199999999981049,1823.9999999987767,SSSW,provisional_assumed_short_to_long,0
6.07,0,371.00000000020464,321.00000000014069,154.00000000014069,367.00000000006395,395.99999999998721,340.00000000001279,160.00000000001918,8.639999999994771,1789.0000000005721,SSSW,provisional_assumed_short_to_long,0
6.08,0,403.00000000028405,343.00000000008743,176.00000000002913,377.00000000010198,394.00000000002916,342.0000000001238,163.00000000004371,8.9699999999949007,1857.9999999989336,SSSW,provisional_assumed_short_to_long,0
6.09,0,442.00000000005718,355.00000000006537,179.99999999968949,391,398.0000000000245,359.00000000004087,169.00000000004087,9.1399999999975243,1872.9999999997815,SSSW,provisional_assumed_short_to_long,0
6.10,0,449.00000000004576,362.99999999999085,141.99999999959746,390.99999999992679,400.9999999999817,363.99999999985363,173.99999999992681,9.1949999999992524,1878.4999999999252,SSSW,provisional_assumed_short_to_long,0
6.11,0,454.00000000005019,362.00000000004013,98,382.99999999998994,398.99999999996987,347.99999999994981,166.00000000002007,9.2499999999993019,1883.9999999999302,SSSW,provisional_assumed_short_to_long,0
6.12,0,459.00000000004371,366.00000000002183,98.000000000349587,381.99999999997817,395.99999999992355,342.99999999995629,167.99999999997814,9.4699999999974018,1839.0000000005316,SSSW,provisional_assumed_short_to_long,0
6.13,0,463.00000000001182,368,130.00000000014174,379.99999999996459,388.99999999988188,338.99999999996459,166.00000000003544,9.5299999999993439,1838.0000000000109,SSSW,provisional_assumed_short_to_long,0
6.14,0,463.99999999999005,368,141.99999999988063,377.00000000002984,379.00000000009948,336.00000000002984,168.99999999997016,9.5799999999995027,1839.99999999998,SSSW,provisional_assumed_short_to_long,0
6.15,0,464,365.00000000002717,147.99999999994566,373.00000000003627,369.00000000009061,332.00000000003627,169.99999999999093,9.6199999999996368,1834.0000000000543,SSSW,provisional_assumed_short_to_long,0
6.16,0,464,365,154.99999999994282,369.00000000003268,359.00000000008174,321.00000000008987,176.99999999994282,9.6799999999995094,1822.000000000098,SSSW,provisional_assumed_short_to_long,0
6.17,0,463.00000000000728,364.00000000000728,160.99999999995629,362.00000000005099,347.00000000008743,312.00000000006554,164.00000000009467,9.724999999999671,1814.0000000000582,SSSW,provisional_assumed_short_to_long,0
6.18,0,460.00000000001921,361.00000000001921,166.99999999996163,358.00000000002558,336.00000000007037,309.00000000001921,158.00000000003837,9.7699999999997118,1806.0000000000512,SSSW,provisional_assumed_short_to_long,0
6.19,0,456.00000000002166,359.00000000001086,166.00000000000543,353.00000000002711,331.00000000002711,305.00000000002166,158,9.8399999999996197,1786.0000000001085,SSSW,provisional_assumed_short_to_long,0
6.20,0,449.00000000003172,356.00000000001359,166.99999999999548,348.00000000002262,325.00000000002717,301.00000000001813,148.0000000000453,9.9199999999996376,1763.0000000001041,SSSW,provisional_assumed_short_to_long,0
6.21,0,443.00000000002183,352.00000000001455,169.99999999998909,341.00000000002547,319.00000000002183,295.00000000002183,148.99999999999636,9.9899999999997462,1729.0000000001239,SSSW,provisional_assumed_short_to_long,0
6.22,0,426.00000000004678,347.00000000001376,171.99999999999449,333.00000000002206,312.00000000001927,291.00000000001103,144.00000000001376,10.039999999999861,1701.0000000000771,SSSW,provisional_assumed_short_to_long,0
6.23,0,415.00000000001955,340.00000000001245,171.00000000000176,321.00000000002132,303.00000000001597,282.00000000001597,138.00000000001066,10.119999999999857,1675.0000000000462,SSSW,provisional_assumed_short_to_long,0
6.24,0,395.00000000001774,330.00000000000887,171.99999999999912,314.0000000000062,294.00000000000801,271.00000000000978,136.00000000000176,10.159999999999965,1665.0000000000089,SSSW,provisional_assumed_short_to_long,0
6.25,0,379,321,168,309,277,260,115,10.199999999999999,1655,SSSW,provisional_assumed_short_to_long,0
6.26,0,350.99999999996982,304.99999999999289,159.99999999999289,301.99999999999022,263.99999999999199,251.99999999998579,114.99999999999822,10.279999999998251,1633.0000000004807,SSSW,provisional_assumed_short_to_long,0
6.27,0,316.99999999996459,296.99999999996459,151.99999999998508,290.99999999997391,254.99999999998136,235.99999999997016,113,10.319999999999165,1616.0000000003549,SSSW,provisional_assumed_short_to_long,0
6.28,0,297.99999999996697,277.99999999995043,143.99999999997797,276.99999999996146,244.9999999999697,219.99999999993116,112.99999999998073,10.409999999998202,1599.0000000003397,SSSW,provisional_assumed_short_to_long,0
6.29,0,285.9999999999672,259.99999999995993,135.99999999996359,262.99999999995265,233.99999999996359,194.99999999989438,105.99999999999636,10.439999999999426,1583.0000000003056,SSSW,provisional_assumed_short_to_long,0
6.30,0,276.99999999997283,248.99999999991846,126,249.99999999998187,223.99999999994563,165.99999999992301,105.00000000001359,10.509999999998726,1574.0000000001639,SSSW,provisional_assumed_short_to_long,0
6.31,0,270.99999999996697,230.99999999995595,125.99999999997246,245.99999999998897,211.99999999999449,148.99999999996146,108.00000000004957,10.529999999999657,1569.5000000000775,SSSW,provisional_assumed_short_to_long,0
6.32,0,264.99999999999358,222.99999999999361,121,243.99999999997442,211.00000000000639,142,117,10.549999999999674,1565.0000000000734,SSSW,provisional_assumed_short_to_long,0
6.33,0,263.99999999997817,221.99999999999272,120.99999999999271,239.99999999997087,212.00000000002186,141.99999999996359,117.00000000002913,10.599999999999227,1556.0000000001392,SSSW,provisional_assumed_short_to_long,0
6.34,0,261.00000000001637,221,120.00000000001634,236.00000000000819,215,137.00000000004903,121.00000000000817,10.66999999999898,1547.0000000001312,SSSW,provisional_assumed_short_to_long,0
6.35,0,263.00000000003661,221.00000000004573,121.99999999999085,237.00000000000915,214.99999999999085,143.00000000003661,122.00000000002744,10.71999999999932,1542.000000000068,SSSW,provisional_assumed_short_to_long,0
6.36,0,267.0000000000602,226.00000000009032,121.00000000007026,238.00000000004016,214.00000000005019,147.00000000013048,125.00000000009032,10.789999999999111,1540.0000000000255,SSSW,provisional_assumed_short_to_long,0
6.37,0,273.00000000006554,235.0000000000874,128.00000000014202,242.00000000009831,219.00000000012017,160.00000000020756,133.99999999998909,10.849999999999291,1540,SSSW,provisional_assumed_short_to_long,0
6.38,0,279.00000000012994,243.00000000014174,141.00000000010633,251.00000000011812,230.00000000003544,179.0000000000945,133.00000000010633,10.889999999999564,1538.0000000000218,SSSW,provisional_assumed_short_to_long,0
6.39,0,289.99999999989058,254.99999999988063,149.99999999991047,260.99999999990052,232.99999999997016,186.99999999992042,141.99999999991047,10.929999999999602,1536.00000000002,SSSW,provisional_assumed_short_to_long,0
6.40,0,303.99999999987318,260.99999999994566,163.99999999987318,270.99999999990939,237.9999999999547,193.99999999993659,152.99999999990035,11.229999999997283,1463.0000000006614,SSSW,provisional_assumed_short_to_long,0
6.41,15.99999999986926,315.99999999990195,277.99999999986107,170.99999999994282,277.99999999994282,242.99999999995913,201.99999999993463,157.99999999995913,11.409999999998529,1451.000000000098,SSSW,provisional_assumed_short_to_long,0
6.42,50.999999999745093,324.99999999993446,286.99999999993446,182.9999999999126,287.99999999992718,248.99999999995629,213.9999999999126,167.99999999992718,11.579999999998762,1436.0000000001091,SSSW,provisional_assumed_short_to_long,0
6.43,66.999999999897682,338.99999999991047,299.99999999991689,196.99999999991047,293.99999999996163,250.99999999998721,218.99999999996803,191.99999999984652,12.029999999997122,1370.000000000422,SSSW,provisional_assumed_short_to_long,0
6.44,76.999999999945828,350.99999999993497,312.99999999992957,204.99999999995666,303.99999999994583,251,233.99999999991874,204.99999999992957,12.239999999998862,1347.0000000001246,SSSW,provisional_assumed_short_to_long,0
6.45,87.999999999950177,362.99999999994566,326.99999999993656,214.9999999999547,309.99999999997283,251.99999999999548,244.99999999995018,227.99999999989581,12.274999999999842,1366.9999999999095,SSSW,provisional_assumed_short_to_long,0
6.46,94.999999999974506,370.9999999999709,338.99999999995629,229.99999999994537,313.99999999998545,252.99999999999636,258.99999999994901,240.99999999995265,12.309999999999873,1386.9999999999272,SSSW,provisional_assumed_short_to_long,0
6.47,118.99999999993392,376.99999999998346,345.99999999998073,236.99999999998073,317.99999999998897,253.99999999999724,269.9999999999697,254.99999999996146,12.280000000000083,1408.9999999999395,SSSW,provisional_assumed_short_to_long,0
6.48,126.99999999998579,384.99999999998579,351.99999999998931,245.99999999998403,324.99999999998755,256.99999999999466,277.99999999998579,262.99999999998579,12.070000000000373,1447.9999999999307,SSSW,provisional_assumed_short_to_long,0
6.49,132.99999999999466,392.99999999999289,356.99999999999557,246.99999999999912,327.99999999999733,260.99999999999648,283.99999999999466,278.99999999998579,12.020000000000044,1477.9999999999734,SSSW,provisional_assumed_short_to_long,0
6.50,134.5,395,358.5,248,329,262,286,284.5,12.119999999999999,1461,SSSW,provisional_assumed_short_to_long,0
6.51,136.00000000000355,397.00000000000176,360.00000000000267,248.99999999999912,330,263,288.00000000000267,289.99999999999909,12.499999999991697,1400.0000000013329,SSSW,provisional_assumed_short_to_long,0
6.52,139.99999999999812,398.99999999999625,363.00000000000188,248.00000000000188,330,262.99999999999625,291.00000000000188,288.99999999999255,12.639999999997077,1373.0000000005637,SSSW,provisional_assumed_short_to_long,0
6.53,139,396.99999999999449,364.00000000000273,248.99999999999449,329.99999999999727,260.99999999999176,292.00000000000551,284.99999999997249,12.779999999997202,1346.0000000005396,SSSW,provisional_assumed_short_to_long,0
6.54,138.99999999997451,394.99999999997817,364.99999999999636,246.99999999998909,328.99999999999636,257.99999999998545,293.99999999998545,274.99999999995993,13.269999999990642,1224.0000000023297,SSSW,provisional_assumed_short_to_long,0
6.55,131.99999999997283,388.99999999997738,363.99999999998641,243.99999999993204,327.99999999998187,253.99999999995924,289.99999999999096,263.99999999994111,13.439999999996903,1191.0000000006009,SSSW,provisional_assumed_short_to_long,0
6.56,125.99999999997797,383.99999999996146,360.99999999997794,228.99999999995043,323.99999999997249,244.99999999993392,287.99999999997794,250.99999999982379,13.539999999998276,1159.0000000005514,SSSW,provisional_assumed_short_to_long,0
6.57,121.99999999995524,376.99999999992326,356.99999999997442,219.99999999994245,318.99999999998721,232.99999999994245,283.99999999997442,218.99999999985931,13.579999999999346,1140.0000000003106,SSSW,provisional_assumed_short_to_long,0
6.58,114.99999999992717,364.99999999991257,352.99999999993446,210.99999999994901,316.99999999995629,223.99999999994174,279.99999999989075,196.99999999988347,13.440000000002163,1087.000000000819,SSSW,provisional_assumed_short_to_long,0
6.59,104.99999999987743,352.99999999989376,343.99999999988557,203.99999999982839,310.99999999995094,215.99999999984473,264.99999999994282,180.99999999987742,13.365000000001093,1063.0000000003497,SSSW,provisional_assumed_short_to_long,0
6.60,89.999999999826187,339.99999999985363,329.99999999977132,182.99999999979875,304.99999999983532,196.99999999972556,257.99999999980787,165.99999999978044,13.290000000001019,1039.0000000003261,SSSW,provisional_assumed_short_to_long,0
6.61,70.999999999538318,323.99999999979929,304.99999999973903,160.99999999983942,286.99999999984948,166.99999999949819,236.99999999973906,141.99999999946806,13.339999999999364,895.00000000182899,SSSW,provisional_assumed_short_to_long,0
6.62,24.999999999890754,303.99999999980338,278.99999999973778,144.99999999953025,271.99999999970504,116.99999999953025,210.99999999975967,88.999999999694111,13.090000000002952,810.00000000100408,SSSW,provisional_assumed_short_to_long,0
6.63,14.999999999822808,285.999999999811,254.999999999811,101.99999999971649,244.99999999984644,73.999999999952749,188.99999999950387,60.999999999751935,12.650000000004807,702.00000000117984,SSSW,provisional_assumed_short_to_long,0
6.64,1.4921397450962104e-10,270.00000000015916,239.00000000015916,78.000000000238742,232.00000000012932,70.00000000003979,147.0000000004178,40.0000000002089,12.420000000002288,660.0000000004178,SSSW,provisional_assumed_short_to_long,0
6.65,0,264.00000000005434,222.00000000015402,70.000000000072475,223.00000000008154,60.000000000090594,138.00000000008154,40,12.370000000000452,632.00000000025364,SSSW,provisional_assumed_short_to_long,0
6.66,0,240.00000000019611,206.00000000013074,52.000000000147082,215.00000000006537,60.999999999991829,135.0000000000245,39.000000000008171,12.384999999999877,620.50000000009402,SSSW,provisional_assumed_short_to_long,0
6.67,0,224.00000000011653,191.00000000010925,52,212.00000000002186,61,135.99999999999272,38.000000000007283,12.399999999999892,609.00000000008379,SSSW,provisional_assumed_short_to_long,0
6.68,0,211.00000000008313,159.00000000020464,51.000000000006395,198.00000000008953,61,135.00000000000639,38.999999999993605,11.780000000003964,649.99999999973784,SSSW,provisional_assumed_short_to_long,0
6.69,0,205.00000000003251,127.00000000017337,51,191.00000000003791,61,133.00000000001083,39.999999999994586,10.400000000007477,796.99999999920351,SSSW,provisional_assumed_short_to_long,0
6.70,0,210.99999999997283,126.00000000000453,51,192.99999999999093,61,130.00000000001359,40,8.8100000000072018,751.00000000020839,SSSW,provisional_assumed_short_to_long,0
6.71,0,213.99999999998909,138.99999999995265,50.000000000003638,197.99999999998178,62.999999999992717,130.99999999999636,40,8.1700000000023305,694.00000000020759,SSSW,provisional_assumed_short_to_long,0
6.72,0,213.00000000000276,145.99999999998073,49.000000000002757,215.99999999995043,69.99999999998073,131.99999999999724,40,8.1600000000000286,705.99999999996692,SSSW,provisional_assumed_short_to_long,0
6.73,0,217.99999999999113,142.00000000000711,49,216,70.999999999998224,131.00000000000176,41.999999999996447,8.1400000000000361,709.99999999999295,SSSW,provisional_assumed_short_to_long,0
6.74,0,221.99999999999645,126.00000000001421,49.999999999999112,210.00000000000534,71.999999999999119,131.99999999999912,42,8.1499999999999915,709.50000000000045,SSSW,provisional_assumed_short_to_long,0
6.75,0,230,101,50,194,72,131,42,8.1600000000000001,709,SSSW,provisional_assumed_short_to_long,0
6.76,0,231,93.999999999992895,49.999999999999112,177.99999999999201,73.000000000000895,132.00000000000179,42.999999999998224,8.1500000000002188,705.00000000008743,SSSW,provisional_assumed_short_to_long,0
6.77,0,231.00000000000932,85.999999999962697,49.000000000005599,168.9999999999944,74.000000000005599,134.0000000000056,40.999999999998131,8.1500000000000004,705,SSSW,provisional_assumed_short_to_long,0
6.78,0,235.99999999998897,65.999999999994486,52,165.99999999998349,76.999999999994486,137.00000000001103,40,8.7399999999882105,749.99999999910074,SSSW,provisional_assumed_short_to_long,0
6.79,0,231.99999999998178,63.999999999992717,52,159.99999999998909,75.00000000000729,141.00000000002549,40,9.0699999999936978,749.0000000000191,SSSW,provisional_assumed_short_to_long,0
6.80,0,226.99999999996828,61.999999999986407,52,156.99999999999548,77.000000000009067,148.00000000003172,40,8.905000000003005,749,SSSW,provisional_assumed_short_to_long,0
6.81,0,219.99999999991741,58.999999999988987,52,156.00000000001651,79.000000000005514,154.99999999998897,40,8.7400000000028442,749,SSSW,provisional_assumed_short_to_long,0
6.82,0,204.99999999994884,56.999999999993605,52,159.00000000003837,80.00000000001279,153.00000000004476,40,8.2200000000084987,704.00000000073544,SSSW,provisional_assumed_short_to_long,0
6.83,0,196.99999999991988,55.999999999898037,52,165.00000000005099,81.99999999999271,160.00000000000728,40.000000000007283,9.0999999999863999,753.99999999922727,SSSW,provisional_assumed_short_to_long,0
6.84,0,185.99999999977936,42,52,171.99999999999181,81,161.00000000004087,41,9.1099999999998538,756.99999999995634,SSSW,provisional_assumed_short_to_long,0
6.85,0,158.99999999988108,42.000000000009152,51.999999999990848,171.00000000008234,80.999999999990848,166.00000000004573,41,8.1800000000126367,712.00000000061152,SSSW,provisional_assumed_short_to_long,0
6.86,0,145.99999999983942,42.99999999998996,50.999999999979927,180.00000000001003,80,171.00000000014052,41,8.1899999999998734,712.99999999998727,SSSW,provisional_assumed_short_to_long,0
6.87,0,129.99999999996723,41.999999999978151,49,181.00000000007648,80.000000000010928,185.00000000007648,41,8.1899999999999995,713,SSSW,provisional_assumed_short_to_long,0
6.88,0,126.99999999996456,40,49,188.00000000015356,81.000000000047251,192.00000000005906,41,8.1899999999999995,713,SSSW,provisional_assumed_short_to_long,0
6.89,0,124.00000000002984,40,49,200.99999999987068,84.99999999996021,196.99999999995026,41,8.2099999999998019,713.99999999999,SSSW,provisional_assumed_short_to_long,0
6.90,0,120.00000000003624,39.000000000009059,49,205.9999999999547,86.999999999981881,198.99999999998187,41.999999999990941,8.21999999999991,718.99999999995475,SSSW,provisional_assumed_short_to_long,0
6.91,0,107.00000000010623,40.999999999983658,48.000000000008171,205.00000000000819,101.99999999987743,198.00000000000819,42,9.0799999999929728,776.99999999952604,SSSW,provisional_assumed_short_to_long,0
6.92,0,99.000000000058265,41,47.000000000007283,204.00000000000728,111.99999999992717,194.00000000002913,42,9.089999999999927,781.99999999996362,SSSW,provisional_assumed_short_to_long,0
6.93,0,92.000000000044764,40.000000000006395,48.99999999998721,203.00000000000639,115.99999999997442,169.00000000015987,42,8.2500000000053717,734.00000000030695,SSSW,provisional_assumed_short_to_long,0
6.94,0,83.000000000048757,41.999999999989164,49,203.99999999999457,119.99999999997833,161.00000000004334,42,8.25,737.99999999997829,SSSW,provisional_assumed_short_to_long,0
6.95,0,68.000000000067942,41.000000000004533,48.000000000004533,204,125.99999999997283,154.00000000003172,42,8.269999999999909,739.99999999999091,SSSW,provisional_assumed_short_to_long,0
6.96,0,62.000000000021849,39.000000000007283,48,202.00000000000728,135.99999999996359,150.00000000001455,42,8.2650000000000183,740.99999999999636,SSSW,provisional_assumed_short_to_long,0
6.97,0,59.000000000008257,39.999999999997243,46.000000000005507,203.99999999999449,151.99999999995595,140.00000000002754,42,8.260000000000014,741.99999999999727,SSSW,provisional_assumed_short_to_long,0
6.98,0,49.000000000017764,39.000000000001776,44.000000000003553,207.99999999999289,175.99999999995737,129.00000000001955,41.000000000001776,9.0899999999985255,802.99999999989166,SSSW,provisional_assumed_short_to_long,0
6.99,0,47.000000000001776,39,44.999999999999112,206.00000000000176,188.99999999998846,122.00000000000622,40.000000000000888,9.0999999999999908,803,SSSW,provisional_assumed_short_to_long,0
7.00,0,46,37,45,210,187,111,40,9.0899999999999999,804,SSSW,provisional_assumed_short_to_long,0
7.01,0,44.999999999999112,39,43.000000000001776,217.00000000000267,186.00000000000355,96.999999999975131,39,8.3100000000170429,753.00000000111436,SSSW,provisional_assumed_short_to_long,0
7.02,0,44,39,44.999999999998131,220.00000000000747,189.99999999994031,69.000000000003737,38.999999999998131,8.7599999999906082,781.49999999940519,SSSW,provisional_assumed_short_to_long,0
7.03,0,43.999999999997243,39,44,224.00000000001927,157.99999999992565,71.000000000096364,38,9.2099999999910089,809.99999999943043,SSSW,provisional_assumed_short_to_long,0
7.04,0,43,39.000000000032777,43.999999999992717,231.00000000000728,130.99999999979244,106.0000000001056,38,9.3199999999979006,805.0000000000955,SSSW,provisional_assumed_short_to_long,0
7.05,0,43.000000000004533,48.000000000077009,42.000000000004533,232.99999999999548,74,135.00000000003624,37.999999999995467,9.3200000000000003,815.99999999979968,SSSW,provisional_assumed_short_to_long,0
7.06,0,44,65.000000000220268,42.999999999994493,231.99999999999449,74.000000000088107,143.00000000002203,37.000000000005507,9.3899999999987944,833.99999999968986,SSSW,provisional_assumed_short_to_long,0
7.07,0,44.000000000006395,105.00000000013429,41.999999999993605,231.00000000002558,89.999999999897682,147.00000000005116,38.000000000006395,9.5099999999980387,854.99999999965678,SSSW,provisional_assumed_short_to_long,0
7.08,0,45.00000000009468,126.00000000003642,41,235.00000000000728,74,155.00000000009467,39,9.6399999999979915,885.99999999952092,SSSW,provisional_assumed_short_to_long,0
7.09,0,58.000000000040856,131.00000000003268,41,236.00000000000819,73.999999999991829,168.00000000004903,39,9.7399999999985436,904.99999999972329,SSSW,provisional_assumed_short_to_long,0
7.10,0,63.000000000082338,134.99999999986278,41,237,73.000000000009152,174.00000000000915,39,9.7899999999993206,905.49999999999318,SSSW,provisional_assumed_short_to_long,0
7.11,0,72.000000000070258,119.99999999957846,41.00000000001004,237,73.999999999989967,174.9999999999699,39,9.8399999999993639,905.99999999999363,SSSW,provisional_assumed_short_to_long,0
7.12,0,79.000000000054627,77.999999999989072,42,236.99999999996723,73.000000000010928,172.00000000002186,39,9.8499999999998806,911.99999999992917,SSSW,provisional_assumed_short_to_long,0
7.13,0,84.000000000118121,77.000000000141753,42.000000000011809,234.00000000001182,74.000000000578822,174.00000000008268,39,9.8799999999996722,913.99999999997817,SSSW,provisional_assumed_short_to_long,0
7.14,0,93.999999999900524,88.999999999880629,42.999999999990052,234.99999999999005,122.99999999951257,180.99999999993037,39,9.6900000000018895,1053.9999999986073,SSSW,provisional_assumed_short_to_long,0
7.15,0,117.99999999978257,122.99999999969198,43.999999999990941,238.99999999996376,168.99999999958328,185.9999999999547,39,8.820000000007882,1315.9999999976264,SSSW,provisional_assumed_short_to_long,0
7.16,0,172.9999999995506,139.99999999986107,44.999999999991829,240.99999999998366,227.99999999951791,205.99999999983658,39,8.1300000000056389,1580.9999999978345,SSSW,provisional_assumed_short_to_long,0
7.17,0,201.9999999997888,159.99999999985434,45.999999999992717,259.99999999986164,269.99999999969413,247.99999999969413,40.999999999985434,8.0950000000002547,1629.4999999996467,SSSW,provisional_assumed_short_to_long,0
7.18,0,221.9999999998721,218.9999999996227,47.99999999998721,309.99999999968026,307.99999999975699,303.99999999964189,41.999999999993605,8.0600000000002243,1677.9999999996899,SSSW,provisional_assumed_short_to_long,0
7.19,0,274.99999999971283,267.99999999973454,50.999999999983743,337.99999999984828,350.99999999976706,332.99999999984288,62.999999999886228,8.2199999999991338,1709.9999999998267,SSSW,provisional_assumed_short_to_long,0
7.20,0,334.99999999972823,304.99999999983243,131.99999999963308,352.99999999993207,390.99999999981878,344.99999999994566,113.99999999976899,8.3499999999994117,1764.9999999997508,SSSW,provisional_assumed_short_to_long,0
7.21,0,369.99999999987256,325.99999999992355,182.99999999981429,361.9999999999672,399.9999999999672,349.99999999998181,125.9999999999563,8.6299999999989812,1736.0000000001055,SSSW,provisional_assumed_short_to_long,0
7.22,0,401.99999999991189,339.99999999996146,182.00000000000276,375.99999999996146,400.99999999999727,356.99999999998073,129.99999999998897,8.7299999999997251,1755.999999999945,SSSW,provisional_assumed_short_to_long,0
7.23,0,432.99999999994492,347.99999999998579,155.00000000004798,380.99999999999113,400.00000000000176,368.99999999997868,143.99999999997513,9.2199999999991302,1787.9999999999432,SSSW,provisional_assumed_short_to_long,0
7.24,0,443.99999999999022,354.9999999999938,129.00000000002308,379.00000000000176,401.99999999999824,358.00000000000978,152.99999999999201,9.2999999999999297,1805.9999999999841,SSSW,provisional_assumed_short_to_long,0
7.25,0,448,357,115.5,378,401.5,353,144.5,9.3249999999997151,1809.4999999999602,SSSW,provisional_assumed_short_to_long,0
7.26,0,452.00000000000358,359.00000000000534,102.00000000000533,377.00000000000091,400.99999999999824,347.99999999999909,136.00000000000799,9.3499999999994543,1812.9999999999236,SSSW,provisional_assumed_short_to_long,0
7.27,0,456.00000000000557,365,108.00000000004663,377.99999999999625,398.99999999999443,346.99999999999812,145.00000000001492,9.3999999999989576,1819.9999999998538,SSSW,provisional_assumed_short_to_long,0
7.28,0,459.00000000000273,365,133.00000000000827,375.99999999998897,395.99999999997522,345.99999999998073,152.99999999999449,9.4299999999993993,1812.0000000001598,SSSW,provisional_assumed_short_to_long,0
7.29,0,460,364.99999999999636,135.99999999999636,371.99999999997453,386.99999999992718,338.99999999995993,150.99999999999636,9.4599999999994289,1807.0000000000955,SSSW,provisional_assumed_short_to_long,0
7.30,0,459.99999999999545,363.99999999999545,134.99999999998641,364.99999999998641,366.99999999993207,327.99999999994566,149.99999999999093,9.4799999999996363,1797.0000000001821,SSSW,provisional_assumed_short_to_long,0
7.31,0,458.99999999997249,362.99999999998897,131.99999999997797,361.99999999997249,351.99999999991741,315.99999999996697,147.99999999997246,9.4999999999996554,1787.0000000001723,SSSW,provisional_assumed_short_to_long,0
7.32,0,453.99999999995521,361,128.00000000001279,356.99999999996163,336.99999999995521,309.999999999968,142.99999999998721,9.5199999999996727,1777.0000000001635,SSSW,provisional_assumed_short_to_long,0
7.33,0,446.99999999995629,360.99999999996356,130.00000000004371,350.99999999994174,329.99999999997084,304.99999999997084,141.00000000001458,9.5799999999990728,1761.0000000002474,SSSW,provisional_assumed_short_to_long,0
7.34,0,440.99999999993463,355.9999999999755,136.00000000004087,342.99999999994282,325.99999999995094,300.9999999999755,142.99999999998366,9.6499999999989807,1739.0000000003204,SSSW,provisional_assumed_short_to_long,0
7.35,0,432.99999999982617,352.99999999995424,141.00000000007319,335.99999999990854,319.99999999992679,297.99999999997254,140.99999999994512,9.7299999999989133,1715.0000000003261,SSSW,provisional_assumed_short_to_long,0
7.36,0,413.99999999982936,347.99999999994981,149.00000000001003,325.99999999989961,311.9999999999398,294.99999999992974,134.99999999994981,9.7999999999991125,1687.0000000003556,SSSW,provisional_assumed_short_to_long,0
7.37,0,396.99999999984703,342.99999999991257,150.00000000002186,315.99999999997817,305.99999999985801,287.99999999986892,129.99999999996723,9.8699999999991732,1662.0000000002954,SSSW,provisional_assumed_short_to_long,0
7.38,0,382.99999999972829,334.99999999987006,152,313.99999999996459,292.99999999974011,275.99999999990553,126.99999999994094,9.8999999999996717,1649.0000000001421,SSSW,provisional_assumed_short_to_long,0
7.39,0,360.00000000022879,324.00000000010942,152,311.00000000002984,271.00000000021885,268.00000000007958,122.00000000004974,9.9299999999997013,1636.0000000001294,SSSW,provisional_assumed_short_to_long,0
7.40,0,338.00000000019929,312.00000000010868,149.00000000002717,304.00000000006344,263.00000000007248,253.00000000013588,101.00000000019025,10.029999999999093,1616.0000000001812,SSSW,provisional_assumed_short_to_long,0
7.41,0,302.00000000029416,302.00000000008174,146.0000000000245,298.000000000049,251.00000000009805,242.00000000008987,88.000000000106226,10.039999999999917,1603.0000000001062,SSSW,provisional_assumed_short_to_long,0
7.42,0,289.0000000000947,289.0000000000947,138.00000000005826,284.00000000010198,241.00000000007282,231.00000000008012,84.000000000029132,10.049999999999928,1589.0000000001019,SSSW,provisional_assumed_short_to_long,0
7.43,0,278.00000000007037,278.00000000007037,136.00000000001279,272.00000000007674,224.00000000010871,211.0000000001279,81.000000000019185,10.109999999999616,1584.0000000000321,SSSW,provisional_assumed_short_to_long,0
7.44,0,269.00000000004877,260.00000000009754,135.00000000000543,253.00000000010294,209.00000000008126,191.00000000010834,83.999999999983743,10.129999999999892,1573.0000000000596,SSSW,provisional_assumed_short_to_long,0
7.45,0,261.00000000003627,244.00000000007248,129.00000000002717,250.00000000001359,178.00000000014043,161.00000000013588,83.000000000004533,10.14999999999991,1566.0000000000316,SSSW,provisional_assumed_short_to_long,0
7.46,0,258.00000000001091,230.00000000005099,125.00000000001457,240.00000000003641,156.00000000008012,155.00000000002186,73.000000000036408,10.169999999999927,1563.5000000000091,SSSW,provisional_assumed_short_to_long,0
7.47,0,258,219.0000000000303,122.00000000000826,233.00000000001927,147.00000000002478,136.00000000005232,82.999999999972459,10.189999999999944,1561.0000000000068,SSSW,provisional_assumed_short_to_long,0
7.48,0,258.99999999999824,217.00000000000355,119.00000000000533,227.00000000001066,129.00000000003197,136.99999999999824,86.999999999992895,10.219999999999947,1559.0000000000036,SSSW,provisional_assumed_short_to_long,0
7.49,0,259,215.00000000000176,119,225.00000000000176,121.00000000000711,136.00000000000088,89.999999999997328,10.279999999999946,1560.9999999999982,SSSW,provisional_assumed_short_to_long,0
7.50,0,261,213,110,224,122,134,100,10.300000000000001,1559,SSSW,provisional_assumed_short_to_long,0
7.51,0,264.00000000000267,217.00000000000267,118.00000000000355,225.00000000000088,120.00000000000355,138.00000000000355,98.000000000006224,10.339999999999126,1561.9999999999345,SSSW,provisional_assumed_short_to_long,0
7.52,0,267.00000000000745,220.00000000000372,122.00000000000932,226.0000000000056,124.00000000001678,142.0000000000112,105.00000000001866,10.354999999999686,1562.9999999999791,SSSW,provisional_assumed_short_to_long,0
7.53,0,271.00000000001103,222.00000000001927,127.00000000001377,229.00000000001927,133.00000000002203,148.00000000004957,115.00000000001927,10.369999999999699,1563.99999999998,SSSW,provisional_assumed_short_to_long,0
7.54,0,275.00000000001819,229.00000000003277,132.00000000004371,236.00000000002913,141.00000000002549,166.00000000004371,122.00000000000729,10.429999999998854,1566.9999999999427,SSSW,provisional_assumed_short_to_long,0
7.55,0,280.00000000003172,238.00000000003624,144.00000000005889,244.00000000004982,148.00000000004982,178.00000000003172,124.0000000000317,10.529999999998179,1563.0000000000728,SSSW,provisional_assumed_short_to_long,0
7.56,0,287.00000000008811,246.00000000007159,157.00000000004405,255.00000000006057,159.00000000008259,185.00000000006057,131.00000000003854,10.619999999998448,1563.9999999999827,SSSW,provisional_assumed_short_to_long,0
7.57,1.2789769243693436e-10,303.00000000006395,259.00000000014069,165.00000000010232,266.00000000007037,174.00000000005755,196.00000000008313,138.00000000002558,10.739999999998039,1561.0000000000491,SSSW,provisional_assumed_short_to_long,0
7.58,20.000000000233058,313.00000000007282,281.00000000005826,181.00000000009467,277.00000000007282,183.00000000009467,209.00000000008012,142.00000000011653,10.859999999998145,1550.0000000001701,SSSW,provisional_assumed_short_to_long,0
7.59,52.00000000013074,323.00000000013074,289.00000000013893,194.0000000001144,287.00000000008174,196.00000000013074,220.00000000009805,158.00000000026967,11.329999999993154,1456.0000000013692,SSSW,provisional_assumed_short_to_long,0
7.60,68.000000000109779,339.00000000015552,306.00000000013722,208.00000000013722,297.00000000008231,212.00000000017383,232.00000000009149,191.00000000013722,11.57499999999667,1417.00000000053,SSSW,provisional_assumed_short_to_long,0
7.61,80.000000000120437,356.00000000013046,321.00000000015052,223.00000000013048,306.00000000012045,231.00000000010036,242.00000000011039,206.00000000021078,11.819999999996888,1378.0000000004952,SSSW,provisional_assumed_short_to_long,0
7.62,92.000000000065555,369.00000000010925,336.00000000013108,236.00000000010925,318.00000000002183,241.00000000014202,253.00000000014202,227.00000000018571,11.919999999998819,1383.9999999999291,SSSW,provisional_assumed_short_to_long,0
7.63,98.000000000165372,379.00000000008271,348.00000000005906,246.00000000005906,320.0000000001063,254.00000000007088,266.00000000012994,244.00000000014174,12.019999999998907,1382.0000000000218,SSSW,provisional_assumed_short_to_long,0
7.64,111.99999999986073,385.99999999993037,352.99999999995026,250.99999999995026,328.99999999991047,259.99999999994031,276.99999999989058,255.99999999988063,11.990000000000299,1426.9999999995523,SSSW,provisional_assumed_short_to_long,0
7.65,117.99999999994564,393.99999999992752,354.99999999998187,253.99999999997283,330.99999999998187,262.99999999997283,281.9999999999547,262.99999999993656,12.419999999996104,1370.0000000005164,SSSW,provisional_assumed_short_to_long,0
7.66,121.99999999996732,407.99999999988563,358.99999999996732,255.99999999998366,331.99999999999181,265.9999999999755,287.999999999951,267.99999999995913,12.619999999998367,1342.5000000002246,SSSW,provisional_assumed_short_to_long,0
7.67,122.99999999999272,415.99999999994174,366.99999999994174,256.99999999999272,332.99999999999272,266.99999999999272,289.99999999998545,272.99999999996356,12.819999999998544,1315.0000000002003,SSSW,provisional_assumed_short_to_long,0
7.68,123,422.99999999995521,369.99999999998079,258.99999999998721,333.99999999999363,267,291.99999999998721,273,12.340000000003069,1373.9999999996228,SSSW,provisional_assumed_short_to_long,0
7.69,123,425.99999999998374,372.99999999998374,259.9999999999946,333.0000000000054,266.0000000000054,294.99999999998374,274.99999999998914,12.739999999997833,1301.0000000003954,SSSW,provisional_assumed_short_to_long,0
7.70,119.00000000001812,426.99999999999545,373.99999999999545,257.00000000001359,332.00000000000455,260.00000000002717,296.99999999999096,263.00000000005434,13.52999999999642,1160.0000000006387,SSSW,provisional_assumed_short_to_long,0
7.71,110.00000000003277,425.00000000000728,373.00000000000364,253.00000000001455,331.00000000000364,256.00000000001455,294.00000000001091,252.00000000004005,13.629999999999637,1145.0000000000546,SSSW,provisional_assumed_short_to_long,0
7.72,100.00000000002754,422.00000000000824,366.00000000001927,249.00000000001103,327.00000000001103,250.00000000001651,290.00000000001103,233.00000000005232,13.689999999999834,1150.9999999999834,SSSW,provisional_assumed_short_to_long,0
7.73,83.000000000030198,405.00000000003018,360.00000000001069,239.00000000001776,322.00000000000887,236.00000000002487,285.00000000000887,217.00000000002842,13.670000000000035,1143.5000000000134,SSSW,provisional_assumed_short_to_long,0
7.74,61.00000000001954,398.0000000000062,356.00000000000352,227.00000000001066,317.00000000000443,225.00000000000978,281.00000000000352,198.00000000001688,13.650000000000018,1136.0000000000066,SSSW,provisional_assumed_short_to_long,0
7.75,42,391,348,216,311,214,270,183,13.5,1100,SSSW,provisional_assumed_short_to_long,0
7.76,7.9999999999928946,380.99999999998403,333.99999999998221,203.99999999998312,298.99999999998846,189.99999999997513,260.99999999998488,163.99999999997158,13.37000000000284,1062.0000000008304,SSSW,provisional_assumed_short_to_long,0
7.77,0,362.99999999997203,313.99999999996828,184.99999999996456,285.99999999997573,161.99999999993099,243.99999999997948,131.99999999990675,13.419999999998957,918.00000000300565,SSSW,provisional_assumed_short_to_long,0
7.78,0,347.99999999995322,296.99999999993116,165.99999999994492,272.99999999995595,124.99999999988987,232.99999999996695,81.999999999922906,13.040000000007593,789.00000000257796,SSSW,provisional_assumed_short_to_long,0
7.79,0,330.99999999993082,271.99999999995993,145.99999999997451,256.99999999994174,84.999999999949011,220.99999999997814,53.999999999949019,12.550000000009359,664.00000000238697,SSSW,provisional_assumed_short_to_long,0
7.80,0,311.99999999992752,260.99999999996828,138.99999999990035,240.99999999995018,71,214.99999999998641,39.999999999995467,12.495000000001001,652.00000000021851,SSSW,provisional_assumed_short_to_long,0
7.81,0,295.99999999991741,253.99999999998349,116.99999999989537,229.99999999997797,71.000000000005514,211.99999999995043,38.99999999998348,12.440000000000946,640.0000000002068,SSSW,provisional_assumed_short_to_long,0
7.82,0,280.99999999991684,250.99999999996163,97.999999999852918,225.99999999997442,72.000000000006395,202.99999999994245,36,12.390000000000818,615.00000000040859,SSSW,provisional_assumed_short_to_long,0
7.83,0,267.9999999998762,244.99999999992716,74.999999999832482,222,73.000000000291323,193.99999999999272,36,12.320000000001082,586.00000000044815,SSSW,provisional_assumed_short_to_long,0
7.84,0,250.99999999982839,234.99999999982839,51.999999999991829,222,113.00000000024514,192.99999999998366,36,11.520000000011652,629.99999999935903,SSSW,provisional_assumed_short_to_long,0
7.85,0,229.99999999991766,213.99999999977129,51,222.00000000000915,143.00000000011892,190.99999999978959,36.000000000009152,10.150000000018618,757.99999999826059,SSSW,provisional_assumed_short_to_long,0
7.86,0,220.9999999999699,188.99999999983942,50.99999999998996,222.99999999997993,155.99999999984945,167.99999999980932,37.00000000001004,9.5800000000072387,819.99999999921249,SSSW,provisional_assumed_short_to_long,0
7.87,0,217.99999999993446,172.99999999987983,50,220.99999999992352,140.99999999992352,148.99999999994537,38,8.8600000000085046,768.00000000061425,SSSW,provisional_assumed_short_to_long,0
7.88,0,211.99999999998818,161.99999999996456,50.000000000011809,213.99999999992912,133.99999999989367,143.99999999998818,38.000000000011809,8.1400000000078663,716.00000000056809,SSSW,provisional_assumed_short_to_long,0
7.89,0,211.00000000000995,159.00000000002984,50.999999999990052,208.00000000005969,125.00000000008953,143.00000000000995,38.999999999990052,8.1599999999998012,712.00000000003979,SSSW,provisional_assumed_short_to_long,0
7.90,0,201.00000000009061,154.0000000000453,51,198.00000000009061,96.00000000026273,141.00000000001813,39.999999999990941,8.1400000000001818,724.99999999988222,SSSW,provisional_assumed_short_to_long,0
7.91,0,198.0000000000245,136.00000000014708,51,188.00000000008171,78.000000000147082,141,40,8.9899999999930547,772.99999999960778,SSSW,provisional_assumed_short_to_long,0
7.92,0,195.00000000002186,118.0000000001311,51.999999999992717,177.00000000008012,75.000000000021856,136.00000000003641,40,8.1200000000063355,723.00000000036414,SSSW,provisional_assumed_short_to_long,0
7.93,0,195,95.000000000145036,52,174.00000000001893,72.000000000018915,133.00000000001893,40,8.989999999994513,772.99999999968475,SSSW,provisional_assumed_short_to_long,0
7.94,0,198.99999999997834,64.000000000167958,52,172.00000000001083,70.000000000010829,133,40,8.9800000000000537,773.99999999999454,SSSW,provisional_assumed_short_to_long,0
7.95,0,201.99999999998641,61.000000000013586,52,172,70.999999999995467,133,39.000000000004533,8.9949999999999317,771.50000000001137,SSSW,provisional_assumed_short_to_long,0
7.96,0,198.00000000001455,61,52,172,71.999999999996362,134.99999999999272,38.000000000003638,9.0099999999999447,769.00000000000909,SSSW,provisional_assumed_short_to_long,0
7.97,0,203.99999999998349,60.000000000002757,52,173.99999999999449,73.999999999994486,135.99999999999724,38.999999999997243,9.0299999999999443,770.99999999999454,SSSW,provisional_assumed_short_to_long,0
7.98,0,198.00000000001066,59.000000000001776,52,174,76.999999999994671,136.99999999999824,39,8.1800000000015096,722.00000000008708,SSSW,provisional_assumed_short_to_long,0
7.99,0,194.00000000000355,59.999999999999112,52,176.99999999999733,80.999999999996447,137.99999999999912,39,8.1700000000000088,724.99999999999739,SSSW,provisional_assumed_short_to_long,0
8.00,0,188,59,52,181,86,138,39,9.0399999999999991,775,SSSW,provisional_assumed_short_to_long,0
8.01,0,183.99999999999289,59.999999999995559,52.000000000000888,188.0000000000089,88.000000000001776,144.00000000000443,41,9.0499999999997822,775.99999999997817,SSSW,provisional_assumed_short_to_long,0
8.02,0,175.99999999996803,55,53,198.00000000001066,90.000000000021316,149.00000000001245,41,9.0350000000003146,778.49999999994759,SSSW,provisional_assumed_short_to_long,0
8.03,0,157.99999999998136,55,52.999999999997335,204.000000000016,102.00000000002932,156.0000000000293,41,9.0200000000003016,780.99999999994986,SSSW,provisional_assumed_short_to_long,0
8.04,0,150.99999999998136,54.999999999981348,52,210.00000000000372,113.00000000002984,167.0000000000112,41,9.0299999999998093,781,SSSW,provisional_assumed_short_to_long,0
8.05,0,145.99999999996766,49.999999999958433,51.999999999995381,211.00000000000463,121.00000000002309,169.99999999999537,41.000000000004619,9.0299999999999994,781,SSSW,provisional_assumed_short_to_long,0
8.06,0,138.99999999997246,41,50.999999999988987,211.99999999996695,126.00000000001653,169.00000000001651,42,9.0399999999998268,783.99999999994827,SSSW,provisional_assumed_short_to_long,0
8.07,0,133.99999999994884,41.00000000001279,49,205.99999999999361,129.00000000000639,172.00000000004476,42,9.0499999999998373,783.00000000001637,SSSW,provisional_assumed_short_to_long,0
8.08,0,125.99999999997087,42.999999999992717,49,205.00000000001458,130.00000000002186,179.00000000004371,42,9.0000000000007727,788.99999999990723,SSSW,provisional_assumed_short_to_long,0
8.09,0,121.9999999999428,41.999999999991829,49,207,133.00000000002453,185.00000000001634,41.999999999991829,9,790.9999999999709,SSSW,provisional_assumed_short_to_long,0
8.10,0,114.99999999987317,41.000000000018119,49,207.00000000000907,135.99999999997283,186.99999999999093,41.000000000009059,9,791,SSSW,provisional_assumed_short_to_long,0
8.11,0,100.99999999995026,42.999999999990052,48.999999999990052,207.99999999999005,133.00000000005969,185.99999999987068,41.999999999990052,9,791,SSSW,provisional_assumed_short_to_long,0
8.12,0,95.999999999834799,41.999999999977973,48.000000000011013,206.99999999998897,139.00000000001103,172.99999999990087,41,9.0099999999998825,791.99999999998829,SSSW,provisional_assumed_short_to_long,0
8.13,0,80.999999999845286,40,48.999999999988098,205.99999999998809,140.00000000001191,163.99999999990479,41,9.0000000000001084,793.99999999997829,SSSW,provisional_assumed_short_to_long,0
8.14,0,68.000000000129319,40,48.000000000009948,205.00000000000995,140.99999999999005,156.00000000007958,41,8.9800000000001994,799.99999999994031,SSSW,provisional_assumed_short_to_long,0
8.15,0,62.000000000054357,40,48,204.00000000000907,143.99999999997283,149.00000000006341,41,8.9700000000000912,800,SSSW,provisional_assumed_short_to_long,0
8.16,0,51.000000000089884,40,47.000000000008171,200.00000000003268,144,145.00000000003268,41,8.9700000000000006,800,SSSW,provisional_assumed_short_to_long,0
8.17,0,49.000000000014566,40,46.000000000007283,199.00000000000728,140.00000000002913,141.00000000002913,41,8.9749999999999641,800,SSSW,provisional_assumed_short_to_long,0
8.18,0,45.00000000002558,38.00000000001279,45.000000000006395,194.00000000003197,139.00000000000639,139.00000000001279,40.000000000006395,8.9799999999999685,800,SSSW,provisional_assumed_short_to_long,0
8.19,0,45,38.999999999994493,45,191.00000000001651,138.00000000000551,139,40,8.9800000000000004,800,SSSW,provisional_assumed_short_to_long,0
8.20,0,44.000000000004619,39,44.000000000004619,189.00000000000924,137.0000000000046,138.0000000000046,39.000000000004619,8.989999999999954,799.00000000000466,SSSW,provisional_assumed_short_to_long,0
8.21,0,44,39.999999999996447,43.000000000003553,189.99999999999645,138.99999999999289,136.00000000000711,39,8.9999999999999645,799.99999999999648,SSSW,provisional_assumed_short_to_long,0
8.22,0,43.000000000002665,45.999999999984013,40.000000000007994,198.99999999997601,148.99999999997334,130.00000000001597,39,9,799.00000000000261,SSSW,provisional_assumed_short_to_long,0
8.23,0,43,49.999999999992895,37.000000000005329,201.99999999999466,159.99999999998045,128.00000000000355,39,8.990000000000018,799.99999999999818,SSSW,provisional_assumed_short_to_long,0
8.24,0,43,52.999999999997335,36.000000000000888,206.99999999999557,153.00000000000622,135.99999999999289,39,9.0149999999999775,801.49999999999864,SSSW,provisional_assumed_short_to_long,0
8.25,0,42,61,36,214,121,144,38,9.0399999999999991,803,SSSW,provisional_assumed_short_to_long,0
8.26,0,43.000000000000888,74.000000000022212,36.000000000000888,218.00000000000179,72.999999999999105,149,38,9.10999999999847,803,SSSW,provisional_assumed_short_to_long,0
8.27,0,44.000000000005329,99.00000000003908,37.000000000007105,220.00000000000355,71.999999999992895,148.99999999997868,38.000000000012434,9.2199999999976949,804.99999999995805,SSSW,provisional_assumed_short_to_long,0
8.28,0,47.000000000026645,121.0000000000453,41,222.00000000000799,67.999999999989342,137.00000000001066,45.000000000023981,9.2100000000002016,809.99999999989961,SSSW,provisional_assumed_short_to_long,0
8.29,0,57.000000000007461,138.00000000001492,41,225.0000000000224,63.999999999985079,140.99999999999253,53.999999999981348,9.2899999999984786,819.99999999980992,SSSW,provisional_assumed_short_to_long,0
8.30,0,59.000000000013856,141.99999999993994,41.000000000004619,231.00000000001387,60,139.00000000000463,48.999999999953815,9.3699999999985497,831.99999999978263,SSSW,provisional_assumed_short_to_long,0
8.31,0,62.000000000022027,128.99999999981827,42.000000000005507,234.00000000001103,59.999999999994493,140,38.999999999994493,9.3999999999994834,835.99999999993111,SSSW,provisional_assumed_short_to_long,0
8.32,0,66.000000000044764,95.999999999904077,43.000000000006395,236.00000000001279,59,140.00000000003197,37.999999999993605,9.4249999999995921,840.49999999992644,SSSW,provisional_assumed_short_to_long,0
8.33,0,73.000000000080121,81.000000000021856,44.000000000007283,238.00000000008012,59.000000000007283,145.00000000013111,37,9.449999999999612,844.99999999993042,SSSW,provisional_assumed_short_to_long,0
8.34,0,84.000000000106226,84.00000000006537,45,249.00000000006537,60.000000000057199,163.00000000008171,37,9.3700000000011645,856.99999999982515,SSSW,provisional_assumed_short_to_long,0
8.35,0,97.00000000016307,92.00000000026273,45.000000000009059,257.00000000012682,67.000000000045304,173.00000000001813,37,9.389999999999727,861.99999999993156,SSSW,provisional_assumed_short_to_long,0
8.36,0,115.00000000042775,121.00000000029843,46.000000000009948,271.00000000014921,72.00000000053717,175.00000000017906,37,9.4599999999991056,906.99999999942452,SSSW,provisional_assumed_short_to_long,0
8.37,0,158.0000000005617,151.00000000019824,47.000000000022027,286.00000000014319,126.00000000061675,193.00000000029738,37,9.2200000000028144,1092.9999999978193,SSSW,provisional_assumed_short_to_long,0
8.38,0,209.00000000022612,169.00000000023803,49.00000000022613,299.00000000028564,182.00000000073788,220.00000000026182,37,8.1600000000114861,1471.9999999958932,SSSW,provisional_assumed_short_to_long,0
8.39,0,227.999999999811,188.99999999980105,67.999999999810996,322.99999999976126,243.99999999938325,241.99999999978115,37,7.9600000000019895,1596.4999999987615,SSSW,provisional_assumed_short_to_long,0
8.40,0,235.99999999992752,207.99999999982788,76.499999999922991,340.99999999983692,272.99999999973727,269.49999999975086,39.999999999972822,7.7600000000018117,1720.9999999988722,SSSW,provisional_assumed_short_to_long,0
8.41,0,243.99999999993463,226.99999999984476,84.999999999930537,358.99999999985289,301.99999999976302,296.9999999997753,42.999999999975486,7.799999999999673,1764.9999999996405,SSSW,provisional_assumed_short_to_long,0
8.42,0,285.99999999969413,282.99999999959215,85.999999999992724,383.99999999981793,357.99999999959215,328.99999999976694,71.999999999788798,7.9699999999987616,1830.9999999995193,SSSW,provisional_assumed_short_to_long,0
8.43,0,338.9999999996611,308.99999999983373,130.99999999971223,401.99999999988489,400.99999999972499,350.99999999985931,148.99999999950759,8.2099999999984661,1868.9999999997569,SSSW,provisional_assumed_short_to_long,0
8.44,0,364.99999999985681,329.99999999988438,187.99999999968611,411.99999999994492,407.99999999996146,358.99999999995595,165.99999999990638,8.4699999999985689,1856.0000000000716,SSSW,provisional_assumed_short_to_long,0
8.45,0,408.99999999979678,352.99999999989376,223.99999999983373,424.99999999993997,412.99999999997692,363.99999999997692,181.9999999999261,8.719999999998846,1815.0000000001894,SSSW,provisional_assumed_short_to_long,0
8.46,0,458.99999999982236,368.99999999994316,244.99999999992539,434.99999999996447,422.99999999996447,374.99999999996089,205.99999999991473,8.7349999999999461,1813.5000000000052,SLT,provisional_assumed_short_to_long,0
8.47,0,464.99999999998403,379.99999999997067,247.99999999999201,434.00000000000267,425.99999999999199,376.99999999999466,214.99999999997601,8.7499999999999609,1812.0000000000041,SLT,provisional_assumed_short_to_long,0
8.48,0,479.99999999997334,390.99999999998045,227.00000000003729,434,424.00000000000352,376.00000000000176,216.99999999999645,9.0599999999994498,1863.9999999999077,SLT,provisional_assumed_short_to_long,0
8.49,0,480.49999999999955,393.49999999999778,226.50000000000045,434,424,375.50000000000045,224.49999999999335,9.1399999999999295,1861.0000000000027,SLT,provisional_assumed_short_to_long,0
8.50,0,481,396,226,434,424,375,232,9.1999999999999993,1863,SLT,provisional_assumed_short_to_long,0
8.51,0,482,401,225.99999999999466,428.99999999999642,419.99999999999557,373.99999999999113,237.99999999999733,9.3999999999956305,1809.0000000011798,SLT,provisional_assumed_short_to_long,0
8.52,0,482,400.99999999999824,220,424.99999999999113,414.99999999998579,363.99999999998403,234.99999999999645,9.4599999999987432,1801.0000000001678,SLT,provisional_assumed_short_to_long,0
8.53,0,481.99999999999733,400.00000000000267,220.00000000000267,419.99999999998931,406.99999999997601,354.99999999998136,232.99999999998667,9.4849999999994985,1796.0000000001003,SLT,provisional_assumed_short_to_long,0
8.54,0,480.99999999999255,400.99999999999255,221.0000000000112,415.9999999999888,397.99999999996641,347.9999999999776,228,9.5099999999995255,1791.000000000095,SLT,provisional_assumed_short_to_long,0
8.55,0,478.99999999999073,398.99999999999073,224.00000000000463,412.99999999995845,388.99999999995379,341.99999999996766,227.99999999998613,9.549999999999276,1773.0000000003261,SLT,provisional_assumed_short_to_long,0
8.56,0,476.99999999995595,396.99999999995043,224.99999999999449,403.99999999997249,378.99999999992843,334.99999999995043,224.99999999998349,9.5999999999991381,1748.0000000004309,SLT,provisional_assumed_short_to_long,0
8.57,0,468.99999999992963,387.999999999968,223.99999999998721,398.99999999991684,365.99999999989768,325.99999999992326,221.99999999988489,9.6599999999990196,1723.0000000004086,SLT,provisional_assumed_short_to_long,0
8.58,0,457.99999999979605,382.99999999994901,221.99999999994174,385.99999999993446,349.99999999992718,313.99999999992718,203.99999999994174,9.7299999999989186,1703.000000000309,SLT,provisional_assumed_short_to_long,0
8.59,0,429.9999999997957,375.99999999992644,213.99999999999181,376.99999999994282,339.99999999984476,303.99999999994282,195.9999999998856,9.7899999999991252,1680.0000000003349,SLT,provisional_assumed_short_to_long,0
8.60,0,404.99999999979161,366.99999999992752,212.99999999994563,369.99999999993656,320.99999999990035,296.99999999992752,181.99999999988222,9.849999999999179,1658.0000000003008,SLT,provisional_assumed_short_to_long,0
8.61,0,381.99999999980105,358.99999999985079,206.99999999992042,362.99999999991047,309.99999999986073,288.99999999993037,168.99999999988063,9.8649999999998084,1649.5000000001087,SLT,provisional_assumed_short_to_long,0
8.62,0,361.99999999972465,343.99999999985681,198.99999999994492,353.99999999991189,295.99999999980173,281.99999999992292,156.99999999988987,9.8799999999998249,1641.0000000000996,SLT,provisional_assumed_short_to_long,0
8.63,0,336.99999999969054,330.99999999984527,193.99999999989288,345.99999999986909,277.99999999979769,274.99999999979769,146.99999999998809,9.9299999999994579,1621.0000000002167,SLT,provisional_assumed_short_to_long,0
8.64,0,311.00000000025864,318.00000000012932,185.00000000008953,335.00000000010942,261.00000000016911,258.00000000016911,146.00000000000995,9.979999999999503,1603.0000000001792,SLT,provisional_assumed_short_to_long,0
8.65,0,297.00000000012682,301.00000000015399,170.00000000013588,320.00000000013591,249.00000000010871,256.00000000001813,141.0000000000453,10.009999999999728,1588.000000000136,SLT,provisional_assumed_short_to_long,0
8.66,0,289.00000000006537,291.00000000008174,171.99999999998366,311.00000000007356,239.00000000008171,232.00000000019611,136.00000000004087,10.049999999999674,1577.0000000000898,SLT,provisional_assumed_short_to_long,0
8.67,0,278.00000000008009,280.00000000008009,167.00000000003641,300.00000000008009,219.00000000014566,204.00000000020393,136,10.099999999999635,1574.5000000000182,SLT,provisional_assumed_short_to_long,0
8.68,0,276.00000000001279,267.00000000008311,160.00000000004476,289.00000000007037,199.0000000001279,178.00000000016627,135.00000000000639,10.149999999999681,1572.0000000000159,SLT,provisional_assumed_short_to_long,0
8.69,0,274.00000000001103,255.00000000006608,160,281.00000000004405,165.00000000018724,163.00000000008259,134.00000000000551,10.239999999999505,1572.9999999999945,SLT,provisional_assumed_short_to_long,0
8.70,0,275.99999999999113,249.00000000002666,160.99999999999557,276.00000000002223,146.00000000008438,158.0000000000222,136.99999999998667,10.289999999999777,1566.0000000000312,SLT,provisional_assumed_short_to_long,0
8.71,0,277.99999999999289,247.00000000000711,164.99999999998579,272.00000000001421,136.00000000003553,154.00000000001421,142.99999999997868,10.349999999999786,1562.0000000000141,SLT,provisional_assumed_short_to_long,0
8.72,0,282.9999999999867,247,170.99999999998403,273.99999999999466,124.00000000003197,162.99999999997601,147.99999999998667,10.40999999999984,1556.0000000000159,SLT,provisional_assumed_short_to_long,0
8.73,0,287.99999999999113,253.99999999998755,175.99999999999113,275.99999999999648,132.99999999998403,175.99999999997692,152.99999999999113,10.479999999999876,1556.9999999999982,SLT,provisional_assumed_short_to_long,0
8.74,0,295.99999999999289,256.99999999999733,176,280.99999999999557,139.99999999999378,182.99999999999378,158.99999999999466,10.539999999999946,1556.0000000000009,SLT,provisional_assumed_short_to_long,0
8.75,0,304,263,182,285,157,188,163,10.584999999999489,1554.0000000000227,SLT,provisional_assumed_short_to_long,0
8.76,0,311.00000000000443,271.00000000000887,182.00000000000443,289.0000000000133,166.00000000001333,193.00000000000443,158.0000000000089,10.629999999999018,1552.0000000000437,SLT,provisional_assumed_short_to_long,0
8.77,3.9079850466841053e-11,316.00000000002132,281.00000000001245,187.000000000016,304.00000000001421,181.000000000016,198.000000000016,168.00000000000711,10.699999999998532,1550.0000000000418,SLT,provisional_assumed_short_to_long,0
8.78,22.000000000101252,328.000000000032,288.00000000003729,196.00000000001864,312.00000000001069,190.00000000005596,207.00000000002666,172.00000000002399,10.809999999997792,1555.9999999998795,SLT,provisional_assumed_short_to_long,0
8.79,60.000000000063416,340.00000000004479,302.00000000004849,203.00000000001864,316.00000000001495,211.00000000005969,217.00000000003732,181.00000000007461,11.049999999995439,1504.0000000009884,SLT,provisional_assumed_short_to_long,0
8.80,77.000000000064659,352.0000000000739,315.0000000000739,208.00000000004158,320.00000000002308,227.00000000006006,227.00000000006006,201.00000000004619,11.13999999999837,1488.0000000002899,SLT,provisional_assumed_short_to_long,0
8.81,91.00000000006608,368.00000000004957,331.00000000005508,217.00000000010462,325.00000000004405,240.00000000004957,240.00000000006608,211.00000000014319,11.22999999999845,1472.0000000002756,SLT,provisional_assumed_short_to_long,0
8.82,103.00000000008313,377.00000000007037,341.00000000005758,236.00000000006395,333.000000000032,249.00000000005116,252.00000000007674,237.00000000010871,11.529999999995097,1429.0000000007028,SLT,provisional_assumed_short_to_long,0
8.83,116.00000000008012,388.00000000008743,350.00000000002916,246.00000000002186,338.00000000004371,257.00000000004371,264.00000000008009,254.00000000011653,11.679999999997682,1405.0000000003708,SLT,provisional_assumed_short_to_long,0
8.84,127.00000000001634,400.00000000010624,354.00000000010624,249.00000000003268,344.00000000000819,263.00000000001637,275.00000000005718,270.00000000013074,11.969999999995776,1381.0000000003497,SLT,provisional_assumed_short_to_long,0
8.85,129.00000000002717,413.00000000003627,367.0000000000453,253,345,265.00000000001813,282.00000000005434,286.00000000003627,11.880000000001232,1425.9999999993845,SLT,provisional_assumed_short_to_long,0
8.86,132.00000000000995,417.00000000000995,372.0000000000199,252.99999999997016,344.9999999999801,266.9999999999801,288.00000000002984,289.99999999995026,11.860000000000255,1433.9999999998977,SLT,provisional_assumed_short_to_long,0
8.87,133.00000000002203,418.00000000001103,374,249.99999999996695,342.99999999997794,265,291.00000000002206,285.00000000001103,11.869999999999882,1405.0000000003399,SLT,provisional_assumed_short_to_long,0
8.88,134.99999999998809,419,373.99999999998812,246.99999999994048,340.9999999999643,264.9999999999643,293.00000000002382,285.999999999762,11.89499999999973,1384.0000000002276,SLT,provisional_assumed_short_to_long,0
8.89,134.00000000000995,419,373.00000000000995,242.00000000004974,338.00000000002984,262.00000000002984,294.9999999999801,266.00000000019895,11.919999999999751,1363.000000000209,SLT,provisional_assumed_short_to_long,0
8.90,132.00000000001813,408.00000000009965,372.00000000000904,235.00000000006341,337.00000000000904,258.00000000003627,291.00000000003627,256.00000000009061,12.159999999997826,1323.0000000003624,SLT,provisional_assumed_short_to_long,0
8.91,129.0000000000245,397.00000000008987,369.0000000000245,230.00000000004087,333.00000000003268,251.00000000005718,289.00000000001637,232.00000000019611,12.120000000000326,1366.9999999996405,SLT,provisional_assumed_short_to_long,0
8.92,129.99999999999272,390.00000000005099,361.00000000005826,222.00000000005826,331.00000000001455,244.00000000005099,286.00000000002183,230.00000000001455,11.960000000001166,1387.999999999847,SLT,provisional_assumed_short_to_long,0
8.93,125.00000000003197,385.00000000003195,356.00000000003195,213.00000000005755,329.00000000001279,239.00000000003197,283.00000000001921,215.00000000009592,12.499999999996547,1274.000000000729,SLT,provisional_assumed_short_to_long,0
8.94,112.00000000007159,378.00000000003854,344.00000000006605,204.00000000004957,326.00000000001654,223.00000000008811,279.00000000002206,186.0000000001597,13.32999999999543,1097.0000000009748,SLT,provisional_assumed_short_to_long,0
8.95,100.00000000005329,367.00000000004883,331.00000000005775,189.00000000006662,320.00000000002666,209.00000000006219,264.00000000006662,168.00000000007992,13.250000000000355,1062.0000000001555,SLT,provisional_assumed_short_to_long,0
8.96,87.000000000046185,354.00000000004616,309.00000000007816,170.0000000000675,306.00000000004974,180.00000000010303,249.00000000005329,148.00000000007105,13.170000000000284,1027.0000000001244,SLT,provisional_assumed_short_to_long,0
8.97,75.000000000031974,341.00000000003462,292.0000000000453,157.00000000003465,281.00000000006662,140.00000000010658,247.00000000000534,105.00000000011457,13.329999999999574,868.0000000004236,SLT,provisional_assumed_short_to_long,0
8.98,52.000000000040856,325.00000000002842,276.00000000002842,141.00000000002842,255.00000000004619,103.00000000006573,239.00000000001421,69.000000000063949,12.720000000001084,694.00000000030911,SLT,provisional_assumed_short_to_long,0
8.99,9.0000000000381917,304.00000000001864,263.00000000001154,109.00000000002842,242.00000000001154,72.000000000027541,217.00000000001955,44.000000000022204,12.500000000000195,658.00000000003195,SLT,provisional_assumed_short_to_long,0
9.00,0,277,244,81,227,71,201,39,12.51,648,SLT,provisional_assumed_short_to_long,0
9.01,0,252.99999999998755,231.99999999997956,51.000000000000888,222.99999999999557,71,184.99999999998136,38,12.460000000000523,630.50000000018338,SLT,provisional_assumed_short_to_long,0
9.02,0,238.99999999998755,208.99999999995026,51.999999999998224,217.99999999999289,70.999999999998224,163.99999999996624,38.000000000001776,12.410000000001048,613.00000000036687,SLT,provisional_assumed_short_to_long,0
9.03,0,231.99999999997334,180.99999999995737,50.999999999997335,214,70,144.999999999984,39,11.700000000014251,672.9999999987956,SLT,provisional_assumed_short_to_long,0
9.04,0,221.99999999997016,164.99999999995151,50.00000000000373,213.99999999999628,70.000000000003737,139,38.99999999999627,10.340000000025849,824.99999999711099,SLT,provisional_assumed_short_to_long,0
9.05,0,213.99999999995381,151.99999999999076,50.999999999995381,213.00000000000924,71,139,37.999999999995381,8.8800000000264543,806.00000000034424,SLT,provisional_assumed_short_to_long,0
9.06,0,203.99999999999449,149.99999999998349,50,214.99999999998897,71.000000000011013,139,37,8.0100000000149905,734.00000000124055,SLT,provisional_assumed_short_to_long,0
9.07,0,203.00000000000639,146.99999999992326,49.999999999993605,212.99999999993605,73,138.99999999998721,37,7.9700000000006535,743.99999999983652,SLT,provisional_assumed_short_to_long,0
9.08,0,204.00000000002913,134.99999999973781,49.000000000014566,202.99999999991988,73,136.99999999999272,37,7.9600000000001545,747.99999999993815,SLT,provisional_assumed_short_to_long,0
9.09,0,208.00000000009805,98.99999999986926,51.000000000008171,191.99999999989376,72.999999999991829,135.99999999999181,37.000000000008171,7.96,748.49999999999272,SLT,provisional_assumed_short_to_long,0
9.10,0,220.00000000002717,82.999999999773507,52,178.99999999991846,72.000000000009067,134.99999999999093,38.000000000009059,7.96,748.99999999999318,SLT,provisional_assumed_short_to_long,0
9.11,0,223.00000000000995,58.000000000009948,52,169.99999999996021,73.000000000019895,134.0000000000199,39,7.96,749,SLT,provisional_assumed_short_to_long,0
9.12,0,223.99999999997797,59,52,166.00000000002203,74.999999999988987,136.00000000001103,39,8.0099999999994136,742.00000000008208,SLT,provisional_assumed_short_to_long,0
9.13,0,221.9999999999286,58.99999999992859,52,167.9999999999286,73.999999999988106,136.99999999998809,39,8.0299999999997826,741.0000000000108,SLT,provisional_assumed_short_to_long,0
9.14,0,216.00000000005969,53.000000000059686,52,162.00000000005969,73.000000000009948,136.00000000000995,39,8.020000000000099,741,SLT,provisional_assumed_short_to_long,0
9.15,0,210.00000000005434,51.000000000018119,52,160.00000000001813,73,134.00000000001813,39,8.0599999999996381,743.99999999997283,SLT,provisional_assumed_short_to_long,0
9.16,0,202.00000000006537,49.000000000016342,52.999999999991829,160,70.000000000024514,134,39,8.0600000000000005,744.49999999999591,SLT,provisional_assumed_short_to_long,0
9.17,0,192.00000000007282,49.999999999992717,53,166.99999999994901,71.999999999985434,132.00000000001455,39.999999999992717,8.0600000000000005,744.99999999999636,SLT,provisional_assumed_short_to_long,0
9.18,0,184.00000000005116,50,53,168.99999999998721,72.999999999993605,131.00000000000639,40,8.0699999999999363,745.99999999999363,SLT,provisional_assumed_short_to_long,0
9.19,0,166.00000000009913,49.000000000005507,53,174.99999999996697,72.000000000005514,131,40,8.0600000000000556,748.99999999998352,SLT,provisional_assumed_short_to_long,0
9.20,0,151.00000000006662,42.000000000031086,52.000000000004441,173.00000000000887,73.999999999991118,133.99999999998667,40,8.0500000000000451,754.9999999999734,SLT,provisional_assumed_short_to_long,0
9.21,0,144.00000000002487,42.999999999996447,52,179.99999999997513,75.999999999992895,136.99999999998934,40,8.0500000000000007,755.99999999999648,SLT,provisional_assumed_short_to_long,0
9.22,0,137.00000000001864,43.999999999997335,51.000000000002665,184.99999999998667,78.999999999992013,136.00000000000267,40.999999999997335,8.0599999999999739,758.99999999999204,SLT,provisional_assumed_short_to_long,0
9.23,0,131.00000000001066,42.000000000003553,51,195.99999999998045,83.999999999991118,148.99999999997692,41,8.0899999999999466,760.99999999999648,SLT,provisional_assumed_short_to_long,0
9.24,0,130.00000000000088,42.999999999999112,50.000000000000888,210.99999999998667,89.999999999994671,149.99999999999912,41,8.0899999999999999,765.49999999999602,SLT,provisional_assumed_short_to_long,0
9.25,0,131,43,50,225,112,152,41,8.0899999999999999,770,SLT,provisional_assumed_short_to_long,0
9.26,0,129.99999999999466,41.999999999999112,48.999999999998224,236.00000000001245,127.00000000002309,155.99999999999821,42.000000000000888,8.9399999999814277,823.99999999882016,SLT,provisional_assumed_short_to_long,0
9.27,0,123.99999999998046,41.000000000001776,47.000000000001776,250.000000000016,153.00000000008882,154,43.000000000001776,8.1500000000165596,779.00000000094326,SLT,provisional_assumed_short_to_long,0
9.28,0,112.99999999995737,42,48,259.00000000000801,203.00000000006395,153.99999999997334,43.999999999997335,8.2099999999987965,784.99999999987961,SLT,provisional_assumed_short_to_long,0
9.29,0,96.999999999891813,42,47.999999999992539,261.9999999999776,227.00000000013802,143.99999999983586,43.00000000000373,8.2999999999982901,797.99999999975296,SLT,provisional_assumed_short_to_long,0
9.30,0,67.999999999958433,41.999999999990763,45.999999999995381,255.99999999997229,264.00000000009697,99.999999999861444,43.999999999995381,8.3449999999991853,806.49999999984595,SLT,provisional_assumed_short_to_long,0
9.31,0,58.99999999993392,40,44.999999999994493,249.99999999995043,284.99999999999449,69.999999999961446,42.999999999994493,8.3899999999992261,814.99999999985357,SLT,provisional_assumed_short_to_long,0
9.32,0,46.99999999998721,39.99999999997442,43.999999999993605,241,283.99999999987847,63.000000000006395,41.99999999998721,9.2099999999866,889.99999999877434,SLT,provisional_assumed_short_to_long,0
9.33,0,44.999999999985434,36,43,241.0000000000874,264.99999999994174,64.00000000000729,40,9.3099999999984551,907.99999999972181,SLT,provisional_assumed_short_to_long,0
9.34,0,42.999999999991829,36,43.000000000008171,253.00000000005721,256.99999999992644,65.000000000008171,40,9.4099999999985435,917.99999999985437,SLT,provisional_assumed_short_to_long,0
9.35,0,41.999999999990941,36.000000000018119,43.999999999990941,259.99999999998187,248,65.999999999990933,40.000000000009059,8.7800000000086165,874.00000000060186,SLT,provisional_assumed_short_to_long,0
9.36,0,40.999999999990052,37.999999999990052,42.99999999996021,257.99999999994031,248.00000000014921,65.000000000069633,40.999999999980105,9.5899999999896401,931.99999999925819,SLT,provisional_assumed_short_to_long,0
9.37,0,40.000000000011013,37.000000000088107,38.999999999944933,251.99999999996695,263.00000000025329,72.000000000286349,39,9.6599999999991795,939.99999999990621,SLT,provisional_assumed_short_to_long,0
9.38,0,41,45.000000000166622,33.999999999988098,248.99999999998809,286.00000000016661,98.000000000380851,39,9.6949999999996201,945.99999999993497,SLT,provisional_assumed_short_to_long,0
9.39,0,41,58.999999999860734,33.000000000009948,248.00000000000995,299.99999999986073,129.99999999968168,39,9.7299999999996523,951.99999999994031,SLT,provisional_assumed_short_to_long,0
9.40,0,41.999999999990941,88.999999999728217,32.000000000009059,247.00000000000907,306.99999999993656,140.99999999990035,41.999999999972822,9.7999999999993666,965.99999999987313,SLT,provisional_assumed_short_to_long,0
9.41,0,43.999999999983658,114.99999999978755,30.000000000016342,252.99999999995097,312.999999999951,152.99999999990195,52.999999999910116,9.1400000000053936,925.00000000033504,SLT,provisional_assumed_short_to_long,0
9.42,0,45.999999999985434,112.00000000002186,30,253.99999999999272,309.0000000000291,161.99999999993446,47.000000000043698,9.1899999999996353,935.99999999991985,SLT,provisional_assumed_short_to_long,0
9.43,0,50.499999999971223,111.5000000000032,30,254,307.50000000000961,165.4999999999776,45.00000000001279,9.9099999999953958,984.99999999968668,SLT,provisional_assumed_short_to_long,0
9.44,0,54.999999999975216,111.00000000000276,30,254,306.00000000000824,168.99999999998073,43.000000000011013,9.9100000000000001,990.99999999996692,SLT,provisional_assumed_short_to_long,0
9.45,0,73.999999999915616,107.00000000001776,30.999999999995559,254,304.00000000000887,175.99999999996891,43.999999999995559,9.1700000000032862,989.00000000000887,SLT,provisional_assumed_short_to_long,0
9.46,0,123.99999999982236,120.99999999995026,38.999999999971578,269.99999999994316,308.99999999998226,192.9999999999396,44,9.3749999999992717,1086.4999999996537,SLT,provisional_assumed_short_to_long,0
9.47,0,159.99999999990408,141.99999999994404,40.999999999994671,277.99999999997868,312.49999999999068,207.99999999996004,46.499999999993335,9.5799999999994547,1183.9999999997401,SLT,provisional_assumed_short_to_long,0
9.48,0,195.99999999993605,162.99999999996271,42.999999999996447,285.99999999998579,315.9999999999938,222.99999999997334,48.999999999995559,8.5900000000017585,1462.9999999995043,SLT,provisional_assumed_short_to_long,0
9.49,0,232.99999999996714,188.99999999997692,47.999999999995559,301.99999999998579,335.99999999998226,254.99999999997158,59.99999999999023,8.170000000000373,1677.999999999809,SLT,provisional_assumed_short_to_long,0
9.50,0,244,225,90,324,372,287,67,8.1099999999999994,1786,SLT,provisional_assumed_short_to_long,0
9.51,0,266.00000000003376,262.00000000003553,93,352.00000000000443,393.00000000000801,306.00000000000711,105.00000000004619,8.2599999999967224,1857.9999999984268,SLT,provisional_assumed_short_to_long,0
9.52,0,304.00000000007464,302.00000000003553,93.000000000042633,357.00000000001069,402.00000000000176,314.00000000000711,157.00000000002132,8.339999999998323,1885.9999999994131,SLT,provisional_assumed_short_to_long,0
9.53,0,346.00000000009061,322.00000000005593,117.0000000000453,363.00000000002132,403,318.00000000002132,169,8.4199999999983941,1913.9999999994379,SLT,provisional_assumed_short_to_long,0
9.54,0,380.00000000007464,343.00000000006713,134.00000000001864,371.0000000000224,403.0000000000112,326.00000000003729,169.00000000006341,8.6499999999956287,1987.9999999985935,SLT,provisional_assumed_short_to_long,0
9.55,0,400.00000000006469,361.00000000003234,138.99999999998153,377.00000000002308,406.00000000001847,336.00000000001387,186.00000000004619,8.7599999999980067,2002.9999999997283,SLT,provisional_assumed_short_to_long,0
9.56,0,414.00000000006611,368.00000000001654,134.99999999979624,381.99999999998897,409.99999999999449,339.00000000000551,196.00000000003305,9.229999999991902,2017.9999999997415,SLT,provisional_assumed_short_to_long,0
9.57,0,426.00000000010232,371.00000000003837,97.999999999993605,379.99999999999358,408.99999999999358,340,201.99999999999361,9.3399999999982022,2011.0000000001144,SLT,provisional_assumed_short_to_long,0
9.58,0,442.00000000005099,377.00000000002183,97.000000000182084,378.99999999997817,407.99999999998545,339.99999999998545,201.00000000002913,9.4499999999982993,1991.000000000309,SSLW,provisional_assumed_short_to_long,0
9.59,0,449.00000000000819,380.0000000000245,122.00000000012257,375.99999999999181,405.9999999999755,337.99999999995913,205.00000000000819,9.4599999999998552,1969.0000000003204,SSLW,provisional_assumed_short_to_long,0
9.60,0,449.99999999996373,382.99999999999096,137.00000000003624,374.99999999998187,402.99999999990939,332.99999999994566,205.99999999998187,9.5399999999989049,1976.4999999998975,SSLW,provisional_assumed_short_to_long,0
9.61,0,445.99999999995026,381.99999999995026,141.00000000006963,372.99999999994031,392.999999999811,326.99999999991047,203.99999999995026,9.619999999998976,1983.999999999904,SSLW,provisional_assumed_short_to_long,0
9.62,0,440.99999999995595,376.99999999994492,148.00000000004405,366.99999999996697,373.99999999983481,317.99999999988984,198.99999999979073,9.7199999999988282,1960.0000000002815,SSLW,provisional_assumed_short_to_long,0
9.63,0,436.99999999983339,371.99999999997618,152.00000000004761,363.99999999994048,358.99999999991667,307.99999999995242,179.999999999881,9.9499999999975071,1892.0000000007369,SSLW,provisional_assumed_short_to_long,0
9.64,0,423.00000000013927,370.0000000000199,155.99999999996021,359.00000000004974,352.00000000006963,304.00000000003979,170.00000000009948,9.9499999999999993,1816.000000000756,SSLW,provisional_assumed_short_to_long,0
9.65,0,417.00000000005434,365.0000000000453,158.99999999997283,355.00000000003627,345.00000000006344,299.0000000000453,151.00000000017212,9.999999999999547,1745.0000000006432,SSLW,provisional_assumed_short_to_long,0
9.66,0,410.00000000005718,360.00000000004087,159,348.00000000005718,341.00000000003268,295.00000000003268,149.00000000001634,10.029999999999756,1732.5000000001021,SSLW,provisional_assumed_short_to_long,0
9.67,0,396.00000000010198,356.0000000000291,163.99999999996359,342.00000000004371,337.0000000000291,290.00000000003644,138.00000000008012,10.059999999999782,1720.0000000000909,SSLW,provisional_assumed_short_to_long,0
9.68,0,386.00000000006395,350.00000000003837,178.99999999990408,335.00000000004479,333.00000000002558,286.00000000002558,130.00000000005116,10.129999999999553,1695.0000000001598,SSLW,provisional_assumed_short_to_long,0
9.69,0,379.00000000003854,344.00000000003303,181.99999999998349,327.00000000004405,330.00000000001654,283.00000000001654,117.00000000007159,10.199999999999614,1674.0000000001157,SSLW,provisional_assumed_short_to_long,0
9.70,0,368.00000000004883,339.00000000002223,184.99999999998667,315.00000000005332,322.00000000003553,277.00000000002666,113.00000000001776,10.239999999999823,1653.0000000000932,SSLW,provisional_assumed_short_to_long,0
9.71,0,352.00000000005684,332.0000000000249,184.00000000000355,307.00000000002842,308.00000000004974,274.00000000001069,109.00000000001421,10.309999999999752,1634.0000000000675,SSLW,provisional_assumed_short_to_long,0
9.72,0,334.00000000004798,319.00000000003462,183.00000000000267,301.00000000001597,297.00000000002933,268.00000000001597,94.000000000039961,10.359999999999866,1615.0000000000507,SSLW,provisional_assumed_short_to_long,0
9.73,0,318.00000000002842,312.00000000001245,180.00000000000534,298.00000000000534,281.00000000002842,257.00000000001955,86.000000000014211,10.439999999999857,1602.0000000000232,SSLW,provisional_assumed_short_to_long,0
9.74,0,304.00000000001245,305.0000000000062,176.00000000000355,289.00000000000801,272.00000000000801,245.00000000001066,80.000000000005329,10.474999999999969,1597.5000000000041,SSLW,provisional_assumed_short_to_long,0
9.75,0,290,292,169,275,256,230,77,10.51,1593,SSLW,provisional_assumed_short_to_long,0
9.76,0,285.99999999999466,280.99999999998312,153.99999999999733,257.99999999999466,248.99999999999557,206.99999999999022,78.999999999998224,10.579999999998471,1580.000000000284,SSLW,provisional_assumed_short_to_long,0
9.77,0,279.99999999999113,261.99999999998221,150.99999999999645,251.99999999999289,243.99999999998224,195.99999999997334,77.000000000001776,10.639999999998743,1564.0000000003354,SSLW,provisional_assumed_short_to_long,0
9.78,0,274.99999999999199,251.99999999997334,148.99999999999201,247.99999999998934,233.99999999999733,180.99999999997334,77.999999999989342,10.699999999998795,1552.0000000002408,SSLW,provisional_assumed_short_to_long,0
9.79,0,271.99999999999255,241.99999999997388,145.99999999996268,243.99999999998508,232.99999999999253,170.99999999997016,74.000000000007461,10.769999999998669,1546.0000000001141,SSLW,provisional_assumed_short_to_long,0
9.80,0,269.9999999999954,234.99999999998613,135.99999999998613,239.99999999999076,230.99999999998153,162.99999999996766,76.000000000004619,10.829999999998913,1529.0000000003081,SSLW,provisional_assumed_short_to_long,0
9.81,0,269,231.99999999998349,133.00000000000551,237.99999999999449,226.99999999998349,155.99999999989538,77,10.949999999997932,1499.5000000005084,SSLW,provisional_assumed_short_to_long,0
9.82,0,269,229.00000000000639,133.99999999999361,236.99999999999361,223.99999999999361,136.99999999998082,77.000000000019185,11.069999999998039,1470.000000000482,SSLW,provisional_assumed_short_to_long,0
9.83,0,269,229.99999999997814,133.00000000005826,236,222.99999999997814,133.99999999995629,80,11.189999999998145,1456.0000000002165,SSLW,provisional_assumed_short_to_long,0
9.84,0,269.00000000000819,226.99999999999181,140.99999999998366,236.00000000000819,219.99999999998366,127.99999999995914,80.000000000008171,11.319999999998107,1435.0000000003058,SSLW,provisional_assumed_short_to_long,0
9.85,0,270.00000000001813,226,139.00000000000907,237.00000000001813,217.99999999999093,123.00000000003624,81.000000000018119,11.37999999999918,1425.0000000001369,SSLW,provisional_assumed_short_to_long,0
9.86,0,272.0000000000199,226.00000000002984,140.00000000002984,239.00000000000995,216.99999999996021,127.00000000003979,82.999999999990052,11.479999999998721,1420.0000000000639,SSLW,provisional_assumed_short_to_long,0
9.87,0,274.00000000002206,229.00000000001103,142.99999999997797,240,212.99999999998897,131.00000000003305,82.000000000055067,11.509999999999648,1418.5000000000175,SSLW,provisional_assumed_short_to_long,0
9.88,0,276.00000000002382,230,141.00000000004761,240.00000000002379,211.9999999999643,134.0000000000833,87.000000000035698,11.539999999999674,1417.0000000000161,SSLW,provisional_assumed_short_to_long,0
9.89,0,277.9999999999801,230,144.99999999996021,241.9999999999801,209.00000000002984,140.99999999993037,89.999999999970157,11.569999999999702,1418.99999999998,SSLW,provisional_assumed_short_to_long,0
9.90,0,280.99999999997283,230,145,242,207.00000000001813,142.99999999998187,103.99999999987317,11.639999999999366,1419.9999999999909,SSLW,provisional_assumed_short_to_long,0
9.91,0,282.99999999998363,232.9999999999755,155.99999999991013,243.99999999998366,203.00000000003268,148.99999999995097,109.99999999995097,11.679999999999673,1420.9999999999918,SSLW,provisional_assumed_short_to_long,0
9.92,0,285.99999999997817,233.99999999999272,152.00000000002913,245.99999999998545,199.00000000002913,155.99999999994901,113.99999999997087,11.74999999999949,1412.0000000000655,SSLW,provisional_assumed_short_to_long,0
9.93,0,287.99999999998721,237.99999999997442,161.99999999993605,247.99999999998721,191.00000000005116,168.99999999991687,117.99999999997442,11.799999999999681,1404.0000000000512,SSLW,provisional_assumed_short_to_long,0
9.94,0,289.99999999998897,238.99999999999449,166.99999999997246,252.99999999997246,191,177.99999999995043,124.99999999996146,11.83999999999978,1398.000000000033,SSLW,provisional_assumed_short_to_long,0
9.95,0,298.99999999996004,243.9999999999778,168.99999999999113,256.99999999998226,194.99999999998224,182.9999999999778,128.99999999998224,11.874999999999844,1395.5000000000111,SSLW,provisional_assumed_short_to_long,0
9.96,0,301.99999999998931,246.99999999998934,172.99999999998579,261.99999999998226,194.00000000000355,190.99999999997158,134.99999999997868,11.909999999999876,1393.0000000000089,SSLW,provisional_assumed_short_to_long,0
9.97,15.999999999957367,306.9999999999867,251.99999999998667,176.99999999998934,269.99999999997868,192.00000000000534,199.99999999997601,139.99999999998667,12.099999999999493,1381.0000000000321,SSLW,provisional_assumed_short_to_long,0
9.98,38.999999999959144,312.99999999998931,260.99999999998403,179.99999999999466,275.99999999998931,194.99999999999466,207.99999999998579,147.99999999998579,12.109999999999982,1375.0000000000107,SSLW,provisional_assumed_short_to_long,0
9.99,52.999999999987566,317.99999999999557,264.99999999999648,184.99999999999557,278.99999999999733,190.00000000000443,218.99999999999022,149.99999999999824,12.229999999999894,1359.0000000000141,SSLW,provisional_assumed_short_to_long,0
10.00,62,323,275,190,283,191,227,160,12.449999999999999,1329,SSLW,provisional_assumed_short_to_long,0
10.01,68.000000000007105,326.00000000000176,279.00000000000358,193.99999999999821,287.00000000000176,195.00000000000179,232.00000000000443,170.0000000000089,12.554999999998898,1313.0000000001678,SSLW,provisional_assumed_short_to_long,0
10.02,76.000000000008882,328.00000000000176,283.00000000000534,192.00000000000355,289.00000000000358,197.00000000000711,237.00000000000179,179.99999999999821,12.659999999997799,1297.0000000003354,SSLW,provisional_assumed_short_to_long,0
10.03,81.000000000008001,329.00000000000267,286.00000000001069,194,291.00000000000267,201.00000000000267,238.00000000000799,179.00000000000799,12.869999999995784,1254.0000000008631,SSLW,provisional_assumed_short_to_long,0
10.04,84.000000000018659,330.00000000000375,290.00000000001495,193.99999999999628,292.00000000001495,202.00000000000747,241.00000000000372,182.00000000000372,13.029999999996958,1225.0000000005512,SSLW,provisional_assumed_short_to_long,0
10.05,89.000000000004619,330.9999999999954,294.00000000001387,193.00000000001387,296.00000000001387,203.99999999999537,242.00000000000924,182.99999999999537,13.159999999997645,1196.0000000005255,SSLW,provisional_assumed_short_to_long,0
10.06,90.000000000011013,330,297.00000000001654,196,299,203,244.00000000000551,182.00000000002203,13.239999999998622,1159.0000000006376,SSLW,provisional_assumed_short_to_long,0
10.07,92.000000000006395,330,300,195.99999999998721,299.00000000001921,203.00000000001918,245.00000000001279,186,13.220000000000327,1112.0000000007681,SSLW,provisional_assumed_short_to_long,0
10.08,93.00000000000729,330.00000000001455,300,194.00000000001458,302.00000000002183,206.00000000001458,247.00000000002913,185.99999999999272,13.279999999999072,1082.0000000004636,SSLW,provisional_assumed_short_to_long,0
10.09,94.000000000008171,332.00000000000819,300.00000000001637,195.99999999999181,305.00000000000819,208.00000000002453,251.00000000000819,185.00000000004903,13.250000000000437,1063.0000000002767,SSLW,provisional_assumed_short_to_long,0
10.10,95.000000000009067,332.99999999999096,301.99999999997283,194.99999999993659,305.99999999999096,211.00000000000907,252.00000000003624,190.99999999994563,13.220000000000411,1044.0000000002599,SSLW,provisional_assumed_short_to_long,0
10.11,96,332,298.99999999993037,187.99999999990052,305.00000000000995,212,256.00000000002984,184.99999999991047,13.150000000000896,995.00000000062664,SSLW,provisional_assumed_short_to_long,0
10.12,95.999999999922906,331.99999999996697,291.99999999986784,177.99999999983478,305.99999999991189,211.99999999992289,259.00000000004405,175.99999999983478,13.120000000000351,966.00000000034004,SSLW,provisional_assumed_short_to_long,0
10.13,88.99999999979768,328.99999999994048,279.99999999991667,162.99999999989288,297.9999999999286,204.99999999990479,262.9999999999286,160.99999999976197,13.469999999996208,905.00000000066098,SSLW,provisional_assumed_short_to_long,0
10.14,72.000000000169109,324.00000000004974,273.00000000006963,154.00000000008953,292.00000000005969,197.00000000007958,257.00000000005969,141.00000000019895,13.380000000000896,868.00000000036812,SSLW,provisional_assumed_short_to_long,0
10.15,68.000000000036238,320.00000000003627,267.00000000005434,141.00000000011778,285.50000000005889,187.50000000008606,256.50000000000455,131.00000000009061,13.170000000001902,807.00000000055263,SSLW,provisional_assumed_short_to_long,0
10.16,64.000000000032685,316.00000000003268,261.000000000049,128.00000000010624,279.00000000005309,178.00000000007762,256.00000000000409,121.00000000008171,13.020000000001225,770.00000000030229,SSLW,provisional_assumed_short_to_long,0
10.17,53.000000000080114,300.00000000011653,246.00000000010925,96.000000000233058,257.00000000016024,155.00000000016752,254.00000000001455,87.000000000247624,12.870000000001092,733.00000000026944,SSLW,provisional_assumed_short_to_long,0
10.18,6.0000000003005596,278.00000000014069,219.00000000017266,51.00000000028777,247.00000000006395,136.0000000001215,239.00000000009592,42.00000000028777,12.680000000001215,675.00000000037085,SSLW,provisional_assumed_short_to_long,0
10.19,3.3040237212844659e-11,242.00000000019824,194.00000000013767,51,238.00000000004957,119.00000000009362,224.00000000008259,40.000000000011013,12.54000000000077,645.00000000016519,SSLW,provisional_assumed_short_to_long,0
10.20,0,215.00000000011991,170.00000000010658,50.000000000004441,229.00000000003996,110.00000000003996,202.00000000009771,39.000000000004441,11.910000000002798,682.99999999983129,SSLW,provisional_assumed_short_to_long,0
10.21,0,203.00000000004263,147.00000000008171,49.000000000003553,223.00000000002132,105.00000000001776,193.00000000003197,38.000000000003553,11.590000000001137,712.99999999989336,SSLW,provisional_assumed_short_to_long,0
10.22,0,195.00000000002132,111.00000000009592,48.000000000002665,218.00000000001333,106.99999999999467,170.00000000006128,38.999999999997335,10.300000000003438,851.99999999962961,SSLW,provisional_assumed_short_to_long,0
10.23,0,192.00000000000534,91.000000000035527,48,216.00000000000355,107.99999999999822,177.99999999998579,38.000000000001776,10.165000000000241,854.49999999999557,SSLW,provisional_assumed_short_to_long,0
10.24,0,190.50000000000134,89.000000000001776,48,214.00000000000176,108,179.49999999999866,37.500000000000441,10.030000000000118,856.99999999999773,SSLW,provisional_assumed_short_to_long,0
10.25,0,189,87,48,212,108,181,37,9.7799999999999994,885,SSLW,provisional_assumed_short_to_long,0
10.26,0,188.00000000000179,64.99999999998667,49.999999999999112,208.99999999999733,99.999999999992895,180.99999999999466,37,8.8400000000205381,840.00000000098316,SSLW,provisional_assumed_short_to_long,0
10.27,0,190.00000000002311,50,49.000000000003553,205.99999999998755,91.999999999992895,174.99999999998755,37,8.5000000000071267,819.0000000004402,SSLW,provisional_assumed_short_to_long,0
10.28,0,202.99999999998934,50.000000000002665,51,198.99999999997601,87.999999999991999,167.99999999997601,37.000000000002665,7.9100000000118431,760.00000000118428,SSLW,provisional_assumed_short_to_long,0
10.29,0,199.0000000000112,50.99999999999627,50.99999999999627,189.99999999996268,84.999999999992539,158.99999999999628,38,7.9199999999998099,761.99999999996203,SSLW,provisional_assumed_short_to_long,0
10.30,0,202.00000000000463,50,50,179.99999999999076,82.999999999986144,157.99999999999537,38,7.9299999999998185,762.99999999998192,SSLW,provisional_assumed_short_to_long,0
10.31,0,203.00000000000551,49.99999999998348,50.000000000005507,177.99999999996695,79.999999999994486,157,38.000000000005507,7.9399999999998281,763.99999999998272,SSLW,provisional_assumed_short_to_long,0
10.32,0,204.00000000001918,47,51.000000000006395,171.99999999996803,78.999999999980815,157,39,8.4699999999913391,817.99999999911756,SSLW,provisional_assumed_short_to_long,0
10.33,0,207.00000000002186,47,52,166.99999999999272,76.00000000000729,157.00000000000728,39,8.5299999999990721,826.99999999986096,SSLW,provisional_assumed_short_to_long,0
10.34,0,209.99999999999181,47.000000000008171,52,165.99999999997547,77.000000000008171,158.00000000002453,38.999999999991829,8.1200000000059713,778.00000000071373,SSLW,provisional_assumed_short_to_long,0
10.35,0,208.99999999999093,48,52,162.99999999999093,77.999999999990933,161.0000000000453,38.000000000009059,8.169999999999316,781.99999999994532,SSLW,provisional_assumed_short_to_long,0
10.36,0,207.9999999999801,48,52,162.00000000003979,76.999999999990052,166.00000000003979,39,8.2199999999993612,787.99999999992326,SSLW,provisional_assumed_short_to_long,0
10.37,0,205.99999999991189,48,52,165.99999999997797,75.999999999988987,170.00000000002203,39,8.2499999999996483,792.49999999994725,SSLW,provisional_assumed_short_to_long,0
10.38,0,197.9999999999643,47.999999999976197,51.999999999988098,164.00000000005952,75.000000000011894,172.0000000000357,39,8.2799999999996743,796.99999999995123,SSLW,provisional_assumed_short_to_long,0
10.39,0,195.00000000002984,46.000000000019895,51.000000000009948,168.99999999995026,75.999999999990052,174.99999999997016,39,8.379999999999006,812.99999999984084,SSLW,provisional_assumed_short_to_long,0
10.40,0,187.00000000007248,46,52.999999999981881,169.99999999999093,77.999999999981881,184.99999999990939,39,8.4799999999990945,826.99999999987313,SSLW,provisional_assumed_short_to_long,0
10.41,0,165.00000000017977,47.999999999983658,52.000000000008171,173.99999999996732,80.999999999975486,190.99999999995097,39,8.5399999999995089,836.99999999991826,SSLW,provisional_assumed_short_to_long,0
10.42,0,155.00000000007282,40.000000000058265,52,174.99999999999272,85.999999999963592,192.99999999998545,39,9.3299999999942465,897.99999999955571,SSLW,provisional_assumed_short_to_long,0
10.43,0,150.00000000003197,40.999999999993605,52,175.99999999999361,89.99999999997442,194.99999999998721,39.999999999993605,9.3499999999998717,901.99999999997442,SSLW,provisional_assumed_short_to_long,0
10.44,0,137.00000000007159,41.999999999994493,50.000000000011013,175.00000000000551,101.99999999993392,192.00000000001651,40,8.6200000000040191,854.00000000026432,SSLW,provisional_assumed_short_to_long,0
10.45,0,132.0000000000222,42.999999999995559,50,177.99999999998667,105.99999999998224,186.00000000002666,39.000000000004441,8.6399999999999118,858.99999999997783,SSLW,provisional_assumed_short_to_long,0
10.46,0,123.00000000003197,43,50,179.99999999999289,112.99999999997513,180.00000000002132,39,9.004999999998704,882.99999999991473,SSLW,provisional_assumed_short_to_long,0
10.47,0,123,41.000000000005329,49.000000000002665,181.99999999999466,117.99999999998667,170.00000000002666,39,9.3699999999990276,906.99999999993611,SSLW,provisional_assumed_short_to_long,0
10.48,0,120.00000000000533,41.999999999998224,49,180.00000000000355,123.99999999998934,157.00000000002308,39,9.379999999999983,908.99999999999648,SSLW,provisional_assumed_short_to_long,0
10.49,0,113.00000000000622,41.000000000000888,49,182.99999999999733,130.99999999999378,142.00000000001333,39.999999999999112,8.6100000000006833,872.00000000003286,SSLW,provisional_assumed_short_to_long,0
10.50,0,101,42,49,181,135,131,40,8.6400000000000006,878,SSLW,provisional_assumed_short_to_long,0
10.51,0,88.99999999998046,40,49,176.99999999999912,138.99999999999733,118.99999999998489,40.000000000000888,8.6999999999986883,884.99999999984709,SSLW,provisional_assumed_short_to_long,0
10.52,0,66.999999999987566,39.999999999998224,48.999999999998224,175.99999999998579,136.0000000000089,101.9999999999698,40.999999999998224,9.0799999999920349,913.99999999939212,SSLW,provisional_assumed_short_to_long,0
10.53,0,59.999999999968026,39.000000000005329,48,167.99999999999733,141.00000000003996,84.999999999962697,40.000000000002665,9.4599999999923732,942.99999999941792,SSLW,provisional_assumed_short_to_long,0
10.54,0,47.999999999992539,40.99999999999627,48,166.99999999998508,156.00000000010073,70.999999999988802,40.99999999999627,9.5199999999988592,952.99999999980992,SSLW,provisional_assumed_short_to_long,0
10.55,0,45.999999999986144,39.999999999990763,47.999999999995381,162.99999999999537,183.00000000015703,68.000000000023093,40,9.5699999999990943,962.99999999981878,SSLW,provisional_assumed_short_to_long,0
10.56,0,43,38.000000000005507,46.999999999994493,162.00000000002203,217.00000000008811,72.999999999994486,40,9.6399999999987944,974.9999999997932,SSLW,provisional_assumed_short_to_long,0
10.57,0,43,38.99999999998721,46,166.00000000003197,233.00000000000639,72.000000000006395,40,9.679999999999346,986.99999999980389,SSLW,provisional_assumed_short_to_long,0
10.58,0,42.999999999985434,37.000000000007283,45.999999999985434,171.00000000003641,233.99999999998542,73.00000000000729,39.999999999992717,9.689999999999845,991.99999999992269,SSLW,provisional_assumed_short_to_long,0
10.59,0,41,38.000000000008171,44,176.00000000002453,231.99999999998366,74.000000000016342,39,9.6999999999998536,992.99999999998545,SSLW,provisional_assumed_short_to_long,0
10.60,0,40.999999999990941,39,43.999999999972822,179.00000000018119,230.00000000000907,76.000000000144951,39,9.6999999999999993,993,SSLW,provisional_assumed_short_to_long,0
10.61,0,40,38.999999999990052,40.999999999970157,199.00000000007958,230.99999999997016,92.000000000159162,39,9.6999999999999993,993,SSLW,provisional_assumed_short_to_long,0
10.62,0,40.000000000011013,38.000000000088107,37.999999999988987,207.00000000001103,228,108.00000000012115,39,9.6999999999999993,993,SSLW,provisional_assumed_short_to_long,0
10.63,0,41,46.000000000011902,36.999999999976197,208.00000000002379,228.00000000004761,119.00000000009521,39,9.6900000000001079,993.9999999999892,SSLW,provisional_assumed_short_to_long,0
10.64,0,41,46.999999999990052,35.000000000019895,209.9999999999801,231.99999999996021,126.99999999992042,39,9.6899999999999995,992.0000000000199,SSLW,provisional_assumed_short_to_long,0
10.65,0,41,47.999999999990941,35.999999999990941,210,235.99999999996376,132.99999999994566,39,9.6899999999999995,992,SSLW,provisional_assumed_short_to_long,0
10.66,0,41,48.999999999991829,36,210,237.99999999998366,134.99999999998366,39,9.6999999999999176,992.99999999999181,SSLW,provisional_assumed_short_to_long,0
10.67,0,40.000000000007283,49,36,210,241.99999999997087,138.99999999997087,39.999999999992717,9.6950000000000358,992.50000000000364,SSLW,provisional_assumed_short_to_long,0
10.68,0,40,48.000000000006395,36,208.00000000001279,244.99999999998082,140.99999999998721,39.000000000006395,9.6900000000000315,992.00000000000318,SSLW,provisional_assumed_short_to_long,0
10.69,0,40,49.999999999988987,36,210.99999999998349,245.99999999999449,147.99999999996146,39.999999999994493,9.6999999999999442,993.99999999998897,SSLW,provisional_assumed_short_to_long,0
10.70,0,40.999999999995559,49.000000000004441,36.999999999995559,211.99999999999557,246.99999999999557,155.99999999996447,40,9.6900000000000439,1011.9999999999201,SSLW,provisional_assumed_short_to_long,0
10.71,0,43.999999999989342,49.999999999996447,38.999999999992895,212.99999999999645,251.99999999998224,159.99999999998579,40.999999999996447,9.5800000000003909,1053.9999999998508,SSLW,provisional_assumed_short_to_long,0
10.72,0,58.999999999960032,52.999999999992006,41.999999999992006,212.00000000000267,261.99999999997334,177.99999999995202,41.999999999997335,9.3700000000005588,1165.9999999997017,SSLW,provisional_assumed_short_to_long,0
10.73,0,88.999999999946709,87.999999999937828,43.999999999996447,219.99999999998579,269.99999999998579,216.99999999993071,41.000000000001776,9.2400000000002311,1232.9999999998811,SSLW,provisional_assumed_short_to_long,0
10.74,0,138.99999999995561,118.99999999997246,44.999999999999112,228.99999999999201,286.99999999998488,239.99999999997956,41,9.1700000000000621,1263.4999999999729,SSLW,provisional_assumed_short_to_long,0
10.75,0,187,145,46,239,306,258,43,9.0999999999999996,1294,SSLW,provisional_assumed_short_to_long,0
10.76,0,205.00000000001864,186.00000000003109,48,249.00000000002311,327.0000000000062,278.0000000000133,51.000000000020428,9.0400000000013101,1328.9999999992353,SSLW,provisional_assumed_short_to_long,0
10.77,0,226.00000000005153,221.00000000005684,48.000000000024869,275.00000000001955,334.00000000001779,293.00000000001245,74.000000000035527,8.9900000000010483,1381.9999999988891,SSLW,provisional_assumed_short_to_long,0
10.78,0,255.00000000003064,253.0000000000413,62.000000000042633,286.00000000000932,344.00000000000398,300.00000000000534,94.000000000022652,8.9700000000004021,1436.9999999988961,SSLW,provisional_assumed_short_to_long,0
10.79,0,266.50000000004292,268.50000000005781,78.000000000059686,289.50000000001307,345.50000000000557,302.00000000000745,102.5000000000317,9.0099999999992395,1491.9999999989545,SSLW,provisional_assumed_short_to_long,0
10.80,0,278.00000000006929,284.00000000008316,94.000000000120082,293.00000000006929,347.00000000003234,304.00000000002308,111.00000000007851,9.0299999999996388,1511.4999999996467,SSLW,provisional_assumed_short_to_long,0
10.81,0,293.00000000007157,302.00000000008259,120.00000000006608,308.00000000006611,354.0000000000606,309.00000000004405,128.00000000004405,9.0499999999996561,1530.9999999996639,SSLW,provisional_assumed_short_to_long,0
10.82,0,306.00000000000642,317.00000000006077,132.00000000002879,320.00000000002558,365.00000000001279,317.000000000032,136.00000000002879,9.1099999999990189,1556.999999999575,SSLW,provisional_assumed_short_to_long,0
10.83,0,307.00000000000728,326.50000000006918,136.50000000003277,324.0000000000291,367.00000000001455,322.00000000003644,140.50000000003277,9.4899999999941276,1639.9999999987174,SSLW,provisional_assumed_short_to_long,0
10.84,0,307.99999999999181,336.00000000008174,140.99999999998366,328.00000000001637,368.9999999999755,327.00000000000819,145.00000000006537,9.5499999999991267,1667.9999999995921,SSLW,provisional_assumed_short_to_long,0
10.85,0,307,346.00000000001813,139.00000000002717,330.00000000002717,366,328.00000000000904,153.00000000003624,9.6099999999991788,1694.9999999996307,SSLW,provisional_assumed_short_to_long,0
10.86,0,307,348.00000000004974,142.0000000000199,333.0000000000199,365.99999999996021,329.00000000000995,157.00000000004974,9.6399999999996169,1713.9999999997569,SSLW,provisional_assumed_short_to_long,0
10.87,0,306.99999999999449,353.00000000001103,144.00000000005505,335.00000000000551,361.99999999998897,330,162.00000000003854,9.6499999999998831,1731.999999999789,SSLW,provisional_assumed_short_to_long,0
10.88,0,306.49999999999972,354.00000000000051,149.00000000000267,335.50000000000028,360.99999999999949,330,165.50000000000188,9.6500000000000004,1734.9999999999675,SSLW,provisional_assumed_short_to_long,0
10.89,0,306.000000000005,354.99999999999005,153.99999999995026,335.999999999995,360.00000000000995,330,168.99999999996518,9.6500000000000004,1737.9999999999702,SSLW,provisional_assumed_short_to_long,0
10.90,0,307.99999999998187,355.99999999999096,159.99999999994566,336.99999999999096,354.00000000005434,328.00000000001813,175.99999999993659,9.6799999999997279,1743.9999999999457,SSLW,provisional_assumed_short_to_long,0
10.91,0,309.99999999998363,356.99999999999181,163.99999999996732,337,349.00000000004087,326.00000000001637,181.99999999995097,9.7099999999997557,1741.0000000000246,SSLW,provisional_assumed_short_to_long,0
10.92,0,316.99999999994901,357,167.99999999997087,337.99999999999272,346.00000000002183,324.00000000001455,187.99999999995629,9.7499999999997087,1738.0000000000218,SSLW,provisional_assumed_short_to_long,0
10.93,0,318.99999999998721,357.99999999999363,171.99999999997442,338.99999999999363,339.00000000004479,320.00000000002558,181.00000000004476,9.6900000000003832,1738,SSLW,provisional_assumed_short_to_long,0
10.94,0,323.99999999997249,357.00000000000551,172,339.99999999999449,335.00000000002206,316.00000000002206,182.99999999998897,9.7299999999997802,1733.0000000000275,SSLW,provisional_assumed_short_to_long,0
10.95,0,332.99999999996004,357,181.99999999995561,339.00000000000443,331.00000000001774,312.00000000001774,179.00000000001776,9.7899999999997327,1733.9999999999955,SSLW,provisional_assumed_short_to_long,0
10.96,0,338.99999999997868,356.50000000000176,185.99999999998579,338.00000000000352,324.0000000000249,309.00000000001069,180.49999999999466,9.7999999999999652,1729.5000000000159,SSLW,provisional_assumed_short_to_long,0
10.97,0,344.99999999998403,356.00000000000131,189.99999999998934,337.00000000000267,317.00000000001864,306.00000000000801,181.99999999999599,9.8099999999999739,1725.0000000000121,SSLW,provisional_assumed_short_to_long,0
10.98,0,346.99999999999648,354.00000000000352,191.99999999999645,335.00000000000352,309.00000000001421,304.00000000000352,184.99999999999466,9.8299999999999645,1720.0000000000089,SSLW,provisional_assumed_short_to_long,0
10.99,0,347.99999999999909,349.00000000000443,192.99999999999912,332.00000000000267,303.00000000000534,300.00000000000352,187.99999999999733,9.8599999999999728,1717.0000000000027,SSLW,provisional_assumed_short_to_long,0
11.00,0,348,344,196,327,294,298,187,9.8800000000000008,1707,SSLW,provisional_assumed_short_to_long,0
11.01,0,345.99999999999824,338.9999999999938,193.99999999999912,321.99999999999733,282.99999999997777,294.9999999999938,183.99999999998934,9.9099999999993447,1699.0000000001749,SSLW,provisional_assumed_short_to_long,0
11.02,0,343.99999999998931,331.99999999998045,192.99999999999821,318.99999999998579,257.99999999997158,287.9999999999751,171.99999999999645,9.9100000000000001,1693.0000000001257,SSLW,provisional_assumed_short_to_long,0
11.03,0,337.99999999998403,320.99999999997601,191.99999999998934,310.99999999996538,241.99999999996004,273.99999999996271,169.999999999984,9.9100000000000001,1687.0000000001205,SSLW,provisional_assumed_short_to_long,0
11.04,0,331.99999999998505,311.99999999998136,187.9999999999776,297.99999999997391,226.9999999999776,259.99999999994031,163.99999999998508,9.9399999999994293,1681.0000000001141,SSLW,provisional_assumed_short_to_long,0
11.05,0,327.99999999997226,306.99999999994918,181.99999999999537,290.99999999993997,220.99999999990763,243.99999999991223,160,9.9599999999996385,1670.0000000001994,SSLW,provisional_assumed_short_to_long,0
11.06,0,321.99999999995595,295.99999999994492,180.99999999997246,277.99999999994492,200.99999999990638,224.99999999989538,159.99999999996146,9.9899999999994833,1665.0000000000862,SSLW,provisional_assumed_short_to_long,0
11.07,0,313.99999999994884,285.99999999992326,175.99999999996803,267.99999999994242,183.99999999991687,205.99999999991047,152.99999999998082,10.04999999999902,1658.0000000001144,SSLW,provisional_assumed_short_to_long,0
11.08,0,305.99999999996356,273.99999999996356,170.99999999992716,258.99999999997817,170.99999999996359,191.9999999998762,149.99999999996359,10.069999999999691,1652.0000000000928,SSLW,provisional_assumed_short_to_long,0
11.09,0,300.99999999995913,268.99999999994282,160.99999999993463,256,165.99999999995097,174.99999999989376,144.99999999995097,10.099999999999563,1653.9999999999709,SSLW,provisional_assumed_short_to_long,0
11.10,0,295.99999999997283,262,152.99999999994563,255.99999999999093,159.99999999994563,161.99999999992752,138.99999999990939,10.114999999999796,1653.0000000000136,SSLW,provisional_assumed_short_to_long,0
11.11,0,292.9999999999801,261.99999999994031,146.99999999993037,255,153.99999999999005,153.99999999999005,128.99999999993037,10.129999999999809,1652.0000000000127,SSLW,provisional_assumed_short_to_long,0
11.12,0,290.99999999998897,255.99999999998897,140.00000000006608,255,152.99999999996695,153,122.00000000001101,10.159999999999648,1652,SSLW,provisional_assumed_short_to_long,0
11.13,0,289.99999999998812,255,145.99999999998809,255,149.9999999999643,153.00000000001191,122.9999999999405,10.199999999999566,1646.000000000065,SSLW,provisional_assumed_short_to_long,0
11.14,0,289.00000000000995,255,145.00000000000995,255,147.00000000002984,153.99999999999005,118.00000000004974,10.249999999999503,1639.0000000000696,SSLW,provisional_assumed_short_to_long,0
11.15,0,288.00000000000904,255,144.00000000000907,255.99999999999093,147,154,113.0000000000453,10.339999999999185,1647.9999999999184,SSLW,provisional_assumed_short_to_long,0
11.16,0,288,253.00000000001634,147.99999999996732,255.00000000000819,147,154,113,10.364999999999796,1648,SSLW,provisional_assumed_short_to_long,0
11.17,0,288,255.99999999997814,150.99999999997814,254.00000000000728,143.00000000002913,154,113,10.389999999999819,1648,SSLW,provisional_assumed_short_to_long,0
11.18,0,288.99999999999363,254.00000000001279,151,254,142.00000000000639,155.99999999998721,113.99999999999361,10.429999999999744,1645.0000000000191,SSLW,provisional_assumed_short_to_long,0
11.19,0,289,255.99999999998897,150.00000000000551,254.99999999999449,137.00000000002754,156.99999999999449,113.00000000000551,10.420000000000055,1630.0000000000825,SSLW,provisional_assumed_short_to_long,0
11.20,0,289.99999999999557,254.00000000000887,155.99999999997334,254.00000000000443,136.00000000000443,158.99999999999113,116.99999999998224,10.459999999999823,1624.0000000000266,SSLW,provisional_assumed_short_to_long,0
11.21,0,290,257.99999999998579,155.00000000000355,254,131.00000000001776,161.99999999998934,119.99999999998934,10.539999999999715,1635.9999999999573,SSLW,provisional_assumed_short_to_long,0
11.22,0,290,258,160.99999999998403,256.99999999999199,130.00000000000267,165.99999999998934,127.99999999997868,10.619999999999786,1635.0000000000027,SSLW,provisional_assumed_short_to_long,0
11.23,0,290,260.99999999999466,161.99999999999824,258.99999999999648,126.00000000000711,171.99999999998934,135.99999999998579,10.654999999999937,1631.5000000000061,SSLW,provisional_assumed_short_to_long,0
11.24,0,290,261.99999999999909,163.99999999999824,261.99999999999733,128.99999999999733,174.99999999999733,137.99999999999824,10.689999999999969,1628.0000000000032,SSLW,provisional_assumed_short_to_long,0
11.25,10,291,264,168,265,130,183,143,10.76,1621,SSLW,provisional_assumed_short_to_long,0
11.26,20.000000000003553,291.00000000000176,267.00000000000267,174.00000000000355,269.0000000000062,136.00000000000443,187.00000000000443,148.00000000000267,10.859999999997815,1609.0000000002622,SSLW,provisional_assumed_short_to_long,0
11.27,24.000000000037303,293.00000000000358,270.00000000000534,178.00000000000711,276.00000000001421,141.00000000001421,192.00000000000711,151.00000000001421,11.169999999993502,1548.0000000012785,SSLW,provisional_assumed_short_to_long,0
11.28,45.000000000018652,295.00000000000801,273.00000000001864,182.000000000016,284.00000000001864,149.00000000003996,196.00000000002132,159.00000000001333,11.499999999993376,1448.0000000020073,SSLW,provisional_assumed_short_to_long,0
11.29,52.000000000044764,298.00000000001864,280.0000000000224,188.00000000001492,291.00000000003359,164.00000000003732,204.00000000004476,164.00000000002612,12.109999999988405,1366.0000000015586,SSLW,provisional_assumed_short_to_long,0
11.30,64.000000000055422,303.00000000001387,286.00000000003234,192.00000000002771,300.00000000002308,174.00000000003234,216.00000000002311,171.00000000002771,12.229999999997826,1348.5000000003172,SSLW,provisional_assumed_short_to_long,0
11.31,76.000000000055067,306.00000000001654,293.00000000002206,198.00000000002754,305.00000000001654,181.00000000002754,221.00000000001651,177.00000000005508,12.349999999997932,1331.0000000003015,SSLW,provisional_assumed_short_to_long,0
11.32,86.00000000001279,309.000000000032,297.00000000003837,203.00000000001279,308.00000000001279,186.00000000003197,224.00000000004476,187.00000000003837,12.659999999994934,1287.000000000719,SSLW,provisional_assumed_short_to_long,0
11.33,88.000000000021856,314.00000000002183,303.00000000005826,205.00000000001458,310.00000000000728,191.00000000002913,231.00000000002913,193.00000000005099,12.849999999997063,1270.0000000002626,SSLW,provisional_assumed_short_to_long,0
11.34,90.999999999991829,317.0000000000245,311.0000000000245,207.00000000000819,311,195.00000000000819,235.00000000002453,200.00000000000819,12.949999999998543,1259.0000000001603,SSLW,provisional_assumed_short_to_long,0
11.35,90.000000000009067,320.00000000000904,314.00000000000904,207.99999999999093,311,196.00000000001813,238.00000000001813,201.00000000001813,13.099999999997948,1244.0000000002051,SSLW,provisional_assumed_short_to_long,0
11.36,91.000000000009948,321.00000000002984,315.0000000000199,207,311,198.0000000000199,240.00000000000995,203.00000000003979,13.149999999999361,1227.0000000002174,SSLW,provisional_assumed_short_to_long,0
11.37,92,324.00000000001103,317,207,311,199.99999999998897,241.00000000001103,207.00000000001103,13.179999999999648,1221.0000000000703,SSLW,provisional_assumed_short_to_long,0
11.38,92.000000000011894,324.99999999998812,316.99999999998812,206.99999999997621,311,199,242,208,13.209999999999676,1215.000000000065,SSLW,provisional_assumed_short_to_long,0
11.39,92.999999999990052,324.00000000000995,316.00000000000995,205.0000000000199,311,199,242,208,13.259999999999502,1208.0000000000696,SSLW,provisional_assumed_short_to_long,0
11.40,93,320.00000000003627,313.00000000002717,202.00000000002717,311,199,243.99999999998187,204.00000000003624,13.279999999999818,1174.0000000003081,SSLW,provisional_assumed_short_to_long,0
11.41,93,318.00000000001637,311.00000000001637,195.00000000005718,310.00000000000819,195.00000000003268,244,200.00000000003268,13.319999999999673,1133.0000000003349,SSLW,provisional_assumed_short_to_long,0
11.42,91.000000000014566,316.00000000001455,305.00000000004371,191.00000000002913,310,192.00000000002186,239.00000000003641,192.00000000005826,13.290000000000218,1098.0000000002549,SSLW,provisional_assumed_short_to_long,0
11.43,84.000000000044764,316,295.00000000006395,187.00000000002558,308.00000000001279,185.00000000004476,240.99999999998721,188.00000000002558,13.230000000000384,1062.0000000002301,SSLW,provisional_assumed_short_to_long,0
11.44,79.000000000027541,315.00000000000551,287.00000000004405,169.00000000009913,300.00000000004405,176.00000000004957,238.00000000001651,179.00000000004957,13.234999999999973,1060.5000000000082,SSLW,provisional_assumed_short_to_long,0
11.45,67.000000000053291,313.00000000000887,279.00000000003553,158.00000000004886,293.00000000003109,163.00000000005772,238,152.00000000011991,13.239999999999977,1059.0000000000066,SSLW,provisional_assumed_short_to_long,0
11.46,59.000000000028422,310.00000000001069,268.00000000003911,136.00000000007816,278.00000000005332,137.00000000009237,232.00000000002132,143.00000000003197,13.170000000000249,1039.0000000000709,SSLW,provisional_assumed_short_to_long,0
11.47,46.000000000034639,303.00000000001864,255.00000000003465,102.00000000009059,261.0000000000453,120.0000000000453,225.00000000001864,118.00000000006662,13.429999999999307,931.00000000028774,SSLW,provisional_assumed_short_to_long,0
11.48,23.000000000040856,292.00000000001955,240.00000000002666,72.000000000053291,253.00000000001421,100.00000000003553,209.00000000002842,101.0000000000302,13.320000000000196,884.00000000008345,SSLW,provisional_assumed_short_to_long,0
11.49,2.042810365310288e-11,279.00000000001154,228.00000000001066,51.000000000018652,242.00000000000978,72.000000000024869,189.00000000001776,80.000000000018645,13.100000000000195,820.00000000005684,SSLW,provisional_assumed_short_to_long,0
11.50,0,264,207,51,232,71,158,46,12.68,697,SSLW,provisional_assumed_short_to_long,0
11.51,0,240.99999999997513,180.99999999998224,50.999999999997335,222.99999999998312,71,149.99999999999289,41,12.580000000001048,675.00000000023056,SSLW,provisional_assumed_short_to_long,0
11.52,0,212.999999999984,160.99999999992539,48,203.99999999997868,71,141.99999999998934,41,12.480000000002097,653.00000000046111,SSLW,provisional_assumed_short_to_long,0
11.53,0,203.99999999997601,118.99999999991473,48,191.99999999996268,71,135.99999999998934,40.999999999997335,12.420000000001204,633.00000000040143,SSLW,provisional_assumed_short_to_long,0
11.54,0,194.99999999995896,86.999999999873168,48,177.99999999999628,71.000000000003737,131.9999999999888,40.00000000000373,12.40000000000038,620.00000000024704,SSLW,provisional_assumed_short_to_long,0
11.55,0,183.99999999997689,53,48,177.00000000003695,71.999999999995381,128.99999999999076,41,11.870000000009602,656.99999999932959,SSLW,provisional_assumed_short_to_long,0
11.56,0,178.99999999998349,52.999999999994493,48.000000000005507,185,71,127.00000000000551,40.999999999994493,11.580000000004997,701.99999999922466,SSLW,provisional_assumed_short_to_long,0
11.57,0,175.99999999997442,52,48.99999999998721,185.00000000003837,71.000000000006395,128.00000000003197,40,10.470000000018141,904.9999999966825,SSLW,provisional_assumed_short_to_long,0
11.58,0,172,51.999999999992717,47.000000000014566,190.99999999996359,71.99999999999271,133.00000000000728,40,10.220000000003864,956.99999999919635,SSLW,provisional_assumed_short_to_long,0
11.59,0,172.00000000000819,51,49,185.99999999998366,71,134.00000000000819,39.999999999991829,9.6600000000081572,924.00000000048067,SSLW,provisional_assumed_short_to_long,0
11.60,0,173.00000000001813,50.999999999981881,49,183.99999999999093,70.999999999990933,135.00000000000907,39,9.1000000000076593,891.00000000045134,SSLW,provisional_assumed_short_to_long,0
11.61,0,175.00000000004974,49.000000000009948,49,182.99999999993037,69.999999999980105,136,39,8.4400000000084408,820.00000000090813,SSLW,provisional_assumed_short_to_long,0
11.62,0,180.00000000019824,50,49,175.99999999994492,67.999999999977973,136,39,8.3900000000005868,803.00000000019929,SSLW,provisional_assumed_short_to_long,0
11.63,0,198.0000000000357,50,49.000000000011902,170.99999999995239,65.999999999964302,135.99999999998809,39,8.3900000000000006,808.99999999993497,SSLW,provisional_assumed_short_to_long,0
11.64,0,200.99999999997016,50,49.999999999990052,167.00000000003979,63.000000000029843,135.00000000000995,39,8.3900000000000006,809,SSLW,provisional_assumed_short_to_long,0
11.65,0,203.99999999997283,50,50.999999999990941,164.00000000002717,63,135,39,8.409999999999819,812.49999999996828,SSLW,provisional_assumed_short_to_long,0
11.66,0,204,50,51,160.00000000003268,63,135.99999999999181,39,8.4299999999998363,815.99999999997135,SSLW,provisional_assumed_short_to_long,0
11.67,0,204,48.000000000014566,51,160,63,135.00000000000728,39,8.4499999999998536,817.99999999998545,SSLW,provisional_assumed_short_to_long,0
11.68,0,202.00000000001279,48.999999999993605,51.999999999993605,160,63.999999999993605,136.99999999998721,39,8.4599999999999369,822.99999999996805,SSLW,provisional_assumed_short_to_long,0
11.69,0,196.00000000003303,49.999999999994493,52,160,64,137,39.999999999994493,8.4400000000001096,826.99999999997794,SSLW,provisional_assumed_short_to_long,0
11.70,0,190.00000000002666,47.000000000013323,52,163.99999999998224,66.99999999998667,137.99999999999557,40,8.4699999999998674,830.99999999998226,SSLW,provisional_assumed_short_to_long,0
11.71,0,184.00000000002132,48.999999999992895,52,164.99999999999645,70.999999999985789,140.99999999998934,40,8.5099999999998577,834.99999999998579,SSLW,provisional_assumed_short_to_long,0
11.72,0,168.00000000004263,48.000000000002665,52,167.99999999999201,73.999999999992013,143.99999999999201,39.000000000002665,8.5199999999999729,837.99999999999204,SSLW,provisional_assumed_short_to_long,0
11.73,0,160.00000000001421,48,52,168,79.999999999989342,147.99999999999289,39,8.5799999999998935,846.99999999998397,SSLW,provisional_assumed_short_to_long,0
11.74,0,151.00000000000799,47.000000000000888,51.000000000000888,173.99999999999466,81.999999999998224,159.99999999998934,39.999999999999112,8.5949999999999864,849.49999999999773,SSLW,provisional_assumed_short_to_long,0
11.75,0,148,45,51,178,90,169,40,8.6099999999999994,852,SSLW,provisional_assumed_short_to_long,0
11.76,0,143.99999999999557,47.000000000001776,50.999999999999112,185.00000000000088,105.00000000000533,180.00000000000443,40,8.6299999999995638,862.99999999975967,SSLW,provisional_assumed_short_to_long,0
11.77,0,138.99999999998934,48.999999999996447,50,186.00000000000355,111.00000000000711,185.00000000000355,40.000000000001776,8.6599999999993713,866.9999999999161,SSLW,provisional_assumed_short_to_long,0
11.78,0,132.99999999998934,47,50,188.00000000001333,115.00000000002399,187.00000000000534,41,9.4399999999843427,924.99999999883573,SSLW,provisional_assumed_short_to_long,0
11.79,0,128.99999999997016,47.00000000000373,49.99999999999627,192.9999999999888,124.00000000001492,188.99999999998136,41,8.7300000000134954,877.00000000091234,SSLW,provisional_assumed_short_to_long,0
11.80,0,120.99999999999538,47.999999999995381,48.999999999995381,190.00000000000924,128.00000000001847,183.99999999993534,41.000000000004619,9.0899999999934771,902.99999999952888,SSLW,provisional_assumed_short_to_long,0
11.81,0,119.99999999996696,47,48.000000000005507,192.00000000001103,132.00000000005508,169.99999999993943,42.000000000005507,9.4499999999937963,928.99999999955196,SSLW,provisional_assumed_short_to_long,0
11.82,0,113.99999999994884,47,49,194.00000000000639,142.00000000002558,158.99999999992966,43,8.7200000000119307,881.00000000078444,SSLW,provisional_assumed_short_to_long,0
11.83,0,105.99999999990531,46.999999999963585,49,195,145.99999999997087,147.99999999996359,42.999999999992717,9.4299999999890272,935.99999999914996,SSLW,provisional_assumed_short_to_long,0
11.84,0,92.999999999779376,42,48.999999999991829,195.00000000003268,142.00000000001634,142.9999999999101,42,9.4100000000002915,939.99999999994179,SSLW,provisional_assumed_short_to_long,0
11.85,0,65.999999999855049,41.999999999990941,48,199.00000000005437,144.00000000015402,131.99999999992752,42.000000000009059,9.4100000000000001,940,SSLW,provisional_assumed_short_to_long,0
11.86,0,49.999999999980105,41,47.999999999990052,204.99999999999005,161.00000000050733,123.99999999980105,43,9.4399999999996158,943.99999999994884,SSLW,provisional_assumed_short_to_long,0
11.87,0,47.999999999977973,40.999999999977973,46.999999999988987,204,212.00000000044054,103.99999999995595,42.999999999988987,9.4549999999998242,945.99999999997658,SSLW,provisional_assumed_short_to_long,0
11.88,0,45.999999999976197,38.999999999988098,45.999999999976197,204.00000000004761,252.00000000032134,99.999999999988106,42.000000000011902,9.469999999999839,947.99999999997829,SSLW,provisional_assumed_short_to_long,0
11.89,0,44.000000000019895,38.000000000009948,44.000000000019895,207.99999999996021,278.99999999973141,99.000000000009948,42.999999999990052,9.4999999999997016,953.99999999994031,SSLW,provisional_assumed_short_to_long,0
11.90,0,43.000000000009059,38.999999999990941,44,208,278.00000000000904,109.99999999990035,42.000000000009059,9.5199999999998184,955.99999999998192,SSLW,provisional_assumed_short_to_long,0
11.91,0,42.000000000008171,39.999999999991829,44,213.99999999995097,245.00000000026967,115.99999999995097,41.000000000008171,9.5299999999999176,956,SSLW,provisional_assumed_short_to_long,0
11.92,0,42,38.000000000014566,40.000000000029132,221.99999999994174,220.00000000018207,120.99999999996359,41,9.5399999999999263,955.00000000000728,SSLW,provisional_assumed_short_to_long,0
11.93,0,42,47.999999999936051,37.000000000019185,227.99999999996163,211.00000000005755,123.99999999998082,41,9.5300000000000633,953.00000000001273,SSLW,provisional_assumed_short_to_long,0
11.94,0,42,52.999999999972466,36.500000000002757,228.99999999999449,213.49999999998624,124.99999999999449,41,9.56999999999978,959.99999999996146,SSLW,provisional_assumed_short_to_long,0
11.95,0,42,57.999999999977796,36.000000000002217,229.99999999999557,215.99999999998889,125.99999999999557,41,9.5999999999998664,963.99999999998226,SSLW,provisional_assumed_short_to_long,0
11.96,0,42,81.999999999914735,31.000000000017764,234.99999999998224,241.99999999990763,130.99999999998224,43.999999999989342,9.6299999999998942,967.99999999998579,SSLW,provisional_assumed_short_to_long,0
11.97,0,42,83.999999999994671,30.000000000002665,235.99999999999733,250.99999999997601,134.99999999998934,47.999999999989342,9.729999999999734,972.9999999999867,SSLW,provisional_assumed_short_to_long,0
11.98,0,42,85.999999999996447,30,236,271.99999999996271,135.99999999999824,44.000000000007105,9.7699999999999285,978.99999999998931,SSLW,provisional_assumed_short_to_long,0
11.99,0,42,83.000000000002672,30,236,273.99999999999824,137.49999999999866,43.500000000000441,9.7799999999999905,982.99999999999648,SSLW,provisional_assumed_short_to_long,0
12.00,0,42,80,30,236,276,139,43,9.7899999999999991,986,SSLW,provisional_assumed_short_to_long,0
12.01,0,42.000000000004441,73.000000000001776,33.000000000000888,236.00000000000088,283.00000000000534,157.00000000001154,43.000000000000888,9.7800000000002179,997.99999999973784,SSLW,provisional_assumed_short_to_long,0
12.02,0,47.000000000053291,75.000000000028422,34.000000000005329,236.99999999999821,289.00000000001779,170.00000000005508,44,9.8049999999994757,1018.9999999995598,SSLW,provisional_assumed_short_to_long,0
12.03,0,77.000000000085265,91.000000000068212,37.000000000019895,236.00000000001421,299.00000000003411,201.00000000006537,44,9.8299999999995027,1039.9999999995821,SSLW,provisional_assumed_short_to_long,0
12.04,0,107.0000000001716,115.00000000008207,44.00000000000373,241.0000000000112,311.00000000008208,224.00000000010445,44,9.5300000000057015,1176.9999999973961,SSLW,provisional_assumed_short_to_long,0
12.05,0,153.00000000020785,137.000000000097,45.000000000013856,244.00000000004619,333.00000000011084,252.00000000013856,44.000000000004619,9.2600000000048919,1278.9999999981519,SSLW,provisional_assumed_short_to_long,0
12.06,0,198.00000000008811,158.00000000022578,48.000000000005507,254.00000000016522,357.00000000011562,282.00000000007708,45.000000000110134,9.1500000000018957,1359.9999999986044,SSLW,provisional_assumed_short_to_long,0
12.07,0,214.00000000014069,199.0000000002558,49,284.00000000010874,378.00000000005116,296.00000000007037,65.000000000185452,9.1300000000003276,1444.999999998611,SSLW,provisional_assumed_short_to_long,0
12.08,0,236.00000000024033,239.00000000033504,49.000000000298606,301.0000000001238,386.00000000005826,307.0000000000947,94.000000000291323,9.1599999999995365,1534.9999999986092,SSLW,provisional_assumed_short_to_long,0
12.09,0,269.00000000022061,285.00000000025329,90.000000000277822,318.00000000012255,394.00000000005718,320.00000000014711,134.00000000023698,9.1300000000004378,1583.9999999992863,SSLW,provisional_assumed_short_to_long,0
12.10,0,296.00000000022646,316.00000000015399,124.00000000025366,333.00000000008151,401.00000000000904,338.00000000009965,163.00000000017212,9.2699999999980847,1622.9999999994666,SSLW,provisional_assumed_short_to_long,0
12.11,0,321.00000000021885,333.00000000005969,152.00000000028848,342.00000000006963,402.00000000005969,349.0000000000199,182.00000000000995,9.4099999999982096,1661.9999999995011,SSLW,provisional_assumed_short_to_long,0
12.12,0,342.99999999992292,339.00000000008811,181.00000000006608,349.00000000003303,408.00000000002206,351.00000000003303,182.99999999988987,9.4599999999994147,1678.9999999998006,SSLW,provisional_assumed_short_to_long,0
12.13,0,335.99999999971436,347.0000000000357,187.0000000000357,351.99999999998812,409.99999999998812,353.99999999998812,172.99999999985718,9.509999999999458,1697.9999999997942,SSLW,provisional_assumed_short_to_long,0
12.14,0,312.00000000023874,349.99999999997016,189.99999999997016,351.00000000000995,409.00000000000995,353.00000000000995,161.00000000011937,9.5799999999993037,1716.9999999998111,SSLW,provisional_assumed_short_to_long,0
12.15,0,312.99999999999096,350,178.00000000010871,351,403.00000000005434,345.00000000007248,163.99999999997283,9.6099999999997276,1740.9999999997826,SSLW,provisional_assumed_short_to_long,0
12.16,0,324.99999999990195,355.999999999951,173.00000000004087,350.00000000000819,395.00000000006537,343.00000000001637,174.99999999991013,9.6149999999999594,1747.9999999999427,SSLW,provisional_assumed_short_to_long,0
12.17,0,335.99999999991991,359.9999999999709,173,350.99999999999272,389.00000000004371,341.00000000001455,179.99999999996359,9.6199999999999619,1754.9999999999491,SSLW,provisional_assumed_short_to_long,0
12.18,0,343.99999999994884,360,174.99999999998721,351,383.00000000003837,341.99999999999363,189.99999999993605,9.4900000000008315,1818.9999999995907,SSLW,provisional_assumed_short_to_long,0
12.19,0,347.99999999997794,360.99999999999449,176.99999999998897,351.99999999999449,375.00000000004405,342,196.99999999996146,9.4999999999999449,1831.9999999999284,SSLW,provisional_assumed_short_to_long,0
12.20,0,349.99999999999113,361,177,352,365.00000000004439,340.00000000000887,200.99999999998224,9.5099999999999554,1832,SSLW,provisional_assumed_short_to_long,0
12.21,0,350.99999999999648,361.99999999999648,177.99999999999645,352,356.00000000003195,339.00000000000352,190.00000000003908,9.5299999999999283,1828.0000000000141,SSLW,provisional_assumed_short_to_long,0
12.22,0,354.99999999998931,362.99999999999733,178.99999999999733,352.99999999999733,350.00000000001597,336.00000000000801,183.00000000001864,9.5499999999999474,1824.0000000000107,SSLW,provisional_assumed_short_to_long,0
12.23,0,359.99999999999113,362.00000000000176,180.99999999999645,352.00000000000176,346.00000000000711,334.00000000000352,185.99999999999466,9.5699999999999648,1817.0000000000125,SSLW,provisional_assumed_short_to_long,0
12.24,0,367.99999999999289,362,182.99999999999824,349.00000000000267,337.00000000000801,330.00000000000352,184.00000000000176,9.5799999999999912,1813.5000000000032,SSLW,provisional_assumed_short_to_long,0
12.25,0,371,362,183,346,325,325,187,9.5899999999999999,1810,SSLW,provisional_assumed_short_to_long,0
12.26,0,369.99999999999642,357.99999999999466,183,343.9999999999938,310.99999999998931,320.99999999999557,189.99999999998934,9.7599999999962854,1754.0000000012235,SSLW,provisional_assumed_short_to_long,0
12.27,0,365.99999999998579,351.99999999999466,182.99999999998934,336.99999999999289,298.99999999998755,315.99999999999113,178.0000000000089,9.7500000000002096,1746.0000000001678,SSLW,provisional_assumed_short_to_long,0
12.28,0,357.99999999997158,348.99999999996874,176.99999999999147,332.99999999998295,291.99999999996021,310.99999999999432,182.99999999998579,9.7599999999998008,1738.0000000001592,SSLW,provisional_assumed_short_to_long,0
12.29,0,347.99999999997391,337.99999999998136,173.9999999999776,326.99999999998136,277.99999999996271,308.99999999996641,177.99999999998136,9.7699999999998095,1730.0000000001521,SSLW,provisional_assumed_short_to_long,0
12.30,0,340.99999999996305,332.99999999998153,167.99999999998613,321.99999999997692,267.99999999990763,299.99999999993071,173.00000000000924,9.7799999999998182,1725.5000000000816,SSLW,provisional_assumed_short_to_long,0
12.31,0,332.99999999997249,328.99999999996697,164.99999999995595,316.99999999995595,247.99999999991189,284.99999999992292,174.99999999997246,9.7899999999998268,1721.0000000000775,SSLW,provisional_assumed_short_to_long,0
12.32,0,327.99999999996163,322.99999999995521,157,308.99999999994242,231.99999999991047,270.99999999989126,170.00000000002558,9.8099999999996736,1714.0000000001144,SSLW,provisional_assumed_short_to_long,0
12.33,0,321.99999999993446,315.99999999994901,156.99999999998542,299.99999999994174,217.99999999986161,253.99999999981063,173.99999999996359,9.8100000000000005,1707.0000000001082,SSLW,provisional_assumed_short_to_long,0
12.34,0,312.99999999995913,308.9999999999755,154.99999999999181,291.99999999990195,198.99999999977121,227.99999999991829,168.99999999996732,9.8299999999997087,1703.0000000000582,SSLW,provisional_assumed_short_to_long,0
12.35,0,307.99999999998187,305.9999999999547,154.00000000001813,279.99999999991849,170.99999999989129,217.99999999983692,165,9.8399999999998631,1700.0000000000409,SSLW,provisional_assumed_short_to_long,0
12.36,0,305.99999999997016,300.99999999997016,156.0000000000199,270.99999999996021,158.999999999811,199.99999999988063,164.99999999994031,9.8599999999997436,1695.0000000000639,SSLW,provisional_assumed_short_to_long,0
12.37,0,302.99999999997794,297.99999999990087,157.99999999998897,266.99999999994492,139.99999999997797,187.99999999994492,159,9.8500000000001169,1691.0000000000468,SSLW,provisional_assumed_short_to_long,0
12.38,0,300.99999999997618,288.99999999997618,157,261.99999999995242,137.999999999881,182.99999999986909,158.99999999994048,9.8649999999998386,1690.0000000000109,SSLW,provisional_assumed_short_to_long,0
12.39,0,299.0000000000199,287.0000000000199,157,258.00000000003979,128.00000000009948,172.00000000010942,154.00000000004974,9.8799999999998516,1689.00000000001,SSLW,provisional_assumed_short_to_long,0
12.40,0,299,280.00000000006344,156.00000000000907,258.99999999999096,125.00000000002717,171.00000000000907,153.00000000000907,9.8800000000000008,1688.0000000000091,SSLW,provisional_assumed_short_to_long,0
12.41,0,299,278.00000000001637,157.99999999998366,261.9999999999755,124.00000000000817,171,152.00000000000819,9.8999999999998369,1688.9999999999918,SSLW,provisional_assumed_short_to_long,0
12.42,0,299.99999999999272,278.99999999999272,159.99999999998545,264.99999999997817,124.99999999999272,171.99999999999272,149.00000000002186,9.9199999999998543,1689,SSLW,provisional_assumed_short_to_long,0
12.43,0,301.99999999998721,279.99999999999363,162.99999999998082,266.99999999998721,125.99999999999361,172,150.99999999998721,9.9399999999998716,1688.0000000000064,SSLW,provisional_assumed_short_to_long,0
12.44,0,304.99999999998346,279.00000000000551,167.99999999997246,271.99999999997249,127.99999999998899,173.99999999998897,151.99999999999449,9.9699999999998354,1686.0000000000109,SSLW,provisional_assumed_short_to_long,0
12.45,0,307.9999999999867,280.99999999999113,172.9999999999778,274.9999999999867,128.99999999999557,175.99999999999113,152,9.9999999999998668,1683.0000000000134,SSLW,provisional_assumed_short_to_long,0
12.46,0,309.99999999999289,282.99999999999289,175.99999999998934,279.99999999998226,133.99999999998224,177.99999999999289,154.99999999998934,10.009999999999964,1682.5000000000018,SSLW,provisional_assumed_short_to_long,0
12.47,0,314.9999999999867,284.99999999999466,178.99999999999201,282.99999999999199,137.99999999998934,178.99999999999733,155.99999999999733,10.019999999999973,1682.0000000000014,SSLW,provisional_assumed_short_to_long,0
12.48,0,316.99999999999648,285.99999999999824,180.99999999999645,283.99999999999824,138.99999999999824,183.99999999999113,157.99999999999645,10.059999999999929,1682.9999999999982,SSLW,provisional_assumed_short_to_long,0
12.49,0,318.99999999999824,286.99999999999909,181.99999999999912,286.99999999999733,138.00000000000088,186.99999999999733,159.99999999999824,10.099999999999964,1681.0000000000018,SSLW,provisional_assumed_short_to_long,0
12.50,0,321,288,184,287,140,188,162,10.17,1682,SSLW,provisional_assumed_short_to_long,0
12.51,0,323.00000000000176,292,186.00000000000088,289.00000000000091,141.00000000000622,189.00000000000443,165.00000000000267,10.219999999998908,1673.0000000001967,SSLW,provisional_assumed_short_to_long,0
12.52,3.0198066269831723e-11,325.00000000000176,292.00000000000358,187,290.00000000000358,148.0000000000089,194.00000000000355,168.0000000000089,10.259999999999163,1673,SSLW,provisional_assumed_short_to_long,0
12.53,17.000000000054001,326,294,187.00000000000568,292.00000000000568,153.00000000001705,196.00000000000853,173.00000000000284,10.299999999999205,1673,SSLW,provisional_assumed_short_to_long,0
12.54,36.000000000063416,326,294.00000000001495,189.00000000000747,294.00000000002609,159.00000000001864,199.0000000000224,174.00000000001492,10.37999999999848,1670.0000000000571,SSLW,provisional_assumed_short_to_long,0
12.55,53.000000000055422,326,298.00000000001847,191.00000000001847,301.00000000001387,164.00000000001387,205.00000000002771,178.00000000000924,10.46999999999837,1660.0000000001812,SSLW,provisional_assumed_short_to_long,0
12.56,65.000000000077094,326.00000000000551,302.00000000003303,195.00000000001103,304.00000000002751,167.00000000003305,211.00000000002203,180.00000000002754,10.539999999998793,1656.0000000000689,SSLW,provisional_assumed_short_to_long,0
12.57,79.000000000038369,327,308.00000000000642,197.00000000000639,309.00000000001921,173.00000000003197,215.00000000004476,185.00000000002558,10.62999999999853,1649.0000000001144,SSLW,provisional_assumed_short_to_long,0
12.58,85.000000000029132,327,309.00000000002916,198,312,178,222.00000000003641,189.00000000003641,10.769999999997836,1642.0000000001082,SSLW,provisional_assumed_short_to_long,0
12.59,88.999999999991829,326.99999999999181,313.00000000000819,198.00000000000819,311.99999999999181,178,227.00000000003268,194,10.884999999998325,1623.5000000002694,SSLW,provisional_assumed_short_to_long,0
12.60,88.000000000018119,325.99999999998187,313.99999999997283,198.99999999999093,310.99999999999096,178.00000000000907,231.00000000000907,193.99999999998187,10.999999999998426,1605.0000000002531,SSLW,provisional_assumed_short_to_long,0
12.61,89.999999999990052,323.99999999999005,311,197.99999999999005,309.9999999999801,179.00000000000995,232.00000000003979,191.99999999997016,11.479999999993861,1495.000000001407,SSLW,provisional_assumed_short_to_long,0
12.62,89.000000000011013,323,311.00000000001103,196.99999999992289,307.99999999996697,180.00000000008811,236.00000000002203,188.99999999997797,12.149999999992145,1387.0000000012662,SSLW,provisional_assumed_short_to_long,0
12.63,90.000000000011894,322.99999999997618,311.9999999999643,190,304.99999999998812,188.00000000001191,238.00000000001191,186.99999999990479,12.739999999993607,1307.0000000008667,SSLW,provisional_assumed_short_to_long,0
12.64,90.999999999990052,321.0000000000199,309.00000000002984,190,304.00000000000995,188.99999999999005,238.99999999999005,179.00000000007958,12.959999999997812,1283.0000000002387,SSLW,provisional_assumed_short_to_long,0
12.65,89.000000000018119,318.00000000002717,305.00000000003627,189.00000000000907,298.00000000005434,181.00000000007248,238.00000000000907,172.00000000006341,13.069999999999004,1263.0000000001812,SSLW,provisional_assumed_short_to_long,0
12.66,81.00000000006537,312.000000000049,302.0000000000245,185.00000000003268,298,178.0000000000245,232.00000000004903,165.00000000005718,13.109999999999673,1235.5000000002246,SSLW,provisional_assumed_short_to_long,0
12.67,76.000000000036408,305.00000000005099,293.00000000006554,174.00000000008012,298,169.00000000006554,231.00000000000728,161.00000000002913,13.149999999999709,1208.0000000002003,SSLW,provisional_assumed_short_to_long,0
12.68,67.000000000057554,298.00000000004479,283.00000000006395,160.00000000008953,298,162.00000000004476,221.00000000006395,156.00000000003197,13.169999999999872,1152.0000000003581,SSLW,provisional_assumed_short_to_long,0
12.69,61.00000000003304,290.00000000004405,268.00000000008259,152.00000000004405,296.00000000001103,152.00000000005508,221,146.00000000005508,13.209999999999781,1124.0000000001542,SSLW,provisional_assumed_short_to_long,0
12.70,55.000000000026645,283.00000000003109,260.00000000003553,113.0000000001732,285.00000000004883,135.00000000007549,215.00000000002666,128.00000000007992,13.210000000000001,1071.0000000002353,SSLW,provisional_assumed_short_to_long,0
12.71,38.000000000060396,281.00000000000711,244.00000000005684,94.000000000067502,268.00000000006037,123.00000000004263,213.00000000000711,116.00000000004263,13.170000000000142,1033.0000000001351,SSLW,provisional_assumed_short_to_long,0
12.72,19.000000000050626,275.00000000001597,235.00000000002399,74.000000000053291,256.00000000003195,107.00000000004263,197.00000000004263,91.00000000006662,12.890000000000747,909.00000000033037,SSLW,provisional_assumed_short_to_long,0
12.73,3.3750779948604759e-11,246.0000000000515,226.00000000001597,51.000000000040856,245.00000000001955,88.000000000033751,165.00000000005684,70.000000000037303,13.109999999999609,804.00000000018656,SSLW,provisional_assumed_short_to_long,0
12.74,0,224.00000000001955,211.00000000001333,50.000000000000888,229.00000000001421,83.000000000004434,151.00000000001245,42.000000000024869,12.955000000000137,759.00000000004002,SSLW,provisional_assumed_short_to_long,0
12.75,0,218.5,202,49.5,223.5,82,143.5,41.5,12.800000000000001,714,SSLW,provisional_assumed_short_to_long,0
12.76,0,212.9999999999911,192.99999999997513,48.999999999999112,217.99999999998224,81,135.99999999999821,40.999999999999112,12.590000000004588,675.00000000085208,SSLW,provisional_assumed_short_to_long,0
12.77,0,202.99999999999645,164.99999999994492,48.000000000001776,197.99999999999289,81.000000000003553,134,40,12.520000000001467,642.00000000069167,SSLW,provisional_assumed_short_to_long,0
12.78,0,201.00000000000568,133.99999999997442,48.999999999997158,193.99999999999716,83.000000000008527,133.99999999998863,39.999999999994316,12.390000000002587,612.00000000059686,SSLW,provisional_assumed_short_to_long,0
12.79,0,203.00000000005969,124.99999999995524,48.00000000000373,193.00000000002984,86.000000000037303,129.99999999999628,38,10.660000000032882,754.99999999728198,SSLW,provisional_assumed_short_to_long,0
12.80,0,219.00000000003234,112.99999999993534,49.000000000004619,201.00000000000924,95.999999999995381,129,38,10.24000000000761,797.9999999992209,SSLW,provisional_assumed_short_to_long,0
12.81,0,226.00000000002754,99,50,203.00000000000551,94.999999999972459,129.00000000000551,38.000000000005507,9.8200000000072372,840.9999999992591,SSLW,provisional_assumed_short_to_long,0
12.82,0,231.00000000005116,98.999999999961631,50.000000000006395,203.99999999999361,89.99999999997442,129.99999999999361,39,9.5000000000052296,835.000000000098,SSLW,provisional_assumed_short_to_long,0
12.83,0,239.00000000005099,92.999999999905313,51,202.99999999992716,85.999999999941735,128.99999999998542,39,8.7700000000112812,770.00000000100454,SSLW,provisional_assumed_short_to_long,0
12.84,0,246.00000000004903,79.999999999779376,51.000000000008171,192.99999999993463,77.99999999993463,126.9999999999428,39,7.910000000012527,725.00000000065552,SSLW,provisional_assumed_short_to_long,0
12.85,0,251.99999999991846,53.000000000045297,52,184.99999999990939,69.999999999981881,119.99999999993658,39.000000000009059,7.9299999999997262,728.99999999994532,SSLW,provisional_assumed_short_to_long,0
12.86,0,242.99999999991047,58.000000000019895,52,174.99999999992042,67.99999999996021,112.99999999994031,40,7.9499999999997444,729.99999999998727,SSLW,provisional_assumed_short_to_long,0
12.87,0,233.99999999986784,59.999999999900879,52,166.99999999997797,64,107,40,8.8099999999899179,779.99999999941383,SSLW,provisional_assumed_short_to_long,0
12.88,0,221.99999999989288,51.000000000011902,52.000000000011902,165.00000000001191,64.000000000023803,107,40,8.7850000000002701,784.99999999994577,SSLW,provisional_assumed_short_to_long,0
12.89,0,213.00000000008953,51.999999999990052,52.999999999990052,165.99999999999005,65.999999999980105,107,40,8.7600000000002485,789.99999999995021,SSLW,provisional_assumed_short_to_long,0
12.90,0,210.00000000002717,56.999999999954703,53,164.00000000001813,66.999999999990933,107,40,8.769999999999909,789.00000000000909,SSLW,provisional_assumed_short_to_long,0
12.91,0,205.00000000004087,54.000000000024514,53,160.00000000003268,72.999999999950973,111.99999999995914,40,8.7699999999999996,789.99999999999181,SSLW,provisional_assumed_short_to_long,0
12.92,0,196.00000000006554,61.999999999941735,53,160,75.999999999978144,114.99999999997814,40,7.9300000000061175,740.00000000036414,SSLW,provisional_assumed_short_to_long,0
12.93,0,189.00000000004476,50.000000000076739,52.000000000006395,163.99999999997442,77.99999999998721,117.99999999998082,40,7.9499999999998723,740.99999999999363,SSLW,provisional_assumed_short_to_long,0
12.94,0,175.00000000007708,50,52,161.00000000001651,80.999999999983487,118.99999999999449,40,8.8099999999952647,791.99999999971919,SSLW,provisional_assumed_short_to_long,0
12.95,0,155.00000000008882,50.999999999995559,51.000000000004441,167.99999999996891,81.999999999995566,124.99999999997335,40,8.8100000000000005,792,SSLW,provisional_assumed_short_to_long,0
12.96,0,144.00000000003908,50.000000000003553,49.000000000007105,170.99999999998934,82.999999999996447,127.99999999998934,40.999999999996447,8.8100000000000005,792,SSLW,provisional_assumed_short_to_long,0
12.97,0,130.00000000003729,44.000000000015987,47.000000000005329,178.99999999997868,85.999999999992013,133.99999999998403,41.999999999997335,8.8100000000000005,795.99999999998931,SSLW,provisional_assumed_short_to_long,0
12.98,0,119.00000000001954,44.999999999998224,48.999999999996447,181.99999999999466,87.999999999996447,139.99999999998934,43.999999999996447,8.8100000000000005,796,SSLW,provisional_assumed_short_to_long,0
12.99,0,111.00000000000711,43.000000000001776,49,182.99999999999912,92.999999999995566,143.99999999999645,44,8.8100000000000005,796.99999999999909,SSLW,provisional_assumed_short_to_long,0
13.00,0,101,43,49,184,103,146,44,8.7899999999999991,798,SSLW,provisional_assumed_short_to_long,0
13.01,0,88.999999999982236,40,49,185.00000000000799,107.00000000000355,153.99999999999466,42.999999999999112,8.7899999999999991,798.99999999997817,SSLW,provisional_assumed_short_to_long,0
13.02,0,68.999999999984013,40.000000000003553,48.999999999996447,194.00000000001245,111.00000000000178,147.99999999997158,42,8.7899999999999991,799.49999999998954,SSLW,provisional_assumed_short_to_long,0
13.03,0,59.999999999965894,42,47,201.00000000000568,111.99999999999716,131.99999999994031,42,8.7899999999999991,799.99999999999,SSLW,provisional_assumed_short_to_long,0
13.04,0,47.999999999992539,41.999999999985079,46.999999999992539,203.00000000001492,111.00000000000374,110.99999999987689,41.99999999999627,8.7999999999998106,802.99999999994293,SSLW,provisional_assumed_short_to_long,0
13.05,0,45.999999999995381,37.999999999995381,44.999999999995381,206.99999999999076,112.00000000013856,77.999999999958433,41,8.8399999999992751,808.99999999989132,SSLW,provisional_assumed_short_to_long,0
13.06,0,44.99999999998348,37,44,205,142.00000000036894,68.999999999977973,40.999999999994493,8.8699999999994823,812.99999999993111,SSLW,provisional_assumed_short_to_long,0
13.07,0,41.99999999998721,36.99999999998721,44,204.99999999997442,209.00000000027498,64.999999999993605,39.999999999993605,8.9099999999993464,814.99999999996726,SSLW,provisional_assumed_short_to_long,0
13.08,0,40,35.000000000007283,43.999999999992717,201.00000000002186,251.99999999994174,63.999999999992717,39,8.9499999999993811,821.99999999989177,SSLW,provisional_assumed_short_to_long,0
13.09,0,39.999999999991829,36.000000000016342,42.999999999983658,204.00000000003268,243.99999999981205,63.000000000008171,39,8.9599999999998552,824.99999999995634,SSLW,provisional_assumed_short_to_long,0
13.10,0,39.000000000009059,38.000000000009059,40.999999999990941,208.00000000009061,220.99999999984598,64.000000000027185,38.999999999990941,8.9649999999999324,823.50000000002046,SSLW,provisional_assumed_short_to_long,0
13.11,0,40,39.000000000009948,40,218.00000000005969,203.99999999991047,67.000000000019895,38,8.9699999999999367,822.00000000001921,SSLW,provisional_assumed_short_to_long,0
13.12,0,39.999999999988987,39.999999999977973,39.999999999988987,224.00000000002203,195.00000000011013,69.000000000231282,38,9.0199999999994134,813.0000000001055,SSLW,provisional_assumed_short_to_long,0
13.13,0,39.000000000011902,38.000000000107114,38.999999999976197,226,205.00000000016661,90.000000000154714,38,9.0399999999997824,819.99999999992417,SSLW,provisional_assumed_short_to_long,0
13.14,0,39.999999999990052,46.999999999910472,37.000000000019895,226,218.99999999986073,102.99999999987068,38,9.0999999999994028,827.99999999992042,SSLW,provisional_assumed_short_to_long,0
13.15,0,40.999999999990941,47,36.000000000009059,226.99999999999093,229.99999999990035,114.99999999989129,38.999999999990941,9.1599999999994566,837.99999999990939,SSLW,provisional_assumed_short_to_long,0
13.16,0,41,47.999999999991829,33.000000000024514,230.99999999996732,241.99999999990195,123.99999999992646,39.999999999991829,9.2599999999991827,856.9999999998447,SSLW,provisional_assumed_short_to_long,0
13.17,0,41,61.999999999898037,33.999999999992717,230.00000000000728,245.99999999997087,128.99999999996359,40,9.2999999999997094,863.49999999995271,SSLW,provisional_assumed_short_to_long,0
13.18,0,41,53.000000000057554,32.00000000001279,230,246.99999999999361,130.99999999998721,40.999999999993605,9.3399999999997441,869.99999999995839,SSLW,provisional_assumed_short_to_long,0
13.19,0,42.999999999988987,53,33.999999999988987,230.99999999999449,244.00000000001651,133.99999999998349,42.999999999988987,9.369999999999834,876.99999999996146,SSLW,provisional_assumed_short_to_long,0
13.20,0,43.999999999995559,50.000000000013323,34,230.00000000000443,243.00000000000443,137.99999999998224,43,9.3300000000001777,885.99999999995998,SSLW,provisional_assumed_short_to_long,0
13.21,0,57.999999999950262,50.999999999996447,34.999999999996447,233.99999999998579,244.99999999999289,153.99999999994316,43,9.4399999999996087,922.99999999986858,SSLW,provisional_assumed_short_to_long,0
13.22,0,73.999999999957367,55.999999999986677,36.999999999994671,236.99999999999201,254.99999999997334,162.99999999997601,43.999999999997335,9.5399999999997327,964.99999999988813,SSLW,provisional_assumed_short_to_long,0
13.23,0,86.999999999976907,95.999999999928946,37.999999999998224,242.99999999998934,264.99999999998226,186.99999999995737,44,9.400000000000249,1132.9999999997017,SSLW,provisional_assumed_short_to_long,0
13.24,0,126.99999999996447,135.99999999996447,41.999999999996447,254.99999999998934,276.99999999998931,218.99999999997158,44,9.3200000000000713,1176.9999999999609,SSLW,provisional_assumed_short_to_long,0
13.25,0,195,164,45,268,297,257,55,9.2400000000000002,1221,SSLW,provisional_assumed_short_to_long,0
13.26,0,219.00000000001421,200.00000000002132,48.000000000000888,282.00000000000887,316.00000000000978,280.0000000000133,61.000000000018652,9.1300000000024042,1288.9999999985143,SSLW,provisional_assumed_short_to_long,0
13.27,0,235.00000000004263,224.00000000003553,49,292.00000000001245,326.99999999999824,295.00000000001069,82.000000000030198,9.0900000000008383,1364.999999998407,SSLW,provisional_assumed_short_to_long,0
13.28,0,259.00000000008242,244.00000000009095,49.000000000042633,299.00000000002842,326.00000000000568,301.00000000001137,99.000000000034106,9.1199999999994024,1465.9999999979905,SSLW,provisional_assumed_short_to_long,0
13.29,0,288.00000000004479,276.00000000008953,64.00000000013803,309.00000000003729,328.0000000000112,305.0000000000224,111.00000000005969,9.1699999999990496,1547.9999999984414,SSLW,provisional_assumed_short_to_long,0
13.30,0,300.00000000002308,300.00000000005542,101.00000000010161,319.00000000003695,331.00000000001847,311.00000000003695,127.00000000004157,9.4399999999951074,1640.9999999983149,SSLW,provisional_assumed_short_to_long,0
13.31,0,305.00000000001654,312.00000000005508,123.00000000004405,327.00000000004405,335.00000000002751,319.00000000003303,136.00000000002203,9.4699999999994837,1656.9999999997244,SSLW,provisional_assumed_short_to_long,0
13.32,0,307.99999999995521,322.00000000004479,131,335.00000000000642,340.00000000001279,325.00000000000642,140.00000000005116,9.4999999999995097,1672.9999999997385,SSLW,provisional_assumed_short_to_long,0
13.33,0,300.99999999997817,329.00000000001455,130.99999999998542,335.99999999999272,341.99999999999272,326.00000000001455,148.00000000005099,9.539999999999381,1697.9999999996137,SSLW,provisional_assumed_short_to_long,0
13.34,0,298.00000000001637,331.00000000004087,129.00000000003268,335.00000000001637,340.99999999999181,327.99999999999181,155.00000000000819,9.5699999999995633,1716.9999999997233,SSLW,provisional_assumed_short_to_long,0
13.35,0,300.00000000007248,336.00000000001813,133.0000000000453,337,340,327,156.00000000008154,9.5899999999997263,1731.9999999997949,SSLW,provisional_assumed_short_to_long,0
13.36,0,308.00000000006963,338.0000000000199,138.00000000011937,337.00000000000995,340.0000000000199,327.00000000004974,165.00000000012932,9.5899999999999999,1743.9999999998465,SSLW,provisional_assumed_short_to_long,0
13.37,0,315.00000000002751,340.00000000001103,150.00000000004405,338.00000000000551,341.99999999999449,332,178.00000000006057,9.5999999999998824,1752.9999999998945,SSLW,provisional_assumed_short_to_long,0
13.38,0,317.50000000000131,341.00000000000051,154.00000000000213,338.50000000000028,341.49999999999972,332,183.50000000000293,9.5999999999999996,1753.4999999999945,SSLW,provisional_assumed_short_to_long,0
13.39,0,319.9999999999751,341.99999999999005,157.99999999996021,338.999999999995,341.000000000005,332,188.99999999994529,9.5999999999999996,1753.999999999995,SSLW,provisional_assumed_short_to_long,0
13.40,0,323.99999999996373,342,169.99999999989129,339.99999999999096,339.00000000001813,332.99999999999096,191.99999999997283,9.619999999999818,1755.9999999999818,SSLW,provisional_assumed_short_to_long,0
13.41,0,330.99999999994282,342.99999999999181,173.99999999996732,341.99999999998363,334.00000000004087,331.00000000001637,194.9999999999755,9.6499999999997552,1756,SSLW,provisional_assumed_short_to_long,0
13.42,0,336.99999999995629,343.99999999999272,180.99999999994901,342,329.00000000003644,329.00000000001455,199.99999999996359,9.6599999999999273,1755.0000000000073,SSLW,provisional_assumed_short_to_long,0
13.43,0,337.99999999999363,346.99999999998079,190.99999999993605,342,328.00000000000637,326.00000000001921,203.99999999997442,9.6899999999998077,1751.0000000000255,SSLW,provisional_assumed_short_to_long,0
13.44,0,344.99999999996146,345.00000000001103,192.99999999998897,342,327.00000000000551,323.00000000001654,207.99999999997797,9.7099999999998907,1750.0000000000055,SSLW,provisional_assumed_short_to_long,0
13.45,0,350.99999999997334,343.00000000000887,197.9999999999778,342.99999999999557,325.00000000000887,319.00000000001774,215.99999999996447,9.7499999999998224,1747.0000000000134,SSLW,provisional_assumed_short_to_long,0
13.46,0,360.99999999996447,338.00000000001774,197.00000000000355,339.00000000001421,311.00000000004974,312.0000000000249,226.99999999996092,9.7599999999999643,1743.0000000000141,SSLW,provisional_assumed_short_to_long,0
13.47,0,358.00000000000801,334.00000000001069,187.00000000002666,336.00000000000801,306.0000000000133,307.0000000000133,227.99999999999733,9.7699999999999729,1739.0000000000107,SSLW,provisional_assumed_short_to_long,0
13.48,0,357.50000000000091,331.50000000000443,184.50000000000443,334.00000000000352,302.5000000000062,302.50000000000801,228,9.7999999999999474,1733.0000000000107,SSLW,provisional_assumed_short_to_long,0
13.49,0,357.00000000000045,329.00000000000222,182.00000000000222,332.00000000000176,299.00000000000313,298.00000000000398,228,9.8299999999999734,1727.0000000000052,SSLW,provisional_assumed_short_to_long,0
13.50,0,357,326,180,328,289,283,213,9.8300000000000001,1723,SSLW,provisional_assumed_short_to_long,0
13.51,0,355.99999999999909,317.99999999999466,175.99999999999821,322.99999999999557,279.99999999999199,264.99999999998579,214.99999999999466,9.8399999999997814,1718.0000000001091,SSLW,provisional_assumed_short_to_long,0
13.52,0,354.99999999999824,311.99999999999289,173.99999999998934,317.99999999999466,271.00000000000176,249,208.99999999999289,9.84999999999979,1716.5000000000314,SSLW,provisional_assumed_short_to_long,0
13.53,0,354,307.99999999998863,167.99999999998579,315,272.00000000000284,249,204.9999999999801,9.8599999999998005,1715.0000000000298,SSLW,provisional_assumed_short_to_long,0
13.54,0,353.99999999999255,303.99999999999255,162.99999999999628,314.99999999999625,273.00000000000375,248.9999999999888,198.00000000000747,9.8699999999998091,1713.000000000038,SSLW,provisional_assumed_short_to_long,0
13.55,0,351.99999999998613,301.99999999998153,162,314,273.99999999998613,245.99999999997229,199.99999999998153,9.8899999999996382,1712.0000000000182,SSLW,provisional_assumed_short_to_long,0
13.56,0,348.99999999997249,297.99999999999449,162,313.99999999999449,270.99999999998897,239.99999999997797,195.99999999997797,9.8900000000000006,1710.0000000000346,SSLW,provisional_assumed_short_to_long,0
13.57,0,343.99999999998079,296.99999999998079,161.99999999996803,312.99999999999358,268.99999999997442,235.99999999994884,191.99999999995524,9.9099999999996733,1711.9999999999673,SSLW,provisional_assumed_short_to_long,0
13.58,0,340.99999999997817,293.99999999999272,156.99999999997814,312,264.99999999996356,227.99999999998542,185,9.9299999999996906,1713.9999999999691,SSLW,provisional_assumed_short_to_long,0
13.59,0,337.99999999998363,293.00000000000819,154,311.99999999998363,259.99999999996732,226,184.99999999999181,9.9599999999995639,1719.9999999999127,SSLW,provisional_assumed_short_to_long,0
13.60,0,335.99999999999096,294,154.00000000001813,309.99999999999096,255.99999999996376,225.99999999999093,184,9.9699999999998639,1720,SSLW,provisional_assumed_short_to_long,0
13.61,0,335.00000000000995,294,156.00000000004974,308.9999999999801,251.99999999993037,224.99999999999005,183.99999999999005,9.9799999999998725,1720,SSLW,provisional_assumed_short_to_long,0
13.62,0,335.99999999998897,294,161,306.99999999991189,244.99999999993392,223.99999999994492,182.99999999997797,10.029999999999413,1722.9999999999648,SSLW,provisional_assumed_short_to_long,0
13.63,1.1901590823721892e-11,334.99999999997618,293.99999999997618,161.00000000001191,298.99999999994048,238.999999999881,218.99999999998809,180.99999999998809,10.079999999999458,1723,SSLW,provisional_assumed_short_to_long,0
13.64,0.9999999999900524,333.0000000000199,292.0000000000199,161.99999999999005,294.00000000004974,229.00000000009948,218.00000000000995,180.00000000000995,10.139999999999404,1723.99999999999,SSLW,provisional_assumed_short_to_long,0
13.65,6.9999999999456435,331.00000000001813,285.00000000006344,162.99999999999093,293.00000000000904,220.00000000008154,216.00000000001813,179.00000000000907,10.159999999999819,1714.0000000000905,SSLW,provisional_assumed_short_to_long,0
13.66,8.9999999999836575,331.99999999999181,285,163,293,216.00000000003268,212.00000000003268,179.99999999999181,10.189999999999756,1714.4999999999959,SSLW,provisional_assumed_short_to_long,0
13.67,9.9999999999927169,332,282.00000000002183,169.99999999994901,293,216,213.99999999998545,179.00000000000728,10.219999999999782,1714.9999999999964,SSLW,provisional_assumed_short_to_long,0
13.68,11.99999999998721,332.99999999999363,281.00000000000637,174.99999999996803,297.99999999996805,207.00000000005755,215.99999999998721,179.99999999999361,10.26999999999968,1709.0000000000384,SSLW,provisional_assumed_short_to_long,0
13.69,12.999999999994493,334.99999999998897,280.00000000000551,177.99999999998349,301.99999999997794,201.00000000003303,217.99999999998897,180,10.319999999999725,1704.0000000000275,SSLW,provisional_assumed_short_to_long,0
13.70,23.99999999995115,338.99999999998226,277.0000000000133,181.99999999998224,303.99999999999113,198.00000000001333,219.99999999999113,180.99999999999557,10.38999999999969,1699.0000000000223,SSLW,provisional_assumed_short_to_long,0
13.71,46.999999999918288,341.99999999998931,272.00000000001774,183.99999999999289,306.99999999998931,198.99999999999645,223.99999999998579,180.00000000000355,10.459999999999752,1688.0000000000391,SSLW,provisional_assumed_short_to_long,0
13.72,54.999999999978684,344.99999999999199,270.00000000000534,188.99999999998667,312.99999999998403,197.00000000000534,225.99999999999466,180.99999999999733,10.51999999999984,1675.0000000000346,SSLW,provisional_assumed_short_to_long,0
13.73,58.999999999992895,348.99999999999289,269.00000000000176,192.99999999999289,315.99999999999466,191.00000000001066,227.99999999999645,181.99999999999824,10.60999999999984,1661.0000000000248,SSLW,provisional_assumed_short_to_long,0
13.74,59.999999999999112,350.99999999999824,267.00000000000176,195.99999999999733,316.99999999999909,189.00000000000176,229.99999999999824,182,10.669999999999947,1655.0000000000052,SSLW,provisional_assumed_short_to_long,0
13.75,60,352,258,198,319,187,231,184,10.73,1649,SSLW,provisional_assumed_short_to_long,0
13.76,57.999999999999112,348.99999999999733,257.99999999999557,197.99999999999645,313.99999999999642,183.99999999999821,233,182.99999999999821,10.86999999999694,1628.0000000004588,SSLW,provisional_assumed_short_to_long,0
13.77,56.999999999985789,345.99999999999466,252.99999999999466,193.99999999999645,309.99999999999824,181.99999999999821,232.99999999999821,180.99999999999289,11.229999999992454,1535.0000000019493,SSLW,provisional_assumed_short_to_long,0
13.78,48.999999999980105,342.99999999999716,249.99999999999432,191.99999999999432,308.99999999998863,180.99999999998863,231.99999999998579,176.99999999997726,11.629999999992043,1458.000000001532,SSLW,provisional_assumed_short_to_long,0
13.79,41.999999999985079,341.9999999999776,247.99999999999628,189.99999999998508,304.99999999997016,176.9999999999776,226.9999999999888,168.99999999998136,11.64999999999962,1440.0000000003422,SSLW,provisional_assumed_short_to_long,0
13.80,37.999999999953815,335.99999999998613,246.99999999999537,185.99999999995381,296.99999999999073,170.99999999995842,224.00000000001387,163.99999999996305,11.635000000000272,1437.0000000000543,SSLW,provisional_assumed_short_to_long,0
13.81,28,332.99999999997249,245.99999999997246,175.99999999997246,294.99999999997794,161.99999999991741,227.00000000000551,155.99999999997797,11.620000000000257,1434.0000000000516,SSLW,provisional_assumed_short_to_long,0
13.82,28,327.999999999968,240.99999999999361,170.99999999990408,290.99999999994884,146.99999999994245,227.99999999999361,151.99999999994245,11.679999999999019,1369.0000000010623,SSLW,provisional_assumed_short_to_long,0
13.83,27.999999999992717,322.99999999996356,239.99999999999272,155.99999999975967,282.99999999994174,137.99999999996359,227.00000000000728,142.99999999994901,11.590000000001391,1347.0000000003399,SSLW,provisional_assumed_short_to_long,0
13.84,26.99999999993463,317.99999999995913,238.99999999995913,122.99999999976303,274.99999999988557,132.99999999992644,227.99999999999181,135.99999999983658,11.789999999997086,1307.0000000005825,SSLW,provisional_assumed_short_to_long,0
13.85,18.999999999827871,312.99999999992752,233.99999999992752,93.999999999619504,260.9999999999547,123.9999999998641,226.99999999990939,115.99999999974634,11.789999999999999,1250.0000000007797,SSLW,provisional_assumed_short_to_long,0
13.86,0,304.99999999986073,225.99999999990052,52,255.99999999994031,108.99999999990052,216.99999999988063,87.999999999830891,12.339999999992965,1108.0000000018163,SSLW,provisional_assumed_short_to_long,0
13.87,0,290.99999999992292,215.99999999996695,51.999999999988987,249.99999999993392,98.999999999845812,204.9999999997687,70.999999999911893,12.464999999998534,1045.0000000007385,SSLW,provisional_assumed_short_to_long,0
13.88,0,283.99999999979769,212.99999999986909,50.999999999988098,243.99999999986909,84.999999999916696,183.99999999964297,62.999999999797673,12.589999999998646,982.00000000068269,SSLW,provisional_assumed_short_to_long,0
13.89,0,267.00000000016911,202.00000000010942,50.000000000009948,233.00000000010942,78.000000000069633,154.00000000029843,46.000000000169109,12.210000000003781,795.00000000186014,SSLW,provisional_assumed_short_to_long,0
13.90,0,245.00000000019929,183.00000000017212,50,226.00000000006341,75.000000000027171,136.00000000016308,41.000000000045297,12.020000000001721,744.00000000046202,SSLW,provisional_assumed_short_to_long,0
13.91,0,232.00000000010624,166.00000000013893,48.000000000016342,217.00000000007356,75.999999999991829,133.0000000000245,41,11.870000000001225,714.00000000024511,SSLW,provisional_assumed_short_to_long,0
13.92,0,224.00000000005826,149.0000000001238,48,210.00000000005099,81.999999999956302,131.00000000001455,41,11.760000000000801,684.00000000021851,SSLW,provisional_assumed_short_to_long,0
13.93,0,220.00000000002558,128.00000000013429,48,201.00000000005755,82.999999999993605,129.00000000001279,41,11.53000000000147,682.00000000001273,SSLW,provisional_assumed_short_to_long,0
13.94,0,223.99999999997797,119.00000000004957,48,201,84.999999999988987,128.00000000000551,39.000000000011013,11.125000000002231,720.49999999978797,SSLW,provisional_assumed_short_to_long,0
13.95,0,222.00000000000887,117.00000000000888,48,204.99999999998224,85,127.00000000000443,39,10.7200000000018,758.99999999982901,SSLW,provisional_assumed_short_to_long,0
13.96,0,222.99999999999645,118.99999999999289,48,207.99999999998934,85.999999999996447,128.99999999999289,39,9.2100000000053655,814.99999999980105,SSLW,provisional_assumed_short_to_long,0
13.97,0,223.99999999999733,119,49.999999999994671,208,86,130.99999999999466,39,9.0000000000005596,852.99999999989871,SSLW,provisional_assumed_short_to_long,0
13.98,0,228.99999999999113,98.000000000037303,50,206.00000000000355,83.000000000005329,130.00000000000176,39,8.1900000000014384,774.00000000014029,SSLW,provisional_assumed_short_to_long,0
13.99,0,231.99999999999733,81.000000000015092,50,191.00000000001333,78.000000000004434,130,39,8.1999999999999904,774.99999999999909,SSLW,provisional_assumed_short_to_long,0
14.00,0,243,52,52,177,72,130,39,8.6899999999999995,829,SSLW,provisional_assumed_short_to_long,0
14.01,0,247.00000000000179,52.000000000006217,52,166.99999999999733,69.999999999999105,129,40,8.685000000000052,827.50000000001569,SSLW,provisional_assumed_short_to_long,0
14.02,0,248.9999999999911,58.999999999998224,52.000000000001776,163.99999999998934,68.999999999996447,128.99999999999821,40,8.6800000000001045,826.00000000003149,SSLW,provisional_assumed_short_to_long,0
14.03,0,243.99999999998295,58.000000000002842,53,157.99999999999858,66.999999999998579,128,40,8.6700000000001989,825.0000000000199,SSLW,provisional_assumed_short_to_long,0
14.04,0,237.9999999999776,59.00000000000373,53,157.49999999999812,66.499999999998138,128,40,8.6699999999999999,825.99999999998101,SSLW,provisional_assumed_short_to_long,0
14.05,0,231.99999999991223,59.999999999990763,53,157,66.000000000009237,127.99999999999076,40,8.6999999999994557,827.99999999996373,SSLW,provisional_assumed_short_to_long,0
14.06,0,212.99999999996695,57.999999999955946,53,157.00000000002754,68,125.99999999998899,40,8.6500000000008619,826.00000000003445,SSLW,provisional_assumed_short_to_long,0
14.07,0,206.99999999988489,50,52.999999999993605,162.00000000000639,68.000000000019185,124.00000000003197,39.999999999993605,8.6500000000000004,826.99999999998363,SSLW,provisional_assumed_short_to_long,0
14.08,0,188.99999999983248,50,52.000000000007283,163.00000000001458,71.00000000000729,129.00000000001458,39.000000000007283,8.6599999999998456,827,SSLW,provisional_assumed_short_to_long,0
14.09,0,165.9999999998856,50,53,165.00000000002453,72.000000000024514,131.00000000005721,40,8.6600000000000001,825.50000000002183,SSLW,provisional_assumed_short_to_long,0
14.10,0,151.99999999994563,50,52.999999999990941,168.00000000003624,75.000000000018119,138.00000000015402,40.000000000009059,8.6600000000000001,824.00000000002046,SSLW,provisional_assumed_short_to_long,0
14.11,0,145.99999999997016,49.999999999995026,52,172.00000000004476,77.000000000014921,155.00000000006963,41,8.1700000000062669,777.00000000060118,SSLW,provisional_assumed_short_to_long,0
14.12,0,142.99999999996697,49.499999999994493,52,176.50000000004957,78.500000000016513,162.00000000007708,41,9.3999999999855799,888.99999999868692,SSLW,provisional_assumed_short_to_long,0
14.13,0,139.99999999990479,48.999999999988098,51.999999999988098,181.00000000002379,80.00000000007141,169.00000000009521,41,8.6900000000076929,843.0000000004984,SSLW,provisional_assumed_short_to_long,0
14.14,0,132.00000000007958,48.000000000009948,51.000000000009948,182.9999999999801,85.999999999940314,176.99999999992042,41,8.7199999999997022,846.99999999996021,SSLW,provisional_assumed_short_to_long,0
14.15,0,128.00000000003624,48.999999999990941,50.000000000009059,183,98.99999999988222,177.99999999999093,41,9.0199999999972817,847,SSLW,provisional_assumed_short_to_long,0
14.16,0,123.00000000004086,48.000000000008171,50,194.99999999990195,104.99999999995097,181.99999999996732,41,9.0399999999998357,849.49999999997954,SSLW,provisional_assumed_short_to_long,0
14.17,0,120.00000000002186,48.999999999992717,49.000000000007283,201.99999999994901,112.99999999994174,181.00000000000728,41.999999999992717,9.0599999999998548,851.99999999998181,SSLW,provisional_assumed_short_to_long,0
14.18,0,119.00000000000639,49,49.999999999993605,203.99999999998721,121.99999999994245,173.00000000005116,42,8.3300000000046683,808.00000000028137,SSLW,provisional_assumed_short_to_long,0
14.19,0,110.00000000004957,49.999999999994493,49.000000000005507,213.99999999994492,132.99999999993943,161.00000000006608,42,9.0899999999958148,870.99999999965303,SSLW,provisional_assumed_short_to_long,0
14.20,0,101.00000000003996,47.000000000013323,49,214.99999999999557,134.99999999999113,134.00000000011991,42,8.3600000000032413,826.00000000019986,SSLW,provisional_assumed_short_to_long,0
14.21,0,86.000000000053291,43.000000000014211,49,215,145.99999999996092,79.000000000195399,42.999999999996447,8.4199999999997868,832.9999999999751,SSLW,provisional_assumed_short_to_long,0
14.22,0,64.00000000005862,43,48.000000000002665,215.99999999999733,172.99999999992806,63.000000000042633,42.000000000002665,9.2299999999978422,890.9999999998455,SSLW,provisional_assumed_short_to_long,0
14.23,0,49.000000000026645,40.000000000005329,48,217.99999999999645,217.99999999992008,60.000000000005329,42,8.5400000000012248,849.00000000007458,SSLW,provisional_assumed_short_to_long,0
14.24,0,47.000000000001776,39.000000000000888,46.000000000001776,216.00000000000176,255.99999999996624,60.999999999999112,41.000000000000888,8.5499999999999901,850.49999999999864,SSLW,provisional_assumed_short_to_long,0
14.25,0,45.5,39,45.5,215.5,273,61,41.5,8.5600000000000005,852,SSLW,provisional_assumed_short_to_long,0
14.26,0,43.999999999999112,39,44.999999999999112,215.00000000000711,289.9999999999938,61.000000000001776,42,9.3299999999831762,903.99999999886381,SSLW,provisional_assumed_short_to_long,0
14.27,0,42.999999999998224,38.999999999998224,43.999999999998224,223.00000000001066,282.99999999997868,63.000000000001776,42,8.5800000000157208,852.00000000109003,SSLW,provisional_assumed_short_to_long,0
14.28,0,42.000000000002842,37.999999999997158,43.000000000002842,229.00000000001421,270.99999999995168,64.000000000014211,42,8.5999999999996017,852.9999999999801,SSLW,provisional_assumed_short_to_long,0
14.29,0,43,37.000000000014921,43.999999999981348,234.00000000001492,254.0000000000224,69.000000000100727,42,8.5999999999999996,853,SSLW,provisional_assumed_short_to_long,0
14.30,0,43,41.000000000036948,38.999999999976907,238,260.00000000006469,96.000000000092371,41.999999999990763,8.6299999999994554,856.99999999992747,SSLW,provisional_assumed_short_to_long,0
14.31,0,43.000000000005507,49.000000000011013,33.999999999994493,238.00000000001103,274.00000000008259,116.00000000004957,40,8.6599999999994832,860.99999999993111,SSLW,provisional_assumed_short_to_long,0
14.32,0,44,51.000000000121503,32.999999999993605,240.00000000001279,289.00000000005116,125.00000000007674,40.000000000019185,9.4699999999867632,915.99999999910119,SSLW,provisional_assumed_short_to_long,0
14.33,0,44.000000000007283,70.00000000018936,32,242.00000000000728,297.00000000002916,137.00000000007284,43.000000000058265,9.5199999999992269,925.9999999998455,SSLW,provisional_assumed_short_to_long,0
14.34,0,45.000000000016342,96.00000000013074,32,243.00000000000819,301.00000000004087,147.00000000010624,51,8.8300000000100507,882.00000000064097,SSLW,provisional_assumed_short_to_long,0
14.35,0,47.000000000217426,112.00000000007248,32.000000000009059,244,306,160.00000000014495,51.000000000018119,9.5399999999902878,950.99999999905617,SSLW,provisional_assumed_short_to_long,0
14.36,0,71.000000000169109,120.00000000013927,33.000000000009948,244.0000000000199,306.00000000000995,176.00000000009948,52.999999999990052,9.5300000000001273,982.99999999959073,SSLW,provisional_assumed_short_to_long,0
14.37,0,88.000000000275335,134.00000000014319,34.00000000003304,246.00000000004405,307.00000000005508,186.00000000016522,51.99999999993392,9.4000000000015245,1082.9999999988277,SSLW,provisional_assumed_short_to_long,0
14.38,0,113.00000000024993,147.000000000119,37.000000000059508,250.00000000010712,312.00000000004758,201.00000000030943,46.000000000059508,9.3350000000007043,1129.4999999994961,SSLW,provisional_assumed_short_to_long,0
14.39,0,133.9999999997911,156.99999999990052,41.999999999950262,258.99999999991047,315.99999999996021,226.99999999974136,50.999999999950262,9.2700000000006462,1175.9999999995375,SSLW,provisional_assumed_short_to_long,0
14.40,0,202.99999999937489,176.99999999981881,44.999999999972822,266.99999999992752,328.99999999988222,245.99999999982788,53.999999999972822,8.880000000003534,1309.9999999987861,SSLW,provisional_assumed_short_to_long,0
14.41,0,225.99999999981208,201.9999999997957,48.999999999967315,280.99999999988563,349.99999999982839,266.99999999982839,67.999999999885603,8.7800000000008165,1384.9999999993872,SSLW,provisional_assumed_short_to_long,0
14.42,0,240.99999999989075,237.99999999973781,77.999999999788798,300.99999999985437,361.99999999991257,283.9999999998762,91.999999999825206,8.7700000000000724,1458.9999999994611,SSLW,provisional_assumed_short_to_long,0
14.43,0,256.99999999989768,266.99999999981458,91.999999999910472,320.9999999998721,365.99999999997442,292.99999999994247,115.99999999984652,8.8499999999994881,1538.9999999994884,SSLW,provisional_assumed_short_to_long,0
14.44,0,281.99999999986233,294.99999999984584,94.999999999983487,322.99999999998897,367.99999999998897,297.99999999997249,130.99999999991741,8.9199999999996145,1598.9999999996696,SSLW,provisional_assumed_short_to_long,0
14.45,0,304.99999999989785,317.99999999989785,97.99999999998667,325.9999999999867,368,300.9999999999867,150.99999999991118,8.934999999999933,1622.9999999998934,SSLW,provisional_assumed_short_to_long,0
14.46,0,327.99999999991826,326.99999999996805,105.99999999997158,332.9999999999751,366.00000000000711,304.99999999998579,153.99999999998934,8.949999999999946,1646.9999999999147,SSLW,provisional_assumed_short_to_long,0
14.47,0,336.99999999997601,332.99999999998403,114.99999999997601,336.99999999998931,367.99999999999466,310.99999999998403,150.00000000001066,9.1999999999993332,1741.9999999997469,SSLW,provisional_assumed_short_to_long,0
14.48,0,324.00000000002308,334.99999999999648,112.00000000000533,337,365.00000000000534,311,151.99999999999645,9.2599999999998932,1789.9999999999147,SSLW,provisional_assumed_short_to_long,0
14.49,0,311.00000000001154,339.99999999999557,103.00000000000799,335.00000000000176,355.00000000000887,311,151.00000000000088,9.2899999999999725,1823.9999999999698,SSLW,provisional_assumed_short_to_long,0
14.50,0,310,342,104,332,350,307,153,9.3000000000000007,1844,SSLW,provisional_assumed_short_to_long,0
14.51,0,313.00000000000358,344.00000000000176,107.00000000001333,331,343.99999999999733,303,155.00000000000179,9.3499999999989072,1902.9999999987108,SSLW,provisional_assumed_short_to_long,0
14.52,0,317.00000000001421,346.00000000000358,122.00000000001243,330.99999999999824,340.99999999998755,303,157.00000000000711,9.3649999999996858,1908.4999999998847,SSLW,provisional_assumed_short_to_long,0
14.53,0,325.00000000001137,347.99999999999432,129.00000000001421,330.00000000000568,333.99999999996874,302.99999999999716,161,9.3799999999997024,1913.9999999998906,SSLW,provisional_assumed_short_to_long,0
14.54,0,328.99999999999625,345.99999999999625,134.00000000000747,331.9999999999888,322.99999999995521,301.99999999998505,160.99999999999253,9.4099999999994299,1913.0000000000191,SSLW,provisional_assumed_short_to_long,0
14.55,0,328.00000000000927,344.99999999999073,136.00000000000924,329.0000000000046,310.99999999993071,297.99999999999073,159.00000000000463,9.4599999999990949,1910.0000000000543,SSLW,provisional_assumed_short_to_long,0
14.56,0,330.00000000001654,342.99999999998346,138.00000000001651,329.99999999999449,295.99999999996146,295.99999999997794,160.00000000001103,9.5199999999989657,1899.0000000001896,SSLW,provisional_assumed_short_to_long,0
14.57,0,333.00000000000642,339.99999999999358,141,328.999999999968,288.99999999994884,291.99999999998079,161.99999999994245,9.5799999999990195,1880.0000000003106,SSLW,provisional_assumed_short_to_long,0
14.58,0,334,338.99999999997084,141.00000000000728,323.99999999997817,280.99999999991991,288.99999999996356,152.99999999999272,9.6499999999989186,1866.0000000002165,SSLW,provisional_assumed_short_to_long,0
14.59,0,333.9999999999755,334.99999999996732,142.00000000001634,320.99999999994282,269.99999999992644,283.99999999994282,152.00000000002453,9.6799999999995627,1860.0000000000873,SSLW,provisional_assumed_short_to_long,0
14.60,0,330.99999999998187,330.9999999999547,143.99999999994563,313.99999999992752,260.99999999986409,276.9999999999547,155.00000000000907,9.7099999999995905,1854.0000000000821,SSLW,provisional_assumed_short_to_long,0
14.61,0,328.99999999996021,325.99999999995026,137.99999999995026,305.99999999996021,245.99999999985079,271.99999999988063,156,9.929999999997186,1788.000000000844,SSLW,provisional_assumed_short_to_long,0
14.62,0,324.99999999992292,320.99999999987887,133.00000000001103,301.99999999994492,230.99999999979073,259.99999999988984,155.99999999997797,9.9799999999994142,1780.0000000000937,SSLW,provisional_assumed_short_to_long,0
14.63,0,317.99999999994048,309.99999999986909,134.00000000001191,296.99999999991667,211.99999999963106,249.99999999984527,153.99999999995239,10.019999999999566,1769.0000000001191,SSLW,provisional_assumed_short_to_long,0
14.64,0,313.00000000004974,299.00000000010942,134.99999999999005,290.00000000006963,181.00000000030838,237.00000000012932,150.00000000003979,10.059999999999603,1757.0000000001194,SSLW,provisional_assumed_short_to_long,0
14.65,0,308.0000000000453,290.00000000008151,133.00000000001813,272.00000000016308,152.00000000026273,214.00000000020836,145.0000000000453,10.099999999999637,1745.0000000001087,SSLW,provisional_assumed_short_to_long,0
14.66,0,300.00000000006537,280.00000000008174,133,266.000000000049,136.00000000013074,198.00000000013074,139.00000000004903,10.129999999999754,1742.0000000000246,SSLW,provisional_assumed_short_to_long,0
14.67,0,293.00000000005099,269.00000000008009,126.00000000005099,258.00000000005826,121.00000000010925,185.00000000009467,133.00000000004371,10.159999999999782,1739.0000000000218,SSLW,provisional_assumed_short_to_long,0
14.68,0,288.00000000003195,259.00000000006395,125.00000000000639,257.00000000000637,108.00000000008313,159.00000000016627,121.00000000007674,10.199999999999743,1728.0000000000703,SSLW,provisional_assumed_short_to_long,0
14.69,0,286.00000000001103,255.00000000002203,125,253.00000000002203,93.000000000082593,147.00000000006608,111.00000000005507,10.229999999999835,1719.0000000000496,SSLW,provisional_assumed_short_to_long,0
14.70,0,284.00000000000887,251.00000000001776,125,251.00000000000887,90.00000000001333,142.0000000000222,104.00000000003109,10.339999999999511,1765.9999999997913,SSLW,provisional_assumed_short_to_long,0
14.71,0,284,251,117.00000000002842,251,85.000000000017764,141.00000000000355,93.00000000003908,10.369999999999893,1762.0000000000141,SSLW,provisional_assumed_short_to_long,0
14.72,0,284,248.00000000000799,122.99999999998401,248.00000000000799,81.000000000010658,138.00000000000799,92.000000000002672,10.42999999999984,1761.0000000000027,SSLW,provisional_assumed_short_to_long,0
14.73,0,283.00000000000176,247.00000000000176,121.00000000000355,248,76.000000000008882,140.99999999999466,95.999999999992895,10.459999999999948,1760.0000000000018,SSLW,provisional_assumed_short_to_long,0
14.74,0,283,248.99999999999824,121,247.00000000000088,76,141,97.999999999998224,10.469999999999992,1756.5000000000032,SSLW,provisional_assumed_short_to_long,0
14.75,0,284,248,120,247,76,141,99,10.48,1753,SSLW,provisional_assumed_short_to_long,0
14.76,0,283,249,120.0000000000009,247,75,142.00000000000088,100.99999999999733,10.539999999998688,1753,SSLW,provisional_assumed_short_to_long,0
14.77,0,283.00000000000176,249,121,246.99999999999645,75,143,98.000000000001776,10.559999999999581,1752.0000000000209,SSLW,provisional_assumed_short_to_long,0
14.78,0,284,249.00000000000568,121.00000000000568,245.00000000000853,75.000000000014211,143.00000000000284,99.000000000022737,10.619999999998806,1745.0000000001392,SSLW,provisional_assumed_short_to_long,0
14.79,0,284.00000000000745,251.00000000000372,123.00000000002238,248.00000000000372,80.000000000007461,144.0000000000112,107.00000000001492,10.65999999999924,1736.000000000171,SSLW,provisional_assumed_short_to_long,0
14.80,0,286.00000000000927,251.99999999999537,129.00000000000924,248.99999999999537,82.000000000004619,147.00000000002771,111.00000000002309,10.689999999999458,1728.500000000136,SSLW,provisional_assumed_short_to_long,0
14.81,0,288.00000000001654,251.00000000001103,131.00000000004957,248.00000000001651,83,153.00000000003854,116.00000000002754,10.719999999999484,1721.0000000001291,SSLW,provisional_assumed_short_to_long,0
14.82,0,291.00000000001279,253,140.00000000003837,251.00000000002558,83.000000000019185,160.00000000007034,121.00000000004476,10.759999999999346,1709.000000000196,SSLW,provisional_assumed_short_to_long,0
14.83,0,293.00000000003644,253.00000000002913,146.00000000005099,255.00000000002186,86.000000000109253,171.00000000002913,128.00000000010198,10.839999999998764,1645.0000000009891,SSLW,provisional_assumed_short_to_long,0
14.84,8.1712414612485838e-11,298.00000000004906,257.0000000000245,153.00000000006537,258.0000000000245,101.00000000007354,175.00000000004087,142.00000000005721,10.929999999998689,1633.0000000001749,SSLW,provisional_assumed_short_to_long,0
14.85,10.000000000081535,304.00000000006344,260.00000000007248,161.00000000006341,261.00000000003627,110.00000000010871,180.00000000006341,149.00000000008154,10.98999999999918,1562.0000000009711,SSLW,provisional_assumed_short_to_long,0
14.86,19.000000000218847,311.00000000004974,268.00000000004974,168.00000000004974,265.00000000004974,122.00000000003979,187.00000000007958,158.00000000004974,11.219999999997059,1524.0000000004861,SSLW,provisional_assumed_short_to_long,0
14.87,41.000000000198241,316.00000000004405,273.00000000011016,173.00000000005508,270.00000000003303,126.00000000006608,195.00000000005508,163.00000000005508,11.614999999995369,1440.0000000009848,SSLW,provisional_assumed_short_to_long,0
14.88,59.000000000083311,320.00000000002382,283.0000000000357,178.00000000004761,273.00000000004758,132.00000000013091,200.00000000004761,168.00000000004761,12.009999999995721,1356.0000000009102,SSLW,provisional_assumed_short_to_long,0
14.89,65.999999999930367,321.9999999999801,285.99999999997016,181.99999999996021,276.99999999996021,142.99999999989058,203.99999999996021,171.99999999996021,12.749999999992639,1238.0000000011737,SSLW,provisional_assumed_short_to_long,0
14.90,69.999999999963762,322.99999999999096,290.9999999999547,182.99999999999093,280.99999999996373,148.99999999994566,210.99999999993659,177.99999999994566,12.969999999998008,1213.0000000002265,SSLW,provisional_assumed_short_to_long,0
14.91,75.999999999950973,325.9999999999755,297.99999999994282,188.99999999995097,282.99999999998363,154.99999999995097,214.99999999996732,178.99999999999181,13.039999999999427,1207.0000000000491,SSLW,provisional_assumed_short_to_long,0
14.92,77.999999999985434,327.99999999998545,302.99999999996356,192.99999999997087,284.99999999998545,156.99999999998545,224.99999999992718,179,13.089999999999636,1205.0000000000146,SSLW,provisional_assumed_short_to_long,0
14.93,79.99999999998721,329.99999999998721,303.99999999999363,193.99999999999361,285.99999999999363,159.99999999998082,227.99999999998082,181.99999999998082,13.109999999999872,1204.0000000000064,SSLW,provisional_assumed_short_to_long,0
14.94,81.999999999988987,333.99999999997794,306.99999999998346,194.99999999999449,286,166.99999999996146,229.99999999998897,186.99999999997246,13.129999999999891,1202.0000000000109,SSLW,provisional_assumed_short_to_long,0
14.95,83.999999999991118,334.99999999999557,308.99999999999113,195,286.99999999999557,169.99999999998667,231.99999999999113,191.9999999999778,13.154999999999889,1202,SSLW,provisional_assumed_short_to_long,0
14.96,86.999999999989342,335,310.99999999999289,195,287,172.99999999998934,234.99999999998934,192,13.179999999999911,1202,SSLW,provisional_assumed_short_to_long,0
14.97,87.999999999997328,336.99999999999466,309.00000000000534,195,287.99999999999733,176.99999999998934,237.99999999999201,191.00000000000267,13.189999999999973,1198.0000000000107,SSLW,provisional_assumed_short_to_long,0
14.98,87.000000000001776,338.99999999999648,311.99999999999466,194.00000000000176,288.99999999999824,181.99999999999113,240.99999999999466,195.99999999999113,13.229999999999929,1195.0000000000052,SSLW,provisional_assumed_short_to_long,0
14.99,86.000000000000881,339.99999999999909,312,192.00000000000176,289,182.99999999999912,244.99999999999645,197.99999999999824,13.279999999999955,1195.9999999999991,SSLW,provisional_assumed_short_to_long,0
15.00,86.5,341.5,313,189,289.5,184,247,196,13.26,1182,SSLW,provisional_assumed_short_to_long,0
15.01,86.999999999997328,343.00000000000091,313.99999999999466,185.99999999999423,290,185.00000000000088,249.00000000000222,193.99999999999557,13.230000000000313,1160.0000000002306,SSLW,provisional_assumed_short_to_long,0
15.02,83.999999999994671,344.00000000000176,307.99999999998931,179.49999999998846,290,186.00000000000176,251.50000000000443,188.99999999999113,13.200000000000628,1138.0000000004611,SSLW,provisional_assumed_short_to_long,0
15.03,80.999999999988631,345,301.99999999996874,172.99999999996874,289.99999999999716,186.99999999997726,254.00000000002558,183.99999999995453,13.489999999994231,1041.0000000019299,SSLW,provisional_assumed_short_to_long,0
15.04,76.999999999958959,344.99999999998505,290.99999999994031,161.99999999995524,288.99999999997016,178.99999999997016,262.9999999999888,167.99999999993284,13.44000000000095,1006.0000000006653,SSLW,provisional_assumed_short_to_long,0
15.05,65.99999999996767,340.99999999996766,274.99999999997692,149.99999999983834,280.99999999993531,170.99999999989839,259.99999999996766,149.99999999988452,13.410000000000544,985.00000000038051,SSLW,provisional_assumed_short_to_long,0
15.06,58.999999999845812,333.99999999994492,269.99999999993389,114.99999999988435,266.99999999992292,148.99999999987335,253.00000000001103,124.99999999985131,13.300000000001896,949.00000000062028,SSLW,provisional_assumed_short_to_long,0
15.07,30.999999999872102,323.99999999992326,257.99999999988489,93.999999999846523,252.99999999992966,125.99999999989768,255.00000000002558,97.999999999840128,13.200000000001634,917.00000000052296,SSLW,provisional_assumed_short_to_long,0
15.08,10.999999999919886,311.99999999983976,239.99999999982521,69.999999999861615,241.99999999994174,109.99999999975965,258.99999999992718,72.999999999781508,13.050000000002319,868.00000000075727,SSLW,provisional_assumed_short_to_long,0
15.09,0,289.99999999984476,215.9999999998856,51,233.99999999993463,76.999999999959144,248.99999999976302,42.999999999975486,12.935000000001676,827.50000000058992,SSLW,provisional_assumed_short_to_long,0
15.10,0,270.9999999997554,201.99999999976444,50.999999999990941,225.99999999991846,72,219.99999999977351,40,12.820000000001574,787.000000000554,SSLW,provisional_assumed_short_to_long,0
15.11,0,243.99999999982094,175.99999999975131,49.999999999980105,216.99999999987068,72.000000000009948,194.99999999985079,39.999999999990052,12.410000000005244,665.00000000156035,SSLW,provisional_assumed_short_to_long,0
15.12,0,225.99999999979073,150.99999999957046,48,203.99999999993392,73.000000000264322,179.9999999996806,39,11.740000000007855,659.00000000007037,SSLW,provisional_assumed_short_to_long,0
15.13,0,206.99999999980957,111.99999999971436,47.999999999988098,197.9999999999643,97.000000000154714,150.99999999990479,39,10.88000000000932,613.0000000004984,SSLW,provisional_assumed_short_to_long,0
15.14,0,191.00000000015916,88.000000000238742,47.000000000009948,195.00000000002984,109.99999999987068,143.00000000007958,39,11.499999999993832,687.99999999925399,SSLW,provisional_assumed_short_to_long,0
15.15,0,185.00000000005434,74.000000000126832,47,196.99999999998187,113.99999999996376,142.00000000000907,39,11.135000000003306,806.49999999892646,SSLW,provisional_assumed_short_to_long,0
15.16,0,182.0000000000245,70.000000000032685,47.999999999991829,203.99999999994282,114.99999999999183,141.00000000000819,39,10.770000000002982,924.99999999903173,SSLW,provisional_assumed_short_to_long,0
15.17,0,176.00000000004371,58.000000000087397,48,207.99999999997087,109.0000000000437,142.99999999998545,39.999999999992717,10.390000000002768,998.99999999946101,SSLW,provisional_assumed_short_to_long,0
15.18,0,174.00000000001279,53.000000000031974,47.000000000006395,207.00000000000639,93.000000000102318,143.99999999999361,39.000000000006395,9.530000000005499,951.00000000030695,SSLW,provisional_assumed_short_to_long,0
15.19,0,174,50.00000000001652,48.999999999988987,206.00000000000551,88.000000000027541,144.99999999999449,39,9.020000000002808,891.00000000033037,SSLW,provisional_assumed_short_to_long,0
15.20,0,175.99999999999113,51.999999999991118,49,201.0000000000222,84.000000000017764,144.00000000000443,39,8.9900000000001334,889.00000000000887,SSLW,provisional_assumed_short_to_long,0
15.21,0,180.99999999998224,51.000000000003553,49,190.00000000003908,73.00000000003908,142.00000000000711,39,8.980000000000036,886.00000000001069,SSLW,provisional_assumed_short_to_long,0
15.22,0,181.99999999999733,51,49,184.00000000001597,64.000000000023988,142,39,8.9600000000000541,883.00000000000796,SSLW,provisional_assumed_short_to_long,0
15.23,0,199.99999999996803,50.000000000001776,49.999999999998224,176.00000000001421,63.000000000001776,141.00000000000176,39,8.9500000000000171,880.50000000000443,SSLW,provisional_assumed_short_to_long,0
15.24,0,205.99999999999466,50,50.999999999999112,168.00000000000711,63,142.99999999999824,39,8.9400000000000084,878.00000000000227,SSLW,provisional_assumed_short_to_long,0
15.25,0,213,50,52,166,63,146,39,9.6400000000000006,927,SSLW,provisional_assumed_short_to_long,0
15.26,0,217.99999999999645,50.000000000000888,52,160,63,147.00000000000179,40,8.9200000000157313,875.00000000113619,SSLW,provisional_assumed_short_to_long,0
15.27,0,213.99999999999821,50.999999999998224,52,160.00000000000179,63,149.00000000000179,40,8.9000000000004196,872.00000000006287,SSLW,provisional_assumed_short_to_long,0
15.28,0,212.99999999998295,50,52,161.00000000001137,63.000000000011369,150.00000000001137,40,8.8800000000003987,871.0000000000199,SSLW,provisional_assumed_short_to_long,0
15.29,0,206.99999999996643,50,52,165.0000000000112,67.00000000002612,154.00000000003732,40,9.5599999999870757,931.99999999884062,SSLW,provisional_assumed_short_to_long,0
15.30,0,197.99999999996305,49.999999999990763,52,168.00000000001387,74.000000000018474,164.00000000005542,40,9.2050000000064323,907.00000000045293,SSLW,provisional_assumed_short_to_long,0
15.31,0,189.99999999989538,48.000000000005507,52,171.00000000001103,78.000000000022027,176.00000000007159,40,8.8500000000061156,882.00000000043076,SSLW,provisional_assumed_short_to_long,0
15.32,0,170.99999999991047,49,52,173.00000000002558,82.000000000006395,189.00000000003837,40,8.8499999999999996,882,SSLW,provisional_assumed_short_to_long,0
15.33,0,156.9999999999126,49,52,177.00000000002186,83.000000000072831,195.00000000003641,40,8.8499999999999996,882.99999999998454,SSLW,provisional_assumed_short_to_long,0
15.34,0,144.99999999995913,49,51.999999999991829,180.00000000003268,93.000000000081712,200.00000000003268,40,8.8499999999999996,883,SSLW,provisional_assumed_short_to_long,0
15.35,0,139.99999999992752,48.999999999990941,51,184.00000000001813,103.00000000006342,204.00000000000907,40.000000000009059,8.8499999999999996,884.9999999999726,SSLW,provisional_assumed_short_to_long,0
15.36,0,131.9999999999801,47.999999999940314,50.999999999990052,186.00000000002984,110.00000000007958,205,41,8.8799999999996171,891.99999999991041,SSLW,provisional_assumed_short_to_long,0
15.37,0,129.99999999994492,42.000000000022027,49.999999999988987,189.00000000003305,118.00000000007709,204.99999999998897,41,8.8899999999998833,893.99999999997658,SSLW,provisional_assumed_short_to_long,0
15.38,0,124.9999999999762,44.000000000023803,49,192.0000000000714,125.00000000010711,203.9999999999167,41.000000000011902,8.899999999999892,895.99999999997829,SSLW,provisional_assumed_short_to_long,0
15.39,0,123.0000000000199,45.999999999980105,49,197.99999999994031,133.99999999991047,197.00000000006963,41.999999999990052,8.9099999999999007,898.99999999997021,SSLW,provisional_assumed_short_to_long,0
15.40,0,119.00000000003624,47.999999999981881,49,197.00000000000907,142.99999999991846,174.00000000020836,41.000000000009059,9.6099999999936578,949.99999999953798,SSLW,provisional_assumed_short_to_long,0
15.41,0,112.0000000000572,46.000000000016342,47.000000000016342,202.99999999995097,143.99999999999181,160.0000000001144,41.999999999991829,8.91000000000572,900.00000000040859,SSLW,provisional_assumed_short_to_long,0
15.42,0,98.000000000101963,43.000000000021849,48.999999999985434,204.99999999998545,144.99999999999272,146.00000000010198,41.000000000007283,9.6199999999948282,947.99999999965041,SSLW,provisional_assumed_short_to_long,0
15.43,0,82.000000000102318,43,49,207.99999999998082,149.99999999996803,140.00000000003837,41.999999999993605,9.6299999999999368,948.99999999999363,SSLW,provisional_assumed_short_to_long,0
15.44,0,65.000000000093621,43,49,208,157.99999999995595,128.00000000006608,42,9.6300000000000008,949,SSLW,provisional_assumed_short_to_long,0
15.45,0,49.000000000071054,42.000000000004441,48.000000000004441,211.99999999998224,180.99999999989785,104.00000000010658,42,9.6250000000000213,947.50000000000671,SSLW,provisional_assumed_short_to_long,0
15.46,0,46.000000000010658,42,46.000000000007105,212,220.99999999985789,100.00000000001421,42,9.620000000000017,946.00000000000534,SSLW,provisional_assumed_short_to_long,0
15.47,0,44.000000000005329,42,45.000000000002665,210.00000000000534,241.99999999994404,97.000000000007987,41.000000000002665,9.6199999999999992,944.00000000000534,SSLW,provisional_assumed_short_to_long,0
15.48,0,43.000000000001776,40.000000000003553,44.000000000001776,213.99999999999289,259.99999999996805,96.000000000001776,41,9.629999999999983,942.00000000000352,SSLW,provisional_assumed_short_to_long,0
15.49,0,42.000000000000888,40,43.000000000000888,217.99999999999645,260,96,41,9.6399999999999917,940.00000000000182,SSLW,provisional_assumed_short_to_long,0
15.50,0,42,38,44,221,252,108,40,9.6899999999999995,931,SSLW,provisional_assumed_short_to_long,0
15.51,0,41,39.999999999997335,40.999999999999112,227.00000000000267,245.99999999999733,106.99999999998934,41,9.6999999999997808,931,SSLW,provisional_assumed_short_to_long,0
15.52,0,41,37.000000000001776,39.999999999994671,230.00000000000355,243.00000000000179,94.999999999973355,41.000000000001776,9.7099999999997912,931.49999999998954,SSLW,provisional_assumed_short_to_long,0
15.53,0,40.999999999997158,38.000000000005684,36.999999999994316,231.99999999999716,244.0000000000199,80,41.999999999997158,9.7199999999998017,931.99999999999,SSLW,provisional_assumed_short_to_long,0
15.54,0,40.00000000000373,40.000000000026112,34.999999999992539,231.00000000000372,251.00000000004476,80.000000000037303,41,9.7200000000000006,932,SSLW,provisional_assumed_short_to_long,0
15.55,0,41,47.000000000004619,32.999999999995381,232.00000000000924,263.00000000001847,90.000000000036948,41,9.7399999999996378,936.99999999990939,SSLW,provisional_assumed_short_to_long,0
15.56,0,40.999999999994493,47.999999999994493,31.999999999994493,234,266.99999999998897,98.000000000011013,41,9.7000000000006885,947.99999999981048,SSLW,provisional_assumed_short_to_long,0
15.57,0,40.000000000006395,47,31.000000000006395,234,264.99999999991684,100.00000000005755,41.000000000006395,9.7199999999996738,949.99999999996726,SSLW,provisional_assumed_short_to_long,0
15.58,0,41,47,31.999999999992717,234.00000000001458,251.99999999994901,109.00000000003642,42,9.7299999999998459,950,SSLW,provisional_assumed_short_to_long,0
15.59,0,41.000000000008171,47.000000000008171,31.000000000008171,236.00000000000819,244.99999999997547,114.00000000013074,42,9.7399999999998546,950.99999999998545,SSLW,provisional_assumed_short_to_long,0
15.60,0,42.000000000027178,48.000000000009059,32.000000000009059,237,241.99999999997283,130.00000000005437,42.000000000009059,9.7300000000001372,957.99999999990428,SSLW,provisional_assumed_short_to_long,0
15.61,0,45.000000000263256,49,33.000000000010125,237.00000000002026,238.99999999996962,136.00000000007088,43,9.7200000000001268,964.99999999991167,GT,provisional_assumed_short_to_long,0
15.62,0,71.000000000253308,49,34.000000000011013,239.00000000001103,236.00000000008811,143.00000000007711,43,9.7100000000001181,1022.99999999932,GT,provisional_assumed_short_to_long,0
15.63,0,94.000000000273729,49.000000000190425,35.000000000011902,240.00000000001191,244.0000000000714,150.00000000010712,43.000000000011902,9.390000000003468,1168.9999999984179,GT,provisional_assumed_short_to_long,0
15.64,0,116.99999999977121,64.999999999840838,35.999999999990052,240.99999999999005,249.99999999994031,158.99999999991047,43.999999999990052,9.1200000000026851,1303.9999999986571,GT,provisional_assumed_short_to_long,0
15.65,0,126.99999999990941,95.999999999719165,36,244.99999999996376,258.99999999991849,166.99999999992752,44.999999999990941,8.7200000000036244,1454.9999999986321,GT,provisional_assumed_short_to_long,0
15.66,0,134.99999999993463,117.99999999982023,36,259.99999999987745,275.99999999986107,184.99999999985292,45.999999999991829,8.6950000000002046,1503.9999999995996,GT,provisional_assumed_short_to_long,0
15.67,0,159.99999999981793,143.99999999981065,36.999999999992717,277.99999999986892,285.99999999992718,211.99999999980335,58.99999999990532,8.6700000000001829,1552.999999999643,GT,provisional_assumed_short_to_long,0
15.68,0,208.99999999968665,168.99999999984013,37,293.99999999989768,286.99999999999363,231.9999999998721,71.999999999916866,8.6799999999999358,1648.9999999993861,GT,provisional_assumed_short_to_long,0
15.69,0,224.99999999991189,205.99999999979624,40.999999999977973,305.99999999993395,292.99999999996697,258.9999999998513,91.999999999889866,8.7199999999997804,1721.999999999598,GT,provisional_assumed_short_to_long,0
15.70,0,243.99999999991562,235.99999999986676,42.999999999991118,320.99999999993338,299.99999999996891,271.99999999994225,112.99999999990675,8.9499999999989779,1722,GT,provisional_assumed_short_to_long,0
15.71,0,258.99999999994668,246.99999999996092,44.999999999992895,327.9999999999751,311.99999999995737,277.99999999997868,116.99999999998579,8.9599999999999653,1748.999999999904,GT,provisional_assumed_short_to_long,0
15.72,0,263.9999999999867,255.99999999997601,45,330.99999999999199,314.99999999999199,278,120.99999999998934,9.2099999999993347,1822.9999999998029,GT,provisional_assumed_short_to_long,0
15.73,0,255.00000000001597,261.99999999998931,45,330.00000000000176,315.99999999999824,275.00000000000534,123.99999999999467,9.279999999999875,1853.999999999945,GT,provisional_assumed_short_to_long,0
15.74,0,244.00000000000978,274.99999999998846,45,329.00000000000091,315.00000000000091,271.00000000000352,128.99999999999557,9.3049999999999784,1860.4999999999943,GT,provisional_assumed_short_to_long,0
15.75,0,246,278,45,328,314,270,131,9.3300000000000001,1867,GT,provisional_assumed_short_to_long,0
15.76,0,254.00000000001066,285.00000000000091,45,328.00000000000091,313.00000000000176,269.00000000000176,134.99999999999733,9.4099999999982522,1881.9999999996724,GT,provisional_assumed_short_to_long,0
15.77,0,266.00000000002132,286.00000000000887,45.000000000003553,328.99999999999642,315.00000000000534,271.00000000000176,131.9999999999911,9.4499999999991608,1877.0000000001048,GT,provisional_assumed_short_to_long,0
15.78,0,278.00000000000853,291.00000000001705,47.000000000002842,326.99999999999716,318.00000000000568,271.99999999999716,127.00000000000284,9.4999999999990052,1867.000000000199,GT,provisional_assumed_short_to_long,0
15.79,0,280.99999999999625,297.00000000000375,48,325.99999999999255,320,270.99999999999255,128.00000000000747,9.5499999999990504,1854.0000000002472,GT,provisional_assumed_short_to_long,0
15.80,0,279.99999999995379,298.0000000000046,48,323.99999999999073,320,268.99999999998153,129.99999999999537,9.6299999999985513,1838.0000000002899,GT,provisional_assumed_short_to_long,0
15.81,0,269.99999999997794,298.99999999999449,48,321.99999999998346,320.00000000000551,264.99999999998346,128.99999999999449,9.6549999999995695,1831.0000000001205,GT,provisional_assumed_short_to_long,0
15.82,0,265.99999999999358,298.00000000000642,48.000000000006395,318.99999999998079,321.00000000000642,261.99999999998079,128.00000000001279,9.6799999999995912,1824.0000000001144,GT,provisional_assumed_short_to_long,0
15.83,0,265.00000000000728,299,49,315.99999999994174,322.00000000001455,259,129.99999999997087,9.8699999999970629,1759.0000000010045,GT,provisional_assumed_short_to_long,0
15.84,0,266.00000000000819,299.00000000001637,49,307.99999999998363,324.00000000000819,259.00000000000819,125.99999999999183,9.9199999999992716,1749.0000000001457,GT,provisional_assumed_short_to_long,0
15.85,0,267,300.99999999997283,49.000000000072475,305.99999999998187,325.00000000000904,260.00000000001813,124.99999999999093,9.9599999999994537,1741.0000000001094,GT,provisional_assumed_short_to_long,0
15.86,0,266.99999999998988,298,56.999999999969624,303.99999999998988,326,262,124.00000000003038,10.009999999999369,1735.0000000000757,GT,provisional_assumed_short_to_long,0
15.87,0,265.99999999998346,297.99999999998897,53.999999999972466,303,325.99999999999449,261.99999999998897,126.99999999998349,10.049999999999532,1731.0000000000468,GT,provisional_assumed_short_to_long,0
15.88,0,264.4999999999992,296.99999999999949,51.499999999998664,303,325.49999999999972,260.99999999999949,125.4999999999992,10.069999999999784,1730.5000000000055,GT,provisional_assumed_short_to_long,0
15.89,0,263.00000000001489,296.00000000000995,49.000000000024869,303,325.000000000005,260.00000000000995,124.00000000001492,10.089999999999801,1730.000000000005,GT,provisional_assumed_short_to_long,0
15.90,0,261.00000000001813,296,49,301.00000000001813,325,259.00000000000904,123.00000000000907,10.119999999999727,1727.0000000000273,GT,provisional_assumed_short_to_long,0
15.91,0,257.50000000002859,294.00000000001637,49,297.00000000003268,323.50000000001228,255.50000000002859,116.50000000005312,10.149999999999755,1724.0000000000246,GT,provisional_assumed_short_to_long,0
15.92,0,254.00000000002549,292.00000000001455,49,293.0000000000291,322.00000000001091,252.00000000002549,110.00000000004734,10.179999999999781,1720.0000000000291,GT,provisional_assumed_short_to_long,0
15.93,0,252.00000000001279,291.00000000000637,59.999999999929656,286.00000000004479,316.00000000003837,249.00000000001918,100.00000000006395,10.199999999999871,1718.0000000000127,GT,provisional_assumed_short_to_long,0
15.94,0,245.00000000003854,292.99999999998897,65.99999999996696,275.0000000000606,313.00000000001654,244.00000000002754,98.000000000011013,10.219999999999891,1712.000000000033,GT,provisional_assumed_short_to_long,0
15.95,0,240.0000000000222,292.00000000000443,66.999999999995566,269.00000000002666,306.00000000003109,238.00000000002666,89.000000000039961,10.239999999999911,1710.0000000000089,GT,provisional_assumed_short_to_long,0
15.96,0,232.00000000002842,282.00000000003553,69.999999999989342,256.00000000004616,293.00000000004616,212.00000000009237,85.000000000014211,10.254999999999946,1710,GT,provisional_assumed_short_to_long,0
15.97,0,228.00000000001066,277.0000000000133,71.999999999994671,256,285.00000000002132,200.00000000003197,84.000000000002672,10.26999999999996,1710,GT,provisional_assumed_short_to_long,0
15.98,0,223.00000000000887,276.00000000000176,72,256,276.00000000001597,193.00000000001245,77.000000000012434,10.27,1706.000000000007,GT,provisional_assumed_short_to_long,0
15.99,0,221.00000000000176,272.00000000000352,72,255.00000000000088,268.00000000000711,182.00000000000978,77,10.289999999999981,1706.9999999999991,GT,provisional_assumed_short_to_long,0
16.00,0,219,270.5,73,254,262,177.5,76,10.289999999999999,1706,GT,provisional_assumed_short_to_long,0
16.01,0,216.99999999999787,268.99999999999147,74.000000000007461,252.99999999999892,255.99999999998934,172.99999999999361,74.999999999998934,10.309999999999567,1702.0000000000866,GT,provisional_assumed_short_to_long,0
16.02,0,214.9999999999911,261,81.000000000001776,251.99999999999466,245.99999999998579,166.99999999998755,74.000000000001776,10.31,1701.0000000000209,GT,provisional_assumed_short_to_long,0
16.03,0,209.99999999998153,260.99999999998721,82.000000000001421,248.99999999999716,237.99999999996732,159.99999999998863,74.99999999998721,10.31,1700.00000000002,GT,provisional_assumed_short_to_long,0
16.04,0,203.49999999997692,256.49999999998403,82.500000000001776,247.99999999999645,226.49999999995913,155.99999999998579,70.499999999984013,10.319999999999808,1697.0000000000575,GT,provisional_assumed_short_to_long,0
16.05,0,197.00000000000463,251.99999999996766,83.000000000018474,246.99999999999537,214.999999999903,151.99999999993994,66,10.329999999999819,1695.0000000000362,GT,provisional_assumed_short_to_long,0
16.06,0,198.00000000001066,244.99999999995737,87.000000000037303,245.99999999998934,193.99999999979215,138.99999999993605,65.99999999994138,10.320000000000174,1689.0000000001044,GT,provisional_assumed_short_to_long,0
16.07,0,200.00000000002558,236.99999999995524,94.000000000038369,243.99999999999361,154.99999999991687,126.99999999999361,54.99999999997442,10.32,1690.9999999999673,GT,provisional_assumed_short_to_long,0
16.08,0,204.0000000000224,230.00000000001492,100.00000000000746,242.99999999999253,141.99999999991047,125.99999999997762,51.000000000059686,10.339999999999694,1691.9999999999848,GT,provisional_assumed_short_to_long,0
16.09,0,207.00000000004903,231.99999999998366,101,242,129.99999999996732,122.9999999999428,59,10.330000000000146,1691.5000000000073,GT,provisional_assumed_short_to_long,0
16.10,0,213.00000000002771,230.00000000001847,101.00000000000924,242.00000000000924,125.99999999996305,116.00000000001847,59.000000000027711,10.320000000000135,1691.0000000000068,GT,provisional_assumed_short_to_long,0
16.11,0,216.00000000003979,232,102.0000000000199,242.99999999999005,121.9999999999801,117.99999999993037,62.000000000029843,10.329999999999872,1691,GT,provisional_assumed_short_to_long,0
16.12,0,220.00000000000551,232.00000000000551,104.00000000001651,242,119.99999999998349,111.0000000000055,64.9999999999945,10.320000000000118,1695.9999999999413,GT,provisional_assumed_short_to_long,0
16.13,0,220.50000000000017,232.50000000000017,105.50000000000054,242,118.49999999999946,111.50000000000017,64.499999999999829,10.310000000000111,1696,GT,provisional_assumed_short_to_long,0
16.14,0,220.99999999999503,232.99999999999503,106.99999999998508,242,117.00000000001492,111.99999999999503,64.000000000004974,10.319999999999901,1696.99999999999,GT,provisional_assumed_short_to_long,0
16.15,0,223.99999999997229,230.00000000002771,108.99999999998153,243.99999999998153,116.00000000000924,117.99999999994458,66.999999999972289,10.32,1697.9999999999907,GT,provisional_assumed_short_to_long,0
16.16,0,228.99999999995913,230,115.9999999999428,244.99999999999181,115.00000000000817,117.00000000000817,68.999999999983658,10.31500000000004,1698.4999999999959,GT,provisional_assumed_short_to_long,0
16.17,0,230.49999999998934,227.50000000001776,119.99999999997158,245.99999999999289,114.50000000000355,117.99999999999289,70.999999999985789,10.310000000000036,1698.9999999999964,GT,provisional_assumed_short_to_long,0
16.18,0,231.99999999999039,225.00000000001597,123.99999999997442,246.99999999999361,114.0000000000032,118.99999999999361,72.99999999998721,10.319999999999936,1699,GT,provisional_assumed_short_to_long,0
16.19,0,248.99999999990939,218.00000000003729,127.99999999997868,252.99999999996803,114,124.99999999996803,83.99999999994138,10.310000000000054,1699,GT,provisional_assumed_short_to_long,0
16.20,0,255.99999999996766,223.99999999997229,130.99999999998613,252.0000000000046,111.00000000001386,124.00000000000462,83.000000000004619,10.31,1698.0000000000045,GT,provisional_assumed_short_to_long,0
16.21,0,263.99999999997158,224,132.99999999999289,252.99999999999645,110.00000000000355,133.99999999996447,92.999999999964473,10.319999999999965,1693.0000000000177,GT,provisional_assumed_short_to_long,0
16.22,0,273.99999999997158,224,136.99999999998863,253,110.99999999999716,134.99999999999716,93.999999999997158,10.32,1693.9999999999973,GT,provisional_assumed_short_to_long,0
16.23,0,283.99999999998226,224,137.99999999999824,253,111.99999999999822,136.99999999999645,95.999999999996447,10.310000000000018,1694,GT,provisional_assumed_short_to_long,0
16.24,0,291.99999999999432,222.00000000000142,142.99999999999645,254.99999999999858,114.99999999999787,138.99999999999858,103.99999999999432,10.31,1694,GT,provisional_assumed_short_to_long,0
16.25,0,294.5,219,144,255,115,140,106,10.31,1694,GT,provisional_assumed_short_to_long,0
16.26,0,297.00000000000318,216.00000000000108,145,255.00000000000108,115.00000000000426,141.00000000000108,108.00000000000853,10.300000000000217,1693.0000000000216,GT,provisional_assumed_short_to_long,0
16.27,0,300.00000000000534,217.00000000000534,144.9999999999911,256,119.00000000000711,142.00000000000355,116.00000000001421,10.309999999999791,1691.0000000000418,GT,provisional_assumed_short_to_long,0
16.28,0,302.99999999999716,219.99999999999716,139.9999999999801,256.00000000000853,122.99999999999147,144,124.00000000002274,10.31,1688.0000000000596,GT,provisional_assumed_short_to_long,0
16.29,0,301.99999999999824,219.00000000000179,132.99999999998579,258.99999999999824,119.99999999999822,144,132.00000000000355,10.35999999999904,1674.0000000002685,GT,provisional_assumed_short_to_long,0
16.30,0,301.49999999999767,219.5000000000023,128.99999999998153,258.49999999999767,119.4999999999977,144,133.0000000000046,10.355000000000089,1670.5000000000634,GT,provisional_assumed_short_to_long,0
16.31,0,300.99999999998403,220.00000000001066,124.99999999997868,258,118.99999999997868,143.99999999999466,134.00000000000534,10.350000000000087,1667.0000000000609,GT,provisional_assumed_short_to_long,0
16.32,0,297.99999999994242,222.00000000000639,120.99999999991687,257.99999999998079,114.99999999985292,142.99999999998082,134.99999999998721,10.369999999999672,1662.0000000000816,GT,provisional_assumed_short_to_long,0
16.33,0,288.9999999999888,222.99999999999253,107.99999999997388,254.99999999998508,91.999999999988802,139.9999999999888,133,10.389999999999695,1655.0000000001069,GT,provisional_assumed_short_to_long,0
16.34,0,287.49999999998772,221.99999999999181,104.49999999997141,252.99999999998366,90.49999999998775,138.49999999998775,133,10.419999999999563,1648.0000000001019,GT,provisional_assumed_short_to_long,0
16.35,0,285.99999999999073,220.99999999996305,100.99999999994458,250.99999999999076,89.000000000009237,136.99999999999076,132.99999999999076,10.429999999999865,1639.0000000001214,GT,provisional_assumed_short_to_long,0
16.36,0,284.99999999999005,216.99999999997016,94.999999999840838,249.99999999999005,90,135.99999999999005,131.99999999999005,10.459999999999617,1635.0000000000512,GT,provisional_assumed_short_to_long,0
16.37,0,283.99999999998897,213.99999999998897,78.999999999955946,248.99999999997797,90,134.99999999995595,130.99999999996695,10.464999999999943,1634.0000000000118,GT,provisional_assumed_short_to_long,0
16.38,0,282.99999999998829,212.99999999997655,74.999999999730349,246.9999999999531,89.999999999988276,130.99999999998829,127.99999999998828,10.469999999999946,1633.0000000000109,GT,provisional_assumed_short_to_long,0
16.39,0,282.00000000000995,211.0000000000199,52.000000000228795,243.00000000003979,89.000000000009948,130.00000000000995,127.00000000000995,10.470000000000001,1627.0000000000596,GT,provisional_assumed_short_to_long,0
16.40,0,281.00000000000921,208.00000000002771,52,241.00000000001847,89,130,127.99999999999076,10.489999999999815,1626.0000000000093,GT,provisional_assumed_short_to_long,0
16.41,0,281,207.00000000000819,52,239.00000000001634,89,129.00000000000819,127.00000000000817,10.49,1624.0000000000164,GT,provisional_assumed_short_to_long,0
16.42,0,280.00000000000711,207,52,239,89,128.00000000000711,126.00000000000711,10.49,1622.0000000000141,GT,provisional_assumed_short_to_long,0
16.43,0,280,204.00000000001918,52,238.00000000000639,89.999999999993605,129.99999999998721,127.99999999998721,10.49,1621.0000000000064,GT,provisional_assumed_short_to_long,0
16.44,0,280,202.00000000001066,52,237.00000000000534,90,130,128,10.49,1620.0000000000052,GT,provisional_assumed_short_to_long,0
16.45,0,280.9999999999954,202,52,236.0000000000046,99.999999999953815,130,129.99999999999076,10.49,1619.0000000000045,GT,provisional_assumed_short_to_long,0
16.46,0,281,201.00000000000355,52,235.00000000000355,106.99999999997513,130,130,10.440000000000177,1620.999999999993,GT,provisional_assumed_short_to_long,0
16.47,0,281.99999999999716,200.00000000000284,52,233.00000000000568,110.99999999998863,130,130.99999999999716,10.44,1621.9999999999973,GT,provisional_assumed_short_to_long,0
16.48,0,282,199.00000000000176,52,232.00000000000176,115.99999999999112,130,131.99999999999824,10.44,1621.0000000000018,GT,provisional_assumed_short_to_long,0
16.49,0,282,199,52,232.99999999999929,118.99999999999787,130,137.99999999999574,10.44,1619.0000000000014,GT,provisional_assumed_short_to_long,0
16.50,0,283,198,52,233,121,130,138,10.449999999999999,1620,GT,provisional_assumed_short_to_long,0
16.51,0,282.00000000000108,196,51.999999999998934,232.99999999999892,124.00000000000213,130,140,10.449999999999999,1619.5000000000052,GT,provisional_assumed_short_to_long,0
16.52,0,283,196.00000000000179,51,232,126.00000000000533,130.00000000000179,139.99999999999645,10.449999999999999,1619.0000000000105,GT,provisional_assumed_short_to_long,0
16.53,0,283.00000000000284,197,51,232,129.00000000000284,131,138,10.449999999999999,1617.0000000000398,GT,provisional_assumed_short_to_long,0
16.54,0,284,196.99999999999645,51,232,130,131,138,10.459999999999809,1617.9999999999809,GT,provisional_assumed_short_to_long,0
16.55,0,284,196,51,232,130.00000000000463,131.00000000000463,138,10.469999999999819,1618,GT,provisional_assumed_short_to_long,0
16.56,0,284,196.00000000000534,51,231.99999999999466,131,132,138.00000000000534,10.470000000000001,1617.0000000000175,GT,provisional_assumed_short_to_long,0
16.57,0,284,197,51,231,131,132.00000000000639,138.99999999999361,10.460000000000164,1617,GT,provisional_assumed_short_to_long,0
16.58,0,284,196.99999999999253,51,231,131.00000000000747,133,138,10.430000000000458,1633.9999999997403,GT,provisional_assumed_short_to_long,0
16.59,0,284.00000000000819,196.00000000000819,51,231,132,133,138.00000000000819,10.425000000000072,1634,GT,provisional_assumed_short_to_long,0
16.60,0,285,197.00000000000924,51,231,132,133,139,10.420000000000067,1634,GT,provisional_assumed_short_to_long,0
16.61,0,285,198.00000000000995,51,231.00000000000995,131.99999999999005,133.00000000000995,139.00000000000995,10.429999999999872,1635.9999999999745,GT,provisional_assumed_short_to_long,0
16.62,0,285,199,51,231.99999999998897,131,133.99999999998897,140,10.420000000000117,1635.0000000000118,GT,provisional_assumed_short_to_long,0
16.63,0,285,198.99999999997655,51,231,130.99999999998829,133,140.00000000001171,10.42,1634.0000000000109,GT,provisional_assumed_short_to_long,0
16.64,0,285,197.0000000000199,51,231,130.00000000000995,133,140.99999999999005,10.4299999999999,1633.00000000001,GT,provisional_assumed_short_to_long,0
16.65,0,284.00000000000921,195.00000000001847,51,230.00000000000924,129.00000000000924,133,140.00000000000924,10.434999999999953,1633.9999999999907,GT,provisional_assumed_short_to_long,0
16.66,0,284,194.00000000000819,51,229.00000000000819,128.00000000000819,133,140,10.439999999999959,1634.9999999999918,GT,provisional_assumed_short_to_long,0
16.67,0,284,189.00000000003553,50.000000000007105,229,127.00000000000711,133,140.99999999999289,10.430000000000071,1635.999999999993,GT,provisional_assumed_short_to_long,0
16.68,0,284,189,50.999999999993605,228.00000000000639,127,133,140.00000000000639,10.439999999999936,1634.0000000000127,GT,provisional_assumed_short_to_long,0
16.69,0,283.00000000000534,187.00000000001066,51,228,125.00000000001066,133,140.99999999999466,10.44,1633.0000000000052,GT,provisional_assumed_short_to_long,0
16.70,0,282.0000000000046,186.0000000000046,50.000000000004619,228,123.00000000000924,133,137.00000000001847,10.449999999999953,1633,GT,provisional_assumed_short_to_long,0
16.71,0,281.00000000000352,185.00000000000355,49.000000000003553,228,120.00000000001066,131.00000000000711,135.00000000000711,10.440000000000035,1633.9999999999964,GT,provisional_assumed_short_to_long,0
16.72,0,278.00000000000853,183.00000000000568,49.999999999997158,227.00000000000284,119.00000000000284,131,131.00000000001137,10.44,1634,GT,provisional_assumed_short_to_long,0
16.73,0,278,179.00000000000711,50,227.99999999999824,116.00000000000533,131,131.99999999999824,10.44,1632.5000000000027,GT,provisional_assumed_short_to_long,0
16.74,0,277.00000000000068,180.99999999999858,50,227.00000000000071,114.00000000000142,131.99999999999929,131.00000000000071,10.44,1631.0000000000011,GT,provisional_assumed_short_to_long,0
16.75,0,276,178,50,227,112,132,131,10.44,1644,GT,provisional_assumed_short_to_long,0
16.76,0,275.99999999999892,174.99999999999892,49,227,108.9999999999968,132,130,10.430000000000216,1644,GT,provisional_assumed_short_to_long,0
16.77,0,275,173.99999999999466,49,227,105.99999999999645,132,129.99999999999821,10.43999999999979,1644,GT,provisional_assumed_short_to_long,0
16.78,0,275,170.99999999999716,49,227.00000000000284,103.99999999998863,131.99999999999716,129,10.44,1644.99999999998,GT,provisional_assumed_short_to_long,0
16.79,0,274.99999999999642,169.99999999999645,49,227.99999999999289,99.999999999992895,130.99999999999645,129,10.44,1645.9999999999809,GT,provisional_assumed_short_to_long,0
16.80,0,274.0000000000046,169.00000000000924,49,226,98,130.00000000000463,128.99999999999537,10.44,1646.9999999999818,GT,provisional_assumed_short_to_long,0
16.81,0,274.99999999999466,170.99999999998934,49,226,98.000000000010658,131.00000000000534,128.00000000000534,10.430000000000174,1645.0000000000348,GT,provisional_assumed_short_to_long,0
16.82,0,274.00000000000642,169.00000000000639,49,226.00000000000639,100.00000000001279,132,128.99999999999361,10.420000000000163,1645.9999999999836,GT,provisional_assumed_short_to_long,0
16.83,0,274.99999999999255,170.00000000000747,49,227.00000000000747,102.00000000002238,132,128,10.42,1646,GT,provisional_assumed_short_to_long,0
16.84,0,274,170.99999999998366,49,228.00000000000819,105.00000000002451,132,128,10.42,1649.9999999999418,GT,provisional_assumed_short_to_long,0
16.85,0,274,169.00000000000924,49,228.99999999998153,108.00000000001847,132,128,10.410000000000135,1649.0000000000134,GT,provisional_assumed_short_to_long,0
16.86,0,274,169.99999999997016,48.999999999990052,227.0000000000199,110.00000000002984,131.99999999999005,128,10.41,1650.9999999999745,GT,provisional_assumed_short_to_long,0
16.87,0,274,167.00000000002203,48.000000000005507,228.999999999989,113.00000000001651,131.00000000000551,128.000000000011,10.41,1652.9999999999766,GT,provisional_assumed_short_to_long,0
16.88,0,274,169.00000000000071,48.500000000000178,227.99999999999966,114.50000000000054,131.50000000000017,129.00000000000034,10.40000000000011,1650.000000000033,GT,provisional_assumed_short_to_long,0
16.89,0,274,170.9999999999801,48.999999999995026,227.00000000000995,115.99999999998508,131.99999999999503,129.99999999999005,10.3900000000001,1650,GT,provisional_assumed_short_to_long,0
16.90,0,274,170.00000000000924,49,227,117.99999999998153,132,129.00000000000924,10.380000000000093,1650.9999999999907,GT,provisional_assumed_short_to_long,0
16.91,0,274.99999999999181,170.99999999999181,49.999999999991829,227,119.99999999998366,132,129.99999999999181,10.380000000000001,1653.9999999999754,GT,provisional_assumed_short_to_long,0
16.92,0,275,171.99999999999289,50,227,120,132,130.99999999999289,10.37000000000007,1654.999999999993,GT,provisional_assumed_short_to_long,0
16.93,0,275.99999999999363,170.00000000001279,50,227.99999999999361,120.99999999999361,132.99999999999361,131.99999999999361,10.369999999999999,1655,GT,provisional_assumed_short_to_long,0
16.94,0,276,169.00000000000534,50,228,121,133,133.99999999998934,10.369999999999999,1655,GT,provisional_assumed_short_to_long,0
16.95,0,276,170.99999999999076,50,228.9999999999954,121.99999999999538,133,134.9999999999954,10.360000000000046,1655.9999999999955,GT,provisional_assumed_short_to_long,0
16.96,0,276,172.99999999999289,50,228.00000000000355,122,133,136.99999999999289,10.340000000000071,1652.0000000000141,GT,provisional_assumed_short_to_long,0
16.97,0,276,172.00000000000284,50,228.99999999999716,123.99999999999432,133,136.00000000000284,10.349999999999971,1652.9999999999973,GT,provisional_assumed_short_to_long,0
16.98,0,276,172.99999999999824,50,230.99999999999645,124,133,138.99999999999466,10.35,1653.9999999999982,GT,provisional_assumed_short_to_long,0
16.99,0,276,173,50,230.00000000000071,125.99999999999858,133,138.00000000000071,10.359999999999992,1654,GT,provisional_assumed_short_to_long,0
17.00,0,276,172,50,229,126,134,136,10.359999999999999,1653.5000000000057,GT,provisional_assumed_short_to_long,0
17.01,0,276,173.99999999999787,50,229.00000000000213,127.00000000000107,133.00000000000108,135.00000000000213,10.359999999999999,1653.0000000000109,GT,provisional_assumed_short_to_long,0
17.02,0,276.00000000000176,172.00000000000355,50,230.99999999999645,128.00000000000179,134,137.00000000000355,10.359999999999999,1652.0000000000209,GT,provisional_assumed_short_to_long,0
17.03,0,277,174.00000000000284,50,229,129.00000000000284,134.00000000000284,138.99999999999716,10.3699999999998,1646.0000000001194,GT,provisional_assumed_short_to_long,0
17.04,0,277.00000000000358,174.99999999998934,50,229.00000000000711,129.99999999999645,135.00000000000355,138,10.399999999999425,1639.0000000001344,GT,provisional_assumed_short_to_long,0
17.05,0,278,172.00000000001387,50,230.99999999999537,129,136,138.00000000000463,10.409999999999819,1638.0000000000182,GT,provisional_assumed_short_to_long,0
17.06,0,278,174.99999999998934,50,230,129,136,139,10.41,1638.9999999999825,GT,provisional_assumed_short_to_long,0
17.07,0,278,173.00000000000639,50,230.00000000000639,129.00000000000639,136,139.00000000001918,10.41,1638.5000000000082,GT,provisional_assumed_short_to_long,0
17.08,0,278.00000000000745,174.00000000000747,50,230.9999999999776,130,136.00000000000747,141.99999999999253,10.41,1638.0000000000077,GT,provisional_assumed_short_to_long,0
17.09,0,279,175.00000000000819,50,228,130,137.00000000000819,141.00000000000819,10.41,1637.0000000000146,GT,provisional_assumed_short_to_long,0
17.10,0,279,176.00000000000924,50,228.00000000000924,130.00000000000924,138.00000000000924,142,10.419999999999865,1637.9999999999866,GT,provisional_assumed_short_to_long,0
17.11,0,279,176.9999999999801,50,229,131,138.99999999999005,142.0000000000199,10.42,1639.9999999999745,GT,provisional_assumed_short_to_long,0
17.12,0,278.99999999998897,175.00000000001103,49.999999999988987,229,131,138,144,10.429999999999882,1639.0000000000118,GT,provisional_assumed_short_to_long,0
17.13,0,278.00000000001171,175.99999999998829,49.000000000011724,229,131.00000000001171,138.00000000001171,143.99999999998829,10.42000000000011,1637.0000000000221,GT,provisional_assumed_short_to_long,0
17.14,0,278.99999999999005,175.00000000000995,49.999999999990052,229,131.99999999999005,138.99999999999005,143.00000000000995,10.415000000000049,1636.500000000005,GT,provisional_assumed_short_to_long,0
17.15,0,279,175.99999999999113,50,229,133.99999999998224,139,142.00000000000887,10.410000000000045,1636.0000000000045,GT,provisional_assumed_short_to_long,0
17.16,0,279.99999999999181,176,50,229,134,139,142,10.41,1635.0000000000082,GT,provisional_assumed_short_to_long,0
17.17,0,279.00000000000711,176,50,229,134,139.99999999999289,142.99999999999289,10.419999999999929,1635,GT,provisional_assumed_short_to_long,0
17.18,0,279,176.99999999999361,50,229,134,140,142.00000000000639,10.330000000000576,1635.9999999999936,GT,provisional_assumed_short_to_long,0
17.19,0,279,177.99999999999466,49.000000000005329,229,134.99999999999466,140,142.99999999999466,10.349999999999893,1637.9999999999893,GT,provisional_assumed_short_to_long,0
17.20,0,279,176.00000000000924,49.999999999995381,229,135.9999999999954,140,143,10.35,1636.0000000000093,GT,provisional_assumed_short_to_long,0
17.21,0,279,176,50,229,136,140.99999999999645,143,10.35,1635.0000000000036,GT,provisional_assumed_short_to_long,0
17.22,0,279,176.99999999999716,50,229,136,141,144.99999999999432,10.35,1634.0000000000027,GT,provisional_assumed_short_to_long,0
17.23,0,279.99999999999824,177.99999999999824,50,229,136,140.00000000000176,145,10.340000000000018,1630.000000000007,GT,provisional_assumed_short_to_long,0
17.24,0,279.00000000000068,178,50,229,136.99999999999929,140,144.00000000000071,10.310000000000022,1627.000000000002,GT,provisional_assumed_short_to_long,0
17.25,0,280,179,50,230,138,140,144,10.32,1628,GT,provisional_assumed_short_to_long,0
17.26,0,279.99999999999892,178.00000000000108,50,229.99999999999787,137,140,144,10.329999999999783,1625.000000000065,GT,provisional_assumed_short_to_long,0
17.27,0,279.00000000000176,179.00000000000179,49.999999999998224,228,137,140,144,10.33,1626.9999999999582,GT,provisional_assumed_short_to_long,0
17.28,0,280,180,49.000000000002842,228.00000000000284,137,140,144.00000000000284,10.339999999999801,1627,GT,provisional_assumed_short_to_long,0
17.29,0,280,180,50,228.99999999999645,137,140,144.99999999999645,10.349999999999808,1627,GT,provisional_assumed_short_to_long,0
17.30,0,280,180,49.999999999995381,228.00000000000924,136.99999999999537,139.99999999999537,143.99999999999537,10.35,1625.0000000000362,GT,provisional_assumed_short_to_long,0
17.31,0,280,180,49,230,136.00000000000534,139.00000000000534,143.00000000000534,10.369999999999651,1619.0000000001044,GT,provisional_assumed_short_to_long,0
17.32,0,280,180,49.000000000006395,230.00000000000639,137,139.99999999999361,143.99999999999361,10.39999999999951,1628.9999999998365,GT,provisional_assumed_short_to_long,0
17.33,0,279.99999999999255,179.99999999999253,49.999999999992539,231,137,139,143.00000000000747,10.409999999999847,1629.9999999999848,GT,provisional_assumed_short_to_long,0
17.34,0,279,179.00000000001634,49,230.99999999999181,137,139,144.00000000000819,10.41,1630,GT,provisional_assumed_short_to_long,0
17.35,0,279,180.99999999999076,49.000000000009237,230,137,139,144.99999999998153,10.41,1629.5000000000068,GT,provisional_assumed_short_to_long,0
17.36,0,279,180,50,230,137,138.99999999999005,143.00000000000995,10.41,1629.0000000000064,GT,provisional_assumed_short_to_long,0
17.37,0,279,180.00000000001103,49.999999999988987,230,137,138.00000000001103,143.99999999997797,10.41,1628.0000000000118,GT,provisional_assumed_short_to_long,0
17.38,0,279,181,49.000000000011724,229.99999999997655,136.99999999998829,138.99999999998829,141.99999999997655,10.41,1628,GT,provisional_assumed_short_to_long,0
17.39,0,279,181,49.999999999990052,228.0000000000199,136.00000000000995,138.00000000000995,140.0000000000199,10.41,1628.99999999999,GT,provisional_assumed_short_to_long,0
17.40,0,279,181,50,228.99999999999113,136,137.00000000000887,139.00000000000887,10.429999999999822,1630.9999999999823,GT,provisional_assumed_short_to_long,0
17.41,0,279,181,50,228.50000000000409,136,136.00000000000819,139,10.43,1631,GT,provisional_assumed_short_to_long,0
17.42,0,279,181,50,228.00000000000355,136,135.00000000000711,139,10.43,1631,GT,provisional_assumed_short_to_long,0
17.43,0,279,181.99999999999361,50,229.99999999998721,136.99999999999361,134.00000000000639,139,10.410000000000128,1629.0000000000127,GT,provisional_assumed_short_to_long,0
17.44,0,279,181.00000000000534,50,230.99999999999466,136.00000000000534,134,141.99999999998403,10.429999999999893,1631.9999999999841,GT,provisional_assumed_short_to_long,0
17.45,0,279,181,50,230.0000000000046,136,134,142,10.420000000000046,1630.0000000000093,GT,provisional_assumed_short_to_long,0
17.46,0,278.00000000000352,181.99999999999645,50,230,136,134,142,10.429999999999964,1630,GT,provisional_assumed_short_to_long,0
17.47,0,278,182,50,229.00000000000284,136,134,143.99999999999432,10.400000000000086,1623.00000000002,GT,provisional_assumed_short_to_long,0
17.48,0,278,182,50,229.99999999999824,135.00000000000176,134,143.00000000000176,10.409999999999982,1625.9999999999948,GT,provisional_assumed_short_to_long,0
17.49,0,278,181.50000000000034,50,230,135,134,142.50000000000034,10.41,1625.0000000000007,GT,provisional_assumed_short_to_long,0
17.50,0,278,181,50,230,135,134,142,10.41,1624,GT,provisional_assumed_short_to_long,0
17.51,0,278,181.00000000000108,49.999999999998934,229.99999999999892,134.99999999999892,135,142.99999999999892,10.400000000000217,1626.999999999935,GT,provisional_assumed_short_to_long,0
17.52,0,278,182.00000000000179,49.000000000001776,229,133.99999999999821,134.99999999999821,142,10.4,1626.0000000000209,GT,provisional_assumed_short_to_long,0
17.53,0,278,182.99999999999432,50,229.00000000000284,133,134.00000000000284,142.00000000000568,10.4,1624.0000000000398,GT,provisional_assumed_short_to_long,0
17.54,0,278,180.99999999999645,49.999999999996447,230,133,134.99999999999645,143.99999999999289,10.4,1625.9999999999616,GT,provisional_assumed_short_to_long,0
17.55,0,278,180,49,230,132.99999999999076,134,142.00000000000463,10.395000000000092,1625.5000000000091,GT,provisional_assumed_short_to_long,0
17.56,0,277.99999999999466,179.99999999999466,49,230,130.99999999999466,134,142.99999999998934,10.390000000000088,1625.0000000000086,GT,provisional_assumed_short_to_long,0
17.57,0,277,179,49,230,130,134,141.00000000001279,10.390000000000001,1625.9999999999836,GT,provisional_assumed_short_to_long,0
17.58,0,277.00000000000745,179.00000000000747,49,230,130,134,143,10.380000000000154,1622.0000000000612,GT,provisional_assumed_short_to_long,0
17.59,0,277.99999999999181,180.00000000000819,49,229.99999999999181,129.99999999999181,134.00000000000819,143,10.389999999999855,1622,GT,provisional_assumed_short_to_long,0
17.60,0,277,181,49,229.00000000000924,128.99999999998153,134.99999999999076,142.99999999998153,10.390000000000001,1623.9999999999729,GT,provisional_assumed_short_to_long,0
17.61,0,277.00000000000995,181,49,230,126.99999999999005,134,141.00000000000995,10.390000000000001,1624.9999999999873,GT,provisional_assumed_short_to_long,0
17.62,0,278,181,49,230,126,134,142.00000000001103,10.390000000000001,1625.4999999999941,GT,provisional_assumed_short_to_long,0
17.63,0,278,181.00000000001171,49,230,126,134,142.99999999997655,10.390000000000001,1625.9999999999945,GT,provisional_assumed_short_to_long,0
17.64,0,278,181.99999999999005,49,230,126,134,141.0000000000199,10.3800000000001,1626.99999999999,GT,provisional_assumed_short_to_long,0
17.65,0,278,182,49,230,126,134.99999999999113,141.99999999999113,10.380000000000001,1626.0000000000089,GT,provisional_assumed_short_to_long,0
17.66,0,277.00000000000819,182,49,230,125.00000000000817,135,143.99999999998366,10.380000000000001,1626.9999999999918,GT,provisional_assumed_short_to_long,0
17.67,0,277.99999999999289,182.99999999999289,49,229.00000000000711,125,135,144.99999999999289,10.380000000000001,1624.0000000000214,GT,provisional_assumed_short_to_long,0
17.68,0,278,181.00000000001279,49,229,125,135,145,10.380000000000001,1623.0000000000064,GT,provisional_assumed_short_to_long,0
17.69,0,278,181.99999999999466,49,229.99999999999466,124.00000000000533,135,144.00000000000534,10.380000000000001,1623.9999999999948,GT,provisional_assumed_short_to_long,0
17.70,0,277.0000000000046,181.0000000000046,49.999999999995381,230,124,135,144.9999999999954,10.380000000000001,1624,GT,provisional_assumed_short_to_long,0
17.71,0,277.99999999999648,181,50,230.99999999999645,124,135,144.00000000000355,10.380000000000001,1624,GT,provisional_assumed_short_to_long,0
17.72,0,278,181.99999999999716,50,229.00000000000568,124,135,145.99999999999432,10.380000000000001,1624,GT,provisional_assumed_short_to_long,0
17.73,0,278,180.00000000000355,50,229,123.00000000000178,135,147.99999999999645,10.380000000000001,1624,GT,provisional_assumed_short_to_long,0
17.74,0,277.00000000000068,181.99999999999858,50,229,123,135,148.99999999999929,10.399999999999986,1612.0000000000086,GT,provisional_assumed_short_to_long,0
17.75,0,278,181,50,230,122,135,144,10.41,1616,GT,provisional_assumed_short_to_long,0
17.76,0,278,180,49,230.00000000000108,121.99999999999893,135,149.99999999999466,10.41,1615.5000000000052,GT,provisional_assumed_short_to_long,0
17.77,0,278,180,49.000000000001776,230.99999999999645,120.99999999999822,135,144.99999999999821,10.41,1615.0000000000105,GT,provisional_assumed_short_to_long,0
17.78,0,278,180.00000000000853,49.999999999997158,229,120.00000000000284,135,144.00000000001137,10.41,1615,GT,provisional_assumed_short_to_long,0
17.79,0,277.99999999999642,182.99999999999645,49,229.00000000000355,120.99999999999645,135,148,10.41,1615.9999999999809,GT,provisional_assumed_short_to_long,0
17.80,0,277.0000000000046,182,49.000000000004619,230.00000000000463,120,135,147.99999999999537,10.41,1617.9999999999638,GT,provisional_assumed_short_to_long,0
17.81,0,277.99999999999466,182.00000000001066,50,230.99999999999466,120,135,147,10.41,1618,GT,provisional_assumed_short_to_long,0
17.82,0,277.00000000000642,183.99999999998082,49.999999999993605,229.99999999999361,119.99999999998721,135,146.99999999999361,10.400000000000164,1618,GT,provisional_assumed_short_to_long,0
17.83,0,278,181,48.999999999992539,229.00000000000747,118,135,146,10.409999999999847,1618.9999999999848,GT,provisional_assumed_short_to_long,0
17.84,0,278,180.99999999999181,48.000000000008171,230,118,135,146.00000000002453,10.41,1619.9999999999854,GT,provisional_assumed_short_to_long,0
17.85,0,278,180.00000000001847,49.000000000009237,230,117.99999999999076,135,149.00000000002771,10.41,1620.9999999999866,GT,provisional_assumed_short_to_long,0
17.86,0,278,182,49.999999999990052,230,117,135,151.99999999994031,10.41,1619.0000000000255,GT,provisional_assumed_short_to_long,0
17.87,0,278,182,49.000000000011013,230,117,135,146.00000000002203,10.400000000000118,1619,GT,provisional_assumed_short_to_long,0
17.88,0,278,182,50,230,117.00000000001172,135.00000000001171,147.99999999997655,10.36000000000044,1619,GT,provisional_assumed_short_to_long,0
17.89,0,278,182,50,230,117.99999999999005,135.99999999999005,146.0000000000199,10.359999999999999,1621.9999999999702,GT,provisional_assumed_short_to_long,0
17.90,0,278,182.99999999999113,50,230,118,136,146.99999999999113,10.359999999999999,1620.5000000000134,GT,provisional_assumed_short_to_long,0
17.91,0,278,182.00000000000819,50,230,117.00000000000817,136,147,10.359999999999999,1619.0000000000123,GT,provisional_assumed_short_to_long,0
17.92,0,278,182.49999999999645,50,230,117,136,147,10.359999999999999,1619.999999999993,GT,provisional_assumed_short_to_long,0
17.93,0,278,182.99999999999682,50,230,117,136,147,10.359999999999999,1620,GT,provisional_assumed_short_to_long,0
17.94,0,278,183,50,230,117,136,148.99999999998934,10.359999999999999,1619.0000000000052,GT,provisional_assumed_short_to_long,0
17.95,0,278,183,50,230,117,136.9999999999954,149,10.369999999999953,1619.9999999999955,GT,provisional_assumed_short_to_long,0
17.96,0,278,185.99999999998934,48.000000000007105,230.99999999999645,116.00000000000355,137,149,10.369999999999999,1620,GT,provisional_assumed_short_to_long,0
17.97,0,278,186,48.999999999997158,231,116,137.99999999999716,149.99999999999716,10.360000000000028,1618.0000000000057,GT,provisional_assumed_short_to_long,0
17.98,0,278,184.00000000000355,49,231,116,138,151.99999999999645,10.364999999999991,1618.9999999999982,GT,provisional_assumed_short_to_long,0
17.99,0,278,183.00000000000071,49,231.99999999999929,116,138,149.00000000000213,10.369999999999996,1619.9999999999993,GT,provisional_assumed_short_to_long,0
18.00,0,278,183.5,49.5,231.5,116,137.5,151.5,10.359999999999999,1620,GT,provisional_assumed_short_to_long,0
18.01,0,278,184.00000000000108,50,231,116,137.00000000000108,153.99999999999466,10.369999999999783,1619.0000000000216,GT,provisional_assumed_short_to_long,0
18.02,0,278,185,49.999999999998224,231,116,138,149,10.360000000000209,1626.9999999998322,GT,provisional_assumed_short_to_long,0
18.03,0,278,184.99999999999716,49.000000000002842,231.00000000000284,116.00000000000284,138,149,10.330000000000597,1637.9999999997813,GT,provisional_assumed_short_to_long,0
18.04,0,278.00000000000358,184,49.999999999996447,232,117,138,149,10.339999999999808,1637.0000000000191,GT,provisional_assumed_short_to_long,0
18.05,0,279,184.00000000000463,49.000000000004619,231.99999999999076,117,138,149,10.33500000000009,1637,GT,provisional_assumed_short_to_long,0
18.06,0,279,185.00000000000534,49.999999999994671,230.00000000000534,117,138,149.00000000001066,10.330000000000087,1637,GT,provisional_assumed_short_to_long,0
18.07,0,279,185.99999999998721,49.000000000006395,231.00000000000639,117,138,150.99999999998721,10.349999999999673,1638.9999999999673,GT,provisional_assumed_short_to_long,0
18.08,0,279,184.00000000001492,49.999999999992539,232,117,138,149,10.35,1639.9999999999848,GT,provisional_assumed_short_to_long,0
18.09,0,279,185.99999999999181,49.000000000008171,232,117,138,149,10.35,1639.0000000000146,GT,provisional_assumed_short_to_long,0
18.10,0,279,185,49.999999999990763,232,116.99999999999076,138,149.00000000000924,10.340000000000135,1639,GT,provisional_assumed_short_to_long,0
18.11,0,279,185,49.000000000009948,231.99999999999005,116,138,150,10.34,1639,GT,provisional_assumed_short_to_long,0
18.12,0,279,184.99999999998897,49.999999999988987,231.00000000001103,116,138,150,10.344999999999942,1639,GT,provisional_assumed_short_to_long,0
18.13,0,279,184.00000000001171,49,231.99999999998829,116,138,149.99999999997655,10.349999999999945,1639,GT,provisional_assumed_short_to_long,0
18.14,0,279,184.99999999999005,49,231.00000000000995,116,138,148.0000000000199,10.35,1637.00000000002,GT,provisional_assumed_short_to_long,0
18.15,0,279,184.00000000000887,49.999999999991118,230.00000000000887,116,138,149.99999999998224,10.359999999999911,1636.0000000000089,GT,provisional_assumed_short_to_long,0
18.16,0,279,184.99999999999181,50,230,116,138,150,10.359999999999999,1636.9999999999918,GT,provisional_assumed_short_to_long,0
18.17,0,279.99999999999289,185,49.000000000007105,230,115.00000000000711,138,148.00000000001421,10.350000000000071,1635.0000000000141,GT,provisional_assumed_short_to_long,0
18.18,0,279.00000000000637,183.00000000001279,49.999999999993605,232.99999999998082,115,138,148.99999999999361,10.359999999999935,1641.4999999999584,GT,provisional_assumed_short_to_long,0
18.19,0,279.99999999999466,183.99999999999466,50,231.00000000001066,115.99999999999467,138,150.99999999998934,10.369999999999946,1647.9999999999654,GT,provisional_assumed_short_to_long,0
18.20,0,280,184,50,230.0000000000046,116,138,148.00000000001387,10.360000000000046,1648.9999999999955,GT,provisional_assumed_short_to_long,0
18.21,0,280,184,50,230,115.00000000000355,138,150.99999999998934,10.359999999999999,1649.9999999999964,GT,provisional_assumed_short_to_long,0
18.22,0,279.00000000000284,184,49.000000000002842,230,115,138,152.99999999999432,10.359999999999999,1649.0000000000027,GT,provisional_assumed_short_to_long,0
18.23,0,279.99999999999824,184.99999999999824,49.999999999998224,230.99999999999824,115,138,149.00000000000711,10.369999999999981,1651.9999999999948,GT,provisional_assumed_short_to_long,0
18.24,0,279.00000000000068,185,50,231,114.00000000000071,138,150.99999999999858,10.379999999999994,1649.000000000002,GT,provisional_assumed_short_to_long,0
18.25,0,280,185,49,230,114,138,152,10.375000000000057,1649,GT,provisional_assumed_short_to_long,0
18.26,0,280,183,49,231.99999999999892,114,137.99999999999787,150.99999999999787,10.370000000000108,1649,GT,provisional_assumed_short_to_long,0
18.27,0,279.99999999999824,183.00000000000179,49,231,114,135.99999999999821,149.00000000000179,10.369999999999999,1650.9999999999582,GT,provisional_assumed_short_to_long,0
18.28,0,279,183.99999999999432,48.999999999997158,231,114,135,149.99999999999716,10.369999999999999,1650.00000000002,GT,provisional_assumed_short_to_long,0
18.29,0,279,182,48.000000000003553,230.99999999999645,114,135,149.00000000000355,10.369999999999999,1650.9999999999809,GT,provisional_assumed_short_to_long,0
18.30,0,279,182,49,230,114,135.00000000000463,150,10.369999999999999,1649.0000000000362,GT,provisional_assumed_short_to_long,0
18.31,0,279,182.00000000001066,48.999999999994671,230,114,135.99999999999466,149.99999999999466,10.369999999999999,1648.0000000000175,GT,provisional_assumed_short_to_long,0
18.32,0,279,183.99999999998082,48.000000000006395,230,114,135,149.00000000000639,10.379999999999837,1650.9999999999509,GT,provisional_assumed_short_to_long,0
18.33,0,279,181.00000000001492,49,230,114,135.00000000000747,150,10.380000000000001,1650.5000000000077,GT,provisional_assumed_short_to_long,0
18.34,0,279,182.99999999998366,49,230,114.00000000000817,135.99999999999181,149.99999999998366,10.380000000000001,1650.0000000000073,GT,provisional_assumed_short_to_long,0
18.35,0,279,180.99999999998153,48.999999999990763,229.99999999999076,114.99999999999076,135,148.00000000000924,10.380000000000001,1650,GT,provisional_assumed_short_to_long,0
18.36,0,279,178.99999999999005,48.000000000009948,229.00000000000995,114,135,149,10.370000000000127,1648.0000000000255,GT,provisional_assumed_short_to_long,0
18.37,0,279,177.99999999997797,49,230,114.00000000001101,135,149,10.379999999999884,1649.9999999999766,GT,provisional_assumed_short_to_long,0
18.38,0,279,176.0000000000469,48.999999999988276,230,115,135,149.00000000001171,10.370000000000109,1647.000000000033,GT,provisional_assumed_short_to_long,0
18.39,0,279,179.99999999996021,48.000000000009948,230,115,135,149.99999999999005,10.365000000000048,1645.500000000015,GT,provisional_assumed_short_to_long,0
18.40,0,279,178.00000000001776,48.999999999991118,229.00000000000887,115,135,149.00000000000887,10.360000000000044,1644.0000000000134,GT,provisional_assumed_short_to_long,0
18.41,0,279,178.99999999999181,49,229.99999999999181,115.99999999999183,135,148.00000000000819,10.379999999999837,1644.9999999999918,GT,provisional_assumed_short_to_long,0
18.42,0,279,175.00000000002842,49,229.00000000000711,116,135.99999999999289,149.99999999998579,10.380000000000001,1643.0000000000141,GT,provisional_assumed_short_to_long,0
18.43,0,279,175,48.500000000003197,229,116,135.50000000000318,150.49999999999682,10.389999999999937,1640.0000000000191,GT,provisional_assumed_short_to_long,0
18.44,0,279,175,48.000000000002665,229,116,135.00000000000267,150.99999999999733,10.399999999999947,1637.0000000000159,GT,provisional_assumed_short_to_long,0
18.45,0,279,176.99999999999076,48.999999999995381,229.9999999999954,116.99999999999538,135.9999999999954,152.99999999999076,10.380000000000093,1638.9999999999907,GT,provisional_assumed_short_to_long,0
18.46,0,279,177,49.999999999996447,230,117.99999999999645,137.99999999999289,150.00000000001066,10.389999999999965,1639,GT,provisional_assumed_short_to_long,0
18.47,0,279,177.49999999999858,50,230,118.49999999999858,138,150,10.409999999999943,1633.0000000000171,GT,provisional_assumed_short_to_long,0
18.48,0,279,177.99999999999912,50,230,118.99999999999912,138,150,10.429999999999964,1627.0000000000107,GT,provisional_assumed_short_to_long,0
18.49,0,279,175.00000000000213,49.000000000000711,230,119,138,151.99999999999858,10.420000000000007,1627,GT,provisional_assumed_short_to_long,0
18.50,0,279,175.5,49,230,119,138,150.5,10.42,1626,GT,provisional_assumed_short_to_long,0
18.51,0,279,176,49,230,119,138,149.00000000000108,10.429999999999783,1625.0000000000216,GT,provisional_assumed_short_to_long,0
18.52,0,279,175.99999999999466,49,230,119,137.99999999999645,150.00000000000711,10.43,1625,GT,provisional_assumed_short_to_long,0
18.53,0,279,173.00000000000284,49,230,119,136,153.99999999999716,10.43,1626.4999999999702,GT,provisional_assumed_short_to_long,0
18.54,0,279,173.99999999999289,49,229.99999999999645,119,136,153.00000000000711,10.43,1627.9999999999711,GT,provisional_assumed_short_to_long,0
18.55,0,278.9999999999954,172,49,229.00000000000463,119,136,154.99999999996305,10.43,1624.0000000000725,GT,provisional_assumed_short_to_long,0
18.56,0,278,171.99999999999466,49,230,119,136,147,10.439999999999825,1628.9999999999129,GT,provisional_assumed_short_to_long,0
18.57,0,278,170.99999999998721,49,230,119,135.99999999999361,147.00000000000639,10.44,1628.0000000000164,GT,provisional_assumed_short_to_long,0
18.58,0,278,168.99999999998508,48.999999999992539,229.99999999999253,119,135.00000000000747,147.99999999999253,10.44,1627.0000000000152,GT,provisional_assumed_short_to_long,0
18.59,0,277.99999999999181,166.99999999996732,48,229,118.99999999999183,136,146.99999999999181,10.430000000000145,1626.0000000000146,GT,provisional_assumed_short_to_long,0
18.60,0,277,163.00000000000924,48,229,118.00000000000924,136,146.00000000000924,10.425000000000068,1625.5000000000068,GT,provisional_assumed_short_to_long,0
18.61,0,277.00000000000995,163.9999999999801,48,229,118.99999999999005,135.99999999999005,147,10.420000000000064,1625.0000000000064,GT,provisional_assumed_short_to_long,0
18.62,0,277.99999999998897,162.00000000001103,48,229,117.99999999998899,135.00000000001103,147.00000000002203,10.370000000000585,1624.0000000000118,GT,provisional_assumed_short_to_long,0
18.63,0,277,163.00000000001171,48.000000000011724,229,116.99999999998828,136,149,10.40999999999956,1624.9999999999891,GT,provisional_assumed_short_to_long,0
18.64,0,277,163.99999999999005,48.999999999990052,229,116.00000000000995,136,149,10.41,1626.99999999998,GT,provisional_assumed_short_to_long,0
18.65,0,277,163.00000000000887,48.000000000008882,229,116,136,149.99999999999113,10.340000000000622,1628.9999999999823,GT,provisional_assumed_short_to_long,0
18.66,0,277.99999999999181,161.00000000001634,48,228.00000000000819,116,135.00000000000819,150,10.349999999999918,1629,GT,provisional_assumed_short_to_long,0
18.67,0,277.00000000000711,161,48,228.99999999999289,116,135.99999999999289,148.00000000001421,10.345000000000034,1629,GT,provisional_assumed_short_to_long,0
18.68,0,277.99999999999363,160.00000000000639,48.999999999993605,228.00000000000639,116.99999999999361,136,148,10.340000000000032,1629,GT,provisional_assumed_short_to_long,0
18.69,0,277.00000000000534,161.99999999998934,48.000000000005329,228,116.00000000000533,136,149.99999999998934,10.34,1626.0000000000159,GT,provisional_assumed_short_to_long,0
18.70,0,277.9999999999954,160.00000000000924,48.999999999995381,228,116.99999999999538,135.0000000000046,150.9999999999954,10.320000000000093,1622.0000000000184,GT,provisional_assumed_short_to_long,0
18.71,0,278,161.99999999999289,49,228,117,135.99999999999645,150.00000000000355,10.329999999999965,1621.0000000000036,GT,provisional_assumed_short_to_long,0
18.72,0,278,162,48.000000000002842,228,116.00000000000284,136,149.00000000000284,10.339999999999971,1618.0000000000086,GT,provisional_assumed_short_to_long,0
18.73,0,278,161.00000000000176,48.999999999998224,228.99999999999824,116,136,149,10.320000000000036,1618.9999999999982,GT,provisional_assumed_short_to_long,0
18.74,0,278,161,49,229,116.99999999999929,136,150.99999999999858,10.324999999999996,1619.4999999999995,GT,provisional_assumed_short_to_long,0
18.75,0,278,162,49,230,117,136,148,10.33,1620,GT,provisional_assumed_short_to_long,0
18.76,0,278,161.99999999999787,49,230.00000000000108,117,136,148.99999999999892,10.33,1619.0000000000216,GT,provisional_assumed_short_to_long,0
18.77,0,278,160.00000000000355,49,231,117.00000000000178,136,148.00000000000711,10.34999999999958,1613.0000000001257,GT,provisional_assumed_short_to_long,0
18.78,0,278,161.99999999999716,49,230.99999999999716,118,136,151.99999999999147,10.379999999999404,1623.9999999997813,GT,provisional_assumed_short_to_long,0
18.79,,,,,,,,,10.380000000000001,1624,GT,provisional_assumed_short_to_long,1
