time_seconds,FMG_channel_1,FMG_channel_2,FMG_channel_3,FMG_channel_4,FMG_channel_5,FMG_channel_6,FMG_channel_7,FMG_channel_8,CoP,vGRF,provisional_phase,label_status,signal_missing,FMG_channel_1_imputed,FMG_channel_2_imputed,FMG_channel_3_imputed,FMG_channel_4_imputed,FMG_channel_5_imputed,FMG_channel_6_imputed,FMG_channel_7_imputed,FMG_channel_8_imputed,CoP_imputed,vGRF_imputed
0.00,144,33,46,91,136,188,146,124,15.86572978645296,1666.3291787748512,QS,model_assisted_not_ground_truth,0,0,0,0,0,0,0,0,0,1,1
0.01,143.99999999999909,36.000000000000909,46.999999999999091,91.000000000001819,136,187,145.99999999999818,124.00000000000091,15.860000000000008,1665.7300000000046,QS,model_assisted_not_ground_truth,0,0,0,0,0,0,0,0,0,0,0
0.02,143.00000000000182,36.999999999998181,46.000000000001819,93,136,187.00000000000182,144,124.99999999999818,15.869999999999926,1670.7399999999618,QS,model_assisted_not_ground_truth,0,0,0,0,0,0,0,0,0,0,0
0.03,143.99999999999864,36,47,92.999999999997272,136,187.99999999999864,144.00000000000136,124.00000000000136,15.830000000000027,1649.7300000000027,QS,model_assisted_not_ground_truth,0,0,0,0,0,0,0,0,0,0,0
0.04,143.4999999999996,36,47,91.999999999999204,136,187.4999999999996,144.5000000000004,124.5000000000004,15.839999999999979,1650.739999999998,QS,model_assisted_not_ground_truth,0,0,0,0,0,0,0,0,0,0,0
0.05,143.00000000000057,36,47,91.000000000001137,136,187.00000000000057,144.99999999999943,124.99999999999943,15.830000000000011,1654.7299999999955,QS,model_assisted_not_ground_truth,0,0,0,0,0,0,0,0,0,0,0
0.06,143,36.999999999999773,47,93.999999999999318,136,187,145,125,15.839999999999998,1659.7349999999988,QS,model_assisted_not_ground_truth,0,0,0,0,0,0,0,0,0,0,0
0.07,143.50000000000034,36.499999999999659,47,94.500000000000341,137.00000000000068,185.99999999999932,145,124.49999999999966,15.850000000000007,1664.7399999999993,QS,model_assisted_not_ground_truth,0,0,0,0,0,0,0,0,0,0,0
0.08,143.99999999999841,36.000000000001592,46.999999999998408,94.999999999998408,138.00000000000159,185.00000000000159,145,124.00000000000159,15.859999999999999,1663.7400000000048,QS,model_assisted_not_ground_truth,0,0,0,0,0,0,0,0,0,0,0
0.09,143,36.999999999997499,46.000000000002501,93.999999999994998,139,185.9999999999975,145,125.0000000000025,15.85999999999995,1666.7299999999475,QS,model_assisted_not_ground_truth,0,0,0,0,0,0,0,0,0,0,0
0.10,143.00000000000341,36,46.999999999996589,92.000000000010232,139.00000000000341,185.00000000000682,144.99999999999659,126,15.840000000000067,1645.7300000000682,QS,model_assisted_not_ground_truth,0,0,0,0,0,0,0,0,0,0,0
0.11,144,36,46.00000000000432,94.99999999999568,140,187,143.99999999999568,125.99999999999568,15.859999999999973,1665.7299999999727,QS,model_assisted_not_ground_truth,0,0,0,0,0,0,0,0,0,0,0
0.12,144,36,46.999999999999545,94.000000000000455,140,187,143.00000000000045,125.00000000000045,15.859999999999999,1667.7399999999991,QS,model_assisted_not_ground_truth,0,0,0,0,0,0,0,0,0,0,0
0.13,144,36,47,93.999999999999091,139.00000000000045,186,144,127,15.859999999999999,1670.2450000000013,QS,model_assisted_not_ground_truth,0,0,0,0,0,0,0,0,0,0,0
0.14,144,36,47,92.000000000001364,140,186,144.00000000000136,126.99999999999864,15.859999999999999,1672.7500000000055,QS,model_assisted_not_ground_truth,0,0,0,0,0,0,0,0,0,0,0
0.15,143.99999999999773,35.999999999997726,47,93.000000000002274,140,186,144.99999999999545,126.00000000000227,15.859999999999999,1676.7499999999841,QS,model_assisted_not_ground_truth,0,0,0,0,0,0,0,0,0,0,0
0.16,143,35.000000000003183,47,94,140,186.00000000000318,143.00000000000318,126.99999999999682,15.859999999999999,1669.7300000000096,QS,model_assisted_not_ground_truth,0,0,0,0,0,0,0,0,0,0,0
0.17,143,35.999999999995907,46.999999999995907,93.999999999987722,140.00000000000409,187,144.00000000000819,126.00000000000409,15.859999999999999,1672.7399999999952,QS,model_assisted_not_ground_truth,0,0,0,0,0,0,0,0,0,0,0
0.18,143,35.000000000000682,46.000000000000682,91.000000000002046,140.99999999999932,187,145.99999999999864,126.99999999999932,15.859999999999999,1672.74,QS,model_assisted_not_ground_truth,0,0,0,0,0,0,0,0,0,0,0
0.19,144,35,46.999999999999773,92.000000000000455,141,186.00000000000023,147.99999999999955,127,15.859999999999999,1674.7450000000006,QS,model_assisted_not_ground_truth,0,0,0,0,0,0,0,0,0,0,0
0.20,143.99999999999886,35,46.000000000001137,94.000000000001137,141.00000000000114,186.99999999999886,146.00000000000114,127,15.859999999999976,1676.7500000000045,QS,model_assisted_not_ground_truth,0,0,0,0,0,0,0,0,0,0,0
0.21,142.99999999999795,35,47,94.999999999991815,142,186.00000000000409,147,127,15.84,1680.749999999998,QS,model_assisted_not_ground_truth,0,0,0,0,0,0,0,0,0,0,0
0.22,142.00000000000296,35,47,91.000000000005912,142.00000000000296,188,146.99999999999409,127,15.839999999999941,1679.7499999999172,QS,model_assisted_not_ground_truth,0,0,0,0,0,0,0,0,0,0,0
0.23,143,35,46.999999999996135,92.999999999996135,142.99999999999613,188.0000000000116,144.99999999999613,127,15.820000000000036,1651.720000000051,QS,model_assisted_not_ground_truth,0,0,0,0,0,0,0,0,0,0,0
0.24,143,35,46.000000000000909,92.000000000000909,142.00000000000091,190.99999999999727,144.00000000000091,127,15.849999999999973,1673.71999999998,QS,model_assisted_not_ground_truth,0,0,0,0,0,0,0,0,0,0,0
0.25,144,35,47,93,142,188,146,127,15.859999999999999,1684.73,QS,model_assisted_not_ground_truth,0,0,0,0,0,0,0,0,0,0,0
0.26,142.00000000000182,35.999999999999091,47,92,143,187.99999999999909,147.99999999999909,127,15.859999999999985,1687.72999999999,QS,model_assisted_not_ground_truth,0,0,0,0,0,0,0,0,0,0,0
0.27,143.99999999999818,35.000000000001819,47.000000000001819,92.000000000003638,143,187,147,127,15.844999999999972,1676.72999999998,QS,model_assisted_not_ground_truth,0,0,0,0,0,0,0,0,0,0,0
0.28,143.00000000000273,35.999999999997272,47.999999999997272,94,143,187,147,127,15.829999999999973,1665.7299999999536,QS,model_assisted_not_ground_truth,0,0,0,0,0,0,0,0,0,0,0
0.29,144,35,47,94,142.99999999999636,187.00000000000364,147.00000000000728,127.00000000000364,15.820000000000022,1648.7100000000348,QS,model_assisted_not_ground_truth,0,0,0,0,0,0,0,0,0,0,0
0.30,144,35,47,94,142.00000000000114,187.99999999999886,148.99999999999773,127.99999999999886,15.829999999999989,1663.709999999983,QS,model_assisted_not_ground_truth,0,0,0,0,0,0,0,0,0,0,0
0.31,144,35,47,93.000000000000227,142.99999999999977,188,148.00000000000023,128,15.839999999999998,1666.7099999999994,QS,model_assisted_not_ground_truth,0,0,0,0,0,0,0,0,0,0,0
0.32,144,35,47.999999999999659,93,143.00000000000034,190,145.99999999999966,127.99999999999966,15.839999999999993,1670.7200000000012,QS,model_assisted_not_ground_truth,0,0,0,0,0,0,0,0,0,0,0
0.33,144,35,47.499999999999204,93,143.5000000000008,190,145.4999999999992,127.4999999999992,15.829999999999984,1672.2200000000025,QS,model_assisted_not_ground_truth,0,0,0,0,0,0,0,0,0,0,0
0.34,144,35,47,92.999999999997499,143.999999999995,190.0000000000025,145.0000000000025,127.0000000000025,15.820000000000025,1673.719999999985,QS,model_assisted_not_ground_truth,0,0,0,0,0,0,0,0,0,0,0
0.35,144,35.000000000003411,47,91.999999999996589,142.00000000000682,191,146,128,15.829999999999796,1667.6999999999284,QS,model_assisted_not_ground_truth,0,0,0,0,0,0,0,0,0,0,0
0.36,144,35.99999999999568,46.99999999999568,91.00000000000432,143.99999999999568,191.00000000000432,146.00000000000432,127.99999999999568,15.770000000000081,1646.7300000000287,QS,model_assisted_not_ground_truth,0,0,0,0,0,0,0,0,0,0,0
0.37,144,35.000000000000455,46.000000000000455,91.999999999999545,143.00000000000045,191.99999999999955,146.99999999999955,127.00000000000045,15.77,1654.7499999999964,QS,model_assisted_not_ground_truth,0,0,0,0,0,0,0,0,0,0,0
0.38,144.00000000000091,33.999999999999545,47,94.999999999999545,143.99999999999955,189.00000000000136,147.99999999999864,127.00000000000045,15.77,1661.7500000000009,QS,model_assisted_not_ground_truth,0,0,0,0,0,0,0,0,0,0,0
0.39,146,32.999999999998636,47,93.999999999997272,143.00000000000136,192,144.99999999999864,128,15.769999999999973,1663.7499999999891,QS,model_assisted_not_ground_truth,0,0,0,0,0,0,0,0,0,0,0
0.40,145.99999999999773,32.000000000004555,47,92.000000000004547,143.99999999999773,192.00000000000455,144.00000000000455,128,15.749999999999954,1655.7449999999817,QS,model_assisted_not_ground_truth,0,0,0,0,0,0,0,0,0,0,0
0.41,145,34.000000000006374,47,93.999999999996817,143,194,145.99999999999682,127.99999999999682,15.730000000000032,1647.7400000000382,QS,model_assisted_not_ground_truth,0,0,0,0,0,0,0,0,0,0,0
0.42,145.00000000000409,35.999999999991815,47,92.999999999995907,143,193.99999999999181,145.00000000000409,127.00000000000819,15.739999999999984,1659.7399999999809,QS,model_assisted_not_ground_truth,0,0,0,0,0,0,0,0,0,0,0
0.43,145.99999999999932,34.000000000001364,47,92.000000000000682,143,192.00000000000136,145.99999999999932,128.99999999999864,15.749999999999993,1664.7399999999966,QS,model_assisted_not_ground_truth,0,0,0,0,0,0,0,0,0,0,0
0.44,146,34.000000000000227,47.000000000000227,90.999999999999545,145,193.99999999999955,149.00000000000023,129.99999999999977,15.749999999999995,1668.7399999999996,QS,model_assisted_not_ground_truth,0,0,0,0,0,0,0,0,0,0,0
0.45,145.99999999999886,34.999999999998863,47.999999999998863,89.000000000003411,145,192.00000000000227,149.99999999999659,129.00000000000227,15.729999999999954,1666.7499999999682,QS,model_assisted_not_ground_truth,0,0,0,0,0,0,0,0,0,0,0
0.46,145.00000000000205,34.0000000000041,47,92,144.99999999999795,193.99999999999386,147.00000000000614,131,15.69000000000003,1638.740000000038,QS,model_assisted_not_ground_truth,0,0,0,0,0,0,0,0,0,0,0
0.47,146,35.999999999997044,47,92.000000000005912,144,191,150,131,15.705000000000002,1657.2500000000023,QS,model_assisted_not_ground_truth,0,0,0,0,0,0,0,0,0,0,0
0.48,146.00000000000387,35,47.000000000003865,93.999999999992269,143.99999999999613,191,149.99999999999227,131,15.719999999999974,1675.7599999999663,QS,model_assisted_not_ground_truth,0,0,0,0,0,0,0,0,0,0,0
0.49,146.99999999999909,35,47.999999999999091,92.000000000001819,143.00000000000091,191,148.00000000000182,131,15.720000000000001,1680.7699999999954,QS,model_assisted_not_ground_truth,0,0,0,0,0,0,0,0,0,0,0
0.50,146,34,47,92,143,191,151,131,15.720000000000001,1682.77,QS,model_assisted_not_ground_truth,0,0,0,0,0,0,0,0,0,0,0
0.51,146.99999999999909,36,47,92.999999999999091,142,191.99999999999909,149.99999999999636,131.99999999999818,15.700000000000026,1666.7600000000118,QS,model_assisted_not_ground_truth,0,0,0,0,0,0,0,0,0,0,0
0.52,146,36,47,91.999999999996362,142,191.00000000000182,146.00000000000182,130,15.730000000000009,1679.7399999999973,QS,model_assisted_not_ground_truth,0,0,0,0,0,0,0,0,0,0,0
0.53,146,36,47,90.000000000002728,142,192,146.99999999999727,130,15.734999999999999,1678.2450000000001,QS,model_assisted_not_ground_truth,0,0,0,0,0,0,0,0,0,0,0
0.54,145.99999999999636,35.999999999996362,47,91.000000000003638,141.99999999999636,191.99999999999636,146.00000000001455,130.00000000000364,15.73999999999999,1676.750000000003,QS,model_assisted_not_ground_truth,0,0,0,0,0,0,0,0,0,0,0
0.55,145.00000000000114,35.00000000000113,47,91.999999999998863,141.00000000000114,191.00000000000114,149.99999999999548,130.99999999999886,15.720000000000024,1681.7599999999943,QS,model_assisted_not_ground_truth,0,0,0,0,0,0,0,0,0,0,0
0.56,144.00000000000023,35.99999999999978,47,91.000000000000227,142.99999999999955,193.99999999999935,150,130.00000000000023,15.729999999999999,1681.76,QS,model_assisted_not_ground_truth,0,0,0,0,0,0,0,0,0,0,0
0.57,145,35,47.999999999999311,90.000000000001378,142.00000000000068,191.99999999999864,149.99999999999864,131,15.699999999999992,1668.7599999999979,QS,model_assisted_not_ground_truth,0,0,0,0,0,0,0,0,0,0,0
0.58,145,35,47,91.999999999999204,142.9999999999992,190.0000000000008,148.00000000000159,131,15.690000000000015,1665.7600000000016,QS,model_assisted_not_ground_truth,0,0,0,0,0,0,0,0,0,0,0
0.59,145,35,47,91.499999999998749,142.49999999999875,190.50000000000125,149.0000000000025,131,15.700000000000037,1666.7600000000161,QS,model_assisted_not_ground_truth,0,0,0,0,0,0,0,0,0,0,0
0.60,144.99999999999659,35.000000000001705,47.000000000001705,90.999999999998295,142,190.99999999999829,149.99999999999829,130.99999999999829,15.715000000000009,1673.2600000000036,QS,model_assisted_not_ground_truth,0,0,0,0,0,0,0,0,0,0,0
0.61,143.99999999999852,35.500000000000739,47.500000000000739,90.499999999999261,142,190.49999999999926,149.49999999999926,130.49999999999926,15.729999999999979,1679.7599999999911,QS,model_assisted_not_ground_truth,0,0,0,0,0,0,0,0,0,0,0
0.62,143.00000000000045,35.999999999999773,47.999999999999773,90.000000000000227,142,190.00000000000023,149.00000000000023,130.00000000000023,15.720000000000006,1683.7599999999982,QS,model_assisted_not_ground_truth,0,0,0,0,0,0,0,0,0,0,0
0.63,142,35.999999999999545,47,88.000000000000455,142.99999999999955,190,148,130.00000000000045,15.730000000000006,1682.7599999999995,QS,model_assisted_not_ground_truth,0,0,0,0,0,0,0,0,0,0,0
0.64,142,35.000000000001364,47.000000000001364,89.000000000002728,142,190.00000000000136,148,131,15.739999999999986,1681.7599999999973,QS,model_assisted_not_ground_truth,0,0,0,0,0,0,0,0,0,0,0
0.65,142.00000000000227,35.999999999997726,48,90.999999999997726,142.00000000000227,191,148.00000000000227,131,15.729999999999954,1679.7599999999795,QS,model_assisted_not_ground_truth,0,0,0,0,0,0,0,0,0,0,0
0.66,143,34.999999999996817,47.999999999996817,89.999999999993634,142.99999999999682,191.00000000000637,149.00000000000318,131.00000000000318,15.710000000000033,1670.7600000000048,QS,model_assisted_not_ground_truth,0,0,0,0,0,0,0,0,0,0,0
0.67,143.00000000000409,34.000000000012292,47,88.0000000000082,142,193.00000000000409,150,132.00000000000409,15.720000000000013,1672.2600000000018,QS,model_assisted_not_ground_truth,0,0,0,0,0,0,0,0,0,0,0
0.68,143.99999999999932,36.999999999997968,47,89.99999999999865,142,193.99999999999932,150,132.99999999999932,15.729999999999993,1673.7599999999991,QS,model_assisted_not_ground_truth,0,0,0,0,0,0,0,0,0,0,0
0.69,143.00000000000023,36.999999999999766,47.999999999999766,90,142.00000000000023,190.99999999999977,149.00000000000023,135,15.74,1677.7600000000002,QS,model_assisted_not_ground_truth,0,0,0,0,0,0,0,0,0,0,0
0.70,144,36.000000000001144,47,89.999999999997712,143,190,150,135,15.74,1678.7599999999966,QS,model_assisted_not_ground_truth,0,0,0,0,0,0,0,0,0,0,0
0.71,144,36.999999999997954,47,88.000000000002046,142.99999999999795,190.00000000000409,150,135,15.74,1675.7299999999918,QS,model_assisted_not_ground_truth,0,0,0,0,0,0,0,0,0,0,0
0.72,144,36,47.000000000002956,89.000000000008853,142.00000000000296,191.99999999999704,150,135,15.73999999999997,1671.7500000000266,QS,model_assisted_not_ground_truth,0,0,0,0,0,0,0,0,0,0,0
0.73,144,35.999999999992276,47.999999999996135,91.999999999996135,143,191.00000000000387,149.99999999999227,135,15.730000000000018,1680.7699999999836,QS,model_assisted_not_ground_truth,0,0,0,0,0,0,0,0,0,0,0
0.74,144,34.000000000001819,47.000000000000909,91.000000000000909,143,191.99999999999909,148.00000000000182,135,15.734999999999996,1684.2699999999968,QS,model_assisted_not_ground_truth,0,0,0,0,0,0,0,0,0,0,0
0.75,144,36,47,91,144,192,151,135,15.74,1687.77,QS,model_assisted_not_ground_truth,0,0,0,0,0,0,0,0,0,0,0
0.76,144,34.000000000000909,47.000000000000909,89.000000000001819,143,193.00000000000091,150.00000000000091,135.00000000000091,15.73,1689.7799999999909,QS,model_assisted_not_ground_truth,0,0,0,0,0,0,0,0,0,0,0
0.77,144.00000000000182,34.999999999998181,48,91,143,193.99999999999636,151,136.00000000000182,15.73,1679.7600000000127,QS,model_assisted_not_ground_truth,0,0,0,0,0,0,0,0,0,0,0
0.78,145,34.000000000008193,47.999999999997272,91.000000000005457,143,192.00000000000819,150.99999999998909,137,15.730000000000055,1686.7600000000136,QS,model_assisted_not_ground_truth,0,0,0,0,0,0,0,0,0,0,0
0.79,145,36.999999999996362,47,92.999999999989072,143.00000000000364,194.99999999999272,147.00000000001091,137.00000000000364,15.749999999999959,1691.7599999999898,QS,model_assisted_not_ground_truth,0,0,0,0,0,0,0,0,0,0,0
0.80,145,36.00000000000113,47,90.000000000003396,143.99999999999886,193.00000000000227,149.99999999999659,137.99999999999886,15.740000000000011,1692.7599999999989,QS,model_assisted_not_ground_truth,0,0,0,0,0,0,0,0,0,0,0
0.81,144.00000000000023,36.99999999999978,47,90,144,193.99999999999977,150,138.99999999999977,15.744999999999999,1692.2650000000001,QS,model_assisted_not_ground_truth,0,0,0,0,0,0,0,0,0,0,0
0.82,143.00000000000136,34.000000000002068,47.000000000000689,93,144.00000000000068,193,147.00000000000136,139,15.750000000000007,1691.7699999999895,QS,model_assisted_not_ground_truth,0,0,0,0,0,0,0,0,0,0,0
0.83,145,36.999999999993605,47.999999999998401,92.999999999995197,144.99999999999841,193,149,138.99999999999841,15.759999999999984,1676.7300000000305,QS,model_assisted_not_ground_truth,0,0,0,0,0,0,0,0,0,0,0
0.84,145.000000000005,33.000000000002501,47,90,144.0000000000025,193.00000000001,149.0000000000025,138,15.75000000000005,1695.7399999999925,QS,model_assisted_not_ground_truth,0,0,0,0,0,0,0,0,0,0,0
0.85,146.99999999999659,33.999999999996589,47,89.999999999993179,144.99999999999659,197,150,138.00000000000341,15.770000000000033,1692.7400000000171,QS,model_assisted_not_ground_truth,0,0,0,0,0,0,0,0,0,0,0
0.86,145.99999999999568,33.000000000017273,47,88.00000000000432,144.00000000000432,196.99999999999568,150.00000000000432,139,15.779999999999985,1697.7399999999932,QS,model_assisted_not_ground_truth,0,0,0,0,0,0,0,0,0,0,0
0.87,145.00000000000045,36.999999999998181,47,88.999999999999545,144.99999999999955,196.00000000000045,150.99999999999955,139,15.779999999999999,1699.7399999999991,QS,model_assisted_not_ground_truth,0,0,0,0,0,0,0,0,0,0,0
0.88,145.99999999999977,36.000000000000227,47,88.000000000000455,145,196.99999999999909,151.99999999999977,139,15.779999999999999,1701.2400000000007,QS,model_assisted_not_ground_truth,0,0,0,0,0,0,0,0,0,0,0
0.89,145.49999999999932,36.500000000000682,47,89.000000000001364,145,194.99999999999727,151.49999999999932,139,15.779999999999932,1702.7399999999359,QS,model_assisted_not_ground_truth,0,0,0,0,0,0,0,0,0,0,0
0.90,145,36.999999999993172,47,90.000000000004547,145.00000000000227,193,150.99999999999545,138.99999999999773,15.730000000000047,1655.7100000000432,QS,model_assisted_not_ground_truth,0,0,0,0,0,0,0,0,0,0,0
0.91,144.99999999999682,34.000000000009557,47.000000000003183,92,145.99999999999682,193.00000000000318,149.00000000000318,138,15.750000000000064,1674.7200000000287,QS,model_assisted_not_ground_truth,0,0,0,0,0,0,0,0,0,0,0
0.92,144.00000000000409,37.0000000000041,47.9999999999959,92.000000000004093,145,194,150,138,15.769999999999968,1683.7199999999857,QS,model_assisted_not_ground_truth,0,0,0,0,0,0,0,0,0,0,0
0.93,144.99999999999932,37.999999999999325,47.000000000000675,92.999999999999318,145,194,150,138,15.77,1684.7199999999993,QS,model_assisted_not_ground_truth,0,0,0,0,0,0,0,0,0,0,0
0.94,144.99999999999977,37,48,90.999999999999773,145,194.00000000000023,150,138.00000000000023,15.754999999999997,1695.2250000000024,QS,model_assisted_not_ground_truth,0,0,0,0,0,0,0,0,0,0,0
0.95,144,37,47.999999999998856,90.000000000001137,145,194.99999999999886,150.00000000000114,139,15.740000000000034,1705.7299999999818,QS,model_assisted_not_ground_truth,0,0,0,0,0,0,0,0,0,0,0
0.96,144,37,47,90.999999999995907,145,193.99999999999795,150.99999999999795,139,15.769999999999836,1689.7299999999652,QS,model_assisted_not_ground_truth,0,0,0,0,0,0,0,0,0,0,0
0.97,144,36.99999999999114,47,88.999999999997044,145,192.99999999999704,149.99999999999704,138.99999999999704,15.69000000000003,1672.7200000000385,QS,model_assisted_not_ground_truth,0,0,0,0,0,0,0,0,0,0,0
0.98,144,34.000000000011589,47,88,145,192,148.99999999999613,138,15.699999999999982,1685.7399999999764,QS,model_assisted_not_ground_truth,0,0,0,0,0,0,0,0,0,0,0
0.99,144,36.999999999997272,47,88,145,192,148.00000000000091,138,15.719999999999983,1690.7499999999955,QS,model_assisted_not_ground_truth,0,0,0,0,0,0,0,0,0,0,0
1.00,144,36,47,91,145,192,150,138,15.74,1676.75,QS,model_assisted_not_ground_truth,0,0,0,0,0,0,0,0,0,0,0
1.01,143.00000000000091,35.000000000000909,47.000000000000909,91.999999999998181,144.00000000000182,192.00000000000364,151,138.00000000000091,15.714999999999977,1677.2450000000003,QS,model_assisted_not_ground_truth,0,0,0,0,0,0,0,0,0,0,0
1.02,144.00000000000182,36,47.999999999998181,90.000000000001819,145.99999999999818,195.99999999999272,150.99999999999818,138.99999999999818,15.690000000000017,1677.7400000000018,QS,model_assisted_not_ground_truth,0,0,0,0,0,0,0,0,0,0,0
1.03,145,36.000000000002728,47,91,145,192,149.99999999999181,138,15.699999999999973,1678.7399999999973,QS,model_assisted_not_ground_truth,0,0,0,0,0,0,0,0,0,0,0
1.04,144.99999999999636,37,47,91,145,192,147.00000000001091,138.00000000000364,15.690000000000019,1677.7400000000021,QS,model_assisted_not_ground_truth,0,0,0,0,0,0,0,0,0,0,0
1.05,144.00000000000114,37,47,91,145,192,149.99999999999659,138.99999999999886,15.719999999999967,1695.7399999999795,QS,model_assisted_not_ground_truth,0,0,0,0,0,0,0,0,0,0,0
1.06,144.99999999999977,37,47,90.000000000000227,145.99999999999977,192,149.00000000000023,137.00000000000045,15.759999999999991,1677.7400000000041,QS,model_assisted_not_ground_truth,0,0,0,0,0,0,0,0,0,0,0
1.07,144.99999999999932,36,47,90.000000000000682,145,191.99999999999932,147.00000000000068,138.00000000000068,15.739999999999982,1700.7299999999921,QS,model_assisted_not_ground_truth,0,0,0,0,0,0,0,0,0,0,0
1.08,144,36,47,91.000000000003197,145,191.0000000000048,148,139,15.714999999999961,1689.2299999999816,QS,model_assisted_not_ground_truth,0,0,0,0,0,0,0,0,0,0,0
1.09,144,36,47.000000000002508,93.000000000002515,145.0000000000025,193.9999999999975,148.0000000000025,139,15.690000000000074,1677.7300000000703,QS,model_assisted_not_ground_truth,0,0,0,0,0,0,0,0,0,0,0
1.10,144.00000000000341,36,47.999999999996582,93.99999999998974,146,192.99999999999659,148.99999999998633,139,15.720000000000001,1705.7500000000102,QS,model_assisted_not_ground_truth,0,0,0,0,0,0,0,0,0,0,0
1.11,144.99999999999568,36.000000000004327,47,91.000000000004334,146,192.00000000001299,145.00000000000867,139,15.720000000000001,1708.7499999999959,QS,model_assisted_not_ground_truth,0,0,0,0,0,0,0,0,0,0,0
1.12,144.00000000000045,36.999999999999559,47,91.999999999999559,146,194.99999999999866,146.99999999999912,139,15.729999999999997,1705.7500000000014,QS,model_assisted_not_ground_truth,0,0,0,0,0,0,0,0,0,0,0
1.13,144.00000000000045,34.0000000000014,47.000000000000469,91,145.00000000000045,193,148.00000000000045,139,15.720000000000002,1711.76,QS,model_assisted_not_ground_truth,0,0,0,0,0,0,0,0,0,0,0
1.14,145,36.999999999998622,47.999999999998622,90.999999999998622,146,193.00000000000136,148.99999999999724,139,15.725000000000007,1711.76,QS,model_assisted_not_ground_truth,0,0,0,0,0,0,0,0,0,0,0
1.15,145,36,47,89.999999999997712,146.00000000000227,193.99999999999542,147.00000000000227,139.00000000000227,15.73,1711.7599999999838,QS,model_assisted_not_ground_truth,0,0,0,0,0,0,0,0,0,0,0
1.16,145,36.000000000001585,46.999999999998415,89.000000000004761,146.99999999999682,192.00000000000159,148,139.99999999999841,15.729999999999905,1704.7399999999589,QS,model_assisted_not_ground_truth,0,0,0,0,0,0,0,0,0,0,0
1.17,145,36.500000000000625,46.499999999999375,90.500000000001862,145.99999999999875,192.50000000000063,148,139.49999999999937,15.700000000000047,1691.7500000000207,QS,model_assisted_not_ground_truth,0,0,0,0,0,0,0,0,0,0,0
1.18,145,36.999999999999659,46.000000000000341,91.999999999998963,145.00000000000068,192.99999999999966,148,139.00000000000034,15.729999999999979,1709.7499999999877,QS,model_assisted_not_ground_truth,0,0,0,0,0,0,0,0,0,0,0
1.19,144,37.99999999999978,48,92.000000000000227,146,192.00000000000065,149.00000000000045,140,15.72999999999999,1712.749999999993,QS,model_assisted_not_ground_truth,0,0,0,0,0,0,0,0,0,0,0
1.20,144,37,47.99999999999887,93.00000000000226,146,194.99999999999773,150.99999999999659,140,15.680000000000005,1680.7500000000027,QS,model_assisted_not_ground_truth,0,0,0,0,0,0,0,0,0,0,0
1.21,144,37,47,94.999999999997954,146,192.99999999999795,148.00000000000205,140,15.685000000000009,1683.250000000005,QS,model_assisted_not_ground_truth,0,0,0,0,0,0,0,0,0,0,0
1.22,144.00000000000296,36.999999999997044,47,94.000000000005912,146,192.00000000000591,149,140,15.69000000000003,1685.7500000000266,QS,model_assisted_not_ground_truth,0,0,0,0,0,0,0,0,0,0,0
1.23,145,36,47.000000000003865,95.999999999996135,146,193.99999999999613,149.00000000000773,140.00000000000387,15.699999999999982,1694.7499999999836,QS,model_assisted_not_ground_truth,0,0,0,0,0,0,0,0,0,0,0
1.24,145,36,47.999999999999091,95.000000000000909,146,193.00000000000091,150.99999999999818,140.99999999999909,15.729999999999974,1704.7399999999909,QS,model_assisted_not_ground_truth,0,0,0,0,0,0,0,0,0,0,0
1.25,146,36,47,92,146,194,151,141,15.74,1707.75,QS,model_assisted_not_ground_truth,0,0,0,0,0,0,0,0,0,0,0
1.26,146.99999999999909,36.999999999999091,47.000000000000909,92.000000000002728,146,192.00000000000091,154.99999999999636,140.99999999999909,15.73,1711.7500000000018,QS,model_assisted_not_ground_truth,0,0,0,0,0,0,0,0,0,0,0
1.27,146.00000000000182,36,47.999999999998181,95,146,193,151,140.00000000000182,15.729999999999983,1713.7499999999809,QS,model_assisted_not_ground_truth,0,0,0,0,0,0,0,0,0,0,0
1.28,146.99999999999727,36,47,94.999999999997272,146.00000000000273,193.00000000000273,151.00000000000273,141,15.720000000000002,1703.2500000000011,QS,model_assisted_not_ground_truth,0,0,0,0,0,0,0,0,0,0,0
1.29,146,36,47,93.999999999996362,146.99999999999636,194.00000000000364,152.00000000000364,141.00000000000364,15.710000000000022,1692.7500000000214,QS,model_assisted_not_ground_truth,0,0,0,0,0,0,0,0,0,0,0
1.30,146,36,47,93.000000000001137,146.00000000000114,194.99999999999886,152.99999999999886,141.99999999999886,15.710000000000001,1698.7599999999932,QS,model_assisted_not_ground_truth,0,0,0,0,0,0,0,0,0,0,0
1.31,146.99999999999977,36,47,94.999999999999559,146.99999999999977,194.00000000000023,153,142,15.719999999999999,1701.7499999999993,QS,model_assisted_not_ground_truth,0,0,0,0,0,0,0,0,0,0,0
1.32,146,36.999999999999311,47,94.999999999999318,146,194.99999999999864,152.99999999999932,142,15.720000000000008,1705.7599999999986,QS,model_assisted_not_ground_truth,0,0,0,0,0,0,0,0,0,0,0
1.33,146,36,47,93.999999999995197,145.99999999999841,193.00000000000159,152.00000000000639,142.00000000000159,15.73,1703.7500000000016,QS,model_assisted_not_ground_truth,0,0,0,0,0,0,0,0,0,0,0
1.34,146,36,47,91.000000000005016,145.0000000000025,194.0000000000025,155.99999999998997,143,15.729999999999988,1704.7499999999936,QS,model_assisted_not_ground_truth,0,0,0,0,0,0,0,0,0,0,0
1.35,146,36,47,92.999999999996575,146,195,152,143,15.724999999999998,1702.2499999999986,QS,model_assisted_not_ground_truth,0,0,0,0,0,0,0,0,0,0,0
1.36,146,36.000000000004327,47,92,146,195,152.00000000000867,143,15.720000000000008,1699.7500000000034,QS,model_assisted_not_ground_truth,0,0,0,0,0,0,0,0,0,0,0
1.37,146,36.999999999999559,47,92,146,195,153.99999999999912,143,15.710000000000004,1707.7599999999964,QS,model_assisted_not_ground_truth,0,0,0,0,0,0,0,0,0,0,0
1.38,146.99999999999955,34.0000000000014,47,91.000000000000469,145.00000000000045,194.99999999999906,152.99999999999955,143,15.710000000000006,1712.7700000000009,QS,model_assisted_not_ground_truth,0,0,0,0,0,0,0,0,0,0,0
1.39,146,36.999999999995872,47,92,146,193.00000000000412,152,142.99999999999864,15.720000000000015,1714.77,QS,model_assisted_not_ground_truth,0,0,0,0,0,0,0,0,0,0,0
1.40,146,34,47,92,146,195.99999999999773,152,142,15.729999999999931,1714.7699999999747,QS,model_assisted_not_ground_truth,0,0,0,0,0,0,0,0,0,0,0
1.41,145.99999999999366,34.000000000006352,47,91.999999999996831,145.99999999999682,195.00000000000318,152,142,15.700000000000015,1703.7699999999872,QS,model_assisted_not_ground_truth,0,0,0,0,0,0,0,0,0,0,0
1.42,144.00000000000409,36.000000000004086,47,91,145,195.99999999999591,152.00000000000409,142,15.705000000000005,1699.7549999999951,QS,model_assisted_not_ground_truth,0,0,0,0,0,0,0,0,0,0,0
1.43,144.99999999999932,36.999999999999311,47,91,145,195.00000000000068,152.99999999999932,142,15.709999999999997,1695.7400000000027,QS,model_assisted_not_ground_truth,0,0,0,0,0,0,0,0,0,0,0
1.44,145,36,47.999999999999886,92.000000000000114,146,195.99999999999989,152.99999999999989,142,15.720000000000006,1707.7600000000018,QS,model_assisted_not_ground_truth,0,0,0,0,0,0,0,0,0,0,0
1.45,145,36,47.499999999999432,92.500000000000568,146,195.49999999999943,152.49999999999943,142,15.73999999999999,1715.7600000000011,QS,model_assisted_not_ground_truth,0,0,0,0,0,0,0,0,0,0,0
1.46,145,36,47,93,146.00000000000205,195,152.00000000000205,141.99999999999795,15.729999999999979,1716.7599999999529,QS,model_assisted_not_ground_truth,0,0,0,0,0,0,0,0,0,0,0
1.47,145,35.999999999998522,47.000000000001478,92.999999999998522,146.99999999999852,195,152.99999999999852,140.99999999999852,15.720000000000015,1693.7200000000191,QS,model_assisted_not_ground_truth,0,0,0,0,0,0,0,0,0,0,0
1.48,145,35.499999999999488,47.500000000000512,92.499999999999488,146.49999999999949,195,152.49999999999949,140.49999999999949,15.725000000000005,1700.2250000000067,QS,model_assisted_not_ground_truth,0,0,0,0,0,0,0,0,0,0,0
1.49,145,35.000000000000455,47.999999999999545,92.000000000000455,146.00000000000045,195,152.00000000000045,140.00000000000045,15.729999999999995,1706.7299999999941,QS,model_assisted_not_ground_truth,0,0,0,0,0,0,0,0,0,0,0
1.50,144,36,47,92,147,196,154,140,15.75,1721.74,QS,model_assisted_not_ground_truth,0,0,0,0,0,0,0,0,0,0,0
1.51,144,35,47,92,145,194,153,139.99999999999818,15.76,1722.73,QS,model_assisted_not_ground_truth,0,0,0,0,0,0,0,0,0,0,0
1.52,144,35,47.000000000001819,91.999999999996362,145.00000000000182,194,152.99999999999818,138,15.759999999999982,1722.7300000000055,QS,model_assisted_not_ground_truth,0,0,0,0,0,0,0,0,0,0,0
1.53,144,34.999999999997272,47.999999999997272,90.000000000010928,146,194.00000000000273,151.99999999999727,138,15.749999999999892,1725.7399999998879,QS,model_assisted_not_ground_truth,0,0,0,0,0,0,0,0,0,0,0
1.54,144,34.000000000003638,47,94,146,195.00000000000364,151.00000000001091,138,15.710000000000083,1684.7100000000839,QS,model_assisted_not_ground_truth,0,0,0,0,0,0,0,0,0,0,0
1.55,144,34.99999999999887,47,94,146,195.99999999999886,153.99999999999659,138,15.714999999999995,1692.7149999999911,QS,model_assisted_not_ground_truth,0,0,0,0,0,0,0,0,0,0,0
1.56,144,33.000000000000441,47.99999999999978,92.000000000000441,146,194.00000000000045,154,137.00000000000023,15.719999999999999,1700.7199999999982,QS,model_assisted_not_ground_truth,0,0,0,0,0,0,0,0,0,0,0
1.57,143.00000000000068,34.999999999998622,47.999999999999311,91.999999999999318,146,195.00000000000136,152.00000000000068,135.00000000000068,15.720000000000022,1694.7300000000096,QS,model_assisted_not_ground_truth,0,0,0,0,0,0,0,0,0,0,0
1.58,143.99999999999841,33.000000000001599,47,91.000000000001606,146,197.00000000000639,153,135.99999999999679,15.750000000000016,1708.73,QS,model_assisted_not_ground_truth,0,0,0,0,0,0,0,0,0,0,0
1.59,143,34,47,91.999999999992468,145.9999999999975,200.99999999999497,153.00000000000753,134.00000000000503,15.759999999999849,1708.7299999999047,QS,model_assisted_not_ground_truth,0,0,0,0,0,0,0,0,0,0,0
1.60,143,34.000000000003418,47.000000000003418,89.000000000003425,145.00000000000341,199.00000000000341,155.99999999998974,136,15.699999999999932,1670.7199999999591,QS,model_assisted_not_ground_truth,0,0,0,0,0,0,0,0,0,0,0
1.61,142.99999999999568,35.000000000004327,47.999999999995673,90.000000000012989,146,199.99999999999133,153.00000000001731,135.99999999999133,15.680000000000026,1658.7300000000162,QS,model_assisted_not_ground_truth,0,0,0,0,0,0,0,0,0,0,0
1.62,142.00000000000045,35.999999999999559,47.000000000000441,92.999999999998664,146,198.00000000000088,156.99999999999824,134.00000000000088,15.709999999999987,1680.7299999999902,QS,model_assisted_not_ground_truth,0,0,0,0,0,0,0,0,0,0,0
1.63,142,36,47,91.999999999999531,145.00000000000045,193.99999999999955,154.99999999999906,133.00000000000045,15.715000000000003,1684.2350000000017,QS,model_assisted_not_ground_truth,0,0,0,0,0,0,0,0,0,0,0
1.64,142,36,47,91,146,193.00000000000276,153.00000000000412,134.00000000000136,15.720000000000015,1687.7400000000041,QS,model_assisted_not_ground_truth,0,0,0,0,0,0,0,0,0,0,0
1.65,142,36,47.000000000002288,90.999999999995424,146.00000000000227,194.99999999999773,155.99999999998857,135,15.729999999999954,1690.7499999999955,QS,model_assisted_not_ground_truth,0,0,0,0,0,0,0,0,0,0,0
1.66,142,35.999999999996803,47.999999999996803,88.999999999996803,146.99999999999361,194,151.00000000000321,134.99999999999679,15.710000000000001,1688.7499999999616,QS,model_assisted_not_ground_truth,0,0,0,0,0,0,0,0,0,0,0
1.67,142,35.000000000008171,47,88.00000000001225,145.00000000000409,194,152.00000000001225,134,15.710000000000001,1676.7300000000193,QS,model_assisted_not_ground_truth,0,0,0,0,0,0,0,0,0,0,0
1.68,142,36.999999999998622,47,90.999999999997939,145.99999999999932,194,154.99999999999793,134,15.729999999999986,1691.7299999999898,QS,model_assisted_not_ground_truth,0,0,0,0,0,0,0,0,0,0,0
1.69,142,36,47,87,145,194.00000000000065,155.99999999999977,125.00000000000023,15.740000000000002,1688.2299999999993,QS,model_assisted_not_ground_truth,0,0,0,0,0,0,0,0,0,0,0
1.70,141.99999999999886,36,47,87.000000000003396,145,196.99999999999886,155,125.99999999999886,15.750000000000011,1684.7300000000114,QS,model_assisted_not_ground_truth,0,0,0,0,0,0,0,0,0,0,0
1.71,141.00000000000205,36.000000000002046,47,89.999999999989782,145,195.99999999999795,155.00000000000409,125.00000000000205,15.759999999999918,1694.7399999999427,QS,model_assisted_not_ground_truth,0,0,0,0,0,0,0,0,0,0,0
1.72,142,36.999999999997044,47,84.999999999997044,145,195.00000000001182,156.99999999999704,126,15.720000000000118,1666.7300000000976,QS,model_assisted_not_ground_truth,0,0,0,0,0,0,0,0,0,0,0
1.73,141.99999999999613,35.999999999996135,47.000000000003865,84.000000000003865,145,198.99999999998454,156.00000000000387,126.00000000000773,15.759999999999927,1699.74999999994,QS,model_assisted_not_ground_truth,0,0,0,0,0,0,0,0,0,0,0
1.74,141.00000000000091,35.000000000000909,47.999999999999091,84.999999999999091,145,195.00000000000364,156.99999999999909,127.99999999999818,15.769999999999991,1703.7499999999964,QS,model_assisted_not_ground_truth,0,0,0,0,0,0,0,0,0,0,0
1.75,142,36,47,84,144,199,153,127,15.789999999999999,1683.75,QS,model_assisted_not_ground_truth,0,0,0,0,0,0,0,0,0,0,0
1.76,142,35.499999999999545,47.500000000000455,84,144,199.50000000000045,153,126.49999999999955,15.789999999999999,1682.2499999999986,QS,model_assisted_not_ground_truth,0,0,0,0,0,0,0,0,0,0,0
1.77,142,35,47.999999999998181,83.999999999996362,144.00000000000182,200,153.00000000000364,126,15.789999999999999,1680.7500000000055,QS,model_assisted_not_ground_truth,0,0,0,0,0,0,0,0,0,0,0
1.78,142,35,47,82,144.99999999999727,199.99999999999727,155,126,15.789999999999944,1683.7599999999618,QS,model_assisted_not_ground_truth,0,0,0,0,0,0,0,0,0,0,0
1.79,142,35.000000000003638,47.000000000003638,82.000000000007276,144.00000000000364,199,155.00000000000364,126,15.77000000000004,1669.7500000000286,QS,model_assisted_not_ground_truth,0,0,0,0,0,0,0,0,0,0,0
1.80,142,35.99999999999887,47.99999999999887,83.99999999999774,144.99999999999886,199,155.99999999999886,126,15.789999999999976,1681.7499999999864,QS,model_assisted_not_ground_truth,0,0,0,0,0,0,0,0,0,0,0
1.81,142.99999999999977,35.00000000000022,47.00000000000022,83.000000000000227,145,198.00000000000023,155.00000000000023,126,15.789999999999999,1682.7499999999998,QS,model_assisted_not_ground_truth,0,0,0,0,0,0,0,0,0,0,0
1.82,142,35,47,82.000000000000682,145,198.99999999999932,154.00000000000207,125.00000000000068,15.789999999999999,1682.75,QS,model_assisted_not_ground_truth,0,0,0,0,0,0,0,0,0,0,0
1.83,142,35,47.000000000001599,83,145,198.0000000000048,156.9999999999952,125.99999999999839,15.790000000000031,1682.7500000000016,QS,model_assisted_not_ground_truth,0,0,0,0,0,0,0,0,0,0,0
1.84,142.0000000000025,35.000000000002508,47.999999999997492,83,144.9999999999975,200.99999999999497,154,124.99999999999748,15.81,1683.750000000005,QS,model_assisted_not_ground_truth,0,0,0,0,0,0,0,0,0,0,0
1.85,143,35.999999999996582,47,83,144.00000000000341,198.99999999999659,154.00000000001026,124,15.81,1685.7500000000068,QS,model_assisted_not_ground_truth,0,0,0,0,0,0,0,0,0,0,0
1.86,142.99999999999568,35.000000000004327,47,82.999999999995666,145,198.00000000001299,157,124,15.81,1687.7299999999973,QS,model_assisted_not_ground_truth,0,0,0,0,0,0,0,0,0,0,0
1.87,142.00000000000045,35.999999999999559,47,82.000000000000441,145,200.99999999999866,157,124,15.74000000000003,1652.7500000000155,QS,model_assisted_not_ground_truth,0,0,0,0,0,0,0,0,0,0,0
1.88,142.00000000000045,35.999999999999531,47.999999999999531,82.999999999999531,145.00000000000045,200.99999999999955,155.00000000000045,124.99999999999953,15.790000000000001,1678.7500000000009,QS,model_assisted_not_ground_truth,0,0,0,0,0,0,0,0,0,0,0
1.89,143,35.000000000001378,47,81.999999999998622,145.99999999999864,200,155.99999999999864,124,15.795000000000007,1680.7500000000027,QS,model_assisted_not_ground_truth,0,0,0,0,0,0,0,0,0,0,0
1.90,142.99999999999773,36,47.000000000002288,81,145,199.99999999999315,155.00000000000227,124.00000000000229,15.800000000000001,1682.7500000000023,QS,model_assisted_not_ground_truth,0,0,0,0,0,0,0,0,0,0,0
1.91,142.00000000000321,36,47.999999999996803,80.999999999996803,145,197.00000000000321,155.99999999999679,124.9999999999968,15.800000000000001,1683.75,QS,model_assisted_not_ground_truth,0,0,0,0,0,0,0,0,0,0,0
1.92,143,36,47,80,145,198,155,124.00000000000408,15.800000000000001,1683.75,QS,model_assisted_not_ground_truth,0,0,0,0,0,0,0,0,0,0,0
1.93,143,36,47,80,145,198,155,124.99999999999932,15.800000000000001,1680.750000000002,QS,model_assisted_not_ground_truth,0,0,0,0,0,0,0,0,0,0,0
1.94,141.99999999999977,36.99999999999978,48,78.999999999999773,144.00000000000023,198.99999999999977,156.00000000000023,125,15.789999999999997,1662.7400000000009,QS,model_assisted_not_ground_truth,0,0,0,0,0,0,0,0,0,0,0
1.95,141,36.00000000000113,47.99999999999887,78,144.99999999999886,198.00000000000227,156.99999999999548,125,15.779999999999999,1666.7500000000027,QS,model_assisted_not_ground_truth,0,0,0,0,0,0,0,0,0,0,0
1.96,141.00000000000205,36.999999999997954,47,78.000000000002046,144,199.99999999998775,153,125,15.779999999999999,1669.250000000005,QS,model_assisted_not_ground_truth,0,0,0,0,0,0,0,0,0,0,0
1.97,142,36.000000000002956,47.000000000002956,78.999999999997044,144,194.00000000001478,153.00000000000296,125,15.78000000000003,1671.7500000000059,QS,model_assisted_not_ground_truth,0,0,0,0,0,0,0,0,0,0,0
1.98,142,36.999999999996135,47.999999999996135,77.999999999996135,144,198.99999999997681,153.9999999999884,124.99999999999613,15.789999999999981,1673.7499999999964,QS,model_assisted_not_ground_truth,0,0,0,0,0,0,0,0,0,0,0
1.99,142,36.000000000000909,47.000000000000909,77.000000000000909,144,193.00000000000546,151.00000000000273,124.00000000000091,15.799999999999992,1673.75,QS,model_assisted_not_ground_truth,0,0,0,0,0,0,0,0,0,0,0
2.00,142,36,47,78,145,196,152,124,15.779999999999999,1676.75,QS,model_assisted_not_ground_truth,0,0,0,0,0,0,0,0,0,0,0
2.01,141.99999999999906,36.999999999999069,47.000000000000931,78,144.00000000000094,198.00000000000094,153.99999999999812,124,15.779999999999999,1675.7500000000009,QS,model_assisted_not_ground_truth,0,0,0,0,0,0,0,0,0,0,0
2.02,141,36,48,78,144.99999999999818,198.99999999999818,152,124,15.77999999999999,1676.7500000000009,QS,model_assisted_not_ground_truth,0,0,0,0,0,0,0,0,0,0,0
2.03,141.00000000000136,35.999999999998622,47.999999999998622,77.999999999997243,144,198.00000000000136,151.99999999999864,124,15.775,1677.2549999999999,QS,model_assisted_not_ground_truth,0,0,0,0,0,0,0,0,0,0,0
2.04,141.5000000000004,35.499999999999602,47.499999999999602,76.999999999999204,144,198.5000000000004,151.4999999999996,124,15.77000000000001,1677.7599999999989,QS,model_assisted_not_ground_truth,0,0,0,0,0,0,0,0,0,0,0
2.05,141.99999999999943,35.000000000000576,47.000000000000576,76.000000000001151,144,198.99999999999943,151.00000000000057,124,15.77,1679.7699999999977,QS,model_assisted_not_ground_truth,0,0,0,0,0,0,0,0,0,0,0
2.06,142,36.999999999999559,47,76,144.99999999999977,199,151.99999999999977,124.99999999999977,15.750000000000004,1678.7700000000002,QS,model_assisted_not_ground_truth,0,0,0,0,0,0,0,0,0,0,0
2.07,142.50000000000034,36.499999999999666,47,76.500000000000327,144.49999999999966,198.49999999999966,151.49999999999966,125.50000000000033,15.759999999999986,1678.75,QS,model_assisted_not_ground_truth,0,0,0,0,0,0,0,0,0,0,0
2.08,143,36.000000000001599,47,77,143.99999999999841,198.00000000000159,151.00000000000321,126,15.74,1678.7600000000079,QS,model_assisted_not_ground_truth,0,0,0,0,0,0,0,0,0,0,0
2.09,143.0000000000025,36.999999999997513,47,77,143.0000000000025,199,153.00000000000497,125.99999999999751,15.739999999999988,1683.7599999999989,QS,model_assisted_not_ground_truth,0,0,0,0,0,0,0,0,0,0,0
2.10,143.99999999999315,35.999999999996582,47.000000000003418,77,144.00000000000341,198.99999999999659,154.99999999998289,125,15.734999999999998,1683.2649999999996,QS,model_assisted_not_ground_truth,0,0,0,0,0,0,0,0,0,0,0
2.11,142,35.000000000004306,47.999999999995694,77,145,198,150.00000000000861,125.00000000000431,15.730000000000008,1682.7700000000007,QS,model_assisted_not_ground_truth,0,0,0,0,0,0,0,0,0,0,0
2.12,142,35.999999999999559,47.000000000000441,77,145,198,151.99999999999912,125.99999999999956,15.720000000000006,1681.7900000000004,QS,model_assisted_not_ground_truth,0,0,0,0,0,0,0,0,0,0,0
2.13,143.99999999999955,36.000000000000448,47,76,144,199,156.99999999999866,126,15.699999999999985,1680.7799999999991,QS,model_assisted_not_ground_truth,0,0,0,0,0,0,0,0,0,0,0
2.14,143.00000000000136,36.999999999998622,47.000000000001378,76.000000000001378,144.00000000000136,199,153.99999999999864,126.00000000000138,15.670000000000028,1678.7999999999861,QS,model_assisted_not_ground_truth,0,0,0,0,0,0,0,0,0,0,0
2.15,144,36.000000000002267,47.999999999997733,77,145,199,152.99999999999548,127.00000000000226,15.69,1668.760000000017,QS,model_assisted_not_ground_truth,0,0,0,0,0,0,0,0,0,0,0
2.16,144,37,47,77.000000000003197,145,199,150.99999999999679,128.00000000000321,15.69,1676.2650000000026,QS,model_assisted_not_ground_truth,0,0,0,0,0,0,0,0,0,0,0
2.17,144,37,47,77.999999999991829,145,199,150.00000000000409,128.99999999999591,15.69,1683.7699999999879,QS,model_assisted_not_ground_truth,0,0,0,0,0,0,0,0,0,0,0
2.18,144,37,47,76.000000000001336,145,199,150.99999999999935,128.00000000000065,15.699999999999992,1691.7699999999948,QS,model_assisted_not_ground_truth,0,0,0,0,0,0,0,0,0,0,0
2.19,144,37,47.99999999999978,76.000000000000227,145.00000000000045,198.99999999999977,151.99999999999955,127.99999999999977,15.709999999999999,1692.7700000000004,QS,model_assisted_not_ground_truth,0,0,0,0,0,0,0,0,0,0,0
2.20,144.00000000000117,37,47,77,146.99999999999883,198.0000000000023,150,127.00000000000115,15.699999999999976,1694.7799999999584,QS,model_assisted_not_ground_truth,0,0,0,0,0,0,0,0,0,0,0
2.21,144.99999999999795,36.999999999997954,47,76.999999999997954,146,200,150.00000000000205,128,15.680000000000021,1658.7400000000184,QS,model_assisted_not_ground_truth,0,0,0,0,0,0,0,0,0,0,0
2.22,144.00000000000298,36.000000000005954,47.000000000002977,76,146,199.99999999999702,150.99999999999702,128,15.690000000000014,1667.7500000000105,QS,model_assisted_not_ground_truth,0,0,0,0,0,0,0,0,0,0,0
2.23,145,37.999999999996135,48,76.000000000003865,145.99999999999613,199,150.0000000000116,128,15.695000000000004,1671.2500000000036,QS,model_assisted_not_ground_truth,0,0,0,0,0,0,0,0,0,0,0
2.24,145,37.000000000000888,48,76.999999999999119,145.00000000000088,199,152.99999999999733,128,15.699999999999996,1674.7499999999968,QS,model_assisted_not_ground_truth,0,0,0,0,0,0,0,0,0,0,0
2.25,144,35,47,77,145,198,154,128,15.710000000000001,1675.75,QS,model_assisted_not_ground_truth,0,0,0,0,0,0,0,0,0,0,0
2.26,144.99999999999906,36,47.000000000000931,76,145.99999999999906,198.00000000000094,154,129,15.720000000000001,1676.7500000000009,QS,model_assisted_not_ground_truth,0,0,0,0,0,0,0,0,0,0,0
2.27,144,36.000000000001819,48,76.000000000001819,145,198.99999999999818,154,129,15.719999999999946,1677.7499999999582,QS,model_assisted_not_ground_truth,0,0,0,0,0,0,0,0,0,0,0
2.28,144,36.999999999997243,47.999999999997243,76.999999999997243,145,198,153.99999999999449,129,15.689999999999944,1654.739999999978,QS,model_assisted_not_ground_truth,0,0,0,0,0,0,0,0,0,0,0
2.29,144,36.000000000003638,47,76,144.99999999999636,198,152.00000000000364,129,15.670000000000041,1646.7600000000164,QS,model_assisted_not_ground_truth,0,0,0,0,0,0,0,0,0,0,0
2.30,144,36.999999999998892,47,76,144.00000000000111,198,152.99999999999889,129,15.67,1653.2649999999928,QS,model_assisted_not_ground_truth,0,0,0,0,0,0,0,0,0,0,0
2.31,144,37.99999999999978,47,75.000000000000227,144.99999999999977,198.99999999999977,152.00000000000023,128.00000000000023,15.67,1659.7699999999986,QS,model_assisted_not_ground_truth,0,0,0,0,0,0,0,0,0,0,0
2.32,144,36.999999999999666,47,77,145.00000000000034,197.99999999999935,151.99999999999935,128,15.679999999999993,1662.7799999999959,QS,model_assisted_not_ground_truth,0,0,0,0,0,0,0,0,0,0,0
2.33,144,36.499999999999204,47,77,145.5000000000008,196.99999999999841,150.99999999999841,128,15.669999999999984,1656.7799999999984,QS,model_assisted_not_ground_truth,0,0,0,0,0,0,0,0,0,0,0
2.34,144,36.000000000002487,47,77.000000000002487,145.9999999999975,196,150.00000000000497,128,15.66000000000005,1655.7799999999975,QS,model_assisted_not_ground_truth,0,0,0,0,0,0,0,0,0,0,0
2.35,144.00000000000341,37,47,77.999999999993165,145.00000000000341,196.00000000000685,152.00000000000341,128.00000000000341,15.680000000000017,1654.760000000017,QS,model_assisted_not_ground_truth,0,0,0,0,0,0,0,0,0,0,0
2.36,144.99999999999568,37,47.000000000004306,76.000000000004306,145.99999999999568,198.00000000000432,153,129,15.685000000000008,1659.7650000000074,QS,model_assisted_not_ground_truth,0,0,0,0,0,0,0,0,0,0,0
2.37,144.00000000000045,37,47.999999999999559,76.999999999999559,145.00000000000045,198.99999999999955,153,129,15.689999999999998,1664.7699999999977,QS,model_assisted_not_ground_truth,0,0,0,0,0,0,0,0,0,0,0
2.38,144.00000000000045,36.999999999999552,47,76.999999999999559,144.99999999999955,196.00000000000179,150.00000000000088,128,15.700000000000005,1665.7700000000009,QS,model_assisted_not_ground_truth,0,0,0,0,0,0,0,0,0,0,0
2.39,144.99999999999864,35.999999999995872,47.000000000001378,76,144.00000000000136,199.99999999999588,151.99999999999864,128.00000000000136,15.709999999999917,1667.7599999999518,QS,model_assisted_not_ground_truth,0,0,0,0,0,0,0,0,0,0,0
2.40,144,33,47.999999999997733,75.99999999999774,145,196.99999999999548,150.99999999999548,128.99999999999548,15.650000000000091,1632.7500000000725,QS,model_assisted_not_ground_truth,0,0,0,0,0,0,0,0,0,0,0
2.41,144,33.000000000009592,47,75.000000000003197,145,195.00000000000639,149.00000000000639,127.0000000000032,15.69,1664.770000000032,QS,model_assisted_not_ground_truth,0,0,0,0,0,0,0,0,0,0,0
2.42,144,35.999999999995914,47,76,145,197.00000000000409,151.00000000000409,128.00000000000409,15.69,1674.7799999999841,QS,model_assisted_not_ground_truth,0,0,0,0,0,0,0,0,0,0,0
2.43,144,35.000000000000668,47,76,145,197.99999999999935,151.99999999999935,128.99999999999935,15.709999999999987,1672.7800000000013,QS,model_assisted_not_ground_truth,0,0,0,0,0,0,0,0,0,0,0
2.44,143,35.99999999999978,48,76.999999999999773,145,198.99999999999977,152,128.99999999999977,15.704999999999998,1675.2850000000005,QS,model_assisted_not_ground_truth,0,0,0,0,0,0,0,0,0,0,0
2.45,143.00000000000117,34.999999999998842,47.999999999998842,76,145,197.99999999999883,152,128,15.699999999999987,1677.7900000000011,QS,model_assisted_not_ground_truth,0,0,0,0,0,0,0,0,0,0,0
2.46,144,34.000000000006132,47,76,144.99999999999795,197,152,128,15.689999999999978,1678.7899999999693,QS,model_assisted_not_ground_truth,0,0,0,0,0,0,0,0,0,0,0
2.47,143.99999999999702,37,47.000000000002977,76,144,196.99999999999406,152,127.99999999999703,15.68,1663.7800000000386,QS,model_assisted_not_ground_truth,0,0,0,0,0,0,0,0,0,0,0
2.48,143,36.999999999996135,48,75.999999999996135,144,195.00000000000773,152,127.00000000000387,15.68,1676.7799999999763,QS,model_assisted_not_ground_truth,0,0,0,0,0,0,0,0,0,0,0
2.49,143,36.000000000000888,48,75.000000000000881,144,196.99999999999824,152,127.99999999999912,15.709999999999974,1675.7800000000009,QS,model_assisted_not_ground_truth,0,0,0,0,0,0,0,0,0,0,0
2.50,143,37,47,75,144,198,151,128,15.699999999999999,1677.28,QS,model_assisted_not_ground_truth,0,0,0,0,0,0,0,0,0,0,0
2.51,143,35.999999999999069,47.000000000000931,75,144,199.99999999999812,150.00000000000188,128,15.690000000000008,1678.7799999999991,QS,model_assisted_not_ground_truth,0,0,0,0,0,0,0,0,0,0,0
2.52,143,35.000000000001819,48,75,144.00000000000182,198.00000000000182,151.99999999999818,128,15.699999999999962,1677.7800000000036,QS,model_assisted_not_ground_truth,0,0,0,0,0,0,0,0,0,0,0
2.53,143,36.000000000002757,47.999999999997243,75.000000000002757,144.99999999999724,199.00000000000276,151.00000000000551,128,15.67999999999989,1679.7899999999365,QS,model_assisted_not_ground_truth,0,0,0,0,0,0,0,0,0,0,0
2.54,142.99999999999636,36.999999999996362,47,75.999999999996362,143.99999999999636,199.99999999999636,152.99999999999272,128,15.640000000000082,1656.790000000047,QS,model_assisted_not_ground_truth,0,0,0,0,0,0,0,0,0,0,0
2.55,142.00000000000111,36.000000000001108,47,75.000000000001108,143.00000000000111,199.00000000000111,151.00000000000222,128,15.669999999999966,1671.7899999999834,QS,model_assisted_not_ground_truth,0,0,0,0,0,0,0,0,0,0,0
2.56,142,35.00000000000022,47,75,142.00000000000023,198.00000000000023,152.99999999999955,128,15.679999999999998,1673.7899999999995,QS,model_assisted_not_ground_truth,0,0,0,0,0,0,0,0,0,0,0
2.57,142,35.999999999997335,47,74,142.99999999999935,198.00000000000065,151.00000000000065,128,15.68,1674.7900000000006,QS,model_assisted_not_ground_truth,0,0,0,0,0,0,0,0,0,0,0
2.58,141.9999999999992,32.000000000000803,47,74,142,198.99999999999841,152.0000000000008,128,15.679999999999984,1675.7899999999936,QS,model_assisted_not_ground_truth,0,0,0,0,0,0,0,0,0,0,0
2.59,141.49999999999875,32.500000000001243,47,74,142,197.9999999999975,152.50000000000125,128,15.670000000000025,1671.790000000015,QS,model_assisted_not_ground_truth,0,0,0,0,0,0,0,0,0,0,0
2.60,141.00000000000171,33,47.000000000001712,74,142,196.99999999999829,153,127.99999999999658,15.679999999999897,1677.7899999999315,QS,model_assisted_not_ground_truth,0,0,0,0,0,0,0,0,0,0,0
2.61,141.50000000000074,33,47.500000000000732,74,142,196.49999999999926,153,126.99999999999854,15.650000000000041,1657.7900000000275,QS,model_assisted_not_ground_truth,0,0,0,0,0,0,0,0,0,0,0
2.62,141.99999999999977,33,47.99999999999978,74,142,196.00000000000023,153,126.00000000000044,15.659999999999997,1659.7899999999991,QS,model_assisted_not_ground_truth,0,0,0,0,0,0,0,0,0,0,0
2.63,140.00000000000088,33.000000000001336,47,73.000000000000895,140.99999999999955,197.00000000000045,153.00000000000045,127,15.660000000000002,1666.7900000000004,GI,model_assisted_not_ground_truth,0,0,0,0,0,0,0,0,0,0,0
2.64,141.99999999999864,35.999999999998622,47,74.999999999998622,140.00000000000412,198,153.99999999999724,127.00000000000138,15.665000000000006,1667.7900000000013,GI,model_assisted_not_ground_truth,0,0,0,0,0,0,0,0,0,0,0
2.65,140.99999999999773,35,47.000000000002267,74,142.99999999999548,197.99999999999773,152.00000000000452,127.99999999999774,15.670000000000046,1668.7900000000022,GI,model_assisted_not_ground_truth,0,0,0,0,0,0,0,0,0,0,0
2.66,140.00000000000639,34.999999999993605,47.999999999996803,74,141.00000000000321,197.00000000000321,153.999999999984,126.9999999999968,15.69,1669.7800000000032,GI,model_assisted_not_ground_truth,0,0,0,0,0,0,0,0,0,0,0
2.67,141.99999999999591,33.000000000012257,47,73.999999999995921,141.99999999999591,197.99999999999591,149,126.00000000000408,15.69,1670.7699999999984,GI,model_assisted_not_ground_truth,0,0,0,0,0,0,0,0,0,0,0
2.68,141.00000000000065,35.999999999998003,47,73.000000000000668,141.00000000000065,197.00000000000065,149,126.99999999999933,15.69,1670.79,GI,model_assisted_not_ground_truth,0,0,0,0,0,0,0,0,0,0,0
2.69,139,35,48,74,140,196,149.00000000000045,127,15.690000000000001,1675.79,GI,model_assisted_not_ground_truth,0,0,0,0,0,0,0,0,0,0,0
2.70,139,35,47.999999999998842,74,140.00000000000117,196.00000000000117,150.99999999999537,127.00000000000115,15.695000000000006,1675.79,GI,model_assisted_not_ground_truth,0,0,0,0,0,0,0,0,0,0,0
2.71,139.00000000000409,34.999999999997954,47,74,141,197.00000000000205,147.00000000000614,128,15.699999999999999,1675.790000000002,GI,model_assisted_not_ground_truth,0,0,0,0,0,0,0,0,0,0,0
2.72,141,34.000000000002977,47.000000000002977,74,141.00000000000298,197.99999999999406,149.99999999999406,127.99999999999405,15.700000000000058,1676.79,GI,model_assisted_not_ground_truth,0,0,0,0,0,0,0,0,0,0,0
2.73,140.99999999999613,35,48,74,141.99999999999613,195.99999999999613,147.99999999999613,126.00000000000387,15.719999999999963,1676.77,GI,model_assisted_not_ground_truth,0,0,0,0,0,0,0,0,0,0,0
2.74,140.00000000000088,35,48,74,141.00000000000088,195.00000000000088,147.00000000000088,126.99999999999912,15.729999999999992,1677.7699999999991,GI,model_assisted_not_ground_truth,0,0,0,0,0,0,0,0,0,0,0
2.75,141,35,47,74,140,196,148,126,15.74,1677.76,GI,model_assisted_not_ground_truth,0,0,0,0,0,0,0,0,0,0,0
2.76,140,35,47,73,140,197.99999999999906,147,127.00000000000094,15.73,1678.7699999999991,GI,model_assisted_not_ground_truth,0,0,0,0,0,0,0,0,0,0,0
2.77,140,35.000000000001819,47.000000000001819,73.000000000001819,140,197,147.00000000000364,127.99999999999818,15.730000000000009,1677.7699999999891,GI,model_assisted_not_ground_truth,0,0,0,0,0,0,0,0,0,0,0
2.78,140,36,47.999999999997243,74.000000000002757,140,197,148.99999999998897,127,15.734999999999999,1671.7500000000005,GI,model_assisted_not_ground_truth,0,0,0,0,0,0,0,0,0,0,0
2.79,139.99999999999636,36,47,74.999999999996362,140.00000000000728,197,145.00000000001822,127,15.73999999999999,1665.7300000000123,GI,model_assisted_not_ground_truth,0,0,0,0,0,0,0,0,0,0,0
2.80,139.00000000000111,36,47,74.000000000001108,141.99999999999778,197,149.99999999999446,127,15.749999999999989,1678.7399999999855,GI,model_assisted_not_ground_truth,0,0,0,0,0,0,0,0,0,0,0
2.81,141.99999999999935,36,47.99999999999978,74.999999999999773,142.99999999999977,198.99999999999955,150,128.99999999999955,15.779999999999992,1680.7399999999996,GI,model_assisted_not_ground_truth,0,0,0,0,0,0,0,0,0,0,0
2.82,137.00000000000401,36.999999999998003,47,76.000000000003325,144.00000000000134,201.00000000000065,148.00000000000065,138.000000000006,15.779999999999999,1682.7400000000007,GI,model_assisted_not_ground_truth,0,0,0,0,0,0,0,0,0,0,0
2.83,143.00000000001438,34.000000000003197,47.000000000001599,81.000000000006395,146.00000000000321,202.00000000000799,149,147.00000000002078,15.77999999999999,1683.7399999999959,GI,model_assisted_not_ground_truth,0,0,0,0,0,0,0,0,0,0,0
2.84,152.00000000000497,36.000000000009948,48.000000000002487,85.000000000027356,148.0000000000199,207.00000000001492,149.00000000000497,160.00000000001742,15.774999999999988,1681.2399999999939,GI,model_assisted_not_ground_truth,0,0,0,0,0,0,0,0,0,0,0
2.85,154.00000000002737,40.000000000075232,49,96.000000000006835,156.00000000002393,213.00000000000685,151.00000000002052,167.00000000003078,15.769999999999966,1678.7399999999179,GI,model_assisted_not_ground_truth,0,0,0,0,0,0,0,0,0,0,0
2.86,162.00000000002584,62.000000000060304,48.999999999995694,98.000000000038767,163.00000000007324,215.00000000002154,157.00000000004738,176.00000000002154,15.760000000000014,1654.720000000033,GI,model_assisted_not_ground_truth,0,0,0,0,0,0,0,0,0,0,0
2.87,167.99999999999733,75.999999999993776,48.000000000000441,106.99999999999601,179.99999999999244,219.99999999999778,167.99999999999511,180.99999999999778,15.76,1660.7199999999973,GI,model_assisted_not_ground_truth,0,0,0,0,0,0,0,0,0,0,0
2.88,174.00000000000244,90.000000000001108,50,120.00000000000134,186.00000000000199,227.00000000000156,174.00000000000023,191.0000000000031,15.77,1664.73,GI,model_assisted_not_ground_truth,0,0,0,0,0,0,0,0,0,0,0
2.89,179.50000000000756,92.500000000003439,50,123.00000000000414,190.5000000000062,230.50000000000483,174.50000000000068,198.00000000000963,15.770000000000014,1664.7299999999973,GI,model_assisted_not_ground_truth,0,0,0,0,0,0,0,0,0,0,0
2.90,185.00000000001813,95.000000000038497,50.000000000009059,126.00000000002265,195.00000000002717,234.00000000002717,175.00000000001813,205.00000000005662,15.779999999999932,1662.7299999999468,GI,model_assisted_not_ground_truth,0,0,0,0,0,0,0,0,0,0,0
2.91,193.00000000000321,112.00000000004796,54.000000000015987,136,207.00000000005116,246.00000000000639,183.00000000001918,230.00000000006716,15.749999999999989,1639.2249999999917,GI,model_assisted_not_ground_truth,0,0,0,0,0,0,0,0,0,0,0
2.92,194.00000000003268,127.0000000000572,59.000000000024514,136.00000000008171,223.00000000003268,248.00000000001225,189.00000000003268,251.00000000002859,15.720000000000049,1615.7200000000375,GI,model_assisted_not_ground_truth,0,0,0,0,0,0,0,0,0,0,0
2.93,201.99999999999466,140.99999999999068,64.999999999996007,155.99999999998667,230.99999999999466,250.99999999999801,196.99999999999466,257.99999999999534,15.729999999999993,1634.7399999999873,GI,model_assisted_not_ground_truth,0,0,0,0,0,0,0,0,0,0,0
2.94,203.00000000000134,151.00000000000065,68.000000000000895,164.00000000000045,234.00000000000179,256.00000000000045,205.00000000000023,270.00000000000199,15.729999999999992,1635.7499999999998,GI,model_assisted_not_ground_truth,0,0,0,0,0,0,0,0,0,0,0
2.95,209.00000000000347,154.00000000000347,72.00000000000577,166.00000000000347,242.00000000000807,257.99999999999886,206,279.00000000001847,15.689999999999941,1634.7699999999838,GI,model_assisted_not_ground_truth,0,0,0,0,0,0,0,0,0,0,0
2.96,212.00000000000614,157.00000000000409,77.000000000004093,169.00000000000409,249.00000000000409,257.00000000001023,206.00000000000614,295.00000000001228,15.63999999999997,1620.780000000002,GI,model_assisted_not_ground_truth,0,0,0,0,0,0,0,0,0,0,0
2.97,215.00000000000298,159,79.00000000000297,171.00000000000594,251.00000000000298,261.99999999998812,208.99999999999702,301.00000000000597,15.624999999999998,1621.7950000000001,GI,model_assisted_not_ground_truth,0,0,0,0,0,0,0,0,0,0,0
2.98,216.00000000000773,158.99999999999227,80.000000000015447,173.00000000000773,252.00000000001546,257.99999999999227,208.00000000001933,303.00000000002706,15.610000000000026,1622.8099999999981,GI,model_assisted_not_ground_truth,0,0,0,0,0,0,0,0,0,0,0
2.99,217.99999999999824,157.00000000000176,83.999999999996447,174.99999999999824,255.99999999999645,256.00000000000176,212.99999999999557,309.9999999999938,15.570000000000036,1619.8200000000027,GI,model_assisted_not_ground_truth,0,0,0,0,0,0,0,0,0,0,0
3.00,217,155,84,172,256,254,210,310,15.48,1582.8199999999999,GI,model_assisted_not_ground_truth,0,0,0,0,0,0,0,0,0,0,0
3.01,215.99999999999534,159.00000000000188,82.999999999999062,169.99999999999906,254.99999999999812,253.00000000000094,206.99999999999906,310.99999999999534,15.480000000000029,1615.8599999999803,GI,model_assisted_not_ground_truth,0,0,0,0,0,0,0,0,0,0,0
3.02,211.00000000000909,160.99999999999454,81.999999999998181,168.99999999999454,252.99999999999454,253.99999999999636,205.99999999999091,305.99999999999454,15.509999999999909,1594.8699999999981,GI,model_assisted_not_ground_truth,0,0,0,0,0,0,0,0,0,0,0
3.03,216.00000000000827,158.00000000000551,80.999999999991743,166.00000000000276,249.99999999999173,251.99999999998897,201.00000000000276,302.99999999999176,15.45999999999996,1593.8800000000056,GI,model_assisted_not_ground_truth,0,0,0,0,0,0,0,0,0,0,0
3.04,218.99999999997814,159.99999999999272,78,167.00000000000364,246.99999999999272,248.00000000000364,201.99999999996359,299.99999999996356,15.444999999999988,1595.8850000000018,GI,model_assisted_not_ground_truth,0,0,0,0,0,0,0,0,0,0,0
3.05,213.00000000000665,158.00000000000222,78,167.99999999999889,245.00000000000222,248.99999999999889,192.00000000001111,290.00000000001108,15.430000000000016,1597.8899999999978,GI,model_assisted_not_ground_truth,0,0,0,0,0,0,0,0,0,0,0
3.06,212.50000000000011,157.50000000000011,77.000000000000227,167.50000000000011,244.00000000000023,248.50000000000011,192,286.5000000000008,15.370000000000012,1559.8900000000085,GI,model_assisted_not_ground_truth,0,0,0,0,0,0,0,0,0,0,0
3.07,211.99999999999929,156.99999999999858,75.999999999999289,166.99999999999716,242.99999999999787,247.99999999999787,191.99999999999858,282.99999999999926,15.369999999999971,1580.8899999999994,GI,model_assisted_not_ground_truth,0,0,0,0,0,0,0,0,0,0,0
3.08,211.00000000000321,154.99999999999841,74.999999999995197,163,239.99999999999679,244.99999999999679,189.99999999999841,281.99999999999039,15.32999999999992,1579.8999999999985,GI,model_assisted_not_ground_truth,0,0,0,0,0,0,0,0,0,0,0
3.09,212.99999999999503,153.9999999999975,71.999999999995026,162.99999999999253,237.9999999999975,243.0000000000025,188.99999999998755,275.99999999998505,15.279999999999751,1578.9099999999305,GI,model_assisted_not_ground_truth,0,0,0,0,0,0,0,0,0,0,0
3.10,210.99999999999659,152.99999999999315,69.999999999996575,159.99999999998289,236.99999999999315,243.99999999997948,183.99999999999315,270,15.18,1550.9200000000103,GI,model_assisted_not_ground_truth,0,0,0,0,0,0,0,0,0,0,0
3.11,210.00000000000432,150.99999999999568,68.999999999995694,155.00000000002154,234.99999999999139,238.00000000000861,182.00000000000861,270,15.18,1553.9200000000044,GI,model_assisted_not_ground_truth,0,0,0,0,0,0,0,0,0,0,0
3.12,210.99999999999955,150.00000000000045,68.000000000000441,159.99999999999778,233.00000000000088,239.99999999999912,183.99999999999912,270,15.18,1556.9199999999987,GI,model_assisted_not_ground_truth,0,0,0,0,0,0,0,0,0,0,0
3.13,211.99999999999955,149,67.999999999999559,158.00000000000134,231.99999999999955,239.00000000000088,181.99999999999866,269.99999999999909,15.169999999999973,1581.9499999999953,GI,model_assisted_not_ground_truth,0,0,0,0,0,0,0,0,0,0,0
3.14,211,149,67,160.99999999999449,230.99999999999864,241,179.00000000000276,268.00000000000136,15.10999999999993,1570.9600000000069,GI,model_assisted_not_ground_truth,0,0,0,0,0,0,0,0,0,0,0
3.15,210.99999999999773,148.99999999999548,67,157.00000000000227,229.99999999999773,240.99999999998869,180.99999999999548,269.00000000000227,15.059999999999842,1575.9699999999661,GI,model_assisted_not_ground_truth,0,0,0,0,0,0,0,0,0,0,0
3.16,209.99999999999039,147.00000000000321,67,158.00000000000321,228.99999999999679,236.000000000016,178.99999999999679,270,14.989999999999872,1560.9800000000544,GI,model_assisted_not_ground_truth,0,0,0,0,0,0,0,0,0,0,0
3.17,206.99999999999591,147.99999999999184,66.999999999995921,159.00000000001225,227.99999999999591,240.99999999999184,178.00000000000409,270.00000000000409,14.950000000000063,1577.9899999999727,GI,model_assisted_not_ground_truth,0,0,0,0,0,0,0,0,0,0,0
3.18,206.00000000000065,146.00000000000134,66.000000000000668,161.99999999999801,227.00000000000065,239.00000000000134,178.99999999999935,270.99999999999932,14.945000000000002,1581.4999999999977,GI,model_assisted_not_ground_truth,0,0,0,0,0,0,0,0,0,0,0
3.19,204.99999999999955,144.99999999999935,64.999999999999773,163.00000000000065,225.99999999999977,238.00000000000045,179.00000000000023,269.99999999999977,14.939999999999984,1585.0100000000018,GI,model_assisted_not_ground_truth,0,0,0,0,0,0,0,0,0,0,0
3.20,203,141.99999999999193,64,166,225,240.00000000000117,179.99999999999883,269,14.869999999999907,1593.0100000000266,GI,model_assisted_not_ground_truth,0,0,0,0,0,0,0,0,0,0,0
3.21,203,134.99999999999591,64,166.00000000000205,224.99999999999795,240.99999999998775,179.00000000000614,269.00000000000614,14.789999999999896,1616.0500000000327,GI,model_assisted_not_ground_truth,0,0,0,0,0,0,0,0,0,0,0
3.22,202.99999999999852,132.99999999999108,63.999999999998515,166.99999999999852,224,235.00000000000446,181.99999999999852,272,14.739999999999851,1632.0700000000566,GI,model_assisted_not_ground_truth,0,0,0,0,0,0,0,0,0,0,0
3.23,202.49999999999949,129.99999999999693,63.499999999999488,166.49999999999949,224,236.50000000000153,181.49999999999949,272,14.69000000000009,1651.0899999999654,GI,model_assisted_not_ground_truth,0,0,0,0,0,0,0,0,0,0,0
3.24,202.00000000000045,127.00000000000267,63.000000000000441,166.00000000000045,224,237.99999999999866,181.00000000000045,272,14.550000000000125,1691.1099999999644,GI,model_assisted_not_ground_truth,0,0,0,0,0,0,0,0,0,0,0
3.25,203,125,61,169,224,240,184,275,14.505000000000001,1701.6099999999999,GI,model_assisted_not_ground_truth,0,0,0,0,0,0,0,0,0,0,0
3.26,201,121.9999999999972,61.999999999999069,168.00000000000094,225,238,183.00000000000372,275.00000000000091,14.459999999999972,1712.110000000027,GI,model_assisted_not_ground_truth,0,0,0,0,0,0,0,0,0,0,0
3.27,201.00000000000182,118.99999999999271,60.999999999987253,168.99999999999636,225.00000000000182,238.00000000000364,187.00000000000182,276,14.429999999999781,1741.1400000000583,GI,model_assisted_not_ground_truth,0,0,0,0,0,0,0,0,0,0,0
3.28,202,114.99999999999724,53.999999999994493,166.99999999999724,225.99999999999724,239.99999999999449,188.00000000000276,276,14.309999999999643,1773.1600000000385,GI,model_assisted_not_ground_truth,0,0,0,0,0,0,0,0,0,0,0
3.29,202,114.00000000000364,52,165.99999999999636,225.00000000000364,237.99999999999636,189.00000000001455,276.00000000001091,14.180000000000266,1787.1399999999715,GI,model_assisted_not_ground_truth,0,0,0,0,0,0,0,0,0,0,0
3.30,202,114.99999999999889,52,165.00000000000111,225.99999999999889,237.00000000000111,192.99999999999557,278.99999999999665,14.130000000000056,1848.1599999999323,GI,model_assisted_not_ground_truth,0,0,0,0,0,0,0,0,0,0,0
3.31,201.00000000000023,114.00000000000023,52.99999999999978,169.99999999999889,227.99999999999955,240.99999999999912,195.99999999999935,280.99999999999955,14.050000000000018,1921.2199999999839,GI,model_assisted_not_ground_truth,0,0,0,0,0,0,0,0,0,0,0
3.32,196.00000000000142,112.99999999999787,53,158.00000000000568,225.99999999999716,242,199.00000000000142,282.00000000000074,14.014999999999976,1943.2300000000157,GI,model_assisted_not_ground_truth,0,0,0,0,0,0,0,0,0,0,0
3.33,198.00000000000321,110.0000000000048,52.999999999998401,165.99999999999201,222.00000000000159,242.00000000000321,201.00000000000799,283.00000000000642,13.979999999999889,1965.2400000000496,GI,model_assisted_not_ground_truth,0,0,0,0,0,0,0,0,0,0,0
3.34,199.9999999999975,113.00000000000497,52.000000000007461,160.99999999999253,223.00000000000497,244.0000000000025,206.00000000001245,287.00000000000745,13.90999999999995,1996.2400000000921,GI,model_assisted_not_ground_truth,0,0,0,0,0,0,0,0,0,0,0
3.35,199.00000000001367,114.99999999999316,55.000000000003418,158.00000000004104,225.00000000001026,244.99999999999315,211.00000000001367,290.00000000000682,13.889999999999864,2033.2600000000409,GI,model_assisted_not_ground_truth,0,0,0,0,0,0,0,0,0,0,0
3.36,203.00000000003445,112.99999999999569,56.000000000012925,170.00000000002584,228.00000000000861,243.00000000002154,215.00000000000432,291.99999999999568,13.850000000000055,2045.1999999999837,GI,model_assisted_not_ground_truth,0,0,0,0,0,0,0,0,0,0,0
3.37,210.99999999999645,112.00000000000044,58.999999999998664,175.99999999999733,229.99999999999912,247.99999999999778,215.99999999999955,291.00000000000045,13.86999999999999,2069.1899999999896,GI,model_assisted_not_ground_truth,0,0,0,0,0,0,0,0,0,0,0
3.38,215.99999999999557,111.99999999999866,62.000000000000888,177.00000000000401,233.00000000000179,249.00000000000134,216.00000000000134,294.00000000000045,13.899999999999999,2089.1699999999928,GI,model_assisted_not_ground_truth,0,0,0,0,0,0,0,0,0,0,0
3.39,206.00000000000963,109.00000000000688,64,185.99999999999037,237.00000000000136,252.00000000000276,219.00000000000136,294.99999999999864,13.894999999999994,2073.1649999999781,GI,model_assisted_not_ground_truth,0,0,0,0,0,0,0,0,0,0,0
3.40,213.00000000000227,113.99999999999774,64,179.00000000002265,238.00000000000452,253.99999999999548,220.00000000000907,293.99999999999318,13.890000000000137,2057.1600000000226,SSSW,model_assisted_not_ground_truth,0,0,0,0,0,0,0,0,0,0,0
3.41,213.99999999999039,113.00000000000639,64,188.99999999998721,240.00000000001279,252.00000000001918,224.00000000000639,291.00000000001279,13.950000000000255,2067.1699999999778,SSSW,model_assisted_not_ground_truth,0,0,0,0,0,0,0,0,0,0,0
3.42,211.00000000000409,114.99999999999183,64,185.00000000002859,244,258.00000000000409,226.00000000002044,295,14.029999999999871,2060.1600000000112,SSSW,model_assisted_not_ground_truth,0,0,0,0,0,0,0,0,0,0,0
3.43,211.99999999999935,113.00000000000134,64,191.99999999999534,244,258.99999999999932,230.99999999999667,295,14.109999999999946,2048.1500000000083,SSSW,model_assisted_not_ground_truth,0,0,0,0,0,0,0,0,0,0,0
3.44,212.00000000000045,112.99999999999977,63.999999999999112,193.00000000000045,242,261.99999999999977,232,296.00000000000068,14.210000000000024,2041.129999999994,SSSW,model_assisted_not_ground_truth,0,0,0,0,0,0,0,0,0,0,0
3.45,214.00000000000117,111.99999999999768,59.999999999989605,194.99999999998499,242,261,232.0000000000023,298.9999999999942,14.310000000000082,2013.0899999999936,SSSW,model_assisted_not_ground_truth,0,0,0,0,0,0,0,0,0,0,0
3.46,214.99999999999181,109.99999999999388,51,182.00000000000819,242,260.99999999999795,233.99999999999591,294.00000000000205,14.380000000000143,2007.5599999999886,SSSW,model_assisted_not_ground_truth,0,0,0,0,0,0,0,0,0,0,0
3.47,210.99999999998514,106.99999999999405,50.999999999997023,186.00000000000892,241.99999999999406,260,232.00000000001191,294.99999999999704,14.450000000000326,2002.029999999982,SSSW,model_assisted_not_ground_truth,0,0,0,0,0,0,0,0,0,0,0
3.48,206,104.99999999997682,50,189.0000000000116,239.99999999998454,260.00000000000387,236.00000000000387,294.00000000001546,14.5599999999998,1996.0200000000109,SSSW,model_assisted_not_ground_truth,0,0,0,0,0,0,0,0,0,0,0
3.49,206,99.000000000005329,50,191.99999999999733,236.00000000000355,260.99999999999909,236.99999999999912,297.99999999999648,14.679999999999893,1980.9900000000134,SSSW,model_assisted_not_ground_truth,0,0,0,0,0,0,0,0,0,0,0
3.50,204,99,49,189,233,259,234,301,14.779999999999999,1970.96,SSSW,model_assisted_not_ground_truth,0,0,0,0,0,0,0,0,0,0,0
3.51,205.99999999999721,96.999999999991601,49,183.99999999999812,232.99999999999721,260.99999999999909,235.00000000000372,301.00000000000375,14.880000000000113,1953.9400000000001,SSSW,model_assisted_not_ground_truth,0,0,0,0,0,0,0,0,0,0,0
3.52,202.99999999999818,87.999999999998181,49.000000000001819,182.00000000000364,229.99999999999272,260,239,305,15.000000000000119,1953.9199999999901,SSSW,model_assisted_not_ground_truth,0,0,0,0,0,0,0,0,0,0,0
3.53,202.00000000002203,87.000000000002757,49.999999999997243,184.00000000000551,226.00000000000276,260.00000000001103,239.00000000000551,304.99999999999449,15.064999999999994,1948.4150000000006,SSSW,model_assisted_not_ground_truth,0,0,0,0,0,0,0,0,0,0,0
3.54,210.00000000001091,87.999999999981796,49,186.00000000000364,226.99999999998545,263.99999999999636,241.00000000001822,303.00000000000364,15.129999999999868,1942.9100000000112,SSSW,model_assisted_not_ground_truth,0,0,0,0,0,0,0,0,0,0,0
3.55,212.99999999999667,83.000000000005556,49,186.99999999999889,223.00000000000443,263.00000000000114,245.99999999999446,303.99999999999886,15.219999999999901,1935.8900000000078,SSSW,model_assisted_not_ground_truth,0,0,0,0,0,0,0,0,0,0,0
3.56,208.00000000000111,84.999999999999559,49,189.99999999999935,223.99999999999977,264.99999999999955,246,306.99999999999932,15.299999999999983,1929.8700000000013,SSSW,model_assisted_not_ground_truth,0,0,0,0,0,0,0,0,0,0,0
3.57,218.00000000000142,82.000000000003553,48,192.00000000000426,220.99999999999716,265,249.00000000000071,306.00000000000074,15.410000000000071,1930.8499999999906,SSSW,model_assisted_not_ground_truth,0,0,0,0,0,0,0,0,0,0,0
3.58,219.9999999999952,87,48.000000000001599,198.00000000000159,216.99999999999201,265.00000000000477,250.0000000000048,307.00000000000159,15.510000000000128,1917.8399999999904,SSSW,model_assisted_not_ground_truth,0,0,0,0,0,0,0,0,0,0,0
3.59,217.00000000001245,87.000000000007461,49,199.0000000000025,211.9999999999975,268.00000000001495,252.9999999999776,308,15.590000000000124,1911.8399999999961,SSSW,model_assisted_not_ground_truth,0,0,0,0,0,0,0,0,0,0,0
3.60,222.0000000000513,90.000000000006835,49.000000000003418,200.00000000000341,211.00000000000685,274.00000000000341,244.00000000002737,308.00000000002052,15.640000000000029,1910.329999999999,SSSW,model_assisted_not_ground_truth,0,0,0,0,0,0,0,0,0,0,0
3.61,237.00000000004738,92.000000000008612,49.999999999995694,201.00000000000861,212.99999999999568,275.00000000000432,251.99999999998278,314.00000000000864,15.68999999999993,1908.820000000002,SSSW,model_assisted_not_ground_truth,0,0,0,0,0,0,0,0,0,0,0
3.62,247.99999999999511,93.999999999999119,49.000000000000441,202.99999999999912,212.00000000000045,275.99999999999955,248.00000000000176,315.99999999999909,15.799999999999951,1911.7899999999986,SSSW,model_assisted_not_ground_truth,0,0,0,0,0,0,0,0,0,0,0
3.63,254.00000000000267,96.999999999999559,49,204.99999999999955,207.00000000000443,277.00000000000091,256.00000000000045,314.00000000000267,16.05000000000005,1892.7700000000018,SSSW,model_assisted_not_ground_truth,0,0,0,0,0,0,0,0,0,0,0
3.64,260.00000000001103,95.999999999993122,49,204.00000000000827,217,279.00000000000273,257.00000000001103,320.00000000000415,16.16000000000011,1896.7300000000014,SSSW,model_assisted_not_ground_truth,0,0,0,0,0,0,0,0,0,0,0
3.65,268.00000000001813,90.99999999999774,49.000000000002267,209.99999999999321,216.99999999999773,281.00000000000682,265.00000000000904,322.99999999999545,16.240000000000112,1897.6899999999887,SSSW,model_assisted_not_ground_truth,0,0,0,0,0,0,0,0,0,0,0
3.66,275.99999999999682,89.999999999996803,50,207,216.00000000001918,284.00000000000961,269.00000000001279,321.00000000003519,16.290000000000017,1892.6649999999984,SSSW,model_assisted_not_ground_truth,0,0,0,0,0,0,0,0,0,0,0
3.67,275.00000000000409,89.000000000016342,49.999999999995914,207.00000000001634,222.00000000001225,287,272.99999999999591,332.00000000001228,16.339999999999918,1887.6400000000081,SSSW,model_assisted_not_ground_truth,0,0,0,0,0,0,0,0,0,0,0
3.68,275.99999999999932,92.999999999997328,49.000000000000668,210.99999999999733,224.99999999999801,287,272.00000000000068,334.99999999999801,16.439999999999934,1897.5899999999933,SSSW,model_assisted_not_ground_truth,0,0,0,0,0,0,0,0,0,0,0
3.69,283.00000000000068,89.999999999999105,50,219,226.00000000000199,290.00000000000045,273.00000000000068,339.00000000000023,16.650000000000023,1882.5699999999983,SSSW,model_assisted_not_ground_truth,0,0,0,0,0,0,0,0,0,0,0
3.70,286.00000000001154,85.999999999996533,50.000000000001158,219.00000000000347,235.00000000000693,292.0000000000046,276.00000000000233,340.00000000000927,16.760000000000037,1875.5400000000195,SSSW,model_assisted_not_ground_truth,0,0,0,0,0,0,0,0,0,0,0
3.71,296.00000000000205,83.000000000004093,51.000000000004086,222.00000000000409,241.00000000002248,296.00000000001228,278.00000000000819,348,16.790000000000223,1892.5299999999795,SSSW,model_assisted_not_ground_truth,0,0,0,0,0,0,0,0,0,0,0
3.72,297.00000000000296,85,53.000000000002977,223.99999999999702,252.00000000006247,302.00000000001188,282.00000000002382,348.00000000001188,16.900000000000073,1882.5000000000432,SSSW,model_assisted_not_ground_truth,0,0,0,0,0,0,0,0,0,0,0
3.73,298.00000000004638,85.000000000015447,54.000000000003865,222.99999999999227,273.00000000001546,306.00000000001546,290.00000000002706,352.0000000000116,16.925000000000026,1896.9950000000149,SSSW,model_assisted_not_ground_truth,0,0,0,0,0,0,0,0,0,0,0
3.74,309.99999999998931,88.999999999996447,54.999999999999112,221.00000000000176,276.99999999999648,309.99999999999648,296.9999999999938,354.99999999999733,16.949999999999978,1911.489999999987,SSSW,model_assisted_not_ground_truth,0,0,0,0,0,0,0,0,0,0,0
3.75,314,88,57,234,288,311,296,355,16.98,1918.47,SSSW,model_assisted_not_ground_truth,0,0,0,0,0,0,0,0,0,0,0
3.76,316.00000000000841,95.00000000001026,60.00000000000373,239.00000000001398,300.00000000000091,315,300.00000000000557,363.00000000000279,17.020000000000017,1910.449999999988,SSSW,model_assisted_not_ground_truth,0,0,0,0,0,0,0,0,0,0,0
3.77,325.00000000001091,106.00000000000729,64,254.00000000000728,301.00000000002728,315,305.99999999999818,366.00000000000364,17.040000000000052,1897.4600000000255,SSSW,model_assisted_not_ground_truth,0,0,0,0,0,0,0,0,0,0,0
3.78,331.00000000000824,110.00000000000826,63.999999999997243,258.00000000000551,316.00000000001103,315.00000000000551,304.99999999999727,368.00000000000551,17.07000000000011,1911.4299999999889,SSSW,model_assisted_not_ground_truth,0,0,0,0,0,0,0,0,0,0,0
3.79,334.00000000001819,112.99999999999636,62.999999999974513,260.00000000002183,319.99999999999272,317.00000000000728,304,370.00000000001455,17.109999999999918,1907.3800000000083,SSSW,model_assisted_not_ground_truth,0,0,0,0,0,0,0,0,0,0,0
3.80,338.99999999999443,112.00000000000111,56.000000000007773,265.99999999999335,318.00000000000222,318.99999999999778,304,373.99999999999557,17.129999999999978,1919.3599999999865,SSSW,model_assisted_not_ground_truth,0,0,0,0,0,0,0,0,0,0,0
3.81,339,112,49.000000000001556,266,317.00000000000023,317.00000000000045,304,374.99999999999977,17.144999999999996,1920.8499999999997,SSSW,model_assisted_not_ground_truth,0,0,0,0,0,0,0,0,0,0,0
3.82,328.99999999999005,106,47,266,316.99999999999642,310.99999999999432,299.99999999999858,371.99999999999926,17.160000000000007,1922.3399999999956,SSSW,model_assisted_not_ground_truth,0,0,0,0,0,0,0,0,0,0,0
3.83,314.99999999998721,105.99999999998082,46.999999999995204,265.99999999997124,311.99999999998403,302.99999999999039,297.99999999999039,370.99999999999039,17.170000000000002,1916.3399999999792,SSSW,model_assisted_not_ground_truth,0,0,0,0,0,0,0,0,0,0,0
3.84,306.99999999995771,94.000000000012434,44.000000000002487,247.99999999998258,302.0000000000025,296.99999999997266,291.99999999997016,364.99999999998261,17.169999999999977,1903.3399999999153,SSSW,model_assisted_not_ground_truth,0,0,0,0,0,0,0,0,0,0,0
3.85,289.99999999994526,99.00000000001026,45.000000000003418,240.99999999997607,303,285.99999999999318,279.99999999993844,357.99999999994526,17.159999999999982,1869.3299999999606,SSSW,model_assisted_not_ground_truth,0,0,0,0,0,0,0,0,0,0,0
3.86,273.99999999990092,101.99999999993969,45.999999999991388,233.99999999993969,302.99999999996555,283.99999999996555,261.99999999990524,341.99999999990956,17.15499999999999,1857.8299999999831,SSSW,model_assisted_not_ground_truth,0,0,0,0,0,0,0,0,0,0,0
3.87,251.0000000000102,88.000000000006224,44.000000000000888,220.00000000000622,295.00000000000352,276.00000000000352,240.00000000000978,321.00000000000932,17.150000000000002,1846.3300000000049,SSSW,model_assisted_not_ground_truth,0,0,0,0,0,0,0,0,0,0,0
3.88,232.99999999999466,79.999999999996447,41.999999999997776,198.99999999999466,281.99999999999199,262.99999999999113,225.99999999999022,295.99999999998221,17.129999999999981,1815.3299999999617,SSSW,model_assisted_not_ground_truth,0,0,0,0,0,0,0,0,0,0,0
3.89,220.99999999995595,71.999999999982109,37.000000000001378,186.99999999997661,263.99999999994907,242.9999999999697,203.99999999996558,255.99999999996422,17.089999999999957,1729.3299999999599,SSSW,model_assisted_not_ground_truth,0,0,0,0,0,0,0,0,0,0,0
3.90,188.9999999999547,58.999999999963762,37.999999999993207,169.99999999996149,226.99999999992525,220.99999999995245,178.99999999993659,229.9999999999547,17.059999999999906,1700.329999999889,SSSW,model_assisted_not_ground_truth,0,0,0,0,0,0,0,0,0,0,0
3.91,168.99999999989447,42.999999999968026,34.999999999996803,152.99999999992644,193.99999999990087,199.99999999995842,150.99999999988168,209.99999999993284,17.019999999999872,1651.3299999998528,SSSW,model_assisted_not_ground_truth,0,0,0,0,0,0,0,0,0,0,0
3.92,135.99999999991829,32.999999999995914,34.000000000004086,129.99999999994282,162.9999999998611,186.99999999993872,113.9999999999428,188.99999999998366,16.980000000000064,1605.3200000000734,SSSW,model_assisted_not_ground_truth,0,0,0,0,0,0,0,0,0,0,0
3.93,116.00000000001333,32.000000000000668,34.999999999999332,116.00000000000932,129.00000000002265,172.00000000001,100.00000000000932,185.00000000000267,16.920000000000041,1538.3200000000445,SSSW,model_assisted_not_ground_truth,0,0,0,0,0,0,0,0,0,0,0
3.94,107.99999999999822,26.999999999999776,34,109.99999999999444,115.99999999999845,157.99999999999912,85.999999999997996,173.99999999999977,16.899999999999995,1524.3249999999969,SSSW,model_assisted_not_ground_truth,0,0,0,0,0,0,0,0,0,0,0
3.95,100.00000000000115,26.000000000001155,34.000000000001158,84.999999999995381,108.99999999998845,154,76.999999999995381,172.99999999999423,16.879999999999917,1510.3299999999549,SSSW,model_assisted_not_ground_truth,0,0,0,0,0,0,0,0,0,0,0
3.96,100.99999999998161,26.999999999989786,35.000000000004086,80.999999999995907,98.999999999997954,153.99999999999386,72.999999999981611,167.99999999999591,16.809999999999754,1471.3699999998794,SSSW,model_assisted_not_ground_truth,0,0,0,0,0,0,0,0,0,0,0
3.97,92,21.999999999991072,37.000000000005954,79,97.999999999991076,151.00000000000594,64,166.00000000000298,16.689999999999735,1412.4099999997918,SSSW,model_assisted_not_ground_truth,0,0,0,0,0,0,0,0,0,0,0
3.98,91.999999999961361,18.999999999992273,39,78.999999999961361,94.999999999992269,153.0000000000116,63.999999999996135,166.99999999999613,16.600000000000165,1342.4200000001274,SSSW,model_assisted_not_ground_truth,0,0,0,0,0,0,0,0,0,0,0
3.99,82.000000000008882,17.000000000001776,39,69.000000000008882,93.000000000001776,155.99999999999733,63.000000000000888,166.00000000000088,16.609999999999992,1360.4299999999841,SSSW,model_assisted_not_ground_truth,0,0,0,0,0,0,0,0,0,0,0
4.00,79,1,40,47,94,156,58,165,16.605,1359.9349999999999,SSSW,model_assisted_not_ground_truth,0,0,0,0,0,0,0,0,0,0,0
4.01,73.999999999998224,1,40.000000000000888,46,89.999999999992895,153.99999999999466,51.999999999995559,151.99999999999733,16.599999999999991,1359.4400000000001,SSSW,model_assisted_not_ground_truth,0,0,0,0,0,0,0,0,0,0,0
4.02,71.999999999996263,1.0000000000018652,41,46.000000000014921,81.999999999992539,147.9999999999832,46.999999999990671,148.99999999996456,16.589999999999961,1359.4399999999459,SSSW,model_assisted_not_ground_truth,0,0,0,0,0,0,0,0,0,0,0
4.03,69.999999999991743,2,41.00000000000275,53.999999999987608,77.9999999999945,139.000000000011,41.99999999999725,129.99999999998485,16.57,1330.4300000000387,SSSW,model_assisted_not_ground_truth,0,0,0,0,0,0,0,0,0,0,0
4.04,66.999999999997598,2,42.000000000000796,49.499999999996405,75.999999999998408,143.00000000000318,40.999999999999204,124.49999999999561,16.57,1344.4399999999714,SSSW,model_assisted_not_ground_truth,0,0,0,0,0,0,0,0,0,0,0
4.05,64.000000000003467,2,42.999999999998849,45.000000000005194,74.000000000002302,146.9999999999954,40.000000000001151,119.00000000000635,16.589999999999975,1358.4399999999839,SSSW,model_assisted_not_ground_truth,0,0,0,0,0,0,0,0,0,0,0
4.06,60.000000000000711,2.9999999999998224,43.999999999999822,45.999999999999822,76.99999999999946,143.00000000000071,40,104.00000000000267,16.579999999999998,1346.4500000000021,SSSW,model_assisted_not_ground_truth,0,0,0,0,0,0,0,0,0,0,0
4.07,50.000000000001421,19.999999999997868,41.000000000000355,113.9999999999762,74.000000000001776,132.99999999999963,40,66.999999999998934,16.569999999999993,1349.4550000000022,SSSW,model_assisted_not_ground_truth,0,0,0,0,0,0,0,0,0,0,0
4.08,52.000000000003197,16.999999999995204,41.500000000000796,80.499999999946439,76.500000000003993,132.4999999999992,40,65.499999999997598,16.559999999999981,1352.4599999999793,SSSW,model_assisted_not_ground_truth,0,0,0,0,0,0,0,0,0,0,0
4.09,53.999999999995026,14.000000000017408,41.999999999995026,47.000000000236255,79,131.99999999999005,40,63.999999999987566,16.550000000000001,1339.460000000005,SSSW,model_assisted_not_ground_truth,0,0,0,0,0,0,0,0,0,0,0
4.10,52.000000000003375,21.000000000027001,39.999999999969624,142.00000000006077,79,128.00000000001688,39.99999999999325,59,16.550000000000033,1341.4600000000305,SSSW,model_assisted_not_ground_truth,0,0,0,0,0,0,0,0,0,0,0
4.11,53.000000000010878,29.000000000004352,30.999999999993474,159.99999999987162,79.000000000015234,133.00000000000654,38,59.000000000013053,16.559999999999985,1350.459999999988,SSSW,model_assisted_not_ground_truth,0,0,0,0,0,0,0,0,0,0,0
4.12,55.500000000005997,30.000000000002398,29.499999999996405,130.49999999992926,82.500000000008399,134.50000000000361,38,62.000000000007191,16.559999999999999,1356.4699999999973,SSSW,model_assisted_not_ground_truth,0,0,0,0,0,0,0,0,0,0,0
4.13,58.000000000000888,31.000000000003997,28.000000000001332,100.99999999998623,86,135.99999999999912,38,65.000000000004889,16.550000000000008,1353.4700000000064,SSSW,model_assisted_not_ground_truth,0,0,0,0,0,0,0,0,0,0,0
4.14,59.999999999993335,39.999999999996,30.999999999993339,69.999999999982677,85.999999999998664,133.99999999999466,38,75.999999999998664,16.565000000000019,1367.9700000000194,SSSW,model_assisted_not_ground_truth,0,0,0,0,0,0,0,0,0,0,0
4.15,54.999999999995381,37.000000000013856,26.000000000009237,57.000000000039257,85.000000000002316,130.0000000000023,37.999999999997691,75.000000000018474,16.579999999999906,1382.4699999999054,SSSW,model_assisted_not_ground_truth,0,0,0,0,0,0,0,0,0,0,0
4.16,52.999999999998401,43.000000000001599,30.000000000001599,73.999999999979224,85.999999999992013,131.00000000000159,36.999999999998401,82.999999999998408,16.540000000000063,1341.4700000000159,SSSW,model_assisted_not_ground_truth,0,0,0,0,0,0,0,0,0,0,0
4.17,52.499999999999375,43.500000000000625,30.500000000000622,67.499999999991914,83.499999999996888,131.50000000000063,36.499999999999375,82.499999999999375,16.559999999999967,1346.4699999999921,SSSW,model_assisted_not_ground_truth,0,0,0,0,0,0,0,0,0,0,0
4.18,52.000000000000355,43.999999999999645,30.999999999999645,61.000000000004619,81.000000000001776,131.99999999999966,36.000000000000355,82.000000000000355,16.569999999999993,1346.4400000000001,SSSW,model_assisted_not_ground_truth,0,0,0,0,0,0,0,0,0,0,0
4.19,52.99999999999973,40,29.000000000001865,59.999999999998401,79.99999999999973,128.0000000000008,36.00000000000027,99.999999999998934,16.530000000000008,1334.4700000000066,SSSW,model_assisted_not_ground_truth,0,0,0,0,0,0,0,0,0,0,0
4.20,51.999999999998842,40.000000000001158,35.999999999990763,53.999999999995381,79.000000000008086,131,37,96.000000000015007,16.550000000000001,1359.4800000000012,SSSW,model_assisted_not_ground_truth,0,0,0,0,0,0,0,0,0,0,0
4.21,50.999999999993868,40.999999999997954,28.000000000006128,50.000000000032685,85.999999999995907,131.00000000000205,36.999999999997954,109.00000000000409,16.550000000000001,1360.4850000000022,SSSW,model_assisted_not_ground_truth,0,0,0,0,0,0,0,0,0,0,0
4.22,48,40.000000000011724,31.000000000008793,66.000000000002927,84.000000000005869,131.99999999998241,36.000000000002935,111.00000000002052,16.550000000000001,1361.4900000000059,SSSW,model_assisted_not_ground_truth,0,0,0,0,0,0,0,0,0,0,0
4.23,47.99999999998046,44.000000000011724,33.999999999996092,67.000000000003908,86.000000000011724,125.99999999998437,37,117.99999999999609,16.550000000000001,1363.4899999999964,SSSW,model_assisted_not_ground_truth,0,0,0,0,0,0,0,0,0,0,0
4.24,43.000000000004441,46.999999999997335,33.000000000000888,67.999999999999119,88.999999999997328,122.00000000000355,37,117.00000000000088,16.569999999999983,1363.47,SSSW,model_assisted_not_ground_truth,0,0,0,0,0,0,0,0,0,0,0
4.25,52,47,35,68,90,121,37,110,16.559999999999999,1366.48,SSSW,model_assisted_not_ground_truth,0,0,0,0,0,0,0,0,0,0,0
4.26,47.999999999996447,44.499999999997783,32.999999999998224,58.499999999991559,90,116.49999999999601,36.499999999999559,117.50000000000666,16.560000000000016,1369.4800000000098,SSSW,model_assisted_not_ground_truth,0,0,0,0,0,0,0,0,0,0,0
4.27,44.00000000001306,41.99999999999627,31.000000000005596,49.000000000001869,90.000000000003737,111.99999999998134,36.000000000001869,124.99999999999814,16.579999999999988,1380.4799999999823,SSSW,model_assisted_not_ground_truth,0,0,0,0,0,0,0,0,0,0,0
4.28,50.999999999988987,40.000000000005507,34.000000000001378,49.999999999998622,92.000000000006878,101.99999999998485,37,124.00000000002203,16.574999999999999,1370.9700000000009,SSSW,model_assisted_not_ground_truth,0,0,0,0,0,0,0,0,0,0,0
4.29,46.999999999996803,42.000000000001599,34.500000000000398,49.499999999999602,94.500000000002004,96.499999999995609,37,132.00000000000639,16.570000000000011,1361.4600000000194,SSSW,model_assisted_not_ground_truth,0,0,0,0,0,0,0,0,0,0,0
4.30,43.000000000004619,43.999999999997691,34.999999999999424,49.000000000000576,96.999999999997115,91.000000000006352,37,139.99999999999076,16.589999999999975,1372.4599999999873,SSSW,model_assisted_not_ground_truth,0,0,0,0,0,0,0,0,0,0,0
4.31,47.999999999999112,44.999999999999822,35,48.000000000000178,98.999999999999645,91.999999999999829,36.000000000000178,143.99999999999929,16.560000000000002,1387.4999999999973,SSSW,model_assisted_not_ground_truth,0,0,0,0,0,0,0,0,0,0,0
4.32,48.500000000000355,46.000000000000711,35.500000000000355,44.999999999997868,103.00000000000284,83.999999999994316,36,146.50000000000176,16.560000000000006,1400.5100000000007,SSSW,model_assisted_not_ground_truth,0,0,0,0,0,0,0,0,0,0,0
4.33,49.000000000007994,47.000000000001599,35.999999999998401,42.000000000015987,107.00000000000161,75.999999999990408,36,148.99999999999039,16.57,1401.5,SSSW,model_assisted_not_ground_truth,0,0,0,0,0,0,0,0,0,0,0
4.34,53.999999999997513,47.999999999997513,35.000000000004974,52.000000000022382,108.00000000000497,69.999999999992539,36.000000000002487,142.99999999999503,16.56999999999999,1401.5000000000014,SSSW,model_assisted_not_ground_truth,0,0,0,0,0,0,0,0,0,0,0
4.35,52.999999999989605,47.000000000017323,37.000000000003467,61.000000000034639,110.00000000001386,66.999999999989612,37,141,16.564999999999998,1402.0050000000003,SSSW,model_assisted_not_ground_truth,0,0,0,0,0,0,0,0,0,0,0
4.36,50.000000000026112,52.000000000026112,37.999999999995651,71.000000000021757,114.00000000002611,64.000000000004349,37.000000000004349,141.00000000003917,16.560000000000006,1402.5099999999993,SSSW,model_assisted_not_ground_truth,0,0,0,0,0,0,0,0,0,0,0
4.37,55.999999999997335,57.999999999997335,37.000000000000441,75.999999999997783,119.99999999999733,64.999999999999559,37.999999999999559,149.99999999999599,16.569999999999997,1406.5099999999982,SSSW,model_assisted_not_ground_truth,0,0,0,0,0,0,0,0,0,0,0
4.38,58.000000000000888,57.000000000005329,37,83.999999999999105,118.00000000000355,72.000000000002672,38.000000000000888,158.0000000000031,16.560000000000009,1409.52,SSSW,model_assisted_not_ground_truth,0,0,0,0,0,0,0,0,0,0,0
4.39,60.000000000005329,69.00000000001333,37.000000000001336,82.000000000018659,126.00000000001732,78.000000000026645,39.999999999998664,165.00000000002532,16.579999999999984,1409.5100000000014,SSSW,model_assisted_not_ground_truth,0,0,0,0,0,0,0,0,0,0,0
4.40,64.000000000009237,79.000000000011553,38,96.000000000013856,139.00000000001387,98.000000000016172,39.000000000009237,184.00000000004388,16.56999999999999,1410.5200000000011,SSSW,model_assisted_not_ground_truth,0,0,0,0,0,0,0,0,0,0,0
4.41,68.000000000047962,84.000000000047962,38.000000000003197,102.00000000004796,145.0000000000224,105.00000000002238,43.000000000006395,203.00000000006716,16.564999999999998,1411.0200000000002,SSSW,model_assisted_not_ground_truth,0,0,0,0,0,0,0,0,0,0,0
4.42,83.000000000061277,99,38.999999999995914,117.0000000000572,152.00000000003268,112.00000000004086,45.000000000036771,224.00000000006537,16.560000000000006,1411.5199999999991,SSSW,model_assisted_not_ground_truth,0,0,0,0,0,0,0,0,0,0,0
4.43,97.999999999989342,99,38.000000000000711,130.99999999999005,159.99999999999432,121.99999999999289,53.999999999993605,239.99999999998863,16.559999999999999,1409.5200000000013,SSSW,model_assisted_not_ground_truth,0,0,0,0,0,0,0,0,0,0,0
4.44,111.00000000000293,91.000000000002132,40.000000000000533,133.00000000000026,172.00000000000239,130.00000000000213,59.000000000000803,242.00000000000159,16.559999999999992,1408.5200000000002,SSSW,model_assisted_not_ground_truth,0,0,0,0,0,0,0,0,0,0,0
4.45,122.00000000001155,99.000000000019625,42.000000000001158,134.00000000002194,181.0000000000127,138.00000000000807,62.000000000010395,248.00000000001847,16.529999999999735,1409.5300000000277,SSSW,model_assisted_not_ground_truth,0,0,0,0,0,0,0,0,0,0,0
4.46,132.00000000001634,116.00000000002044,43.000000000004086,153.00000000003064,192.00000000004493,145.00000000003473,71.000000000024514,264.0000000000245,16.299999999997834,1433.5900000002068,SSSW,model_assisted_not_ground_truth,0,0,0,0,0,0,0,0,0,0,0
4.47,140.00000000013191,126.00000000004397,45.000000000041034,168.00000000007034,214.00000000010553,162.00000000010257,83.000000000102588,276.00000000007037,15.239999999998549,1534.8800000002086,SSSW,model_assisted_not_ground_truth,0,0,0,0,0,0,0,0,0,0,0
4.48,185.00000000014458,141.00000000008987,59.000000000113332,192.00000000014458,250.00000000008598,197.0000000001524,118.00000000007816,300.00000000007816,14.744999999999472,1606.0100000000759,SSSW,model_assisted_not_ground_truth,0,0,0,0,0,0,0,0,0,0,0
4.49,221.99999999996714,163.99999999997956,87.99999999997425,228.99999999996714,271.99999999998045,235.99999999996535,137.99999999998224,319.99999999998226,14.250000000000439,1677.1399999999369,SSSW,model_assisted_not_ground_truth,0,0,0,0,0,0,0,0,0,0,0
4.50,270,194,103,242,297,258,154,341,13.880000000000001,1779.3199999999999,SSSW,model_assisted_not_ground_truth,0,0,0,0,0,0,0,0,0,0,0
4.51,287.00000000000443,211.00000000000179,114.00000000000445,258.00000000001069,314.0000000000062,281.00000000000978,162.00000000000355,353.99999999999557,13.730000000000027,1912.3499999999617,SSSW,model_assisted_not_ground_truth,0,0,0,0,0,0,0,0,0,0,0
4.52,291.99999999999625,212.99999999999068,119.0000000000112,270,321.00000000000375,292.00000000001495,166,348.9999999999888,13.760000000000206,1869.3700000000279,SSSW,model_assisted_not_ground_truth,0,0,0,0,0,0,0,0,0,0,0
4.53,289.99999999998346,207.99999999998897,124.99999999999449,269.99999999996419,323.00000000000273,300.00000000000551,166.00000000000551,342.99999999998897,13.870000000000081,1884.3600000000274,SSSW,model_assisted_not_ground_truth,0,0,0,0,0,0,0,0,0,0,0
4.54,283.9999999999709,203.99999999998545,123.00000000009103,256.9999999999709,324,302,167.99999999999636,338.99999999999636,13.899999999999938,1894.3899999999796,SSSW,model_assisted_not_ground_truth,0,0,0,0,0,0,0,0,0,0,0
4.55,276.00000000000921,200.0000000000046,147.99999999997112,249.00000000000924,324,302,167.00000000000117,338.00000000000114,13.810000000000105,1908.3699999999837,SSSW,model_assisted_not_ground_truth,0,0,0,0,0,0,0,0,0,0,0
4.56,280.99999999999909,194.00000000000108,125.00000000000409,245.00000000000071,324,302.99999999999983,170.99999999999929,321.00000000000301,13.690000000000023,1926.4199999999967,SSSW,model_assisted_not_ground_truth,0,0,0,0,0,0,0,0,0,0,0
4.57,288.99999999999858,191.00000000000213,128.99999999999574,249.00000000000213,325.00000000000142,303.00000000000142,171.99999999999929,323.00000000000784,13.569999999999922,1944.4700000000221,SSSW,model_assisted_not_ground_truth,0,0,0,0,0,0,0,0,0,0,0
4.58,286.9999999999896,193.99999999999679,122.9999999999952,251.9999999999992,327,304.99999999999841,171.00000000000159,333.99999999999523,13.459999999999873,1975.5200000000225,SSSW,model_assisted_not_ground_truth,0,0,0,0,0,0,0,0,0,0,0
4.59,280.49999999998386,191.99999999999503,119.99999999999254,251.49999999999875,327,303.9999999999975,172.0000000000025,330.99999999999255,13.379999999999951,1989.55000000002,SSSW,model_assisted_not_ground_truth,0,0,0,0,0,0,0,0,0,0,0
4.60,273.99999999988222,189.99999999991687,116.99999999995497,250.99999999997576,326.9999999999792,302.99999999998266,172.99999999998613,327.99999999992724,13.360000000000207,1997.5500000000034,SSSW,model_assisted_not_ground_truth,0,0,0,0,0,0,0,0,0,0,0
4.61,239.99999999998695,165.99999999996083,103.99999999997389,243.99999999997388,320.99999999996521,297.99999999995214,168.99999999998261,306.99999999998261,13.41999999999992,1998.5299999999986,SSSW,model_assisted_not_ground_truth,0,0,0,0,0,0,0,0,0,0,0
4.62,237.00000000000134,157.00000000000401,98.000000000002672,238.00000000000267,313.00000000000352,287.00000000000489,165.00000000000176,303.00000000000176,13.48999999999997,1990.9950000000033,SSSW,model_assisted_not_ground_truth,0,0,0,0,0,0,0,0,0,0,0
4.63,229.99999999999778,148.99999999999201,86.999999999996888,234.99999999999557,310.99999999999113,285.99999999999733,158.00000000000355,303.99999999999733,13.56000000000008,1983.4599999999875,SSSW,model_assisted_not_ground_truth,0,0,0,0,0,0,0,0,0,0,0
4.64,224.99999999999068,130.99999999998667,79.999999999989342,224.99999999998801,291.00000000000131,279.99999999999733,165.99999999999335,297.99999999999466,13.74000000000032,1955.3999999999614,SSSW,model_assisted_not_ground_truth,0,0,0,0,0,0,0,0,0,0,0
4.65,217.99999999997229,120.99999999999307,71.999999999995381,215.99999999996999,291.99999999996999,277.99999999998386,161.00000000000463,294.00000000000233,13.980000000000439,1926.349999999919,SSSW,model_assisted_not_ground_truth,0,0,0,0,0,0,0,0,0,0,0
4.66,205.99999999996481,117.99999999995524,69.99999999997442,202.99999999997121,279,270.99999999998079,162.99999999999679,294.99999999995845,14.170000000000543,1891.3099999999838,SSSW,model_assisted_not_ground_truth,0,0,0,0,0,0,0,0,0,0,0
4.67,194.99999999997141,103.99999999997958,61.999999999985704,193.9999999999857,278.99999999999386,264.99999999998772,162.00000000001225,281.99999999998772,14.339999999999728,1886.2700000000079,SSSW,model_assisted_not_ground_truth,0,0,0,0,0,0,0,0,0,0,0
4.68,187.99999999998508,98.999999999989342,58.499999999992539,190.49999999999255,277.49999999999682,261.99999999999363,165.00000000000639,278.99999999999363,14.539999999999857,1884.2300000000014,SSSW,model_assisted_not_ground_truth,0,0,0,0,0,0,0,0,0,0,0
4.69,180.99999999999147,93.999999999997598,54.999999999998401,186.9999999999952,275.99999999999972,258.99999999999574,168.00000000000134,275.99999999999784,14.630000000000024,1879.6999999999989,SSSW,model_assisted_not_ground_truth,0,0,0,0,0,0,0,0,0,0,0
4.70,148.99999999998846,84.999999999997684,49,168.9999999999873,274.99999999998386,242.9999999999896,173.00000000000117,267.99999999998266,14.720000000000198,1875.1699999999573,SSSW,model_assisted_not_ground_truth,0,0,0,0,0,0,0,0,0,0,0
4.71,138.99999999996936,82.999999999985704,49.000000000002046,157.99999999996732,260.99999999996936,233.99999999999386,173.9999999999857,252.99999999996322,14.89000000000039,1838.1199999999712,SSSW,model_assisted_not_ground_truth,0,0,0,0,0,0,0,0,0,0,0
4.72,123.9999999999912,75.99999999997948,49.999999999994138,141.99999999996777,245.99999999995896,230.99999999998826,167.00000000001174,234.99999999995603,15.080000000000615,1824.069999999947,SSSW,model_assisted_not_ground_truth,0,0,0,0,0,0,0,0,0,0,0
4.73,120.99999999996874,68.999999999929656,47.999999999992184,131.00000000001563,231.99999999988668,226.9999999999531,170.99999999996874,219.99999999993358,15.289999999999626,1806.0100000000321,SSSW,model_assisted_not_ground_truth,0,0,0,0,0,0,0,0,0,0,0
4.74,113.00000000000711,51.000000000015987,46.000000000001776,134.99999999999645,203.00000000002575,215.00000000001066,163.00000000000711,203.00000000001509,15.449999999999857,1798.9500000000064,SSSW,model_assisted_not_ground_truth,0,0,0,0,0,0,0,0,0,0,0
4.75,109,40,48,135,174,213,170,184,15.555,1789.4099999999999,SSSW,model_assisted_not_ground_truth,0,0,0,0,0,0,0,0,0,0,0
4.76,113.00000000000711,36.999999999997335,47,135,178.00000000000267,213,178.00000000000443,179.99999999999289,15.660000000000204,1779.8699999999981,SSSW,model_assisted_not_ground_truth,0,0,0,0,0,0,0,0,0,0,0
4.77,121.0000000000373,33.999999999998131,47,135.00000000000747,180.9999999999944,213,183.00000000001864,171.99999999999812,15.89000000000043,1777.8299999999122,SSSW,model_assisted_not_ground_truth,0,0,0,0,0,0,0,0,0,0,0
4.78,141.00000000002203,33.000000000005507,47.000000000005507,139.00000000001376,177.99999999993943,213.00000000001651,192.99999999998624,170.99999999998624,16.12000000000047,1730.7999999999365,SSSW,model_assisted_not_ground_truth,0,0,0,0,0,0,0,0,0,0,0
4.79,149.00000000004005,35.000000000003638,48.999999999989079,144.0000000000619,155.99999999998545,219.00000000001091,188.00000000005099,165.99999999999272,16.289999999999651,1707.7400000000471,SSSW,model_assisted_not_ground_truth,0,0,0,0,0,0,0,0,0,0,0
4.80,159.9999999999873,35.999999999998849,46.000000000003467,160.99999999998036,152.0000000000046,221.99999999999653,201.99999999998383,164.0000000000023,16.449999999999815,1693.7200000000162,SSSW,model_assisted_not_ground_truth,0,0,0,0,0,0,0,0,0,0,0
4.81,160.99999999999983,36.999999999999822,47.999999999999645,173.9999999999977,154.99999999999946,222.99999999999983,215.9999999999975,159.00000000000088,16.489999999999991,1700.6899999999989,SSSW,model_assisted_not_ground_truth,0,0,0,0,0,0,0,0,0,0,0
4.82,164.00000000000497,36,47,181.00000000000071,164.00000000000142,225,217.00000000000426,157.00000000000426,16.519999999999996,1702.6800000000133,SSSW,model_assisted_not_ground_truth,0,0,0,0,0,0,0,0,0,0,0
4.83,171.00000000003038,36.000000000007994,46.999999999998401,181.9999999999888,166.00000000001438,225.00000000000639,223.00000000000639,163.00000000000639,16.514999999999993,1721.1650000000295,SSSW,model_assisted_not_ground_truth,0,0,0,0,0,0,0,0,0,0,0
4.84,190.00000000001245,41.000000000004974,46,175.00000000000995,175.0000000000224,229.0000000000224,227.00000000002487,167.00000000003732,16.510000000000399,1739.6499999999726,SSSW,model_assisted_not_ground_truth,0,0,0,0,0,0,0,0,0,0,0
4.85,195.00000000004158,43.000000000020783,46,179.00000000004502,184.00000000006582,238.00000000000347,237.00000000004158,182.00000000005542,16.670000000000037,1728.6100000000449,SSSW,model_assisted_not_ground_truth,0,0,0,0,0,0,0,0,0,0,0
4.86,207.00000000006963,49.000000000013053,46.000000000004349,192.00000000001305,203,239.00000000002612,249.00000000002612,198.00000000002177,16.679999999999986,1741.5999999999826,SSSW,model_assisted_not_ground_truth,0,0,0,0,0,0,0,0,0,0,0
4.87,222.99999999999289,51.999999999998664,46.999999999999559,194.99999999999866,203,244.99999999999733,254.99999999999733,202.99999999999778,16.689999999999998,1750.5699999999958,SSSW,model_assisted_not_ground_truth,0,0,0,0,0,0,0,0,0,0,0
4.88,232.00000000000222,56.000000000000888,48.000000000000448,197.00000000000665,213.00000000000489,252.0000000000031,259.00000000000176,210.00000000000622,16.710000000000004,1782.5600000000052,SSSW,model_assisted_not_ground_truth,0,0,0,0,0,0,0,0,0,0,0
4.89,237.00000000001333,58.000000000010658,49,212.00000000001467,224.00000000001066,259.00000000000932,263.00000000000665,224.00000000002532,16.720000000000013,1794.5500000000159,SSSW,model_assisted_not_ground_truth,0,0,0,0,0,0,0,0,0,0,0
4.90,247.00000000004849,66.000000000011553,49.000000000009237,223.00000000002078,232.00000000003695,265.99999999999767,268.00000000000927,243.00000000003695,16.730000000000071,1806.5400000000507,SSSW,model_assisted_not_ground_truth,0,0,0,0,0,0,0,0,0,0,0
4.91,268.000000000032,71.00000000001279,53.000000000003197,232.0000000000224,248.00000000005116,265.00000000002876,272.000000000032,259.00000000004155,16.760000000000129,1828.5200000000125,SSSW,model_assisted_not_ground_truth,0,0,0,0,0,0,0,0,0,0,0
4.92,278.00000000003268,75.000000000032685,54.000000000040856,239.00000000000816,264.00000000004087,274.00000000004496,282.00000000004087,272.00000000006946,16.799999999999937,1832.4499999999937,SSSW,model_assisted_not_ground_truth,0,0,0,0,0,0,0,0,0,0,0
4.93,285.99999999999432,82.999999999994316,63.999999999992895,240.99999999999858,273.99999999999289,284.99999999999216,291.99999999999289,288.99999999998795,16.839999999999971,1867.4399999999753,SSSW,model_assisted_not_ground_truth,0,0,0,0,0,0,0,0,0,0,0
4.94,293.00000000000506,87.000000000002672,71.000000000003467,238.00000000000372,280.00000000000398,296.00000000000108,310.00000000000347,305.00000000000455,16.980000000000015,1907.3800000000081,SSSW,model_assisted_not_ground_truth,0,0,0,0,0,0,0,0,0,0,0
4.95,312.00000000001847,97.000000000012705,84.000000000009237,252.00000000001387,295.00000000001734,300.00000000000693,323.00000000000347,322.00000000001501,17.030000000000012,1937.3700000000081,SSSW,model_assisted_not_ground_truth,0,0,0,0,0,0,0,0,0,0,0
4.96,328.00000000003268,108.00000000001226,92.000000000020435,264.00000000001836,310.00000000002041,306.00000000001228,326.00000000000614,335.00000000001637,17.04000000000002,1944.3700000000142,SSSW,model_assisted_not_ground_truth,0,0,0,0,0,0,0,0,0,0,0
4.97,343.99999999998829,114.0000000000088,102.00000000001172,273.00000000002638,320.00000000001756,312.00000000003809,329.00000000001467,343.00000000002933,17.050000000000146,1951.3699999999969,SSSW,model_assisted_not_ground_truth,0,0,0,0,0,0,0,0,0,0,0
4.98,340.00000000001171,117.00000000001172,106.00000000001563,282.00000000001563,326.00000000002342,325.00000000002734,334.00000000003519,353.00000000002342,17.099999999999913,1950.3500000000017,SSSW,model_assisted_not_ground_truth,0,0,0,0,0,0,0,0,0,0,0
4.99,342.99999999999733,119.99999999999733,109.99999999999645,285.99999999999648,331.99999999999466,331.9999999999938,342.99999999999199,358.99999999999466,17.149999999999956,1974.3499999999785,SSSW,model_assisted_not_ground_truth,0,0,0,0,0,0,0,0,0,0,0
5.00,358,123,112,289,340,334,347,362,17.219999999999999,1969.3499999999999,SSSW,model_assisted_not_ground_truth,0,0,0,0,0,0,0,0,0,0,0
5.01,363.00000000000091,127.00000000000355,114.0000000000009,301.00000000000711,347.00000000000534,336.00000000000267,352.00000000000267,373.00000000000443,17.250000000000028,1976.3400000000008,SSSW,model_assisted_not_ground_truth,0,0,0,0,0,0,0,0,0,0,0
5.02,363.99999999999812,131.00000000000188,114.99999999999254,308.99999999999812,353.00000000000745,339.00000000000375,355.00000000000375,378.00000000000557,17.28000000000003,1977.3400000000065,SSSW,model_assisted_not_ground_truth,0,0,0,0,0,0,0,0,0,0,0
5.03,363.00000000000824,131.99999999999724,110.99999999996696,308.00000000000824,357.00000000000824,341,357.00000000000551,381.00000000001654,17.294999999999998,1980.8399999999997,SSSW,model_assisted_not_ground_truth,0,0,0,0,0,0,0,0,0,0,0
5.04,365.99999999999272,130.99999999996723,98.999999999941735,310.99999999998181,360.00000000000728,340.99999999999636,358.99999999999636,386.99999999999636,17.309999999999967,1984.3399999999929,SSSW,model_assisted_not_ground_truth,0,0,0,0,0,0,0,0,0,0,0
5.05,364.00000000000233,122.00000000001039,83.000000000018474,306.0000000000058,361.99999999999767,340.00000000000114,358.00000000000114,386.00000000000114,17.329999999999977,1994.3399999999883,SSSW,model_assisted_not_ground_truth,0,0,0,0,0,0,0,0,0,0,0
5.06,358.00000000000108,114.00000000000142,56.000000000004796,294.00000000000216,362,331.00000000000159,356.00000000000034,389.99999999999932,17.339999999999996,1981.3300000000022,SSSW,model_assisted_not_ground_truth,0,0,0,0,0,0,0,0,0,0,0
5.07,351.4999999999954,110.49999999999751,50.999999999996447,293.49999999999966,357.49999999999682,326.99999999999716,353.49999999999824,387.99999999999858,17.339999999999993,1966.3299999999701,SSSW,model_assisted_not_ground_truth,0,0,0,0,0,0,0,0,0,0,0
5.08,344.99999999996641,106.99999999997921,45.999999999996803,292.99999999997601,352.99999999997601,322.99999999997124,350.99999999998244,385.9999999999776,17.329999999999934,1924.3299999999695,SSSW,model_assisted_not_ground_truth,0,0,0,0,0,0,0,0,0,0,0
5.09,323.99999999995771,93.999999999972644,43.999999999997513,277.99999999994526,337.99999999996515,304.99999999993531,339.99999999994282,371.99999999995026,17.289999999999939,1905.3299999999651,SSSW,model_assisted_not_ground_truth,0,0,0,0,0,0,0,0,0,0,0
5.10,306.99999999987529,83.000000000006935,42.999999999989605,255.99999999994111,323.99999999991343,278.99999999991684,316.99999999984414,351.99999999987875,17.264999999999983,1891.3299999999913,SSSW,model_assisted_not_ground_truth,0,0,0,0,0,0,0,0,0,0,0
5.11,270.99999999986073,84.99999999990861,39.999999999986947,238.9999999998825,298.99999999986511,254.9999999999086,271.99999999986943,316.99999999982157,17.24000000000003,1877.3300000000186,SSSW,model_assisted_not_ground_truth,0,0,0,0,0,0,0,0,0,0,0
5.12,239.00000000001421,64.000000000009322,37.000000000001336,212.00000000001199,268.00000000001376,234.00000000000932,242.00000000001333,276.00000000001819,17.150000000000038,1811.3300000000293,SSSW,model_assisted_not_ground_truth,0,0,0,0,0,0,0,0,0,0,0
5.13,202.99999999998579,56.999999999995111,35.000000000000888,187.99999999998846,241.99999999998312,217.99999999998846,206.99999999998846,252.99999999999156,17.019999999999985,1714.3299999999733,SSSW,model_assisted_not_ground_truth,0,0,0,0,0,0,0,0,0,0,0
5.14,170.99999999997468,45.999999999993335,36.999999999989342,161.999999999984,203.99999999994805,191.99999999996004,180.99999999996004,233.99999999997203,16.989999999999931,1654.3199999999147,SSSW,model_assisted_not_ground_truth,0,0,0,0,0,0,0,0,0,0,0
5.15,151.99999999993764,40.999999999988454,29.000000000013856,149.99999999993304,164.99999999997459,161.99999999997229,150.9999999999238,212.99999999995151,16.93999999999992,1590.3199999999272,SSSW,model_assisted_not_ground_truth,0,0,0,0,0,0,0,0,0,0,0
5.16,124.99999999990727,35.999999999964828,35.000000000003197,120.99999999996163,153.99999999992326,149.99999999998082,117.99999999995843,191.999999999984,16.904999999999987,1558.8299999999888,SSSW,model_assisted_not_ground_truth,0,0,0,0,0,0,0,0,0,0,0
5.17,96.00000000001225,24.999999999987743,36.000000000004086,108.99999999993055,129.99999999996322,143.99999999997956,104.99999999995914,186.9999999999755,16.870000000000058,1527.3400000000502,SSSW,model_assisted_not_ground_truth,0,0,0,0,0,0,0,0,0,0,0
5.18,98.999999999997868,22.000000000002132,36.999999999999289,92.000000000012079,121.00000000000639,139.00000000000355,95.000000000007105,181.00000000000426,16.770000000000071,1473.3800000000385,SSSW,model_assisted_not_ground_truth,0,0,0,0,0,0,0,0,0,0,0
5.19,106.00000000000161,9.0000000000013323,36.00000000000027,74.999999999997073,111.99999999999946,142.99999999999946,89.999999999998934,168.00000000000213,16.639999999999993,1395.4299999999942,SSSW,model_assisted_not_ground_truth,0,0,0,0,0,0,0,0,0,0,0
5.20,112.00000000000462,13.99999999998499,37.000000000002309,63.999999999991914,109.99999999998614,140.9999999999977,85.999999999990763,176.00000000000347,16.609999999999975,1373.4299999999757,SSSW,model_assisted_not_ground_truth,0,0,0,0,0,0,0,0,0,0,0
5.21,116.00000000002247,1.0000000000020428,39.000000000002046,56.999999999993868,98.000000000004093,139.00000000000409,77.999999999995907,178.99999999999386,16.589999999999957,1352.429999999996,SSSW,model_assisted_not_ground_truth,0,0,0,0,0,0,0,0,0,0,0
5.22,126.99999999998828,2,39.999999999973618,53.999999999967756,99.99999999994138,140.99999999998826,75.999999999958959,175.99999999999707,16.570000000000014,1350.430000000003,SSSW,model_assisted_not_ground_truth,0,0,0,0,0,0,0,0,0,0,0
5.23,122.99999999994138,2.000000000003908,31.000000000031264,43.000000000015632,79.999999999996092,136.99999999998047,61.999999999976552,174.99999999994921,16.575000000000003,1351.4350000000011,SSSW,model_assisted_not_ground_truth,0,0,0,0,0,0,0,0,0,0,0
5.24,108.00000000001333,2.9999999999991118,38.999999999992895,46.999999999996447,79.000000000000881,132.00000000000443,56.000000000005329,162.00000000001154,16.579999999999995,1352.4399999999991,SSSW,model_assisted_not_ground_truth,0,0,0,0,0,0,0,0,0,0,0
5.25,93,2,38,38,79,119,53,143,16.559999999999999,1350.4400000000001,SSSW,model_assisted_not_ground_truth,0,0,0,0,0,0,0,0,0,0,0
5.26,73.999999999985789,3.9999999999991118,39.000000000000888,39.000000000000888,72,123.0000000000009,40.999999999999112,119.99999999997601,16.569999999999972,1350.4299999999921,SSSW,model_assisted_not_ground_truth,0,0,0,0,0,0,0,0,0,0,0
5.27,57.999999999988809,3,40.000000000001869,40.00000000000373,71.999999999994401,123.99999999999254,39.999999999998131,92.999999999962697,16.540000000000017,1341.4500000000094,SSSW,model_assisted_not_ground_truth,0,0,0,0,0,0,0,0,0,0,0
5.28,51.999999999997243,3.0000000000275335,40.999999999997243,42,68.999999999997243,119.99999999999449,38.999999999997243,72.999999999911893,16.550000000000001,1346.4500000000112,SSSW,model_assisted_not_ground_truth,0,0,0,0,0,0,0,0,0,0,0
5.29,51,13.000000000010925,39.999999999992717,42.000000000014566,68,118.0000000000182,38.000000000003638,40.999999999981796,16.550000000000001,1350.4599999999919,SSSW,model_assisted_not_ground_truth,0,0,0,0,0,0,0,0,0,0,0
5.30,51,15.999999999996536,38.000000000002309,45.999999999995381,68,122.99999999999423,38.999999999998849,36.00000000000577,16.550000000000001,1341.9500000000098,SSSW,model_assisted_not_ground_truth,0,0,0,0,0,0,0,0,0,0,0
5.31,51.999999999999822,11.000000000000888,40.999999999999467,46,69.999999999999645,125.99999999999946,39,35.000000000000178,16.550000000000001,1333.4400000000016,SSSW,model_assisted_not_ground_truth,0,0,0,0,0,0,0,0,0,0,0
5.32,44.000000000007816,19,33.999999999997158,43.000000000007105,73.000000000002132,123.00000000000071,39,34,16.530000000000008,1332.4500000000057,SSSW,model_assisted_not_ground_truth,0,0,0,0,0,0,0,0,0,0,0
5.33,54.999999999993605,18.999999999996803,30.000000000003197,53.000000000014388,75.999999999996803,124.0000000000032,39,34.000000000003197,16.539999999999999,1340.450000000008,SSSW,model_assisted_not_ground_truth,0,0,0,0,0,0,0,0,0,0,0
5.34,51,17.000000000014921,32.000000000004974,61.999999999990052,73.999999999997513,126.00000000000497,39,35.999999999997513,16.539999999999999,1345.460000000005,SSSW,model_assisted_not_ground_truth,0,0,0,0,0,0,0,0,0,0,0
5.35,51.000000000006928,23.000000000017319,33.999999999993072,58.000000000013856,72.999999999975756,128.00000000000347,38.999999999996533,35.000000000003467,16.539999999999964,1347.46,SSSW,model_assisted_not_ground_truth,0,0,0,0,0,0,0,0,0,0,0
5.36,52.999999999991296,28.000000000026112,31.999999999991296,62,66,128.99999999999565,38,36.000000000034817,16.530000000000015,1347.47,SSSW,model_assisted_not_ground_truth,0,0,0,0,0,0,0,0,0,0,0
5.37,51.000000000000888,33.999999999997335,30.000000000000888,62,66,128.00000000000045,38,43.999999999996447,16.539999999999996,1350.4699999999987,SSSW,model_assisted_not_ground_truth,0,0,0,0,0,0,0,0,0,0,0
5.38,50.999999999997776,40,31.000000000000444,65.000000000002217,65.000000000001336,127.0000000000009,36.000000000000448,46.000000000001336,16.529999999999994,1331.9549999999917,SSSW,model_assisted_not_ground_truth,0,0,0,0,0,0,0,0,0,0,0
5.39,45.999999999992006,39.999999999992006,32.000000000005329,69.999999999969361,68.000000000008001,128.99999999999733,37.000000000001336,49.000000000015987,16.520000000000028,1313.440000000036,SSSW,model_assisted_not_ground_truth,0,0,0,0,0,0,0,0,0,0,0
5.40,39.999999999997691,34.000000000006928,35.999999999990763,47.000000000016165,74.000000000011553,127.00000000000232,37.999999999997691,60.999999999990763,16.540000000000045,1340.4500000000346,SSSW,model_assisted_not_ground_truth,0,0,0,0,0,0,0,0,0,0,0
5.41,39.000000000041567,37.000000000009592,32.000000000003197,53.99999999998721,78.999999999996803,128,37,57.000000000041567,16.559999999999999,1355.45,SSSW,model_assisted_not_ground_truth,0,0,0,0,0,0,0,0,0,0,0
5.42,52.000000000004086,39.999999999991829,33.000000000012257,50,78.000000000016342,128.0000000000245,37,70.000000000044935,16.559999999999999,1355.45,SSSW,model_assisted_not_ground_truth,0,0,0,0,0,0,0,0,0,0,0
5.43,52.999999999999289,38.000000000001421,35.999999999997868,50,81.999999999997158,133.99999999999574,37,80.999999999992184,16.550000000000008,1357.4599999999987,SSSW,model_assisted_not_ground_truth,0,0,0,0,0,0,0,0,0,0,0
5.44,52.999999999999467,37.000000000002402,35.000000000000533,48,88.000000000001336,132.00000000000026,36.000000000000533,88.000000000001862,16.550000000000001,1357.46,SSSW,model_assisted_not_ground_truth,0,0,0,0,0,0,0,0,0,0,0
5.45,50.999999999995381,45.999999999996533,37,48,93,132.99999999999883,38,95.000000000008086,16.550000000000011,1357.4600000000023,SSSW,model_assisted_not_ground_truth,0,0,0,0,0,0,0,0,0,0,0
5.46,47.000000000006132,43.000000000002046,37,48.000000000002046,93.000000000010218,132,38,102.00000000001839,16.559999999999999,1359.459999999998,SSSW,model_assisted_not_ground_truth,0,0,0,0,0,0,0,0,0,0,0
5.47,50.000000000005862,44.000000000014658,36.999999999997065,49.000000000032244,98.000000000011724,131.99999999995018,37.999999999997065,110.99999999999707,16.559999999999942,1358.4599999998622,SSSW,model_assisted_not_ground_truth,0,0,0,0,0,0,0,0,0,0,0
5.48,51.99999999998046,48.999999999992184,35.999999999988276,59.999999999996092,102.00000000000391,114.99999999994529,36.999999999996092,110.00000000001563,16.540000000000035,1311.4300000000835,SSSW,model_assisted_not_ground_truth,0,0,0,0,0,0,0,0,0,0,0
5.49,47.000000000004441,47.000000000001776,33.000000000002665,59.000000000000888,102.99999999999912,101.00000000001243,36.000000000000888,113.99999999999645,16.539999999999999,1328.439999999985,SSSW,model_assisted_not_ground_truth,0,0,0,0,0,0,0,0,0,0,0
5.50,42,46,33,60,106,91,37,116,16.550000000000001,1340.4400000000001,SSSW,model_assisted_not_ground_truth,0,0,0,0,0,0,0,0,0,0,0
5.51,42,44.999999999995559,33.000000000002665,57.000000000000888,105.9999999999991,81.999999999995552,36,120.0000000000009,16.555000000000003,1341.440000000001,SSSW,model_assisted_not_ground_truth,0,0,0,0,0,0,0,0,0,0,0
5.52,42.000000000001869,39.99999999999627,36,58,105,76.999999999996263,36,121.00000000001306,16.559999999999981,1342.4400000000767,SSSW,model_assisted_not_ground_truth,0,0,0,0,0,0,0,0,0,0,0
5.53,43,38.000000000008264,36.000000000005507,57.999999999997243,105.00000000000276,75.000000000005514,36,128.00000000000827,16.550000000000029,1383.4900000000166,SSSW,model_assisted_not_ground_truth,0,0,0,0,0,0,0,0,0,0,0
5.54,42.999999999996362,40.999999999996362,37.999999999996362,57.000000000036415,106.00000000003641,77,36.000000000003638,131.00000000003277,16.559999999999977,1389.4899999999877,SSSW,model_assisted_not_ground_truth,0,0,0,0,0,0,0,0,0,0,0
5.55,42.000000000001151,40.000000000001151,37.000000000001151,66.999999999988461,115.99999999998846,77,36.999999999998849,139.9999999999896,16.559999999999999,1392.4899999999966,SSSW,model_assisted_not_ground_truth,0,0,0,0,0,0,0,0,0,0,0
5.56,52.999999999998046,50.999999999998046,36.000000000000178,82.999999999997158,125.99999999999822,85.999999999998408,38.999999999999645,146.99999999999875,16.559999999999999,1397.4999999999991,SSSW,model_assisted_not_ground_truth,0,0,0,0,0,0,0,0,0,0,0
5.57,64.000000000006395,57.000000000004263,36.000000000002132,101.00000000001066,136.00000000000782,93.000000000009948,39.000000000002842,152.00000000001918,16.570000000000004,1406.5000000000014,SSSW,model_assisted_not_ground_truth,0,0,0,0,0,0,0,0,0,0,0
5.58,73.000000000008001,63.000000000047962,39.000000000004796,116.00000000003837,147.0000000000224,107.00000000002238,43.00000000001279,179.00000000004636,16.575000000000006,1408.5000000000032,SSSW,model_assisted_not_ground_truth,0,0,0,0,0,0,0,0,0,0,0
5.59,78.000000000022382,93.000000000017408,41.999999999995026,140.00000000001492,161.00000000004727,121.00000000002238,51.000000000022382,208.00000000007461,16.579999999999998,1410.4999999999975,SSSW,model_assisted_not_ground_truth,0,0,0,0,0,0,0,0,0,0,0
5.60,87.000000000034646,100.00000000003118,40.000000000010395,146.00000000003811,180.00000000005195,130.00000000003465,60.000000000031179,238.00000000005542,16.579999999999998,1409.4900000000034,SSSW,model_assisted_not_ground_truth,0,0,0,0,0,0,0,0,0,0,0
5.61,97.00000000010445,109.00000000002611,43.000000000004349,157.00000000003482,195.00000000004786,140.00000000006094,69.000000000030468,254.00000000005659,16.579999999999998,1410.4999999999986,SSSW,model_assisted_not_ground_truth,0,0,0,0,0,0,0,0,0,0,0
5.62,120.99999999998934,114.99999999999733,43.999999999999559,164.99999999999645,205.99999999999511,153.99999999999378,75.999999999996888,266.9999999999942,16.560000000000009,1408.5200000000009,SSSW,model_assisted_not_ground_truth,0,0,0,0,0,0,0,0,0,0,0
5.63,134.00000000001245,127.00000000000577,45.000000000003553,179.00000000000577,225.0000000000102,166.00000000001643,86.000000000008441,283.0000000000062,16.479999999999595,1403.5700000000274,SSSW,model_assisted_not_ground_truth,0,0,0,0,0,0,0,0,0,0,0
5.64,162.00000000004664,140.00000000001998,53.000000000025317,192.00000000000932,248.00000000003197,203.00000000003598,105.00000000004263,297.00000000002001,15.569999999998862,1465.7500000001216,SSSW,model_assisted_not_ground_truth,0,0,0,0,0,0,0,0,0,0,0
5.65,197.00000000010624,155.00000000005542,72.000000000057739,199.00000000005312,272.00000000005542,230.00000000006236,137.00000000005082,312.00000000003462,14.714999999998025,1556.9750000002107,SSSW,model_assisted_not_ground_truth,0,0,0,0,0,0,0,0,0,0,0
5.66,243.00000000011832,179.00000000007356,97.000000000047962,222.00000000006077,296.00000000003519,257.00000000010232,159.00000000003837,327.00000000007674,13.859999999996866,1648.200000000407,SSSW,model_assisted_not_ground_truth,0,0,0,0,0,0,0,0,0,0,0
5.67,280.00000000005309,202.0000000000245,112.00000000002042,241.00000000005312,307.00000000006537,289.00000000005718,171.00000000003268,351.000000000049,12.880000000001568,1775.5199999997965,SSSW,model_assisted_not_ground_truth,0,0,0,0,0,0,0,0,0,0,0
5.68,292.99999999999079,207.99999999999574,116.99999999999645,253.99999999999076,322.99999999998863,302.99999999999005,178.99999999999432,362.99999999999147,12.570000000000221,1846.6399999999496,SSSW,model_assisted_not_ground_truth,0,0,0,0,0,0,0,0,0,0,0
5.69,295.99999999999972,210.00000000000026,123.00000000000107,254.9999999999996,324.0000000000004,308.00000000000051,174.00000000000065,365.00000000000108,12.550000000000042,1939.7100000000207,SSSW,model_assisted_not_ground_truth,0,0,0,0,0,0,0,0,0,0,0
5.70,294.99999999999886,211.00000000000117,127.00000000000462,253.49999999999827,325.50000000000171,310.00000000000233,176.5000000000029,369.0000000000046,12.700000000000104,2017.7199999999805,SSSW,model_assisted_not_ground_truth,0,0,0,0,0,0,0,0,0,0,0
5.71,294.00000000001023,212,131.00000000002453,251.9999999999898,327.00000000000205,312.00000000000819,179,372.99999999999591,12.790000000000163,2000.6900000000082,SSSW,model_assisted_not_ground_truth,0,0,0,0,0,0,0,0,0,0,0
5.72,299,212,142.99999999997362,247.00000000000878,328,316.00000000000585,179.00000000001759,370.99999999995896,12.870000000000006,2004.6550000000004,SSSW,model_assisted_not_ground_truth,0,0,0,0,0,0,0,0,0,0,0
5.73,298.99999999999221,211.99999999998047,133.99999999997655,250.00000000000389,327.99999999999221,317.99999999999221,184.99999999997266,356.99999999996874,12.949999999999857,2008.6199999999928,SSSW,model_assisted_not_ground_truth,0,0,0,0,0,0,0,0,0,0,0
5.74,297.00000000000176,207.00000000000443,128.00000000000534,250.99999999999912,326.00000000000176,316.00000000000176,178.00000000000622,349.00000000000711,12.989999999999965,2031.6299999999796,SSSW,model_assisted_not_ground_truth,0,0,0,0,0,0,0,0,0,0,0
5.75,300,198,130,245,328,315,181,342,13.01,2049.6399999999999,SSSW,model_assisted_not_ground_truth,0,0,0,0,0,0,0,0,0,0,0
5.76,296.99999999999733,198.99999999999645,128.99999999999557,244.99999999999821,328.00000000000091,315.00000000000176,181.99999999999821,339.00000000000091,13.040000000000141,2043.6200000000204,SSSW,model_assisted_not_ground_truth,0,0,0,0,0,0,0,0,0,0,0
5.77,293.99999999996641,194.99999999998136,123.99999999999254,242.99999999999068,328.99999999999812,316.99999999998136,180.00000000000372,339.9999999999776,13.200000000000195,2066.5800000000072,SSSW,model_assisted_not_ground_truth,0,0,0,0,0,0,0,0,0,0,0
5.78,275.99999999997249,184.99999999997246,119.99999999997246,237.99999999998897,327.99999999998624,306.99999999996697,181.99999999998624,327.9999999999697,13.304999999999991,2070.5449999999996,SSSW,model_assisted_not_ground_truth,0,0,0,0,0,0,0,0,0,0,0
5.79,265.99999999994174,174.99999999995632,109.99999999996359,233.99999999998178,322.99999999996356,294.99999999999272,176.99999999997814,316.99999999995629,13.409999999999785,2074.509999999992,SSSW,model_assisted_not_ground_truth,0,0,0,0,0,0,0,0,0,0,0
5.80,250.00000000001847,163.00000000001387,100.00000000001154,229.00000000000577,313.00000000001154,293.00000000000233,171.00000000000693,305.00000000001387,13.6699999999997,2056.4500000000207,SSSW,model_assisted_not_ground_truth,0,0,0,0,0,0,0,0,0,0,0
5.81,245.00000000000088,146.00000000000301,89.000000000001961,215.0000000000025,297.00000000000284,286.00000000000125,172.99999999999966,296.00000000000159,13.979999999999945,2001.3600000000097,SSSW,model_assisted_not_ground_truth,0,0,0,0,0,0,0,0,0,0,0
5.82,230.99999999999076,129.99999999999076,75.999999999996447,214.9999999999865,291.99999999999216,280.99999999999642,168.99999999999929,289.99999999999716,14.260000000000277,1947.2799999999843,SSSW,model_assisted_not_ground_truth,0,0,0,0,0,0,0,0,0,0,0
5.83,217.99999999997442,116.99999999997442,70.999999999988802,195.9999999999776,281.00000000001279,275.9999999999888,168.00000000000799,285.9999999999888,14.650000000000512,1925.1899999999455,SSSW,model_assisted_not_ground_truth,0,0,0,0,0,0,0,0,0,0,0
5.84,201.99999999997513,100.99999999997762,63.999999999982592,182.00000000004229,288.9999999999776,268.99999999998755,173.00000000001742,278.99999999998505,14.970000000000349,1891.1099999999624,SSSW,model_assisted_not_ground_truth,0,0,0,0,0,0,0,0,0,0,0
5.85,191.99999999995151,91.999999999968821,56.999999999986144,198.99999999992727,279.99999999997226,263.99999999996538,180.00000000000693,272.99999999993418,15.110000000000088,1876.0649999999905,SSSW,model_assisted_not_ground_truth,0,0,0,0,0,0,0,0,0,0,0
5.86,177.99999999996953,83.000000000004349,52.999999999986947,177.99999999993037,271.99999999993906,253.99999999996953,181.99999999998261,253.99999999995649,15.249999999999813,1861.02000000002,SSSW,model_assisted_not_ground_truth,0,0,0,0,0,0,0,0,0,0,0
5.87,171.0000000000031,83.999999999999559,50.000000000001336,162.00000000000711,258.0000000000062,247.0000000000031,178.00000000000176,244.00000000000443,15.479999999999897,1838.9400000000098,SSSW,model_assisted_not_ground_truth,0,0,0,0,0,0,0,0,0,0,0
5.88,155.99999999999466,77.999999999998224,48.999999999999552,153.99999999999955,246.99999999999557,239.99999999999599,176.99999999999955,233.99999999998846,15.750000000000178,1800.8499999999763,SSSW,model_assisted_not_ground_truth,0,0,0,0,0,0,0,0,0,0,0
5.89,143.99999999999201,73.999999999973355,47.999999999998664,152.99999999999068,236.99999999997334,230.99999999999466,176.00000000000799,207.99999999996803,16.150000000000198,1747.7899999999813,SSSW,model_assisted_not_ground_truth,0,0,0,0,0,0,0,0,0,0,0
5.90,137.99999999999537,53.999999999988454,46.999999999997691,145.99999999999307,216.99999999995381,226.99999999997459,181.99999999999537,183.99999999995842,16.30000000000021,1733.7299999999814,SSSW,model_assisted_not_ground_truth,0,0,0,0,0,0,0,0,0,0,0
5.91,136.00000000001918,48.99999999997442,45.999999999996803,143,196.99999999993284,215.999999999984,180.00000000000321,165.99999999998721,16.390000000000175,1725.6999999999441,SSSW,model_assisted_not_ground_truth,0,0,0,0,0,0,0,0,0,0,0
5.92,142.00000000004084,40.999999999979572,45.000000000004086,142.99999999999591,176.00000000001634,211.00000000000816,181.00000000000816,161.99999999996732,16.445000000000068,1708.1899999999782,SSSW,model_assisted_not_ground_truth,0,0,0,0,0,0,0,0,0,0,0
5.93,151.99999999999289,36.000000000003553,45.999999999999289,142.00000000000071,179.99999999999716,212.99999999999858,182.99999999999858,154.00000000000568,16.499999999999961,1690.6800000000126,SSSW,model_assisted_not_ground_truth,0,0,0,0,0,0,0,0,0,0,0
5.94,155.00000000000054,45.999999999999197,45.00000000000027,142.00000000000188,177.0000000000008,214.00000000000134,187.99999999999841,140.00000000000108,16.660000000000007,1681.6600000000014,SSSW,model_assisted_not_ground_truth,0,0,0,0,0,0,0,0,0,0,0
5.95,157.00000000000693,42.999999999991914,46.000000000001158,149.00000000001617,179.99999999998613,218.99999999999423,182.00000000000577,144.00000000000924,16.680000000000046,1686.6500000000046,SSSW,model_assisted_not_ground_truth,0,0,0,0,0,0,0,0,0,0,0
5.96,163.00000000001225,35.999999999997954,47,162.99999999999386,167.99999999999386,214.00000000000409,187.00000000002044,152.00000000001839,16.720000000000041,1690.6000000000101,SSSW,model_assisted_not_ground_truth,0,0,0,0,0,0,0,0,0,0,0
5.97,169,34.999999999994138,46.999999999994138,160.00000000002345,164.99999999999415,216.0000000000293,197.00000000000585,160.99999999999415,16.739999999999998,1695.5899999999765,SSSW,model_assisted_not_ground_truth,0,0,0,0,0,0,0,0,0,0,0
5.98,169.00000000005079,33.000000000011724,45.000000000003908,168.00000000001953,163.00000000000389,226.00000000001171,199.00000000003126,159.00000000002734,16.739999999999998,1687.5800000000143,SSSW,model_assisted_not_ground_truth,0,0,0,0,0,0,0,0,0,0,0
5.99,181.99999999998846,35.999999999997335,45.999999999999112,172.99999999999557,163.99999999999912,228.99999999999733,206.99999999999289,165.99999999999378,16.759999999999984,1691.5599999999963,SSSW,model_assisted_not_ground_truth,0,0,0,0,0,0,0,0,0,0,0
6.00,198,40,46,172,174,229,223,174,16.780000000000001,1695.54,SSSW,model_assisted_not_ground_truth,0,0,0,0,0,0,0,0,0,0,0
6.01,209.00000000001333,47,45.000000000000888,172.00000000000355,184.00000000000355,232.00000000000267,231.00000000000267,182.00000000001245,16.810000000000027,1706.5100000000079,SSSW,model_assisted_not_ground_truth,0,0,0,0,0,0,0,0,0,0,0
6.02,223.99999999999253,47,45.999999999998131,176.00000000000372,188.00000000001492,235.00000000000932,233.9999999999944,196.00000000001492,16.840000000000039,1715.4900000000187,SSSW,model_assisted_not_ground_truth,0,0,0,0,0,0,0,0,0,0,0
6.03,220.00000000003442,47,45,178.00000000001927,196.00000000003578,240.00000000002754,231.00000000001376,204.00000000003442,16.860000000000028,1725.4800000000469,SSSW,model_assisted_not_ground_truth,0,0,0,0,0,0,0,0,0,0,0
6.04,232.50000000001,47,45,185.0000000000056,209.0000000000104,250.00000000000799,236.00000000000401,216.50000000001,16.86999999999998,1742.4699999999652,SSSW,model_assisted_not_ground_truth,0,0,0,0,0,0,0,0,0,0,0
6.05,244.99999999998556,47,45,191.99999999999193,221.99999999998499,259.99999999998846,240.99999999999423,228.99999999998556,16.879999999999988,1752.4599999999884,SSSW,model_assisted_not_ground_truth,0,0,0,0,0,0,0,0,0,0,0
6.06,248.99999999999929,56.999999999998224,45.999999999999822,197.99999999999892,232.99999999999804,265.99999999999892,246.99999999999892,235.99999999999875,16.889999999999997,1763.9549999999981,SSSW,model_assisted_not_ground_truth,0,0,0,0,0,0,0,0,0,0,0
6.07,259.00000000000711,60.500000000002487,46.500000000000355,202.50000000000318,241.00000000000568,271.00000000000352,256.50000000000676,250.50000000001029,16.900000000000013,1775.4500000000214,SSSW,model_assisted_not_ground_truth,0,0,0,0,0,0,0,0,0,0,0
6.08,269.0000000000104,64.000000000006395,47.000000000004796,207.00000000001998,249.00000000002959,276.0000000000104,266.00000000001438,265.00000000002319,16.920000000000034,1805.4400000000273,SSSW,model_assisted_not_ground_truth,0,0,0,0,0,0,0,0,0,0,0
6.09,275.50000000001614,68.000000000009948,50.000000000007461,219.50000000003109,267.50000000004599,282.50000000001614,275.0000000000224,279.50000000003604,16.940000000000026,1822.4400000000398,SSSW,model_assisted_not_ground_truth,0,0,0,0,0,0,0,0,0,0,0
6.10,282.00000000003291,72.000000000019057,53.000000000025977,232.00000000003291,286.00000000002598,289.0000000000104,284.00000000005025,294.00000000003462,16.949999999999999,1838.4300000000417,SSSW,model_assisted_not_ground_truth,0,0,0,0,0,0,0,0,0,0,0
6.11,291.50000000001432,77.500000000008299,60.500000000011326,241.50000000001435,293.50000000001131,292.00000000000455,298.50000000002188,304.00000000001512,16.949999999999999,1850.4499999999841,SSSW,model_assisted_not_ground_truth,0,0,0,0,0,0,0,0,0,0,0
6.12,300.99999999999579,82.999999999997556,67.999999999996675,250.99999999999579,300.99999999999665,294.99999999999869,312.99999999999358,313.99999999999557,16.989999999999981,1881.4199999999864,SSSW,model_assisted_not_ground_truth,0,0,0,0,0,0,0,0,0,0,0
6.13,326.00000000000114,87.000000000002004,81.000000000000895,267.00000000000131,315.0000000000029,315.99999999999977,324.00000000000091,348.00000000000222,17.005000000000006,1891.4100000000046,SSSW,model_assisted_not_ground_truth,0,0,0,0,0,0,0,0,0,0,0
6.14,328.50000000000352,91.500000000006395,83.000000000002842,270.00000000000426,321.50000000000921,315.49999999999932,326.00000000000284,353.00000000000711,17.020000000000014,1901.4000000000044,SSSW,model_assisted_not_ground_truth,0,0,0,0,0,0,0,0,0,0,0
6.15,331.00000000001154,96,85.00000000002079,273.00000000001614,328.00000000001154,315.00000000001847,328.00000000001387,358.00000000001154,17.030000000000072,1904.3900000000531,SSSW,model_assisted_not_ground_truth,0,0,0,0,0,0,0,0,0,0,0
6.16,336.00000000000961,96.00000000002558,94,280.0000000000208,333.0000000000208,323.00000000000801,334.00000000000637,363.00000000001916,17.060000000000095,1927.3800000000351,SSSW,model_assisted_not_ground_truth,0,0,0,0,0,0,0,0,0,0,0
6.17,339.00000000000375,104.00000000000995,94,286.50000000000807,339.50000000000807,325.50000000000313,336.0000000000025,369.00000000000745,17.089999999999954,1938.3499999999824,SSSW,model_assisted_not_ground_truth,0,0,0,0,0,0,0,0,0,0,0
6.18,341.99999999999784,111.99999999999432,94,292.9999999999954,345.9999999999954,327.99999999999824,337.99999999999858,374.99999999999574,17.109999999999985,1942.3399999999972,SSSW,model_assisted_not_ground_truth,0,0,0,0,0,0,0,0,0,0,0
6.19,347.99999999999972,118.00000000000027,94.99999999999774,293.0000000000004,355.00000000000068,331.00000000000011,339.00000000000011,383.0000000000008,17.155000000000012,1953.3400000000029,SSSW,model_assisted_not_ground_truth,0,0,0,0,0,0,0,0,0,0,0
6.20,346.99999999999886,119.00000000000115,86.49999999999018,294.50000000000171,357.5000000000029,331.50000000000057,339.50000000000057,386.00000000000347,17.199999999999907,1964.3399999999376,SSSW,model_assisted_not_ground_truth,0,0,0,0,0,0,0,0,0,0,0
6.21,345.99999999999795,120,77.999999999955051,295.99999999999386,359.99999999999795,331.99999999999591,339.99999999999591,388.99999999999181,17.120000000000022,1910.3399999999897,SSSW,model_assisted_not_ground_truth,0,0,0,0,0,0,0,0,0,0,0
6.22,344.99999999998829,119.9999999999531,56.000000000017586,292.99999999997362,358.99999999998244,329.99999999998533,337.99999999998244,384.99999999998829,17.130000000000027,1905.3299999999736,SSSW,model_assisted_not_ground_truth,0,0,0,0,0,0,0,0,0,0,0
6.23,340.99999999996095,103.99999999995701,61.999999999937472,283.99999999995703,352.99999999994139,324.9999999999531,331.99999999997266,380.99999999994139,17.139999999999983,1896.3300000000158,SSSW,model_assisted_not_ground_truth,0,0,0,0,0,0,0,0,0,0,0
6.24,331.00000000000887,93.000000000009777,46.000000000014211,273.00000000000978,338.0000000000133,313.00000000001069,325.0000000000062,366.0000000000133,17.13000000000001,1883.3300000000115,SSSW,model_assisted_not_ground_truth,0,0,0,0,0,0,0,0,0,0,0
6.25,304,81,42,254,327,292,299,337,17.125,1874.3299999999999,SSSW,model_assisted_not_ground_truth,0,0,0,0,0,0,0,0,0,0,0
6.26,272.99999999997425,81.999999999990223,39.999999999994671,234.99999999997956,309.99999999997692,272.99999999997868,264.99999999998312,304.99999999996982,17.11999999999999,1865.3299999999697,SSSW,model_assisted_not_ground_truth,0,0,0,0,0,0,0,0,0,0,0
6.27,243.99999999991792,70.999999999972019,33.999999999994401,211.99999999994964,283.99999999992724,248.99999999996083,245.99999999992539,270.99999999996828,17.109999999999907,1831.3299999998583,SSSW,model_assisted_not_ground_truth,0,0,0,0,0,0,0,0,0,0,0
6.28,199.99999999993668,55.999999999958696,30.999999999997247,184.99999999992016,244.99999999990914,227.99999999992565,205.99999999993392,253.9999999999697,17.059999999999807,1755.3299999997328,SSSW,model_assisted_not_ground_truth,0,0,0,0,0,0,0,0,0,0,0
6.29,176.99999999993446,40.999999999974513,30,155.99999999992352,211.99999999984342,200.99999999995265,181.99999999990897,242.99999999994537,16.990000000000141,1658.330000000198,SSSW,model_assisted_not_ground_truth,0,0,0,0,0,0,0,0,0,0,0
6.30,159.00000000002078,34.000000000008086,30,135.00000000002424,169.00000000004965,188.00000000001501,157.00000000002888,228.00000000001731,16.960000000000036,1621.3300000000427,SSSW,model_assisted_not_ground_truth,0,0,0,0,0,0,0,0,0,0,0
6.31,141.00000000000318,28.000000000001066,30,110.00000000000443,149.00000000000355,174.0000000000025,133.00000000000426,225.00000000000054,16.910000000000011,1566.3300000000097,SSSW,model_assisted_not_ground_truth,0,0,0,0,0,0,0,0,0,0,0
6.32,124.99999999998863,19.000000000002132,36.000000000000711,97.999999999989342,133,170.99999999999787,103.99999999999218,219.99999999999787,16.819999999999936,1506.3599999999574,SSSW,model_assisted_not_ground_truth,0,0,0,0,0,0,0,0,0,0,0
6.33,109.00000000000959,21.999999999995204,37,82.999999999972815,132.99999999998082,168.00000000000159,92.99999999998721,216.99999999997442,16.729999999999855,1446.3899999999041,SSSW,model_assisted_not_ground_truth,0,0,0,0,0,0,0,0,0,0,0
6.34,115.00000000002984,18.99999999996767,36.999999999997513,65.999999999955236,120.99999999997264,169.00000000001742,84.999999999987566,201.00000000000747,16.639999999999951,1386.4199999999828,SSSW,model_assisted_not_ground_truth,0,0,0,0,0,0,0,0,0,0,0
6.35,126.99999999999653,5.9999999999861444,36,47.999999999996533,109.99999999996535,176.00000000003118,79.999999999965354,204,16.619999999999933,1379.4299999999655,SSSW,model_assisted_not_ground_truth,0,0,0,0,0,0,0,0,0,0,0
6.36,126.00000000000435,1.9999999999912959,36.000000000008704,46.999999999978243,99.999999999973895,184.99999999995214,69.99999999998694,203.99999999996518,16.60000000000003,1369.4400000000135,SSSW,model_assisted_not_ground_truth,0,0,0,0,0,0,0,0,0,0,0
6.37,126.99999999999956,8.8817841970012523e-13,37.999999999999112,42.000000000002217,94.000000000002672,174.00000000000489,67.000000000001336,196.00000000000355,16.590000000000003,1357.4400000000053,SSSW,model_assisted_not_ground_truth,0,0,0,0,0,0,0,0,0,0,0
6.38,124.99999999999467,0,33.000000000000888,48.999999999996447,89.999999999996888,161.99999999999778,60.999999999998224,186.99999999999599,16.589999999999996,1355.4399999999998,SSSW,model_assisted_not_ground_truth,0,0,0,0,0,0,0,0,0,0,0
6.39,112.9999999999801,0,34.999999999997158,41.000000000004263,82.999999999990052,156.99999999999147,56.999999999991473,177.99999999998863,16.584999999999994,1354.9399999999994,SSSW,model_assisted_not_ground_truth,0,0,0,0,0,0,0,0,0,0,0
6.40,98.999999999981526,0,33.000000000002309,43.999999999997691,76.000000000004619,150.99999999998613,50.999999999979217,169.99999999995381,16.579999999999952,1354.43999999997,SSSW,model_assisted_not_ground_truth,0,0,0,0,0,0,0,0,0,0,0
6.41,90.999999999913669,6.3948846218467178e-12,33.999999999996803,43.000000000009592,77.999999999984013,144.99999999998721,41.999999999996803,149.99999999993284,16.560000000000063,1341.4400000000289,SSSW,model_assisted_not_ground_truth,0,0,0,0,0,0,0,0,0,0,0
6.42,63.999999999946887,2.0000000000367706,33.000000000008171,46.000000000004086,73,140.99999999996732,40.999999999995914,128.99999999986517,16.579999999999966,1350.4399999999857,SSSW,model_assisted_not_ground_truth,0,0,0,0,0,0,0,0,0,0,0
6.43,51.000000000009237,10.999999999993605,34.999999999998579,46.999999999999289,73,133.00000000000568,40.000000000000711,96.000000000023448,16.560000000000013,1354.4499999999971,SSSW,model_assisted_not_ground_truth,0,0,0,0,0,0,0,0,0,0,0
6.44,48.00000000000027,15.000000000001865,36.000000000000533,45.99999999999973,72.00000000000054,127.99999999999893,39.99999999999973,69.999999999997073,16.559999999999992,1353.4499999999937,SSSW,model_assisted_not_ground_truth,0,0,0,0,0,0,0,0,0,0,0
6.45,48.999999999996533,21.999999999997691,37.999999999996533,45.000000000003467,74,123.99999999999653,38.999999999998842,58.999999999987295,16.530000000000026,1329.4500000000232,SSSW,model_assisted_not_ground_truth,0,0,0,0,0,0,0,0,0,0,0
6.46,46,19.999999999993872,34.999999999997954,47.999999999997954,74.000000000014296,120.99999999999388,38,47.999999999993868,16.54999999999999,1349.4499999999919,SSSW,model_assisted_not_ground_truth,0,0,0,0,0,0,0,0,0,0,0
6.47,46.000000000002935,17.000000000008793,34.000000000002935,47,80.999999999997073,118,37.999999999997065,45.00000000002052,16.544999999999998,1345.4549999999997,SSSW,model_assisted_not_ground_truth,0,0,0,0,0,0,0,0,0,0,0
6.48,46.999999999992184,20.000000000031264,35,47.000000000023448,79.999999999988276,118,37,52.000000000003908,16.540000000000006,1341.4600000000071,SSSW,model_assisted_not_ground_truth,0,0,0,0,0,0,0,0,0,0,0
6.49,45.000000000001776,27.999999999992895,35,52.999999999994671,77.000000000002672,118,37,52.999999999999112,16.539999999999999,1343.4599999999982,SSSW,model_assisted_not_ground_truth,0,0,0,0,0,0,0,0,0,0,0
6.50,46,30,36,43,70,122,37,51,16.539999999999999,1344.46,SSSW,model_assisted_not_ground_truth,0,0,0,0,0,0,0,0,0,0,0
6.51,38.000000000002665,33.000000000001776,34.999999999992895,42.999999999999112,69.999999999991999,121.9999999999991,37,52.000000000004441,16.55999999999997,1344.4399999999948,SSSW,model_assisted_not_ground_truth,0,0,0,0,0,0,0,0,0,0,0
6.52,40.999999999998131,34.999999999998131,27,42.000000000005599,61,120.99999999999814,36.99999999999627,56.999999999988809,16.530000000000012,1338.4600000000112,SSSW,model_assisted_not_ground_truth,0,0,0,0,0,0,0,0,0,0,0
6.53,39.999999999991736,33.999999999994493,27.000000000011013,44.999999999994493,61,120.00000000000276,35.000000000005507,51.000000000002757,16.535,1344.4649999999995,SSSW,model_assisted_not_ground_truth,0,0,0,0,0,0,0,0,0,0,0
6.54,37.000000000003638,31.999999999996358,31.000000000025491,43.000000000010921,61,120.99999999999272,37,52.000000000025487,16.539999999999988,1350.4699999999877,SSSW,model_assisted_not_ground_truth,0,0,0,0,0,0,0,0,0,0,0
6.55,37.999999999998849,31.000000000001155,37.999999999991914,45.999999999996533,61,119.0000000000023,37,58.999999999991914,16.539999999999999,1352.4699999999978,SSSW,model_assisted_not_ground_truth,0,0,0,0,0,0,0,0,0,0,0
6.56,37.000000000000178,28.000000000000533,26.000000000002132,46.999999999999822,65.999999999999119,125.99999999999875,36.000000000000178,59,16.539999999999999,1354.4699999999996,SSSW,model_assisted_not_ground_truth,0,0,0,0,0,0,0,0,0,0,0
6.57,36,35.999999999997158,28.000000000002132,49.999999999999289,71.000000000001421,126.99999999999787,36,66.000000000002842,16.549999999999994,1342.450000000005,SSSW,model_assisted_not_ground_truth,0,0,0,0,0,0,0,0,0,0,0
6.58,36,31.999999999998401,31.000000000001599,49.000000000004796,73,124.0000000000112,36.000000000001599,70.000000000017593,16.540000000000017,1349.460000000016,SSSW,model_assisted_not_ground_truth,0,0,0,0,0,0,0,0,0,0,0
6.59,36.000000000007461,31.000000000019895,31.999999999997513,52.000000000004974,72.999999999995026,131,36.999999999997513,81.000000000014921,16.550000000000001,1359.4700000000037,SSSW,model_assisted_not_ground_truth,0,0,0,0,0,0,0,0,0,0,0
6.60,39,38.999999999986144,31.000000000003464,53.999999999986144,71.00000000002079,130.99999999995842,36,87.000000000003467,16.550000000000001,1360.9700000000009,SSSW,model_assisted_not_ground_truth,0,0,0,0,0,0,0,0,0,0,0
6.61,39,35,32,50,77.000000000017408,118.99999999995649,36,88.000000000065285,16.550000000000001,1362.469999999998,SSSW,model_assisted_not_ground_truth,0,0,0,0,0,0,0,0,0,0,0
6.62,39,35,32,50,80.999999999998224,109.00000000000443,36,102.99999999999334,16.559999999999995,1365.4699999999987,SSSW,model_assisted_not_ground_truth,0,0,0,0,0,0,0,0,0,0,0
6.63,38.999999999999552,37.999999999998224,33,49.000000000001336,94.000000000000441,96.999999999995552,35.000000000000448,109.00000000000134,16.559999999999999,1366.4699999999875,SSSW,model_assisted_not_ground_truth,0,0,0,0,0,0,0,0,0,0,0
6.64,38,34.000000000005684,32.999999999998579,51.999999999998579,94.999999999990052,86.999999999994316,36,111.99999999999574,16.559999999999999,1338.4500000000228,SSSW,model_assisted_not_ground_truth,0,0,0,0,0,0,0,0,0,0,0
6.65,37.999999999997691,37.999999999990763,32,51,87.999999999990763,82.999999999986144,36,109.00000000001155,16.560000000000024,1354.4500000000185,SSSW,model_assisted_not_ground_truth,0,0,0,0,0,0,0,0,0,0,0
6.66,37.000000000003197,34.000000000003197,32.00000000001279,51,84.000000000003197,77.000000000009592,36,114.00000000001279,16.569999999999968,1362.4500000000064,SSSW,model_assisted_not_ground_truth,0,0,0,0,0,0,0,0,0,0,0
6.67,38.000000000012257,35.000000000004086,36.000000000004086,51,85.000000000028592,79.999999999979579,36,118.00000000002451,16.559999999999988,1364.4650000000026,SSSW,model_assisted_not_ground_truth,0,0,0,0,0,0,0,0,0,0,0
6.68,40.999999999997868,35.999999999999289,36.999999999999289,51,91.999999999995026,75.000000000003553,36,123.99999999999574,16.550000000000008,1366.4799999999987,SSSW,model_assisted_not_ground_truth,0,0,0,0,0,0,0,0,0,0,0
6.69,41,40.000000000000533,36.000000000001066,50.000000000000803,94.000000000000796,66.99999999999973,37,121.0000000000024,16.57,1395.4900000000002,SSSW,model_assisted_not_ground_truth,0,0,0,0,0,0,0,0,0,0,0
6.70,41.000000000003467,42.000000000003467,39.999999999996533,53.000000000012705,97.000000000003467,65.999999999997684,37.000000000001158,129.99999999999883,16.56999999999999,1396.4900000000046,SSSW,model_assisted_not_ground_truth,0,0,0,0,0,0,0,0,0,0,0
6.71,44.000000000008171,45.000000000004086,37.000000000008171,64.000000000016342,100.00000000001634,64,37.999999999997954,129.0000000000102,16.560000000000041,1400.4900000000021,SSSW,model_assisted_not_ground_truth,0,0,0,0,0,0,0,0,0,0,0
6.72,48.000000000035172,46.999999999988276,40.999999999997065,72.000000000038099,108.00000000001759,64.000000000014651,37.000000000002935,134.00000000001174,16.579999999999998,1401.4900000000089,SSSW,model_assisted_not_ground_truth,0,0,0,0,0,0,0,0,0,0,0
6.73,60.00000000001954,43.000000000023448,40.000000000007816,85.000000000046896,114.00000000003517,69.000000000070344,38,138.00000000007816,16.579999999999998,1404.4899999999948,SSSW,model_assisted_not_ground_truth,0,0,0,0,0,0,0,0,0,0,0
6.74,64.999999999995566,48.999999999994671,41.999999999998224,96.999999999989342,122.99999999999201,86.999999999984013,38,157.99999999998224,16.579999999999998,1408.4899999999964,SSSW,model_assisted_not_ground_truth,0,0,0,0,0,0,0,0,0,0,0
6.75,65,62,41,111,134,105,40,173,16.585000000000001,1408.99,SSSW,model_assisted_not_ground_truth,0,0,0,0,0,0,0,0,0,0,0
6.76,66.000000000008001,80.000000000007105,40.000000000000888,116.00000000000355,150.00000000000978,114.00000000000267,42.000000000006217,193.00000000001245,16.589999999999989,1409.4899999999991,SSSW,model_assisted_not_ground_truth,0,0,0,0,0,0,0,0,0,0,0
6.77,75.000000000042903,88,41,120.00000000003917,161.00000000002424,117.00000000001678,49.00000000001679,207.00000000003357,16.580000000000016,1408.49,SSSW,model_assisted_not_ground_truth,0,0,0,0,0,0,0,0,0,0,0
6.78,98.00000000003304,88.000000000008257,41.000000000005507,141.00000000004405,174.00000000005232,126.0000000000413,58.00000000001377,225.00000000005781,16.589999999999971,1408.4899999999918,SSSW,model_assisted_not_ground_truth,0,0,0,0,0,0,0,0,0,0,0
6.79,110.00000000009103,91.000000000061902,42.999999999996362,157.00000000005826,193.0000000000619,141.00000000005463,63.00000000003277,246.00000000007648,16.58000000000002,1405.4900000000061,SSSW,model_assisted_not_ground_truth,0,0,0,0,0,0,0,0,0,0,0
6.80,134.99999999997112,107.99999999998037,42.000000000001151,172.99999999998153,209.99999999998036,155.99999999998269,71.999999999989612,266.99999999997573,16.510000000000083,1408.5499999999963,SSSW,model_assisted_not_ground_truth,0,0,0,0,0,0,0,0,0,0,0
6.81,155.99999999999628,115.99999999999858,57.999999999997158,174.99999999999966,237.99999999999503,181.9999999999954,84.999999999997698,285.99999999999665,16.155000000000065,1415.6249999999986,SSSW,model_assisted_not_ground_truth,0,0,0,0,0,0,0,0,0,0,0
6.82,179.00000000003624,140.00000000000782,54.000000000014921,196.00000000001137,259.00000000000995,224.00000000001705,108.00000000003482,305.00000000001069,15.799999999998601,1422.7000000001276,SSSW,model_assisted_not_ground_truth,0,0,0,0,0,0,0,0,0,0,0
6.83,230.00000000004798,151.00000000005437,75.000000000035172,212.00000000003678,273.00000000003519,248.00000000004798,157.00000000003996,320.00000000002558,13.829999999998385,1602.1900000002852,SSSW,model_assisted_not_ground_truth,0,0,0,0,0,0,0,0,0,0,0
6.84,260.00000000003485,185.00000000003234,97.000000000057199,235.00000000004229,295.0000000000224,278.00000000006469,182.00000000000497,336.00000000006219,12.819999999999229,1780.4800000002492,SSSW,model_assisted_not_ground_truth,0,0,0,0,0,0,0,0,0,0,0
6.85,274.00000000002774,198.00000000001387,120.00000000002424,252.00000000001387,304.00000000001734,304.00000000003115,183.99999999999307,361.00000000000693,12.509999999999792,1880.6500000003987,SSSW,model_assisted_not_ground_truth,0,0,0,0,0,0,0,0,0,0,0
6.86,282.00000000002609,202.0000000000087,127.00000000005657,256.00000000001307,309.00000000002177,313.00000000002177,182.00000000001739,363.00000000003917,12.450000000000079,1995.7299999998468,SSSW,model_assisted_not_ground_truth,0,0,0,0,0,0,0,0,0,0,0
6.87,287.99999999999733,203.99999999999912,139.99999999999423,258.99999999999869,313.99999999999778,317.99999999999778,185.99999999999824,371.99999999999602,12.709999999999885,2068.6899999999678,SSSW,model_assisted_not_ground_truth,0,0,0,0,0,0,0,0,0,0,0
6.88,291.00000000000023,201.99999999999866,153.99999999999599,258.99999999999824,315.99999999999977,321.99999999999977,188.99999999999912,361.99999999999824,12.885000000000078,2066.139999999999,SSSW,model_assisted_not_ground_truth,0,0,0,0,0,0,0,0,0,0,0
6.89,291.50000000000068,198.99999999999574,144.99999999998721,254.99999999999432,315.49999999999932,321.49999999999932,186.99999999999716,357.99999999999432,13.06000000000037,2063.5899999999574,SSSW,model_assisted_not_ground_truth,0,0,0,0,0,0,0,0,0,0,0
6.90,291.99999999997692,196.0000000000023,135.99999999997229,250.99999999999307,314.99999999999073,320.99999999999767,184.99999999998383,353.99999999999307,13.320000000000277,2033.4700000000278,SSSW,model_assisted_not_ground_truth,0,0,0,0,0,0,0,0,0,0,0
6.91,282.00000000000642,196.99999999998721,123.9999999999968,247.99999999998082,310.99999999999682,319.99999999999358,178.00000000000961,350.99999999994242,13.440000000000383,2045.4400000000735,SSSW,model_assisted_not_ground_truth,0,0,0,0,0,0,0,0,0,0,0
6.92,283.99999999999591,192.99999999995916,123.00000000000817,241.99999999998775,310,317.99999999999591,180.99999999998366,332.99999999997959,13.559999999999809,2068.4199999999632,SSSW,model_assisted_not_ground_truth,0,0,0,0,0,0,0,0,0,0,0
6.93,283.00000000000068,183.00000000000711,124.99999999999858,239.00000000000213,310,317.00000000000068,177.00000000000284,328.00000000000352,13.659999999999929,2076.3899999999944,SSSW,model_assisted_not_ground_truth,0,0,0,0,0,0,0,0,0,0,0
6.94,280.99999999999625,182.99999999999812,117.99999999999626,237.99999999999812,309.99999999999972,313.99999999999704,176,336.99999999999653,13.765000000000027,2080.3650000000011,SSSW,model_assisted_not_ground_truth,0,0,0,0,0,0,0,0,0,0,0
6.95,266.99999999998499,175.9999999999873,103.99999999999768,230.9999999999896,308.9999999999942,302.99999999998732,175.99999999999193,323.99999999998846,13.870000000000266,2084.3399999999979,SSSW,model_assisted_not_ground_truth,0,0,0,0,0,0,0,0,0,0,0
6.96,253.99999999996527,164.99999999996118,101.99999999997139,222,303.99999999999386,291.99999999997345,168.9999999999898,313.99999999996527,14.100000000000408,2082.2900000000018,SSSW,model_assisted_not_ground_truth,0,0,0,0,0,0,0,0,0,0,0
6.97,236.9999999999707,145.99999999994432,87.999999999950177,221.99999999998826,300.99999999996481,278.99999999997652,163.99999999998241,296.99999999998829,14.300000000000674,2083.2399999999789,SSSW,model_assisted_not_ground_truth,0,0,0,0,0,0,0,0,0,0,0
6.98,226.99999999997655,126.99999999992966,70.999999999972644,217.99999999992966,288.99999999992576,270.99999999998045,157.99999999999218,292.99999999996874,14.529999999999591,2076.1700000000128,SSSW,model_assisted_not_ground_truth,0,0,0,0,0,0,0,0,0,0,0
6.99,221.00000000000534,109.00000000001599,64.000000000006224,200.00000000001597,270.00000000001688,266.00000000000443,156.00000000000176,285.00000000000711,14.799999999999761,2050.0800000000231,SSSW,model_assisted_not_ground_truth,0,0,0,0,0,0,0,0,0,0,0
7.00,212,98,56,187,259,260,156,285,15.07,2046.99,SSSW,model_assisted_not_ground_truth,0,0,0,0,0,0,0,0,0,0,0
7.01,200.9999999999911,86.999999999993776,53.999999999996447,171.9999999999911,249.99999999999912,251.99999999999557,153.99999999999645,279.99999999998403,15.180000000000097,2045.4399999999987,SSSW,model_assisted_not_ground_truth,0,0,0,0,0,0,0,0,0,0,0
7.02,190.9999999999832,79.999999999983217,49.999999999998131,161.99999999999628,249.00000000001305,246.99999999998695,150.0000000000056,261.99999999995521,15.290000000000504,2043.8899999999646,SSSW,model_assisted_not_ground_truth,0,0,0,0,0,0,0,0,0,0,0
7.03,181.99999999998073,70.999999999997243,49,159.99999999998897,255.99999999998897,240.00000000000276,153.00000000000827,237.99999999996695,15.560000000000937,2024.8199999998731,SSSW,model_assisted_not_ground_truth,0,0,0,0,0,0,0,0,0,0,0
7.04,174.99999999993082,69.999999999985434,49,155.99999999996359,251.99999999995995,240.99999999995632,155.99999999999272,225.99999999997451,15.899999999999306,1978.7300000000942,SSSW,model_assisted_not_ground_truth,0,0,0,0,0,0,0,0,0,0,0
7.05,156.00000000002194,66.000000000004619,49,146.00000000001154,241.0000000000127,229.00000000001387,154.0000000000023,219.00000000000807,15.999999999999885,1992.6799999999839,SSSW,model_assisted_not_ground_truth,0,0,0,0,0,0,0,0,0,0,0
7.06,153.00000000000054,57.000000000001599,48.000000000000178,149.99999999999929,235.00000000000108,222.00000000000125,154.99999999999983,203.00000000000284,16.109999999999978,1985.6500000000012,SSSW,model_assisted_not_ground_truth,0,0,0,0,0,0,0,0,0,0,0
7.07,142.49999999999255,47.999999999993605,48.500000000000355,145.99999999999716,211.49999999998329,213.49999999999397,153.99999999999929,189.99999999999076,16.190000000000033,1975.629999999994,SSSW,model_assisted_not_ground_truth,0,0,0,0,0,0,0,0,0,0,0
7.08,131.99999999998562,38.999999999988809,48.999999999995204,141.99999999999841,187.99999999997283,204.99999999999201,152.99999999999679,176.99999999997601,16.235000000000074,1967.1199999999865,SSSW,model_assisted_not_ground_truth,0,0,0,0,0,0,0,0,0,0,0
7.09,122.99999999998757,32,46,141,170.99999999997263,199.99999999997016,151.00000000000497,161.99999999998755,16.280000000000101,1958.6099999999751,SSSW,model_assisted_not_ground_truth,0,0,0,0,0,0,0,0,0,0,0
7.10,118.0000000000052,32.00000000000346,46,141.00000000000693,159.99999999999827,187.99999999999307,153.00000000003638,156.99999999998096,16.320000000000483,1948.5999999998648,SSSW,model_assisted_not_ground_truth,0,0,0,0,0,0,0,0,0,0,0
7.11,119.50000000000226,33.000000000001506,46,143.00000000000301,159.49999999999923,185.99999999999699,163.50000000001586,151.4999999999917,16.459999999999816,1909.590000000052,SSSW,model_assisted_not_ground_truth,0,0,0,0,0,0,0,0,0,0,0
7.12,120.99999999999933,33.999999999999559,46,144.99999999999912,159.00000000000023,184.00000000000088,173.99999999999534,146.00000000000244,16.499999999999982,1897.5800000000052,SSSW,model_assisted_not_ground_truth,0,0,0,0,0,0,0,0,0,0,0
7.13,126.00000000000355,30.000000000000444,46,153.99999999999955,167.99999999999955,195.00000000000244,176.00000000000134,143.00000000000088,16.550000000000015,1890.5600000000018,SSSW,model_assisted_not_ground_truth,0,0,0,0,0,0,0,0,0,0,0
7.14,134.00000000001137,31.000000000001421,46,152.99999999999858,166.99999999999858,200.50000000000782,179.00000000000426,145.00000000000284,16.580000000000013,1894.5499999999729,SSSW,model_assisted_not_ground_truth,0,0,0,0,0,0,0,0,0,0,0
7.15,142.00000000002078,32.000000000004619,46.000000000002309,152.00000000001847,165.99999999998383,206,182.00000000000924,147.00000000000693,16.590000000000021,1875.5400000000068,SSSW,model_assisted_not_ground_truth,0,0,0,0,0,0,0,0,0,0,0
7.16,151.00000000004476,34.000000000009592,46.999999999998401,160.00000000001279,159.00000000000958,206.00000000000639,186.00000000001279,150.00000000001438,16.600000000000001,1878.535000000001,SSSW,model_assisted_not_ground_truth,0,0,0,0,0,0,0,0,0,0,0
7.17,165.00000000001739,37.00000000000373,46.499999999999375,164.00000000000497,162.00000000000372,208.0000000000025,190.00000000000497,154.5000000000056,16.609999999999985,1881.5299999999952,SSSW,model_assisted_not_ground_truth,0,0,0,0,0,0,0,0,0,0,0
7.18,178.99999999999005,39.999999999997868,46.000000000000355,167.99999999999716,164.99999999999787,209.99999999999858,193.99999999999716,158.99999999999682,16.629999999999985,1885.5199999999973,SSSW,model_assisted_not_ground_truth,0,0,0,0,0,0,0,0,0,0,0
7.19,183.00000000000054,39,46,174.00000000000014,164.00000000000134,222.00000000000065,220.00000000000188,167.00000000000054,16.710000000000008,1871.5099999999998,SSSW,model_assisted_not_ground_truth,0,0,0,0,0,0,0,0,0,0,0
7.20,185.0000000000023,39,46,174.50000000000057,169.00000000000577,224.5000000000029,227.00000000000807,169.0000000000023,16.73,1870.4899999999977,SSSW,model_assisted_not_ground_truth,0,0,0,0,0,0,0,0,0,0,0
7.21,187.00000000002044,39.000000000014303,46.000000000002046,175.00000000000614,174.0000000000143,227,234.00000000000819,170.99999999999795,16.730000000000032,1868.4900000000337,SSSW,model_assisted_not_ground_truth,0,0,0,0,0,0,0,0,0,0,0
7.22,197.00000000005275,46.000000000026382,47.000000000002935,178.00000000006449,181.00000000008794,227.00000000005568,238.00000000004104,170.00000000007034,16.745000000000001,1884.9900000000014,SSSW,model_assisted_not_ground_truth,0,0,0,0,0,0,0,0,0,0,0
7.23,215.00000000000389,55.000000000007816,47.999999999998046,200.00000000000389,211.00000000002734,246.00000000000978,252,194.00000000003322,16.759999999999977,1901.4899999999707,SSSW,model_assisted_not_ground_truth,0,0,0,0,0,0,0,0,0,0,0
7.24,216.00000000000196,57.000000000003908,47.499999999999019,201.00000000000196,218.00000000001367,248.50000000000489,252,202.5000000000166,16.779999999999983,1902.4799999999991,SSSW,model_assisted_not_ground_truth,0,0,0,0,0,0,0,0,0,0,0
7.25,217,59,47,202,225,251,252,211,16.800000000000001,1906.46,SSSW,model_assisted_not_ground_truth,0,0,0,0,0,0,0,0,0,0,0
7.26,251.00000000000978,65.000000000004448,49.000000000003553,213.00000000000799,245.00000000001333,263.00000000000443,268.00000000000176,245.00000000001421,16.830000000000016,1904.4300000000108,SSSW,model_assisted_not_ground_truth,0,0,0,0,0,0,0,0,0,0,0
7.27,262.00000000000375,70.000000000001862,53.000000000001869,222.00000000003172,260.00000000001677,268.00000000002052,270.00000000002427,261.00000000001307,16.850000000000041,1916.4200000000055,SSSW,model_assisted_not_ground_truth,0,0,0,0,0,0,0,0,0,0,0
7.28,264.00000000005508,71.000000000005514,54.000000000022027,239.00000000000276,269.00000000003854,279.00000000000551,283.00000000004678,268.00000000004957,16.870000000000015,1919.4000000000083,SSSW,model_assisted_not_ground_truth,0,0,0,0,0,0,0,0,0,0,0
7.29,284.00000000004007,73.000000000018204,62.000000000021849,240.00000000002186,283.00000000004007,281.00000000003644,300.00000000004371,286.00000000010562,16.875000000000004,1922.3950000000025,SSSW,model_assisted_not_ground_truth,0,0,0,0,0,0,0,0,0,0,0
7.30,294.99999999998732,77.99999999999423,67.999999999993065,245.99999999999307,293.99999999998732,290.99999999998846,311.99999999998613,314.99999999996652,16.879999999999992,1925.3899999999967,SSSW,model_assisted_not_ground_truth,0,0,0,0,0,0,0,0,0,0,0
7.31,312.99999999999682,83.999999999998934,75.999999999998579,249.99999999999929,307.9999999999975,305.99999999999733,317.99999999999892,330.99999999999716,16.919999999999995,1938.3699999999976,SSSW,model_assisted_not_ground_truth,0,0,0,0,0,0,0,0,0,0,0
7.32,316.00000000000711,89.000000000004974,86.000000000004263,257.00000000001069,318.00000000000995,309.00000000000642,324.000000000005,337.00000000001069,16.92000000000003,1944.3800000000151,SSSW,model_assisted_not_ground_truth,0,0,0,0,0,0,0,0,0,0,0
7.33,326.00000000001921,96.00000000001279,92.000000000014396,272.00000000001279,332.00000000000961,318.00000000000642,331.00000000000801,352.00000000001597,16.960000000000097,1965.3699999999967,SSSW,model_assisted_not_ground_truth,0,0,0,0,0,0,0,0,0,0,0
7.34,338.00000000001739,104.00000000001243,101.00000000001243,280.00000000002984,338.00000000000995,322.00000000001245,336.00000000000995,362.00000000003234,17.020000000000074,1963.3700000000545,SSSW,model_assisted_not_ground_truth,0,0,0,0,0,0,0,0,0,0,0
7.35,345.0000000000104,109.00000000002424,106.00000000001039,292.00000000004502,342.00000000002774,327.0000000000208,340.00000000000693,375.0000000000104,17.050000000000018,1985.3499999999929,SSSW,model_assisted_not_ground_truth,0,0,0,0,0,0,0,0,0,0,0
7.36,348.00000000005656,116.00000000001306,109.00000000001741,305.00000000002609,350.00000000003917,333.00000000001739,341.99999999999562,377.99999999998693,17.055000000000007,1983.3449999999968,SSSW,model_assisted_not_ground_truth,0,0,0,0,0,0,0,0,0,0,0
7.37,360.9999999999942,118.99999999999866,112.99999999999822,310.99999999999733,358.99999999999602,336.99999999999824,341.00000000000045,375.00000000000131,17.059999999999995,1981.3400000000008,SSSW,model_assisted_not_ground_truth,0,0,0,0,0,0,0,0,0,0,0
7.38,359,123,115.00000000000134,315.99999999999869,365.00000000000091,338,344.00000000000045,378.00000000000398,17.080000000000009,1997.3400000000036,SSSW,model_assisted_not_ground_truth,0,0,0,0,0,0,0,0,0,0,0
7.39,359.00000000000711,123.00000000001137,117.99999999999858,312.99999999999574,367.00000000000711,338.00000000000284,345.00000000000568,387.00000000001137,17.10000000000003,2005.3400000000042,SSSW,model_assisted_not_ground_truth,0,0,0,0,0,0,0,0,0,0,0
7.40,364,131.00000000000693,116.99999999996074,310.00000000000693,372.0000000000046,340.00000000000233,349.00000000000233,395.00000000000693,17.120000000000026,2008.3300000000067,SSSW,model_assisted_not_ground_truth,0,0,0,0,0,0,0,0,0,0,0
7.41,363.99999999999682,133.99999999999841,99.999999999961631,312.99999999999682,374.00000000000159,340.9999999999888,349.99999999999523,398.00000000000159,17.129999999999999,2011.3299999999329,SSSW,model_assisted_not_ground_truth,0,0,0,0,0,0,0,0,0,0,0
7.42,362.99999999999875,133.49999999999937,87.999999999985079,311.99999999999875,374.50000000000063,337.49999999999562,348.49999999999812,398.50000000000063,17.129999999999999,1990.3300000000336,SSSW,model_assisted_not_ground_truth,0,0,0,0,0,0,0,0,0,0,0
7.43,362.00000000000068,133.00000000000034,76.000000000008527,311.00000000000068,374.99999999999966,334.0000000000025,347.00000000000108,398.99999999999966,17.134999999999998,1983.8300000000045,SSSW,model_assisted_not_ground_truth,0,0,0,0,0,0,0,0,0,0,0
7.44,352.99999999999426,125.9999999999968,53.999999999998131,297.99999999999523,370.99999999999693,326.99999999999574,341.99999999999665,393.99999999999574,17.140000000000001,1977.3299999999938,SSSW,model_assisted_not_ground_truth,0,0,0,0,0,0,0,0,0,0,0
7.45,331.49999999997516,113.99999999998614,46.999999999991914,279.9999999999792,359.4999999999867,310.99999999998153,329.49999999998556,377.99999999998153,17.139999999999976,1954.3299999999306,SSSW,model_assisted_not_ground_truth,0,0,0,0,0,0,0,0,0,0,0
7.46,309.99999999994282,101.99999999997956,39.999999999995914,261.99999999996118,347.99999999995504,294.99999999995299,316.99999999993054,361.99999999994895,17.11999999999998,1894.3299999999244,SSSW,model_assisted_not_ground_truth,0,0,0,0,0,0,0,0,0,0,0
7.47,281.99999999993258,91.999999999991203,37.999999999991203,242.99999999991206,325.99999999993554,271.99999999994725,282.99999999992087,336.99999999991206,17.109999999999882,1857.3299999998005,SSSW,model_assisted_not_ground_truth,0,0,0,0,0,0,0,0,0,0,0
7.48,258.99999999986323,88.999999999964828,35,212.99999999993358,303.99999999986323,253.99999999991402,255.99999999983586,306.99999999989842,17.070000000000071,1789.3300000001207,SSSW,model_assisted_not_ground_truth,0,0,0,0,0,0,0,0,0,0,0
7.49,224.00000000003109,80.000000000007987,35,196.00000000001509,269.00000000003109,232.00000000001955,214.00000000003729,281.00000000002308,17.040000000000028,1734.3300000000488,SSSW,model_assisted_not_ground_truth,0,0,0,0,0,0,0,0,0,0,0
7.50,195,58,34,168,242,211,187,250,17.015000000000001,1690.8249999999998,SSSW,model_assisted_not_ground_truth,0,0,0,0,0,0,0,0,0,0,0
7.51,176.99999999998136,48.999999999985789,31,143.99999999998579,195.999999999984,199.99999999999466,166.99999999996891,242.99999999999645,16.989999999999963,1647.3199999999645,SSSW,model_assisted_not_ground_truth,0,0,0,0,0,0,0,0,0,0,0
7.52,155.9999999999832,33.00000000000373,30.999999999998135,127.9999999999627,177.9999999999776,193.9999999999888,131.99999999995896,238.99999999999068,16.949999999999886,1607.3199999999104,SSSW,model_assisted_not_ground_truth,0,0,0,0,0,0,0,0,0,0,0
7.53,146.9999999999697,34.999999999975216,30,107.99999999994769,165.99999999996146,188.00000000001103,109.99999999996145,234,16.889999999999699,1559.339999999846,SSSW,model_assisted_not_ground_truth,0,0,0,0,0,0,0,0,0,0,0
7.54,135.9999999999381,25.999999999978151,30,88.999999999952664,151.99999999998178,191.99999999999272,95.999999999989072,233.99999999997451,16.780000000000225,1503.4000000001145,SSSW,model_assisted_not_ground_truth,0,0,0,0,0,0,0,0,0,0,0
7.55,119.00000000001963,20.000000000006928,30,76.000000000015007,147.00000000000577,190.0000000000023,93.000000000003467,227.00000000000807,16.620000000000186,1392.4300000001281,SSSW,model_assisted_not_ground_truth,0,0,0,0,0,0,0,0,0,0,0
7.56,115.00000000000071,24.999999999999112,30,56.000000000003553,132.00000000000267,193.99999999999929,84.000000000001592,212.00000000000267,16.615000000000002,1393.4349999999999,SSSW,model_assisted_not_ground_truth,0,0,0,0,0,0,0,0,0,0,0
7.57,108.00000000000284,14.999999999996447,31,49,121.99999999999005,193.00000000000071,82.999999999994316,204.99999999998934,16.609999999999999,1394.4399999999964,SSSW,model_assisted_not_ground_truth,0,0,0,0,0,0,0,0,0,0,0
7.58,111.9999999999888,10.000000000015987,31.000000000003197,48.999999999988809,107.99999999998721,193.99999999999361,75.000000000003197,189.9999999999888,16.609999999999982,1389.45,SSSW,model_assisted_not_ground_truth,0,0,0,0,0,0,0,0,0,0,0
7.59,104.99999999995524,19.999999999985079,33.000000000002487,41.999999999997513,99.999999999982592,189.99999999998755,76.999999999957723,182.99999999995771,16.600000000000026,1389.4499999999925,SSSW,model_assisted_not_ground_truth,0,0,0,0,0,0,0,0,0,0,0
7.60,86.999999999916866,14,34.000000000006928,40.999999999993072,92.999999999989612,185.00000000000347,59.999999999989605,165.99999999997576,16.609999999999964,1386.4500000000035,SSSW,model_assisted_not_ground_truth,0,0,0,0,0,0,0,0,0,0,0
7.61,62.999999999986947,14.000000000017408,36,39.000000000013053,89.999999999973895,185.99999999999565,56.999999999991296,158.99999999996518,16.600000000000016,1387.4599999999987,SSSW,model_assisted_not_ground_truth,0,0,0,0,0,0,0,0,0,0,0
7.62,60.000000000001336,17.999999999998224,36,41.999999999998664,84.000000000002672,185.00000000000045,55.000000000000888,151.00000000000355,16.570000000000014,1364.4600000000103,SSSW,model_assisted_not_ground_truth,0,0,0,0,0,0,0,0,0,0,0
7.63,56,18.000000000001332,35,43.999999999999112,79.999999999998664,164.99999999999955,49.999999999996447,141.9999999999911,16.580000000000005,1371.9600000000034,SSSW,model_assisted_not_ground_truth,0,0,0,0,0,0,0,0,0,0,0
7.64,55.999999999992895,20.999999999991473,35.000000000001421,42.000000000004263,76.999999999997158,163.99999999998863,41.999999999997158,121.99999999995737,16.59,1379.4600000000071,SSSW,model_assisted_not_ground_truth,0,0,0,0,0,0,0,0,0,0,0
7.65,50.999999999997691,15.000000000004619,35.999999999997691,44.999999999990763,75,155.99999999997689,40,91.999999999916866,16.59,1384.4600000000023,SSSW,model_assisted_not_ground_truth,0,0,0,0,0,0,0,0,0,0,0
7.66,49.99999999998721,17.000000000006395,35.000000000006395,41.00000000001279,74.999999999993605,146,39.999999999996803,55.999999999948841,16.589999999999904,1385.4599999999136,SSSW,model_assisted_not_ground_truth,0,0,0,0,0,0,0,0,0,0,0
7.67,46,18.999999999995914,36.999999999987743,44.999999999995914,73,145.99999999996322,39.000000000004086,39.999999999991829,16.560000000000045,1358.4600000000432,SSSW,model_assisted_not_ground_truth,0,0,0,0,0,0,0,0,0,0,0
7.68,46,18.000000000000711,34.000000000002132,44.000000000000711,73,137.00000000000639,39.999999999999289,38.000000000001421,16.559999999999999,1365.469999999995,SSSW,model_assisted_not_ground_truth,0,0,0,0,0,0,0,0,0,0,0
7.69,47.99999999999973,22.000000000002132,34.99999999999973,44.000000000000533,73.00000000000027,124.0000000000008,40,37.999999999998401,16.559999999999999,1370.4700000000003,SSSW,model_assisted_not_ground_truth,0,0,0,0,0,0,0,0,0,0,0
7.70,46.999999999998842,30.000000000005773,33.999999999995381,45.999999999998842,74.000000000004619,126.99999999999885,39.999999999998842,32.000000000009237,16.559999999999999,1370.9700000000007,SSSW,model_assisted_not_ground_truth,0,0,0,0,0,0,0,0,0,0,0
7.71,46.000000000002046,34.999999999997954,30.000000000006128,44.999999999997954,77.999999999993875,126.00000000000409,39,40,16.559999999999999,1371.4700000000021,SSSW,model_assisted_not_ground_truth,0,0,0,0,0,0,0,0,0,0,0
7.72,47,34.000000000008797,33.000000000002935,44.000000000005862,75.000000000008797,128.00000000000293,39,40,16.560000000000027,1372.4700000000059,SSSW,model_assisted_not_ground_truth,0,0,0,0,0,0,0,0,0,0,0
7.73,46.999999999996092,37,33.999999999988276,45.999999999984368,77.999999999996092,128.99999999999611,38.999999999988276,40,16.569999999999983,1374.4699999999964,SSSW,model_assisted_not_ground_truth,0,0,0,0,0,0,0,0,0,0,0
7.74,46.000000000000888,37,31.000000000002665,42.000000000003553,77.000000000000881,128.00000000000088,36.000000000002665,40,16.550000000000018,1364.4700000000089,SSSW,model_assisted_not_ground_truth,0,0,0,0,0,0,0,0,0,0,0
7.75,45,37,30,44,79,131,37,43,16.559999999999999,1376.48,SSSW,model_assisted_not_ground_truth,0,0,0,0,0,0,0,0,0,0,0
7.76,40.999999999998224,35.999999999998224,33,48.000000000001776,69.000000000003553,126,36.000000000000888,48.000000000006217,16.559999999999999,1375.4800000000018,SSSW,model_assisted_not_ground_truth,0,0,0,0,0,0,0,0,0,0,0
7.77,38.999999999990671,34.000000000005599,33.000000000005599,49.99999999999627,73.000000000005599,126.00000000000374,37,55.00000000000373,16.559999999999999,1377.4800000000037,SSSW,model_assisted_not_ground_truth,0,0,0,0,0,0,0,0,0,0,0
7.78,34,36.99999999999725,35.999999999988987,47.99999999999725,75.999999999988987,127.99999999999724,36.999999999998622,57.000000000012392,16.55999999999997,1379.4800000000027,SSSW,model_assisted_not_ground_truth,0,0,0,0,0,0,0,0,0,0,0
7.79,34,35.999999999999204,31.999999999996803,46.999999999999204,71.999999999996803,126.9999999999992,36.499999999999602,61.500000000003595,16.550000000000022,1380.489999999998,SSSW,model_assisted_not_ground_truth,0,0,0,0,0,0,0,0,0,0,0
7.80,34,35.000000000001151,28.000000000004619,46.000000000001151,68.000000000004619,126.00000000000115,36.000000000000576,65.999999999994799,16.54000000000001,1356.4800000000278,SSSW,model_assisted_not_ground_truth,0,0,0,0,0,0,0,0,0,0,0
7.81,34,36.999999999999645,31.999999999999289,46,69.999999999999645,130.99999999999912,36.999999999999822,69.999999999999289,16.559999999999995,1374.4799999999968,SSSW,model_assisted_not_ground_truth,0,0,0,0,0,0,0,0,0,0,0
7.82,34,36.499999999999645,33.000000000000711,45.499999999999645,69.499999999999645,129.49999999999892,37,80.500000000007461,16.57,1385.4800000000005,SSSW,model_assisted_not_ground_truth,0,0,0,0,0,0,0,0,0,0,0
7.83,34.000000000011191,36.000000000001599,33.999999999996803,45.000000000003197,69.000000000001606,128.00000000000961,37,91.000000000006395,16.57,1385.9800000000009,SSSW,model_assisted_not_ground_truth,0,0,0,0,0,0,0,0,0,0,0
7.84,41.000000000012434,36.999999999990052,32.000000000007461,46.999999999997513,70.000000000022382,133.9999999999776,37,95.000000000014921,16.57,1386.4800000000025,SSSW,model_assisted_not_ground_truth,0,0,0,0,0,0,0,0,0,0,0
7.85,46.000000000003467,32.999999999996533,35,45.999999999986144,79.000000000003467,124.99999999997229,36.999999999996533,101.00000000002424,16.57,1387.4800000000034,SSSW,model_assisted_not_ground_truth,0,0,0,0,0,0,0,0,0,0,0
7.86,47,32.000000000008704,34.999999999991296,42.000000000008704,80.000000000008697,116.99999999994343,36,108.00000000002176,16.57,1388.4799999999987,SSSW,model_assisted_not_ground_truth,0,0,0,0,0,0,0,0,0,0,0
7.87,47,33.999999999999112,33.000000000000888,43.999999999999112,81.999999999999119,104.00000000000577,36,112.99999999999778,16.57,1365.4600000000103,SSSW,model_assisted_not_ground_truth,0,0,0,0,0,0,0,0,0,0,0
7.88,47.999999999999552,33.000000000000888,34,45.000000000000448,84.000000000003553,93.999999999996888,36,111.99999999999601,16.580000000000002,1384.4600000000014,SSSW,model_assisted_not_ground_truth,0,0,0,0,0,0,0,0,0,0,0
7.89,47,34.999999999997158,34.000000000001421,46,91.999999999998579,86.999999999984368,36,103.000000000027,16.589999999999986,1387.4600000000214,SSSW,model_assisted_not_ground_truth,0,0,0,0,0,0,0,0,0,0,0
7.90,47,33.000000000011546,35,46,90.999999999997684,75.999999999990763,36,121.99999999999538,16.579999999999998,1402.4900000000196,SSSW,model_assisted_not_ground_truth,0,0,0,0,0,0,0,0,0,0,0
7.91,47.000000000006395,37.999999999984013,35.000000000006395,46.000000000009592,90.000000000006395,71.999999999990408,36,120.00000000001279,16.579999999999998,1410.9950000000031,SSSW,model_assisted_not_ground_truth,0,0,0,0,0,0,0,0,0,0,0
7.92,49,33.000000000012257,36.999999999995914,48.999999999995914,92,68.999999999995921,36.000000000004086,124.00000000003676,16.579999999999998,1419.4999999999864,SSSW,model_assisted_not_ground_truth,0,0,0,0,0,0,0,0,0,0,0
7.93,49,35.999999999998138,36.000000000000625,48.000000000000625,92,68.000000000000625,36.999999999999375,132.9999999999944,16.579999999999998,1423.4999999999975,SSSW,model_assisted_not_ground_truth,0,0,0,0,0,0,0,0,0,0,0
7.94,58.000000000001066,32.000000000000803,38.00000000000027,58.000000000004263,98.000000000003197,72.99999999999973,37.00000000000027,140.00000000000108,16.579999999999998,1425.5000000000005,SSSW,model_assisted_not_ground_truth,0,0,0,0,0,0,0,0,0,0,0
7.95,62,35.000000000012705,39,74.000000000017323,110.00000000001155,72.000000000009237,38.000000000001158,144.00000000001847,16.579999999999998,1427.5100000000011,SSSW,model_assisted_not_ground_truth,0,0,0,0,0,0,0,0,0,0,0
7.96,62.000000000018389,46.000000000024514,38.999999999997954,89.000000000032685,120.00000000002861,80.000000000028606,38.999999999997954,160.00000000004289,16.580000000000009,1428.51,SSSW,model_assisted_not_ground_truth,0,0,0,0,0,0,0,0,0,0,0
7.97,71.000000000008797,58.000000000032244,38.000000000002935,105.00000000003224,134.00000000003519,94.000000000043968,38.000000000005862,181.00000000004982,16.585000000000001,1428.5049999999999,SSSW,model_assisted_not_ground_truth,0,0,0,0,0,0,0,0,0,0,0
7.98,74.000000000015632,69.000000000070344,39.000000000007816,116.00000000001172,146.00000000005079,109.0000000000508,40.00000000001954,198.00000000008598,16.589999999999989,1428.5,SSSW,model_assisted_not_ground_truth,0,0,0,0,0,0,0,0,0,0,0
7.99,77.999999999996447,86.999999999984013,40.999999999998224,118.99999999999733,158.99999999998846,121.99999999998846,44.999999999995559,219.99999999998045,16.599999999999994,1428.5,SSSW,model_assisted_not_ground_truth,0,0,0,0,0,0,0,0,0,0,0
8.00,87,89,39,131,169,126,52,239,16.600000000000001,1428.5,SSSW,model_assisted_not_ground_truth,0,0,0,0,0,0,0,0,0,0,0
8.01,106.00000000000978,87.000000000006224,41.000000000006217,142.00000000000711,175.00000000000978,132.00000000001333,60.000000000013323,248.00000000000622,16.599999999999948,1429.5000000000018,SSSW,model_assisted_not_ground_truth,0,0,0,0,0,0,0,0,0,0,0
8.02,117.00000000003197,94.000000000037303,47.999999999996447,150.00000000003021,186.00000000002311,147.00000000002666,75.000000000010658,255.00000000003197,16.539999999999484,1431.5400000000268,SSSW,model_assisted_not_ground_truth,0,0,0,0,0,0,0,0,0,0,0
8.03,135.00000000003996,115.00000000003465,46.000000000013323,167.00000000003732,199.00000000006662,162.00000000009592,81.00000000005862,273.00000000004798,16.249999999998494,1446.6200000000949,SSSW,model_assisted_not_ground_truth,0,0,0,0,0,0,0,0,0,0,0
8.04,150.00000000015294,128.00000000006713,51.000000000044764,181.00000000004104,224.00000000010073,198.00000000013429,103.00000000007461,291.00000000007833,15.684999999999498,1482.2650000000317,SSSW,model_assisted_not_ground_truth,0,0,0,0,0,0,0,0,0,0,0
8.05,190.99999999995629,145.99999999998082,62.99999999998721,191.99999999998829,250.99999999997124,233.99999999996163,122.99999999997868,311.9999999999776,15.120000000000601,1517.9099999999621,SSSW,model_assisted_not_ground_truth,0,0,0,0,0,0,0,0,0,0,0
8.06,242.99999999999076,168.99999999999591,105.99999999999235,209.99999999999682,283.99999999999415,259.9999999999954,166.99999999999218,333.99999999999608,13.650000000000261,1681.3099999999708,SSSW,model_assisted_not_ground_truth,0,0,0,0,0,0,0,0,0,0,0
8.07,282.00000000000216,201.00000000000497,119.00000000000711,236.00000000000995,314.00000000000853,291.00000000001211,183.00000000000284,365.00000000000426,13.059999999999887,1788.4900000000769,SSSW,model_assisted_not_ground_truth,0,0,0,0,0,0,0,0,0,0,0
8.08,285.00000000000477,208.00000000000799,129.000000000016,250.00000000001438,326.00000000000477,308.00000000000642,187.0000000000048,371.00000000000801,12.90000000000008,1896.5800000001902,SSSW,model_assisted_not_ground_truth,0,0,0,0,0,0,0,0,0,0,0
8.09,288.00000000001739,212.9999999999975,139.00000000004476,259.00000000000995,329.000000000005,312.0000000000199,190,376.00000000000745,12.950000000000397,2015.6500000000572,SSSW,model_assisted_not_ground_truth,0,0,0,0,0,0,0,0,0,0,0
8.10,295.00000000001012,211.99999999997974,157.00000000000338,262.99999999998988,331.00000000000335,320.00000000000676,189.99999999999324,378.99999999997976,13.110000000000371,2038.6300000000033,SSSW,model_assisted_not_ground_truth,0,0,0,0,0,0,0,0,0,0,0
8.11,297.99999999998295,205.99999999998721,157.99999999993605,259.99999999999147,331.99999999999574,322,187.99999999999147,372.99999999994031,13.220000000000155,2039.6050000000014,SSSW,model_assisted_not_ground_truth,0,0,0,0,0,0,0,0,0,0,0
8.12,294.00000000000142,203.00000000000108,143.00000000000534,258.00000000000068,331.00000000000034,322,186.00000000000071,359.000000000005,13.329999999999961,2040.5799999999995,SSSW,model_assisted_not_ground_truth,0,0,0,0,0,0,0,0,0,0,0
8.13,290.00000000000159,196.99999999999733,131.99999999999892,251.99999999999733,328.99999999999949,319.99999999999784,185.99999999999787,348.99999999999096,13.390000000000011,2002.4900000000134,SSSW,model_assisted_not_ground_truth,0,0,0,0,0,0,0,0,0,0,0
8.14,292.99999999999432,191.99999999999574,129.99999999999574,246.99999999999858,328,316,182.00000000000284,332.00000000001279,13.409999999999972,2027.5099999999914,SSSW,model_assisted_not_ground_truth,0,0,0,0,0,0,0,0,0,0,0
8.15,288.99999999999307,188.99999999999307,126.99999999998614,245.9999999999977,328,315.9999999999954,183.9999999999977,340.99999999999307,13.390000000000093,2021.5100000001109,SSSW,model_assisted_not_ground_truth,0,0,0,0,0,0,0,0,0,0,0
8.16,285.99999999994242,185.99999999996803,120.99999999998082,244.9999999999776,327.99999999999682,313.999999999968,183,337.99999999996163,13.430000000000383,2069.5100000000225,SSSW,model_assisted_not_ground_truth,0,0,0,0,0,0,0,0,0,0,0
8.17,267.99999999995504,175.99999999996322,114.99999999995097,237.99999999996322,326.99999999997959,303.999999999951,182.99999999999184,325.99999999996732,13.549999999999809,2076.4599999999891,SSSW,model_assisted_not_ground_truth,0,0,0,0,0,0,0,0,0,0,0
8.18,257.00000000000784,167.00000000000639,103.00000000000853,229.00000000000639,322.00000000000352,292.00000000000853,181.00000000000142,318.00000000000568,13.629999999999944,2074.4300000000017,SSSW,model_assisted_not_ground_truth,0,0,0,0,0,0,0,0,0,0,0
8.19,236.9999999999975,152.99999999999716,92.999999999998224,223.99999999999946,317.99999999999716,286.99999999999875,171.99999999999841,305.99999999999807,13.710000000000036,2072.3999999999974,SSSW,model_assisted_not_ground_truth,0,0,0,0,0,0,0,0,0,0,0
8.20,222.99999999999892,136.99999999998721,82.999999999986144,220.99999999998826,301.99999999998721,279.99999999999466,163.00000000000321,294.99999999999892,13.910000000000256,2056.3299999999658,SSSW,model_assisted_not_ground_truth,0,0,0,0,0,0,0,0,0,0,0
8.21,221.99999999997229,124.99999999997229,69.999999999985079,209.99999999997868,289.999999999968,274.99999999998931,166.00000000000426,293.99999999999784,14.150000000000427,2024.2699999999807,SSSW,model_assisted_not_ground_truth,0,0,0,0,0,0,0,0,0,0,0
8.22,208.99999999999699,111.99999999992752,62.999999999978861,199.99999999994262,274.99999999998488,269.99999999998488,168,292.99999999997885,14.350000000000573,2015.2299999999607,SSSW,model_assisted_not_ground_truth,0,0,0,0,0,0,0,0,0,0,0
8.23,207.99999999996484,88.000000000003908,55.999999999984368,180.99999999993747,270.00000000001171,264.99999999998045,167.99999999999218,285.99999999996481,14.539999999999662,2002.1800000000233,SSSW,model_assisted_not_ground_truth,0,0,0,0,0,0,0,0,0,0,0
8.24,199.00000000000799,88.999999999999119,52.000000000003553,165.00000000001421,272.99999999999733,260.00000000000443,166.00000000000176,277.00000000000801,14.729999999999832,1981.1300000000188,SSSW,model_assisted_not_ground_truth,0,0,0,0,0,0,0,0,0,0,0
8.25,186,80,49,177,272,253,163,267,14.800000000000001,1970.105,SSSW,model_assisted_not_ground_truth,0,0,0,0,0,0,0,0,0,0,0
8.26,172.9999999999911,78.999999999992895,48.000000000000888,158.99999999999912,263.99999999998488,245.99999999999022,171.00000000000267,250.99999999999466,14.870000000000159,1959.0799999999972,SSSW,model_assisted_not_ground_truth,0,0,0,0,0,0,0,0,0,0,0
8.27,162.99999999998224,70.999999999982236,49,157.99999999999466,246.99999999998224,234.99999999998045,174.00000000000355,244.99999999997158,15.05000000000032,1956.0099999999698,SSSW,model_assisted_not_ground_truth,0,0,0,0,0,0,0,0,0,0,0
8.28,152.9999999999547,60.99999999997069,49,155.00000000000534,236.99999999995202,223.999999999984,175.9999999999707,228.99999999996535,15.230000000000427,1938.9499999999653,SSSW,model_assisted_not_ground_truth,0,0,0,0,0,0,0,0,0,0,0
8.29,135.99999999997016,49.999999999962697,48.999999999992539,156.99999999996271,218.99999999990675,217.99999999996643,164.9999999999888,215.99999999992912,15.389999999999688,1925.8900000000256,SSSW,model_assisted_not_ground_truth,0,0,0,0,0,0,0,0,0,0,0
8.30,128.00000000000853,40.000000000010658,47.000000000002132,147.00000000001066,194.00000000002666,209.00000000000961,162.00000000000318,197.00000000002024,15.509999999999872,1917.8500000000085,SSSW,model_assisted_not_ground_truth,0,0,0,0,0,0,0,0,0,0,0
8.31,125.00000000000054,35.000000000000888,47,146.00000000000017,174.00000000000355,204.00000000000088,166.99999999999912,184.0000000000023,15.67999999999997,1892.7900000000045,SSSW,model_assisted_not_ground_truth,0,0,0,0,0,0,0,0,0,0,0
8.32,124,35.999999999996447,46.999999999999289,144.00000000000355,167.00000000000071,194.00000000000142,164.00000000000639,165.00000000000142,15.830000000000107,1879.2549999999903,SSSW,model_assisted_not_ground_truth,0,0,0,0,0,0,0,0,0,0,0
8.33,124,30.999999999998401,46,149.00000000000321,167.99999999998721,195.99999999999039,172.99999999999841,167.0000000000048,15.98000000000016,1865.7199999999889,SSSW,model_assisted_not_ground_truth,0,0,0,0,0,0,0,0,0,0,0
8.34,124.00000000000995,29.999999999995026,45.999999999997513,151.0000000000025,160.00000000000747,190.00000000000747,172,169.99999999999503,16.080000000000247,1858.69999999998,SSSW,model_assisted_not_ground_truth,0,0,0,0,0,0,0,0,0,0,0
8.35,128.00000000002362,28.0000000000135,45.000000000003375,152,162.99999999994938,193.00000000000676,172.00000000002362,168.00000000000676,16.180000000000167,1850.6699999999562,SSSW,model_assisted_not_ground_truth,0,0,0,0,0,0,0,0,0,0,0
8.36,135.00000000001279,31.999999999991473,45.999999999995737,152,148.00000000002558,195.00000000001279,179.00000000001279,169.99999999996589,16.229999999999929,1837.6500000000185,SSSW,model_assisted_not_ground_truth,0,0,0,0,0,0,0,0,0,0,0
8.37,137.99999999999892,30.000000000000711,45.000000000000355,152,153.99999999999787,197.99999999999892,181.99999999999892,162.00000000000284,16.299999999999976,1837.6300000000001,SSSW,model_assisted_not_ground_truth,0,0,0,0,0,0,0,0,0,0,0
8.38,139.00000000000267,27.000000000002132,46.000000000000533,156.00000000000267,152.00000000000054,203.00000000000213,184.00000000000213,161.99999999999946,16.320000000000011,1840.6250000000016,SSSW,model_assisted_not_ground_truth,0,0,0,0,0,0,0,0,0,0,0
8.39,144.00000000001847,30.999999999998579,46.999999999997158,160.99999999999858,153.00000000000142,207.00000000000426,188.00000000001563,161.00000000000853,16.340000000000213,1843.6199999999815,SSSW,model_assisted_not_ground_truth,0,0,0,0,0,0,0,0,0,0,0
8.40,157.00000000002311,30.000000000004619,45.000000000002309,160.00000000001387,154.00000000002078,210.00000000001387,199.00000000003465,167.00000000000924,16.490000000000069,1830.6099999999999,SSSW,model_assisted_not_ground_truth,0,0,0,0,0,0,0,0,0,0,0
8.41,167.00000000005116,32.000000000031974,45.999999999996803,166.0000000000224,163.00000000004798,216.00000000000321,214.00000000005755,171.00000000001918,16.520000000000127,1830.5999999999999,SSSW,model_assisted_not_ground_truth,0,0,0,0,0,0,0,0,0,0,0
8.42,183.00000000005718,42.000000000008171,45,173.00000000001634,178.00000000003268,217.0000000000245,232.00000000000816,177.00000000004903,16.559999999999935,1830.5799999999999,SSSW,model_assisted_not_ground_truth,0,0,0,0,0,0,0,0,0,0,0
8.43,196.99999999999005,43.999999999998579,45,176.99999999999716,185.99999999999432,222.99999999999574,233.99999999999858,188.99999999999147,16.569999999999993,1833.5899999999979,SSSW,model_assisted_not_ground_truth,0,0,0,0,0,0,0,0,0,0,0
8.44,202.00000000000125,45.000000000000355,45.000000000000178,181.0000000000023,196.00000000000088,233.00000000000125,239.00000000000054,204.00000000000179,16.590000000000007,1839.5799999999997,SSSW,model_assisted_not_ground_truth,0,0,0,0,0,0,0,0,0,0,0
8.45,209.00000000000639,47.000000000007461,46.000000000001066,193.99999999999787,201.00000000001174,240.00000000000747,242.00000000000639,214.00000000001387,16.620000000000012,1838.5799999999988,SSSW,model_assisted_not_ground_truth,0,0,0,0,0,0,0,0,0,0,0
8.46,215.00000000005329,54.00000000001279,47.000000000002132,192.00000000003411,212.00000000004903,247.00000000002771,248.0000000000469,227.00000000003624,16.630000000000024,1837.5749999999978,SSSW,model_assisted_not_ground_truth,0,0,0,0,0,0,0,0,0,0,0
8.47,240.00000000007248,60.00000000000604,48,208.00000000000605,235.0000000000604,260.0000000000332,270.00000000001211,244.00000000005133,16.640000000000182,1836.5700000001116,SSSW,model_assisted_not_ground_truth,0,0,0,0,0,0,0,0,0,0,0
8.48,264,62.000000000035172,48.000000000011724,210.00000000005079,255.00000000003908,271.00000000002342,274.00000000008595,261.00000000007424,16.699999999999893,1873.5399999999343,SSSW,model_assisted_not_ground_truth,0,0,0,0,0,0,0,0,0,0,0
8.49,264,70.999999999992013,50.999999999997335,222.99999999998846,264.99999999999113,276.99999999999466,295.99999999998045,279.99999999998312,16.739999999999963,1889.5099999999859,SSSW,model_assisted_not_ground_truth,0,0,0,0,0,0,0,0,0,0,0
8.50,291,77,60,223,287,289,313,296,16.84,1881.49,SSSW,model_assisted_not_ground_truth,0,0,0,0,0,0,0,0,0,0,0
8.51,298.00000000000711,87.999999999999105,73.000000000009777,242.00000000001421,301.00000000001154,305.0000000000133,322.00000000000887,320.0000000000133,16.900000000000063,1895.4500000000037,SSSW,model_assisted_not_ground_truth,0,0,0,0,0,0,0,0,0,0,0
8.52,306.00000000003729,87.000000000014211,84.000000000014211,258.00000000003376,314.00000000001597,320.00000000001069,332.00000000001069,335.00000000002132,16.970000000000024,1899.4400000000178,SSSW,model_assisted_not_ground_truth,0,0,0,0,0,0,0,0,0,0,0
8.53,327.00000000004263,95.000000000037303,92.000000000029317,277.00000000002933,323.00000000004798,326.00000000000801,338.00000000002132,347.00000000003729,16.984999999999996,1909.4299999999982,SSSW,model_assisted_not_ground_truth,0,0,0,0,0,0,0,0,0,0,0
8.54,343.00000000003359,109.00000000001118,103.00000000002238,288.00000000005969,341.00000000003359,329.00000000002984,346.00000000000375,361.00000000003359,16.999999999999972,1919.4199999999805,SSSW,model_assisted_not_ground_truth,0,0,0,0,0,0,0,0,0,0,0
8.55,351.99999999999039,111.9999999999968,108.99999999999361,303.99999999998295,349.99999999999039,336.99999999999147,346.99999999999892,369.99999999999039,17.019999999999978,1945.4199999999723,SSSW,model_assisted_not_ground_truth,0,0,0,0,0,0,0,0,0,0,0
8.56,356.99999999999909,116.99999999999912,111.99999999999946,315.99999999999784,354.99999999999909,339.99999999999949,347.99999999999983,378.99999999999841,17.059999999999992,1967.3999999999962,SSSW,model_assisted_not_ground_truth,0,0,0,0,0,0,0,0,0,0,0
8.57,362.00000000000358,120.00000000000568,114.00000000000355,318.99999999999574,361.00000000000142,339,352.00000000000074,375.00000000000568,17.080000000000013,1973.3900000000008,SSSW,model_assisted_not_ground_truth,0,0,0,0,0,0,0,0,0,0,0
8.58,366.99999999999358,128.00000000000159,119.00000000001279,313.0000000000112,363.00000000000642,339,353.00000000000159,383.00000000000961,17.100000000000026,1974.3700000000031,SSSW,model_assisted_not_ground_truth,0,0,0,0,0,0,0,0,0,0,0
8.59,363,129.00000000001492,126.99999999997016,319.999999999995,367.000000000005,339.000000000005,354.0000000000025,389.0000000000025,17.115000000000038,1976.3550000000048,SSSW,model_assisted_not_ground_truth,0,0,0,0,0,0,0,0,0,0,0
8.60,363.00000000000676,134.99999999999662,114.999999999973,317.99999999998647,369.00000000001012,341.00000000000335,354.99999999999665,390.00000000001012,17.130000000000031,1978.3399999999999,SSSW,model_assisted_not_ground_truth,0,0,0,0,0,0,0,0,0,0,0
8.61,364.99999999998295,133.99999999996589,106.99999999993605,313.99999999999574,372,341.99999999998721,354,393,17.139999999999986,1978.3399999999999,SSSW,model_assisted_not_ground_truth,0,0,0,0,0,0,0,0,0,0,0
8.62,361.00000000000142,126.00000000000284,92.000000000005329,313.00000000000034,372,339.00000000000108,354,393,17.149999999999995,1973.3300000000017,SSSW,model_assisted_not_ground_truth,0,0,0,0,0,0,0,0,0,0,0
8.63,354.99999999999682,125.99999999999307,57.999999999994138,310.99999999999415,368.99999999999523,334.99999999999307,348.99999999999682,386.99999999999892,17.140000000000001,1932.3299999999931,SSSW,model_assisted_not_ground_truth,0,0,0,0,0,0,0,0,0,0,0
8.64,348.99999999998721,112.99999999998082,46.999999999997868,299.99999999997868,359.99999999999005,321.99999999998721,342.99999999998931,384.9999999999801,17.139999999999986,1919.3299999999672,SSSW,model_assisted_not_ground_truth,0,0,0,0,0,0,0,0,0,0,0
8.65,339.9999999999792,99.499999999968821,45.499999999996533,284.99999999996538,352.99999999998386,312.9999999999792,335.49999999998266,370.99999999996766,17.129999999999988,1896.3299999999654,SSSW,model_assisted_not_ground_truth,0,0,0,0,0,0,0,0,0,0,0
8.66,330.99999999979855,85.999999999955236,43.999999999968026,269.99999999987847,345.99999999988171,303.99999999987847,327.99999999979855,356.9999999998401,17.125,1881.3299999999947,SSSW,model_assisted_not_ground_truth,0,0,0,0,0,0,0,0,0,0,0
8.67,267.99999999994486,71.99999999998775,34,231.99999999993872,308.99999999995504,265.999999999951,264.99999999994486,306.99999999993668,17.120000000000008,1866.3300000000238,SSSW,model_assisted_not_ground_truth,0,0,0,0,0,0,0,0,0,0,0
8.68,254.49999999997124,68.999999999993605,34,216.99999999996803,297.99999999997658,253.99999999997442,251.49999999997124,291.49999999996697,17.110000000000007,1823.3200000000304,SSSW,model_assisted_not_ground_truth,0,0,0,0,0,0,0,0,0,0,0
8.69,240.99999999999164,65.999999999996803,34,201.99999999999679,286.99999999999449,241.99999999999591,237.99999999999449,275.999999999995,17.079999999999991,1764.3199999999892,SSSW,model_assisted_not_ground_truth,0,0,0,0,0,0,0,0,0,0,0
8.70,193.99999999997638,47.999999999990052,34,183.99999999996021,255.99999999993659,218.99999999996891,206.99999999997513,247.99999999997885,17.039999999999935,1704.319999999929,SSSW,model_assisted_not_ground_truth,0,0,0,0,0,0,0,0,0,0,0
8.71,174.9999999999531,39.999999999985079,33.999999999993605,151.99999999997229,204.9999999999126,193.99999999996163,186.99999999994671,230.99999999999147,16.989999999999934,1647.3199999999242,SSSW,model_assisted_not_ground_truth,0,0,0,0,0,0,0,0,0,0,0
8.72,152.99999999994566,32.999999999972822,30.99999999999849,138.99999999994412,163.99999999995774,175.99999999997434,161.99999999992602,226.99999999997735,16.959999999999994,1611.8199999999936,SSSW,model_assisted_not_ground_truth,0,0,0,0,0,0,0,0,0,0,0
8.73,134.99999999998082,23.999999999990408,30.499999999999467,120.49999999998028,149.99999999998508,167.49999999999093,137.49999999997388,219.49999999999201,16.930000000000053,1576.3200000000629,SSSW,model_assisted_not_ground_truth,0,0,0,0,0,0,0,0,0,0,0
8.74,117.00000000001599,15.000000000007994,30.000000000000444,102.00000000001643,136.00000000001245,159.00000000000756,113.00000000002176,212.00000000000665,16.860000000000063,1539.3500000000327,SSSW,model_assisted_not_ground_truth,0,0,0,0,0,0,0,0,0,0,0
8.75,125,11,32,76,120,154,96,192,16.739999999999998,1472.4200000000001,SSSW,model_assisted_not_ground_truth,0,0,0,0,0,0,0,0,0,0,0
8.76,119.00000000000355,12.999999999988454,32,73.999999999981341,105.99999999999289,148.99999999999912,83.999999999997328,187.99999999999466,16.619999999999983,1406.4499999999841,SSSW,model_assisted_not_ground_truth,0,0,0,0,0,0,0,0,0,0,0
8.77,122.99999999999467,0,32,52.999999999989342,97.999999999984013,147.99999999999289,80.999999999987566,181.99999999998755,16.599999999999966,1388.4499999999894,SSSW,model_assisted_not_ground_truth,0,0,0,0,0,0,0,0,0,0,0
8.78,119.99999999998667,0,32.000000000002665,46.999999999989342,88.99999999998667,144.00000000000267,73.99999999998667,174.99999999998136,16.580000000000013,1382.4599999999921,SSSW,model_assisted_not_ground_truth,0,0,0,0,0,0,0,0,0,0,0
8.79,114.99999999996643,0,33.000000000007461,42.999999999992539,83.999999999977618,144.99999999999628,68.999999999973895,167.99999999995896,16.585000000000004,1379.4599999999973,SSSW,model_assisted_not_ground_truth,0,0,0,0,0,0,0,0,0,0,0
8.80,106.00000000000959,0,34.999999999997868,41.000000000002132,78.000000000006395,144.00000000000108,62.000000000007461,157.00000000001171,16.589999999999996,1376.4600000000032,SSSW,model_assisted_not_ground_truth,0,0,0,0,0,0,0,0,0,0,0
8.81,96.000000000001776,0,34.000000000000178,45.999999999999112,77.000000000000171,136.00000000000142,58.000000000000711,149.00000000000142,16.59,1375.4600000000003,SSSW,model_assisted_not_ground_truth,0,0,0,0,0,0,0,0,0,0,0
8.82,75.999999999990763,6.3948846218467178e-12,33.000000000000711,48.999999999998579,75.999999999995737,131.99999999999503,53.999999999996447,127.99999999999147,16.579999999999956,1378.4599999999746,SSSW,model_assisted_not_ground_truth,0,0,0,0,0,0,0,0,0,0,0
8.83,63,9.0000000000047962,34.000000000003197,46.999999999995204,70,124.9999999999888,48.99999999998721,115.99999999994724,16.520000000000064,1342.4700000000448,SSSW,model_assisted_not_ground_truth,0,0,0,0,0,0,0,0,0,0,0
8.84,62.999999999970157,12.000000000007461,36,44.000000000004974,69.999999999997513,117.99999999999254,40.999999999997513,82.999999999955236,16.560000000000024,1370.470000000015,SSSW,model_assisted_not_ground_truth,0,0,0,0,0,0,0,0,0,0,0
8.85,50.99999999999325,15.000000000010125,35.999999999996625,46.00000000000675,69.000000000003382,115.00000000000338,39.999999999996625,64.999999999932498,16.569999999999983,1376.4699999999966,SSSW,model_assisted_not_ground_truth,0,0,0,0,0,0,0,0,0,0,0
8.86,48.999999999991473,17.999999999991473,35,48,70.000000000008527,115.99999999998295,39,44.999999999940314,16.564999999999991,1375.4699999999987,SSSW,model_assisted_not_ground_truth,0,0,0,0,0,0,0,0,0,0,0
8.87,47.000000000000711,16.000000000000711,35,48,71.999999999999289,112.00000000000142,39,31.000000000004974,16.560000000000002,1374.4700000000005,SSSW,model_assisted_not_ground_truth,0,0,0,0,0,0,0,0,0,0,0
8.88,48.999999999998401,16.000000000002132,34.999999999999467,45.999999999999467,72.99999999999946,112.0000000000032,38,34.999999999997868,16.540000000000006,1353.4700000000087,SSSW,model_assisted_not_ground_truth,0,0,0,0,0,0,0,0,0,0,0
8.89,46.000000000001421,20.000000000004263,34,45.000000000004263,71.999999999998579,117.99999999999716,38,30.999999999992895,16.550000000000001,1369.4800000000014,SSSW,model_assisted_not_ground_truth,0,0,0,0,0,0,0,0,0,0,0
8.90,46.999999999988454,23.000000000002309,33.999999999988454,48,70.999999999995381,116.00000000000693,37.999999999995381,26.000000000006928,16.550000000000001,1370.4800000000046,SSSW,model_assisted_not_ground_truth,0,0,0,0,0,0,0,0,0,0,0
8.91,42,23.999999999996803,29.000000000015987,47.99999999998721,68.999999999996803,118.99999999999361,36.000000000003197,29.000000000009592,16.550000000000033,1372.4800000000032,SSSW,model_assisted_not_ground_truth,0,0,0,0,0,0,0,0,0,0,0
8.92,42.000000000008171,23.000000000020428,33.999999999979572,44.000000000016342,67.999999999991829,117.00000000000408,37,32.000000000008171,16.559999999999981,1373.4799999999984,SSSW,model_assisted_not_ground_truth,0,0,0,0,0,0,0,0,0,0,0
8.93,43.999999999998579,27.999999999996447,29.000000000003553,47.999999999997158,66.000000000001421,117.99999999999929,37,33.999999999998579,16.569999999999993,1374.4699999999993,SSSW,model_assisted_not_ground_truth,0,0,0,0,0,0,0,0,0,0,0
8.94,45.000000000000178,27.000000000001243,29.999999999999289,47.000000000000355,65.99999999999946,120.99999999999982,36.999999999999645,34.000000000000888,16.579999999999991,1375.4599999999978,SSSW,model_assisted_not_ground_truth,0,0,0,0,0,0,0,0,0,0,0
8.95,45.999999999997513,34.000000000002487,26.000000000002487,48.999999999995026,62.999999999998757,120,35,39,16.540000000000024,1362.4800000000187,SSSW,model_assisted_not_ground_truth,0,0,0,0,0,0,0,0,0,0,0
8.96,43.99999999998721,35.999999999989342,28.000000000006395,45,61.999999999995737,119.99999999999574,35.000000000002132,39.000000000002132,16.559999999999999,1377.48,SSSW,model_assisted_not_ground_truth,0,0,0,0,0,0,0,0,0,0,0
8.97,37.999999999995474,30.99999999999849,31.00000000000453,45.000000000009059,60.000000000007546,118.00000000001208,36.000000000001506,40.000000000028685,16.559999999999999,1377.4900000000091,SSSW,model_assisted_not_ground_truth,0,0,0,0,0,0,0,0,0,0,0
8.98,36.499999999998401,30.499999999999467,32.500000000001599,48.000000000003197,62.500000000002665,122.00000000000426,36.500000000000533,49.500000000010125,16.559999999999999,1380.4899999999948,SSSW,model_assisted_not_ground_truth,0,0,0,0,0,0,0,0,0,0,0
8.99,35.000000000001336,30.000000000000444,33.999999999998664,50.999999999997335,64.999999999997783,125.99999999999645,36.999999999999559,58.999999999991559,16.559999999999999,1382.4899999999982,SSSW,model_assisted_not_ground_truth,0,0,0,0,0,0,0,0,0,0,0
9.00,37,31,34,47,63,127,37,71,16.559999999999999,1385.49,SSSW,model_assisted_not_ground_truth,0,0,0,0,0,0,0,0,0,0,0
9.01,38.000000000000888,33.500000000002217,34.500000000000441,46.499999999999559,64.500000000001336,127,37,83.500000000011099,16.560000000000009,1388.4899999999939,SSSW,model_assisted_not_ground_truth,0,0,0,0,0,0,0,0,0,0,0
9.02,38.999999999998224,36,35,46,66.000000000001776,126.99999999999645,36.999999999998224,96,16.57,1381.4700000000125,SSSW,model_assisted_not_ground_truth,0,0,0,0,0,0,0,0,0,0,0
9.03,38.000000000002665,35.999999999994671,34.999999999997335,45.999999999989342,67.000000000008001,124.99999999998401,36,96.000000000005329,16.57,1388.4800000000159,SSSW,model_assisted_not_ground_truth,0,0,0,0,0,0,0,0,0,0,0
9.04,38.99999999999627,34.000000000022382,34.00000000000373,41.999999999985079,70.000000000041027,118.99999999993659,36.00000000000373,98.000000000044764,16.57,1394.4899999999882,SSSW,model_assisted_not_ground_truth,0,0,0,0,0,0,0,0,0,0,0
9.05,38.000000000001066,39.999999999993605,34.999999999998934,38.000000000004263,80.999999999988276,102.00000000001812,36.999999999998934,109.99999999998721,16.57,1394.49,SSSW,model_assisted_not_ground_truth,0,0,0,0,0,0,0,0,0,0,0
9.06,38,33.000000000001243,32.000000000000533,42.999999999999112,86.999999999998934,89.000000000002302,35.000000000000355,113.99999999999929,16.57,1391.4900000000005,SSSW,model_assisted_not_ground_truth,0,0,0,0,0,0,0,0,0,0,0
9.07,36,34,33,43.000000000000711,88.999999999996447,76.999999999998579,35.999999999999289,107.00000000000568,16.57,1374.9699999999882,SSSW,model_assisted_not_ground_truth,0,0,0,0,0,0,0,0,0,0,0
9.08,36,33.999999999993605,33.000000000001599,44.000000000001599,83.999999999993605,74.999999999995197,35.000000000001599,114.9999999999968,16.57,1358.4500000000321,SSSW,model_assisted_not_ground_truth,0,0,0,0,0,0,0,0,0,0,0
9.09,36,30.000000000002487,34.000000000002487,45.000000000012434,80.000000000004974,71.999999999995026,36.000000000002487,112.99999999999503,16.57000000000005,1378.4700000000398,SSSW,model_assisted_not_ground_truth,0,0,0,0,0,0,0,0,0,0,0
9.10,36.000000000010125,30.9999999999865,34.999999999996625,50.000000000003375,82.0000000000135,69.999999999989868,36.999999999996625,111.00000000006075,16.59,1394.4700000001183,SSSW,model_assisted_not_ground_truth,0,0,0,0,0,0,0,0,0,0,0
9.11,39.000000000068212,27.00000000001279,34.000000000004263,51.000000000017053,86.000000000021316,66.999999999991473,36.000000000008527,129.00000000000853,16.59,1429.5099999999502,SSSW,model_assisted_not_ground_truth,0,0,0,0,0,0,0,0,0,0,0
9.12,54.999999999994316,29.999999999998934,34.999999999999645,54.999999999998579,90.999999999998224,65.000000000000711,37.999999999999289,130.99999999999929,16.59,1432.5099999999989,SSSW,model_assisted_not_ground_truth,0,0,0,0,0,0,0,0,0,0,0
9.13,55.000000000001599,38.000000000003197,36.000000000000533,59.000000000006928,96.000000000005329,66.000000000001066,39,136.00000000000213,16.59,1434.5100000000004,SSSW,model_assisted_not_ground_truth,0,0,0,0,0,0,0,0,0,0,0
9.14,58.000000000002842,43.999999999998579,37,72.000000000021316,106.00000000001279,68.000000000021316,39,140.00000000002274,16.59,1435.5100000000014,SSSW,model_assisted_not_ground_truth,0,0,0,0,0,0,0,0,0,0,0
9.15,60,43.000000000016165,37,87.000000000002316,115.00000000001847,83.000000000025409,39,156.00000000001847,16.590000000000025,1436.5100000000023,SSSW,model_assisted_not_ground_truth,0,0,0,0,0,0,0,0,0,0,0
9.16,60.000000000009592,50.000000000031974,37,88.000000000047962,123.00000000005436,94.000000000041567,39.000000000003197,164.00000000007034,16.600000000000033,1437.5100000000032,SSSW,model_assisted_not_ground_truth,0,0,0,0,0,0,0,0,0,0,0
9.17,63.000000000020428,60.000000000081712,37.000000000012257,103,140.00000000009805,107.00000000003268,40.000000000016342,186.00000000007762,16.609999999999985,1438.4999999999984,SSSW,model_assisted_not_ground_truth,0,0,0,0,0,0,0,0,0,0,0
9.18,67.999999999996447,79.999999999985789,39.999999999997868,103,163.99999999998295,114.99999999999432,43.999999999997158,204.9999999999865,16.600000000000009,1436.5000000000014,SSSW,model_assisted_not_ground_truth,0,0,0,0,0,0,0,0,0,0,0
9.19,79.000000000001776,81.000000000001606,39.000000000000178,119.00000000000161,172.00000000000179,124.00000000000267,48.000000000001954,223.00000000000321,16.589999999999993,1435.5099999999998,SSSW,model_assisted_not_ground_truth,0,0,0,0,0,0,0,0,0,0,0
9.20,89.000000000037303,90.000000000009948,40.000000000002487,128.00000000004351,182.00000000002737,139.00000000001617,59.000000000013678,241.00000000001864,16.559999999999818,1434.5300000000086,SSSW,model_assisted_not_ground_truth,0,0,0,0,0,0,0,0,0,0,0
9.21,119.00000000009805,98.000000000036238,42.000000000004263,163.00000000004263,204.00000000005116,152.00000000005542,70.000000000029843,256.0000000000469,16.41499999999969,1441.5650000000148,SSSW,model_assisted_not_ground_truth,0,0,0,0,0,0,0,0,0,0,0
9.22,165.00000000006341,115.00000000005134,44.000000000018119,183.0000000000453,228.00000000006645,178.00000000012986,84.000000000054357,278.00000000006344,16.26999999999671,1448.6000000001698,SSSW,model_assisted_not_ground_truth,0,0,0,0,0,0,0,0,0,0,0
9.23,186.00000000011724,132.00000000010161,50.000000000054712,198.00000000007424,250.00000000006253,221.00000000010161,102.00000000013678,299.00000000008208,15.180000000001936,1504.8799999999001,SSSW,model_assisted_not_ground_truth,0,0,0,0,0,0,0,0,0,0,0
9.24,215.99999999997334,157.99999999997692,63.999999999987566,216.99999999998312,265.99999999998579,246.99999999997692,136.99999999996891,319.99999999998136,13.820000000001208,1645.2199999998754,SSSW,model_assisted_not_ground_truth,0,0,0,0,0,0,0,0,0,0,0
9.25,258,187,93,224,282,273,166,350,13.210000000000001,1758.4000000000001,SSSW,model_assisted_not_ground_truth,0,0,0,0,0,0,0,0,0,0,0
9.26,279.00000000000534,201.00000000000179,105.00000000000355,232.00000000000711,300.00000000000267,289.00000000000443,171.99999999999733,360.00000000000711,12.989999999999965,1811.4900000000844,SSSW,model_assisted_not_ground_truth,0,0,0,0,0,0,0,0,0,0,0
9.27,285.00000000000711,203.00000000000355,109.00000000001421,240.00000000000179,303.00000000000534,294.00000000001245,169.00000000000179,368.00000000001069,12.950000000000097,1906.5700000000879,SSSW,model_assisted_not_ground_truth,0,0,0,0,0,0,0,0,0,0,0
9.28,289.00000000001864,205.00000000000534,117.00000000001066,241.00000000002666,306.00000000000534,301.00000000003462,170.00000000001864,373.99999999995737,13.00499999999999,1956.0799999999911,SSSW,model_assisted_not_ground_truth,0,0,0,0,0,0,0,0,0,0,0
9.29,296.00000000000375,206.99999999997016,120.99999999999254,251.0000000000112,308,314.00000000000745,176.9999999999888,357.99999999994031,13.059999999999892,2005.5899999999033,SSSW,model_assisted_not_ground_truth,0,0,0,0,0,0,0,0,0,0,0
9.30,296.99999999999892,199.00000000000853,119.00000000000213,253.99999999999682,308,315.99999999999784,174.00000000000318,342.00000000001705,13.269999999999776,2043.5699999999595,SSSW,model_assisted_not_ground_truth,0,0,0,0,0,0,0,0,0,0,0
9.31,292.00000000000091,202.99999999999929,119.99999999999983,251.00000000000054,306.00000000000034,315.00000000000017,169.00000000000088,338.00000000000068,13.339999999999987,2033.4900000000018,SSSW,model_assisted_not_ground_truth,0,0,0,0,0,0,0,0,0,0,0
9.32,296.00000000000074,194.99999999999716,125.00000000000071,243.99999999999858,307.00000000000142,316.99999999999858,166.00000000000284,332.00000000000074,13.390000000000043,2060.5000000000318,SSSW,model_assisted_not_ground_truth,0,0,0,0,0,0,0,0,0,0,0
9.33,296.99999999999039,190.99999999999679,125.99999999997762,242.00000000000159,309.00000000000318,314.99999999999682,170.00000000000321,333.00000000000961,13.450000000000175,2105.4800000000209,SSSW,model_assisted_not_ground_truth,0,0,0,0,0,0,0,0,0,0,0
9.34,290.99999999995521,188.99999999998258,111.9999999999801,242.99999999999253,310.9999999999975,312.99999999998261,172,338.99999999998261,13.560000000000125,2118.4699999999689,SSSW,model_assisted_not_ground_truth,0,0,0,0,0,0,0,0,0,0,0
9.35,272.99999999996965,181.999999999973,103.99999999998987,239.999999999973,309.99999999998988,305.99999999997976,171.99999999998988,331.99999999996288,13.610000000000028,2105.949999999993,SSSW,model_assisted_not_ground_truth,0,0,0,0,0,0,0,0,0,0,0
9.36,263.99999999997658,173.99999999998295,100.99999999998295,231.99999999999361,306.99999999999363,299.99999999998721,168.99999999998508,320.99999999997442,13.659999999999929,2093.4300000000176,SLT,model_assisted_not_ground_truth,0,0,0,0,0,0,0,0,0,0,0
9.37,258.4999999999863,169.99999999999005,96.999999999990052,230.49999999999628,305.49999999999625,296.99999999999255,165.4999999999913,314.99999999998511,13.809999999999947,2099.3999999999978,SLT,model_assisted_not_ground_truth,0,0,0,0,0,0,0,0,0,0,0
9.38,252.99999999999628,165.99999999998295,92.999999999988276,228.99999999999679,303.99999999999466,293.99999999999466,161.99999999999892,308.99999999999949,13.990000000000101,2095.3499999999958,SLT,model_assisted_not_ground_truth,0,0,0,0,0,0,0,0,0,0,0
9.39,245.99999999998437,133.99999999998721,70.99999999998721,222.99999999997158,293.9999999999801,283.99999999999574,159.99999999998437,307.99999999998863,14.180000000000284,2087.2899999999659,SLT,model_assisted_not_ground_truth,0,0,0,0,0,0,0,0,0,0,0
9.40,234.99999999996305,124.99999999993996,61.999999999986144,202.99999999994228,279.99999999997226,280.99999999998613,149.00000000000924,299.99999999998386,14.380000000000255,2063.2099999999873,SLT,model_assisted_not_ground_truth,0,0,0,0,0,0,0,0,0,0,0
9.41,218.99999999996481,98.999999999964828,55.999999999990408,177.9999999999776,267.99999999999682,274.99999999997442,152.99999999998721,292.99999999997124,14.490000000000039,2057.6749999999979,SLT,model_assisted_not_ground_truth,0,0,0,0,0,0,0,0,0,0,0
9.42,207.99999999994282,87.999999999979579,52.999999999991829,170.99999999995916,266.99999999996732,266.99999999997141,149.0000000000245,283.99999999995913,14.599999999999824,2052.1400000000085,SLT,model_assisted_not_ground_truth,0,0,0,0,0,0,0,0,0,0,0
9.43,194.00000000000995,83.000000000003553,51.000000000001421,161.00000000000711,259.00000000000568,260.000000000005,154.99999999999574,274.00000000000711,14.789999999999864,2034.1000000000126,SLT,model_assisted_not_ground_truth,0,0,0,0,0,0,0,0,0,0,0
9.44,187.99999999999628,79.999999999999289,50.999999999999467,158.00000000000017,263.99999999999858,251.99999999999875,150.00000000000142,265.9999999999975,14.99000000000003,2031.0099999999973,SLT,model_assisted_not_ground_truth,0,0,0,0,0,0,0,0,0,0,0
9.45,166.99999999998136,75.999999999990052,48,158.99999999998633,255.9999999999888,244.9999999999888,158.0000000000025,251.9999999999801,15.160000000000162,2015.9499999999603,SLT,model_assisted_not_ground_truth,0,0,0,0,0,0,0,0,0,0,0
9.46,151.99999999996376,67.999999999972289,48.000000000002132,148.00000000000213,246.99999999997442,235.99999999998295,159.99999999998721,235.9999999999595,15.290000000000425,1983.8799999999958,SLT,model_assisted_not_ground_truth,0,0,0,0,0,0,0,0,0,0,0
9.47,134.99999999995168,54.999999999981881,49,149.00000000000301,234.99999999993054,227.99999999996678,153.99999999998187,216.99999999994867,15.490000000000286,1981.8399999999667,SLT,model_assisted_not_ground_truth,0,0,0,0,0,0,0,0,0,0,0
9.48,118.99999999997264,48.999999999972644,48.999999999988276,150.00000000000389,211.99999999992184,216.99999999998829,148.00000000005079,199.99999999994139,15.5850000000001,1970.8099999999881,SLT,model_assisted_not_ground_truth,0,0,0,0,0,0,0,0,0,0,0
9.49,112.00000000000622,42.000000000006217,46.000000000002665,150.99999999999912,192.00000000001776,214.00000000000267,160.99999999998846,185.00000000001333,15.679999999999914,1959.7800000000097,SLT,model_assisted_not_ground_truth,0,0,0,0,0,0,0,0,0,0,0
9.50,116,32,45,147,168,200,158,174,15.93,1927.73,SLT,model_assisted_not_ground_truth,0,0,0,0,0,0,0,0,0,0,0
9.51,117.0000000000009,36.999999999995559,46.000000000000888,145.00000000000355,160.99999999999201,194,155.99999999999378,160.00000000000443,16.030000000000065,1909.6799999999851,SLT,model_assisted_not_ground_truth,0,0,0,0,0,0,0,0,0,0,0
9.52,118,31.999999999998224,46.999999999996447,148.99999999999821,152.00000000001421,194.0000000000089,149.00000000003021,164.99999999999466,16.100000000000072,1892.6699999999573,SLT,model_assisted_not_ground_truth,0,0,0,0,0,0,0,0,0,0,0
9.53,118.00000000001599,30.999999999992006,45.000000000002665,148.00000000001066,159.99999999995737,199.00000000000534,166.00000000000267,161.99999999999733,16.140000000000107,1868.6599999999814,SLT,model_assisted_not_ground_truth,0,0,0,0,0,0,0,0,0,0,0
9.54,124.00000000005595,28.000000000014921,46,152.00000000002612,143.99999999999628,201.00000000001864,167,161.0000000000112,16.179999999999922,1861.6500000000137,SLT,model_assisted_not_ground_truth,0,0,0,0,0,0,0,0,0,0,0
9.55,138.99999999998403,31.999999999995737,46,158.99999999999255,143.00000000000108,205.99999999999466,167,163.99999999999682,16.209999999999969,1849.6500000000128,SLT,model_assisted_not_ground_truth,0,0,0,0,0,0,0,0,0,0,0
9.56,139,31.000000000000178,46.999999999999822,163.99999999999912,143.99999999999983,210.99999999999912,172.99999999999892,161.00000000000054,16.215,1847.1500000000005,SLT,model_assisted_not_ground_truth,0,0,0,0,0,0,0,0,0,0,0
9.57,153.0000000000135,36,46,170.00000000000284,148.00000000000568,215.00000000000568,182.00000000000924,154.00000000000071,16.220000000000006,1844.6499999999937,SLT,model_assisted_not_ground_truth,0,0,0,0,0,0,0,0,0,0,0
9.58,172.00000000002078,36.000000000001599,45.999999999998401,174.00000000000321,156.00000000001438,223.00000000000321,195.00000000003837,155.0000000000112,16.229999999999968,1835.6499999999746,SLT,model_assisted_not_ground_truth,0,0,0,0,0,0,0,0,0,0,0
9.59,185.00000000000747,37.000000000012434,44.999999999997513,176.00000000001245,165.00000000003482,225.00000000001492,219.00000000003234,162.00000000004476,16.210000000000001,1819.6600000000126,SLT,model_assisted_not_ground_truth,0,0,0,0,0,0,0,0,0,0,0
9.60,188.00000000006412,41.999999999996625,44.00000000000675,181.00000000002026,179.00000000003376,231.00000000001688,232.00000000001688,180.00000000008777,16.209999999999969,1824.6700000000001,SLT,model_assisted_not_ground_truth,0,0,0,0,0,0,0,0,0,0,0
9.61,207,41.00000000001279,46.000000000004263,187,189.00000000002984,236.0000000000469,237.00000000000426,206.00000000009379,16.200000000000014,1824.6700000000001,SLT,model_assisted_not_ground_truth,0,0,0,0,0,0,0,0,0,0,0
9.62,207,43.999999999998934,46.999999999999645,187,195.9999999999975,246.99999999999608,237.99999999999966,227.99999999999218,16.190000000000005,1830.679999999998,SLT,model_assisted_not_ground_truth,0,0,0,0,0,0,0,0,0,0,0
9.63,211.00000000000321,44.999999999999467,46,204.00000000000267,211.00000000001387,249.00000000000693,250.00000000000426,243.00000000000961,16.195000000000004,1832.6800000000012,SLT,model_assisted_not_ground_truth,0,0,0,0,0,0,0,0,0,0,0
9.64,217.00000000003695,44.000000000008527,46.000000000001421,209,237.00000000001847,262.00000000001421,258.00000000001421,261.00000000003268,16.200000000000014,1834.6799999999957,SLT,model_assisted_not_ground_truth,0,0,0,0,0,0,0,0,0,0,0
9.65,243.00000000003234,50.000000000013856,47,209.00000000000693,250.00000000003234,272.00000000001847,268.00000000003234,284.00000000003234,16.210000000000047,1831.6700000000139,SLT,model_assisted_not_ground_truth,0,0,0,0,0,0,0,0,0,0,0
9.66,257.00000000002558,56.000000000003197,47.00000000001279,212.00000000004158,264.00000000003519,280.0000000000224,282.00000000004479,298.00000000004798,16.230000000000128,1837.6700000001472,SLT,model_assisted_not_ground_truth,0,0,0,0,0,0,0,0,0,0,0
9.67,265.00000000007765,57.000000000028599,51.000000000036771,225.00000000004084,275.00000000008578,287.00000000002041,296.00000000007356,313.00000000006946,16.269999999999936,1883.6699999999266,SLT,model_assisted_not_ground_truth,0,0,0,0,0,0,0,0,0,0,0
9.68,283.99999999998647,63.999999999995026,59.999999999993605,234.99999999999289,295.99999999998511,291.99999999999648,313.99999999998721,329.99999999998795,16.33999999999995,1902.6599999999867,SLT,model_assisted_not_ground_truth,0,0,0,0,0,0,0,0,0,0,0
9.69,301.00000000000216,72.000000000001961,70.000000000001421,243.00000000000179,304.00000000000216,303.00000000000267,319.0000000000025,354,16.385000000000009,1912.6400000000017,SLT,model_assisted_not_ground_truth,0,0,0,0,0,0,0,0,0,0,0
9.70,313.00000000001739,83.000000000011198,78.000000000014921,253.00000000003357,316.00000000001245,318.00000000000995,333.0000000000112,354.00000000002115,16.430000000000287,1922.6200000000335,SLT,model_assisted_not_ground_truth,0,0,0,0,0,0,0,0,0,0,0
9.71,327.00000000002774,92.000000000027711,90.000000000029843,280.00000000002558,326.000000000032,326.00000000000853,342.00000000001495,371.00000000000853,16.660000000000235,1949.6100000000595,SLT,model_assisted_not_ground_truth,0,0,0,0,0,0,0,0,0,0,0
9.72,340.00000000003018,105.00000000003322,104.00000000001812,292.00000000002416,341.00000000003928,330.00000000003018,348.99999999999699,375.0000000000332,16.770000000000149,1977.5200000000784,SLT,model_assisted_not_ground_truth,0,0,0,0,0,0,0,0,0,0,0
9.73,350.00000000002342,116.00000000003517,110.00000000002345,300.00000000002734,354.00000000004297,340.00000000001171,348.00000000000392,386.00000000003126,16.819999999999911,2003.4899999999539,SLT,model_assisted_not_ground_truth,0,0,0,0,0,0,0,0,0,0,0
9.74,355.99999999999466,124.99999999999201,115.99999999999467,306.9999999999938,364.99999999999022,342.99999999999733,348.99999999999909,393.99999999999289,16.939999999999895,1999.4600000000037,SLT,model_assisted_not_ground_truth,0,0,0,0,0,0,0,0,0,0,0
9.75,362,127,117,317,369,346,347,398,17.010000000000002,1993.45,SLT,model_assisted_not_ground_truth,0,0,0,0,0,0,0,0,0,0,0
9.76,360.00000000000267,128.00000000000179,115.9999999999991,316.00000000000267,375.00000000000267,345.00000000000091,352,400.00000000000091,17.030000000000019,1987.9399999999951,SLT,model_assisted_not_ground_truth,0,0,0,0,0,0,0,0,0,0,0
9.77,363.00000000000176,129.99999999999821,114.99999999999822,319.00000000000358,378.00000000000358,345.99999999999824,351.99999999999824,401.00000000000887,17.050000000000072,1982.4300000000071,SLT,model_assisted_not_ground_truth,0,0,0,0,0,0,0,0,0,0,0
9.78,363.99999999999733,128.99999999999201,113.99999999998134,320.99999999999466,380,345,350.99999999998931,405.99999999999466,17.090000000000078,1986.3999999999894,SLT,model_assisted_not_ground_truth,0,0,0,0,0,0,0,0,0,0,0
9.79,362.99999999998136,125.99999999998882,106.99999999994778,318.99999999998136,379.99999999999255,344.9999999999776,346.99999999999625,404,17.119999999999941,1982.3800000000081,SLT,model_assisted_not_ground_truth,0,0,0,0,0,0,0,0,0,0,0
9.80,358.00000000000534,123.0000000000032,93.000000000014921,314.00000000000534,378.00000000000216,339.00000000000637,346.00000000000108,404,17.149999999999967,1978.3400000000042,SLT,model_assisted_not_ground_truth,0,0,0,0,0,0,0,0,0,0,0
9.81,351.00000000000125,122.00000000000017,63.000000000005329,307.00000000000125,374.00000000000068,335.00000000000068,341.00000000000091,400.00000000000068,17.159999999999997,1967.340000000002,SLT,model_assisted_not_ground_truth,0,0,0,0,0,0,0,0,0,0,0
9.82,337.99999999997937,105.99999999998792,46.999999999995737,287.99999999998505,360.99999999999073,325.99999999998721,333.99999999998931,383.99999999998647,17.159999999999997,1943.329999999989,SLT,model_assisted_not_ground_truth,0,0,0,0,0,0,0,0,0,0,0
9.83,308.99999999998641,88.999999999996803,41.000000000000803,266.99999999998403,347.99999999998323,307.99999999998164,318.99999999997999,364.99999999997522,17.15499999999999,1927.8299999999751,SLT,model_assisted_not_ground_truth,0,0,0,0,0,0,0,0,0,0,0
9.84,300.49999999997885,86.999999999995026,41.500000000001243,256.9999999999751,337.49999999997391,296.49999999997141,306.49999999996891,349.49999999996146,17.149999999999924,1912.3299999998358,SLT,model_assisted_not_ground_truth,0,0,0,0,0,0,0,0,0,0,0
9.85,291.99999999991394,84.999999999971308,41.999999999988191,246.99999999992744,326.99999999993759,284.99999999993923,293.99999999990553,333.999999999865,17.119999999999969,1846.3299999998987,SLT,model_assisted_not_ground_truth,0,0,0,0,0,0,0,0,0,0,0
9.86,266.49999999996373,76.499999999987921,38.499999999995026,225.49999999996945,308.49999999997374,266.99999999997442,265.99999999996021,293.99999999994316,17.110000000000014,1816.3300000000427,SLT,model_assisted_not_ground_truth,0,0,0,0,0,0,0,0,0,0,0
9.87,241.00000000000904,68.000000000003013,35.000000000001243,204.00000000000762,290.00000000000659,249.00000000000639,238.00000000000995,254.00000000001421,17.080000000000009,1755.3300000000215,SLT,model_assisted_not_ground_truth,0,0,0,0,0,0,0,0,0,0,0
9.88,201.9999999999888,50.999999999991473,34.999999999998934,179.99999999998508,267.99999999996697,221.99999999999093,200.99999999999039,226.99999999999361,17.029999999999987,1699.3299999999792,SLT,model_assisted_not_ground_truth,0,0,0,0,0,0,0,0,0,0,0
9.89,180.99999999996163,34.999999999998579,33,151.999999999973,205.99999999995595,204.99999999998295,182.99999999996021,214.99999999998437,17.004999999999967,1660.3249999999446,SLT,model_assisted_not_ground_truth,0,0,0,0,0,0,0,0,0,0,0
9.90,153.99999999996999,33.999999999986144,33,132.99999999993534,174.99999999997689,192.99999999997459,154.99999999993994,203.99999999999076,16.979999999999862,1621.3199999998844,SLT,model_assisted_not_ground_truth,0,0,0,0,0,0,0,0,0,0,0
9.91,140.99999999992005,27.999999999961631,32.999999999996803,104.99999999995524,164.99999999995524,181.99999999997121,128.99999999995202,200.000000000016,16.91999999999965,1571.3299999998403,SLT,model_assisted_not_ground_truth,0,0,0,0,0,0,0,0,0,0,0
9.92,116.00000000003268,16.000000000004086,32,90.999999999950973,150.99999999991829,173.0000000000245,113.99999999995507,205.00000000000816,16.810000000000173,1521.3900000000799,SLT,model_assisted_not_ground_truth,0,0,0,0,0,0,0,0,0,0,0
9.93,123.99999999999432,16.999999999999289,32,79.000000000008527,131.00000000001421,178.99999999999574,103.00000000000782,206.99999999999858,16.680000000000092,1441.4500000000569,SLT,model_assisted_not_ground_truth,0,0,0,0,0,0,0,0,0,0,0
9.94,135.99999999999983,15.999999999998757,32.000000000000178,60.999999999997691,123.99999999999768,178,90.999999999998749,206.99999999999841,16.619999999999997,1381.4400000000007,SLT,model_assisted_not_ground_truth,0,0,0,0,0,0,0,0,0,0,0
9.95,134.9999999999888,9.0000000000149214,33.000000000001243,48.00000000000373,110.99999999999503,177.99999999999875,83.999999999985079,198.0000000000025,16.609999999999999,1385.4500000000012,SLT,model_assisted_not_ground_truth,0,0,0,0,0,0,0,0,0,0,0
9.96,125.99999999998082,20.999999999972289,33.999999999997868,50.999999999985079,106.99999999998508,176.99999999997229,71.999999999985079,199.99999999996589,16.609999999999999,1386.4499999999957,SLT,model_assisted_not_ground_truth,0,0,0,0,0,0,0,0,0,0,0
9.97,116.99999999994866,8,33,43.99999999999396,99.999999999981881,163.99999999997885,64.999999999987921,183.99999999998792,16.609999999999999,1384.4499999999996,SLT,model_assisted_not_ground_truth,0,0,0,0,0,0,0,0,0,0,0
9.98,99.999999999925748,8.000000000003908,33.000000000011724,41.999999999988276,93.99999999998046,156.99999999999218,60.99999999998046,179.99999999991795,16.609999999999999,1382.4500000000037,SLT,model_assisted_not_ground_truth,0,0,0,0,0,0,0,0,0,0,0
9.99,81.000000000016882,8.9999999999991118,35.999999999997335,39.000000000002665,89.000000000004434,155.00000000000176,56.000000000004441,159.00000000001864,16.550000000000054,1332.4500000000444,SLT,model_assisted_not_ground_truth,0,0,0,0,0,0,0,0,0,0,0
10.00,71,11,36,42,79,155,51,154,16.579999999999998,1372.46,SLT,model_assisted_not_ground_truth,0,0,0,0,0,0,0,0,0,0,0
10.01,58,19.999999999996447,36.000000000000888,43.999999999999112,75.999999999998224,154.00000000000088,42.999999999998224,125.99999999998934,16.57,1381.47,SLT,model_assisted_not_ground_truth,0,0,0,0,0,0,0,0,0,0,0
10.02,57.999999999994671,16.000000000007105,37,42.999999999989342,73.999999999994671,155.00000000000534,40.999999999996447,113.9999999999698,16.570000000000007,1381.4700000000018,SLT,model_assisted_not_ground_truth,0,0,0,0,0,0,0,0,0,0,0
10.03,55,19.999999999986677,37,37.000000000021316,71.000000000008001,158.00000000000267,39,96.999999999968026,16.574999999999999,1382.4699999999998,SLT,model_assisted_not_ground_truth,0,0,0,0,0,0,0,0,0,0,0
10.04,54.999999999977618,14.999999999992539,37,45,73.999999999996277,158.99999999997763,38.99999999999627,84.99999999992913,16.579999999999988,1383.469999999998,SLT,model_assisted_not_ground_truth,0,0,0,0,0,0,0,0,0,0,0
10.05,49.000000000006395,13.000000000002132,37,45,73.000000000001066,153.00000000000639,38.000000000001066,66.00000000002025,16.570000000000011,1382.4800000000012,SLT,model_assisted_not_ground_truth,0,0,0,0,0,0,0,0,0,0,0
10.06,47.000000000000355,22.999999999998224,35.000000000000355,46.999999999999645,72.000000000000171,148.00000000000088,38,55.000000000001954,16.560000000000002,1359.4600000000041,SLT,model_assisted_not_ground_truth,0,0,0,0,0,0,0,0,0,0,0
10.07,42.999999999996447,18.000000000006395,34.999999999998579,46.999999999999289,74.000000000000711,148.99999999999929,38,52.000000000003553,16.570000000000014,1373.470000000005,SLT,model_assisted_not_ground_truth,0,0,0,0,0,0,0,0,0,0,0
10.08,38.000000000003197,27.000000000003197,32.999999999993605,46.000000000001599,75.000000000003197,148,37.999999999996803,57.000000000001599,16.589999999999982,1380.4700000000064,SLT,model_assisted_not_ground_truth,0,0,0,0,0,0,0,0,0,0,0
10.09,39.999999999995026,28.999999999997513,29.000000000014921,47,76.999999999997513,148,36.000000000002487,58.000000000007461,16.579999999999998,1384.47,SLT,model_assisted_not_ground_truth,0,0,0,0,0,0,0,0,0,0,0
10.10,38.000000000010125,28.000000000023626,34.999999999989875,47,75.999999999996618,148.00000000000338,37,61,16.579999999999998,1384.47,SLT,model_assisted_not_ground_truth,0,0,0,0,0,0,0,0,0,0,0
10.11,40.999999999982947,35.000000000008527,32,46.999999999995737,74.999999999995737,148.99999999999574,36.999999999991473,60.999999999957367,16.579999999999998,1384.47,SLT,model_assisted_not_ground_truth,0,0,0,0,0,0,0,0,0,0,0
10.12,37.000000000001421,36.999999999999289,32,46.000000000000355,74.000000000000355,148.00000000000034,35.000000000000711,51.000000000003553,16.579999999999998,1385.4699999999996,SLT,model_assisted_not_ground_truth,0,0,0,0,0,0,0,0,0,0,0
10.13,36.999999999999467,28.999999999999467,30.999999999999467,49,74,147.00000000000054,36.999999999999467,59.000000000005329,16.579999999999977,1385.469999999985,SLT,model_assisted_not_ground_truth,0,0,0,0,0,0,0,0,0,0,0
10.14,35.999999999992895,28.000000000001421,30.000000000008527,48.999999999992895,73.999999999998579,147.99999999999716,36,69.000000000011369,16.540000000000042,1357.4800000000271,SLT,model_assisted_not_ground_truth,0,0,0,0,0,0,0,0,0,0,0
10.15,31.000000000011546,29.000000000009237,35.999999999997691,44,72.999999999997684,145.99999999999537,36.000000000002309,77.000000000011553,16.57,1376.4700000000139,SLT,model_assisted_not_ground_truth,0,0,0,0,0,0,0,0,0,0,0
10.16,36,32.999999999990408,35.000000000003197,44.000000000009592,72.000000000015987,144,36.999999999996803,82,16.57,1382.480000000008,SLT,model_assisted_not_ground_truth,0,0,0,0,0,0,0,0,0,0,0
10.17,36,30.000000000020428,35.999999999979572,46.999999999983658,77.000000000008171,144.00000000001225,35.999999999995914,82.000000000004079,16.57,1384.9800000000032,SLT,model_assisted_not_ground_truth,0,0,0,0,0,0,0,0,0,0,0
10.18,36,34.999999999996447,31.000000000003553,43.000000000002842,78.999999999998579,146.99999999999787,35.000000000000711,82.999999999999289,16.57,1387.4799999999982,SLT,model_assisted_not_ground_truth,0,0,0,0,0,0,0,0,0,0,0
10.19,35.999999999999822,38.000000000000533,29.000000000000888,46.999999999999645,86.000000000000185,146,36.000000000000178,88.000000000000711,16.569999999999993,1389.4799999999957,SLT,model_assisted_not_ground_truth,0,0,0,0,0,0,0,0,0,0,0
10.20,35,40.999999999992539,34,44.999999999998757,87.000000000004974,145.9999999999888,36.999999999998757,91.999999999987566,16.540000000000013,1365.4800000000125,SLT,model_assisted_not_ground_truth,0,0,0,0,0,0,0,0,0,0,0
10.21,35,34.99999999998721,34.000000000002132,43.999999999989342,91.000000000002132,136.99999999999574,36.000000000002132,81.99999999998721,16.550000000000022,1375.4800000000087,SLT,model_assisted_not_ground_truth,0,0,0,0,0,0,0,0,0,0,0
10.22,34.99999999999698,29.000000000009059,34.99999999999698,39.00000000000604,91.999999999975842,134.99999999997885,37,76.000000000003027,16.560000000000027,1379.480000000003,SLT,model_assisted_not_ground_truth,0,0,0,0,0,0,0,0,0,0,0
10.23,33.999999999996092,31.99999999998046,34.000000000003908,41.000000000007816,83.999999999984368,127.99999999998437,36.999999999996092,77.000000000027356,16.569999999999983,1380.4799999999982,SLT,model_assisted_not_ground_truth,0,0,0,0,0,0,0,0,0,0,0
10.24,33.000000000000888,27.000000000004441,34.999999999999112,42.999999999998224,80.000000000003553,124.00000000000355,36.000000000000888,83.999999999993776,16.57,1379.9800000000005,SLT,model_assisted_not_ground_truth,0,0,0,0,0,0,0,0,0,0,0
10.25,33,23,35,42,79,119,37,82,16.57,1379.48,SLT,model_assisted_not_ground_truth,0,0,0,0,0,0,0,0,0,0,0
10.26,32.000000000000888,20.000000000004441,35.000000000000888,42,82.000000000003553,108.999999999992,36,85.000000000008882,16.579999999999998,1381.4600000000019,SLT,model_assisted_not_ground_truth,0,0,0,0,0,0,0,0,0,0,0
10.27,33,24.999999999998224,36.000000000001776,42.000000000005329,86.000000000010658,99.999999999998224,36.000000000003553,95.000000000008882,16.579999999999945,1383.4599999999841,SLT,model_assisted_not_ground_truth,0,0,0,0,0,0,0,0,0,0,0
10.28,33.000000000002665,24.000000000002665,36.999999999997335,45.000000000013323,92,99,38,100.00000000001333,16.550000000000026,1374.4800000000346,SLT,model_assisted_not_ground_truth,0,0,0,0,0,0,0,0,0,0,0
10.29,34,25,36.000000000011191,50.000000000011191,92.000000000014921,99.000000000018645,38,105.00000000003357,16.559999999999981,1387.4899999999745,SLT,model_assisted_not_ground_truth,0,0,0,0,0,0,0,0,0,0,0
10.30,34,25,38.999999999996803,52.999999999996803,95.999999999995737,103.99999999999467,38,113.99999999999041,16.56999999999999,1388.4899999999989,SLT,model_assisted_not_ground_truth,0,0,0,0,0,0,0,0,0,0,0
10.31,37.999999999999289,19.000000000001066,38.000000000000178,53.999999999999822,99.999999999999289,109.99999999999893,38.999999999999822,126.9999999999977,16.57,1390.4899999999996,SLT,model_assisted_not_ground_truth,0,0,0,0,0,0,0,0,0,0,0
10.32,44.000000000007105,31.000000000000711,39,76.000000000008527,106.00000000000142,118.00000000000497,40,144.00000000000924,16.57,1392.49,SLT,model_assisted_not_ground_truth,0,0,0,0,0,0,0,0,0,0,0
10.33,54.000000000001599,32.000000000027178,39.000000000001599,87.99999999998721,108.00000000001759,125.00000000000639,40.000000000001599,157.00000000000159,16.569999999999936,1392.4899999999632,SLT,model_assisted_not_ground_truth,0,0,0,0,0,0,0,0,0,0,0
10.34,55.000000000009948,49.000000000019895,40.000000000007461,80.00000000003979,119.0000000000572,129.00000000002737,41.000000000004974,158.00000000004974,16.530000000000101,1369.5000000000696,SLT,model_assisted_not_ground_truth,0,0,0,0,0,0,0,0,0,0,0
10.35,59.000000000023626,57.000000000060751,43.000000000010125,96.000000000070884,142.00000000006412,140.00000000006077,43.000000000027001,178.00000000007762,16.569999999999968,1397.4899999999832,SLT,model_assisted_not_ground_truth,0,0,0,0,0,0,0,0,0,0,0
10.36,66.000000000021316,75.000000000042633,46.000000000004263,117.0000000000469,161.00000000009379,158.00000000005116,51.000000000021316,201.00000000010658,16.560000000000013,1392.500000000007,SLT,model_assisted_not_ground_truth,0,0,0,0,0,0,0,0,0,0,0
10.37,70.999999999998224,84.999999999996447,46.999999999999645,127.99999999999609,182.99999999999218,169.99999999999574,55.999999999998224,225.99999999999113,16.520000000000014,1395.5299999999988,SLT,model_assisted_not_ground_truth,0,0,0,0,0,0,0,0,0,0,0
10.38,95.000000000011198,96.000000000006395,48.000000000000533,140.000000000016,201.00000000000961,187.00000000001066,70.000000000008001,251.00000000001012,16.424999999999947,1406.0450000000055,SLT,model_assisted_not_ground_truth,0,0,0,0,0,0,0,0,0,0,0
10.39,116.00000000006253,108.000000000027,49.000000000002842,170.00000000002558,219.00000000001847,207.00000000002132,85.000000000021316,270.00000000001279,16.329999999998819,1416.5600000001325,SLT,model_assisted_not_ground_truth,0,0,0,0,0,0,0,0,0,0,0
10.40,160.00000000004158,127.00000000004388,51.000000000025402,188.00000000003001,232.00000000002311,222.00000000003925,100.00000000007851,279.00000000005542,15.499999999997367,1509.7700000004279,SLT,model_assisted_not_ground_truth,0,0,0,0,0,0,0,0,0,0,0
10.41,178.00000000008635,146.00000000008635,62.000000000105516,201.000000000016,242.00000000003837,239.00000000006077,134.00000000006716,303.0000000001055,14.359999999998561,1695.1000000006559,SLT,model_assisted_not_ground_truth,0,0,0,0,0,0,0,0,0,0,0
10.42,205.00000000007353,173.00000000004493,95.000000000053106,206.00000000005718,254.00000000006946,258.00000000007765,155.00000000004903,336.00000000004496,13.91000000000072,1900.2699999996719,SLT,model_assisted_not_ground_truth,0,0,0,0,0,0,0,0,0,0,0
10.43,222.99999999998721,183.99999999999218,107.99999999999076,219.99999999999005,270.99999999998795,276.99999999998647,166.99999999999147,346.99999999999216,13.700000000000149,1992.3799999999346,SLT,model_assisted_not_ground_truth,0,0,0,0,0,0,0,0,0,0,0
10.44,235.00000000000088,185.99999999999983,122.00000000000125,231.00000000000179,286.00000000000176,285.00000000000142,170,356.00000000000034,13.705000000000002,2012.8850000000039,SLT,model_assisted_not_ground_truth,0,0,0,0,0,0,0,0,0,0,0
10.45,240.0000000000087,184.99999999999628,129,241.00000000000372,296.00000000000125,293.00000000000375,170.00000000000497,357.9999999999801,13.71000000000015,2033.3899999999901,SLT,model_assisted_not_ground_truth,0,0,0,0,0,0,0,0,0,0,0
10.46,246.99999999999361,181.99999999999147,128.99999999999574,243.99999999998934,297.00000000000216,296.00000000000426,173.99999999999574,341.99999999998295,13.830000000000469,2025.279999999987,SLT,model_assisted_not_ground_truth,0,0,0,0,0,0,0,0,0,0,0
10.47,243.99999999996075,177.99999999999699,126.99999999996074,238.99999999998187,297.99999999999397,297.99999999998789,171.99999999999395,333.99999999999397,14.050000000000484,2019.2299999998911,SLT,model_assisted_not_ground_truth,0,0,0,0,0,0,0,0,0,0,0
10.48,230.99999999997266,176.99999999999611,113.99999999997264,232.9999999999531,295.99999999998829,293.99999999998437,170.00000000000782,331.99999999992184,14.209999999999717,1983.2000000000639,SLT,model_assisted_not_ground_truth,0,0,0,0,0,0,0,0,0,0,0
10.49,224.00000000000622,176.00000000000088,107.00000000000622,221.00000000001066,293.00000000000267,290.00000000000352,171.99999999999824,312.00000000001774,14.449999999999786,1974.170000000008,SLT,model_assisted_not_ground_truth,0,0,0,0,0,0,0,0,0,0,0
10.50,226,163,106,219,276,288,171,294,14.619999999999999,1967.1500000000001,SLT,model_assisted_not_ground_truth,0,0,0,0,0,0,0,0,0,0,0
10.51,224.99999999999557,151.99999999999821,103.99999999999289,219.99999999999733,275.00000000001069,288.99999999999289,174.00000000000088,294,14.710000000000079,1963.6249999999968,SLT,model_assisted_not_ground_truth,0,0,0,0,0,0,0,0,0,0,0
10.52,219.99999999998755,149.99999999998224,95.999999999984013,216.99999999999645,286.99999999999113,280.99999999999113,175.0000000000089,293.99999999997868,14.800000000000232,1960.0999999999999,SLT,model_assisted_not_ground_truth,0,0,0,0,0,0,0,0,0,0,0
10.53,212.99999999996535,139.99999999998667,86.999999999989342,214.999999999984,282,275.9999999999867,180.00000000002132,281.99999999996004,14.930000000000399,1960.0599999999545,SLT,model_assisted_not_ground_truth,0,0,0,0,0,0,0,0,0,0,0
10.54,200,134.99999999998508,82.999999999992539,208.99999999997016,281.99999999997391,270.99999999999625,187.9999999999888,266.99999999994776,15.079999999999707,1943.0200000000332,SLT,model_assisted_not_ground_truth,0,0,0,0,0,0,0,0,0,0,0
10.55,200,131.00000000000426,81.000000000002132,201.00000000000853,275.00000000000745,270.00000000000108,185.00000000000318,253.00000000001492,15.349999999999712,1923.9400000000203,SLT,model_assisted_not_ground_truth,0,0,0,0,0,0,0,0,0,0,0
10.56,195.00000000000088,108.00000000000409,78.00000000000054,197.00000000000071,269.00000000000108,266.00000000000068,186.99999999999966,238.00000000000267,15.619999999999951,1907.8700000000028,SLT,model_assisted_not_ground_truth,0,0,0,0,0,0,0,0,0,0,0
10.57,192.99999999999716,103.99999999999289,73.999999999991473,188.99999999998508,263.999999999995,264.99999999999716,190.00000000000142,237.99999999998721,15.920000000000114,1882.7999999999906,SLT,model_assisted_not_ground_truth,0,0,0,0,0,0,0,0,0,0,0
10.58,188.99999999997601,93.999999999985604,61.999999999988809,167.99999999998241,256.99999999999841,260.99999999999841,192.00000000000799,219.99999999997601,16.080000000000254,1869.7549999999792,SLT,model_assisted_not_ground_truth,0,0,0,0,0,0,0,0,0,0,0
10.59,173.99999999998755,84.999999999992539,54.999999999995026,156.9999999999776,255.9999999999801,259.99999999998261,196.99999999999503,204.9999999999801,16.240000000000371,1856.7099999999575,SLT,model_assisted_not_ground_truth,0,0,0,0,0,0,0,0,0,0,0
10.60,168.99999999999662,81.9999999999865,52.999999999983125,148.00000000001688,247.99999999997974,252.9999999999865,195,196.99999999996288,16.390000000000573,1839.6500000000303,SLT,model_assisted_not_ground_truth,0,0,0,0,0,0,0,0,0,0,0
10.61,168.00000000001279,78.000000000004263,48,153.00000000002132,241.99999999997868,249.00000000002132,195.00000000000426,185.99999999994458,16.559999999999757,1848.6399999999874,SLT,model_assisted_not_ground_truth,0,0,0,0,0,0,0,0,0,0,0
10.62,170.99999999999892,78.999999999999645,48,157.99999999999824,237.00000000000176,253.99999999999824,195.99999999999966,173.0000000000046,16.709999999999948,1838.6200000000035,SLT,model_assisted_not_ground_truth,0,0,0,0,0,0,0,0,0,0,0
10.63,176,64,48.000000000001066,155.99999999999946,230,237.99999999999628,193.99999999999946,170.99999999999679,16.760000000000009,1823.6100000000042,SLT,model_assisted_not_ground_truth,0,0,0,0,0,0,0,0,0,0,0
10.64,175.99999999999716,64.000000000002842,50,155.00000000001279,229.99999999999574,231,193.00000000000711,164.99999999999716,16.770000000000007,1831.599999999997,SLT,model_assisted_not_ground_truth,0,0,0,0,0,0,0,0,0,0,0
10.65,174.00000000000693,65.999999999974591,50,164,226.99999999998153,231.0000000000023,198.00000000001387,162.99999999999537,16.775000000000013,1829.5899999999954,SLT,model_assisted_not_ground_truth,0,0,0,0,0,0,0,0,0,0,0
10.66,177.000000000016,54.999999999990408,50,163.99999999999361,218.99999999998721,231.99999999999039,204.00000000000321,161.00000000000321,16.780000000000065,1827.5800000000063,SLT,model_assisted_not_ground_truth,0,0,0,0,0,0,0,0,0,0,0
10.67,181.99999999998775,51.999999999963229,50.000000000004086,162.00000000002044,214.9999999999755,229.00000000002859,204.99999999998775,161.99999999998775,16.799999999999969,1829.5699999999968,SLT,model_assisted_not_ground_truth,0,0,0,0,0,0,0,0,0,0,0
10.68,179.00000000000213,43.000000000006395,50.999999999999289,166.99999999999645,209.00000000000426,235.99999999999503,202.00000000000213,159.00000000000213,16.809999999999992,1834.5599999999963,SLT,model_assisted_not_ground_truth,0,0,0,0,0,0,0,0,0,0,0
10.69,176.99999999999963,42,47.000000000000178,174.99999999999963,208.99999999999821,236.99999999999963,205.00000000000125,156.99999999999963,16.82,1834.5399999999977,SLT,model_assisted_not_ground_truth,0,0,0,0,0,0,0,0,0,0,0
10.70,174.99999999999875,42.000000000002487,48.000000000001243,173.00000000000497,198.99999999999378,235.0000000000025,212.0000000000025,154.9999999999975,16.820000000000014,1821.530000000005,SLT,model_assisted_not_ground_truth,0,0,0,0,0,0,0,0,0,0,0
10.71,174.00000000001279,44,49,177.00000000002132,193.99999999999574,237.00000000000426,214.00000000001705,152.99999999999361,16.83000000000002,1825.5199999999988,SLT,model_assisted_not_ground_truth,0,0,0,0,0,0,0,0,0,0,0
10.72,180.00000000001509,43.999999999984901,48.99999999999698,186.99999999999699,191.99999999999093,238.99999999999699,222.00000000000605,149.99999999998792,16.840000000000003,1825.0149999999999,SLT,model_assisted_not_ground_truth,0,0,0,0,0,0,0,0,0,0,0
10.73,185.00000000002734,39.000000000003908,48.000000000003908,186.00000000000389,189,238.00000000001563,224.00000000001171,146.00000000006642,16.849999999999984,1824.5100000000009,SLT,model_assisted_not_ground_truth,0,0,0,0,0,0,0,0,0,0,0
10.74,191.99999999999378,39.999999999999112,48.999999999999112,186.99999999999912,189,241.99999999999645,226.99999999999733,162.99999999998491,16.869999999999983,1825.4899999999991,SLT,model_assisted_not_ground_truth,0,0,0,0,0,0,0,0,0,0,0
10.75,188,42,49,187,188,243,230,165,16.98,1845.48,SLT,model_assisted_not_ground_truth,0,0,0,0,0,0,0,0,0,0,0
10.76,193.00000000000355,45.999999999999112,48,196.00000000001066,196.00000000000622,245.00000000000088,231.00000000000799,166.99999999999912,17.000000000000028,1844.4599999999982,SLT,model_assisted_not_ground_truth,0,0,0,0,0,0,0,0,0,0,0
10.77,193.08406249939188,45.093114279831468,47.770890045224547,205.5322481876803,195.64197744417666,245.25136065504898,231.19894352578541,167.33942899091073,17.030000000000072,1842.430000000016,SLT,model_assisted_not_ground_truth,0,1,1,1,1,1,1,1,1,0,0
10.78,192.86756243798567,43.812192401078676,47.819861438163436,202.89789350957921,195.65619921768422,244.70270579036185,230.80360304213778,166.41628621697299,17.070000000000025,1851.4000000000094,SLT,model_assisted_not_ground_truth,0,1,1,1,1,1,1,1,1,0,0
10.79,192.88306078095425,43.100934051251443,47.765242333330178,203.71070013288232,195.28141894996327,244.6460419221988,230.63321396256472,166.20467031392695,17.080000000000009,1854.8850000000032,SLT,model_assisted_not_ground_truth,0,1,1,1,1,1,1,1,1,0,0
10.80,196.60191565362882,44.860170020761061,48.756250351011197,207.03284082123187,198.43003088951787,246.59815012956614,234.4607724955371,170.15513845357532,17.089999999999989,1858.3699999999963,SLT,model_assisted_not_ground_truth,0,1,1,1,1,1,1,1,1,0,0
10.81,200.40198099098558,45.924161710652804,49.363692417727407,204.21350869810698,201.6398947541185,248.76848184822174,238.55996386679507,175.24446692735324,17.109999999999996,1864.3599999999988,SLT,model_assisted_not_ground_truth,0,1,1,1,1,1,1,1,1,0,0
10.82,208.93514053608396,50.207912760147153,51.265151627556229,208.74694240270099,209.5389143349403,253.92750071217708,245.51400695025171,186.03496219689714,17.120000000000015,1879.3700000000069,SLT,model_assisted_not_ground_truth,0,1,1,1,1,1,1,1,1,0,0
10.83,215.65549881656142,53.619088117270564,52.693718629971769,212.1055260245011,215.81451121171051,257.75164510752995,250.93442588424267,194.64673412638689,17.140000000000018,1889.3400000000238,SLT,model_assisted_not_ground_truth,0,1,1,1,1,1,1,1,1,0,0
10.84,220.46292776341568,55.460457864265599,54.257988149434425,202.52537501469811,220.33157346223393,260.31899523731499,254.44066484975644,200.12227121539303,17.149999999999999,1904.3400000000136,SLT,model_assisted_not_ground_truth,0,1,1,1,1,1,1,1,1,0,0
10.85,222.02320532724576,55.190599770911511,54.323543675674031,176.0484339864299,222.60729796183679,261.06083819446695,253.81412037748322,204.53331402072888,17.149999999999999,1909.8400000000029,SLT,model_assisted_not_ground_truth,0,1,1,1,1,1,1,1,1,0,0
10.86,219.71651568949591,53.995393613194622,55.164370780583205,156.85356187365338,221.37557749798179,259.27707992329965,249.76430528484758,200.17400100075875,17.149999999999999,1915.3399999999922,SLT,model_assisted_not_ground_truth,0,1,1,1,1,1,1,1,1,0,0
10.87,219.98091329333997,53.489322938979541,55.984859587381848,147.12931793705491,221.74472565413998,258.86073388151175,248.56358917611499,199.48261868349692,17.159999999999997,1927.3399999999956,SLT,model_assisted_not_ground_truth,0,1,1,1,1,1,1,1,1,0,0
10.88,218.92891965832112,52.475004276680188,56.355247991917281,128.60785003599221,221.30856302247889,257.91314583645601,245.93631329770898,198.45598288020398,17.160000000000011,1932.3400000000051,SLT,model_assisted_not_ground_truth,0,1,1,1,1,1,1,1,1,0,0
10.89,261.0515667491735,78.202364770339713,67.040898563794983,294.58103384045148,263.59910577504337,289.58543001313456,278.59857577807372,258.73745788948997,17.18,1942.3300000000086,SLT,model_assisted_not_ground_truth,0,1,1,1,1,1,1,1,1,0,0
10.90,293.23148483567405,97.142446414151053,72.322001412600059,441.24705236073623,300.16010479113413,312.42922421483843,305.88295441524616,307.38690091903391,17.18,1948.3400000000092,SLT,model_assisted_not_ground_truth,0,1,1,1,1,1,1,1,1,0,0
10.91,296.7883120478549,98.847070955316369,72.850769524899562,430.16042395490632,305.64643535201287,313.92941702349253,308.8178324517084,312.06474578570794,17.180000000000032,1952.3400000000174,SLT,model_assisted_not_ground_truth,0,1,1,1,1,1,1,1,1,0,0
10.92,292.61413802747728,96.707791305966083,71.815934818389479,370.97819082837634,304.11143237682404,308.30682097055086,304.99279655414045,305.3006126419873,17.190000000000012,1957.8350000000069,SLT,model_assisted_not_ground_truth,0,1,1,1,1,1,1,1,1,0,0
10.93,286.99002307563802,92.390985295682242,69.324306270450919,340.30259649522571,300.5778560750731,302.96142731888392,301.03796629333766,296.84816482441596,17.199999999999992,1963.3299999999961,SSLW,model_assisted_not_ground_truth,0,1,1,1,1,1,1,1,1,0,0
10.94,277.52416575845137,85.218133267013343,64.817120290275582,288.85262643461755,293.49181535346628,293.60910631641121,295.15781529767514,280.13631042976601,17.210000000000001,1963.3300000000004,SSLW,model_assisted_not_ground_truth,0,1,1,1,1,1,1,1,1,0,0
10.95,286.02667642967083,90.192613974892609,66.969261323619548,266.54048770758601,298.60440612098586,297.46241314421474,301.11949601693919,287.1600780469052,17.210000000000001,1966.3299999999738,SSLW,model_assisted_not_ground_truth,0,1,1,1,1,1,1,1,1,0,0
10.96,284.0939056156729,89.487375824511915,66.504641809582907,246.79401310894679,292.94068908274005,295.58472996980328,298.45980349503037,281.36715942971011,17.210000000000001,1945.3299999999999,SSLW,model_assisted_not_ground_truth,0,1,1,1,1,1,1,1,1,0,0
10.97,279.35007838064143,86.151851934497998,64.68313333807906,223.63319447394224,288.87415318069282,291.45168332526788,294.75320059590103,274.55009566890948,17.209999999999972,1945.3299999999517,SSLW,model_assisted_not_ground_truth,0,1,1,1,1,1,1,1,1,0,0
10.98,269.53805776669606,80.481832341041795,60.655561635063883,199.46833115702469,281.16455211856834,283.303805199919,287.94677616188005,261.83767276363386,17.200000000000017,1929.3300000000283,SSLW,model_assisted_not_ground_truth,0,1,1,1,1,1,1,1,1,0,0
10.99,255.27529348137193,80.351132479590177,54.106902849403681,287.69780698563358,273.3433124041286,274.28392751674937,268.79331126838036,260.82109947536856,17.17000000000003,1887.3300000000372,SSLW,model_assisted_not_ground_truth,0,1,1,1,1,1,1,1,1,0,0
11.00,244.09321032170482,79.783005814841857,54.225654595986576,391.06058950663953,268.03321773585856,266.54358372873054,247.90120269285725,272.07540381891624,17.164999999999999,1867.8299999999999,SSLW,model_assisted_not_ground_truth,0,1,1,1,1,1,1,1,1,0,0
11.01,229.39477534563633,72.263514773818088,50.533014458355446,348.8614225892245,253.80860345879776,253.55796451617513,233.90205383645031,255.32782248178989,17.159999999999876,1848.3299999999244,SSLW,model_assisted_not_ground_truth,0,1,1,1,1,1,1,1,1,0,0
11.02,200.87061080780728,62.065311415504013,42.744632422354208,347.95454331715871,226.37029591066008,236.94708332877769,209.07451822937426,233.98625037340156,17.019999999999946,1763.3299999999165,SSLW,model_assisted_not_ground_truth,0,1,1,1,1,1,1,1,1,0,0
11.03,170.77052217655131,47.362003784627838,37.834573319678832,317.78867823136733,196.61626689975481,216.98964049686771,181.54972668015336,205.2879492647865,16.98999999999992,1716.3299999998214,SSLW,model_assisted_not_ground_truth,0,1,1,1,1,1,1,1,1,0,0
11.04,136.8826240674685,32.565965560015471,33.950897354800055,250.64488850677205,160.69762624996488,192.88999510001975,148.48987307862905,174.16142227199617,16.960000000000058,1649.3200000001309,SSLW,model_assisted_not_ground_truth,0,1,1,1,1,1,1,1,1,0,0
11.05,122.76877698818186,27.141440787078473,29.179019084471484,229.83257283177761,148.02216604801058,184.92858512177582,138.66258672545888,161.78710229825492,16.940000000000023,1621.3300000000297,SSLW,model_assisted_not_ground_truth,0,1,1,1,1,1,1,1,1,0,0
11.06,110.44445268029071,20.466206653884615,26.221042854304656,181.74424164940905,133.34730472305245,178.25314348957016,131.41345915199386,143.05240718874495,16.930000000000003,1601.8300000000033,SSLW,model_assisted_not_ground_truth,0,1,1,1,1,1,1,1,1,0,0
11.07,95.907140417781349,13.218656639126324,24.857712723711501,114.57002926684339,117.27031775764584,167.70903946246963,117.93447725998554,126.77515435301918,16.919999999999952,1582.3299999999801,SSLW,model_assisted_not_ground_truth,0,1,1,1,1,1,1,1,1,0,0
11.08,90.194942071008285,12.144541068189401,25.46862803161406,90.575623648690467,110.13418981916786,163.51762060420774,110.43556573922757,126.09289469886482,16.849999999999874,1554.3799999999235,SSLW,model_assisted_not_ground_truth,0,1,1,1,1,1,1,1,1,0,0
11.09,77.744081458941139,8.0216832539939045,23.814180756827177,214.31186404207088,86.867720700704893,159.57379754931517,88.186157755100567,118.63814227653492,16.769999999999875,1506.4199999999828,SSLW,model_assisted_not_ground_truth,0,1,1,1,1,1,1,1,1,0,0
11.10,69.731374846864668,1.1502305740599272,22.465435328920279,316.52514452356866,70.815099839348363,157.17938804300854,73.820651725284776,96.692028862654155,16.719999999999796,1499.4599999998584,SSLW,model_assisted_not_ground_truth,0,1,1,1,1,1,1,1,1,0,0
11.11,60.694911165441809,0,20.402503935691016,239.7030318383068,59.621233813705608,148.88976209265056,64.993403371258879,84.545347557481549,16.660000000000085,1457.4800000000596,SSLW,model_assisted_not_ground_truth,0,1,1,1,1,1,1,1,1,0,0
11.12,64.855313507084247,3.7380596278275515,25.433294254609091,311.53431943260659,62.918928273724667,152.04980468963848,67.514493008138842,85.469801146912587,16.650000000000002,1445.4800000000043,SSLW,model_assisted_not_ground_truth,0,1,1,1,1,1,1,1,1,0,0
11.13,58.752022356090833,2.0084529648894431,26.933803679693305,311.68146370753868,58.687615725513353,148.01663243960385,62.949111385611978,71.112477503110938,16.634999999999991,1428.474999999991,SSLW,model_assisted_not_ground_truth,0,1,1,1,1,1,1,1,1,0,0
11.14,53.253811764290354,3.383053369748934,28.07396155623449,310.53709151972225,56.668249901288377,144.8260168556493,60.032732749423523,53.897584920456268,16.619999999999987,1411.4700000000043,SSLW,model_assisted_not_ground_truth,0,1,1,1,1,1,1,1,1,0,0
11.15,44.403015074085758,1.2899365829666163,26.372881215472759,331.76526653327926,50.307271161023145,137.05418512960483,49.356895360755111,46.01544011567848,16.610000000000024,1414.4700000000394,SSLW,model_assisted_not_ground_truth,0,1,1,1,1,1,1,1,1,0,0
11.16,46.657946564421202,4.0031374907879673,27.127833949597129,376.20885840937547,53.25066909416239,139.79563520626024,51.411738449879593,47.302654512123951,16.620000000000033,1431.4799999999841,SSLW,model_assisted_not_ground_truth,0,1,1,1,1,1,1,1,1,0,0
11.17,47.348236949573973,5.7167024690413388,27.28835074553367,380.73034073727945,54.826571373821011,141.40187565518332,54.495016180291898,43.474945706503398,16.629999999999981,1426.480000000008,SSLW,model_assisted_not_ground_truth,0,1,1,1,1,1,1,1,1,0,0
11.18,44.976551266431201,8.0466549206933422,27.779760597450927,419.70878327383014,55.745077151041407,141.05076025921656,52.853550642213591,41.10364430169993,16.620000000000008,1425.4800000000007,SSLW,model_assisted_not_ground_truth,0,1,1,1,1,1,1,1,1,0,0
11.19,40.520044971640417,12.150110216022396,28.758275926842252,431.23688099308492,56.361001966740034,140.25584120572177,50.559225853862415,35.078405114729847,16.614999999999998,1423.4849999999997,SSLW,model_assisted_not_ground_truth,0,1,1,1,1,1,1,1,1,0,0
11.20,37.386656526391334,10.800877459038276,27.962044148941704,392.20118873156082,52.765267713474159,137.37268893808289,50.200288007992185,26.9420120208691,16.60999999999996,1421.4899999999664,SSLW,model_assisted_not_ground_truth,0,1,1,1,1,1,1,1,1,0,0
11.21,27.009320350143689,14.385311893637054,28.402994765441449,346.75150239834153,49.320093102902561,131.69448635137286,39.116302068510336,28.593814196098819,16.58000000000002,1394.4800000000191,SSLW,model_assisted_not_ground_truth,0,1,1,1,1,1,1,1,1,0,0
11.22,22.453621474602613,13.050943342739068,27.20435499369643,335.08571442863945,47.87335739840811,127.6916927065142,36.44680444617974,20.099751573974054,16.589999999999939,1403.480000000003,SSLW,model_assisted_not_ground_truth,0,1,1,1,1,1,1,1,1,0,0
11.23,18.446876896242429,14.609482603715774,27.793045996740773,318.09471588477334,48.910949917608662,125.66199976105923,33.402542459523886,19.842828199817788,16.570000000000036,1404.4899999999982,SSLW,model_assisted_not_ground_truth,0,1,1,1,1,1,1,1,1,0,0
11.24,15.32470145889782,17.345057015052827,28.323949905623447,290.69438521661323,50.909508914894246,123.98114292833414,31.222957099642464,24.357910676715214,16.57,1402.4900000000018,SSLW,model_assisted_not_ground_truth,0,1,1,1,1,1,1,1,1,0,0
11.25,9.1923194733069735,14.406323106585338,29.341558547837444,216.34738291404472,44.253700452170627,118.94807182457025,23.083331213199969,20.062001362403763,16.530000000000001,1366.49,SSLW,model_assisted_not_ground_truth,0,1,1,1,1,1,1,1,1,0,0
11.26,12.944677782393889,13.424226065845371,29.731821242847591,167.45019606982348,46.380037485465365,118.58034814948746,27.236554090062956,17.582660115882803,16.535000000000004,1370.9900000000041,SSLW,model_assisted_not_ground_truth,0,1,1,1,1,1,1,1,1,0,0
11.27,14.266445089490219,16.251932427696232,30.565663267838225,171.49345398683502,50.888858778176214,120.08987759951154,28.340681168379728,26.10319849328333,16.539999999999999,1375.4899999999948,SSLW,model_assisted_not_ground_truth,0,1,1,1,1,1,1,1,1,0,0
11.28,12.405143185821863,15.767069801647089,30.45807702299297,193.76836404234865,50.206701787939188,119.29135028137942,25.890112479043555,28.406870854934255,16.540000000000024,1372.4900000000293,SSLW,model_assisted_not_ground_truth,0,1,1,1,1,1,1,1,1,0,0
11.29,12.997408260681155,16.415736981248799,30.692891973332735,174.2121605870833,52.535034545072236,119.46325014135954,28.184287580999339,28.850855447643305,16.549999999999983,1383.4899999999784,SSLW,model_assisted_not_ground_truth,0,1,1,1,1,1,1,1,1,0,0
11.30,9.8477272282144668,15.034321652680415,30.40008883788111,115.20721240316541,50.925061595779212,116.60575173413542,27.048537580384284,25.8732556347029,16.550000000000001,1382.4900000000011,SSLW,model_assisted_not_ground_truth,0,1,1,1,1,1,1,1,1,0,0
11.31,6.0685109148223262,17.877019595347853,30.713746014680702,123.92685174405958,52.003778519474281,115.5983950849872,23.833655727586319,25.636853911196901,16.550000000000001,1382.49,SSLW,model_assisted_not_ground_truth,0,1,1,1,1,1,1,1,1,0,0
11.32,6.6263282796730749,16.554822149185114,31.039234162823522,102.79506761015216,50.298321755858318,115.64461741944926,24.076584483699218,29.005064591495312,16.540000000000003,1368.4800000000037,SSLW,model_assisted_not_ground_truth,0,1,1,1,1,1,1,1,1,0,0
11.33,7.3790166581943666,16.448964875904259,30.980068099065619,118.55149492966015,50.734324412058825,116.22139997018522,25.205395998601258,28.397112397931309,16.545000000000009,1373.4850000000081,SSLW,model_assisted_not_ground_truth,0,1,1,1,1,1,1,1,1,0,0
11.34,8.1962372463113624,16.967018320305932,31.268969832133092,127.83622684929539,51.702132829295905,116.93916638067915,25.658696019686371,28.110236639147459,16.550000000000026,1378.4900000000175,SSLW,model_assisted_not_ground_truth,0,1,1,1,1,1,1,1,1,0,0
11.35,2.8389442688122273,21.352887496172961,31.211733435200351,133.29886914568789,54.154312484428083,114.92445934123431,20.916660326803154,27.14447105158699,16.559999999999967,1385.4900000000102,SSLW,model_assisted_not_ground_truth,0,1,1,1,1,1,1,1,1,0,0
11.36,3.5129877470537281,20.814862375038004,30.311024992401119,102.9395069680246,54.05633938497229,114.30640443007712,22.653436726918642,27.460542957820259,16.550000000000015,1388.4999999999957,SSLW,model_assisted_not_ground_truth,0,1,1,1,1,1,1,1,1,0,0
11.37,7.2651924920796347,21.909074996609164,31.45499754788019,155.92651282992989,56.798779732729031,118.07266486980083,24.553509259249925,32.180612191697008,16.559999999999995,1393.4999999999982,SSLW,model_assisted_not_ground_truth,0,1,1,1,1,1,1,1,1,0,0
11.38,10.464493481758296,24.950165621630138,33.221678814655284,202.92237369977911,60.358795774603145,121.70233906062703,24.535515155394275,39.851695347351118,16.559999999999999,1388.4900000000036,SSLW,model_assisted_not_ground_truth,0,1,1,1,1,1,1,1,1,0,0
11.39,17.436803281195942,26.365628438315298,34.203227318762785,217.06630784114958,64.546995790997386,126.00439008075675,30.966381337484389,44.864755868198699,16.559999999999999,1395.5000000000043,SSLW,model_assisted_not_ground_truth,0,1,1,1,1,1,1,1,1,0,0
11.40,18.050468017382094,26.625496785840483,34.492821934051776,220.53467802306534,65.675179339557261,126.30113142273146,31.900736375635262,46.018487087251444,16.559999999999999,1398.5000000000023,SSLW,model_assisted_not_ground_truth,0,1,1,1,1,1,1,1,1,0,0
11.41,16.887244912257067,25.767362156796345,34.007044669117946,206.9374286008902,64.781431926419984,124.59559193058089,31.170166461343264,44.207392321000668,16.559999999999999,1399.5000000000005,SSLW,model_assisted_not_ground_truth,0,1,1,1,1,1,1,1,1,0,0
11.42,13.995889057434916,27.032689146436912,34.379629129668864,214.80797844972392,65.304558373483786,123.52043762088225,27.89767708035437,44.256359297991096,16.559999999999999,1400.4999999999984,SSLW,model_assisted_not_ground_truth,0,1,1,1,1,1,1,1,1,0,0
11.43,3.9496574810709859,19.613980072801361,30.541096960467314,174.96639160272107,57.269120903575711,112.26801273925059,20.188945300521471,30.753974105443255,16.559999999999999,1400.5,SSLW,model_assisted_not_ground_truth,0,1,1,1,1,1,1,1,1,0,0
11.44,0.29862128291332368,15.897228357028773,28.654554937626404,150.04792887727189,54.993462825090248,106.54295566204557,18.534928791803477,24.722280539000835,16.569999999999997,1402.4999999999995,SSLW,model_assisted_not_ground_truth,0,1,1,1,1,1,1,1,1,0,0
11.45,0,8.20610607419305,25.967863206639329,109.13460822419709,46.345545712960011,97.746500330872749,18.539409199041323,14.238257355304412,16.560000000000013,1400.499999999985,SSLW,model_assisted_not_ground_truth,0,1,1,1,1,1,1,1,1,0,0
11.46,0,14.984063749336261,33.985916399453309,120.00931156731433,60.154740790455392,107.68722306284802,18.543889606279173,47.580250396315321,16.570000000000022,1388.4800000000234,SSLW,model_assisted_not_ground_truth,0,1,1,1,1,1,1,1,1,0,0
11.47,58.244787866907117,61.554105121940729,46.61565345500486,81.51799275445623,127.83137383002989,142.75368669946943,54.992926389302177,127.55083255826685,16.580000000000002,1399.4800000000021,SSLW,model_assisted_not_ground_truth,0,1,1,1,1,1,1,1,1,0,0
11.48,32.218147219831494,48.944393096167154,43.374846112817252,252.3516631487289,109.55169312128793,115.12454451689406,23.712329581988453,135.10216372964496,16.589999999999982,1410.4799999999805,SSLW,model_assisted_not_ground_truth,0,1,1,1,1,1,1,1,1,0,0
11.49,37.426777357523576,50.974546312524787,43.168655973067239,265.32448797614524,114.38747633891256,119.1481376822168,28.919928366809213,144.73650616307617,16.599999999999994,1414.4799999999964,SSLW,model_assisted_not_ground_truth,0,1,1,1,1,1,1,1,1,0,0
11.50,55.111153238174865,63.501899623410665,45.29483484719335,203.05198732361023,132.76542185663348,139.75399601935399,48.316304582820038,151.8565098786564,16.579999999999998,1416.5,SSLW,model_assisted_not_ground_truth,0,1,1,1,1,1,1,1,1,0,0
11.51,58.661675858868691,63.942850319118122,46.716925519812577,93.643219945014422,135.61425932767182,150.88569665564629,52.718046139337886,145.27081867905349,16.569999999999983,1408.5100000000045,SSLW,model_assisted_not_ground_truth,0,1,1,1,1,1,1,1,1,0,0
11.52,45.371524565505275,54.122555861207815,45.338736722148035,181.20149827226987,123.71779176191967,148.23205853684294,42.280149383151091,136.83251411655527,16.549999999999539,1413.5199999999575,SSLW,model_assisted_not_ground_truth,0,1,1,1,1,1,1,1,1,0,0
11.53,44.356470899292205,56.587298391989535,46.087848752425728,131.39098779864446,119.63531253375143,149.8328776610806,37.765921210158908,145.60348884121237,16.289999999999335,1389.5399999999868,SSLW,model_assisted_not_ground_truth,0,1,1,1,1,1,1,1,1,0,0
11.54,49.838096812419401,61.766653299367874,47.586052192805816,109.35550502126263,121.68161909209333,155.83140925530711,40.289075862948735,157.53538872604753,16.039999999999779,1384.6049999999957,SSLW,model_assisted_not_ground_truth,0,1,1,1,1,1,1,1,1,0,0
11.55,50.183398635077367,64.136809886686535,48.949914271335537,107.28662142316747,119.17581540819705,158.59808150651847,38.088014320567837,160.68074847709937,15.790000000000266,1379.6700000000053,SSLW,model_assisted_not_ground_truth,0,1,1,1,1,1,1,1,1,0,0
11.56,99.156054285969986,99.053593505631625,61.79094942361035,256.89744780937622,165.97483872463317,198.32299697054646,74.58855761670219,187.64323400067067,14.950000000000149,1551.8399999999692,SSLW,model_assisted_not_ground_truth,0,1,1,1,1,1,1,1,1,0,0
11.57,168.44411265654213,135.2492483907827,73.766926781286031,120.28570582520095,226.77823171389917,242.57740260652378,143.78190987925521,264.58135326476418,14.389999999999787,1697.1000000000781,SSLW,model_assisted_not_ground_truth,0,1,1,1,1,1,1,1,1,0,0
11.58,170.72896665914894,131.83224014302814,76.103982435444351,325.23119693860326,227.73543870702994,227.33346450195512,137.77983539001031,267.72936125841841,14.089999999999824,1807.2000000001024,SSLW,model_assisted_not_ground_truth,0,1,1,1,1,1,1,1,1,0,0
11.59,186.73271080170079,138.17066047817042,82.71952965085579,318.63997789995813,241.30355339574791,238.40285240863619,149.43904130330341,283.48117875838432,13.979999999999801,1871.27000000001,SSLW,model_assisted_not_ground_truth,0,1,1,1,1,1,1,1,1,0,0
11.60,204.99476301418863,147.24911970388857,89.818539149736324,210.26783503741092,256.35085857616383,264.08297861459408,170.83105955355165,301.64543809186273,13.9,1875.2500000000084,SSLW,model_assisted_not_ground_truth,0,1,1,1,1,1,1,1,1,0,0
11.61,204.1039138402856,147.40840003565191,93.396889513935562,126.25592177207061,255.72780368077684,272.42870617895863,166.43821241199029,285.09455851548609,13.9,1877.7450000000035,SSLW,model_assisted_not_ground_truth,0,1,1,1,1,1,1,1,1,0,0
11.62,193.69199660889825,139.51657123109499,92.645771123081488,257.07513190156965,244.14330907646507,268.25171838701567,153.80312428256158,267.91093762433695,13.9,1880.2399999999991,SSLW,model_assisted_not_ground_truth,0,1,1,1,1,1,1,1,1,0,0
11.63,186.71675984913813,138.38720726391551,93.265693025712849,288.5912713452156,239.10735723016833,264.28189259258585,151.27810185498578,256.58413757982782,13.920000000000011,1911.2600000000139,SSLW,model_assisted_not_ground_truth,0,1,1,1,1,1,1,1,1,0,0
11.64,184.86009840619892,137.46302051123973,94.314836785581321,320.6898768487543,236.2824245475035,262.85193360898609,152.61952277875878,249.95287828750594,13.940000000000028,1937.2500000000371,SSLW,model_assisted_not_ground_truth,0,1,1,1,1,1,1,1,1,0,0
11.65,180.18101739851465,136.35709390859986,94.574868137036205,323.56908698226835,233.63721351549711,258.61041989466776,149.47802523371138,240.97592625592276,13.959999999999862,1963.2700000000093,SSLW,model_assisted_not_ground_truth,0,1,1,1,1,1,1,1,1,0,0
11.66,180.55553698536914,115.83530050635791,88.322254918985479,251.44528082679668,216.69647510038394,253.36196524319757,158.07649410978041,219.35034887439099,13.900000000000192,1967.2800000001855,SSLW,model_assisted_not_ground_truth,0,1,1,1,1,1,1,1,1,0,0
11.67,230.4766056534371,130.50738717876368,94.692493557499233,143.56574536519275,258.01619257156267,284.26176222499964,213.58815796705653,287.6670742782876,13.959999999999905,2025.2899999999072,SSLW,model_assisted_not_ground_truth,0,1,1,1,1,1,1,1,1,0,0
11.68,236.37914247614412,134.26743126627366,94.99668933222847,237.79889683969873,263.09971102543199,288.0338911092278,179.69498304210111,277.3443107505189,13.994999999999976,2030.2849999999964,SSLW,model_assisted_not_ground_truth,0,1,1,1,1,1,1,1,1,0,0
11.69,231.3062642318464,130.52435280863958,92.292844112483763,244.97786431825904,261.16992338475882,286.32886037868502,174.90199921870155,276.017109083869,14.03000000000001,2035.2800000000007,SSLW,model_assisted_not_ground_truth,0,1,1,1,1,1,1,1,1,0,0
11.70,228.80935308851448,126.0206414874266,90.772484956205247,223.03762754351581,265.62196546124221,286.61471293532986,199.33184606467958,289.60124998678475,14.090000000000099,2039.2699999999863,SSLW,model_assisted_not_ground_truth,0,1,1,1,1,1,1,1,1,0,0
11.71,200.55739429362572,105.48011987609152,81.961868496930521,119.40602848592154,238.66556726686099,267.85604731814277,191.32191050760773,261.636409538561,14.170000000000256,2028.2300000000128,SSLW,model_assisted_not_ground_truth,0,1,1,1,1,1,1,1,1,0,0
11.72,185.42504609693003,95.068905564973335,77.851291427631821,165.65035300336407,225.29652618439047,257.43527627509638,173.76943646330187,242.47590109269225,14.290000000000482,2034.1999999999698,SSLW,model_assisted_not_ground_truth,0,1,1,1,1,1,1,1,1,0,0
11.73,178.48967798887514,87.769767333128797,72.808042274280851,151.38305138137559,219.99787347449902,252.3559305275522,172.4051384342647,235.94065959330905,14.449999999999715,2024.1700000000178,SSLW,model_assisted_not_ground_truth,0,1,1,1,1,1,1,1,1,0,0
11.74,172.72831090499994,81.854737342998803,68.356467598781691,153.6511905639581,215.9010048181828,248.74841356405227,171.29405144458872,230.42460160454681,14.609999999999857,2008.1100000000142,SSLW,model_assisted_not_ground_truth,0,1,1,1,1,1,1,1,1,0,0
11.75,170.87033745031533,79.817275558413698,66.651479549338376,160.6482828681614,214.34106347892666,248.66198997508286,171.38079747425283,231.49205313532977,14.675000000000001,2007.5899999999999,SSLW,model_assisted_not_ground_truth,0,1,1,1,1,1,1,1,1,0,0
11.76,176.29637297644408,82.859727816431231,67.726065088090081,140.15548486581372,220.17635153830508,252.94735485126884,178.03643622302459,236.76298813494628,14.740000000000116,2007.0699999999831,SSLW,model_assisted_not_ground_truth,0,1,1,1,1,1,1,1,1,0,0
11.77,165.58066904728719,76.487018539255203,61.708553154867673,125.17954774596015,213.80574185255125,247.16625929914494,175.07749681406776,229.37146314200703,14.870000000000248,1988.0299999999875,SSLW,model_assisted_not_ground_truth,0,1,1,1,1,1,1,1,1,0,0
11.78,163.35930159863165,72.678872081635276,58.992174358599961,117.06724060624992,211.91788924585791,244.48344358240203,176.79956677655869,227.1261839405764,15.010000000000373,1980.9799999999866,SSLW,model_assisted_not_ground_truth,0,1,1,1,1,1,1,1,1,0,0
11.79,161.77984065771756,69.819411822525765,56.520415045483034,128.7050823040683,210.28491229663081,242.26742655996509,176.8924886396853,225.56993750668488,15.149999999999727,1975.9500000000098,SSLW,model_assisted_not_ground_truth,0,1,1,1,1,1,1,1,1,0,0
11.80,155.88742563013599,63.678361877407461,52.737906783026958,151.60963266774871,203.70337106017027,237.34635932170627,173.7046718208623,216.10090463363852,15.319999999999819,1959.8900000000172,SSLW,model_assisted_not_ground_truth,0,1,1,1,1,1,1,1,1,0,0
11.81,153.7593871700528,57.728303643482754,50.760748490052819,148.391065457568,198.62489354760572,234.0927191856513,175.52683028703413,208.3622540623123,15.479999999999972,1947.840000000002,SSLW,model_assisted_not_ground_truth,0,1,1,1,1,1,1,1,1,0,0
11.82,151.69587573030265,53.892550602108003,49.787643723235618,144.57871066104667,193.33307087694229,232.80453179886317,176.02324803638922,204.50015785402582,15.530000000000037,1940.3249999999946,SSLW,model_assisted_not_ground_truth,0,1,1,1,1,1,1,1,1,0,0
11.83,152.71564809547334,50.409778393385913,49.61079671040973,137.68631006690481,188.00041757318314,232.29596310172948,178.92880053814343,200.89173464699587,15.580000000000144,1932.8099999999679,SSLW,model_assisted_not_ground_truth,0,1,1,1,1,1,1,1,1,0,0
11.84,151.00000000000747,44.999999999990052,48,147.9999999999975,179.9999999999776,230.00000000000497,180.00000000000747,194.00000000000497,15.670000000000273,1912.7799999999975,SSLW,model_assisted_not_ground_truth,0,0,0,0,0,0,0,0,0,0,0
11.85,153.99999999999662,41.000000000010125,48.000000000003375,147.00000000000676,171.00000000000338,232,182.99999999997638,196,15.780000000000877,1911.7499999999222,SSLW,model_assisted_not_ground_truth,0,0,0,0,0,0,0,0,0,0,0
11.86,152.99999999999147,43.99999999998721,48.99999999998721,149.00000000000853,171.99999999999574,231.99999999997442,176.00000000003837,195.99999999999147,16.03999999999963,1888.7300000000328,SSLW,model_assisted_not_ground_truth,0,0,0,0,0,0,0,0,0,0,0
11.87,151.00000000000071,41.000000000001066,46.000000000001066,150.99999999999929,171.00000000000034,226.00000000000213,184.99999999999682,194.00000000000071,16.109999999999975,1887.7000000000005,SSLW,model_assisted_not_ground_truth,0,0,0,0,0,0,0,0,0,0,0
11.88,161.00000000000159,43.999999999998401,46.000000000000533,155,170,224.00000000000159,189,194.00000000000213,16.135000000000012,1889.6950000000011,SSLW,model_assisted_not_ground_truth,0,0,0,0,0,0,0,0,0,0,0
11.89,164.00000000000426,40.999999999998579,47.000000000001421,155.00000000001279,169.99999999999716,227.00000000000711,189.00000000000142,197.99999999999574,16.160000000000071,1891.6900000000057,SSLW,model_assisted_not_ground_truth,0,0,0,0,0,0,0,0,0,0,0
11.90,167.00000000000924,40.000000000006928,47.999999999997691,164.00000000002771,168.00000000001617,232.00000000000924,190.00000000001387,195,16.210000000000072,1895.6900000000046,SSLW,model_assisted_not_ground_truth,0,0,0,0,0,0,0,0,0,0,0
11.91,171.00000000000639,42.99999999998721,47.000000000003197,175.99999999998721,175.00000000003837,236.00000000000639,196.00000000003519,195.00000000001279,16.240000000000094,1897.6800000000032,SSLW,model_assisted_not_ground_truth,0,0,0,0,0,0,0,0,0,0,0
11.92,173.00000000002859,39.000000000004086,48,172.00000000000409,186.99999999998775,238.00000000002044,207.00000000001634,199.00000000001634,16.269999999999953,1898.6599999999985,SSLW,model_assisted_not_ground_truth,0,0,0,0,0,0,0,0,0,0,0
11.93,179.99999999999503,39.999999999999289,48,172.99999999999929,184.00000000000213,242.99999999999645,210.99999999999716,202.99999999999716,16.299999999999979,1899.6599999999994,SSLW,model_assisted_not_ground_truth,0,0,0,0,0,0,0,0,0,0,0
11.94,183.00000000000037,42.000000000000178,48.000000000000178,175.00000000000017,183.99999999999929,243.00000000000017,217.0000000000025,206,16.330000000000002,1907.6500000000005,SSLW,model_assisted_not_ground_truth,0,0,0,0,0,0,0,0,0,0,0
11.95,185.00000000001245,43.000000000002487,48.999999999998757,176.0000000000025,180.00000000001492,244.00000000000497,230.99999999999253,206.00000000000995,16.340000000000011,1910.1450000000032,SSLW,model_assisted_not_ground_truth,0,0,0,0,0,0,0,0,0,0,0
11.96,195.00000000001918,44.999999999997868,48,178.00000000000639,191.99999999998934,247.99999999999574,224.99999999999361,213.99999999999574,16.350000000000023,1912.6400000000151,SSLW,model_assisted_not_ground_truth,0,0,0,0,0,0,0,0,0,0,0
11.97,203.99999999999395,44.000000000030198,48.00000000000302,181.00000000002717,187.00000000002115,246.00000000000605,222.00000000001208,212.00000000003925,16.36000000000012,1919.6399999999578,SSLW,model_assisted_not_ground_truth,0,0,0,0,0,0,0,0,0,0,0
11.98,202.00000000003126,53.999999999988276,49,190.00000000000782,194.00000000001563,248.00000000001563,226.00000000001953,225.00000000004297,16.399999999999928,1905.6000000000249,SSLW,model_assisted_not_ground_truth,0,0,0,0,0,0,0,0,0,0,0
11.99,209.99999999999289,51.000000000002665,49,191.99999999999824,197.99999999999645,251.99999999999645,230.99999999999557,235.99999999999022,16.549999999999869,1903.6000000000017,SSLW,model_assisted_not_ground_truth,0,0,0,0,0,0,0,0,0,0,0
12.00,214,51,48,194,200,252,235,244,16.620000000000001,1932.5899999999999,SSLW,model_assisted_not_ground_truth,0,0,0,0,0,0,0,0,0,0,0
12.01,220.000000000016,56.000000000003553,49,197.00000000000622,202.00000000000622,252.00000000000267,240.00000000000267,250.00000000000267,16.630000000000027,1961.580000000007,SSLW,model_assisted_not_ground_truth,0,0,0,0,0,0,0,0,0,0,0
12.02,237.9999999999911,60.000000000007105,49,204.00000000001066,209.0000000000089,255.00000000001066,243.00000000001245,253.00000000001421,16.660000000000018,1969.5700000000088,SSLW,model_assisted_not_ground_truth,0,0,0,0,0,0,0,0,0,0,0
12.03,233.0000000000199,64.000000000008527,49,210.00000000001421,214.00000000005684,261.00000000001421,250.00000000004263,261.00000000004263,16.670000000000002,1974.5650000000001,SSLW,model_assisted_not_ground_truth,0,0,0,0,0,0,0,0,0,0,0
12.04,240.00000000005969,67.000000000026105,49.000000000011191,215.00000000000745,234.00000000002984,266.00000000001489,265.00000000000375,276.00000000005969,16.679999999999978,1979.5599999999902,SSLW,model_assisted_not_ground_truth,0,0,0,0,0,0,0,0,0,0,0
12.05,255.99999999998295,73.999999999992539,51.999999999996803,216.99999999999787,241.99999999999147,269.99999999999574,265.99999999999892,291.99999999998295,16.739999999999934,1951.5100000000298,SSLW,model_assisted_not_ground_truth,0,0,0,0,0,0,0,0,0,0,0
12.06,261.99999999999892,79.999999999998934,58.999999999998757,226.99999999999824,250.99999999999841,271.99999999999966,266,302.99999999999807,16.779999999999994,1959.4799999999987,SSLW,model_assisted_not_ground_truth,0,0,0,0,0,0,0,0,0,0,0
12.07,268.00000000001137,79.000000000002842,62.000000000000711,230.00000000000355,263.00000000000284,278.00000000000358,273.00000000000568,309.00000000000358,16.840000000000035,1964.4400000000007,SSLW,model_assisted_not_ground_truth,0,0,0,0,0,0,0,0,0,0,0
12.08,284.00000000000961,83.000000000001606,63.000000000006395,235.00000000001279,267.00000000000318,283.00000000001756,281.00000000001597,314.0000000000112,16.890000000000082,1965.4199999999537,SSLW,model_assisted_not_ground_truth,0,0,0,0,0,0,0,0,0,0,0
12.09,290.00000000001739,83.999999999997513,67.000000000009948,243.00000000000747,269.00000000001495,294.0000000000025,291.00000000001495,321.00000000001495,16.940000000000126,1936.4149999999279,SSLW,model_assisted_not_ground_truth,0,0,0,0,0,0,0,0,0,0,0
12.10,296.99999999999665,83,71.00000000000675,246.00000000001688,275.00000000001353,295.00000000001688,297.00000000002024,327.00000000002024,16.990000000000066,1907.4100000000271,SSLW,model_assisted_not_ground_truth,0,0,0,0,0,0,0,0,0,0,0
12.11,295.99999999999147,83.000000000038369,73.000000000004263,251.00000000001279,279.00000000003837,300,303.00000000002132,333,17.009999999999973,1915.3999999999887,SSLW,model_assisted_not_ground_truth,0,0,0,0,0,0,0,0,0,0,0
12.12,294.00000000000068,91.999999999996803,73.999999999999645,253.99999999999892,287.99999999999682,300,307.99999999999824,333,17.039999999999988,1920.3799999999983,SSLW,model_assisted_not_ground_truth,0,0,0,0,0,0,0,0,0,0,0
12.13,295.00000000000051,83.000000000001066,70.999999999998394,258.99999999999784,296.00000000000051,301,308,333.99999999999949,17.060000000000006,1919.3499999999983,SSLW,model_assisted_not_ground_truth,0,0,0,0,0,0,0,0,0,0,0
12.14,295.99999999999716,84.999999999994316,67.999999999992895,254.99999999999289,296.99999999999574,300.99999999999716,307.99999999999289,332.99999999998579,17.070000000000014,1916.3499999999729,SSLW,model_assisted_not_ground_truth,0,0,0,0,0,0,0,0,0,0,0
12.15,293.99999999998846,80.999999999990763,62.999999999981526,249.9999999999977,293.99999999999307,298.99999999998613,302.99999999996305,322.99999999996538,17.080000000000009,1897.3399999999988,SSLW,model_assisted_not_ground_truth,0,0,0,0,0,0,0,0,0,0,0
12.16,288.99999999994884,76.999999999990408,54.999999999984013,248.99999999995202,290.99999999999039,292.99999999998079,286.99999999994242,307.99999999992963,17.085000000000001,1896.8399999999997,SSLW,model_assisted_not_ground_truth,0,0,0,0,0,0,0,0,0,0,0
12.17,272.99999999996732,73.999999999971408,49.999999999991829,233.99999999993872,287.99999999995913,286.99999999995504,268.99999999993054,285.99999999986926,17.089999999999993,1896.3400000000008,SSLW,model_assisted_not_ground_truth,0,0,0,0,0,0,0,0,0,0,0
12.18,265.00000000000568,67.000000000004974,48.000000000001421,219.00000000001066,278.00000000000711,276.00000000000784,252.00000000001208,254.00000000002274,17.099999999999994,1883.3300000000092,SSLW,model_assisted_not_ground_truth,0,0,0,0,0,0,0,0,0,0,0
12.19,250.99999999999628,61.999999999998046,46.999999999999645,204.9999999999975,265.99999999999784,258.99999999999699,244.99999999999716,236.99999999999699,17.089999999999996,1858.3299999999895,SSLW,model_assisted_not_ground_truth,0,0,0,0,0,0,0,0,0,0,0
12.20,229.99999999997885,51,44.999999999997513,190.99999999996393,253.99999999997141,241.99999999997885,228.99999999996766,219.99999999997638,17.069999999999961,1799.3299999999315,SSLW,model_assisted_not_ground_truth,0,0,0,0,0,0,0,0,0,0,0
12.21,212.99999999994671,50.999999999965894,42.99999999998721,161.99999999994671,230.99999999994031,224.99999999994245,202.9999999999595,200.99999999996376,17.039999999999988,1744.3299999999606,SSLW,model_assisted_not_ground_truth,0,0,0,0,0,0,0,0,0,0,0
12.22,187.99999999990337,34.99999999999396,36.99999999999698,136.99999999995168,202.99999999987315,197.99999999997885,183.99999999990638,183.99999999999093,17.035,1725.8249999999966,SSLW,model_assisted_not_ground_truth,0,0,0,0,0,0,0,0,0,0,0
12.23,155.99999999990231,32.999999999984368,35.999999999996092,120.99999999993747,160.99999999993747,190.99999999991013,152.99999999987494,180.99999999996092,17.030000000000008,1707.3200000000329,SSLW,model_assisted_not_ground_truth,0,0,0,0,0,0,0,0,0,0,0
12.24,131.0000000000222,29.000000000003553,35.000000000000888,105.00000000001421,145.00000000001421,168.00000000002044,121.00000000002842,171.00000000000887,17.000000000000028,1665.3300000000372,SSLW,model_assisted_not_ground_truth,0,0,0,0,0,0,0,0,0,0,0
12.25,119,28,33,76,122,173,99,179,16.960000000000001,1622.3299999999999,SSLW,model_assisted_not_ground_truth,0,0,0,0,0,0,0,0,0,0,0
12.26,116.99999999999822,17.000000000001776,34.000000000000448,57.999999999994671,102.99999999999601,169.00000000000267,83.999999999997783,168.99999999999955,16.899999999999945,1570.3499999999822,SSLW,model_assisted_not_ground_truth,0,0,0,0,0,0,0,0,0,0,0
12.27,114.99999999999645,19.000000000003553,34.500000000000888,51.999999999989342,98.499999999992013,172.00000000000534,81.499999999995566,168.49999999999912,16.839999999999893,1550.3799999999487,SSLW,model_assisted_not_ground_truth,0,0,0,0,0,0,0,0,0,0,0
12.28,113.00000000000426,20.999999999998579,34.999999999997158,46,93.999999999982947,174.99999999998721,78.999999999982947,167.99999999998579,16.779999999999802,1521.429999999895,SSLW,model_assisted_not_ground_truth,0,0,0,0,0,0,0,0,0,0,0
12.29,114.50000000000134,20.499999999999556,33.999999999999112,46,87.999999999994671,170.49999999999599,72.999999999994671,162.99999999999557,16.710000000000136,1484.4600000000723,SSLW,model_assisted_not_ground_truth,0,0,0,0,0,0,0,0,0,0,0
12.30,115.99999999999841,20.000000000000533,33.000000000001066,46,82.000000000006395,166.0000000000048,67.000000000006395,158.00000000000534,16.665000000000049,1453.4650000000331,SSLW,model_assisted_not_ground_truth,0,0,0,0,0,0,0,0,0,0,0
12.31,98.000000000003197,19.000000000000178,37.999999999999112,1.0000000000079936,90.999999999998408,166.99999999999983,62.000000000000888,150.00000000000142,16.620000000000008,1422.4700000000055,SSLW,model_assisted_not_ground_truth,0,0,0,0,0,0,0,0,0,0,0
12.32,93.999999999997158,20.000000000000711,37.499999999999645,0.49999999999964473,91,165.49999999999892,56.499999999996092,142.99999999999503,16.649999999999999,1447.4699999999987,SSLW,model_assisted_not_ground_truth,0,0,0,0,0,0,0,0,0,0,0
12.33,89.99999999997442,20.999999999992006,36.999999999996803,1.5987211554616794e-12,91.000000000003197,163.9999999999888,50.999999999995204,135.999999999984,16.649999999999981,1445.4700000000032,SSLW,model_assisted_not_ground_truth,0,0,0,0,0,0,0,0,0,0,0
12.34,73.999999999970157,16.000000000002487,34.999999999995026,1,92.999999999972644,156.99999999999005,47.999999999980105,125.99999999987317,16.639999999999976,1447.4799999999925,SSLW,model_assisted_not_ground_truth,0,0,0,0,0,0,0,0,0,0,0
12.35,61.999999999983125,17.000000000003375,33.000000000008434,0.99999999999831246,81.999999999984809,152.99999999999494,40,74.999999999978058,16.629999999999981,1444.4799999999966,SSLW,model_assisted_not_ground_truth,0,0,0,0,0,0,0,0,0,0,0
12.36,56.999999999992895,18.000000000001421,35.500000000003553,0.49999999999928946,77.499999999993605,151.49999999999787,40,68.499999999990763,16.624999999999993,1443.4799999999987,SSLW,model_assisted_not_ground_truth,0,0,0,0,0,0,0,0,0,0,0
12.37,52.000000000001776,18.999999999999645,37.999999999999112,1.7763568394002505e-13,73.000000000001592,150.00000000000054,40,62.000000000002309,16.620000000000005,1442.4800000000005,SSLW,model_assisted_not_ground_truth,0,0,0,0,0,0,0,0,0,0,0
12.38,48.999999999997335,17.000000000000533,37.999999999996803,1,67,140.99999999999841,40.999999999998934,43.999999999997335,16.590000000000007,1415.4800000000027,SSLW,model_assisted_not_ground_truth,0,0,0,0,0,0,0,0,0,0,0
12.39,44.000000000001421,18.000000000001421,32.000000000002132,1,66.999999999998579,137.99999999999218,39,38.999999999997158,16.600000000000016,1420.4799999999987,SSLW,model_assisted_not_ground_truth,0,0,0,0,0,0,0,0,0,0,0
12.40,45.000000000002309,19.000000000002309,33.500000000003467,1,65.999999999997698,132.4999999999873,39,36.999999999995381,16.609999999999953,1419.4800000000071,SSLW,model_assisted_not_ground_truth,0,0,0,0,0,0,0,0,0,0,0
12.41,45.999999999990408,19.999999999993605,35.000000000003197,1,64.99999999998721,126.99999999999361,38.999999999996803,34.999999999996803,16.59,1422.49,SSLW,model_assisted_not_ground_truth,0,0,0,0,0,0,0,0,0,0,0
12.42,43,18.000000000024514,36.000000000004086,1,61.000000000028599,125.00000000002859,38,33.999999999991829,16.59,1422.49,SSLW,model_assisted_not_ground_truth,0,0,0,0,0,0,0,0,0,0,0
12.43,43,23.999999999995737,36.999999999999289,1,67.999999999995026,131.99999999999503,38,32.000000000001421,16.609999999999985,1422.47,SSLW,model_assisted_not_ground_truth,0,0,0,0,0,0,0,0,0,0,0
12.44,42,21,35.999999999999645,0,67.999999999999289,129.99999999999983,38,33.000000000000355,16.589999999999996,1412.9799999999984,SSLW,model_assisted_not_ground_truth,0,0,0,0,0,0,0,0,0,0,0
12.45,41.999999999998757,21,33.999999999998757,0,64.000000000003737,129,38,35.000000000002487,16.570000000000039,1403.4900000000248,SSLW,model_assisted_not_ground_truth,0,0,0,0,0,0,0,0,0,0,0
12.46,41,21.000000000014921,33.000000000002132,0,67,129.00000000000426,38.000000000002132,37.000000000019185,16.59999999999998,1423.4900000000064,SSLW,model_assisted_not_ground_truth,0,0,0,0,0,0,0,0,0,0,0
12.47,40.99999999999698,28.000000000018119,33.99999999999698,0,66.999999999996973,130.99999999999699,39,46,16.589999999999971,1426.4999999999789,SSLW,model_assisted_not_ground_truth,0,0,0,0,0,0,0,0,0,0,0
12.48,39.999999999968736,33.999999999976552,32.999999999984368,0,66.000000000011724,130.00000000000389,38.999999999992184,46.000000000054712,16.580000000000016,1419.5000000000125,SSLW,model_assisted_not_ground_truth,0,0,0,0,0,0,0,0,0,0,0
12.49,32.000000000007105,28.000000000005329,29.000000000003553,0,68.999999999997328,130.99999999999912,37.000000000001776,59.999999999987566,16.570000000000007,1404.5000000000134,SSLW,model_assisted_not_ground_truth,0,0,0,0,0,0,0,0,0,0,0
12.50,32,31,31,0,79,132,37,65,16.585000000000001,1415.9949999999999,SSLW,model_assisted_not_ground_truth,0,0,0,0,0,0,0,0,0,0,0
12.51,31.999999999999112,27.000000000001776,33.999999999998224,0,83.000000000002672,129.99999999999821,39,70.000000000009777,16.599999999999991,1427.4899999999973,SSLW,model_assisted_not_ground_truth,0,0,0,0,0,0,0,0,0,0,0
12.52,30.999999999996447,28.999999999994671,32.000000000005329,0,86,128.0000000000089,39,81.000000000008882,16.590000000000018,1424.5000000000018,SSLW,model_assisted_not_ground_truth,0,0,0,0,0,0,0,0,0,0,0
12.53,28.999999999997158,26.000000000014211,35.000000000002842,0,86,132.99999999998579,39,86.000000000028422,16.599999999999973,1425.5000000000057,SSLW,model_assisted_not_ground_truth,0,0,0,0,0,0,0,0,0,0,0
12.54,28,31.000000000011191,36,0,86.000000000003723,128,39,96.000000000029843,16.590000000000018,1427.4999999999961,SSLW,model_assisted_not_ground_truth,0,0,0,0,0,0,0,0,0,0,0
12.55,28,33.999999999996803,36,0,86.999999999998934,128,39,103.99999999999147,16.59,1428.4999999999989,SSLW,model_assisted_not_ground_truth,0,0,0,0,0,0,0,0,0,0,0
12.56,28.999999999999822,34.999999999999822,36,0,87.999999999999829,126.00000000000036,38.000000000000178,111.99999999999858,16.600000000000001,1431.4999999999995,SSLW,model_assisted_not_ground_truth,0,0,0,0,0,0,0,0,0,0,0
12.57,31.000000000002842,33.000000000000711,37,0,92.000000000006395,121.99999999999716,38,114.99999999999858,16.594999999999999,1433.005000000001,SSLW,model_assisted_not_ground_truth,0,0,0,0,0,0,0,0,0,0,0
12.58,34.999999999988809,33.999999999988809,36.999999999996803,0,101.0000000000032,117.99999999997921,37.999999999998401,112.99999999999839,16.590000000000018,1434.5099999999679,SSLW,model_assisted_not_ground_truth,0,0,0,0,0,0,0,0,0,0,0
12.59,28,27.000000000009948,35,0,102.99999999998757,104.99999999998757,36.999999999997513,112.00000000000497,16.600000000000051,1414.4800000000623,SSLW,model_assisted_not_ground_truth,0,0,0,0,0,0,0,0,0,0,0
12.60,27.999999999996625,30.99999999999325,35.00000000000675,0,97.99999999997975,99.99999999999325,35.999999999996625,114.00000000002025,16.620000000000001,1439.4900000000134,SSLW,model_assisted_not_ground_truth,0,0,0,0,0,0,0,0,0,0,0
12.61,27.000000000008527,28.99999999998721,37,0,91.999999999991473,97.99999999998721,35.000000000008527,120.00000000000853,16.620000000000001,1443.4899999999943,SSLW,model_assisted_not_ground_truth,0,0,0,0,0,0,0,0,0,0,0
12.62,28.999999999999289,26.000000000001066,37,0,90.000000000000711,95.000000000001066,36.999999999999289,121.99999999999929,16.620000000000001,1442.4900000000005,SSLW,model_assisted_not_ground_truth,0,0,0,0,0,0,0,0,0,0,0
12.63,29.000000000000533,25.999999999998934,37,0,92.000000000005869,98.00000000000054,37.000000000000533,124.00000000000426,16.620000000000001,1444.49,SSLW,model_assisted_not_ground_truth,0,0,0,0,0,0,0,0,0,0,0
12.64,29.999999999998579,24.000000000004263,37.000000000001421,0,103.00000000000853,99.000000000008527,38,132.00000000000995,16.620000000000001,1444.49,SSLW,model_assisted_not_ground_truth,0,0,0,0,0,0,0,0,0,0,0
12.65,29.000000000002309,27.000000000006928,38.000000000002309,0,109.00000000001617,105,37.999999999997691,139.00000000001617,16.619999999999955,1444.48999999994,SSLW,model_assisted_not_ground_truth,0,0,0,0,0,0,0,0,0,0,0
12.66,30.00000000001279,30.00000000001279,39.00000000001279,0,116.00000000001918,105.00000000001599,37.000000000006395,146.00000000005116,16.600000000000065,1418.49000000008,SSLW,model_assisted_not_ground_truth,0,0,0,0,0,0,0,0,0,0,0
12.67,34.000000000036771,34.000000000020428,43.000000000004086,0,122.00000000003676,110.00000000004903,39,162.00000000006537,16.619999999999969,1443.48999999996,SSLW,model_assisted_not_ground_truth,0,0,0,0,0,0,0,0,0,0,0
12.68,42.999999999993605,38.999999999996447,43.999999999999289,0,130.99999999999361,121.99999999999147,39,177.99999999998863,16.600000000000016,1412.4700000000221,SSLW,model_assisted_not_ground_truth,0,0,0,0,0,0,0,0,0,0,0
12.69,48.000000000002487,43.000000000003553,47,0,150.00000000000301,132.0000000000048,40.000000000000355,186.00000000000301,16.579999999999995,1408.4799999999998,SSLW,model_assisted_not_ground_truth,0,0,0,0,0,0,0,0,0,0,0
12.70,62.000000000017408,63.000000000028599,47,0,167.00000000001864,159.00000000000747,42.000000000011191,203.00000000001492,16.569999999999951,1407.4899999999814,SSLW,model_assisted_not_ground_truth,0,0,0,0,0,0,0,0,0,0,0
12.71,76.000000000040501,86.000000000017053,47.000000000002132,0,182.00000000003837,165.0000000000405,51.000000000019185,215.00000000006395,16.529999999999404,1392.5199999999734,SSLW,model_assisted_not_ground_truth,0,0,0,0,0,0,0,0,0,0,0
12.72,95.00000000015099,94.000000000057383,48,0,200.0000000000604,184.00000000008455,60.000000000075495,245.00000000008154,16.24999999999995,1380.0649999999978,SSLW,model_assisted_not_ground_truth,0,0,0,0,0,0,0,0,0,0,0
12.73,145.00000000008012,113.00000000003908,48.000000000003908,0,220.00000000004297,212.00000000006057,85.00000000001954,272.00000000005861,15.970000000000498,1367.610000000022,SSLW,model_assisted_not_ground_truth,0,0,0,0,0,0,0,0,0,0,0
12.74,165.50000000004007,123.00000000001954,49.000000000001954,0,231.00000000002149,227.5000000000303,90.000000000009777,287.00000000002933,15.110000000000763,1539.8099999998469,SSLW,model_assisted_not_ground_truth,0,0,0,0,0,0,0,0,0,0,0
12.75,186,133,50,0,242,243,95,302,14.609999999999999,1679.02,SSLW,model_assisted_not_ground_truth,0,0,0,0,0,0,0,0,0,0,0
12.76,210.50000000002177,149.50000000001467,81.000000000027541,0,262.50000000001819,259.50000000001467,120.0000000000222,322.50000000001819,14.399999999999929,1750.1000000000436,SSLW,model_assisted_not_ground_truth,0,0,0,0,0,0,0,0,0,0,0
12.77,235.00000000002132,166.00000000002487,112.00000000002665,1.7372769889350251e-09,283.00000000001069,276.00000000001421,145.0000000000089,343.00000000001245,14.319999999999947,1799.1399999999753,SSLW,model_assisted_not_ground_truth,0,0,0,0,0,0,0,0,0,0,0
12.78,247.00000000000284,180.00000000000853,127.00000000002558,978,289.00000000000284,284.00000000001421,150.00000000001421,349.99999999997726,14.289999999999999,1785.145,SSLW,model_assisted_not_ground_truth,0,0,0,0,0,0,0,0,0,0,0
12.79,247.99999999999628,183.00000000000372,135.99999999999255,977.99999999635543,290,289.00000000000375,155.00000000000372,342.00000000000745,14.260000000000058,1771.1500000000274,SSLW,model_assisted_not_ground_truth,0,0,0,0,0,0,0,0,0,0,0
12.80,247.00000000000108,183.99999999999892,134.00000000000213,1.0000000010413714,290,289.99999999999892,155.99999999999892,343.99999999999784,14.26,1806.1799999999628,SSLW,model_assisted_not_ground_truth,0,0,0,0,0,0,0,0,0,0,0
12.81,244.00000000000054,184.99999999999983,133.00000000000017,1.7763568394002505e-13,291.99999999999966,290,158.99999999999946,341.00000000000051,14.250000000000002,1859.1999999999907,SSLW,model_assisted_not_ground_truth,0,0,0,0,0,0,0,0,0,0,0
12.82,241.00000000000284,176.99999999999289,122.99999999999929,977,299.00000000000216,290.99999999999784,168,327.99999999999716,14.249999999999986,1884.2300000000221,SSLW,model_assisted_not_ground_truth,0,0,0,0,0,0,0,0,0,0,0
12.83,245,166.99999999999679,121.9999999999968,977,301.99999999999523,287.99999999999682,167.99999999999679,323.99999999999039,14.229999999999952,1915.2600000000721,SSLW,model_assisted_not_ground_truth,0,0,0,0,0,0,0,0,0,0,0
12.84,244.99999999998755,164.9999999999975,119.99999999999254,976.99999999757028,299.000000000005,286,165.9999999999975,318,14.199999999999974,1960.28000000001,SSLW,model_assisted_not_ground_truth,0,0,0,0,0,0,0,0,0,0,0
12.85,239.9999999999865,163.99999999997638,116.99999999996625,0,301,285.99999999998988,165.00000000000338,317.999999999973,14.189999999999994,1964.2850000000021,SSLW,model_assisted_not_ground_truth,0,0,0,0,0,0,0,0,0,0,0
12.86,235.99999999994458,156.99999999995737,106.99999999989768,0,300.9999999999531,282.99999999996589,166.00000000000426,309.99999999991473,14.180000000000014,1968.2899999999943,SSLW,model_assisted_not_ground_truth,0,0,0,0,0,0,0,0,0,0,0
12.87,223.0000000000046,147.00000000000355,83.000000000008527,0,290.00000000000392,275.00000000000284,166.99999999999966,290.00000000000711,14.259999999999971,1979.2499999999961,SSLW,model_assisted_not_ground_truth,0,0,0,0,0,0,0,0,0,0,0
12.88,217.99999999999679,135.99999999999628,80.999999999996803,0,285.99999999999307,272.99999999999784,164.00000000000321,284.99999999999358,14.420000000000091,2009.2199999999984,SSLW,model_assisted_not_ground_truth,0,0,0,0,0,0,0,0,0,0,0
12.89,211.99999999999005,128.99999999998437,74.999999999997158,0,272.99999999998295,268.99999999999574,170.00000000000711,272.99999999998579,14.59000000000027,2006.1599999999887,SSLW,model_assisted_not_ground_truth,0,0,0,0,0,0,0,0,0,0,0
12.90,204.99999999998153,117.99999999998383,72.99999999997921,0,261,266.00000000000233,174.99999999999307,262.9999999999954,14.780000000000323,1998.1299999999376,SSLW,model_assisted_not_ground_truth,0,0,0,0,0,0,0,0,0,0,0
12.91,196.99999999999039,110.99999999994884,63.999999999977618,0,261.00000000000318,266.99999999998721,172.00000000000961,260.99999999999358,14.920000000000272,1971.0799999999695,SSLW,model_assisted_not_ground_truth,0,0,0,0,0,0,0,0,0,0,0
12.92,193.99999999996322,94.999999999963237,56.999999999975486,0,261.99999999999181,263.00000000001631,174.99999999998775,258.99999999995913,15.005000000000106,1961.5499999999881,SSLW,model_assisted_not_ground_truth,0,0,0,0,0,0,0,0,0,0,0
12.93,185.00000000000639,86.000000000006395,51.000000000004263,0,260.00000000000142,266.99999999999716,172.00000000000213,249.00000000000711,15.089999999999939,1952.0200000000068,SSLW,model_assisted_not_ground_truth,0,0,0,0,0,0,0,0,0,0,0
12.94,178.99999999999929,86.999999999998394,50,0,261.99999999999875,259.99999999999909,179.00000000000017,243.99999999999946,15.270000000000039,1947.9899999999971,SSLW,model_assisted_not_ground_truth,0,0,0,0,0,0,0,0,0,0,0
12.95,174.99999999999005,77.999999999996263,50,0,254.9999999999888,254.99999999999378,180.00000000000372,240.99999999997513,15.490000000000174,1930.9099999999851,SSLW,model_assisted_not_ground_truth,0,0,0,0,0,0,0,0,0,0,0
12.96,167.00000000000213,74.999999999991473,50,0,245.99999999998721,249.99999999999361,183.00000000001066,220.99999999998934,15.630000000000193,1918.8699999999551,SSLW,model_assisted_not_ground_truth,0,0,0,0,0,0,0,0,0,0,0
12.97,168.00000000000301,70.999999999978854,49.99999999999698,0,239.99999999996678,246.99999999999395,187.99999999999093,215.99999999996678,15.720000000000876,1897.8199999999242,SSLW,model_assisted_not_ground_truth,0,0,0,0,0,0,0,0,0,0,0
12.98,168.99999999998437,63.999999999976552,49,0,228.99999999995703,244.99999999998829,185.00000000000782,204.99999999998829,16.009999999999486,1872.7800000000445,SSLW,model_assisted_not_ground_truth,0,0,0,0,0,0,0,0,0,0,0
12.99,165.00000000000355,58.000000000005329,49,0,218.00000000000978,242.00000000000267,186.99999999999824,202.00000000000267,16.054999999999961,1868.7650000000035,SSLW,model_assisted_not_ground_truth,0,0,0,0,0,0,0,0,0,0,0
13.00,168,54,49,0,211,240,191,198,16.100000000000001,1864.75,SSLW,model_assisted_not_ground_truth,0,0,0,0,0,0,0,0,0,0,0
13.01,167.99999999999912,47.999999999996447,49,0,197.99999999999289,239.00000000000179,189.99999999999821,196.00000000000179,16.190000000000083,1854.7099999999939,SSLW,model_assisted_not_ground_truth,0,0,0,0,0,0,0,0,0,0,0
13.02,167,43.999999999996447,49,0,189.99999999997689,240.99999999999289,188.00000000000534,198.00000000000711,16.280000000000072,1847.6999999999698,SSLW,model_assisted_not_ground_truth,0,0,0,0,0,0,0,0,0,0,0
13.03,167.00000000001137,41.999999999994316,48.999999999998579,0,176.99999999999147,236.99999999999858,191.00000000000142,202.00000000000284,16.320000000000228,1830.6899999999971,SSLW,model_assisted_not_ground_truth,0,0,0,0,0,0,0,0,0,0,0
13.04,171.00000000000355,39.999999999998224,48.499999999999559,0,173.99999999999733,236.49999999999955,191.50000000000045,203.00000000000088,16.399999999999842,1829.6500000000021,SSLW,model_assisted_not_ground_truth,0,0,0,0,0,0,0,0,0,0,0
13.05,174.99999999999574,38.000000000002132,48.000000000000533,0,171.00000000000318,236.00000000000054,191.99999999999946,203.99999999999892,16.559999999999828,1814.640000000016,SSLW,model_assisted_not_ground_truth,0,0,0,0,0,0,0,0,0,0,0
13.06,179.99999999999912,36.000000000000355,48.999999999999822,0,175.99999999999912,234.00000000000034,192.99999999999983,203.00000000000017,16.574999999999996,1818.1349999999995,SSLW,model_assisted_not_ground_truth,0,0,0,0,0,0,0,0,0,0,0
13.07,187.99999999999963,40.000000000000355,49,0,178.00000000000142,242.00000000000071,208.99999999999892,207.99999999999858,16.590000000000028,1821.6300000000051,SSLW,model_assisted_not_ground_truth,0,0,0,0,0,0,0,0,0,0,0
13.08,187.4999999999992,40.500000000000796,49,0,180.00000000000318,243.00000000000159,207.49999999999761,205.99999999999682,16.630000000000017,1828.6099999999856,SSLW,model_assisted_not_ground_truth,0,0,0,0,0,0,0,0,0,0,0
13.09,187.00000000001742,41,49.000000000002487,0,182.00000000000747,244.0000000000025,206.00000000002487,204.00000000000747,16.6400000000001,1819.6000000000197,SSLW,model_assisted_not_ground_truth,0,0,0,0,0,0,0,0,0,0,0
13.10,194.000000000027,41.00000000000675,49.999999999996625,0,184.9999999999865,245.00000000000338,216.00000000003712,207.00000000003376,16.680000000000099,1827.5900000000236,SSLW,model_assisted_not_ground_truth,0,0,0,0,0,0,0,0,0,0,0
13.11,202.00000000001705,43.000000000008527,49,0,181.00000000001705,246.00000000000426,226.99999999998721,217.00000000000426,16.709999999999958,1834.5799999999899,SSLW,model_assisted_not_ground_truth,0,0,0,0,0,0,0,0,0,0,0
13.12,205.99999999999858,44.999999999999289,49,0,184.99999999999858,246.99999999999966,224.00000000000108,217.99999999999966,16.789999999999971,1842.5599999999972,SSLW,model_assisted_not_ground_truth,0,0,0,0,0,0,0,0,0,0,0
13.13,222.00000000000108,52.999999999997868,49,0,186.00000000000534,247.99999999999787,227.00000000000321,231.00000000000321,16.825000000000017,1836.5649999999966,SSLW,model_assisted_not_ground_truth,0,0,0,0,0,0,0,0,0,0,0
13.14,224.00000000000142,49.00000000001279,49.000000000001421,0,196.00000000000426,244.00000000000426,233.00000000000568,237.00000000000142,16.860000000000028,1830.570000000014,SSLW,model_assisted_not_ground_truth,0,0,0,0,0,0,0,0,0,0,0
13.15,225.0000000000023,57.999999999997691,50,0,199.00000000000463,247,237.0000000000023,238.00000000002541,16.880000000000045,1840.5600000000252,SSLW,model_assisted_not_ground_truth,0,0,0,0,0,0,0,0,0,0,0
13.16,226.00000000004158,57.000000000003197,50.000000000003197,0,201.00000000002558,247.00000000001279,238.0000000000224,249.00000000000321,16.900000000000063,1851.5300000000191,SSLW,model_assisted_not_ground_truth,0,0,0,0,0,0,0,0,0,0,0
13.17,239.00000000004084,58.000000000032685,50.999999999995914,0,209.00000000002859,251.00000000002044,245.0000000000245,250.00000000006128,16.91999999999997,1857.5099999999904,SSLW,model_assisted_not_ground_truth,0,0,0,0,0,0,0,0,0,0,0
13.18,248.99999999999289,65.999999999994316,50.000000000000711,0,215.99999999999503,255.99999999999645,250.99999999999574,264.99999999998931,16.959999999999972,1868.4799999999923,SSLW,model_assisted_not_ground_truth,0,0,0,0,0,0,0,0,0,0,0
13.19,248.0000000000023,68,50.000000000000533,0,232.00000000000108,260.00000000000142,260.00000000000142,275.00000000000091,16.969999999999999,1871.4800000000009,SSLW,model_assisted_not_ground_truth,0,0,0,0,0,0,0,0,0,0,0
13.20,261.00000000000995,68.000000000002487,53.000000000001243,0,238.00000000000995,268.0000000000062,268.00000000000375,280.0000000000137,16.975000000000005,1876.4750000000063,SSLW,model_assisted_not_ground_truth,0,0,0,0,0,0,0,0,0,0,0
13.21,269.00000000001495,70.000000000006395,54.000000000004263,0,246.00000000001279,273,271.00000000001495,291.00000000000216,16.980000000000064,1881.4700000000107,SSLW,model_assisted_not_ground_truth,0,0,0,0,0,0,0,0,0,0,0
13.22,276.00000000002115,73.000000000009067,56.000000000009059,0,252.00000000001813,273,278.00000000000904,292.00000000003627,17.01000000000003,1886.4400000000091,SSLW,model_assisted_not_ground_truth,0,0,0,0,0,0,0,0,0,0,0
13.23,283.0000000000469,76.000000000003908,59.000000000023448,0,258.00000000004297,273.00000000003519,281.00000000003126,304.00000000002342,17.019999999999982,1889.4399999999948,SSLW,model_assisted_not_ground_truth,0,0,0,0,0,0,0,0,0,0,0
13.24,294.99999999998931,76.999999999999119,64.999999999994671,0,268.99999999999022,281.99999999999199,288.99999999999289,309.99999999999466,17.029999999999994,1899.4299999999912,SSLW,model_assisted_not_ground_truth,0,0,0,0,0,0,0,0,0,0,0
13.25,297,78,69,0,279,283,293,317,17.050000000000001,1904.4100000000001,SSLW,model_assisted_not_ground_truth,0,0,0,0,0,0,0,0,0,0,0
13.26,298.00000000000358,82.999999999995552,71.000000000000895,0,283.00000000000358,287.00000000000534,298.99999999999824,326.00000000000534,17.065000000000012,1893.8899999999906,SSLW,model_assisted_not_ground_truth,0,0,0,0,0,0,0,0,0,0,0
13.27,302.00000000000176,78.000000000005329,72.000000000003553,0,287.00000000000176,293,297,332.00000000000711,17.080000000000016,1883.3700000000106,SSLW,model_assisted_not_ground_truth,0,0,0,0,0,0,0,0,0,0,0
13.28,303.00000000000853,80.999999999997158,73.999999999994316,0,288.00000000000853,292.99999999999147,297.00000000000284,336.00000000000568,17.090000000000028,1889.3499999999972,SSLW,model_assisted_not_ground_truth,0,0,0,0,0,0,0,0,0,0,0
13.29,305.99999999999255,79.999999999992539,71.999999999985079,0,291.00000000000375,289.99999999999625,298.00000000000375,338.0000000000224,17.09999999999998,1888.350000000002,SSLW,model_assisted_not_ground_truth,0,0,0,0,0,0,0,0,0,0,0
13.30,304.00000000000216,78.000000000002132,68.000000000004263,0,291.99999999999892,289.00000000000108,298.99999999999892,343.99999999999363,17.100000000000001,1884.3400000000042,SSLW,model_assisted_not_ground_truth,0,0,0,0,0,0,0,0,0,0,0
13.31,298.00000000000108,80.99999999999946,59.000000000001599,0,289.00000000000051,287.00000000000034,298.00000000000017,344,17.100000000000001,1878.3400000000011,SSLW,model_assisted_not_ground_truth,0,0,0,0,0,0,0,0,0,0,0
13.32,289.00000000000216,72.999999999996447,55.999999999995737,0,280.99999999999926,285.99999999999574,288.99999999999147,335.99999999999005,17.100000000000001,1847.3399999999981,SSLW,model_assisted_not_ground_truth,0,0,0,0,0,0,0,0,0,0,0
13.33,291.99999999997442,67.999999999998394,50,0,279.99999999998403,279.9999999999888,276.99999999996481,321.99999999996163,17.100000000000001,1844.8399999999958,SSLW,model_assisted_not_ground_truth,0,0,0,0,0,0,0,0,0,0,0
13.34,275.99999999995521,66.999999999975131,49.999999999995026,0,269.99999999997016,272.99999999996021,254.99999999997016,297.99999999993781,17.099999999999977,1842.3399999999651,SSLW,model_assisted_not_ground_truth,0,0,0,0,0,0,0,0,0,0,0
13.35,257.999999999919,56.999999999959499,48,0,257.99999999995947,256.99999999993247,242.99999999993923,272.99999999990212,17.089999999999932,1828.3399999999156,SSLW,model_assisted_not_ground_truth,0,0,0,0,0,0,0,0,0,0,0
13.36,233.99999999991047,44.999999999970157,47.999999999982947,0,245.99999999993605,236.99999999990195,224.99999999989342,243.9999999999531,17.070000000000029,1803.3300000000354,SSLW,model_assisted_not_ground_truth,0,0,0,0,0,0,0,0,0,0,0
13.37,213.00000000000745,38.000000000002487,44.000000000001421,0,231.00000000000534,214.00000000000819,200.00000000000887,233.00000000000392,17.050000000000008,1775.3300000000099,SSLW,model_assisted_not_ground_truth,0,0,0,0,0,0,0,0,0,0,0
13.38,179.99999999998295,31.999999999999467,40.000000000000533,0,209.99999999998082,202.99999999999253,178.99999999999361,220.99999999998667,17.02999999999999,1724.3299999999817,SSLW,model_assisted_not_ground_truth,0,0,0,0,0,0,0,0,0,0,0
13.39,147.99999999998295,30.999999999995737,41.000000000001421,0,173.99999999996163,188.99999999995737,166.99999999995026,195.99999999998721,17.009999999999959,1690.3299999999444,SSLW,model_assisted_not_ground_truth,0,0,0,0,0,0,0,0,0,0,0
13.40,135.99999999995151,27.999999999993072,41.999999999997691,0,146.99999999996075,158.99999999998613,131.99999999995842,187.00000000000693,16.979999999999933,1651.3299999999099,SSLW,model_assisted_not_ground_truth,0,0,0,0,0,0,0,0,0,0,0
13.41,114.9999999999968,24.99999999997442,40.999999999980815,0,129.99999999990408,152.99999999999039,113.99999999995204,189.99999999998082,16.949999999999935,1612.3299999999392,SSLW,model_assisted_not_ground_truth,0,0,0,0,0,0,0,0,0,0,0
13.42,113.99999999998775,17.000000000008171,34.999999999995914,0,99.999999999955065,149.99999999997141,98.999999999967315,184,16.930000000000032,1593.3400000000304,SSLW,model_assisted_not_ground_truth,0,0,0,0,0,0,0,0,0,0,0
13.43,111.00000000000213,18.999999999998579,34.000000000000711,0,89.000000000007816,143.00000000000497,91.000000000005684,184,16.870000000000044,1562.3700000000219,SSLW,model_assisted_not_ground_truth,0,0,0,0,0,0,0,0,0,0,0
13.44,112.99999999999946,12.000000000000178,35.000000000000178,0,89.999999999998749,142.99999999999929,74.999999999998749,172.00000000000017,16.799999999999986,1537.4299999999955,SSLW,model_assisted_not_ground_truth,0,0,0,0,0,0,0,0,0,0,0
13.45,109.99999999997016,13.000000000001243,35.999999999997513,0,82.999999999998749,139,67.999999999992539,172.99999999999875,16.71999999999991,1511.4799999999241,SSLW,model_assisted_not_ground_truth,0,0,0,0,0,0,0,0,0,0,0
13.46,85.999999999978684,13.999999999991473,34.000000000004263,0,81.999999999985079,139.00000000000853,61.99999999998721,171.99999999998721,16.649999999999977,1450.4799999999989,SSLW,model_assisted_not_ground_truth,0,0,0,0,0,0,0,0,0,0,0
13.47,75.999999999975842,10.000000000033218,35.99999999999396,0,75.00000000000604,142.99999999997584,55.999999999987921,165.99999999996075,16.639999999999997,1449.98,SSLW,model_assisted_not_ground_truth,0,0,0,0,0,0,0,0,0,0,0
13.48,67.999999999972644,20.99999999996092,33.999999999996092,3.8220093756353288e-09,77.000000000042988,135.00000000001953,51.999999999972644,152.99999999994529,16.630000000000017,1449.4800000000009,SSLW,model_assisted_not_ground_truth,0,0,0,0,0,0,0,0,0,0,0
13.49,61.000000000006217,11.000000000008882,33.000000000000888,977.99999999913132,87.999999999990223,139.99999999999557,45.000000000006217,139.00000000001245,16.629999999999999,1452.4899999999973,SSLW,model_assisted_not_ground_truth,0,0,0,0,0,0,0,0,0,0,0
13.50,56,21,34,0,86,136,40,123,16.629999999999999,1447.49,SSLW,model_assisted_not_ground_truth,0,0,0,0,0,0,0,0,0,0,0
13.51,43.999999999999112,12.000000000008882,35.000000000000888,0.99999999999911182,80.999999999991999,131.99999999999645,40,85.999999999984013,16.619999999999973,1445.4899999999786,SSLW,model_assisted_not_ground_truth,0,0,0,0,0,0,0,0,0,0,0
13.52,43.000000000007105,21.999999999998224,36.000000000001776,1.7763568394018661e-12,72.000000000005329,128.0000000000089,39.999999999998224,67.999999999976907,16.59,1421.4900000000018,SSLW,model_assisted_not_ground_truth,0,0,0,0,0,0,0,0,0,0,0
13.53,47.000000000002842,20.99999999997442,37.000000000005684,1.0000000027711167,74.999999999982947,133.00000000001421,38.999999999997158,55.000000000002842,16.59,1422.49,SSLW,model_assisted_not_ground_truth,0,0,0,0,0,0,0,0,0,0,0
13.54,47.99999999999627,12.000000000026112,38.999999999992539,976.0000000000075,69.000000000003723,137.99999999997763,38,55.999999999981348,16.59,1423.489999999998,SSLW,model_assisted_not_ground_truth,0,0,0,0,0,0,0,0,0,0,0
13.55,47.000000000001066,18.999999999992539,37.000000000002132,977.99999999999784,69.999999999998934,132.00000000000639,38,51.000000000005329,16.599999999999991,1424.4899999999989,SSLW,model_assisted_not_ground_truth,0,0,0,0,0,0,0,0,0,0,0
13.56,45.000000000000355,20.999999999999645,37,978,67.00000000000054,135.99999999999929,38.999999999999822,52.999999999999645,16.590000000000003,1421.4900000000005,SSLW,model_assisted_not_ground_truth,0,0,0,0,0,0,0,0,0,0,0
13.57,43.999999999998579,19.999999999997868,36.999999999999289,978,65.000000000002132,131.99999999999858,38,53.000000000000711,16.589999999999993,1417.489999999995,SSLW,model_assisted_not_ground_truth,0,0,0,0,0,0,0,0,0,0,0
13.58,42,17.000000000006395,36.000000000001599,978,68.000000000006395,130,38,53.999999999998401,16.579999999999934,1410.4899999999489,SSLW,model_assisted_not_ground_truth,0,0,0,0,0,0,0,0,0,0,0
13.59,42.000000000002487,21.000000000009948,37,978,71.999999999985079,130,38,52.999999999995026,16.54000000000001,1378.4900000000025,SSLW,model_assisted_not_ground_truth,0,0,0,0,0,0,0,0,0,0,0
13.60,42.999999999996625,25.000000000023626,36.99999999999325,978,66.000000000003382,130.0000000000135,38,51.000000000003375,16.545000000000002,1379.4900000000005,SSLW,model_assisted_not_ground_truth,0,0,0,0,0,0,0,0,0,0,0
13.61,42,32,34.999999999995737,978,67.000000000017053,133.99999999999574,38,52.000000000029843,16.549999999999994,1380.4899999999986,SSLW,model_assisted_not_ground_truth,0,0,0,0,0,0,0,0,0,0,0
13.62,42,32,34.000000000000355,978,70.999999999998579,133.00000000000034,38,58.999999999997513,16.559999999999995,1388.4899999999971,SSLW,model_assisted_not_ground_truth,0,0,0,0,0,0,0,0,0,0,0
13.63,41.999999999996803,32.999999999997335,35.000000000002132,977.99999999999307,69.000000000001066,134.99999999999841,38,71.000000000004803,16.559999999999999,1387.4899999999984,SSLW,model_assisted_not_ground_truth,0,0,0,0,0,0,0,0,0,0,0
13.64,42.835304049495207,34.885713584702565,34.801845416277324,872.14444839002249,71.783375126310858,133.41301078851663,41.738717745135055,77.113962953681209,16.559999999999985,1384.489999999993,SSLW,model_assisted_not_ground_truth,0,1,1,1,1,1,1,1,1,0,0
13.65,39.029647233985685,32.863542564938442,33.402955270022787,780.4077175207093,68.918277099522442,127.9141193033245,39.925089339685378,72.239812958303816,16.549999999999976,1379.4900000000046,SSLW,model_assisted_not_ground_truth,0,1,1,1,1,1,1,1,1,0,0
13.66,34.484660041383918,30.56554649773453,31.57600361398919,759.34337293548674,64.946870831795948,123.56009648627456,36.128122475910402,64.481128028629612,16.540000000000013,1381.5000000000032,SSLW,model_assisted_not_ground_truth,0,1,1,1,1,1,1,1,1,0,0
13.67,38.702545124803208,33.703502422585608,34.125936165752812,789.99908891931,69.478609167355927,129.15590161929345,38.984905810740557,72.421955588330178,16.545000000000005,1382.5000000000011,SSLW,model_assisted_not_ground_truth,0,1,1,1,1,1,1,1,1,0,0
13.68,43.857445665938911,38.547420839443781,35.450824433798743,792.27040309125778,75.558232526474868,133.73589180752055,43.413038411170461,81.324251911333903,16.549999999999997,1383.4999999999993,SSLW,model_assisted_not_ground_truth,0,1,1,1,1,1,1,1,1,0,0
13.69,44.524747530844671,45.908339106648697,35.934920912616313,797.29940317073647,82.625919559144819,135.57159093525746,44.242633470605043,87.015861610012109,16.550000000000001,1391.5100000000004,SSLW,model_assisted_not_ground_truth,0,1,1,1,1,1,1,1,1,0,0
13.70,44.885831036897315,46.104505021738525,36.124232527983651,807.89737305787537,83.288831905811719,136.09858402698737,43.66362126996097,87.805754378792528,16.550000000000026,1394.5100000000036,SSLW,model_assisted_not_ground_truth,0,1,1,1,1,1,1,1,1,0,0
13.71,43.900519011302421,45.177017595664545,35.976718189452356,839.45629450433717,82.610533417522589,135.63334753658287,41.302862462337004,86.673045344675813,16.569999999999979,1397.4900000000021,SSLW,model_assisted_not_ground_truth,0,1,1,1,1,1,1,1,1,0,0
13.72,45.329363291071246,44.100660582980446,35.91428664259395,854.22850292498038,81.922384359043235,136.58022860650325,41.668860403107303,86.476835495780961,16.560000000000027,1398.5000000000061,SSLW,model_assisted_not_ground_truth,0,1,1,1,1,1,1,1,1,0,0
13.73,45.844567539868969,44.33698330937834,35.993123382438235,846.10175934979782,82.794152300410317,136.56974870840187,42.61131807053507,86.935678770154823,16.569999999999983,1400.4999999999964,SSLW,model_assisted_not_ground_truth,0,1,1,1,1,1,1,1,1,0,0
13.74,42.601710271850997,42.88124736541414,34.024332202633751,796.3201367347923,80.249820762459507,132.1930367985747,40.998342760481933,81.007010480227365,16.560000000000009,1401.5099999999991,SSLW,model_assisted_not_ground_truth,0,1,1,1,1,1,1,1,1,0,0
13.75,35.976540841347934,40.696410854045354,33.06389861748999,746.92440906441163,74.734900662638523,126.9160027926296,34.229668116151814,76.678828092510685,16.559999999999999,1383.49,SSLW,model_assisted_not_ground_truth,0,1,1,1,1,1,1,1,1,0,0
13.76,32.777273381211344,39.200930326907226,33.319905853085174,705.98590873155467,70.949067153120609,124.44675193531758,30.081283284580604,76.204478322654978,16.560000000000009,1365.4700000000303,SSLW,model_assisted_not_ground_truth,0,1,1,1,1,1,1,1,1,0,0
13.77,36.243241403419617,39.539496281513252,31.950782511008285,736.12416780272997,74.68452355839122,125.56043610903438,35.07513063935329,70.527424376069419,16.570000000000036,1399.4900000000177,SSLW,model_assisted_not_ground_truth,0,1,1,1,1,1,1,1,1,0,0
13.78,38.388280223537784,39.87617982804791,31.236091243326996,725.94299233865809,76.088796584618194,125.76825376440658,38.48055283300144,70.148125611949126,16.589999999999971,1409.48,SSLW,model_assisted_not_ground_truth,0,1,1,1,1,1,1,1,1,0,0
13.79,41.414629180466818,40.091576505097272,30.687727132338448,695.82946931701326,76.560973659758673,126.34714580082482,42.347029194597326,72.853091700593936,16.58000000000002,1409.49,SSLW,model_assisted_not_ground_truth,0,1,1,1,1,1,1,1,1,0,0
13.80,22.132735463946169,27.633628296118655,25.861187963505962,663.80607250828484,65.372322952184746,108.24119620123309,28.444526902720995,53.381632326754129,16.589999999999989,1412.4899999999968,SSLW,model_assisted_not_ground_truth,0,1,1,1,1,1,1,1,1,0,0
13.81,29.37359435320726,37.022138984335783,35.046187125500886,717.50699203606268,83.572681199565338,122.9729489937076,28.432111778636816,90.740841636480198,16.585000000000001,1413.4899999999998,SSLW,model_assisted_not_ground_truth,0,1,1,1,1,1,1,1,1,0,0
13.82,88.748433246061978,84.000234354463032,46.738339226676914,686.21844993304239,150.87221459754139,157.22295551188085,67.093999836477465,178.3896969639616,16.579999999999998,1414.4900000000007,SSLW,model_assisted_not_ground_truth,0,1,1,1,1,1,1,1,1,0,0
13.83,64.518148815830358,69.578977661603403,41.70392624416678,791.12712906166053,130.18690800912802,127.75864478065193,39.149738838547201,181.85965000582607,16.579999999999998,1415.4899999999584,SSLW,model_assisted_not_ground_truth,0,1,1,1,1,1,1,1,1,0,0
13.84,147.05282779633282,120.90828959997377,59.264713186392747,724.30080473424516,210.64180097061271,199.11501317094317,107.937750587152,267.1000288521854,16.579999999999973,1389.459999999985,SSLW,model_assisted_not_ground_truth,0,1,1,1,1,1,1,1,1,0,0
13.85,69.168832493500659,75.728451476086619,41.10441753846915,775.92261526088578,152.21203167960064,157.22477636882459,51.085312622730939,192.30578855596895,16.57,1383.4600000000237,SSLW,model_assisted_not_ground_truth,0,1,1,1,1,1,1,1,1,0,0
13.86,62.898751451791874,76.674204121607929,43.159608977083025,613.94169138421603,138.61033716685026,150.37897256505676,43.017529492123394,172.68583506026769,16.57,1390.46999999999,SSLW,model_assisted_not_ground_truth,0,1,1,1,1,1,1,1,1,0,0
13.87,62.975011041009701,69.104061950803683,41.448486877905843,591.85925227059727,129.67494771049405,149.00490769491026,44.988963480961004,169.76233715225297,16.54000000000001,1378.4900000000043,SSLW,model_assisted_not_ground_truth,0,1,1,1,1,1,1,1,1,0,0
13.88,63.513628648350192,66.120787763881822,40.181117452460938,580.53948205324923,125.17158777940747,148.88646723011419,47.527066595378621,169.28300945593449,16.519999999999989,1370.4899999999957,SSLW,model_assisted_not_ground_truth,0,1,1,1,1,1,1,1,1,0,0
13.89,66.232096653725591,66.839697666271732,38.497411077392428,539.46729173031827,123.7506638407762,148.35706320997068,52.002055493966296,169.42507847469221,16.499999999998863,1362.4900000000273,SSLW,model_assisted_not_ground_truth,0,1,1,1,1,1,1,1,1,0,0
13.90,86.200531442983447,85.515909240037473,44.207405315388264,538.4069701899308,135.01893917803645,168.86440536959904,61.64184019295574,196.74526272735289,15.699999999998106,1381.6300000004717,SSLW,model_assisted_not_ground_truth,0,1,1,1,1,1,1,1,1,0,0
13.91,139.22086905445664,116.80331170536054,57.341125013369357,755.59418040574633,183.43470901831563,213.03400911735969,104.65146811132787,223.52314988506592,14.879999999997954,1585.8800000007207,SSLW,model_assisted_not_ground_truth,0,1,1,1,1,1,1,1,1,0,0
13.92,224.87618510396771,161.90370756179644,78.802572961360482,576.81552530447334,266.73265084190996,269.09572839279713,181.76643191940292,317.76835723044809,14.240000000001023,1811.1999999996399,SSLW,model_assisted_not_ground_truth,0,1,1,1,1,1,1,1,1,0,0
13.93,214.28822448038221,156.65378567192676,81.624003396963516,749.52233236929283,254.03543353581063,244.87704404643395,162.1810235843835,310.46759851445501,13.920000000000227,1910.3199999999295,SSLW,model_assisted_not_ground_truth,0,1,1,1,1,1,1,1,1,0,0
13.94,233.28211672164076,184.08267742434876,92.674639967234029,655.40432581417099,278.97663927982973,280.70176407932576,166.21324791055346,334.44686430475349,13.730000000000006,1896.2900000000027,SSLW,model_assisted_not_ground_truth,0,1,1,1,1,1,1,1,1,0,0
13.95,209.02059144612204,162.348484276286,97.52807940983422,814.55563188965391,256.82415500262056,266.64165140052148,136.54164110791865,310.19715830665677,13.755000000000031,1911.7900000000193,SSLW,model_assisted_not_ground_truth,0,1,1,1,1,1,1,1,1,0,0
13.96,226.03571535369906,166.33950095622379,95.16531730564256,658.39312819269128,264.66474765602101,279.09100625557079,167.97820815036422,301.98978462933275,13.78000000000017,1927.2900000000404,SSLW,model_assisted_not_ground_truth,0,1,1,1,1,1,1,1,1,0,0
13.97,224.958773357745,165.3110504199193,95.950788618306561,671.36275113499994,264.94010360380099,278.71425695270102,167.5510461010164,300.46659869736703,13.860000000000301,1946.3100000000634,SSLW,model_assisted_not_ground_truth,0,1,1,1,1,1,1,1,1,0,0
13.98,225.98115698417178,164.20270621831688,95.760568758866185,662.30922981554886,266.01302855319028,278.46531630668363,170.80023764134421,301.63062744613745,13.959999999999823,1967.2899999999627,SSLW,model_assisted_not_ground_truth,0,1,1,1,1,1,1,1,1,0,0
13.99,235.08805781152452,168.46069829754251,98.168951955028177,580.88190231029364,274.6259613806314,281.84378437769374,181.52034650222694,313.11224498417482,14.029999999999937,2003.2799999999679,SSLW,model_assisted_not_ground_truth,0,1,1,1,1,1,1,1,1,0,0
14.00,220.1739742016056,158.70239853361284,94.174954083378196,600.23278681512625,256.45490125156476,268.62231682358475,178.96123382326184,281.68671691750518,14.09,2029.27,SSLW,model_assisted_not_ground_truth,0,1,1,1,1,1,1,1,1,0,0
14.01,218.71073621993051,131.66177140865048,85.462959141624381,554.34137812963081,235.02603636250612,262.4556701624216,185.6600177571386,255.39822065196347,14.110000000000017,2029.7650000000003,SSLW,model_assisted_not_ground_truth,0,1,1,1,1,1,1,1,1,0,0
14.02,245.73507895987333,134.15974840306222,83.04711773039962,445.39270662846252,258.11533236156629,283.16756104400707,220.9416434189398,300.32970396965857,14.130000000000178,2030.2600000000232,SSLW,model_assisted_not_ground_truth,0,1,1,1,1,1,1,1,1,0,0
14.03,244.53957673501949,139.03912914999225,82.439360195311721,554.09517087354584,263.93021729602236,283.53251524783002,179.41478249943444,284.82309915160585,14.230000000000199,2043.2600000000084,SSLW,model_assisted_not_ground_truth,0,1,1,1,1,1,1,1,1,0,0
14.04,225.91902379759384,125.6940481906596,72.954153690719565,617.33320639113572,245.40061789728742,277.33024417932893,186.97525832595477,290.19235662722474,14.299999999999864,2046.2499999999941,SSLW,model_assisted_not_ground_truth,0,1,1,1,1,1,1,1,1,0,0
14.05,198.15335417632144,103.05329267181972,70.072181166236945,543.97284345884486,226.73859005077438,255.21475961238431,168.49271088663286,233.08350013128458,14.43999999999985,2063.2199999999816,SSLW,model_assisted_not_ground_truth,0,1,1,1,1,1,1,1,1,0,0
14.06,204.18857368544687,108.86311733861575,65.010700218950234,459.74987903801662,237.13708365239447,258.39970027787427,184.76552370241646,259.82008263224088,14.599999999999971,2025.1800000000069,SSLW,model_assisted_not_ground_truth,0,1,1,1,1,1,1,1,1,0,0
14.07,194.35363415048712,99.98171862023321,59.171252335816639,467.09697746227039,226.45419391594004,252.41154994739711,180.30270258931333,245.87149977854926,14.760000000000113,1999.1199999999942,SSLW,model_assisted_not_ground_truth,0,1,1,1,1,1,1,1,1,0,0
14.08,188.49107147569509,92.707142674912177,55.279669008950648,451.65758202258166,218.57870223317667,248.40488999947598,179.67486670757557,237.19995118066987,14.920000000000137,1991.0799999999872,SSLW,model_assisted_not_ground_truth,0,1,1,1,1,1,1,1,1,0,0
14.09,187.72027084727455,91.066702335447502,53.11096531075188,402.63664600864968,218.32328205551238,248.23700516869414,184.7531726504408,238.47084310164897,15.005000000000212,1983.0549999999801,SSLW,model_assisted_not_ground_truth,0,1,1,1,1,1,1,1,1,0,0
14.10,188.32349021458145,90.428827116696766,51.053103387322018,384.83520087418094,219.593728289995,249.10607450097621,190.14133174356945,242.3395199931781,15.09000000000054,1975.0299999999661,SSLW,model_assisted_not_ground_truth,0,1,1,1,1,1,1,1,1,0,0
14.11,183.95176288902223,85.140140372396928,47.622396747205812,388.23735851001754,215.16886170180882,245.06144585743161,189.14177063284842,234.82630672107263,15.249999999999773,1964.9600000000144,SSLW,model_assisted_not_ground_truth,0,1,1,1,1,1,1,1,1,0,0
14.12,175.0835655948284,77.566801418305829,42.51804599653488,386.9055688927499,207.23144551400298,237.89782968635004,185.47330764841195,220.18092072851309,15.449999999999928,1932.8900000000115,SSLW,model_assisted_not_ground_truth,0,1,1,1,1,1,1,1,1,0,0
14.13,167.86715263811814,70.810066784348919,38.906544744385293,358.23153907095821,199.27142849081574,231.67011953392995,183.57335325566183,208.44040311788314,15.610000000000079,1915.8499999999967,SSLW,model_assisted_not_ground_truth,0,1,1,1,1,1,1,1,1,0,0
14.14,165.1214845688784,66.202697174238224,36.876168541714378,335.9483903536248,195.49896387860167,227.91644605447044,185.02978548892006,201.78818759813197,15.760000000000199,1909.7899999999956,SSLW,model_assisted_not_ground_truth,0,1,1,1,1,1,1,1,1,0,0
14.15,162.04951156791151,62.160528394213792,34.518173227864295,325.85408507321966,190.84097520242216,224.49140341113014,185.15356407431656,197.7449468745217,15.900000000000254,1906.7499999999791,SSLW,model_assisted_not_ground_truth,0,1,1,1,1,1,1,1,1,0,0
14.16,169.08842225549202,60.208846764397393,34.889392850578446,331.69926655887321,188.27286700307053,225.6609878702599,192.58977763069635,197.89055456950231,16.010000000000041,1897.7299999999968,SSLW,model_assisted_not_ground_truth,0,1,1,1,1,1,1,1,1,0,0
14.17,171.27687575802941,56.479119372155644,34.832634965361649,325.47537156059184,183.19637549171497,224.43525141800043,195.76889214432768,192.1958126681283,16.119999999999827,1888.7100000000144,SSLW,model_assisted_not_ground_truth,0,1,1,1,1,1,1,1,1,0,0
14.18,170.85813326022159,52.05768877311499,33.875247462736482,322.384326748219,177.6755252892363,222.78404238641176,197.47390423488963,186.82723856531038,16.219999999999928,1880.6800000000057,SSLW,model_assisted_not_ground_truth,0,1,1,1,1,1,1,1,1,0,0
14.19,168.68960560440442,48.736836978198681,32.747293514725726,325.82457258666494,172.92562455302519,220.86048816600589,196.75399475192768,182.09277374227401,16.290000000000006,1865.6600000000012,SSLW,model_assisted_not_ground_truth,0,1,1,1,1,1,1,1,1,0,0
14.20,172.57145531907759,48.672074949393412,33.505117010040621,320.48029514809775,174.01108396673359,222.65600287579485,200.61382460658481,184.51559896222264,16.330000000000048,1871.6500000000112,SSLW,model_assisted_not_ground_truth,0,1,1,1,1,1,1,1,1,0,0
14.21,177.44796834236919,47.943489589569261,34.650042628624817,292.93488661892854,174.27944400052988,224.31941491078956,205.2154907995683,186.13071341697434,16.370000000000161,1880.6299999999874,SSLW,model_assisted_not_ground_truth,0,1,1,1,1,1,1,1,1,0,0
14.22,183.41683365935955,47.23413369234401,35.887954324280251,273.40254469210936,174.31208802153654,225.79203947653528,210.71495082543069,187.20105921156966,16.445000000000014,1874.6249999999989,SSLW,model_assisted_not_ground_truth,0,1,1,1,1,1,1,1,1,0,0
14.23,188.62580290594482,47.474901456109315,36.822134925044963,247.61139413055633,176.07010926163798,227.33604314761286,215.80705469058299,189.37953448754854,16.519999999999868,1868.6200000000106,SSLW,model_assisted_not_ground_truth,0,1,1,1,1,1,1,1,1,0,0
14.24,194.72039587881605,49.275749879323811,39.232184433811454,201.80397569795352,180.39841976898768,230.29013323228415,219.62498732258382,192.72113721624089,16.559999999999963,1869.599999999999,SSLW,model_assisted_not_ground_truth,0,1,1,1,1,1,1,1,1,0,0
14.25,205.10572066702738,53.46727720015447,41.304251697240943,193.64594325458037,187.88323176119781,237.3221452201075,227.23033396345477,205.13971827256691,16.579999999999998,1874.5999999999999,SSLW,model_assisted_not_ground_truth,0,1,1,1,1,1,1,1,1,0,0
14.26,219.10606855967285,60.155112213814718,44.421956556673344,182.07153824295472,199.93371724769707,245.67766079507123,237.93585025054495,222.5619651841692,16.590000000000035,1893.6000000000017,SSLW,model_assisted_not_ground_truth,0,1,1,1,1,1,1,1,1,0,0
14.27,225.57990640636586,62.596530182577951,45.669206874092474,163.66630707483529,205.5413848834601,248.81720557383332,242.91322806068229,229.73598298929016,16.63000000000007,1895.5800000000336,SSLW,model_assisted_not_ground_truth,0,1,1,1,1,1,1,1,1,0,0
14.28,232.44816326479375,64.839414413292758,47.865766913267251,140.73031820925343,211.74854372656478,252.14062354488237,247.08056818037898,235.97883743295469,16.670000000000044,1914.5700000000197,SSLW,model_assisted_not_ground_truth,0,1,1,1,1,1,1,1,1,0,0
14.29,236.26771550940998,66.78852033939485,49.775159312721627,130.54704897640823,215.37682760716334,254.04815631297228,247.51505905742582,238.12210917392838,16.685000000000013,1921.5650000000062,SSLW,model_assisted_not_ground_truth,0,1,1,1,1,1,1,1,1,0,0
14.30,236.10197123023062,65.920094329200069,49.751588729578742,117.67087776908599,214.98348999809275,253.81618094658603,246.29180496261745,237.59181785995736,16.699999999999982,1928.5599999999924,SSLW,model_assisted_not_ground_truth,0,1,1,1,1,1,1,1,1,0,0
14.31,237.02272529781905,65.173207574840859,49.776865792451957,91.157048372103944,215.85895122486778,253.61647322019607,247.4053118087711,237.60889176483258,16.739999999999991,1935.5399999999988,SSLW,model_assisted_not_ground_truth,0,1,1,1,1,1,1,1,1,0,0
14.32,242.8416594546897,67.514710589460492,51.227071785329706,70.132381516354471,221.29221542489464,256.44382607538728,251.82362198676023,243.56439492707068,16.770000000000035,1942.5100000000014,SSLW,model_assisted_not_ground_truth,0,1,1,1,1,1,1,1,1,0,0
14.33,246.45157759665304,68.573729903886672,52.082835680189014,44.727108400258714,225.08957753239275,257.55758328972377,254.73806727823819,246.74075487046252,16.820000000000128,1944.4799999999473,SSLW,model_assisted_not_ground_truth,0,1,1,1,1,1,1,1,1,0,0
14.34,239.67464091797868,64.315785760032767,49.184473868140017,40.847064619064611,219.23141407101696,252.70868844118257,250.1129651941055,236.89271846204278,16.900000000000222,1911.4200000000101,SSLW,model_assisted_not_ground_truth,0,1,1,1,1,1,1,1,1,0,0
14.35,240.67468988597344,63.65202303011575,49.300954676972275,36.272394838121272,220.30778168543065,252.47787731614241,250.92824427441687,235.76723259070826,16.99000000000003,1915.4000000000169,SSLW,model_assisted_not_ground_truth,0,1,1,1,1,1,1,1,1,0,0
14.36,239.00000000002132,63.000000000017053,49.000000000004263,0,220.00000000004263,251.00000000000853,249.00000000004263,235.00000000004263,17.000000000000014,1920.4000000000071,SSLW,model_assisted_not_ground_truth,0,0,0,0,0,0,0,0,0,0,0
14.37,243.99999999999824,66.999999999998579,49.999999999999645,0,229.99999999999645,252.99999999999929,258.99999999999648,244.99999999999645,17.009999999999998,1925.3999999999983,SSLW,model_assisted_not_ground_truth,0,0,0,0,0,0,0,0,0,0,0
14.38,262.99999999999949,70.000000000002672,51.000000000001066,0,237.00000000000321,260.00000000000108,263.00000000000318,262.00000000000426,17.030000000000001,1930.3799999999922,SSLW,model_assisted_not_ground_truth,0,0,0,0,0,0,0,0,0,0,0
14.39,262.00000000001421,75.000000000001421,53.000000000001421,0,243.00000000000995,262.00000000000568,269.00000000001137,270.00000000000995,17.030000000000015,1915.3700000000013,SSLW,model_assisted_not_ground_truth,0,0,0,0,0,0,0,0,0,0,0
14.40,272.00000000003234,76,54.000000000006928,0,250.00000000001387,266.0000000000046,277.00000000000693,277.00000000001614,17.040000000000045,1916.3600000000092,SSLW,model_assisted_not_ground_truth,0,0,0,0,0,0,0,0,0,0,0
14.41,285.99999999999358,76.000000000015987,57.000000000009592,0,256.00000000001279,268.00000000000318,280.00000000001279,284,17.060000000000031,1920.3600000000094,SSLW,model_assisted_not_ground_truth,0,0,0,0,0,0,0,0,0,0,0
14.42,284.00000000001228,80.999999999991829,60.000000000004086,0,260.00000000001228,269.00000000001631,283.99999999999591,284.00000000001631,17.069999999999986,1923.3499999999951,SSLW,model_assisted_not_ground_truth,0,0,0,0,0,0,0,0,0,0,0
14.43,286.99999999999784,79.000000000001421,60.999999999999289,0,262.99999999999784,272.99999999999716,283.00000000000068,287.99999999999716,17.07,1921.3500000000013,SSLW,model_assisted_not_ground_truth,0,0,0,0,0,0,0,0,0,0,0
14.44,288,75.999999999999645,61.999999999999467,0,269.99999999999966,272.99999999999949,284.99999999999949,289.00000000000051,17.080000000000002,1918.8449999999996,SSLW,model_assisted_not_ground_truth,0,0,0,0,0,0,0,0,0,0,0
14.45,288.0000000000025,74.000000000001251,58.99999999999627,0,268.0000000000025,269.99999999999875,281.9999999999975,291.999999999995,17.089999999999975,1916.3399999999638,SSLW,model_assisted_not_ground_truth,0,0,0,0,0,0,0,0,0,0,0
14.46,289.99999999999784,74.999999999997868,55.999999999991473,0,269.99999999998295,269.00000000000216,279.99999999999147,287.99999999999784,17.070000000000022,1887.3400000000106,SSLW,model_assisted_not_ground_truth,0,0,0,0,0,0,0,0,0,0,0
14.47,288.99999999996072,73.999999999981881,51.99999999999698,0,261.99999999998789,269.99999999998789,275.99999999998187,286.9999999999547,17.079999999999998,1892.3399999999849,SSLW,model_assisted_not_ground_truth,0,0,0,0,0,0,0,0,0,0,0
14.48,275.99999999996481,67.999999999992184,51,0,257.99999999999221,265.99999999996874,269.99999999996095,271.99999999993355,17.079999999999998,1887.3400000000088,SSLW,model_assisted_not_ground_truth,0,0,0,0,0,0,0,0,0,0,0
14.49,267.00000000000801,66.000000000001776,51,0,256.00000000000176,258.00000000000711,260.00000000000887,255.00000000001509,17.089999999999989,1868.3300000000168,SSLW,model_assisted_not_ground_truth,0,0,0,0,0,0,0,0,0,0,0
14.50,256,62,51,0,247,253,239,235,17.085000000000001,1850.3299999999999,SSLW,model_assisted_not_ground_truth,0,0,0,0,0,0,0,0,0,0,0
14.51,226.99999999998045,45.99999999999023,49.999999999998224,0,227.99999999998934,237.99999999998934,225.99999999998224,216.99999999998846,17.079999999999988,1832.3299999999795,SSLW,model_assisted_not_ground_truth,0,0,0,0,0,0,0,0,0,0,0
14.52,204.99999999995381,34.999999999994671,47.999999999991118,0,215.99999999994847,225.99999999996624,205.99999999996447,203.99999999997158,17.069999999999965,1809.3299999998987,SSLW,model_assisted_not_ground_truth,0,0,0,0,0,0,0,0,0,0,0
14.53,178.99999999994031,31.999999999985789,42.999999999997158,0,186.99999999992042,206.99999999995737,185.999999999946,187.99999999997726,17.049999999999887,1752.3299999998351,SSLW,model_assisted_not_ground_truth,0,0,0,0,0,0,0,0,0,0,0
14.54,157.99999999993287,26.99999999999627,41.999999999977618,0,158.99999999995524,191.99999999990675,166.99999999989555,179.99999999996643,17.01000000000008,1694.3300000001132,SSLW,model_assisted_not_ground_truth,0,0,0,0,0,0,0,0,0,0,0
14.55,140.00000000001918,26.000000000001066,36.000000000006395,0,147.00000000001279,167.00000000002666,139.00000000002984,171.00000000000961,16.99000000000002,1662.330000000034,SSLW,model_assisted_not_ground_truth,0,0,0,0,0,0,0,0,0,0,0
14.56,122.0000000000032,27.999999999999645,36,0,132.00000000000267,158.00000000000159,120.00000000000338,168.00000000000054,16.98,1647.3300000000027,SSLW,model_assisted_not_ground_truth,0,0,0,0,0,0,0,0,0,0,0
14.57,109.99999999999218,21.999999999996447,33.000000000000711,6.9491079557401005e-10,109.99999999999218,162.99999999999858,105.99999999999432,166.00000000000284,16.96999999999997,1632.3299999999729,SSLW,model_assisted_not_ground_truth,0,0,0,0,0,0,0,0,0,0,0
14.58,98.999999999995197,17,34,978,98.999999999995197,161.00000000000159,97.999999999977618,169.99999999999361,16.929999999999886,1594.3399999999504,SSLW,model_assisted_not_ground_truth,0,0,0,0,0,0,0,0,0,0,0
14.59,95.99999999996767,17.000000000004974,34,978,95.999999999990052,162.00000000000747,83.99999999996767,165.99999999996518,16.859999999999751,1563.3699999998782,SSLW,model_assisted_not_ground_truth,0,0,0,0,0,0,0,0,0,0,0
14.60,82.999999999983118,18.999999999996625,34.00000000000675,978,91.999999999983118,164.99999999999662,70.999999999983118,151.99999999996962,16.759999999999799,1514.4299999999259,SSLW,model_assisted_not_ground_truth,0,0,0,0,0,0,0,0,0,0,0
14.61,77.999999999931788,17.999999999982947,35.99999999998721,977.99999999583054,86.999999999970157,163.99999999997442,65.999999999978684,143,16.700000000000085,1492.4700000000312,SSLW,model_assisted_not_ground_truth,0,0,0,0,0,0,0,0,0,0,0
14.62,62.000000000005684,14.000000000001421,33.000000000001066,3.475406629149802e-10,80.000000000002487,158.00000000000213,61.000000000001776,143,16.640000000000022,1448.4800000000157,SSLW,model_assisted_not_ground_truth,0,0,0,0,0,0,0,0,0,0,0
14.63,60.999999999996803,15.000000000001066,34,0,87.999999999998934,155.99999999999733,51.999999999996803,124.99999999999413,16.634999999999998,1444.9799999999982,SSLW,model_assisted_not_ground_truth,0,0,0,0,0,0,0,0,0,0,0
14.64,55.000000000001421,16.999999999998579,34.000000000002842,0,86.000000000002842,150.99999999998863,45.999999999992895,113.99999999997016,16.629999999999928,1441.4799999999502,SSLW,model_assisted_not_ground_truth,0,0,0,0,0,0,0,0,0,0,0
14.65,55.999999999976907,16.000000000002309,36,2.3092638912224259e-12,87.999999999972289,142.99999999998846,40.999999999997691,92.999999999960735,16.580000000000044,1406.4900000000416,SSLW,model_assisted_not_ground_truth,0,0,0,0,0,0,0,0,0,0,0
14.66,46,16.999999999990408,35.999999999996803,1,75.999999999977618,137.99999999999039,39.999999999996803,75.999999999948841,16.599999999999969,1424.4799999999937,SSLW,model_assisted_not_ground_truth,0,0,0,0,0,0,0,0,0,0,0
14.67,46,14.000000000012257,35,1,69.000000000008171,135.00000000001225,39,59.999999999950973,16.590000000000018,1422.4900000000032,SSLW,model_assisted_not_ground_truth,0,0,0,0,0,0,0,0,0,0,0
14.68,46,16.999999999997868,35,1,70.999999999998579,137.99999999999787,39,48.000000000008527,16.580000000000005,1415.500000000005,SSLW,model_assisted_not_ground_truth,0,0,0,0,0,0,0,0,0,0,0
14.69,44.999999999999822,19.999999999998401,34,1,63.000000000000888,135.99999999999892,38,41.999999999999467,16.569999999999997,1412.4999999999982,SSLW,model_assisted_not_ground_truth,0,0,0,0,0,0,0,0,0,0,0
14.70,43.999999999998757,10.999999999998757,34.000000000001243,1,67.999999999997513,130.00000000000125,38.000000000001243,39,16.559999999999988,1401.999999999987,SSLW,model_assisted_not_ground_truth,0,0,0,0,0,0,0,0,0,0,0
14.71,42.999999999997868,9.9999999999978684,34.999999999997868,1,66.000000000006395,131.00000000000426,38.999999999995737,39.000000000010658,16.550000000000001,1391.5,SSLW,model_assisted_not_ground_truth,0,0,0,0,0,0,0,0,0,0,0
14.72,42,9.0000000000120792,34,1,68.99999999999396,132.99999999999395,37.00000000000302,44.000000000015099,16.550000000000001,1391.5000000000121,SSLW,model_assisted_not_ground_truth,0,0,0,0,0,0,0,0,0,0,0
14.73,42,13.000000000007816,34,0.99999999999609201,67.000000000015632,130.99999999999218,38,48.999999999996092,16.550000000000001,1395.499999999993,SSLW,model_assisted_not_ground_truth,0,0,0,0,0,0,0,0,0,0,0
14.74,42,14.999999999998224,34,8.8817841970012523e-13,70.999999999996447,129.00000000000176,38,48.000000000000888,16.550000000000001,1395.5,SSLW,model_assisted_not_ground_truth,0,0,0,0,0,0,0,0,0,0,0
14.75,42,21,32,1,75,128,37,46,16.550000000000001,1394.51,SSLW,model_assisted_not_ground_truth,0,0,0,0,0,0,0,0,0,0,0
14.76,43.999999999996447,24.000000000000888,32,0.99999999999911182,70.999999999999105,129.00000000000179,36.999999999999112,48.000000000004441,16.560000000000009,1396.4999999999991,SSLW,model_assisted_not_ground_truth,0,0,0,0,0,0,0,0,0,0,0
14.77,40,25,32.000000000003553,0,70.000000000010658,131.00000000000179,36.000000000001776,53.000000000008882,16.569999999999975,1395.4899999999973,SSLW,model_assisted_not_ground_truth,0,0,0,0,0,0,0,0,0,0,0
14.78,40,25.000000000022737,34,0,76.000000000002842,132.00000000001137,37,58.000000000008527,16.555,1394,SSLW,model_assisted_not_ground_truth,0,0,0,0,0,0,0,0,0,0,0
14.79,39.999999999973888,33.00000000000373,33.99999999999627,0,76.999999999992539,135.99999999998136,37,61.000000000014921,16.540000000000028,1392.5100000000029,SSLW,model_assisted_not_ground_truth,0,0,0,0,0,0,0,0,0,0,0
14.80,33.000000000007461,33.999999999998934,33.000000000001066,0,75.000000000002132,131.00000000000534,37,64.999999999995737,16.54999999999999,1396.5099999999957,SSLW,model_assisted_not_ground_truth,0,0,0,0,0,0,0,0,0,0,0
14.81,31.000000000000355,32.000000000000355,33.999999999999822,0,76.999999999999645,139.99999999999841,37,72.999999999998579,16.530000000000005,1398.5199999999995,SSLW,model_assisted_not_ground_truth,0,0,0,0,0,0,0,0,0,0,0
14.82,31.999999999997868,29.000000000001421,34.000000000001421,0,78.000000000000711,136.00000000000284,37,92.999999999996447,16.539999999999999,1396.52,SSLW,model_assisted_not_ground_truth,0,0,0,0,0,0,0,0,0,0,0
14.83,28.999999999998401,30.999999999995204,36,0,79.000000000006395,140,37,88.000000000004803,16.540000000000031,1396.5199999999984,SSLW,model_assisted_not_ground_truth,0,0,0,0,0,0,0,0,0,0,0
14.84,28.000000000004974,28.000000000012434,36,0,83.000000000009948,140.00000000000497,37.000000000002487,91.00000000003979,16.559999999999988,1395.4999999999989,SSLW,model_assisted_not_ground_truth,0,0,0,0,0,0,0,0,0,0,0
14.85,30.000000000003375,32.999999999989875,36,0,87.000000000003382,141.99999999998312,37.999999999996625,107.00000000004725,16.554999999999996,1395.0049999999997,SSLW,model_assisted_not_ground_truth,0,0,0,0,0,0,0,0,0,0,0
14.86,31,30.000000000017053,36,0,88.000000000034106,136.99999999999574,37,121.00000000002984,16.550000000000008,1394.5100000000007,SSLW,model_assisted_not_ground_truth,0,0,0,0,0,0,0,0,0,0,0
14.87,31,33.999999999998579,36,0,95.999999999997158,136.00000000000034,37,127.99999999999751,16.550000000000001,1395.5099999999995,SSLW,model_assisted_not_ground_truth,0,0,0,0,0,0,0,0,0,0,0
14.88,30,33.000000000001066,36,0,99.000000000001606,134.99999999999841,37,133.99999999999841,16.550000000000008,1400.5100000000011,SSLW,model_assisted_not_ground_truth,0,0,0,0,0,0,0,0,0,0,0
14.89,30.000000000001421,35.000000000007105,36.000000000001421,0,102.00000000000426,131.99999999999574,36.999999999998579,130.99999999999858,16.559999999999999,1402.5099999999873,SSLW,model_assisted_not_ground_truth,0,0,0,0,0,0,0,0,0,0,0
14.90,30.999999999997691,39.999999999995381,37,0,105.00000000000693,128.99999999997229,36.000000000002309,129.99999999998846,16.560000000000034,1393.4900000000218,SSLW,model_assisted_not_ground_truth,0,0,0,0,0,0,0,0,0,0,0
14.91,29.999999999996803,37.999999999990408,37.000000000003197,0,107.9999999999968,116.99999999996803,37,125.00000000001918,16.575000000000003,1402.9900000000034,SSLW,model_assisted_not_ground_truth,0,0,0,0,0,0,0,0,0,0,0
14.92,29,34.999999999987743,37.999999999995914,0,106.99999999996324,107.00000000003676,37,131,16.589999999999975,1412.4899999999848,SSLW,model_assisted_not_ground_truth,0,0,0,0,0,0,0,0,0,0,0
14.93,29,32.000000000002132,37.000000000000711,0,98.000000000006395,115.99999999999361,37,131,16.59,1416.4899999999971,SSLW,model_assisted_not_ground_truth,0,0,0,0,0,0,0,0,0,0,0
14.94,29.000000000000355,37.000000000000178,41.000000000000533,0,98.000000000001606,122,37,136.00000000000017,16.589999999999996,1417.4900000000005,SSLW,model_assisted_not_ground_truth,0,0,0,0,0,0,0,0,0,0,0
14.95,31.000000000001243,37.99999999999627,44.000000000002487,0,107.00000000001741,122.00000000000622,37,137.00000000001492,16.580000000000013,1419.4900000000011,SSLW,model_assisted_not_ground_truth,0,0,0,0,0,0,0,0,0,0,0
14.96,32.000000000014921,35.000000000004263,46.000000000002132,0,121.00000000002345,127.00000000000213,37.000000000006395,149.00000000001918,16.589999999999936,1420.4899999999232,SSLW,model_assisted_not_ground_truth,0,0,0,0,0,0,0,0,0,0,0
14.97,39.000000000018119,37.000000000018119,47.00000000000302,0,132.00000000003021,128.00000000000605,40.00000000000302,158.00000000004229,16.559999999999999,1384.47,SSLW,model_assisted_not_ground_truth,0,0,0,0,0,0,0,0,0,0,0
14.98,45.000000000031264,43.000000000062528,48,0,142.00000000005079,130.00000000008205,40.999999999996092,172.00000000007816,16.559999999999999,1384.47,SSLW,model_assisted_not_ground_truth,0,0,0,0,0,0,0,0,0,0,0
14.99,52.999999999992895,58.999999999985789,48,0,154.99999999998846,150.99999999998136,40.000000000000888,191.99999999998224,16.559999999999999,1384.47,SSLW,model_assisted_not_ground_truth,0,0,0,0,0,0,0,0,0,0,0
15.00,76,81,47,0,172,166,48,217,16.579999999999998,1408.48,SSLW,model_assisted_not_ground_truth,0,0,0,0,0,0,0,0,0,0,0
15.01,90.000000000047962,86.000000000015987,48.000000000001776,0,195.00000000001509,185.00000000002487,57.000000000014211,237.00000000001776,16.589999999999971,1409.4899999999921,SSLW,model_assisted_not_ground_truth,0,0,0,0,0,0,0,0,0,0,0
15.02,144.00000000005684,104.00000000004441,50,0,212.00000000003553,213.00000000003376,73.000000000033751,257.00000000003729,16.559999999999395,1400.4999999999343,SSLW,model_assisted_not_ground_truth,0,0,0,0,0,0,0,0,0,0,0
15.03,176.00000000007674,129.00000000004832,50.000000000028422,0,232.00000000005684,232.00000000005969,92.000000000034106,278.00000000003411,16.219999999996872,1363.5400000003133,SSLW,model_assisted_not_ground_truth,0,0,0,0,0,0,0,0,0,0,0
15.04,203.00000000008953,146.00000000002237,60.000000000052225,0,252.00000000005969,253.00000000004476,104.00000000012683,290.00000000009697,15.120000000002149,1473.7899999997844,SSLW,model_assisted_not_ground_truth,0,0,0,0,0,0,0,0,0,0,0
15.05,226.99999999997442,151.99999999999361,73.999999999985079,0,267.99999999998295,264.99999999998721,137.99999999996376,315.99999999997226,14.160000000001023,1673.1099999997875,SSLW,model_assisted_not_ground_truth,0,0,0,0,0,0,0,0,0,0,0
15.06,232.99999999999892,172.99999999999628,110.99999999999343,0,282.99999999999733,277.99999999999767,159.99999999999608,345.99999999999466,13.905000000000046,1754.1949999999856,SSLW,model_assisted_not_ground_truth,0,0,0,0,0,0,0,0,0,0,0
15.07,251.00000000000568,180.00000000000213,136.00000000000284,0,299.00000000000284,288.00000000000711,169.00000000000497,356.00000000000358,13.649999999999894,1835.2800000000298,SSLW,model_assisted_not_ground_truth,0,0,0,0,0,0,0,0,0,0,0
15.08,259.00000000000477,183.00000000000321,140.00000000000799,0,303.00000000001597,298.00000000000801,176.0000000000112,360.99999999999841,13.499999999999936,1877.3300000000609,SSLW,model_assisted_not_ground_truth,0,0,0,0,0,0,0,0,0,0,0
15.09,262.0000000000025,184.9999999999975,145,0,313.000000000005,303.000000000005,183.00000000001742,359.99999999996271,13.460000000000051,1915.4000000000972,SSLW,model_assisted_not_ground_truth,0,0,0,0,0,0,0,0,0,0,0
15.10,263.00000000001012,183.99999999999662,145.00000000000676,0,315,304.99999999999665,189.99999999999662,344.99999999998312,13.480000000000034,1954.4300000000947,SSLW,model_assisted_not_ground_truth,0,0,0,0,0,0,0,0,0,0,0
15.11,265.99999999998721,183,146.99999999998721,0,314.99999999999147,303.99999999999574,188.99999999998295,340,13.489999999999986,1982.4599999999602,SSLW,model_assisted_not_ground_truth,0,0,0,0,0,0,0,0,0,0,0
15.12,263.00000000000108,183,144.00000000000108,0,313.00000000000068,303.00000000000034,185.00000000000142,340,13.494999999999997,2003.9749999999924,SSLW,model_assisted_not_ground_truth,0,0,0,0,0,0,0,0,0,0,0
15.13,264,179.99999999999415,141.99999999999946,0,311.99999999999949,299.00000000000051,187.00000000000054,326.00000000000108,13.500000000000005,2025.4900000000155,SSLW,model_assisted_not_ground_truth,0,0,0,0,0,0,0,0,0,0,0
15.14,263.99999999999147,168.99999999999005,140.99999999999289,0,310.99999999999858,299.99999999999716,188.00000000000426,327.99999999999005,13.510000000000014,2054.510000000043,SSLW,model_assisted_not_ground_truth,0,0,0,0,0,0,0,0,0,0,0
15.15,257.99999999998153,161.99999999999076,135.99999999998153,0,309.9999999999954,297.99999999999073,190.99999999999307,320.99999999998153,13.52,2084.5100000000093,SSLW,model_assisted_not_ground_truth,0,0,0,0,0,0,0,0,0,0,0
15.16,249.99999999997763,157.99999999999201,127.99999999997922,0,307.99999999999039,293.99999999999682,188.00000000000159,312.99999999998403,13.520000000000351,2088.4900000000412,SSLW,model_assisted_not_ground_truth,0,0,0,0,0,0,0,0,0,0,0
15.17,242.9999999999913,155.4999999999969,121.49999999999191,0,304.99999999999625,292.99999999999875,188.50000000000063,307.9999999999938,13.629999999999825,2101.4599999999791,SSLW,model_assisted_not_ground_truth,0,0,0,0,0,0,0,0,0,0,0
15.18,236.00000000000497,153.00000000000176,115.00000000000462,0,302.00000000000216,292.00000000000068,188.99999999999966,303.00000000000352,13.779999999999893,2116.4399999999896,SSLW,model_assisted_not_ground_truth,0,0,0,0,0,0,0,0,0,0,0
15.19,213.99999999999892,131.99999999999787,104.99999999999662,0,277.99999999999949,278.99999999999966,189.00000000000037,277.99999999999892,13.855000000000013,2111.4249999999993,SSLW,model_assisted_not_ground_truth,0,0,0,0,0,0,0,0,0,0,0
15.20,207.99999999999875,119.99999999998508,85.999999999990052,0,274.9999999999938,276.999999999995,190.99999999999503,271.99999999999005,13.930000000000161,2106.4099999999576,SSLW,model_assisted_not_ground_truth,0,0,0,0,0,0,0,0,0,0,0
15.21,206.99999999999574,107.99999999998934,77.999999999991473,0,270.00000000000642,273,186.99999999999574,264,14.060000000000363,2072.3400000000129,SSLW,model_assisted_not_ground_truth,0,0,0,0,0,0,0,0,0,0,0
15.22,204.99999999998491,102.99999999996678,73.999999999990933,0,272.99999999998187,272.99999999997885,185,263.99999999997885,14.230000000000574,2078.2999999998674,SSLW,model_assisted_not_ground_truth,0,0,0,0,0,0,0,0,0,0,0
15.23,199.99999999996874,91.999999999953104,70.99999999996092,0,266.99999999996481,266,185.00000000000389,256.99999999992968,14.419999999999662,2034.2600000000782,SSLW,model_assisted_not_ground_truth,0,0,0,0,0,0,0,0,0,0,0
15.24,192.00000000000711,80.000000000010658,61.000000000008882,0,258.00000000000801,266,185.99999999999912,239.00000000001597,14.589999999999849,2016.2200000000159,SSLW,model_assisted_not_ground_truth,0,0,0,0,0,0,0,0,0,0,0
15.25,194,76,55,0,249,262,188,224,14.655000000000001,2005.7049999999999,SSLW,model_assisted_not_ground_truth,0,0,0,0,0,0,0,0,0,0,0
15.26,182.99999999999645,75.999999999996447,50,0,236.99999999999201,254.9999999999911,186.99999999999557,212.99999999999733,14.720000000000107,1995.1899999999894,SSLW,model_assisted_not_ground_truth,0,0,0,0,0,0,0,0,0,0,0
15.27,178.99999999998934,71.999999999989342,49.999999999994671,0,227.99999999997868,244.99999999998579,182.00000000000534,209.99999999999466,14.840000000000284,1983.1299999999555,SSLW,model_assisted_not_ground_truth,0,0,0,0,0,0,0,0,0,0,0
15.28,172.99999999999716,65.999999999977263,47.000000000002842,0,216,236.99999999999716,185.00000000000853,206.99999999998295,15.000000000000369,1958.0599999999602,SSLW,model_assisted_not_ground_truth,0,0,0,0,0,0,0,0,0,0,0
15.29,171.99999999999628,57.999999999955236,48,0,215.99999999996643,235.9999999999888,187.99999999998508,200.99999999998136,15.129999999999747,1944.0200000000275,SSLW,model_assisted_not_ground_truth,0,0,0,0,0,0,0,0,0,0,0
15.30,171.00000000000108,46.00000000001279,48,0,207.00000000000961,233.00000000000318,184.00000000000426,196.00000000000534,15.229999999999894,1929.970000000015,SSLW,model_assisted_not_ground_truth,0,0,0,0,0,0,0,0,0,0,0
15.31,162.00000000000159,43.000000000000533,48,0,190.00000000000301,226.00000000000125,180.00000000000071,198.99999999999946,15.319999999999984,1902.9400000000048,SSLW,model_assisted_not_ground_truth,0,0,0,0,0,0,0,0,0,0,0
15.32,166.99999999999929,42.999999999998579,48,0,176.99999999999289,227.99999999999574,183.99999999999787,194.00000000000284,15.380000000000008,1890.9300000000005,SSLW,model_assisted_not_ground_truth,0,0,0,0,0,0,0,0,0,0,0
15.33,165.99999999999039,40.99999999998721,47.999999999998401,0,166.99999999999361,222.00000000000321,181.00000000000159,197.99999999999679,15.390000000000017,1891.4250000000009,SSLW,model_assisted_not_ground_truth,0,0,0,0,0,0,0,0,0,0,0
15.34,159.9999999999975,32.999999999997513,46.999999999995026,0,162.9999999999975,224.00000000000497,181.9999999999975,196.00000000000497,15.400000000000075,1891.9199999999826,SSLW,model_assisted_not_ground_truth,0,0,0,0,0,0,0,0,0,0,0
15.35,159.00000000002362,32.000000000010125,45.00000000000675,0,162.00000000000338,226.00000000001688,181.00000000002362,198.00000000000676,15.43,1884.9200000000035,SSLW,model_assisted_not_ground_truth,0,0,0,0,0,0,0,0,0,0,0
15.36,166.00000000000426,35.000000000004263,47,0,163.0000000000469,231.00000000001705,188.00000000004263,200.00000000001705,15.43,1885.9199999999987,SSLW,model_assisted_not_ground_truth,0,0,0,0,0,0,0,0,0,0,0
15.37,166.99999999999966,35.999999999999645,47,0,173.99999999999608,234.99999999999858,197.99999999999645,203.99999999999858,15.43,1888.9199999999989,SSLW,model_assisted_not_ground_truth,0,0,0,0,0,0,0,0,0,0,0
15.38,175.00000000000159,42.999999999997868,48,0,174.00000000000267,237.00000000000159,212.00000000000426,208.00000000000961,15.4,1877.920000000003,SSLW,model_assisted_not_ground_truth,0,0,0,0,0,0,0,0,0,0,0
15.39,178.00000000000284,39.000000000004263,48,0,179.00000000000284,240.00000000000426,220.00000000001705,226.00000000000568,15.4,1883.4250000000079,SSLW,model_assisted_not_ground_truth,0,0,0,0,0,0,0,0,0,0,0
15.40,180.00000000001387,42.000000000006928,48.000000000002309,0,181.00000000000924,243.00000000001154,232.00000000000693,230,15.40000000000007,1888.9300000000578,SSLW,model_assisted_not_ground_truth,0,0,0,0,0,0,0,0,0,0,0
15.41,186.00000000002879,45.000000000006395,48.999999999996803,0,185.00000000000639,248,234.99999999999039,230.00000000004158,15.430000000000064,1913.9300000000192,SSLW,model_assisted_not_ground_truth,0,0,0,0,0,0,0,0,0,0,0
15.42,195.00000000000816,46.999999999987743,48,0,187.00000000002044,248.00000000000409,232.00000000001634,243.00000000001225,15.449999999999967,1919.9199999999905,SSLW,model_assisted_not_ground_truth,0,0,0,0,0,0,0,0,0,0,0
15.43,196.99999999999858,44.000000000002132,48,0,191.99999999999645,248.99999999999929,235.99999999999716,245.99999999999787,15.469999999999986,1932.9299999999907,SSLW,model_assisted_not_ground_truth,0,0,0,0,0,0,0,0,0,0,0
15.44,195.99999999999841,45.000000000000355,49,0,188.00000000000054,253.00000000000017,236,252.00000000000213,15.500000000000011,1934.9299999999998,SSLW,model_assisted_not_ground_truth,0,0,0,0,0,0,0,0,0,0,0
15.45,187.00000000001492,46.999999999998757,49.000000000001243,0,191.00000000000497,254.0000000000025,236.00000000000622,264.00000000000995,15.560000000000025,1933.9200000000112,SSLW,model_assisted_not_ground_truth,0,0,0,0,0,0,0,0,0,0,0
15.46,199,46.000000000002132,49.999999999997868,0,195.00000000000426,256.00000000000642,241.00000000000213,272.00000000001921,15.580000000000096,1942.9100000000001,SSLW,model_assisted_not_ground_truth,0,0,0,0,0,0,0,0,0,0,0
15.47,199.00000000003021,46.99999999999396,49.00000000000302,0,197.0000000000453,259.00000000000301,242.00000000001509,281.00000000002717,15.625000000000007,1942.8899999999999,SSLW,model_assisted_not_ground_truth,0,0,0,0,0,0,0,0,0,0,0
15.48,209.00000000002734,45.000000000003908,50,0,211.99999999998829,260.00000000001171,247.00000000003126,290.00000000003519,15.66999999999992,1942.8699999999999,SSLW,model_assisted_not_ground_truth,0,0,0,0,0,0,0,0,0,0,0
15.49,215.99999999999378,45.999999999999112,50,0,209.00000000000267,262.99999999999733,254.99999999999289,298.99999999999199,15.75999999999992,1941.8600000000008,SSLW,model_assisted_not_ground_truth,0,0,0,0,0,0,0,0,0,0,0
15.50,222,43,49,0,214,266,255,298,16.02,1921.8099999999999,SSLW,model_assisted_not_ground_truth,0,0,0,0,0,0,0,0,0,0,0
15.51,230.00000000000978,44.000000000000888,50.000000000000888,0,223.00000000000534,267.00000000000358,262.00000000000358,305.00000000000358,16.100000000000101,1923.78,SSLW,model_assisted_not_ground_truth,0,0,0,0,0,0,0,0,0,0,0
15.52,241.00000000002311,45,51.000000000001776,0,229.00000000002132,271.00000000000534,266.00000000000887,308.99999999999824,16.210000000000079,1923.7100000000187,SSLW,model_assisted_not_ground_truth,0,0,0,0,0,0,0,0,0,0,0
15.53,253.99999999999432,44.999999999994316,52.000000000002842,0,241.00000000001421,274.00000000000568,271,308.0000000000199,16.255000000000003,1934.2,SSLW,model_assisted_not_ground_truth,0,0,0,0,0,0,0,0,0,0,0
15.54,252.00000000001492,43.000000000011191,52.99999999999627,0,246.00000000000745,276.0000000000112,270.9999999999776,314.99999999999625,16.299999999999912,1944.6899999999796,SSLW,model_assisted_not_ground_truth,0,0,0,0,0,0,0,0,0,0,0
15.55,255.99999999999574,45.999999999996803,52.000000000001066,0,247.99999999999787,278.99999999999682,265.00000000000637,314.00000000000108,16.389999999999905,1953.6499999999905,SSLW,model_assisted_not_ground_truth,0,0,0,0,0,0,0,0,0,0,0
15.56,254.00000000000034,44.000000000000355,53.999999999999645,0,250.99999999999946,281.99999999999949,270.99999999999892,317.99999999999932,16.569999999999968,1947.620000000001,SSLW,model_assisted_not_ground_truth,0,0,0,0,0,0,0,0,0,0,0
15.57,256.00000000000284,45.000000000001421,54,0,251.00000000000071,280.99999999999642,274.99999999999858,321.99999999999858,16.640000000000065,1949.5799999999929,SSLW,model_assisted_not_ground_truth,0,0,0,0,0,0,0,0,0,0,0
15.58,260.00000000000159,47.000000000006395,54,0,252.0000000000048,276.00000000000159,272.99999999999682,319.99999999999682,16.730000000000096,1939.5099999999616,SSLW,model_assisted_not_ground_truth,0,0,0,0,0,0,0,0,0,0,0
15.59,261.000000000005,50.999999999997513,54,0,255.00000000000995,276.99999999999255,271,318.000000000005,16.790000000000209,1915.4899999999466,SSLW,model_assisted_not_ground_truth,0,0,0,0,0,0,0,0,0,0,0
15.60,263.00000000001012,50.0000000000135,53.99999999999325,0,258.99999999999665,273.99999999998988,270.99999999998647,319.999999999973,16.875000000000046,1893.9749999999885,SSLW,model_assisted_not_ground_truth,0,0,0,0,0,0,0,0,0,0,0
15.61,265.99999999999113,53.999999999982236,51.999999999995559,0,257.99999999997777,271,266.99999999997777,311.99999999997334,16.959999999999894,1872.4600000000269,SSLW,model_assisted_not_ground_truth,0,0,0,0,0,0,0,0,0,0,0
15.62,264.00000000000068,50.000000000001421,51.000000000000355,0,253.00000000000176,271,262.00000000000176,306.00000000000216,16.979999999999993,1875.4499999999989,SSLW,model_assisted_not_ground_truth,0,0,0,0,0,0,0,0,0,0,0
15.63,260,44.999999999997868,49,0,251.99999999999733,262.99999999999523,257.99999999999255,297.99999999999466,17.000000000000028,1873.4199999999937,SSLW,model_assisted_not_ground_truth,0,0,0,0,0,0,0,0,0,0,0
15.64,259.99999999998721,40.999999999995737,49,0,246.99999999999289,253.99999999998437,243.99999999998295,287.9999999999801,17.049999999999986,1861.3599999999501,SSLW,model_assisted_not_ground_truth,0,0,0,0,0,0,0,0,0,0,0
15.65,250.99999999997229,37.999999999993072,48.999999999995381,0,241.99999999997689,242.99999999997689,231.99999999997689,273.99999999994918,17.039999999999999,1826.3599999999515,SSLW,model_assisted_not_ground_truth,0,0,0,0,0,0,0,0,0,0,0
15.66,238.99999999996481,34.999999999990408,46.999999999990408,0,231.99999999996803,232.99999999998721,221.99999999999039,251.99999999996803,17.040000000000013,1805.3499999999472,SSLW,model_assisted_not_ground_truth,0,0,0,0,0,0,0,0,0,0,0
15.67,227.99999999991013,31.999999999995914,43.999999999995914,0,221.99999999997141,228.99999999997956,218.99999999991829,241.99999999993872,17.045000000000005,1788.8499999999794,SSLW,model_assisted_not_ground_truth,0,0,0,0,0,0,0,0,0,0,0
15.68,206.00000000001563,31.000000000000711,43.000000000000711,0,215.00000000000497,224.00000000000355,199.00000000001421,227.00000000001066,17.049999999999997,1772.3500000000117,SSLW,model_assisted_not_ground_truth,0,0,0,0,0,0,0,0,0,0,0
15.69,185.99999999999557,27.999999999998579,40,0,205.99999999999628,211.99999999999733,186.9999999999975,210.9999999999977,17.009999999999998,1700.339999999997,SSLW,model_assisted_not_ground_truth,0,0,0,0,0,0,0,0,0,0,0
15.70,160.99999999997263,20,39.999999999995026,0,184.99999999996891,196.99999999997638,172.99999999995524,197.99999999998258,16.999999999999975,1683.339999999959,SSLW,model_assisted_not_ground_truth,0,0,0,0,0,0,0,0,0,0,0
15.71,138.99999999998082,19.999999999991473,35.999999999995737,0,159.99999999995524,177.99999999994671,136.99999999995097,183.99999999998721,16.979999999999979,1650.3399999999338,SSLW,model_assisted_not_ground_truth,0,0,0,0,0,0,0,0,0,0,0
15.72,129.99999999992752,15.999999999987921,34.00000000000302,0,138.99999999991545,152.99999999997584,113.9999999999396,177.99999999999699,16.969999999999757,1619.3299999997917,SSLW,model_assisted_not_ground_truth,0,0,0,0,0,0,0,0,0,0,0
15.73,106.00000000000782,12.000000000035172,35,0,110.99999999992184,145,93.999999999945288,176.99999999998437,16.890000000000143,1550.3400000001225,SSLW,model_assisted_not_ground_truth,0,0,0,0,0,0,0,0,0,0,0
15.74,107.99999999999822,20.999999999992006,35,0,91.000000000017764,145,80.000000000012434,173.00000000000355,16.870000000000019,1549.3600000000008,SSLW,model_assisted_not_ground_truth,0,0,0,0,0,0,0,0,0,0,0
15.75,106,14,34,0,89,143,76,171,16.850000000000001,1548.3800000000001,SSLW,model_assisted_not_ground_truth,0,0,0,0,0,0,0,0,0,0,0
15.76,106.99999999998934,14.999999999997335,35.000000000002665,0,79.999999999997328,146,65,161.99999999999821,16.769999999999929,1520.439999999968,SSLW,model_assisted_not_ground_truth,0,0,0,0,0,0,0,0,0,0,0
15.77,94.999999999976907,12.000000000012434,37.999999999994671,0,76.999999999989342,146,64.999999999985789,159.99999999998045,16.689999999999895,1484.4699999999325,SSLW,model_assisted_not_ground_truth,0,0,0,0,0,0,0,0,0,0,0
15.78,81.999999999954525,19,35.000000000002842,2.8421709430429857e-12,71.000000000005684,146,56.999999999988631,148.99999999996021,16.629999999999828,1446.4899999998295,SSLW,model_assisted_not_ground_truth,0,0,0,0,0,0,0,0,0,0,0
15.79,65.999999999973895,18.999999999970157,36,1.0000000036445513,72.999999999962697,146.00000000000745,52.999999999992539,134.99999999994404,16.570000000000118,1386.4800000001173,SSLW,model_assisted_not_ground_truth,0,0,0,0,0,0,0,0,0,0,0
15.80,59.000000000007461,11.000000000008527,36,977.99999999895863,63.000000000010658,147.99999999999787,51.000000000002132,120.00000000001599,16.599999999999969,1411.4799999999734,SSLW,model_assisted_not_ground_truth,0,0,0,0,0,0,0,0,0,0,0
15.81,59.999999999999822,18.999999999998579,36.999999999999822,978,63.999999999999822,144.00000000000071,43.000000000001421,107.0000000000023,16.595000000000002,1411.9849999999999,SSLW,model_assisted_not_ground_truth,0,0,0,0,0,0,0,0,0,0,0
15.82,52.999999999994316,19.999999999999289,35.000000000000711,978,66.999999999992184,138.99999999999289,40,89.9999999999865,16.59,1412.4899999999993,SSLW,model_assisted_not_ground_truth,0,0,0,0,0,0,0,0,0,0,0
15.83,45,18.999999999980815,36,978,56.000000000003197,129.00000000000321,39.999999999998401,70.999999999977618,16.59,1411.4899999999968,SSLW,model_assisted_not_ground_truth,0,0,0,0,0,0,0,0,0,0,0
15.84,45,7.0000000000273559,35.999999999997513,978,58.000000000012434,130.99999999998508,39,56.999999999985079,16.589999999999975,1409.490000000005,SSLW,model_assisted_not_ground_truth,0,0,0,0,0,0,0,0,0,0,0
15.85,44.999999999996625,17.99999999999325,35.00000000000675,978,62.99999999997975,124.99999999998987,39,50.999999999966249,16.579999999999931,1411.4999999999256,SSLW,model_assisted_not_ground_truth,0,0,0,0,0,0,0,0,0,0,0
15.86,44,16.000000000022204,37,978,57.000000000004441,121.99999999998668,38.999999999995559,40.999999999982236,16.560000000000024,1389.5000000000273,SSLW,model_assisted_not_ground_truth,0,0,0,0,0,0,0,0,0,0,0
15.87,44,20.999999999998224,37,978,57.999999999999645,119.00000000000107,38.000000000000355,37.000000000001421,16.550000000000004,1383.500000000002,SSLW,model_assisted_not_ground_truth,0,0,0,0,0,0,0,0,0,0,0
15.88,43.000000000000533,16.999999999999467,36,978,58.999999999998401,123.99999999999574,38,36.000000000000533,16.555000000000003,1389.000000000003,SSLW,model_assisted_not_ground_truth,0,0,0,0,0,0,0,0,0,0,0
15.89,43.999999999998579,15.999999999995737,36,978,56,116.00000000000426,37.999999999998579,36.999999999997158,16.559999999999999,1394.5000000000043,SSLW,model_assisted_not_ground_truth,0,0,0,0,0,0,0,0,0,0,0
15.90,43,13.000000000016165,35.999999999995381,978,55.999999999997691,119.00000000000693,37.000000000002309,35.000000000004619,16.559999999999999,1397.5000000000068,SSLW,model_assisted_not_ground_truth,0,0,0,0,0,0,0,0,0,0,0
15.91,42.999999999990408,19.999999999984013,34.000000000003197,978,55.000000000006395,122.00000000000639,38,36.999999999996803,16.559999999999999,1400.5000000000032,SSLW,model_assisted_not_ground_truth,0,0,0,0,0,0,0,0,0,0,0
15.92,40,15,34.999999999991829,978,57.000000000008171,123.99999999998775,38,36.000000000004086,16.559999999999999,1401.4999999999984,SSLW,model_assisted_not_ground_truth,0,0,0,0,0,0,0,0,0,0,0
15.93,40,15,33.000000000001421,978,58.999999999998579,121.00000000000213,38,36.999999999999289,16.530000000000022,1376.5000000000177,SSLW,model_assisted_not_ground_truth,0,0,0,0,0,0,0,0,0,0,0
15.94,40,19.000000000000178,32.000000000000178,978,63.000000000001066,123.99999999999964,37.000000000000178,40.000000000001421,16.535,1381.5000000000009,SSLW,model_assisted_not_ground_truth,0,0,0,0,0,0,0,0,0,0,0
15.95,40,20.000000000004974,33,977.99999999999875,68.999999999998749,121.99999999999875,38,48.000000000002487,16.539999999999999,1386.5000000000025,SSLW,model_assisted_not_ground_truth,0,0,0,0,0,0,0,0,0,0,0
15.96,40,24.000000000004263,33.000000000004263,976.99999999791953,68.000000000010658,120.99999999999787,37.999999999997868,50.000000000006395,16.54000000000002,1388.5,SSLW,model_assisted_not_ground_truth,0,0,0,0,0,0,0,0,0,0,0
15.97,40,26.000000000018119,34.99999999999698,0.99999999999698019,72.999999999990933,119.99999999999396,37.00000000000302,53.000000000015099,16.549999999999972,1388.500000000003,SSLW,model_assisted_not_ground_truth,0,0,0,0,0,0,0,0,0,0,0
15.98,40,32.000000000011724,34,0,70.000000000011724,118.00000000001563,38,58.00000000007816,16.540000000000017,1389.5099999999982,SSLW,model_assisted_not_ground_truth,0,0,0,0,0,0,0,0,0,0,0
15.99,40,34.999999999997335,34,0,72.999999999997328,121.99999999999645,38,77.999999999982236,16.559999999999981,1390.4899999999991,SSLW,model_assisted_not_ground_truth,0,0,0,0,0,0,0,0,0,0,0
16.00,33,32,34,0,73,124,38,81,16.550000000000001,1394.51,SSLW,model_assisted_not_ground_truth,0,0,0,0,0,0,0,0,0,0,0
16.01,33.999999999997868,35.999999999993605,36,0,73,124.99999999999893,38,81.000000000002132,16.540000000000006,1401.52,SSLW,model_assisted_not_ground_truth,0,0,0,0,0,0,0,0,0,0,0
16.02,32,30.000000000001776,36,0,73.000000000003553,124,38,83.000000000003553,16.545000000000009,1401.52,SSLW,model_assisted_not_ground_truth,0,0,0,0,0,0,0,0,0,0,0
16.03,31.999999999997158,30.999999999991473,35.999999999997158,0,74.999999999997158,123.99999999999716,38,85.000000000036948,16.549999999999972,1401.5200000000114,SSLW,model_assisted_not_ground_truth,0,0,0,0,0,0,0,0,0,0,0
16.04,31.000000000003553,28,35,0,73.999999999996447,122.99999999998934,37.999999999996447,98.000000000014211,16.54000000000002,1405.5199999999913,SSLW,model_assisted_not_ground_truth,0,0,0,0,0,0,0,0,0,0,0
16.05,31.999999999998934,28,35,0,73.000000000001066,120.0000000000032,37.000000000001066,101.99999999999574,16.54999999999999,1411.5199999999936,SSLW,model_assisted_not_ground_truth,0,0,0,0,0,0,0,0,0,0,0
16.06,32,28.999999999999645,35,0,75.999999999998934,110.00000000000355,37,107.99999999999787,16.569999999999993,1402.5000000000032,SSLW,model_assisted_not_ground_truth,0,0,0,0,0,0,0,0,0,0,0
16.07,30.999999999999289,30,34.000000000001421,0,83.000000000005684,105.99999999999432,36.999999999998579,110,16.560000000000002,1407.510000000002,SSLW,model_assisted_not_ground_truth,0,0,0,0,0,0,0,0,0,0,0
16.08,30,29.999999999985789,36,0,90.999999999994671,98.000000000007105,35.000000000001776,109.99999999999467,16.565000000000008,1410.5100000000052,SSLW,model_assisted_not_ground_truth,0,0,0,0,0,0,0,0,0,0,0
16.09,30,21.999999999997513,36,0,88.000000000004974,101.99999999999503,36,107.00000000001243,16.569999999999975,1413.5100000000025,SSLW,model_assisted_not_ground_truth,0,0,0,0,0,0,0,0,0,0,0
16.10,30.000000000007105,20.999999999989342,36,0,89.999999999992895,100.00000000001066,36,112.00000000000355,16.559999999999999,1414.52,SSLW,model_assisted_not_ground_truth,0,0,0,0,0,0,0,0,0,0,0
16.11,32.000000000004263,18.00000000001279,36,0,88.000000000004263,102.99999999995737,36.000000000004263,113.00000000005116,16.559999999999999,1414.52,SSLW,model_assisted_not_ground_truth,0,0,0,0,0,0,0,0,0,0,0
16.12,32.999999999999645,20.999999999998934,36,0,88.999999999999645,93.000000000003553,36.999999999999645,124.99999999999574,16.559999999999999,1413.5200000000004,SSLW,model_assisted_not_ground_truth,0,0,0,0,0,0,0,0,0,0,0
16.13,33.999999999999645,21.000000000003197,36.000000000001776,0,92.000000000000711,96.999999999998934,37,129.00000000000284,16.570000000000004,1391.4900000000032,SSLW,model_assisted_not_ground_truth,0,0,0,0,0,0,0,0,0,0,0
16.14,33,30.000000000005684,41.000000000001421,0,94.000000000007105,93.999999999997158,37.000000000001421,137.00000000001563,16.579999999999984,1400.4900000000184,SSLW,model_assisted_not_ground_truth,0,0,0,0,0,0,0,0,0,0,0
16.15,33,33.999999999995737,42,0,99.000000000019185,92.00000000002558,38,148.00000000001705,16.570000000000011,1413.5000000000084,SSLW,model_assisted_not_ground_truth,0,0,0,0,0,0,0,0,0,0,0
16.16,33.000000000015987,32.00000000001279,42.000000000006395,0,108.00000000003197,104.00000000002558,38.000000000003197,156.00000000004798,16.575000000000003,1417.5000000000014,SSLW,model_assisted_not_ground_truth,0,0,0,0,0,0,0,0,0,0,0
16.17,38.000000000034106,36.00000000002558,43.999999999995737,0,118.00000000003837,112.000000000081,39,171.00000000002984,16.579999999999991,1421.4999999999943,SSLW,model_assisted_not_ground_truth,0,0,0,0,0,0,0,0,0,0,0
16.18,45.999999999994316,41.999999999995737,43.000000000000711,0,126.99999999999361,130.9999999999865,39,177.99999999999503,16.589999999999993,1422.4999999999993,SSLW,model_assisted_not_ground_truth,0,0,0,0,0,0,0,0,0,0,0
16.19,59.000000000002842,50.000000000006395,43.999999999999645,0,141.00000000000639,152.00000000000284,41.000000000001776,193.00000000000676,16.590000000000003,1426.5000000000005,SSLW,model_assisted_not_ground_truth,0,0,0,0,0,0,0,0,0,0,0
16.20,67.000000000002132,68.000000000011724,42.999999999998934,0,159.00000000000961,160.00000000000747,46.000000000013856,212.00000000001066,16.599999999999948,1427.4899999999584,SSLW,model_assisted_not_ground_truth,0,0,0,0,0,0,0,0,0,0,0
16.21,69.000000000049027,79.000000000017053,42.000000000010658,0,168.00000000003624,167.00000000002771,59.000000000010658,222.00000000004476,16.549999999999969,1388.4999999999893,SSLW,model_assisted_not_ground_truth,0,0,0,0,0,0,0,0,0,0,0
16.22,92.000000000042633,87.000000000017053,47,0,185.00000000002558,180.0000000000199,64.000000000048317,243.00000000004263,16.535,1383.5,SSLW,model_assisted_not_ground_truth,0,0,0,0,0,0,0,0,0,0,0
16.23,107.00000000007034,93.000000000054712,47.000000000003908,0,194.00000000005861,187.00000000005861,81.000000000066436,258.00000000006253,16.520000000000024,1378.5000000000089,SSLW,model_assisted_not_ground_truth,0,0,0,0,0,0,0,0,0,0,0
16.24,124.99999999998721,106.99999999999005,47.999999999999289,0,208.99999999998934,201.99999999998934,97.999999999987921,273.99999999998863,16.320000000000142,1410.5199999999772,SSLW,model_assisted_not_ground_truth,0,0,0,0,0,0,0,0,0,0,0
16.25,155,120,49,0,217,208,105,281,15.52,1457.6500000000001,SSLW,model_assisted_not_ground_truth,0,0,0,0,0,0,0,0,0,0,0
16.26,175.00000000000747,131.00000000002132,49.000000000001066,0,225.00000000001066,224.000000000016,124.00000000001705,290.00000000002132,14.499999999999361,1545.9200000001474,SSLW,model_assisted_not_ground_truth,0,0,0,0,0,0,0,0,0,0,0
16.27,182.000000000016,151.00000000001245,50.000000000003553,0,235.00000000001776,239.00000000001776,140.00000000002132,310.0000000000249,13.899999999999663,1684.2400000003929,SSLW,model_assisted_not_ground_truth,0,0,0,0,0,0,0,0,0,0,0
16.28,191.00000000001705,158.00000000000853,52.000000000008527,0,245.00000000002558,249.00000000001137,152.0000000000199,324.00000000005116,13.70999999999983,1905.3800000001054,SSLW,model_assisted_not_ground_truth,0,0,0,0,0,0,0,0,0,0,0
16.29,197.00000000001776,161,55.000000000042633,0,254.00000000000355,253.00000000001776,159.00000000001421,342.00000000001421,13.649999999999958,1942.4200000000264,SSLW,model_assisted_not_ground_truth,0,0,0,0,0,0,0,0,0,0,0
16.30,201.99999999999466,161,66.99999999998721,0,254.99999999999892,257.99999999999466,162.99999999999574,345.99999999999574,13.590000000000064,1979.4599999999605,SSLW,model_assisted_not_ground_truth,0,0,0,0,0,0,0,0,0,0,0
16.31,203.99999999999929,157.00000000000142,73.999999999997513,0,256.99999999999932,258.99999999999966,160.00000000000108,329.00000000000603,13.609999999999992,2014.4699999999875,SSLW,model_assisted_not_ground_truth,0,0,0,0,0,0,0,0,0,0,0
16.32,206.00000000000321,147.99999999999929,73.999999999999289,0,255.99999999999963,260,162.99999999999963,309.99999999999682,13.810000000000128,2019.4299999999873,SSLW,model_assisted_not_ground_truth,0,0,0,0,0,0,0,0,0,0,0
16.33,210.50000000000799,146.99999999999824,72.999999999998224,0,255.49999999999912,260,162.49999999999912,305.49999999999199,13.990000000000427,2001.3599999999767,GT,model_assisted_not_ground_truth,0,0,0,0,0,0,0,0,0,0,0
16.34,214.99999999999253,145.9999999999975,71.999999999977618,0,254.99999999999503,259.999999999995,161.99999999998755,300.9999999999776,14.230000000000597,1988.2999999999352,GT,model_assisted_not_ground_truth,0,0,0,0,0,0,0,0,0,0,0
16.35,212.00000000000355,144.99999999998224,62.999999999978684,0,252.99999999997868,257.99999999999289,156.99999999998224,291.99999999992895,14.470000000000338,1962.2599999999591,GT,model_assisted_not_ground_truth,0,0,0,0,0,0,0,0,0,0,0
16.36,213.00000000000853,139.99999999998082,56.999999999997868,0,246.99999999999147,255.99999999999574,151.99999999998934,271.9999999999979,14.565000000000136,1950.7299999999836,GT,model_assisted_not_ground_truth,0,0,0,0,0,0,0,0,0,0,0
16.37,215.00000000000497,135.4999999999888,56.499999999998757,0,244.99999999999503,254.9999999999975,149.49999999999378,271.49999999999875,14.659999999999966,1939.2000000000041,GT,model_assisted_not_ground_truth,0,0,0,0,0,0,0,0,0,0,0
16.38,216.99999999999963,130.99999999999858,55.999999999999467,0,243.00000000000017,254.00000000000054,147.00000000000108,271,14.820000000000057,1926.1699999999887,GT,model_assisted_not_ground_truth,0,0,0,0,0,0,0,0,0,0,0
16.39,215.99999999999858,126.99999999999432,54.499999999997868,0,243.50000000000071,255.50000000000213,150.00000000000426,271,14.980000000000199,1894.1299999999731,GT,model_assisted_not_ground_truth,0,0,0,0,0,0,0,0,0,0,0
16.40,214.99999999999574,122.99999999997655,53,0,244.00000000000426,256.99999999997652,152.99999999999787,270.99999999999574,15.120000000000404,1875.0999999999444,GT,model_assisted_not_ground_truth,0,0,0,0,0,0,0,0,0,0,0
16.41,212.99999999997763,111.99999999997603,52.999999999995204,0,245.99999999997922,246.00000000000159,151.99999999999682,268.99999999999199,15.310000000000448,1849.0699999999422,GT,model_assisted_not_ground_truth,0,0,0,0,0,0,0,0,0,0,0
16.42,205.99999999999005,104.49999999998934,51.499999999997868,0,239.49999999999076,246.50000000000071,150.99999999999858,266.49999999999648,15.4499999999998,1831.0000000000257,GT,model_assisted_not_ground_truth,0,0,0,0,0,0,0,0,0,0,0
16.43,199.00000000000497,97.000000000005329,50.000000000001066,0,233.0000000000046,246.99999999999966,150.00000000000071,264.00000000000176,15.53499999999994,1811.9650000000136,GT,model_assisted_not_ground_truth,0,0,0,0,0,0,0,0,0,0,0
16.44,185.99999999999821,95.999999999998934,50,0,227.99999999999875,245.99999999999912,150.00000000000054,257.99999999999591,15.62000000000006,1792.9299999999898,GT,model_assisted_not_ground_truth,0,0,0,0,0,0,0,0,0,0,0
16.45,180.99999999999466,92.999999999996803,50,0,224.49999999999628,243.49999999999733,151.50000000000159,246.49999999998775,15.790000000000095,1763.8999999999915,GT,model_assisted_not_ground_truth,0,0,0,0,0,0,0,0,0,0,0
16.46,175.99999999999361,89.999999999985079,50,0,220.99999999998295,240.99999999999361,153.00000000000853,234.99999999998295,15.880000000000129,1755.8699999999892,GT,model_assisted_not_ground_truth,0,0,0,0,0,0,0,0,0,0,0
16.47,172.99999999998579,82.999999999971578,49.999999999997158,0,212.99999999997158,237.99999999999147,157.00000000001421,226.99999999997726,15.940000000000227,1750.8499999999203,GT,model_assisted_not_ground_truth,0,0,0,0,0,0,0,0,0,0,0
16.48,167.99999999998047,72.999999999949196,49,0,203.00000000001171,235,161.99999999998829,218.99999999998437,16.019999999999857,1722.8200000000497,GT,model_assisted_not_ground_truth,0,0,0,0,0,0,0,0,0,0,0
16.49,163.00000000000355,60.000000000009237,49,0,205.99999999999787,235,159.00000000000213,215.00000000000284,16.079999999999956,1726.7999999999972,GT,model_assisted_not_ground_truth,0,0,0,0,0,0,0,0,0,0,0
16.50,162,62,49,0,200,233,160,215,16.184999999999999,1717.29,GT,model_assisted_not_ground_truth,0,0,0,0,0,0,0,0,0,0,0
16.51,162.99999999999892,59.000000000004263,48,0,193.99999999999892,229.99999999999574,165.99999999999892,210.99999999999574,16.290000000000031,1707.78,GT,model_assisted_not_ground_truth,0,0,0,0,0,0,0,0,0,0,0
16.52,162,62.999999999982236,48,0,193.00000000000355,226.00000000000355,165,207.00000000001066,16.320000000000036,1707.7699999999982,GT,model_assisted_not_ground_truth,0,0,0,0,0,0,0,0,0,0,0
16.53,161.99999999999716,52.999999999991473,48.000000000002842,1.4210854715214928e-10,194.99999999999716,228.00000000000284,165.00000000001705,212.99999999999432,16.340000000000057,1706.7700000000796,GT,model_assisted_not_ground_truth,0,0,0,0,0,0,0,0,0,0,0
16.54,160.99999999999645,49.999999999985789,49.000000000003553,49.999999999822364,193.99999999998934,228.99999999999645,171,211.00000000001776,16.359999999999957,1734.7599999999404,GT,model_assisted_not_ground_truth,0,0,0,0,0,0,0,0,0,0,0
16.55,160.00000000000108,46.000000000004263,49.999999999998934,5.3290705182007514e-11,191.00000000000318,228.00000000000108,171,215.99999999999466,16.379999999999978,1734.75,GT,model_assisted_not_ground_truth,0,0,0,0,0,0,0,0,0,0,0
16.56,165.99999999999787,49.999999999998579,49.000000000000355,0,187.00000000000142,229.99999999999929,172.99999999999929,220.99999999999824,16.379999999999999,1731.2450000000013,GT,model_assisted_not_ground_truth,0,0,0,0,0,0,0,0,0,0,0
16.57,171,51.999999999998579,48,0,185.00000000000071,232.00000000000071,178.00000000000142,220.99999999999716,16.38000000000002,1727.7400000000141,GT,model_assisted_not_ground_truth,0,0,0,0,0,0,0,0,0,0,0
16.58,170.99999999999821,50.000000000005329,48,2.6645352591027991e-11,186.00000000000179,233.00000000000711,180.00000000001245,216.99999999999466,16.410000000000018,1747.7199999999912,GT,model_assisted_not_ground_truth,0,0,0,0,0,0,0,0,0,0,0
16.59,169.9999999999975,53.000000000012434,48,15.000000000365574,187.00000000000497,237.00000000000747,186.99999999998755,214.0000000000199,16.420000000000002,1742.7200000000175,GT,model_assisted_not_ground_truth,0,0,0,0,0,0,0,0,0,0,0
16.60,169.00000000001421,58.000000000007105,48.000000000003553,161.99999999942446,189.00000000000355,240,182.00000000001776,222,16.419999999999966,1749.7199999999573,GT,model_assisted_not_ground_truth,0,0,0,0,0,0,0,0,0,0,0
16.61,172.99999999999574,60.00000000002558,49,0,190.00000000000426,240.00000000000426,187.00000000001279,222.00000000004263,16.410000000000014,1737.7100000000171,GT,model_assisted_not_ground_truth,0,0,0,0,0,0,0,0,0,0,0
16.62,172.00000000000034,65.999999999997868,49,0,190.99999999999966,240.99999999999966,189.99999999999892,231.99999999999645,16.439999999999991,1740.6899999999989,GT,model_assisted_not_ground_truth,0,0,0,0,0,0,0,0,0,0,0
16.63,169.00000000000213,57.000000000001066,49,0,190,243.00000000000071,194.0000000000025,232.00000000000284,16.445,1750.6900000000037,GT,model_assisted_not_ground_truth,0,0,0,0,0,0,0,0,0,0,0
16.64,175.00000000000426,60,49,0,189.99999999999716,245.00000000000284,201.00000000000426,240.00000000000284,16.450000000000028,1760.6900000000014,GT,model_assisted_not_ground_truth,0,0,0,0,0,0,0,0,0,0,0
16.65,178.00000000000639,60,49.000000000002132,0,188.00000000000213,247.00000000000426,204.00000000001279,242.00000000000853,16.469999999999999,1761.6900000000107,GT,model_assisted_not_ground_truth,0,0,0,0,0,0,0,0,0,0,0
16.66,181.000000000016,59.999999999984013,50,0,189.00000000000321,249.00000000000639,210.0000000000224,246.00000000001279,16.469999999999967,1766.6899999999489,GT,model_assisted_not_ground_truth,0,0,0,0,0,0,0,0,0,0,0
16.67,186.00000000000426,55,49.999999999995737,0,190.00000000000426,251,217.00000000001279,250.00000000001279,16.460000000000015,1750.6800000000228,GT,model_assisted_not_ground_truth,0,0,0,0,0,0,0,0,0,0,0
16.68,186.99999999999929,55,49.000000000000711,0,190.99999999999929,251,219.99999999999787,252.99999999999787,16.479999999999986,1754.6699999999973,GT,model_assisted_not_ground_truth,0,0,0,0,0,0,0,0,0,0,0
16.69,187.99999999999963,50.999999999999289,49,0,195.00000000000071,254,223.99999999999963,256.0000000000025,16.489999999999995,1755.6699999999996,GT,model_assisted_not_ground_truth,0,0,0,0,0,0,0,0,0,0,0
16.70,186.99999999999574,48.999999999998934,49.000000000001066,0,197.00000000000321,254.00000000000108,223.00000000000426,262.99999999999892,16.484999999999992,1754.6699999999989,GT,model_assisted_not_ground_truth,0,0,0,0,0,0,0,0,0,0,0
16.71,183.00000000001066,48.000000000004263,50,0,200.00000000000639,255.00000000000213,227.00000000001279,262.00000000001069,16.48,1753.6700000000192,GT,model_assisted_not_ground_truth,0,0,0,0,0,0,0,0,0,0,0
16.72,188.00000000000568,49.999999999994316,50,0,203.00000000000284,256.00000000000568,233.00000000000568,267.0000000000199,16.48,1762.6700000000001,GT,model_assisted_not_ground_truth,0,0,0,0,0,0,0,0,0,0,0
16.73,190,48,50,0,204.00000000000389,258.00000000000779,235.00000000001171,274.00000000000392,16.48,1762.6800000000001,GT,model_assisted_not_ground_truth,0,0,0,0,0,0,0,0,0,0,0
16.74,190,48,50,0,204.99999999999929,259.99999999999858,237.99999999999787,274.99999999999932,16.460000000000015,1742.6800000000144,GT,model_assisted_not_ground_truth,0,0,0,0,0,0,0,0,0,0,0
16.75,186,45,50,0,209,260,239,278,16.449999999999999,1750.6900000000001,GT,model_assisted_not_ground_truth,0,0,0,0,0,0,0,0,0,0,0
16.76,194.99999999999253,45,53.000000000002132,0,212.00000000000213,260.00000000000216,243.00000000000426,269.00000000000745,16.459999999999994,1752.6899999999989,GT,model_assisted_not_ground_truth,0,0,0,0,0,0,0,0,0,0,0
16.77,188.00000000000711,45.000000000005329,55.000000000001776,0,214,261.99999999999824,246.99999999999821,276.00000000000887,16.454999999999991,1751.6949999999983,GT,model_assisted_not_ground_truth,0,0,0,0,0,0,0,0,0,0,0
16.78,192,48,56.000000000011369,0,214.00000000000284,261.00000000000284,246.00000000000853,281.00000000001137,16.449999999999999,1750.6999999999887,GT,model_assisted_not_ground_truth,0,0,0,0,0,0,0,0,0,0,0
16.79,192.00000000004263,48.000000000003553,60.000000000007105,0,215.00000000001066,262,249.00000000001421,285,16.449999999999999,1746.6900000000087,GT,model_assisted_not_ground_truth,0,0,0,0,0,0,0,0,0,0,0
16.80,203.99999999998721,48.999999999998934,61.999999999997868,0,217.99999999999682,262,252.99999999999574,285,16.449999999999999,1745.6900000000012,GT,model_assisted_not_ground_truth,0,0,0,0,0,0,0,0,0,0,0
16.81,202.00000000000071,49.999999999999645,62.999999999999645,0,217.00000000000034,263.99999999999932,250.00000000000108,282.00000000000108,16.430000000000007,1743.7000000000007,GT,model_assisted_not_ground_truth,0,0,0,0,0,0,0,0,0,0,0
16.82,203.99999999999716,52.000000000001421,65.000000000002842,0,212,265.00000000000074,248.99999999999929,282.99999999999642,16.369999999999987,1727.7100000000037,GT,model_assisted_not_ground_truth,0,0,0,0,0,0,0,0,0,0,0
16.83,199.99999999999821,54.000000000008882,69.000000000001776,0,211.99999999999289,265.99999999999824,248.00000000000179,277.99999999999466,16.349999999999966,1732.725000000009,GT,model_assisted_not_ground_truth,0,0,0,0,0,0,0,0,0,0,0
16.84,198.99999999999005,59.000000000014921,70,0,207.99999999999253,265.0000000000025,248.99999999999005,274.99999999999255,16.329999999999352,1737.7400000000548,GT,model_assisted_not_ground_truth,0,0,0,0,0,0,0,0,0,0,0
16.85,195.00000000001776,65.000000000003553,70,0,204.99999999999289,266,244.99999999998579,271.99999999998931,16.069999999999716,1759.7599999999645,GT,model_assisted_not_ground_truth,0,0,0,0,0,0,0,0,0,0,0
16.86,199.99999999999574,66.000000000034106,69.999999999978684,0,202.99999999998721,266,240.99999999999147,268.99999999997442,15.990000000000114,1749.7800000000141,GT,model_assisted_not_ground_truth,0,0,0,0,0,0,0,0,0,0,0
16.87,199.00000000000034,73.999999999997158,65.000000000001776,0,200.00000000000108,266,239.00000000000071,263.00000000000216,15.950000000000014,1733.8000000000056,GT,model_assisted_not_ground_truth,0,0,0,0,0,0,0,0,0,0,0
16.88,194.99999999999929,71.000000000000355,63.999999999998224,0,196.99999999999821,265.99999999999966,238.99999999999716,254.99999999999679,15.910000000000007,1683.7799999999982,GT,model_assisted_not_ground_truth,0,0,0,0,0,0,0,0,0,0,0
16.89,192.99999999999574,71.999999999995737,58.999999999991473,0,191.99999999999147,264.99999999999574,230.99999999999716,245.99999999999574,15.930000000000071,1678.7799999999729,GT,model_assisted_not_ground_truth,0,0,0,0,0,0,0,0,0,0,0
16.90,189.99999999999574,68.999999999993605,52.999999999993605,0,185.99999999998295,261.99999999999358,228.99999999996803,242.99999999997655,15.980000000000022,1659.7699999999841,GT,model_assisted_not_ground_truth,0,0,0,0,0,0,0,0,0,0,0
16.91,188,66.000000000006395,50,0,178,258.99999999998403,213.99999999995202,231.99999999997442,15.990000000000004,1652.2599999999973,GT,model_assisted_not_ground_truth,0,0,0,0,0,0,0,0,0,0,0
16.92,187.99999999998721,67.99999999998721,50,0,177.99999999997868,253.99999999997868,198.99999999997016,223.99999999994884,15.999999999999986,1644.7500000000107,GT,model_assisted_not_ground_truth,0,0,0,0,0,0,0,0,0,0,0
16.93,185.00000000000213,65.000000000002132,50,0,173.00000000000355,249.00000000000355,192.00000000000497,212.00000000000853,16.259999999999817,1603.7200000000291,GT,model_assisted_not_ground_truth,0,0,0,0,0,0,0,0,0,0,0
16.94,179.99999999999892,64.999999999999645,48.999999999999645,0,169.99999999999574,244.99999999999892,187.99999999999821,206.99999999999716,16.300000000000008,1590.699999999993,GT,model_assisted_not_ground_truth,0,0,0,0,0,0,0,0,0,0,0
16.95,176.99999999999787,63.999999999997868,48,1.0423661933610151e-09,158.00000000000213,241.99999999999574,182.99999999999787,198.99999999999679,16.31999999999999,1570.679999999983,GT,model_assisted_not_ground_truth,0,0,0,0,0,0,0,0,0,0,0
16.96,175,61.999999999995737,48,977.99999999996589,159.99999999998721,237.99999999999361,180.99999999999574,195.99999999999574,16.31000000000002,1554.6800000000044,GT,model_assisted_not_ground_truth,0,0,0,0,0,0,0,0,0,0,0
16.97,174.99999999998863,60.000000000002842,48,961.99999999726583,154,234.99999999999432,178.99999999999432,194,16.32,1556.6800000000001,GT,model_assisted_not_ground_truth,0,0,0,0,0,0,0,0,0,0,0
16.98,171.00000000000782,60.999999999984368,48,0,154,232.99999999999611,177,194.00000000000389,16.329999999999981,1558.6799999999964,GT,model_assisted_not_ground_truth,0,0,0,0,0,0,0,0,0,0,0
16.99,172.99999999999858,57.000000000002842,48,0,154,232.00000000000071,177,194.99999999999929,16.359999999999978,1553.6700000000037,GT,model_assisted_not_ground_truth,0,0,0,0,0,0,0,0,0,0,0
17.00,170,57,46,0,156,232,179,198,16.370000000000001,1550.6600000000001,GT,model_assisted_not_ground_truth,0,0,0,0,0,0,0,0,0,0,0
17.01,168.99999999999892,56.499999999999467,46.500000000000533,487.50000000051961,156.50000000000054,231.49999999999946,178.49999999999946,196.49999999999841,16.370000000000012,1548.6599999999958,GT,model_assisted_not_ground_truth,0,0,0,0,0,0,0,0,0,0,0
17.02,168.00000000000711,55.999999999998224,47,975.00000000000534,156.99999999999821,230.99999999999645,178.00000000000179,194.99999999999289,16.379999999999946,1544.6599999999557,GT,model_assisted_not_ground_truth,0,0,0,0,0,0,0,0,0,0,0
17.03,171.99999999999432,54.999999999998579,46.999999999998579,978,155.99999999999716,228.99999999999858,178.99999999999432,190.99999999999716,16.350000000000001,1519.6600000000115,GT,model_assisted_not_ground_truth,0,0,0,0,0,0,0,0,0,0,0
17.04,169.99999999999858,54.499999999999645,46.499999999999645,978,154.99999999999929,228.49999999999966,176.99999999999858,189.99999999999929,16.350000000000001,1523.660000000003,GT,model_assisted_not_ground_truth,0,0,0,0,0,0,0,0,0,0,0
17.05,168.00000000000213,54.000000000000533,46.000000000000533,978,154.00000000000108,228.00000000000054,175.00000000000213,189.00000000000108,16.350000000000001,1527.6599999999958,GT,model_assisted_not_ground_truth,0,0,0,0,0,0,0,0,0,0,0
17.06,168.99999999999966,54,46.999999999999645,978,152.00000000000071,225.00000000000108,173.00000000000071,189.99999999999966,16.350000000000001,1528.6599999999996,GT,model_assisted_not_ground_truth,0,0,0,0,0,0,0,0,0,0,0
17.07,169.99999999999929,53.000000000001421,47,978,154,227.99999999999787,172.99999999999858,187.00000000000213,16.34,1527.6699999999994,GT,model_assisted_not_ground_truth,0,0,0,0,0,0,0,0,0,0,0
17.08,169.00000000000179,55,47,978,153.99999999999821,225.00000000000179,171.00000000000179,190.0000000000089,16.340000000000018,1526.6600000000055,GT,model_assisted_not_ground_truth,0,0,0,0,0,0,0,0,0,0,0
17.09,170,54.999999999997513,47,978,153,226.00000000000747,171.9999999999975,195.0000000000025,16.349999999999952,1529.6700000000051,GT,model_assisted_not_ground_truth,0,0,0,0,0,0,0,0,0,0,0
17.10,170,54.000000000003553,47,978,153.00000000000711,229.00000000000355,170.99999999999645,196.00000000001421,16.329999999999981,1531.6799999999628,GT,model_assisted_not_ground_truth,0,0,0,0,0,0,0,0,0,0,0
17.11,170.00000000000426,54.999999999995737,47,978,155.00000000001705,229.99999999998721,170,199.99999999999574,16.324999999999992,1521.1699999999851,GT,model_assisted_not_ground_truth,0,0,0,0,0,0,0,0,0,0,0
17.12,170.99999999999966,54.000000000000355,47,978,158.99999999999858,227.00000000000108,170,199.00000000000034,16.32,1510.6600000000037,GT,model_assisted_not_ground_truth,0,0,0,0,0,0,0,0,0,0,0
17.13,170.00000000000071,55.000000000002132,47,978,158,229,169.99999999999963,201,16.320000000000004,1520.6700000000019,GT,model_assisted_not_ground_truth,0,0,0,0,0,0,0,0,0,0,0
17.14,172,60.999999999998579,47,978,158.00000000000142,229.00000000000284,169,201.00000000000284,16.329999999999998,1525.670000000003,GT,model_assisted_not_ground_truth,0,0,0,0,0,0,0,0,0,0,0
17.15,172,60.000000000004974,47,978,159,231,169,203,16.329999999999998,1527.6700000000026,GT,model_assisted_not_ground_truth,0,0,0,0,0,0,0,0,0,0,0
17.16,171.99999999999679,62.000000000003197,47,978,158.99999999999679,231.00000000000639,169.00000000000961,203.00000000000321,16.329999999999998,1528.6699999999553,GT,model_assisted_not_ground_truth,0,0,0,0,0,0,0,0,0,0,0
17.17,170.99999999999574,63.000000000004263,47,978,158,232.99999999999147,171.99999999998721,203.99999999999147,16.329999999999998,1514.6499999999801,GT,model_assisted_not_ground_truth,0,0,0,0,0,0,0,0,0,0,0
17.18,170.00000000000071,63.999999999999289,47,978,158,231.00000000000142,169.00000000000213,202.00000000000142,16.329999999999998,1500.6300000000101,GT,model_assisted_not_ground_truth,0,0,0,0,0,0,0,0,0,0,0
17.19,171,63.000000000000711,47,978,157,231,169.99999999999963,201.00000000000037,16.340000000000007,1519.6400000000044,GT,model_assisted_not_ground_truth,0,0,0,0,0,0,0,0,0,0,0
17.20,170.99999999999892,65.000000000002132,47,978,157,231,168.99999999999574,202.00000000000213,16.359999999999999,1531.6500000000087,GT,model_assisted_not_ground_truth,0,0,0,0,0,0,0,0,0,0,0
17.21,170.00000000000213,67.000000000004263,47,978,157.00000000000426,231,165.00000000000213,204.00000000000213,16.359999999999978,1539.6499999999744,GT,model_assisted_not_ground_truth,0,0,0,0,0,0,0,0,0,0,0
17.22,171,69,47.000000000001421,978,158.99999999999858,231,166,205,16.349999999999916,1527.6399999999574,GT,model_assisted_not_ground_truth,0,0,0,0,0,0,0,0,0,0,0
17.23,171,69,47.500000000000533,978,158.49999999999946,231,166,205,16.320000000000054,1512.6300000000267,GT,model_assisted_not_ground_truth,0,0,0,0,0,0,0,0,0,0,0
17.24,171,69,47.999999999999645,978,158.00000000000034,231,166,205,16.32,1527.6399999999894,GT,model_assisted_not_ground_truth,0,0,0,0,0,0,0,0,0,0,0
17.25,171,70,47,978,159,231,168,206,16.329999999999998,1530.1400000000001,GT,model_assisted_not_ground_truth,0,0,0,0,0,0,0,0,0,0,0
17.26,171,70.000000000002132,47,978,160.00000000000108,233.00000000000213,167.00000000000747,208.00000000000321,16.339999999999979,1532.6400000000053,GT,model_assisted_not_ground_truth,0,0,0,0,0,0,0,0,0,0,0
17.27,171.00000000000534,72.000000000001776,47,978,161,235.00000000000179,174,211.00000000000355,16.319999999999983,1537.6500000000055,GT,model_assisted_not_ground_truth,0,0,0,0,0,0,0,0,0,0,0
17.28,173.99999999999432,73,47,978,161.00000000000568,236.00000000000284,173.99999999999147,213.00000000000568,16.3099999999998,1540.6599999998864,GT,model_assisted_not_ground_truth,0,0,0,0,0,0,0,0,0,0,0
17.29,171.99999999999645,73,47.000000000003553,977.99999999999648,163.00000000001066,237.00000000000355,170.99999999998934,215,16.240000000000148,1500.6600000000853,GT,model_assisted_not_ground_truth,0,0,0,0,0,0,0,0,0,0,0
17.30,171.00000000000108,73,47.999999999998934,977.00000000000102,165.99999999999682,237.99999999999892,168.00000000000318,215,16.239999999999998,1525.6799999999735,GT,model_assisted_not_ground_truth,0,0,0,0,0,0,0,0,0,0,0
17.31,169.00000000000071,73,47.000000000000355,977.99999999999966,167.99999999999929,238,172.99999999999824,218.99999999999858,16.249999999999996,1529.6849999999986,GT,model_assisted_not_ground_truth,0,0,0,0,0,0,0,0,0,0,0
17.32,169.00000000000071,73,47.999999999999289,978,169.00000000000071,238.00000000000071,170.99999999999929,220.00000000000142,16.259999999999852,1533.6900000000185,GT,model_assisted_not_ground_truth,0,0,0,0,0,0,0,0,0,0,0
17.33,170.00000000000179,73,47.000000000001776,978,170.00000000000179,239.00000000000179,170.00000000000179,222,16.049999999999947,1559.7000000000107,GT,model_assisted_not_ground_truth,0,0,0,0,0,0,0,0,0,0,0
17.34,171.0000000000025,73.000000000002487,47.999999999997513,977.9999999999975,171.0000000000025,240.0000000000025,171,222.00000000000497,16.019999999999925,1565.7099999999502,GT,model_assisted_not_ground_truth,0,0,0,0,0,0,0,0,0,0,0
17.35,171.99999999999645,74.000000000003553,47.000000000003553,977.00000000000352,172.00000000001066,241.00000000000355,170.99999999999289,224.00000000000355,15.99,1545.6900000000712,GT,model_assisted_not_ground_truth,0,0,0,0,0,0,0,0,0,0,0
17.36,170.99999999999574,74.999999999991473,47.999999999995737,978,175.00000000000426,242,169.00000000001279,225.00000000000853,15.99,1565.6999999999716,GT,model_assisted_not_ground_truth,0,0,0,0,0,0,0,0,0,0,0
17.37,170.00000000000034,73.000000000000711,47.000000000000355,978,175.99999999999966,242,171.99999999999892,226.99999999999929,15.970000000000008,1575.7099999999964,GT,model_assisted_not_ground_truth,0,0,0,0,0,0,0,0,0,0,0
17.38,170.00000000000108,74.000000000000355,47.999999999999645,978,178.00000000000071,243.00000000000037,172,234.00000000000037,15.970000000000001,1578.7100000000012,GT,model_assisted_not_ground_truth,0,0,0,0,0,0,0,0,0,0,0
17.39,172.99999999999289,75.000000000001421,47.000000000001421,978,180.00000000000142,244.00000000000142,172.00000000000284,235.00000000000142,15.969999999999986,1581.7100000000057,GT,model_assisted_not_ground_truth,0,0,0,0,0,0,0,0,0,0,0
17.40,168.0000000000025,75.999999999997513,48,978,181.0000000000025,245.0000000000025,174,236,15.959999999999926,1585.71999999999,GT,model_assisted_not_ground_truth,0,0,0,0,0,0,0,0,0,0,0
17.41,168.99999999999679,74.999999999996803,48,978,182.00000000000961,246.00000000000321,174.00000000000961,236.00000000000321,15.929999999999872,1581.7200000000673,GT,model_assisted_not_ground_truth,0,0,0,0,0,0,0,0,0,0,0
17.42,168.00000000000853,74.000000000004263,48,978,185.00000000000639,247.00000000000213,177.00000000000213,237.00000000001066,15.890000000000057,1602.7499999999702,GT,model_assisted_not_ground_truth,0,0,0,0,0,0,0,0,0,0,0
17.43,170.00000000000426,75.000000000002132,48,978,186.50000000000318,247.50000000000108,177.50000000000108,239.50000000000534,15.880000000000008,1607.7599999999964,GT,model_assisted_not_ground_truth,0,0,0,0,0,0,0,0,0,0,0
17.44,172.00000000000037,75.999999999999289,48,978,188,248.00000000000071,177.99999999999929,242.00000000000108,15.849999999999994,1612.7700000000011,GT,model_assisted_not_ground_truth,0,0,0,0,0,0,0,0,0,0,0
17.45,172.99999999999253,74.000000000003197,48,978,188.00000000000321,250,176.00000000000108,245.00000000000213,15.834999999999983,1615.7750000000033,GT,model_assisted_not_ground_truth,0,0,0,0,0,0,0,0,0,0,0
17.46,166.00000000001066,76.999999999991473,48.000000000002132,978,191.00000000000426,250,177,247,15.819999999999936,1618.7799999999936,GT,model_assisted_not_ground_truth,0,0,0,0,0,0,0,0,0,0,0
17.47,170.99999999999432,73.000000000014211,48.999999999997158,978,192.99999999999716,250.00000000000284,177.00000000000568,246.99999999999716,15.789999999999971,1615.7899999999943,GT,model_assisted_not_ground_truth,0,0,0,0,0,0,0,0,0,0,0
17.48,169.00000000001563,77.999999999988276,48.000000000003908,978,192.00000000000389,251,178.99999999999218,246.00000000000389,15.780000000000017,1613.7800000000036,GT,model_assisted_not_ground_truth,0,0,0,0,0,0,0,0,0,0,0
17.49,172.99999999999716,75.000000000002132,48.999999999999289,978,192.99999999999929,251,177.00000000000142,246.99999999999929,15.779999999999999,1625.7899999999913,GT,model_assisted_not_ground_truth,0,0,0,0,0,0,0,0,0,0,0
17.50,173,77,49,978,193,253,180,247,15.77,1629.8,GT,model_assisted_not_ground_truth,0,0,0,0,0,0,0,0,0,0,0
17.51,173,75,49,978,194,255.00000000000108,182.99999999999892,247,15.779999999999999,1633.800000000002,GT,model_assisted_not_ground_truth,0,0,0,0,0,0,0,0,0,0,0
17.52,173.00000000000534,75.000000000001776,49,978,193.99999999999821,256,182.00000000000534,247.00000000000355,15.779999999999973,1635.799999999984,GT,model_assisted_not_ground_truth,0,0,0,0,0,0,0,0,0,0,0
17.53,176.00000000000568,75.999999999997158,49,978,193,256.00000000000284,184.99999999999147,249.00000000000284,15.765000000000001,1626.8,GT,model_assisted_not_ground_truth,0,0,0,0,0,0,0,0,0,0,0
17.54,177.99999999999645,75,49,978,193,257,182.00000000000711,250,15.750000000000032,1617.8000000000191,GT,model_assisted_not_ground_truth,0,0,0,0,0,0,0,0,0,0,0
17.55,177.00000000000108,75,49,978,193,257,183.99999999999787,250,15.720000000000033,1602.8000000000159,GT,model_assisted_not_ground_truth,0,0,0,0,0,0,0,0,0,0,0
17.56,177.99999999999966,74.000000000000355,49,978,194.99999999999929,258.99999999999932,184,253.99999999999858,15.749999999999989,1617.7999999999947,GT,model_assisted_not_ground_truth,0,0,0,0,0,0,0,0,0,0,0
17.57,182.00000000000284,76,49,978,195.00000000000071,258,185,253.00000000000071,15.770000000000021,1629.8000000000036,GT,model_assisted_not_ground_truth,0,0,0,0,0,0,0,0,0,0,0
17.58,190.1655025758073,80.629341236994478,50.306176424594746,1048.0010562900884,204.29217980080571,264.01196074408216,190.74893657645003,262.00700699904689,15.799999999999992,1634.8000000000018,GT,model_assisted_not_ground_truth,0,1,1,1,1,1,1,1,1,0,0
17.59,195.6084617587093,82.62464974072536,51.154873690078944,1018.0737084241174,207.0983277256428,265.31769442102024,193.34800194263545,261.37444545953014,15.794999999999987,1635.8000000000025,GT,model_assisted_not_ground_truth,0,1,1,1,1,1,1,1,1,0,0
17.60,204.07501648189145,87.639807575671881,52.637154152981537,982.11842911027475,213.70972711605947,268.80813866402747,199.60948748899551,267.68387596347537,15.789999999999999,1636.8000000000141,GT,model_assisted_not_ground_truth,0,1,1,1,1,1,1,1,1,0,0
17.61,204.21449007567045,85.801261418517356,52.656894040108384,1021.2253939021058,212.56988878737064,270.20440532813416,199.3172194688527,265.46796030193173,15.789999999999999,1640.7999999999943,GT,model_assisted_not_ground_truth,0,1,1,1,1,1,1,1,1,0,0
17.62,195.71461684859568,83.305053119642793,51.556985881344275,977.86468585618377,206.51407991625607,264.1248591901973,192.63913423490715,262.59578667275184,15.770000000000007,1621.8000000000068,GT,model_assisted_not_ground_truth,0,1,1,1,1,1,1,1,1,0,0
17.63,195.08265437887223,84.783602879905885,51.975389836942533,889.49060809513355,209.36258927457075,261.42606815967622,194.56078112361322,262.33050847163958,15.760000000000007,1625.800000000002,GT,model_assisted_not_ground_truth,0,1,1,1,1,1,1,1,1,0,0
17.64,196.65402784330254,86.247019905201455,52.307420718799925,912.0811416134577,212.00854941141529,262.41684495730499,195.65591523902009,263.30487926152188,15.779999999999985,1631.8000000000056,GT,model_assisted_not_ground_truth,0,1,1,1,1,1,1,1,1,0,0
17.65,196.44779243893635,88.06042581190917,52.922703905103923,931.45904101347583,213.93307340559372,262.73564756249181,194.92260981539445,263.21485960680002,15.770000000000012,1635.8000000000025,GT,model_assisted_not_ground_truth,0,1,1,1,1,1,1,1,1,0,0
17.66,192.27802051338676,82.874915631051749,51.800022847353894,956.84131789148273,209.35040368341726,262.05038953494892,192.9104952723817,262.29546391646375,15.775000000000002,1636.8000000000004,GT,model_assisted_not_ground_truth,0,1,1,1,1,1,1,1,1,0,0
17.67,188.9896835210622,79.914493339098442,50.767443483140987,997.47099151232089,207.15719784988829,261.84612360085799,189.97828199560473,266.96824781445156,15.779999999999992,1637.7999999999986,GT,model_assisted_not_ground_truth,0,1,1,1,1,1,1,1,1,0,0
17.68,191.96771602654192,82.035342118414604,51.373897923342639,1009.5255192738025,210.58183865230399,263.77474720120756,190.97767762263754,276.27787670723126,15.789999999999992,1638.7799999999993,GT,model_assisted_not_ground_truth,0,1,1,1,1,1,1,1,1,0,0
17.69,195.54882452477531,84.446264304197214,50.401534797859156,945.90034173790059,212.52573142159571,264.50800392455903,196.56372999718991,277.75893374922742,15.760000000000003,1636.8100000000031,GT,model_assisted_not_ground_truth,0,1,1,1,1,1,1,1,1,0,0
17.70,202.67055940489203,87.810289386836615,50.799189552073926,908.05128878637584,219.11205447124706,268.41709399425656,205.06110836870138,285.50714317020373,15.77,1645.8200000000031,GT,model_assisted_not_ground_truth,0,1,1,1,1,1,1,1,1,0,0
17.71,205.42007735299183,89.037232331308388,51.595402131614826,926.65408535979782,221.98852164416985,270.86348201026749,206.96601102377704,289.82242224773927,15.76999999999985,1648.8200000000127,GT,model_assisted_not_ground_truth,0,1,1,1,1,1,1,1,1,0,0
17.72,208.31522500129907,94.244430845301224,54.081113454073829,972.88131466395134,228.14659743153817,274.97836583615975,207.02884154857725,297.45980024662668,15.700000000000099,1654.8199999999715,GT,model_assisted_not_ground_truth,0,1,1,1,1,1,1,1,1,0,0
17.73,203.92916341275628,91.716412309151764,53.049129580135812,976.33669179138576,223.50661339267097,271.95297449414267,203.29106253272582,293.5889115637753,15.735000000000037,1644.8099999999893,GT,model_assisted_not_ground_truth,0,1,1,1,1,1,1,1,1,0,0
17.74,199.31794336344174,88.384246156899607,51.824031651769687,975.66010494679563,217.8469820735674,268.64696693363976,199.06541707571094,288.75463870149605,15.769999999999975,1634.800000000007,GT,model_assisted_not_ground_truth,0,1,1,1,1,1,1,1,1,0,0
17.75,198.41688590568248,87.308315841147603,51.539200574358276,975.80514628617527,216.77697908558184,268.0869584547284,198.3244316475126,287.33606890430457,15.77,1635.8,GT,model_assisted_not_ground_truth,0,1,1,1,1,1,1,1,1,0,0
17.76,198.09596169560524,85.647390189865206,52.015569130598699,1004.2762779197685,217.03529185817155,267.90068762917582,196.78941080443701,284.19968711506863,15.770000000000021,1646.8100000000031,GT,model_assisted_not_ground_truth,0,1,1,1,1,1,1,1,1,0,0
17.77,191.10043208740018,79.711700803704915,51.235088241223345,1045.6519301737769,208.57155056874899,263.40183044976999,188.28985984421413,272.40117637595711,15.789999999999999,1649.8100000000018,GT,model_assisted_not_ground_truth,0,1,1,1,1,1,1,1,1,0,0
17.78,181.97746355769536,73.124656047874169,49.238513742203523,1021.0036096613405,197.34280084813409,257.17484019876929,179.68802165488322,257.18014142592091,15.789999999999971,1650.8099999999288,GT,model_assisted_not_ground_truth,0,1,1,1,1,1,1,1,1,0,0
17.79,174.01391677396563,70.784911298837542,47.734261892203648,972.23588425002936,187.96874557188292,251.59085420090065,174.33784159448004,251.76873511382649,15.780000000000021,1625.7800000000534,GT,model_assisted_not_ground_truth,0,1,1,1,1,1,1,1,1,0,0
17.80,195.38398295324541,81.664518911426711,51.115444002112582,1017.0215447533735,207.96408089783685,266.92102546709168,195.00203458893401,281.82078749189679,15.784999999999993,1636.2849999999887,GT,model_assisted_not_ground_truth,0,1,1,1,1,1,1,1,1,0,0
17.81,207.74481000949649,87.803962545643728,52.04865167024451,1057.1589467256181,220.7981448138076,274.11527862542863,206.04415627671108,295.07667023613112,15.789999999999997,1646.7899999999963,GT,model_assisted_not_ground_truth,0,1,1,1,1,1,1,1,1,0,0
17.82,215.49252703166115,91.017464532452863,53.62160113091894,1098.6380641701312,229.53747354140728,280.8098121403184,212.42631175298288,303.70198135436021,15.76,1672.7900000000036,GT,model_assisted_not_ground_truth,0,1,1,1,1,1,1,1,1,0,0
17.83,219.53105715986612,93.173870617090046,54.383794934626188,1106.8589786530283,232.92988397975347,283.39027231959795,215.83938321180304,305.48634901345326,15.76,1677.79,GT,model_assisted_not_ground_truth,0,1,1,1,1,1,1,1,1,0,0
17.84,220.85643859859027,94.833174863534126,55.269890125037087,1101.0868818350602,234.76147648816621,284.17406068906575,216.31891748982846,306.65766311109354,15.759999999999975,1677.7900000000075,GT,model_assisted_not_ground_truth,0,1,1,1,1,1,1,1,1,0,0
17.85,222.17305679483133,95.593884275522484,55.781730193385002,1085.8837779006658,236.15622371684429,284.71837581083605,217.17429378180691,307.71089195469142,15.749999999999982,1680.7899999999538,GT,model_assisted_not_ground_truth,0,1,1,1,1,1,1,1,1,0,0
17.86,213.02762002444027,89.337008620410202,53.246722268951373,1061.2386740349184,225.05607110320949,277.01059555994868,208.66554862563686,291.41490299904041,15.744999999999994,1667.7749999999814,GT,model_assisted_not_ground_truth,0,1,1,1,1,1,1,1,1,0,0
17.87,205.09213447660301,84.709892073569222,52.503485222231227,1051.410505052113,217.54110390402829,272.33369968046179,201.26797651935294,280.54168803223081,15.740000000000002,1654.7600000000045,GT,model_assisted_not_ground_truth,0,1,1,1,1,1,1,1,1,0,0
17.88,209.31927757908377,85.064879798216836,53.085326190722206,981.70097539522521,219.27700774323125,273.45944260348597,207.27609718396471,275.93724899361325,15.730000000000008,1660.7700000000011,GT,model_assisted_not_ground_truth,0,1,1,1,1,1,1,1,1,0,0
17.89,211.52669849367828,87.466114893436824,53.644063679166699,939.53719232990045,221.73062537386971,272.23114811259444,209.87704201407411,269.3227050883641,15.749999999999986,1663.7700000000013,GT,model_assisted_not_ground_truth,0,1,1,1,1,1,1,1,1,0,0
17.90,215.54414623742284,90.84933882276637,54.381598462121502,979.13518754382312,226.50198483672,275.67160562354644,210.58062410397861,281.79044075658732,15.739999999999876,1664.7799999999054,GT,model_assisted_not_ground_truth,0,1,1,1,1,1,1,1,1,0,0
17.91,207.36407089262991,90.539236619893842,53.829886384549653,1005.0843303340326,218.15813817332875,271.76651992549364,199.6373507675182,286.8624620153542,15.690000000000031,1626.7800000000575,GT,model_assisted_not_ground_truth,0,1,1,1,1,1,1,1,1,0,0
17.92,211.17968754698492,88.808087308024767,53.378837549995666,1009.9055742227699,220.74766957097327,274.65046137448661,204.36422170100732,290.58539009357304,15.699999999999985,1644.7999999999743,GT,model_assisted_not_ground_truth,0,1,1,1,1,1,1,1,1,0,0
17.93,204.2638547540611,84.648332987216705,51.226602158206774,983.71450273661833,214.02792473712935,268.08656296587912,199.22461421152701,282.74790801514592,15.76999999999995,1628.8000000000113,GT,model_assisted_not_ground_truth,0,1,1,1,1,1,1,1,1,0,0
17.94,209.57148427508844,87.175041461326131,52.224865425987495,972.83319165146895,219.36325404819925,272.15624806053791,204.77937706831779,287.83221668383226,15.734999999999987,1641.3050000000044,GT,model_assisted_not_ground_truth,0,1,1,1,1,1,1,1,1,0,0
17.95,213.94497783370701,88.816182547585385,52.901852395495951,957.69878957640231,223.50284257986874,275.43368591268603,209.54240256823445,291.420826270519,15.700000000000053,1653.8099999999595,GT,model_assisted_not_ground_truth,0,1,1,1,1,1,1,1,1,0,0
17.96,200.2849684352102,84.363843992345593,50.904075290282215,947.79621282358357,210.58595723404716,265.94888172507194,197.50651320533069,279.33142325735616,15.749999999999893,1615.7900000000598,GT,model_assisted_not_ground_truth,0,1,1,1,1,1,1,1,1,0,0
17.97,207.48854557399113,88.58921603189988,52.841177671950618,930.5875166245919,220.19877965296001,270.36918455970692,204.36992393760329,284.47245747289963,15.700000000000028,1643.7900000000284,GT,model_assisted_not_ground_truth,0,1,1,1,1,1,1,1,1,0,0
17.98,209.10449047870156,87.858130867254744,52.713221817427552,853.64189597222003,223.33522398663777,270.22653486413901,210.60401641234657,285.84514358197464,15.709999999999983,1653.7899999999822,GT,model_assisted_not_ground_truth,0,1,1,1,1,1,1,1,1,0,0
17.99,201.54352352767677,83.345242536669048,51.035585450937944,801.53344693216854,216.64335994624761,264.52745404489781,207.40308194342799,280.60416047140677,15.749999999999972,1636.800000000012,GT,model_assisted_not_ground_truth,0,1,1,1,1,1,1,1,1,0,0
18.00,202.44586503294059,82.409549557682126,50.419265280298788,891.09315450016061,216.82755935283478,267.84784805710245,207.13210777693388,282.90186478077908,15.725,1648.3,GT,model_assisted_not_ground_truth,0,1,1,1,1,1,1,1,1,0,0
18.01,202.77502184035518,85.79453569655324,51.679116168294989,1032.0932877994144,221.16535305259657,272.34584408964429,204.95428022080401,285.98972462186612,15.699999999999989,1659.8000000000043,GT,model_assisted_not_ground_truth,0,1,1,1,1,1,1,1,1,0,0
18.02,199.31310454962954,81.174491095380276,50.78532907303606,1009.3756052378437,215.35623136486723,270.10341622904161,202.01101835404108,280.14735394450622,15.689999999999928,1663.7999999999752,GT,model_assisted_not_ground_truth,0,1,1,1,1,1,1,1,1,0,0
18.03,185.83436605262773,75.642744383770747,49.643839408183688,953.11167542245516,201.71689873226683,260.77582907203578,188.56619226705948,263.91921639721824,15.650000000000029,1649.8000000000311,GT,model_assisted_not_ground_truth,0,1,1,1,1,1,1,1,1,0,0
18.04,183.33989608532747,71.745848793410687,48.47240010701163,906.1513585383974,198.39828710573778,257.94623951086083,188.21694283208683,257.77931128315856,15.659999999999979,1660.7999999999765,GT,model_assisted_not_ground_truth,0,1,1,1,1,1,1,1,1,0,0
18.05,186.53709234203885,71.564908099210953,48.45432082724269,885.55726560812752,200.93395718273166,259.60199491337687,192.81440940868012,260.23705093466566,15.66,1670.8099999999893,GT,model_assisted_not_ground_truth,0,1,1,1,1,1,1,1,1,0,0
18.06,187.85993495796393,75.469318882958021,50.082172751391688,906.05464071711776,205.4998259738187,260.65473597113765,192.97850077541898,261.08048095119113,15.669999999999996,1673.8199999999988,GT,model_assisted_not_ground_truth,0,1,1,1,1,1,1,1,1,0,0
18.07,188.55845027555276,72.484546465720499,48.526903626954478,861.81170193871299,203.38278413197045,259.10090106216495,195.46981234587153,257.24259687049209,15.664999999999996,1675.325000000001,GT,model_assisted_not_ground_truth,0,1,1,1,1,1,1,1,1,0,0
18.08,194.07308720102154,74.983359587399192,49.801847441905345,877.66296860099851,208.09069515856856,263.89617729500418,200.51142508951696,266.94909401558311,15.659999999999965,1676.830000000007,GT,model_assisted_not_ground_truth,0,1,1,1,1,1,1,1,1,0,0
18.09,198.22033937159384,78.867854081660383,51.932123512923191,901.23321294787161,213.48100386731483,267.50737276187431,203.06969743798982,273.00909514289384,15.639999999999951,1680.8399999999576,GT,model_assisted_not_ground_truth,0,1,1,1,1,1,1,1,1,0,0
18.10,190.58213173572815,75.133103248792025,51.215724869830353,921.64739421313743,205.39339092029525,263.00874751217617,194.61809344842447,267.34575600333949,15.62000000000007,1663.830000000039,GT,model_assisted_not_ground_truth,0,1,1,1,1,1,1,1,1,0,0
18.11,188.60467741284032,71.84183308539761,51.290632594954957,950.15771793571116,204.11909133730262,261.52033913397435,191.31265867370195,265.03480300961189,15.639999999999972,1674.8299999999842,GT,model_assisted_not_ground_truth,0,1,1,1,1,1,1,1,1,0,0
18.12,187.37949254594494,69.616833591396258,50.535350002665226,938.85000293636335,202.14628026689471,260.560506955932,191.6715619659478,259.37782469399917,15.649999999999997,1677.8299999999988,GT,model_assisted_not_ground_truth,0,1,1,1,1,1,1,1,1,0,0
18.13,185.07442666087033,67.969960908025527,49.754834835423885,894.42294814297634,199.88978775285412,257.43564435347173,192.28519404295798,246.13439126860169,15.630000000000001,1681.8399999999997,GT,model_assisted_not_ground_truth,0,1,1,1,1,1,1,1,1,0,0
18.14,185.4275522173231,66.166362650652701,49.503713512885859,881.76119419600218,198.82537936669559,257.87560922382454,194.07217028078216,245.1436153390749,15.630000000000001,1681.3399999999992,GT,model_assisted_not_ground_truth,0,1,1,1,1,1,1,1,1,0,0
18.15,186.53388463551022,65.77483268688691,49.462307954987054,883.02808767937586,199.28183740082099,258.87036757716771,195.58949054925338,247.40694378236094,15.630000000000001,1680.8399999999974,GT,model_assisted_not_ground_truth,0,1,1,1,1,1,1,1,1,0,0
18.16,186.13853425850124,65.105125393555255,49.407058276718331,870.6078183106564,198.74373128575905,258.35571967943565,195.70572890525492,246.66306646178276,15.629999999999873,1679.8399999999167,GT,model_assisted_not_ground_truth,0,1,1,1,1,1,1,1,1,0,0
18.17,179.77415632791991,63.980105708365116,48.733453720179085,850.78579252469763,191.66672996824951,254.456604257252,189.87377291153348,243.25114299777363,15.590000000000057,1653.840000000037,GT,model_assisted_not_ground_truth,0,1,1,1,1,1,1,1,1,0,0
18.18,194.77875547398938,71.525070376306985,50.896758795651138,929.88403639641081,207.60155464442477,265.48514978132761,202.37008254993427,262.06376959299075,15.619999999999978,1671.8399999999872,GT,model_assisted_not_ground_truth,0,1,1,1,1,1,1,1,1,0,0
18.19,203.81896009816677,76.451558107481958,52.0690798785932,994.22324855621389,217.38488830082778,272.15810393528619,209.29555580960232,273.75607175006297,15.639999999999997,1676.8400000000004,GT,model_assisted_not_ground_truth,0,1,1,1,1,1,1,1,1,0,0
18.20,209.54016934095694,82.414417766268201,54.09700790461639,1003.9563512430489,223.42396648808503,274.61544567886313,210.75965860954096,275.52465407592331,15.629999999999988,1678.3400000000015,GT,model_assisted_not_ground_truth,0,1,1,1,1,1,1,1,1,0,0
18.21,213.98981511009177,83.821128508654212,54.697782451248983,960.07034163931689,225.38644433608093,274.83956187110959,211.93905410528214,273.14406640820482,15.620000000000021,1679.840000000002,GT,model_assisted_not_ground_truth,0,1,1,1,1,1,1,1,1,0,0
18.22,213.06217176530828,82.856540141525272,54.50610986453492,945.58707542259776,225.42571640073143,274.08302635987155,212.22949644714745,273.56116272952335,15.629999999999887,1680.8399999999374,GT,model_assisted_not_ground_truth,0,1,1,1,1,1,1,1,1,0,0
18.23,203.70134152432342,79.71155530928317,53.395974239676136,894.09065848198316,217.16241131193271,267.7243179745812,205.44963703808179,266.87476203531946,15.590000000000071,1658.850000000039,GT,model_assisted_not_ground_truth,0,1,1,1,1,1,1,1,1,0,0
18.24,202.05786150832671,78.185810531620646,53.285769852958474,890.01825309557125,217.83996787504236,266.8911571167896,204.93828779675763,266.13178527437526,15.59,1668.8499999999929,GT,model_assisted_not_ground_truth,0,1,1,1,1,1,1,1,1,0,0
18.25,195.51466963051416,73.728373304981218,52.016461928512953,929.16551185459753,213.31673475696147,264.32738735101861,199.90722796479037,261.96705261502535,15.6,1670.8499999999999,GT,model_assisted_not_ground_truth,0,1,1,1,1,1,1,1,1,0,0
18.26,191.88695679079234,71.0488672953052,51.189224410813665,937.34981884434114,210.68421405372266,262.38975821321014,197.43960026746916,258.34944416297185,15.61000000000001,1671.8499999999988,GT,model_assisted_not_ground_truth,0,1,1,1,1,1,1,1,1,0,0
18.27,192.23332373828566,74.095728961952432,52.126199666694184,969.25081861721958,213.3521884713613,262.96890481932172,197.42232874818643,258.76535621290054,15.620000000000008,1670.8499999999999,GT,model_assisted_not_ground_truth,0,1,1,1,1,1,1,1,1,0,0
18.28,194.68727836127402,74.355537840454403,51.543520421505214,961.96175075098756,214.49614990369727,263.53802216863915,198.74595106412687,264.79996948033454,15.625,1670.8449999999998,GT,model_assisted_not_ground_truth,0,1,1,1,1,1,1,1,1,0,0
18.29,197.02280109685393,76.421143350884165,52.226104221688622,983.10743168676731,217.50998880949567,265.62156173582946,199.13180806295313,274.55520809562262,15.62999999999999,1670.8399999999999,GT,model_assisted_not_ground_truth,0,1,1,1,1,1,1,1,1,0,0
18.30,203.04248123732347,80.297625328735961,52.374538760737224,945.20720291470343,222.87895992803789,269.65478073126542,206.72981617346232,282.41261254582196,15.610000000000021,1673.8599999999967,GT,model_assisted_not_ground_truth,0,1,1,1,1,1,1,1,1,0,0
18.31,209.43082604880914,83.755256631452738,52.590567524049305,898.20453560411215,228.31560813741217,272.79150952964278,214.5717348916686,289.54527504754844,15.609999999999999,1676.8699999999988,GT,model_assisted_not_ground_truth,0,1,1,1,1,1,1,1,1,0,0
18.32,212.03962441358831,85.450656134241612,53.409159297375304,918.62188239927332,231.11603788042555,275.13569246132067,216.04731756215006,294.06362057866875,15.600000000000014,1677.8799999999972,GT,model_assisted_not_ground_truth,0,1,1,1,1,1,1,1,1,0,0
18.33,209.39252160657966,86.802415901466958,53.93232225269535,963.51317082094761,231.4697020705712,274.03586848562014,212.5986286312359,292.34620923489121,15.619999999999964,1673.8500000000017,GT,model_assisted_not_ground_truth,0,1,1,1,1,1,1,1,1,0,0
18.34,206.41818274936691,84.152751407750827,53.653298621866497,975.78223674453534,227.81851526508228,272.6611028111019,208.68530415203867,288.77591732368808,15.600000000000012,1674.8600000000024,GT,model_assisted_not_ground_truth,0,1,1,1,1,1,1,1,1,0,0
18.35,201.01930141987401,80.22194649232371,53.574906964818808,1008.8278593409127,222.7677186779398,269.45543251128674,201.64791596379581,281.95541007019114,15.605000000000004,1675.8600000000006,GT,model_assisted_not_ground_truth,0,1,1,1,1,1,1,1,1,0,0
18.36,198.19657177222948,77.421696059028378,52.758266102275655,990.81172215848085,219.6068889581324,265.60284503796021,198.83877932370314,274.04169359007881,15.609999999999992,1676.8599999999985,GT,model_assisted_not_ground_truth,0,1,1,1,1,1,1,1,1,0,0
18.37,187.64941163047598,70.745118654726056,51.250623630019724,937.08696486537406,208.69264116729434,258.23097622144803,189.8195711607911,258.90118951755414,15.609999999999999,1678.8699999999992,GT,model_assisted_not_ground_truth,0,1,1,1,1,1,1,1,1,0,0
18.38,169.48191528660794,61.67356486626997,47.932044126443884,910.64258264120167,187.91193197063453,246.30918143159451,172.48426145799274,237.08932518501823,15.590000000000003,1650.8300000000029,GT,model_assisted_not_ground_truth,0,1,1,1,1,1,1,1,1,0,0
18.39,174.14040454949213,63.046724367131269,48.470817526238335,962.13888486492306,191.13024995054406,250.6405875014681,175.77646224622887,241.47829720971598,15.6,1658.8300000000156,GT,model_assisted_not_ground_truth,0,1,1,1,1,1,1,1,1,0,0
18.40,183.01093208424678,67.178313448070227,49.522183361662421,955.01105510895832,199.08681282868361,256.70082624101894,185.85573144963291,253.43944041086576,15.600000000000025,1669.8400000000136,GT,model_assisted_not_ground_truth,0,1,1,1,1,1,1,1,1,0,0
18.41,203.6233037380176,78.831172667649497,53.031684083109489,1002.2452842259656,218.9257875558304,271.61557610242772,205.78007319877719,283.89526719212733,15.610000000000003,1675.340000000002,GT,model_assisted_not_ground_truth,0,1,1,1,1,1,1,1,1,0,0
18.42,214.97592781123387,85.109272648982724,53.884756367417815,1046.7571992165726,230.87703200531027,278.12629342140428,215.51637224637042,296.70765723605007,15.619999999999985,1680.8399999999922,GT,model_assisted_not_ground_truth,0,1,1,1,1,1,1,1,1,0,0
18.43,215.41263167595747,85.414378477622662,54.407505168829914,1068.6425145457199,232.0050405438746,279.10617470855863,214.68416037875076,297.75849602746007,15.619999999999999,1685.8399999999963,GT,model_assisted_not_ground_truth,0,1,1,1,1,1,1,1,1,0,0
18.44,214.7362264994587,85.015317242593909,54.423885893233049,1084.2237638914626,231.78899854478257,279.21908147309165,213.80542728330806,296.08422901024335,15.609999999999996,1686.8399999999988,GT,model_assisted_not_ground_truth,0,1,1,1,1,1,1,1,1,0,0
18.45,210.92368746169839,82.708268240497887,54.112174314919045,1100.4070590478568,228.42893498627893,277.10832617902776,209.21352426038484,289.46989963399142,15.599999999999968,1683.8399999999594,GT,model_assisted_not_ground_truth,0,1,1,1,1,1,1,1,1,0,0
18.46,198.13574953121716,78.462822844427791,52.622916390569401,1083.5790706923117,214.54253038736761,268.807756700808,196.40464888591745,277.51413264204029,15.570000000000022,1645.8100000000361,GT,model_assisted_not_ground_truth,0,1,1,1,1,1,1,1,1,0,0
18.47,202.72089102324847,77.718074163461665,52.83133696346961,1035.3336019008725,217.47307630192239,270.80290026862838,203.6162216101277,272.68761151435143,15.580000000000014,1662.8100000000127,GT,model_assisted_not_ground_truth,0,1,1,1,1,1,1,1,1,0,0
18.48,201.72800178075488,77.387553679389654,52.961582804558581,989.43404142757049,217.03296309314942,268.09826056911271,205.0767585536251,260.4928356962057,15.585000000000004,1667.3150000000048,GT,model_assisted_not_ground_truth,0,1,1,1,1,1,1,1,1,0,0
18.49,209.2391869400914,80.841087646188626,54.172058320290866,951.46288167211378,222.59571669455087,271.35571106091305,211.02925263031167,266.13140950794701,15.589999999999996,1671.8199999999968,GT,model_assisted_not_ground_truth,0,1,1,1,1,1,1,1,1,0,0
18.50,212.25282419304276,81.332863241490116,54.092305688171955,910.81358459480384,223.87292611726414,271.45379244285738,213.65966617429763,266.46772406130339,15.6,1672.8199999999999,GT,model_assisted_not_ground_truth,0,1,1,1,1,1,1,1,1,0,0
18.51,214.69212463437597,83.887484543913715,54.627798671520594,970.7668176976847,227.3769371978297,274.79806364762766,213.35921995047511,277.68193787129451,15.599999999999946,1674.8199999999551,GT,model_assisted_not_ground_truth,0,1,1,1,1,1,1,1,1,0,0
18.52,205.12518754104624,83.504449366790624,53.871822492267697,998.54599502568851,217.47024818126584,269.81579144419698,201.00410938103661,280.24353382076151,15.549999999999983,1632.8200000000213,GT,model_assisted_not_ground_truth,0,1,1,1,1,1,1,1,1,0,0
18.53,208.45793464327883,83.893331982611926,54.252346401125322,1002.3884157239665,220.51577581434503,272.39582700447517,204.54210394377435,282.61642767521352,15.540000000000013,1644.8400000000156,GT,model_assisted_not_ground_truth,0,1,1,1,1,1,1,1,1,0,0
18.54,209.43161110475677,84.146042368205499,54.380844818719567,1000.2257239535039,222.18864724428886,272.85953517017538,205.70011297385543,284.00394972380002,15.545000000000003,1650.3400000000038,GT,model_assisted_not_ground_truth,0,1,1,1,1,1,1,1,1,0,0
18.55,208.17279060834437,83.01822900243728,53.512470905042598,970.71978383361102,221.58665224506296,270.02987570345186,205.19476368156796,278.65623517886485,15.549999999999995,1655.839999999994,GT,model_assisted_not_ground_truth,0,1,1,1,1,1,1,1,1,0,0
18.56,208.24198127003365,86.816199015908069,55.177397537842836,1020.2911975790867,225.53161482082285,271.83252393696876,204.73628660900914,280.27169591521033,15.569999999999993,1658.8499999999988,GT,model_assisted_not_ground_truth,0,1,1,1,1,1,1,1,1,0,0
18.57,208.33439211502778,84.886444729391954,54.625520853658195,922.98164775411328,225.51563059329479,269.94701540590199,208.19214949095783,278.90590146806528,15.559999999999986,1663.8599999999872,GT,model_assisted_not_ground_truth,0,1,1,1,1,1,1,1,1,0,0
18.58,201.57934826187855,82.187763081517176,53.858574644685,832.08385119252193,219.90131841159197,263.85175425933841,204.88349813857255,272.72181642459844,15.540000000000035,1645.8400000000247,GT,model_assisted_not_ground_truth,0,1,1,1,1,1,1,1,1,0,0
18.59,206.50934511357642,82.504272630736153,53.485674564856318,808.2149287715763,224.26317535064166,266.94613070869451,212.65144894180008,276.89461871332423,15.56000000000005,1659.8400000000099,GT,model_assisted_not_ground_truth,0,1,1,1,1,1,1,1,1,0,0
18.60,206.27699094657333,80.774800559269522,52.658624860951981,781.11988430291899,223.67973468114513,266.12025791686841,214.8559082994359,275.51311400777706,15.580000000000036,1663.8400000000177,GT,model_assisted_not_ground_truth,0,1,1,1,1,1,1,1,1,0,0
18.61,205.41171412128287,79.145338724448365,52.255883457794731,905.64323710058557,222.79731401317713,269.66000312917572,212.37131776673334,279.5748691148944,15.589999999999986,1668.8399999999929,GT,model_assisted_not_ground_truth,0,1,1,1,1,1,1,1,1,0,0
18.62,202.22865273071272,81.274464074355706,52.762114039091529,1046.9741390934496,223.73870760412666,271.38240357955442,207.15279238317072,279.03739536772804,15.594999999999999,1668.8399999999999,GT,model_assisted_not_ground_truth,0,1,1,1,1,1,1,1,1,0,0
18.63,201.93118785371325,79.708195525319525,52.322311668549844,1040.6763020849032,222.41148492799877,271.08712786113819,207.41732250320143,278.33658393607828,15.6,1668.8400000000004,GT,model_assisted_not_ground_truth,0,1,1,1,1,1,1,1,1,0,0
18.64,202.5786121665376,79.28894176946396,52.306021595910487,1042.5074331838014,222.46232224941599,271.64041508831588,207.95539162326276,279.12364876708114,15.599999999999957,1669.8399999999558,GT,model_assisted_not_ground_truth,0,1,1,1,1,1,1,1,1,0,0
18.65,183.00861288897707,69.451970083423362,49.385055427922872,975.66423163464265,200.54616668463657,258.25068978219247,190.28707244723617,256.76223497877197,15.5700000000001,1638.8300000000795,GT,model_assisted_not_ground_truth,0,1,1,1,1,1,1,1,1,0,0
18.66,180.55972066602834,63.496463634117681,48.332385337926276,911.57440374817338,197.9741614484881,254.73063983367842,190.07465152338474,245.28601960996986,15.610000000000031,1670.8400000000158,GT,model_assisted_not_ground_truth,0,1,1,1,1,1,1,1,1,0,0
18.67,181.77352814613732,62.683201465181241,47.674765808448967,871.97856716259082,198.64976619226621,253.72007390933135,192.91009158081363,243.16675858391636,15.619999999999985,1675.8499999999929,GT,model_assisted_not_ground_truth,0,1,1,1,1,1,1,1,1,0,0
18.68,185.43749747481883,67.108987393420477,49.255343786903353,892.81812415164086,203.96658248741454,256.68689015404834,195.47324249239136,247.73674395573113,15.600000000000014,1678.8599999999979,GT,model_assisted_not_ground_truth,0,1,1,1,1,1,1,1,1,0,0
18.69,188.76597208751826,68.572245939057836,49.893930600488922,893.62034732972677,205.63783894583216,259.57142027390245,199.01380904567642,256.03558208359414,15.6,1669.3499999999965,GT,model_assisted_not_ground_truth,0,1,1,1,1,1,1,1,1,0,0
18.70,188.08331776539552,68.031664616590646,50.107199663071434,883.52633868875569,203.95530490310369,259.16015941772497,198.96740572121342,256.59642401208708,15.599999999999989,1659.8400000000106,GT,model_assisted_not_ground_truth,0,1,1,1,1,1,1,1,1,0,0
18.71,187.6046804118026,66.759991520713754,50.79049689934287,927.27550550501701,204.31099611206977,259.65635421014008,196.21617667080301,256.7188843997597,15.590000000000042,1669.8400000000127,GT,model_assisted_not_ground_truth,0,1,1,1,1,1,1,1,1,0,0
18.72,184.91385256926534,64.371285192672204,51.110504647838674,957.98877318776056,202.87953960607456,257.53533922711733,191.67973688520175,253.80090929757984,15.610000000000056,1675.8499999999972,GT,model_assisted_not_ground_truth,0,1,1,1,1,1,1,1,1,0,0
18.73,181.98996857968552,62.254530465028964,50.333599760779322,953.30006336608312,200.23096221482274,255.16663467539001,189.32106819859723,249.62871525453721,15.629999999999965,1674.8500000000017,GT,model_assisted_not_ground_truth,0,1,1,1,1,1,1,1,1,0,0
18.74,184.0022782557989,62.97811446115351,50.637960706507521,957.42190949172414,202.21887988920375,256.62282719165825,191.31501226113275,251.58363801304421,15.620000000000006,1678.8499999999972,GT,model_assisted_not_ground_truth,0,1,1,1,1,1,1,1,1,0,0
18.75,185.232697191856,65.719349142550811,51.588949691599694,968.65957637892643,205.40216182213072,257.94283771699401,194.30471665064252,246.96640711242492,15.614999999999998,1680.3499999999999,GT,model_assisted_not_ground_truth,0,1,1,1,1,1,1,1,1,0,0
18.76,184.56065479582691,59.751917743451017,50.149133947921186,893.20471091067202,200.38400898858546,256.17408319542744,197.22402879915796,239.16657942991162,15.609999999999967,1681.8499999999742,GT,model_assisted_not_ground_truth,0,1,1,1,1,1,1,1,1,0,0
18.77,178.33405928341918,57.778817417859301,49.334141885549769,868.78134606773665,192.99628325756663,252.05797706419258,191.64799638022106,234.66442541326214,15.580000000000036,1657.850000000007,GT,model_assisted_not_ground_truth,0,1,1,1,1,1,1,1,1,0,0
18.78,178.97855010749132,57.499881887862827,49.016182423815181,863.37455323503286,193.75596246313901,252.1470343868055,192.73440460643553,234.50539837925561,15.600000000000028,1661.8500000000397,GT,model_assisted_not_ground_truth,0,1,1,1,1,1,1,1,1,0,0
18.79,192.6768556267312,65.917436301639583,51.607320110219696,949.14174979272434,209.06853727289442,262.62305293677906,203.26177807030925,252.40849888725498,15.609999999999978,1675.8599999999701,GT,model_assisted_not_ground_truth,0,1,1,1,1,1,1,1,1,0,0
18.80,200.61001763888422,71.565618739620021,53.179012634064641,1019.4709004290791,218.67738082723267,268.75373489400255,209.10515968088725,263.70264021676218,15.629999999999979,1676.8499999999988,GT,model_assisted_not_ground_truth,0,1,1,1,1,1,1,1,1,0,0
18.81,200.75070505142398,70.717916667765081,53.112336413175015,1037.3979621451576,218.13880798919246,268.9113100654078,207.35338329459302,261.73506799488666,15.630000000000001,1679.8499999999988,GT,model_assisted_not_ground_truth,0,1,1,1,1,1,1,1,1,0,0
18.82,189.50145105535447,63.310719399910695,51.290904560198889,975.92839245513665,205.2268617807423,259.81867442181942,195.60518288888798,241.18040087304038,15.61499999999999,1676.3549999999975,GT,model_assisted_not_ground_truth,0,1,1,1,1,1,1,1,1,0,0
18.83,192.30793277738053,65.278168458261149,51.789320366767967,950.08504733496693,206.89061035380223,260.2767915474293,197.44763085810521,241.66400806433077,15.6,1672.859999999991,GT,model_assisted_not_ground_truth,0,1,1,1,1,1,1,1,1,0,0
18.84,206.00131864149958,74.346350918633789,54.647038744717378,1015.2130203684517,220.04252598476651,270.61731767045399,208.27230656027345,263.34723658683566,15.600000000000025,1667.8500000000124,GT,model_assisted_not_ground_truth,0,1,1,1,1,1,1,1,1,0,0
18.85,198.8278870314156,69.897897859283304,53.37717420837987,998.74450155573163,216.53694415023432,266.30244393869549,204.17547836264163,259.26683798437546,15.609999999999999,1672.860000000014,GT,model_assisted_not_ground_truth,0,1,1,1,1,1,1,1,1,0,0
18.86,190.5665645694917,64.309810186460254,51.781502884565143,957.65887976278327,211.70418811698789,260.58050518065107,199.53384976670296,251.08322238288534,15.609999999999999,1676.8599999999942,GT,model_assisted_not_ground_truth,0,1,1,1,1,1,1,1,1,0,0
18.87,191.18286803768115,67.013498311206064,52.607473590012411,979.60361885884708,214.62938638019651,261.05930359883791,199.84586997538165,251.06678521817039,15.619999999999996,1677.8599999999994,GT,model_assisted_not_ground_truth,0,1,1,1,1,1,1,1,1,0,0
18.88,193.09086083109608,67.262790708840399,52.796662419119464,970.07912218306751,215.56532699716948,262.2448319884179,202.29411142159273,253.31393268403096,15.619999999999999,1677.8599999999999,GT,model_assisted_not_ground_truth,0,1,1,1,1,1,1,1,1,0,0
18.89,196.25378095861822,69.163171174460587,53.173539861467169,984.13072726368659,218.32098195701451,264.69564699004098,203.73173498845421,263.24948575293513,15.620000000000013,1677.8599999999999,GT,model_assisted_not_ground_truth,0,1,1,1,1,1,1,1,1,0,0
18.90,196.98720907860081,70.059993191929749,53.078708936769374,989.04698200172788,219.37582439576443,264.05777535685252,202.67404728925348,266.37547226957082,15.630000000000001,1677.8600000000124,GT,model_assisted_not_ground_truth,0,1,1,1,1,1,1,1,1,0,0
18.91,201.36666020802409,72.282649994257497,53.766586543628151,999.84797424564249,223.7606441313529,267.94154761130289,207.01782272433908,273.69093210858057,15.630000000000001,1682.8600000000126,GT,model_assisted_not_ground_truth,0,1,1,1,1,1,1,1,1,0,0
18.92,205.3837070264841,73.375088276887368,54.088515429564531,961.96199697860925,226.50765404305383,270.32047358106627,213.6852193231733,272.67593438957209,15.630000000000001,1686.8699999999942,GT,model_assisted_not_ground_truth,0,1,1,1,1,1,1,1,1,0,0
18.93,205.40383412780312,74.511064679803042,53.937429688418817,943.03356113846917,226.82053387666716,269.98687819486184,214.51362316244797,273.98160516807116,15.630000000000001,1679.8700000000049,GT,model_assisted_not_ground_truth,0,1,1,1,1,1,1,1,1,0,0
18.94,210.94534822936296,78.974940945086473,54.583904918641821,991.14649484733241,234.37735344249475,274.00260786600069,217.45307887813709,285.74042954268111,15.659999999999997,1689.8499999999992,GT,model_assisted_not_ground_truth,0,1,1,1,1,1,1,1,1,0,0
18.95,207.70729818417166,76.583486132271545,54.793642347068115,1036.4350357209969,231.0300318986211,272.93052372378963,212.40685869339558,282.86389603036878,15.65,1687.8499999999995,GT,model_assisted_not_ground_truth,0,1,1,1,1,1,1,1,1,0,0
18.96,191.97985396245886,66.341345168784443,53.178507164309991,1004.405440286169,215.04102694842544,261.69920938102939,196.73514884229036,261.22504517775258,15.65,1687.3499999999988,GT,model_assisted_not_ground_truth,0,1,1,1,1,1,1,1,1,0,0
18.97,178.52200084990588,57.156305669308651,49.822137770807331,897.8873786993546,200.44350101886033,249.09824603601149,185.89458057081825,236.15216409907072,15.65,1686.8500000000056,GT,model_assisted_not_ground_truth,0,1,1,1,1,1,1,1,1,0,0
18.98,179.58934885242769,57.615833634112072,50.255732600680737,899.72518945428101,201.64913526429547,250.32761483289798,187.26322093457333,238.31423232254053,15.65,1688.8599999999963,GT,model_assisted_not_ground_truth,0,1,1,1,1,1,1,1,1,0,0
18.99,182.28610464601684,58.572640106888628,50.346276065450667,942.36040914537807,202.4876892574506,253.55033429538625,188.90704089979945,240.76399407401362,15.640000000000008,1691.8599999999979,GT,model_assisted_not_ground_truth,0,1,1,1,1,1,1,1,1,0,0
19.00,175,56,49,978,193,250,181,235,15.640000000000001,1663.8199999999999,GT,model_assisted_not_ground_truth,0,0,0,0,0,0,0,0,0,0,0
19.01,177.00000000000213,56.500000000000533,49.500000000000533,978,193.50000000000054,250.50000000000054,179.99999999999892,236.00000000000108,15.670000000000021,1681.8200000000095,GT,model_assisted_not_ground_truth,0,0,0,0,0,0,0,0,0,0,0
19.02,193.27303486715653,66.130752946417516,52.384966311113686,993.37784200220983,211.50841824701865,261.3004798697234,196.60179582213269,261.05928778419747,15.69,1690.830000000007,GT,model_assisted_not_ground_truth,0,1,1,1,1,1,1,1,1,0,0
19.03,207.37043570377844,74.944287035333119,54.122111921579823,1025.4919928433578,225.74529512271516,269.51476128500911,209.60115746599431,277.52230308687859,15.69,1694.8299999999999,GT,model_assisted_not_ground_truth,0,1,1,1,1,1,1,1,1,0,0
19.04,212.86728709541774,77.260439157867481,54.747211206590464,1089.5899248090304,228.40167769396209,275.45738901204925,211.89515135112583,287.78230169638397,15.69,1698.8299999999913,GT,model_assisted_not_ground_truth,0,1,1,1,1,1,1,1,1,0,0
19.05,209.67563966058054,76.231312751292194,54.525053103392381,1122.9481250549675,226.34006924197328,273.7848184439132,207.07013033870666,283.39092147908383,15.69,1698.8299999999999,GT,model_assisted_not_ground_truth,0,1,1,1,1,1,1,1,1,0,0
19.06,205.68976007526098,72.301046611948635,53.548113642430671,1108.5912925711568,221.50815451558492,270.93780339699816,204.67983039266625,269.00229882396007,15.69,1699.8299999999995,GT,model_assisted_not_ground_truth,0,1,1,1,1,1,1,1,1,0,0
19.07,193.57161388113622,67.408898163417689,51.573336411124181,1056.7915441871751,206.4571558988593,262.53470782126675,195.46199032322693,252.78460822718347,15.660000000000014,1659.8000000000093,GT,model_assisted_not_ground_truth,0,1,1,1,1,1,1,1,1,0,0
19.08,192.38565903417069,65.407733223696411,51.17667228868531,1028.8199861212979,204.71056191863374,260.84238427486036,194.57978452802899,247.37869701715678,15.680000000000017,1672.8000000000061,GT,model_assisted_not_ground_truth,0,1,1,1,1,1,1,1,1,0,0
19.09,181.90757354605819,58.347168837304828,48.652052138628548,942.40292611141012,193.35280804934098,251.41086189933057,186.28663722062623,228.48313235217466,15.690000000000024,1676.3000000000086,GT,model_assisted_not_ground_truth,0,1,1,1,1,1,1,1,1,0,0
19.10,177.17183826852585,57.772626299815528,48.464447371526965,928.30815098057417,190.34691104203725,247.2486735804344,181.50540434923192,218.67697905562238,15.70000000000007,1679.8000000000036,GT,model_assisted_not_ground_truth,0,1,1,1,1,1,1,1,1,0,0
19.11,180.82071564216054,58.3699526541278,48.146293070120656,903.68804627738314,191.84701011652152,248.23910410177359,184.32403132087043,221.39325534146289,15.719999999999972,1680.7999999999986,GT,model_assisted_not_ground_truth,0,1,1,1,1,1,1,1,1,0,0
19.12,188.06967082550892,64.378386040235426,49.039727926878285,931.39166607574475,199.17061454184392,252.66745902933141,187.54659799976253,235.7329785923078,15.700000000000006,1685.8099999999981,GT,model_assisted_not_ground_truth,0,1,1,1,1,1,1,1,1,0,0
19.13,177.25398535456475,63.847556880850213,47.990926466664632,963.36660238087143,188.26285606667605,246.79165814809187,173.91182887975418,236.53201519673362,15.66,1642.8000000000063,GT,model_assisted_not_ground_truth,0,1,1,1,1,1,1,1,1,0,0
19.14,181.48344274188423,64.571827242521607,48.454194053918776,973.72225066708393,192.34494179864231,249.98304848907748,177.81424122675276,239.25997408788066,15.66,1660.8300000000056,GT,model_assisted_not_ground_truth,0,1,1,1,1,1,1,1,1,0,0
19.15,180.46309573145862,64.209566439982126,48.296101609110572,980.46927845600464,191.72487093266193,249.49955930871965,176.45459089653033,238.84076274285499,15.66,1664.8300000000036,GT,model_assisted_not_ground_truth,0,1,1,1,1,1,1,1,1,0,0
19.16,178.36928836650824,63.889316786145237,48.292142123958158,933.27073001529607,191.5436161675313,246.98682127771562,175.75691168262426,238.61529703502526,15.66,1666.3350000000005,GT,model_assisted_not_ground_truth,0,1,1,1,1,1,1,1,1,0,0
19.17,178.17867281213989,68.383003575253156,49.97366672153553,907.9120159921913,196.31602028855951,245.73265093321757,176.63465613850417,237.588644523586,15.66,1667.8399999999979,GT,model_assisted_not_ground_truth,0,1,1,1,1,1,1,1,1,0,0
19.18,179.23650360010308,66.564690159318403,49.17153730879717,870.59623051586482,195.30689033193113,245.78223432601072,179.69405177246466,234.70736576899628,15.669999999999993,1671.839999999997,GT,model_assisted_not_ground_truth,0,1,1,1,1,1,1,1,1,0,0
19.19,175.31173675002736,62.26474171611752,48.355498350296131,816.92769486113446,189.34093541002812,242.95636316205173,179.21760753332066,224.78224121271751,15.670000000000007,1665.8399999999999,GT,model_assisted_not_ground_truth,0,1,1,1,1,1,1,1,1,0,0
19.20,186.41817910266843,67.452236239139509,50.775043891773869,865.3644004690982,199.3667448373474,252.0618008572493,190.2006937272063,240.4778525528821,15.69000000000001,1665.8200000000095,GT,model_assisted_not_ground_truth,0,1,1,1,1,1,1,1,1,0,0
19.21,199.90835046157582,74.152857389470455,52.734433038834425,928.86052872918572,213.06534102759414,262.64821339221271,203.76019339287978,261.81809852281503,15.70000000000001,1674.8200000000043,GT,model_assisted_not_ground_truth,0,1,1,1,1,1,1,1,1,0,0
19.22,200.32211985505126,73.373500540746264,51.73214678798584,1007.1856394631586,212.61890761876927,265.5371777439326,204.31258108666503,268.27975941713908,15.705,1676.8199999999999,GT,model_assisted_not_ground_truth,0,1,1,1,1,1,1,1,1,0,0
19.23,202.46507438464155,79.043911245920228,53.314929557481214,1114.134988916443,216.55568715010577,268.85231611145468,202.81343571971269,269.28865696943558,15.709999999999992,1678.8199999999963,GT,model_assisted_not_ground_truth,0,1,1,1,1,1,1,1,1,0,0
19.24,202.08804563817921,77.359858933337094,52.822368223547137,1107.6748467416298,214.47827764833164,268.72560124747804,202.40146557839958,268.86855117796466,15.710000000000001,1678.8199999999999,GT,model_assisted_not_ground_truth,0,1,1,1,1,1,1,1,1,0,0
19.25,192.74139598156526,70.681946607386251,51.263171298020708,1064.2384278083969,203.81659616641872,261.9291719222137,194.30687907178049,254.01615311355505,15.710000000000001,1683.8199999999999,GT,model_assisted_not_ground_truth,0,1,1,1,1,1,1,1,1,0,0
19.26,181.93034515122031,62.996789694694883,48.831221855077331,1008.4020206338264,192.02303102818274,252.80120259223614,185.04626728548607,234.87923291921877,15.730000000000011,1687.8300000000052,GT,model_assisted_not_ground_truth,0,1,1,1,1,1,1,1,1,0,0
19.27,183.21645357089355,63.28362306123536,48.500000564013419,995.29491234543275,192.96740920377309,252.47602622875166,186.36084597479183,234.08507962352459,15.74,1692.8300000000054,GT,model_assisted_not_ground_truth,0,1,1,1,1,1,1,1,1,0,0
19.28,187.53726121242005,65.95674287543099,49.576747775477166,974.1985602402558,197.53648377170521,255.23024650564764,191.116684391213,241.57562244218317,15.739999999999986,1695.8399999999999,GT,model_assisted_not_ground_truth,0,1,1,1,1,1,1,1,1,0,0
19.29,187.90234624584102,67.691881662121659,50.573233488996642,934.89459851337801,200.02248057757276,254.49931371092194,192.31801633323212,241.0780763650439,15.734999999999996,1695.8399999999999,GT,model_assisted_not_ground_truth,0,1,1,1,1,1,1,1,1,0,0
19.30,188.70211103286408,70.897731916859385,51.293952001303765,967.74624816987625,203.48336917684742,255.74562475823191,190.33877845930758,247.90032873905523,15.730000000000006,1695.8399999999999,GT,model_assisted_not_ground_truth,0,1,1,1,1,1,1,1,1,0,0
19.31,187.14360460555326,72.66897160884406,51.730663425602913,1028.6559726394298,202.53179152241492,255.96535808300015,186.05586200752549,256.40593616156116,15.73,1678.8200000000061,GT,model_assisted_not_ground_truth,0,1,1,1,1,1,1,1,1,0,0
19.32,191.14847571035315,73.915605750124229,53.417690599471854,1053.5186671482616,207.53778814830815,258.37406530311347,189.1053059528345,262.23090396334982,15.750000000000014,1688.8299999999956,GT,model_assisted_not_ground_truth,0,1,1,1,1,1,1,1,1,0,0
19.33,188.86388601761789,72.95487780203436,52.751411274519612,1054.9250046607362,204.95073839601707,256.71178725758278,187.03038991591592,260.2021904842602,15.770000000000017,1682.830000000007,GT,model_assisted_not_ground_truth,0,1,1,1,1,1,1,1,1,0,0
19.34,188.70113256431858,72.782892972032414,52.572506549871115,1063.0956001316501,204.87795621991916,256.63673432813903,186.51089434561376,259.53140511833919,15.779999999999999,1686.8200000000049,GT,model_assisted_not_ground_truth,0,1,1,1,1,1,1,1,1,0,0
19.35,187.7640200548546,70.503492091753373,51.811682015066289,1029.5638327969975,202.5691590228239,255.46918211882053,188.18361319286271,251.69767628965312,15.779999999999946,1688.8199999999413,GT,model_assisted_not_ground_truth,0,1,1,1,1,1,1,1,1,0,0
19.36,181.34064168301663,66.556613707700023,50.394157406663609,984.4445393569415,194.00328008241621,250.43724909057056,184.06881055417196,239.86360221668701,15.764999999999979,1672.3199999999765,GT,model_assisted_not_ground_truth,0,1,1,1,1,1,1,1,1,0,0
19.37,175.66700960399319,64.265895564315784,48.963812258706312,957.47435745524217,187.10544533285736,245.70193399839309,178.83004059331353,233.36535388383246,15.750000000000005,1655.8200000000058,GT,model_assisted_not_ground_truth,0,1,1,1,1,1,1,1,1,0,0
19.38,183.00000000000017,66.999999999999815,50,978,195,251,186.00000000000017,241.99999999999983,15.780000000000006,1673.8200000000011,GT,model_assisted_not_ground_truth,0,0,0,0,0,0,0,0,0,0,0
19.39,183.50000000000071,66.499999999999289,50,978,195,251,186.50000000000071,241.49999999999929,15.800000000000001,1676.8200000000086,GT,model_assisted_not_ground_truth,0,0,0,0,0,0,0,0,0,0,0
19.40,183.9999999999975,66.000000000002487,50,978,195,251.0000000000025,186.9999999999975,241.0000000000025,15.800000000000075,1682.8200000000024,GT,model_assisted_not_ground_truth,0,0,0,0,0,0,0,0,0,0,0
19.41,183.00000000001279,67,50,978,195,252,185.99999999999679,242,15.829999999999968,1683.8200000000127,GT,model_assisted_not_ground_truth,0,0,0,0,0,0,0,0,0,0,0
19.42,187.00000000000426,67.000000000004263,50,978,195.00000000000426,251.99999999999574,185,242,15.820000000000014,1687.8199999999943,GT,model_assisted_not_ground_truth,0,0,0,0,0,0,0,0,0,0,0
19.43,187.99999999999929,67.999999999999289,50,978,195.99999999999929,251.00000000000071,185,242,15.824999999999996,1687.8199999999999,GT,model_assisted_not_ground_truth,0,0,0,0,0,0,0,0,0,0,0
19.44,187.99999999999858,68.999999999999645,50,978,195.00000000000037,252,185.00000000000037,242,15.83,1687.8200000000004,GT,model_assisted_not_ground_truth,0,0,0,0,0,0,0,0,0,0,0
19.45,184.00000000000426,68.000000000002132,50,978,196,252,185.99999999999892,242.00000000000108,15.83,1688.8199999999988,GT,model_assisted_not_ground_truth,0,0,0,0,0,0,0,0,0,0,0
19.46,188.00000000000213,70.000000000004263,50.000000000002132,978,195.99999999999787,252,185.00000000000213,242.99999999999787,15.829999999999936,1687.8199999999595,GT,model_assisted_not_ground_truth,0,0,0,0,0,0,0,0,0,0,0
19.47,188.99999999999147,72.000000000002842,50.999999999997158,978,195,252,186,242,15.800000000000029,1668.8200000000227,GT,model_assisted_not_ground_truth,0,0,0,0,0,0,0,0,0,0,0
19.48,186.00000000001563,72.999999999996092,50,978,195,251.99999999999611,186.00000000000782,242.00000000000389,15.809999999999983,1676.8199999999856,GT,model_assisted_not_ground_truth,0,0,0,0,0,0,0,0,0,0,0
19.49,189.99999999999716,72.000000000000711,50,978,195,251.00000000000071,187.99999999999858,242.99999999999929,15.81,1678.8199999999986,GT,model_assisted_not_ground_truth,0,0,0,0,0,0,0,0,0,0,0
19.50,190,71,50,978,195,251,186,243,15.815000000000001,1680.8249999999998,GT,model_assisted_not_ground_truth,0,0,0,0,0,0,0,0,0,0,0
19.51,190,73,50,978,195.00000000000108,251,186,242,15.820000000000011,1682.8300000000011,GT,model_assisted_not_ground_truth,0,0,0,0,0,0,0,0,0,0,0
19.52,189.99999999999821,73,50,978,196,251,186,242.00000000000355,15.829999999999965,1683.8099999999947,GT,model_assisted_not_ground_truth,0,0,0,0,0,0,0,0,0,0,0
19.53,189,72.999999999997158,50,978,195.99999999999716,251,186,244,15.810000000000029,1680.8300000000227,GT,model_assisted_not_ground_truth,0,0,0,0,0,0,0,0,0,0,0
19.54,189,72,50,978,195.00000000000355,251.00000000000355,185.99999999999645,244,15.819999999999979,1688.8399999999829,GT,model_assisted_not_ground_truth,0,0,0,0,0,0,0,0,0,0,0
19.55,189,72,50,978,195.99999999999892,251.99999999999892,185.00000000000108,244,15.82,1691.8399999999967,GT,model_assisted_not_ground_truth,0,0,0,0,0,0,0,0,0,0,0
19.56,188.00000000000034,71.000000000000355,50,978,195.00000000000034,252,184.00000000000034,244,15.815000000000001,1692.3399999999997,GT,model_assisted_not_ground_truth,0,0,0,0,0,0,0,0,0,0,0
19.57,188.50000000000034,71,50,978,195,251.49999999999966,184,243.49999999999966,15.81,1692.8400000000006,GT,model_assisted_not_ground_truth,0,0,0,0,0,0,0,0,0,0,0
19.58,189,70.999999999998224,50,978,195,251,184.00000000000179,243.00000000000179,15.810000000000036,1693.850000000007,GT,model_assisted_not_ground_truth,0,0,0,0,0,0,0,0,0,0,0
19.59,188.9999999999975,70,50,978,195.0000000000025,251,184.9999999999975,243.9999999999975,15.82999999999995,1697.8199999999924,GT,model_assisted_not_ground_truth,0,0,0,0,0,0,0,0,0,0,0
19.60,188.00000000000711,70,50,978,195.99999999999645,251,184,243,15.810000000000036,1694.8300000000036,GT,model_assisted_not_ground_truth,0,0,0,0,0,0,0,0,0,0,0
19.61,189.99999999997868,70,50,978,195,251,184.00000000000853,243,15.819999999999986,1695.8299999999986,GT,model_assisted_not_ground_truth,0,0,0,0,0,0,0,0,0,0,0
19.62,185.00000000000176,70,50,978,195,251,185.99999999999929,243,15.82,1695.8299999999999,GT,model_assisted_not_ground_truth,0,0,0,0,0,0,0,0,0,0,0
19.63,185.99999999999963,69.999999999999645,50,978,195,251,185.99999999999929,244,15.809999999999999,1696.8299999999954,GT,model_assisted_not_ground_truth,0,0,0,0,0,0,0,0,0,0,0
19.64,184.99999999999858,69,50,978,195,251,184,243.99999999999858,15.804999999999993,1684.3099999999822,GT,model_assisted_not_ground_truth,0,0,0,0,0,0,0,0,0,0,0
19.65,184.0000000000025,69,50,978,195.0000000000025,251.0000000000025,184,242.9999999999975,15.800000000000026,1671.7900000000398,GT,model_assisted_not_ground_truth,0,0,0,0,0,0,0,0,0,0,0
19.66,184.99999999999679,69.000000000003197,50,978,196,251.99999999999679,184.00000000000321,242,15.810000000000032,1687.8000000000479,GT,model_assisted_not_ground_truth,0,0,0,0,0,0,0,0,0,0,0
19.67,183.99999999999574,69.999999999995737,50,978,196.00000000000426,250.99999999999574,184.99999999999574,241.99999999999574,15.819999999999986,1702.8099999999786,GT,model_assisted_not_ground_truth,0,0,0,0,0,0,0,0,0,0,0
19.68,183.00000000000071,69.000000000000711,50,978,196.99999999999929,250.00000000000071,184.00000000000071,241.00000000000071,15.839999999999986,1705.8099999999979,GT,model_assisted_not_ground_truth,0,0,0,0,0,0,0,0,0,0,0
19.69,182,68.999999999999645,50,978,195,251,182.00000000000071,241,15.829999999999997,1711.8099999999988,GT,model_assisted_not_ground_truth,0,0,0,0,0,0,0,0,0,0,0
19.70,181.99999999999787,68.000000000001066,50,978,195,251,183.99999999999892,241,15.81999999999999,1708.8099999999968,GT,model_assisted_not_ground_truth,0,0,0,0,0,0,0,0,0,0,0
19.71,180.00000000000213,68.999999999995737,50,978,195,251,183,241,15.809999999999958,1705.8099999999488,GT,model_assisted_not_ground_truth,0,0,0,0,0,0,0,0,0,0,0
19.72,180.99999999999432,67.000000000002842,50,978,194.99999999999716,250.99999999999716,183,241,15.789999999999999,1681.7800000000141,GT,model_assisted_not_ground_truth,0,0,0,0,0,0,0,0,0,0,0
19.73,179.00000000000782,67.999999999996092,50,978,194,250,182.99999999999611,241.00000000000389,15.789999999999999,1686.7799999999911,GT,model_assisted_not_ground_truth,0,0,0,0,0,0,0,0,0,0,0
19.74,180.99999999999858,67.000000000000711,50,978,194,250,182.00000000000071,241.99999999999929,15.780000000000006,1692.7899999999956,GT,model_assisted_not_ground_truth,0,0,0,0,0,0,0,0,0,0,0
19.75,177,67,50,977,195,250,183,242,15.779999999999999,1694.79,GT,model_assisted_not_ground_truth,0,0,0,0,0,0,0,0,0,0,0
19.76,178.50000000000159,67.50000000000054,50,977.50000000000057,195,250.50000000000054,182.49999999999946,240.99999999999892,15.779999999999994,1699.8000000000004,GT,model_assisted_not_ground_truth,0,0,0,0,0,0,0,0,0,0,0
19.77,180,68,50,978,194.99999999999821,250.99999999999821,182,240.00000000000534,15.774999999999991,1700.3000000000009,GT,model_assisted_not_ground_truth,0,0,0,0,0,0,0,0,0,0,0
19.78,180,68,50,978,193.99999999999716,250,182.00000000000284,242.99999999999716,15.769999999999971,1700.8000000000027,GT,model_assisted_not_ground_truth,0,0,0,0,0,0,0,0,0,0,0
19.79,180.00000000000355,68.000000000003553,50,978,193.00000000000711,250,182.99999999999645,242.00000000000355,15.760000000000021,1701.7999999999979,GT,model_assisted_not_ground_truth,0,0,0,0,0,0,0,0,0,0,0
19.80,180.99999999999892,68.999999999998934,50,978,194.99999999999787,250,182.00000000000108,242.99999999999892,15.710000000000054,1663.8100000000404,GT,model_assisted_not_ground_truth,0,0,0,0,0,0,0,0,0,0,0
19.81,181,67.000000000000711,50,978,195,250,183.99999999999929,242.00000000000034,15.700000000000003,1681.8299999999936,GT,model_assisted_not_ground_truth,0,0,0,0,0,0,0,0,0,0,0
19.82,181,68.000000000000711,50,978,195,251,184.99999999999929,242.99999999999929,15.729999999999993,1682.8300000000013,GT,model_assisted_not_ground_truth,0,0,0,0,0,0,0,0,0,0,0
19.83,180.99999999999466,68.999999999998224,50,978,195,250.99999999999821,183.99999999999645,242.00000000000179,15.719999999999983,1684.829999999984,GT,model_assisted_not_ground_truth,0,0,0,0,0,0,0,0,0,0,0
19.84,178.0000000000025,67.999999999997513,50,978,195,250.0000000000025,182.00000000000497,243,15.709999999999988,1675.8200000000086,GT,model_assisted_not_ground_truth,0,0,0,0,0,0,0,0,0,0,0
19.85,179,67.000000000007105,50,978,195.00000000000355,251,183.99999999999645,243,15.704999999999997,1679.3200000000024,GT,model_assisted_not_ground_truth,0,0,0,0,0,0,0,0,0,0,0
19.86,178.99999999999147,68.999999999995737,50,978,196,251,183,243.00000000000853,15.700000000000006,1682.8199999999949,GT,model_assisted_not_ground_truth,0,0,0,0,0,0,0,0,0,0,0
19.87,177.00000000000071,68.000000000000355,50,978,196,251,183,244.99999999999929,15.699999999999999,1686.8199999999986,GT,model_assisted_not_ground_truth,0,0,0,0,0,0,0,0,0,0,0
19.88,183.99999999999858,68.000000000000355,50,978,197,251,184,245,15.699999999999999,1688.8300000000011,GT,model_assisted_not_ground_truth,0,0,0,0,0,0,0,0,0,0,0
19.89,180.00000000000142,68.999999999998579,50,978,197.00000000000142,251,184.00000000000142,245,15.699999999999985,1691.8300000000013,GT,model_assisted_not_ground_truth,0,0,0,0,0,0,0,0,0,0,0
19.90,180.9999999999975,68.000000000007461,50,978,197.9999999999975,251.0000000000025,184.99999999999253,245,15.689999999999987,1692.8300000000011,GT,model_assisted_not_ground_truth,0,0,0,0,0,0,0,0,0,0,0
19.91,180.00000000000961,70.99999999998721,50,978,197,251.99999999999679,182,245,15.684999999999999,1693.3300000000002,GT,model_assisted_not_ground_truth,0,0,0,0,0,0,0,0,0,0,0
19.92,182.99999999999574,67.000000000004263,50,978,197,251,182.00000000000853,244.99999999999574,15.680000000000007,1693.8299999999992,GT,model_assisted_not_ground_truth,0,0,0,0,0,0,0,0,0,0,0
19.93,182.00000000000071,67.999999999999289,50,978,197,251,183.99999999999858,244.00000000000071,15.70999999999998,1697.839999999997,GT,model_assisted_not_ground_truth,0,0,0,0,0,0,0,0,0,0,0
19.94,181.00000000000017,68,50,978,196.99999999999983,251.00000000000017,182.00000000000071,246,15.689999999999996,1700.850000000001,GT,model_assisted_not_ground_truth,0,0,0,0,0,0,0,0,0,0,0
19.95,181.50000000000054,68,50,978,196.49999999999946,251.50000000000054,184.00000000000213,246,15.679999999999968,1703.8499999999742,GT,model_assisted_not_ground_truth,0,0,0,0,0,0,0,0,0,0,0
19.96,181.99999999999574,67.999999999997868,50,978,195.99999999999787,251.99999999999787,185.99999999999787,246,15.650000000000022,1679.8400000000127,GT,model_assisted_not_ground_truth,0,0,0,0,0,0,0,0,0,0,0
19.97,180.00000000000426,67,50,978,195.00000000000284,251,184.99999999999858,246,15.660000000000014,1685.8400000000099,GT,model_assisted_not_ground_truth,0,0,0,0,0,0,0,0,0,0,0
19.98,181.50000000000159,67,50,978,196.00000000000108,251,184.49999999999946,246,15.665000000000006,1689.3400000000036,GT,model_assisted_not_ground_truth,0,0,0,0,0,0,0,0,0,0,0
19.99,182.99999999999892,67,50,978,196.99999999999929,251,184.00000000000034,246,15.669999999999996,1692.8399999999974,GT,model_assisted_not_ground_truth,0,0,0,0,0,0,0,0,0,0,0
20.00,183,67,50,978,196,252,183,246,15.67,1698.8499999999999,GT,model_assisted_not_ground_truth,0,0,0,0,0,0,0,0,0,0,0
20.01,184.99999999999892,67.999999999998934,50,978,196.99999999999892,252,183.00000000000108,247.00000000000108,15.679999999999989,1699.8499999999999,GT,model_assisted_not_ground_truth,0,0,0,0,0,0,0,0,0,0,0
20.02,183.99999999999466,66.999999999998224,50,978,196,252,183.99999999999821,248,15.670000000000018,1699.8499999999999,GT,model_assisted_not_ground_truth,0,0,0,0,0,0,0,0,0,0,0
20.03,181.00000000000568,66.000000000005684,50,978,196.00000000000284,252,183.00000000000284,247.99999999999716,15.68,1699.8500000000026,GT,model_assisted_not_ground_truth,0,0,0,0,0,0,0,0,0,0,0
20.04,182.99999999999289,68.000000000003553,50,978,196.99999999999645,252,184,247,15.68,1700.8500000000006,GT,model_assisted_not_ground_truth,0,0,0,0,0,0,0,0,0,0,0
20.05,181.00000000000213,68.999999999998934,50,978,196.00000000000108,252,184,247,15.68,1701.8499999999988,GT,model_assisted_not_ground_truth,0,0,0,0,0,0,0,0,0,0,0
20.06,181,69,50,978,196,251.00000000000034,184,247,15.640000000000015,1678.8500000000081,GT,model_assisted_not_ground_truth,0,0,0,0,0,0,0,0,0,0,0
20.07,180.00000000000213,68.999999999999289,50,978,196.99999999999929,251.00000000000071,183.00000000000213,247,15.650000000000015,1694.8600000000006,GT,model_assisted_not_ground_truth,0,0,0,0,0,0,0,0,0,0,0
20.08,183,68,50,978,196,252,185.99999999999821,247.00000000000179,15.669999999999982,1695.8500000000088,GT,model_assisted_not_ground_truth,0,0,0,0,0,0,0,0,0,0,0
20.09,183.0000000000025,68,50,978,196,252,185,248,15.66,1700.8499999999999,GT,model_assisted_not_ground_truth,0,0,0,0,0,0,0,0,0,0,0
20.10,183.99999999999645,68,50,978,196,251.99999999999645,185.00000000000711,247.99999999999289,15.659999999999982,1700.849999999984,GT,model_assisted_not_ground_truth,0,0,0,0,0,0,0,0,0,0,0
20.11,182.99999999999147,68,50,978,196,251.00000000000426,186.99999999999574,246,15.654999999999994,1696.3499999999935,GT,model_assisted_not_ground_truth,0,0,0,0,0,0,0,0,0,0,0
20.12,181.00000000000071,68,50,978,196,251.99999999999966,186.00000000000034,246,15.650000000000002,1691.8500000000015,GT,model_assisted_not_ground_truth,0,0,0,0,0,0,0,0,0,0,0
20.13,180.99999999999929,68.000000000000355,50,977.00000000000034,196,251,185.00000000000037,244.99999999999963,15.630000000000001,1680.8500000000013,GT,model_assisted_not_ground_truth,0,0,0,0,0,0,0,0,0,0,0
20.14,179,69,50,978,196,251,185.99999999999574,243.99999999999858,15.630000000000001,1684.8600000000029,GT,model_assisted_not_ground_truth,0,0,0,0,0,0,0,0,0,0,0
20.15,179.00000000000125,68.999999999997513,50.000000000001243,978,196,251,183.0000000000025,243,15.630000000000026,1686.8600000000099,GT,model_assisted_not_ground_truth,0,0,0,0,0,0,0,0,0,0,0
20.16,179.50000000000159,67.999999999996803,50.500000000001599,978,196,251,184.00000000000318,243,15.640000000000033,1690.8600000000063,GT,model_assisted_not_ground_truth,0,0,0,0,0,0,0,0,0,0,0
20.17,180.00000000000853,67.00000000001279,50.999999999995737,978,196,251,184.99999999998295,243,15.649999999999986,1692.8599999999969,GT,model_assisted_not_ground_truth,0,0,0,0,0,0,0,0,0,0,0
20.18,181.99999999999858,69.999999999997868,50.000000000000711,978,196,251,181.00000000000284,243,15.65,1693.8599999999992,GT,model_assisted_not_ground_truth,0,0,0,0,0,0,0,0,0,0,0
20.19,181.99999999999963,69.999999999999289,50,978,195,250.00000000000037,182.99999999999963,243.00000000000037,15.645,1690.8549999999989,GT,model_assisted_not_ground_truth,0,0,0,0,0,0,0,0,0,0,0
20.20,180.99999999999253,67.999999999998934,50,978,195.00000000000108,251,181.99999999999787,243.99999999999892,15.640000000000011,1687.8500000000126,GT,model_assisted_not_ground_truth,0,0,0,0,0,0,0,0,0,0,0
20.21,174.00000000000426,67.000000000004263,50,978,195.99999999999787,251,180.00000000000213,243,15.65,1699.8700000000019,GT,model_assisted_not_ground_truth,0,0,0,0,0,0,0,0,0,0,0
20.22,176.00000000000284,68.999999999997158,50.000000000002842,978,195.00000000000284,251,181,243,15.65,1700.8700000000026,GT,model_assisted_not_ground_truth,0,0,0,0,0,0,0,0,0,0,0
20.23,176.99999999997655,68,50.999999999996092,978,195.99999999999611,251,180.99999999999218,242.99999999999611,15.65,1701.8699999999981,GT,model_assisted_not_ground_truth,0,0,0,0,0,0,0,0,0,0,0
20.24,171.00000000000426,68,50.000000000000711,978,195.00000000000071,251,179.00000000000142,242.00000000000071,15.659999999999993,1695.8500000000042,GT,model_assisted_not_ground_truth,0,0,0,0,0,0,0,0,0,0,0
20.25,177,68,50,978,195,250,178,241,15.66,1695.8499999999999,GT,model_assisted_not_ground_truth,0,0,0,0,0,0,0,0,0,0,0
20.26,172.00000000000321,68,50,978,195,250.00000000000108,177.00000000000213,241.99999999999892,15.660000000000011,1695.8500000000051,GT,model_assisted_not_ground_truth,0,0,0,0,0,0,0,0,0,0,0
20.27,174.99999999999645,68,50,978,195,250.99999999999821,179,241.00000000000179,15.67,1700.8500000000017,GT,model_assisted_not_ground_truth,0,0,0,0,0,0,0,0,0,0,0
20.28,173.00000000000853,68.000000000002842,50,978,194.99999999999716,250.00000000000284,178.99999999999716,242.00000000000284,15.670000000000028,1701.8500000000029,GT,model_assisted_not_ground_truth,0,0,0,0,0,0,0,0,0,0,0
20.29,175.99999999997868,69,50,978,194,250.99999999999645,178,242.99999999999645,15.679999999999978,1702.8599999999979,GT,model_assisted_not_ground_truth,0,0,0,0,0,0,0,0,0,0,0
20.30,170.00000000000639,69,50,978,194,250.00000000000108,178,242.00000000000108,15.68,1702.8599999999999,GT,model_assisted_not_ground_truth,0,0,0,0,0,0,0,0,0,0,0
