time_seconds,FMG_channel_1,FMG_channel_2,FMG_channel_3,FMG_channel_4,FMG_channel_5,FMG_channel_6,FMG_channel_7,FMG_channel_8,CoP,vGRF,provisional_phase,label_status,signal_missing,FMG_channel_1_imputed,FMG_channel_2_imputed,FMG_channel_3_imputed,FMG_channel_4_imputed,FMG_channel_5_imputed,FMG_channel_6_imputed,FMG_channel_7_imputed,FMG_channel_8_imputed,CoP_imputed,vGRF_imputed
0.00,79,146,54,164,130,47,37,203,11.279999999999999,765.42999999999995,QS,model_assisted_not_ground_truth,0,0,0,0,0,0,0,0,0,0,0
0.01,80,144.99999999999909,52.999999999999091,164,129.00000000000091,47,38.000000000000909,203,11.089999999999973,740.42999999999722,QS,model_assisted_not_ground_truth,0,0,0,0,0,0,0,0,0,0,0
0.02,80,143.99999999999818,51.999999999998181,163.99999999999818,129.99999999999818,47,39,203,11.06,737.43000000000086,QS,model_assisted_not_ground_truth,0,0,0,0,0,0,0,0,0,0,0
0.03,80,142.99999999999727,50.999999999997272,163,129,47,39,203,11.06,737.93000000000131,QS,model_assisted_not_ground_truth,0,0,0,0,0,0,0,0,0,0,0
0.04,80,142.0000000000191,50.000000000019099,163,129,47,39,203,11.06,738.43000000000359,QS,model_assisted_not_ground_truth,0,0,0,0,0,0,0,0,0,0,0
0.05,80,142,51.99999999996362,163,128.00000000001819,47,39,201.00000000003638,11.06,739.4299999999954,QS,model_assisted_not_ground_truth,0,0,0,0,0,0,0,0,0,0,0
0.06,79.00000000001728,142.99999999998272,50.000000000034561,162.00000000001728,128,47,39,201,11.060000000000109,738.42000000001633,QS,model_assisted_not_ground_truth,0,0,0,0,0,0,0,0,0,0,0
0.07,79.999999999983629,140.00000000004911,50,162,127.00000000001637,47,39,201,11.079999999999936,741.43000000001905,QS,model_assisted_not_ground_truth,0,0,0,0,0,0,0,0,0,0,0
0.08,79.000000000015461,140.99999999998454,50,161.00000000001546,126.00000000001546,47,38.000000000015461,201.99999999998454,11.070000000000155,744.42999999995357,QS,model_assisted_not_ground_truth,0,0,0,0,0,0,0,0,0,0,0
0.09,79,140.00000000001455,50.999999999985448,161.99999999998545,126,47,38.999999999985448,202,11.07,741.43000000004361,QS,model_assisted_not_ground_truth,0,0,0,0,0,0,0,0,0,0,0
0.10,79.999999999986358,140,51.999999999986358,162,126,47,35.00000000005457,202.99999999998636,11.074999999999932,742.42999999998631,QS,model_assisted_not_ground_truth,0,0,0,0,0,0,0,0,0,0,0
0.11,80,140,51.000000000012733,162,126,47,34.000000000012733,202.00000000001273,11.079999999999936,743.42999999998722,QS,model_assisted_not_ground_truth,0,0,0,0,0,0,0,0,0,0,0
0.12,80,140,51.999999999988177,162,126,47,34,202.99999999998818,11.089999999999881,742.4200000000119,QS,model_assisted_not_ground_truth,0,0,0,0,0,0,0,0,0,0,0
0.13,79.000000000010914,140,50.000000000021828,161.00000000001091,126,47,34.999999999989086,203,11.080000000000108,746.4199999999563,QS,model_assisted_not_ground_truth,0,0,0,0,0,0,0,0,0,0,0
0.14,79.999999999989996,140,50.999999999989996,161,126.99999999999,47,35,203,11.0700000000001,745.43000000000984,QS,model_assisted_not_ground_truth,0,0,0,0,0,0,0,0,0,0,0
0.15,80,140,50.000000000009095,161,125.00000000001819,47,34.000000000009095,203,11.07,747.41999999998188,QS,model_assisted_not_ground_truth,0,0,0,0,0,0,0,0,0,0,0
0.16,78.000000000016371,140.99999999999181,50.999999999991815,161,125.99999999999181,47,34,203,11.089999999999836,749.41999999998359,QS,model_assisted_not_ground_truth,0,0,0,0,0,0,0,0,0,0,0
0.17,78,141,51,161,126.49999999999636,47,34.499999999996362,203.49999999999636,11.075000000000109,748.42500000000723,QS,model_assisted_not_ground_truth,0,0,0,0,0,0,0,0,0,0,0
0.18,78,141,51,161,126.99999999999682,47,34.999999999996817,203.99999999999682,11.060000000000096,747.43000000000632,QS,model_assisted_not_ground_truth,0,0,0,0,0,0,0,0,0,0,0
0.19,78,140.00000000000546,51,161,126.00000000000546,47,34.000000000005457,204,11.050000000000056,746.43000000000541,QS,model_assisted_not_ground_truth,0,0,0,0,0,0,0,0,0,0,0
0.20,78,139.00000000000455,51,161.99999999999545,126,47,34.999999999995453,204,11.079999999999863,749.42999999998631,QS,model_assisted_not_ground_truth,0,0,0,0,0,0,0,0,0,0,0
0.21,78,140.99999999999272,51.999999999996362,162,126.99999999999636,47,35,204,11.060000000000073,748.43000000000359,QS,model_assisted_not_ground_truth,0,0,0,0,0,0,0,0,0,0,0
0.22,78.999999999997272,140.00000000000273,52,162.99999999999727,127,47,35,204.99999999999727,11.050000000000027,747.43000000000268,QS,model_assisted_not_ground_truth,0,0,0,0,0,0,0,0,0,0,0
0.23,78.000000000001819,140.99999999999818,50.000000000003638,162.00000000000182,129.99999999999454,47,34.000000000001819,205,11.040000000000017,745.43000000000359,QS,model_assisted_not_ground_truth,0,0,0,0,0,0,0,0,0,0,0
0.24,78,141,51.999999999998181,162,128.00000000000182,47,34.999999999999091,205,11.049999999999992,749.42999999999631,QS,model_assisted_not_ground_truth,0,0,0,0,0,0,0,0,0,0,0
0.25,77,140,52,163,125,47,35,205,11.035,749.43499999999995,QS,model_assisted_not_ground_truth,0,0,0,0,0,0,0,0,0,0,0
0.26,79,141.00000000000091,50.000000000000909,162.00000000000091,127,47,35,205.99999999999909,11.020000000000017,749.4400000000046,QS,model_assisted_not_ground_truth,0,0,0,0,0,0,0,0,0,0,0
0.27,79.000000000001819,141.99999999999818,51,162.99999999999818,126.99999999999818,47,35,205,11.039999999999926,754.42999999999631,QS,model_assisted_not_ground_truth,0,0,0,0,0,0,0,0,0,0,0
0.28,79.999999999997272,141,50.999999999997272,161.99999999999727,125.99999999999454,47,35,205,11.000000000000027,752.43000000000268,QS,model_assisted_not_ground_truth,0,0,0,0,0,0,0,0,0,0,0
0.29,79.000000000019099,141,50.000000000019099,161.0000000000191,124.0000000000382,47,35,205,11.009999999999964,753.42999999999995,QS,model_assisted_not_ground_truth,0,0,0,0,0,0,0,0,0,0,0
0.30,79.99999999998181,141,50.99999999998181,161.99999999998181,125.99999999996362,47,35,204.00000000001819,11.000000000000046,753.42999999999995,QS,model_assisted_not_ground_truth,0,0,0,0,0,0,0,0,0,0,0
0.31,80,141.99999999998272,51,162,124.00000000003456,47,34.00000000001728,203.00000000001728,11.01,753.42999999999722,QS,model_assisted_not_ground_truth,0,0,0,0,0,0,0,0,0,0,0
0.32,80,141.00000000001637,50.000000000016371,161.00000000001637,124.99999999998363,47,34.999999999983629,203,11.01,752.93500000000245,QS,model_assisted_not_ground_truth,0,0,0,0,0,0,0,0,0,0,0
0.33,80,141.99999999998454,50.999999999984539,161,120.00000000007729,47,35,203.99999999998454,11.01,752.44000000000767,QS,model_assisted_not_ground_truth,0,0,0,0,0,0,0,0,0,0,0
0.34,80,142,51,161,120.99999999998545,46.000000000014552,35,204.99999999998545,11.019999999999854,754.42999999997096,QS,model_assisted_not_ground_truth,0,0,0,0,0,0,0,0,0,0,0
0.35,80,142,51,161,118.00000000004091,46.999999999986358,35,205,11.010000000000137,751.43000000004088,QS,model_assisted_not_ground_truth,0,0,0,0,0,0,0,0,0,0,0
0.36,80,142,51,161.99999999998727,118,47,35,205,11.01,752.43999999998721,QS,model_assisted_not_ground_truth,0,0,0,0,0,0,0,0,0,0,0
0.37,79.000000000011823,142,51.999999999988177,161.00000000001182,120.99999999996453,47,35,205.99999999998818,11.079999999999172,763.42999999987001,QS,model_assisted_not_ground_truth,0,0,0,0,0,0,0,0,0,0,0
0.38,79,141.00000000001091,51.000000000010914,161,118.00000000003274,47,35,206,11.020000000000655,753.43000000010909,QS,model_assisted_not_ground_truth,0,0,0,0,0,0,0,0,0,0,0
0.39,79,141,51.999999999989996,161,117.00000000001,47,35,206,11.02,753.42999999999995,QS,model_assisted_not_ground_truth,0,0,0,0,0,0,0,0,0,0,0
0.40,79,141,51.000000000009095,160.00000000000909,119.99999999997272,47,35,206,11.015000000000045,751.92000000001372,QS,model_assisted_not_ground_truth,0,0,0,0,0,0,0,0,0,0,0
0.41,79,141,51,160,119.00000000000819,47,35,206,11.010000000000041,750.41000000001236,QS,model_assisted_not_ground_truth,0,0,0,0,0,0,0,0,0,0,0
0.42,79.999999999992724,141,50.000000000007276,160.99999999999272,117.00000000001455,47,35,205.00000000000728,11.019999999999927,751.40999999999269,QS,model_assisted_not_ground_truth,0,0,0,0,0,0,0,0,0,0,0
0.43,79.000000000006366,140.00000000000637,50.999999999993634,161,112.00000000003183,47,35,204.00000000000637,11.029999999999935,752.4099999999936,QS,model_assisted_not_ground_truth,0,0,0,0,0,0,0,0,0,0,0
0.44,80.999999999989086,140,51.999999999994543,161,112.99999999999454,47,35,203.00000000000546,11.010000000000108,749.40000000001635,QS,model_assisted_not_ground_truth,0,0,0,0,0,0,0,0,0,0,0
0.45,79.000000000009095,140.99999999999545,51.000000000004547,160.00000000000455,113,47,35,203.99999999999545,11.029999999999909,754.41999999997711,QS,model_assisted_not_ground_truth,0,0,0,0,0,0,0,0,0,0,0
0.46,78.000000000003638,141,51,160,115.99999999998909,47,35,204,11.020000000000035,753.4200000000036,QS,model_assisted_not_ground_truth,0,0,0,0,0,0,0,0,0,0,0
0.47,79.999999999994543,140.00000000000273,51.999999999997272,160,115.00000000000273,47,35,203.00000000000273,11.024999999999986,753.91999999999859,QS,model_assisted_not_ground_truth,0,0,0,0,0,0,0,0,0,0,0
0.48,80,140,51.000000000001819,160,115,47,35,203,11.02999999999999,754.41999999999905,QS,model_assisted_not_ground_truth,0,0,0,0,0,0,0,0,0,0,0
0.49,79.000000000000909,140,51,160,115,47,35,203.99999999999909,11.059999999999974,754.41999999999996,QS,model_assisted_not_ground_truth,0,0,0,0,0,0,0,0,0,0,0
0.50,80,140,51,160,115,47,35,203,11.06,753.41999999999996,QS,model_assisted_not_ground_truth,0,0,0,0,0,0,0,0,0,0,0
0.51,78,139.99999999999909,51,160,114.99999999999727,47,34.999999999999091,202,11.060000000000009,754.42999999999995,QS,model_assisted_not_ground_truth,0,0,0,0,0,0,0,0,0,0,0
0.52,78,138.99999999999818,50.999999999998181,159.99999999999818,112,47,34.000000000001819,201.99999999999636,11.069999999999983,754.43000000000723,QS,model_assisted_not_ground_truth,0,0,0,0,0,0,0,0,0,0,0
0.53,78,137.99999999999454,50.000000000005464,159,112.00000000000273,47,35,200.00000000000273,11.060000000000027,758.42999999999722,QS,model_assisted_not_ground_truth,0,0,0,0,0,0,0,0,0,0,0
0.54,78,136.0000000000382,51.999999999961808,159,112.9999999999809,47,35,200.9999999999809,11.070000000000018,757.42999999999631,QS,model_assisted_not_ground_truth,0,0,0,0,0,0,0,0,0,0,0
0.55,78.99999999998181,135.00000000001819,50.000000000036373,158.00000000001819,110.00000000005456,47,35,199.00000000003638,11.075000000000022,756.42499999999541,QS,model_assisted_not_ground_truth,0,0,0,0,0,0,0,0,0,0,0
0.56,79,135,50.999999999982727,157.00000000001728,112.99999999994817,47,35,199.99999999998272,11.08,755.42000000001099,QS,model_assisted_not_ground_truth,0,0,0,0,0,0,0,0,0,0,0
0.57,77.000000000032728,134.00000000001637,50.000000000016364,156.00000000001637,113,47,35,197.00000000004908,11.08,757.43000000000632,QS,model_assisted_not_ground_truth,0,0,0,0,0,0,0,0,0,0,0
0.58,76.000000000015461,134,50,156,113,47,35,196.00000000001546,11.08,758.42999999998449,QS,model_assisted_not_ground_truth,0,0,0,0,0,0,0,0,0,0,0
0.59,75.000000000014552,133.00000000001455,50.999999999985448,156,109.00000000005822,47,35,196,11.08,758.42999999999995,QS,model_assisted_not_ground_truth,0,0,0,0,0,0,0,0,0,0,0
0.60,75,133.99999999998636,51,156,109,47,34.000000000013642,196.99999999998636,11.08,759.42999999998631,QS,model_assisted_not_ground_truth,0,0,0,0,0,0,0,0,0,0,0
0.61,75,134,50.000000000012733,156,108.00000000001273,47,34.999999999987267,197.99999999998727,11.089999999999872,759.42999999999995,QS,model_assisted_not_ground_truth,0,0,0,0,0,0,0,0,0,0,0
0.62,74.000000000011823,133.00000000001182,50,156,110.99999999996453,47,35,198,11.085000000000059,758.43000000001177,QS,model_assisted_not_ground_truth,0,0,0,0,0,0,0,0,0,0,0
0.63,74,133.99999999998909,50,155.00000000001091,109.00000000002183,47,35,197.00000000001091,11.080000000000055,757.43000000001086,QS,model_assisted_not_ground_truth,0,0,0,0,0,0,0,0,0,0,0
0.64,73.000000000010004,133.00000000001,49.000000000010004,155.99999999999,108.00000000001,47,35,197,11.0899999999999,758.41999999999007,QS,model_assisted_not_ground_truth,0,0,0,0,0,0,0,0,0,0,0
0.65,73.999999999990905,133,49,156,108,47,34.000000000009095,197,11.09,759.42999999999074,QS,model_assisted_not_ground_truth,0,0,0,0,0,0,0,0,0,0,0
0.66,73.000000000008185,133,49,155.00000000000819,110.99999999997546,47,34.999999999991815,197,11.09,760.42999999999176,QS,model_assisted_not_ground_truth,0,0,0,0,0,0,0,0,0,0,0
0.67,72.000000000007276,130.00000000002183,50.999999999985455,155,107.00000000002909,47,35,197,11.099999999999927,759.41000000000736,QS,model_assisted_not_ground_truth,0,0,0,0,0,0,0,0,0,0,0
0.68,72.999999999993634,130,49.000000000012726,155.99999999999363,109.99999999998091,47,34.000000000006359,197,11.109999999999935,761.40999999998724,QS,model_assisted_not_ground_truth,0,0,0,0,0,0,0,0,0,0,0
0.69,72.000000000005457,130.99999999999454,50.9999999999891,155.00000000000546,109.00000000000546,47,34.99999999999455,197,11.109999999999999,760.9100000000027,QS,model_assisted_not_ground_truth,0,0,0,0,0,0,0,0,0,0,0
0.70,70.000000000009081,131,50.00000000000454,155,108.00000000000455,47,35,198.99999999999091,11.109999999999999,760.41000000000224,QS,model_assisted_not_ground_truth,0,0,0,0,0,0,0,0,0,0,0
0.71,70.999999999996362,131.99999999999636,49.000000000003638,155.99999999999636,109.99999999999272,47,35,198.00000000000364,11.090000000000073,759.4200000000036,QS,model_assisted_not_ground_truth,0,0,0,0,0,0,0,0,0,0,0
0.72,71,130.00000000000546,49,156,109.00000000000273,47,35,198,11.109999999999944,761.4199999999945,QS,model_assisted_not_ground_truth,0,0,0,0,0,0,0,0,0,0,0
0.73,71,132.99999999999454,49,156,109.99999999999818,47,34.000000000001819,197.00000000000182,11.070000000000073,757.43000000000723,QS,model_assisted_not_ground_truth,0,0,0,0,0,0,0,0,0,0,0
0.74,70.000000000000909,133,49,155.00000000000091,110,47,34.999999999999091,198.99999999999818,11.109999999999964,761.41999999999632,QS,model_assisted_not_ground_truth,0,0,0,0,0,0,0,0,0,0,0
0.75,70,133,49,156,110,47,34,199,11.08,760.42999999999995,QS,model_assisted_not_ground_truth,0,0,0,0,0,0,0,0,0,0,0
0.76,70,131,50,154.00000000000045,108.99999999999909,47,35,198,11.08,759.42000000000041,QS,model_assisted_not_ground_truth,0,0,0,0,0,0,0,0,0,0,0
0.77,70,131,50,154.50000000000091,107.99999999999818,47,35,198,11.08,759.92500000000086,QS,model_assisted_not_ground_truth,0,0,0,0,0,0,0,0,0,0,0
0.78,70.000000000002728,130.99999999999454,49.999999999997272,155,106.99999999999727,47,35,198,11.079999999999973,760.43000000000268,QS,model_assisted_not_ground_truth,0,0,0,0,0,0,0,0,0,0,0
0.79,70.999999999980901,129.0000000000382,49.000000000019099,155,106.0000000000191,47,35,198,11.07,761.43000000001086,QS,model_assisted_not_ground_truth,0,0,0,0,0,0,0,0,0,0,0
0.80,70.00000000001819,130.99999999996362,49,155,106,47,35,198.99999999998181,11.070000000000046,764.42999999999995,QS,model_assisted_not_ground_truth,0,0,0,0,0,0,0,0,0,0,0
0.81,70,131,49.49999999999136,155,108.49999999995681,47,35,198.50000000000864,11.079999999999945,764.42999999999449,QS,model_assisted_not_ground_truth,0,0,0,0,0,0,0,0,0,0,0
0.82,70,131,49.999999999991815,155,110.99999999995909,47,35,198.00000000000819,11.069999999999936,763.4300000000128,QS,model_assisted_not_ground_truth,0,0,0,0,0,0,0,0,0,0,0
0.83,70.999999999984539,129.00000000003092,49.000000000015454,155,112.99999999996909,47,34.000000000015454,198,11.060000000000155,765.43999999996902,QS,model_assisted_not_ground_truth,0,0,0,0,0,0,0,0,0,0,0
0.84,71,129.99999999998545,49.999999999985448,154.00000000001455,112.00000000001455,47,34.999999999985448,197.00000000001455,11.06,765.44000000000005,QS,model_assisted_not_ground_truth,0,0,0,0,0,0,0,0,0,0,0
0.85,70.000000000013642,131.99999999997272,50,154.99999999998636,110.00000000002728,47,35,196.00000000001364,11.050000000000136,764.93500000000688,QS,model_assisted_not_ground_truth,0,0,0,0,0,0,0,0,0,0,0
0.86,70.999999999987267,131.00000000001273,50,155,110,47,35,196.99999999998727,11.040000000000127,764.43000000000643,QS,model_assisted_not_ground_truth,0,0,0,0,0,0,0,0,0,0,0
0.87,70.000000000011823,131.99999999998818,50,155,110,47,35,197.99999999998818,11.049999999999882,766.43999999997629,QS,model_assisted_not_ground_truth,0,0,0,0,0,0,0,0,0,0,0
0.88,70,130.00000000002183,49.000000000010914,154.00000000001091,110.99999999998909,47,35,198,11.069999999999782,766.40000000000043,QS,model_assisted_not_ground_truth,0,0,0,0,0,0,0,0,0,0,0
0.89,70,130.99999999999,49,153.00000000001,111.99999999999,47,35,197.00000000001,11.079999999999901,764.38000000002023,QS,model_assisted_not_ground_truth,0,0,0,0,0,0,0,0,0,0,0
0.90,70,130.00000000000909,49.999999999990905,153,110.00000000001819,47,35,196.00000000000909,11.060000000000182,769.3899999999544,QS,model_assisted_not_ground_truth,0,0,0,0,0,0,0,0,0,0,0
0.91,70,130.99999999999181,49.000000000008185,153,109.00000000000819,47,35,196.99999999999181,11.06,769.38999999999999,QS,model_assisted_not_ground_truth,0,0,0,0,0,0,0,0,0,0,0
0.92,70,130.00000000000728,49,153,109.99999999999272,47,35,196.00000000000728,11.069999999999927,768.39000000000726,QS,model_assisted_not_ground_truth,0,0,0,0,0,0,0,0,0,0,0
0.93,70,130,49,152.00000000000637,110.99999999999363,47,35,195.00000000000637,11.065000000000031,768.8949999999968,QS,model_assisted_not_ground_truth,0,0,0,0,0,0,0,0,0,0,0
0.94,70.999999999994543,129.00000000000546,49,151.00000000000546,111,47,35,194.00000000000546,11.060000000000027,769.39999999999725,QS,model_assisted_not_ground_truth,0,0,0,0,0,0,0,0,0,0,0
0.95,71,128.00000000000455,49,150.00000000000455,108.00000000001363,47,35,193.00000000000455,11.04000000000009,772.39999999998633,QS,model_assisted_not_ground_truth,0,0,0,0,0,0,0,0,0,0,0
0.96,70.000000000003638,128,49,150.99999999999636,107.00000000000364,47,35,192.00000000000364,11.030000000000037,771.40000000000362,QS,model_assisted_not_ground_truth,0,0,0,0,0,0,0,0,0,0,0
0.97,70,127.00000000000273,49,151,107,47,35,192.99999999999727,11.029999999999999,769.40000000000543,QS,model_assisted_not_ground_truth,0,0,0,0,0,0,0,0,0,0,0
0.98,69.000000000001819,127,49,151,106.00000000000182,47,35,190.00000000000546,11.020000000000017,771.40999999999633,QS,model_assisted_not_ground_truth,0,0,0,0,0,0,0,0,0,0,0
0.99,69,127,48.000000000000909,151,106,46.000000000000909,35,189.00000000000091,11.02,771.90499999999952,QS,model_assisted_not_ground_truth,0,0,0,0,0,0,0,0,0,0,0
1.00,70,126,50,151,105,47,35,188,11.02,772.39999999999998,QS,model_assisted_not_ground_truth,0,0,0,0,0,0,0,0,0,0,0
1.01,69.000000000000909,126,49,151,101.00000000000455,47,35,191.00000000000091,11.009999999999991,771.41000000000088,QS,model_assisted_not_ground_truth,0,0,0,0,0,0,0,0,0,0,0
1.02,70,125.99999999999818,49,151,105.99999999999818,47,34.999999999998181,192,11,772.41000000000179,QS,model_assisted_not_ground_truth,0,0,0,0,0,0,0,0,0,0,0
1.03,70,125.00000000000273,49,151.00000000000273,105.00000000000273,47,34,192,11.000000000000055,773.40999999999724,QS,model_assisted_not_ground_truth,0,0,0,0,0,0,0,0,0,0,0
1.04,70,125.9999999999809,49,151.9999999999809,105.9999999999809,47,34,192,11.019999999999927,772.40999999999997,QS,model_assisted_not_ground_truth,0,0,0,0,0,0,0,0,0,0,0
1.05,70,127.99999999996363,49,151.00000000001819,106,47,34.999999999981817,192.99999999998181,11,772.40999999999542,QS,model_assisted_not_ground_truth,0,0,0,0,0,0,0,0,0,0,0
1.06,69.00000000001728,128,49.999999999982727,151.99999999998272,106.99999999998272,47,35,193,10.999999999999973,771.41999999999996,QS,model_assisted_not_ground_truth,0,0,0,0,0,0,0,0,0,0,0
1.07,69.999999999983629,127.00000000001637,49.000000000016364,152,107,46.000000000016364,35,193.99999999998363,10.995000000000026,771.41999999999996,QS,model_assisted_not_ground_truth,0,0,0,0,0,0,0,0,0,0,0
1.08,70,127,49,152,106.00000000001546,46.999999999984546,35,193.00000000001546,10.990000000000077,771.41999999999996,QS,model_assisted_not_ground_truth,0,0,0,0,0,0,0,0,0,0,0
1.09,69.000000000014538,127,49,152,106,47,35,193,10.99,771.41999999999996,QS,model_assisted_not_ground_truth,0,0,0,0,0,0,0,0,0,0,0
1.10,69.999999999986372,127.99999999998637,49,152,106.99999999998637,47,35,192.00000000001364,10.980000000000137,772.41999999998632,QS,model_assisted_not_ground_truth,0,0,0,0,0,0,0,0,0,0,0
1.11,69.000000000012719,127.00000000001272,50.999999999974555,152,106.00000000001272,47,35,192.99999999998727,11.009999999999618,768.38000000005138,QS,model_assisted_not_ground_truth,0,0,0,0,0,0,0,0,0,0,0
1.12,69,127.99999999998819,50.000000000011809,151.00000000001182,106.99999999998819,47,33.000000000023626,194.99999999997638,11.01,766.36000000002389,QS,model_assisted_not_ground_truth,0,0,0,0,0,0,0,0,0,0,0
1.13,69.9999999999891,128,49.0000000000109,151,106.0000000000109,47,34.999999999978193,195,11.000000000000108,765.3700000000108,QS,model_assisted_not_ground_truth,0,0,0,0,0,0,0,0,0,0,0
1.14,69.00000000000999,129.99999999998002,50.99999999998002,151.99999999999,106.99999999999001,47,35,194.00000000001,10.9900000000001,765.37999999999988,QS,model_assisted_not_ground_truth,0,0,0,0,0,0,0,0,0,0,0
1.15,69.999999999990919,130,49.000000000018161,152,107.99999999999092,46.000000000009081,35,195.99999999998184,10.999999999999909,765.86999999999557,QS,model_assisted_not_ground_truth,0,0,0,0,0,0,0,0,0,0,0
1.16,69.0000000000082,129.00000000000819,49,152,108,46.999999999991807,35,196,11.009999999999918,766.35999999999603,QS,model_assisted_not_ground_truth,0,0,0,0,0,0,0,0,0,0,0
1.17,69,128.00000000000728,49,152,107.00000000000728,47,35,196.99999999999272,11.01,765.36000000000729,QS,model_assisted_not_ground_truth,0,0,0,0,0,0,0,0,0,0,0
1.18,69.999999999993634,128.99999999999363,49,152,107,47,35,196.00000000000637,11.01,764.36000000000638,QS,model_assisted_not_ground_truth,0,0,0,0,0,0,0,0,0,0,0
1.19,70,129,50.999999999989072,152.99999999999454,107.99999999999454,47,35,196,11.019999999999945,765.34999999999457,QS,model_assisted_not_ground_truth,0,0,0,0,0,0,0,0,0,0,0
1.20,70.999999999995453,129,49.000000000009102,153,108,47,34.000000000004555,196,11.029999999999953,767.34999999999093,QS,model_assisted_not_ground_truth,0,0,0,0,0,0,0,0,0,0,0
1.21,70.000000000003638,129,50.999999999992717,152.00000000000364,108,47,34.999999999996362,196,11.00000000000011,762.3600000000182,QS,model_assisted_not_ground_truth,0,0,0,0,0,0,0,0,0,0,0
1.22,70,129.99999999999727,50.000000000002728,152.99999999999727,107.00000000000273,47,35,196,11.014999999999958,764.35999999999456,QS,model_assisted_not_ground_truth,0,0,0,0,0,0,0,0,0,0,0
1.23,70,129.00000000000182,50,153,107,47,35,196.99999999999818,11.029999999999973,766.35999999999638,QS,model_assisted_not_ground_truth,0,0,0,0,0,0,0,0,0,0,0
1.24,70,129.99999999999909,49.000000000000909,153,102.00000000000455,47,35,196.00000000000091,11.010000000000018,763.36000000000274,QS,model_assisted_not_ground_truth,0,0,0,0,0,0,0,0,0,0,0
1.25,70,130,49,153,108,47,34,197,11.029999999999999,764.36000000000001,QS,model_assisted_not_ground_truth,0,0,0,0,0,0,0,0,0,0,0
1.26,69.999999999999091,129.99999999999818,51,153,107.00000000000091,47,35,197,11.019999999999982,767.3599999999991,QS,model_assisted_not_ground_truth,0,0,0,0,0,0,0,0,0,0,0
1.27,69.000000000001819,128,50.999999999998181,153,107.99999999999818,47,34.999999999998181,197,11.000000000000018,766.36000000000001,QS,model_assisted_not_ground_truth,0,0,0,0,0,0,0,0,0,0,0
1.28,70,128.00000000000273,49.999999999997272,152.99999999999727,107.00000000000273,47,34.000000000002728,197,11.009999999999973,766.36000000000001,QS,model_assisted_not_ground_truth,0,0,0,0,0,0,0,0,0,0,0
1.29,70,128.9999999999809,49.000000000019099,152.0000000000191,107.9999999999809,47,34.999999999980901,197,10.999999999999982,766.35999999999819,QS,model_assisted_not_ground_truth,0,0,0,0,0,0,0,0,0,0,0
1.30,70.99999999998181,128.00000000001819,49.999999999981817,152,103.00000000009092,47,35,197,10.994999999999978,765.85999999999774,QS,model_assisted_not_ground_truth,0,0,0,0,0,0,0,0,0,0,0
1.31,70.00000000001728,128,50.999999999982727,152.99999999998272,106.99999999993091,46.000000000017273,35,197.99999999998272,10.99000000000011,765.36000000000547,QS,model_assisted_not_ground_truth,0,0,0,0,0,0,0,0,0,0,0
1.32,70,128.99999999998363,50.000000000016364,152.00000000001637,107,46.999999999983636,35,197.00000000001637,11.009999999999936,766.36000000000649,QS,model_assisted_not_ground_truth,0,0,0,0,0,0,0,0,0,0,0
1.33,70,129.99999999998454,50,152,108.99999999996909,47,35,197.99999999998454,11.000000000000155,767.37999999998419,QS,model_assisted_not_ground_truth,0,0,0,0,0,0,0,0,0,0,0
1.34,70,129.00000000001455,50,152,108.00000000001454,47,35,197.00000000001455,11,766.37000000001467,QS,model_assisted_not_ground_truth,0,0,0,0,0,0,0,0,0,0,0
1.35,70.999999999986372,129,49.000000000013635,152,108.99999999998637,47,34.000000000013635,198.99999999997274,11.009999999999863,765.34000000001413,QS,model_assisted_not_ground_truth,0,0,0,0,0,0,0,0,0,0,0
1.36,70.000000000012719,129,49.999999999987274,152,108.00000000001272,47,34,197.00000000002544,11.000000000000128,764.84500000000628,QS,model_assisted_not_ground_truth,0,0,0,0,0,0,0,0,0,0,0
1.37,69.000000000011809,129.99999999998818,49.000000000011809,151.00000000001182,108,47,34.999999999988191,197.99999999998818,10.990000000000119,764.35000000000582,QS,model_assisted_not_ground_truth,0,0,0,0,0,0,0,0,0,0,0
1.38,70.999999999978201,130,49.9999999999891,151.99999999998909,108.9999999999891,47,34.0000000000109,197.00000000001091,10.960000000000328,763.38000000001057,QS,model_assisted_not_ground_truth,0,0,0,0,0,0,0,0,0,0,0
1.39,71,130,49.00000000000999,152.99999999999,108.00000000000999,47,34.99999999999001,197,10.9400000000002,764.39999999998975,QS,model_assisted_not_ground_truth,0,0,0,0,0,0,0,0,0,0,0
1.40,71,130,49,153,108,47,35,197.99999999999091,10.93000000000009,764.41999999999973,QS,model_assisted_not_ground_truth,0,0,0,0,0,0,0,0,0,0,0
1.41,70.0000000000082,130,49.999999999991807,153,108.9999999999918,47,35,197.00000000000819,10.920000000000082,763.43000000000802,QS,model_assisted_not_ground_truth,0,0,0,0,0,0,0,0,0,0,0
1.42,70,129.00000000000728,50,153,108.00000000000728,47,35,198.99999999998545,10.910000000000073,766.41999999997813,QS,model_assisted_not_ground_truth,0,0,0,0,0,0,0,0,0,0,0
1.43,70,128.00000000000637,49.000000000006374,153,108.99999999999363,47,34.000000000006374,199,10.929999999999872,765.41000000000645,QS,model_assisted_not_ground_truth,0,0,0,0,0,0,0,0,0,0,0
1.44,70,129.99999999998909,49,152.00000000000546,109,47,34,199,10.925000000000027,764.42000000000542,QS,model_assisted_not_ground_truth,0,0,0,0,0,0,0,0,0,0,0
1.45,70.999999999995453,130,48.000000000004555,152,109,47,34,197.00000000000909,10.920000000000023,763.4300000000045,QS,model_assisted_not_ground_truth,0,0,0,0,0,0,0,0,0,0,0
1.46,71,130.99999999999636,48,152,109,47,34,197,10.910000000000036,760.44000000001097,QS,model_assisted_not_ground_truth,0,0,0,0,0,0,0,0,0,0,0
1.47,70.000000000002728,130.00000000000273,48.999999999997272,152,109.99999999999727,46.000000000002728,34.999999999997272,197.99999999999727,10.919999999999973,762.4399999999946,QS,model_assisted_not_ground_truth,0,0,0,0,0,0,0,0,0,0,0
1.48,70,130.99999999999818,48.000000000001819,152,109.00000000000182,46.999999999998181,35,197.00000000000182,10.910000000000018,761.45000000000186,QS,model_assisted_not_ground_truth,0,0,0,0,0,0,0,0,0,0,0
1.49,70,131,48,151.00000000000091,110.99999999999818,47,35,197,10.91,762.44999999999914,QS,model_assisted_not_ground_truth,0,0,0,0,0,0,0,0,0,0,0
1.50,70,131,49,152,109,47,35,197,10.890000000000001,761.46000000000004,QS,model_assisted_not_ground_truth,0,0,0,0,0,0,0,0,0,0,0
1.51,71,129.00000000000182,49,152,110.99999999999909,47,34.000000000000909,198,10.909999999999982,761.46000000000004,QS,model_assisted_not_ground_truth,0,0,0,0,0,0,0,0,0,0,0
1.52,70.999999999998181,131.00000000000182,49,152,110,47,34.999999999998181,197.99999999999818,10.889999999999974,761.46000000000186,QS,model_assisted_not_ground_truth,0,0,0,0,0,0,0,0,0,0,0
1.53,70.000000000002728,132,49,152,110.00000000000273,46.999999999997272,34.000000000002728,197.00000000000273,10.874999999999959,762.46500000000276,QS,model_assisted_not_ground_truth,0,0,0,0,0,0,0,0,0,0,0
1.54,70.999999999980901,132,49,152,110.9999999999809,46.000000000019099,34.999999999980901,197.9999999999809,10.860000000000037,763.47000000000003,QS,model_assisted_not_ground_truth,0,0,0,0,0,0,0,0,0,0,0
1.55,70.00000000001819,132,50.999999999963627,152,110.00000000001819,46.999999999981817,35,198,10.869999999999999,763.46000000000447,QS,model_assisted_not_ground_truth,0,0,0,0,0,0,0,0,0,0,0
1.56,70,132,49.000000000034547,152,110.99999999998272,47,35,198,10.869999999999889,764.42999999998904,QS,model_assisted_not_ground_truth,0,0,0,0,0,0,0,0,0,0,0
1.57,70,132,49,152,111,47,35,198.99999999998363,10.850000000000064,762.4400000000129,QS,model_assisted_not_ground_truth,0,0,0,0,0,0,0,0,0,0,0
1.58,70,131.00000000001546,49,152.99999999998454,111,47,34.000000000015454,198.00000000001546,10.859999999999845,764.44999999996901,QS,model_assisted_not_ground_truth,0,0,0,0,0,0,0,0,0,0,0
1.59,70,131.99999999998545,49,153,111,47,34,198.99999999998545,10.859999999999999,764.44000000000017,QS,model_assisted_not_ground_truth,0,0,0,0,0,0,0,0,0,0,0
1.60,70,128.00000000005454,49.999999999986365,152.00000000001364,111,47,34.999999999986365,199,10.859999999999999,764.43000000000006,QS,model_assisted_not_ground_truth,0,0,0,0,0,0,0,0,0,0,0
1.61,69.000000000012719,130.99999999996183,50,152,111.99999999998728,47,35,197.00000000002544,10.830000000000382,765.44999999998709,QS,model_assisted_not_ground_truth,0,0,0,0,0,0,0,0,0,0,0
1.62,69,130.00000000001182,50,152.99999999998818,112,46.000000000011809,35,197.99999999998818,10.810000000000237,764.46000000001175,QS,model_assisted_not_ground_truth,0,0,0,0,0,0,0,0,0,0,0
1.63,69,130.99999999998909,49.0000000000109,152.00000000001091,112.9999999999891,46.9999999999891,35,198,10.819999999999892,765.45999999998912,QS,model_assisted_not_ground_truth,0,0,0,0,0,0,0,0,0,0,0
1.64,69.99999999999001,131,49,152.99999999999,112.00000000000999,47,35,198,10.82,765.46000000000004,QS,model_assisted_not_ground_truth,0,0,0,0,0,0,0,0,0,0,0
1.65,70,131,49.999999999990919,152.00000000000909,112,47,35,198.99999999999091,10.810000000000091,763.45000000001835,QS,model_assisted_not_ground_truth,0,0,0,0,0,0,0,0,0,0,0
1.66,70,130.00000000000819,50.999999999991829,152.99999999999181,112.99999999999183,47,35,198.00000000000819,10.819999999999919,765.45999999998367,QS,model_assisted_not_ground_truth,0,0,0,0,0,0,0,0,0,0,0
1.67,70,130,51,153,112.00000000000728,47,34.000000000007283,198.99999999999272,10.815000000000037,766.45999999999276,QS,model_assisted_not_ground_truth,0,0,0,0,0,0,0,0,0,0,0
1.68,70,130,51,153,112,47,34.999999999993626,197.00000000001273,10.810000000000032,767.45999999999367,QS,model_assisted_not_ground_truth,0,0,0,0,0,0,0,0,0,0,0
1.69,70,128.00000000001091,51,153,112,47,35,196.00000000000546,10.81,767.46000000000004,QS,model_assisted_not_ground_truth,0,0,0,0,0,0,0,0,0,0,0
1.70,70,128,51,153,113.99999999999089,47,35,196.99999999999545,10.829999999999909,766.46000000000458,QS,model_assisted_not_ground_truth,0,0,0,0,0,0,0,0,0,0,0
1.71,70.999999999996362,127.00000000000364,51,153,112.00000000000728,47,35,195.00000000000728,10.810000000000073,764.46000000000731,QS,model_assisted_not_ground_truth,0,0,0,0,0,0,0,0,0,0,0
1.72,70.000000000002728,128.99999999999454,49.000000000005464,153,112.99999999999727,47,35,194.00000000000273,10.81,766.45999999999458,QS,model_assisted_not_ground_truth,0,0,0,0,0,0,0,0,0,0,0
1.73,70,128.00000000000182,49.999999999998181,152.00000000000182,113.99999999999818,47,35,194,10.819999999999983,766.47000000000003,QS,model_assisted_not_ground_truth,0,0,0,0,0,0,0,0,0,0,0
1.74,70,128,50.999999999999091,152.99999999999909,114,47,34.000000000000909,194,10.805000000000014,764.9600000000014,QS,model_assisted_not_ground_truth,0,0,0,0,0,0,0,0,0,0,0
1.75,71,129,50,153,113,47,34,194,10.789999999999999,763.45000000000005,QS,model_assisted_not_ground_truth,0,0,0,0,0,0,0,0,0,0,0
1.76,70,127,50.000000000000909,153,113.99999999999909,47,35,192.99999999999909,10.81,765.44999999999914,QS,model_assisted_not_ground_truth,0,0,0,0,0,0,0,0,0,0,0
1.77,70.000000000001819,127,50.999999999996355,153,112.99999999999818,46.999999999998181,35,192,10.809999999999983,764.46000000000004,QS,model_assisted_not_ground_truth,0,0,0,0,0,0,0,0,0,0,0
1.78,70.999999999997272,126.99999999999727,49.000000000002728,153,112,46.000000000002728,35,191.99999999999727,10.800000000000056,764.47000000000003,QS,model_assisted_not_ground_truth,0,0,0,0,0,0,0,0,0,0,0
1.79,70.000000000019099,126.0000000000191,49.999999999980901,153,112,46.999999999980901,35,191.0000000000191,10.819999999999963,764.47000000000367,QS,model_assisted_not_ground_truth,0,0,0,0,0,0,0,0,0,0,0
1.80,70,125.00000000001819,50,152.00000000001819,110.00000000003637,47,35,190.00000000001819,10.810000000000047,765.47000000000003,QS,model_assisted_not_ground_truth,0,0,0,0,0,0,0,0,0,0,0
1.81,70,124.00000000001728,50,152,109.00000000001728,47,35,190,10.82,765.46000000000276,QS,model_assisted_not_ground_truth,0,0,0,0,0,0,0,0,0,0,0
1.82,70,124,49.000000000016364,152,109.99999999998363,47,35,190,10.82,765.95999999999754,QS,model_assisted_not_ground_truth,0,0,0,0,0,0,0,0,0,0,0
1.83,70.999999999984539,125.99999999996909,49.999999999984546,152,110,47,34.000000000015454,190.99999999998454,10.82,766.45999999999231,QS,model_assisted_not_ground_truth,0,0,0,0,0,0,0,0,0,0,0
1.84,70.000000000014538,125.00000000001454,50.999999999985455,151.00000000001455,110,47,34.999999999985455,190.00000000001455,10.82,764.47000000002902,QS,model_assisted_not_ground_truth,0,0,0,0,0,0,0,0,0,0,0
1.85,70,125,51,151.99999999998636,110,47,35,190,10.839999999999726,763.47000000001367,QS,model_assisted_not_ground_truth,0,0,0,0,0,0,0,0,0,0,0
1.86,69.000000000012719,122.00000000003817,51,152,109.00000000001272,46.000000000012726,35,189.00000000001273,10.830000000000128,765.46999999997456,QS,model_assisted_not_ground_truth,0,0,0,0,0,0,0,0,0,0,0
1.87,70.999999999976382,122.99999999998819,50.000000000011809,152,109,46.999999999988191,35,189,10.849999999999763,767.4599999999765,QS,model_assisted_not_ground_truth,0,0,0,0,0,0,0,0,0,0,0
1.88,70.0000000000109,124.9999999999782,49.0000000000109,152,109.9999999999891,47,35,189,10.85,765.47000000002174,QS,model_assisted_not_ground_truth,0,0,0,0,0,0,0,0,0,0,0
1.89,70,125,50.99999999998002,152.99999999999,110,47,35,189,10.869999999999798,766.46999999999002,QS,model_assisted_not_ground_truth,0,0,0,0,0,0,0,0,0,0,0
1.90,70,125,50.000000000009081,152.00000000000909,110,47,35,187.00000000001816,10.855000000000135,765.97000000000457,QS,model_assisted_not_ground_truth,0,0,0,0,0,0,0,0,0,0,0
1.91,70,125.99999999999183,50.999999999991829,152.99999999999181,110.99999999999183,47,33.000000000016342,188.99999999998366,10.840000000000122,765.47000000000412,QS,model_assisted_not_ground_truth,0,0,0,0,0,0,0,0,0,0,0
1.92,70.999999999992724,126,50.000000000007283,152.00000000000728,114.99999999997087,47,34.999999999985434,189,10.84,765.47000000000003,QS,model_assisted_not_ground_truth,0,0,0,0,0,0,0,0,0,0,0
1.93,70.000000000006366,126,50,152.99999999999363,114.00000000000637,47,35,188.00000000000637,10.84,766.46999999999366,QS,model_assisted_not_ground_truth,0,0,0,0,0,0,0,0,0,0,0
1.94,70.999999999994543,125.00000000000546,50,153,113.00000000000546,47,35,188.99999999999454,10.84,765.46000000000561,QS,model_assisted_not_ground_truth,0,0,0,0,0,0,0,0,0,0,0
1.95,71,122.00000000001366,49.000000000004555,153,113,47,35,188.00000000000455,10.869999999999862,767.43999999999107,QS,model_assisted_not_ground_truth,0,0,0,0,0,0,0,0,0,0,0
1.96,71,122.99999999999636,49.999999999996362,153,111.00000000000728,47,35,188.99999999999636,10.855000000000054,765.94000000000551,QS,model_assisted_not_ground_truth,0,0,0,0,0,0,0,0,0,0,0
1.97,71,123.99999999999727,49.000000000002728,153,113.9999999999918,47,35,188.00000000000273,10.840000000000041,764.44000000000415,QS,model_assisted_not_ground_truth,0,0,0,0,0,0,0,0,0,0,0
1.98,70.000000000001819,123.00000000000182,49.999999999998181,153,114.99999999999818,47,35,188.99999999999818,10.859999999999964,766.43999999999642,QS,model_assisted_not_ground_truth,0,0,0,0,0,0,0,0,0,0,0
1.99,70.999999999999091,123,50,152.00000000000091,112.00000000000273,47,35,189.99999999999909,10.86999999999999,767.43999999999915,QS,model_assisted_not_ground_truth,0,0,0,0,0,0,0,0,0,0,0
2.00,70,125,49,152,114,47,35,189,10.85,765.45000000000005,QS,model_assisted_not_ground_truth,0,0,0,0,0,0,0,0,0,0,0
2.01,70.000000000000938,125.00000000000094,49.000000000000931,152,114,47,35,188.00000000000188,10.849999999999991,765.45000000000095,QS,model_assisted_not_ground_truth,0,0,0,0,0,0,0,0,0,0,0
2.02,71,125.99999999999636,50,152,113.99999999999818,47,34.999999999998181,190,10.840000000000018,766.45000000000005,QS,model_assisted_not_ground_truth,0,0,0,0,0,0,0,0,0,0,0
2.03,71,124.00000000000276,50,152,112.9999999999945,47,34,189.99999999999724,10.849999999999985,766.45000000000005,QS,model_assisted_not_ground_truth,0,0,0,0,0,0,0,0,0,0,0
2.04,71,124.9999999999809,50,152,111.0000000000382,47,34,189.0000000000191,10.844999999999981,766.45000000000005,QS,model_assisted_not_ground_truth,0,0,0,0,0,0,0,0,0,0,0
2.05,71,125,49.000000000018204,152,114.99999999992717,47,34.999999999981796,188.00000000001822,10.839999999999909,766.45000000000005,QS,model_assisted_not_ground_truth,0,0,0,0,0,0,0,0,0,0,0
2.06,71,125.99999999998272,49,152,112.00000000005183,47,34.000000000017273,189.99999999996544,10.81999999999989,766.45000000000562,QS,model_assisted_not_ground_truth,0,0,0,0,0,0,0,0,0,0,0
2.07,71,126,49.999999999983615,152,111.00000000001639,46.000000000016385,34.999999999983615,190.9999999999836,10.800000000000065,767.46000000000629,QS,model_assisted_not_ground_truth,0,0,0,0,0,0,0,0,0,0,0
2.08,71,126,50,152,111,46.999999999984546,35,191,10.809999999999846,768.4499999999847,QS,model_assisted_not_ground_truth,0,0,0,0,0,0,0,0,0,0,0
2.09,71,126,49.000000000014566,152,113.9999999999563,47,34.000000000014566,191,10.829999999999709,770.44999999997094,QS,model_assisted_not_ground_truth,0,0,0,0,0,0,0,0,0,0,0
2.10,71,126,49.999999999986365,152,114,47,34.999999999986365,191,10.820000000000137,768.45000000002733,QS,model_assisted_not_ground_truth,0,0,0,0,0,0,0,0,0,0,0
2.11,71,125.00000000001275,49.000000000012747,152,113.00000000001275,47,34.000000000012747,192.99999999997451,10.815000000000063,767.95000000000641,QS,model_assisted_not_ground_truth,0,0,0,0,0,0,0,0,0,0,0
2.12,71,125.99999999998819,49,152,112.00000000001181,47,34.999999999988191,193,10.810000000000059,767.45000000000596,QS,model_assisted_not_ground_truth,0,0,0,0,0,0,0,0,0,0,0
2.13,70.500000000005457,126,49.999999999989072,152,112,47,35,192.50000000000546,10.790000000000218,767.45000000000005,QS,model_assisted_not_ground_truth,0,0,0,0,0,0,0,0,0,0,0
2.14,70.000000000005002,126,50.99999999999001,152,112,47,35,192.000000000005,10.7500000000004,766.46000000000993,QS,model_assisted_not_ground_truth,0,0,0,0,0,0,0,0,0,0,0
2.15,70.499999999995453,126,51,152.49999999999545,112,47,35,192.99999999999091,10.740000000000091,766.46000000000004,QS,model_assisted_not_ground_truth,0,0,0,0,0,0,0,0,0,0,0
2.16,70.999999999995907,126,51,152.99999999999591,112,47,35,193.99999999999181,10.720000000000164,766.46000000000004,QS,model_assisted_not_ground_truth,0,0,0,0,0,0,0,0,0,0,0
2.17,71,126.99999999999272,49.000000000014566,153,112.99999999999272,47,35,193.00000000000728,10.729999999999928,767.45999999999276,GI,model_assisted_not_ground_truth,0,0,0,0,0,0,0,0,0,0,0
2.18,70.500000000003169,126.50000000000317,49.499999999996824,153,113,47,35,193.49999999999682,10.73,766.4600000000064,GI,model_assisted_not_ground_truth,0,0,0,0,0,0,0,0,0,0,0
2.19,70.000000000002728,126.00000000000273,49.999999999997272,153,113,47,35,193.99999999999727,10.73,766.46000000000004,GI,model_assisted_not_ground_truth,0,0,0,0,0,0,0,0,0,0,0
2.20,70.999999999995467,126.99999999999547,50,152.00000000000452,113,47,35,194,10.73,766.46000000000004,GI,model_assisted_not_ground_truth,0,0,0,0,0,0,0,0,0,0,0
2.21,70.000000000003638,127.99999999999636,50,153.99999999999272,113,47,35,194,10.720000000000038,767.4599999999964,GI,model_assisted_not_ground_truth,0,0,0,0,0,0,0,0,0,0,0
2.22,70.999999999997286,129.99999999999457,50,154,112.00000000000271,47,35,195.99999999999457,10.690000000000081,766.46000000000276,GI,model_assisted_not_ground_truth,0,0,0,0,0,0,0,0,0,0,0
2.23,71,130,49.000000000001819,154,112.99999999999818,47,35,196,10.680000000000017,765.46000000000186,GI,model_assisted_not_ground_truth,0,0,0,0,0,0,0,0,0,0,0
2.24,70.000000000000881,131.99999999999824,49.999999999999112,154.99999999999912,115.99999999999733,47,35,196,10.689999999999991,767.45999999999822,GI,model_assisted_not_ground_truth,0,0,0,0,0,0,0,0,0,0,0
2.25,70,132,50,154,118,47,35,198,10.67,767.47000000000003,GI,model_assisted_not_ground_truth,0,0,0,0,0,0,0,0,0,0,0
2.26,70,133,50.999999999999069,155,119.0000000000028,47,35,198.00000000000094,10.669999999999986,767.46999999999957,GI,model_assisted_not_ground_truth,0,0,0,0,0,0,0,0,0,0,0
2.27,70.000000000010928,133.00000000000182,50.000000000001819,155.00000000000182,121.99999999999636,47,35,199,10.654999999999973,766.97999999999911,GI,model_assisted_not_ground_truth,0,0,0,0,0,0,0,0,0,0,0
2.28,76,134.00000000000276,50.99999999999725,156,120.0000000000055,47,34.99999999999725,198.99999999999724,10.639999999999972,766.48999999999444,GI,model_assisted_not_ground_truth,0,0,0,0,0,0,0,0,0,0,0
2.29,76,134.9999999999809,50.000000000019099,156,121.9999999999618,47,34.000000000019099,198.0000000000191,10.629999999999855,764.46999999999639,GI,model_assisted_not_ground_truth,0,0,0,0,0,0,0,0,0,0,0
2.30,78.999999999945516,136.99999999996368,50,157.99999999996368,130.99999999983652,47,34.999999999981839,198,10.589999999999907,763.48000000000457,GI,model_assisted_not_ground_truth,0,0,0,0,0,0,0,0,0,0,0
2.31,80.999999999965453,140.99999999993091,53.9999999999309,161.99999999993091,131,47,35,197.00000000001728,10.57,764.48000000000002,GI,model_assisted_not_ground_truth,0,0,0,0,0,0,0,0,0,0,0
2.32,81.999999999983615,142.99999999996723,54,164.99999999995083,132.99999999996723,47,35,198.99999999996723,10.569999999999746,764.47999999999365,GI,model_assisted_not_ground_truth,0,0,0,0,0,0,0,0,0,0,0
2.33,82,144.99999999996908,56.999999999953637,171.99999999989183,134.99999999996908,47,38.999999999938183,199,10.530000000000618,763.48000000001548,GI,model_assisted_not_ground_truth,0,0,0,0,0,0,0,0,0,0,0
2.34,82.999999999985434,145.99999999998545,60.999999999941735,175.99999999994174,138.99999999994174,47,39.999999999985434,200.99999999997087,10.515000000000217,763.4849999999999,GI,model_assisted_not_ground_truth,0,0,0,0,0,0,0,0,0,0,0
2.35,86.999999999945459,147.99999999997274,63.999999999959101,177.99999999997274,141.9999999999591,46.000000000013635,40,202.99999999997274,10.500000000000204,763.4899999999999,GI,model_assisted_not_ground_truth,0,0,0,0,0,0,0,0,0,0,0
2.36,88.999999999974506,151.99999999994901,68.999999999936279,182.99999999993628,136.00000000007648,46.999999999987253,40.999999999987253,203,10.470000000000383,762.49000000001274,GI,model_assisted_not_ground_truth,0,0,0,0,0,0,0,0,0,0,0
2.37,89.999999999988191,155.99999999995276,69.999999999988191,186.99999999995276,138.99999999996456,47,48.999999999905498,203,10.410000000000709,762.49999999999989,GI,model_assisted_not_ground_truth,0,0,0,0,0,0,0,0,0,0,0
2.38,93.999999999956302,157.99999999997814,72.99999999996723,188.99999999997814,147.99999999990169,47,50.999999999978151,205.99999999996723,10.280000000001419,739.51000000025113,GI,model_assisted_not_ground_truth,0,0,0,0,0,0,0,0,0,0,0
2.39,94,160.99999999997002,79.999999999930054,191.99999999997002,148,47.99999999999001,52.99999999998002,208.99999999997002,10.200000000000799,741.50999999997998,GI,model_assisted_not_ground_truth,0,0,0,0,0,0,0,0,0,0,0
2.40,95.999999999981796,163.99999999997269,80.999999999990891,196.99999999995447,155.99999999992718,49.999999999981796,55.999999999972687,212.99999999996359,9.970000000002095,720.54000000019084,GI,model_assisted_not_ground_truth,0,0,0,0,0,0,0,0,0,0,0
2.41,96,164.99999999999181,81,197.99999999999181,165.99999999991829,51.999999999983658,66.999999999910116,212.00000000000819,10.039999999999427,739.51999999984491,GI,model_assisted_not_ground_truth,0,0,0,0,0,0,0,0,0,0,0
2.42,96.999999999992724,165.99999999999272,80.000000000007276,197.00000000000728,172.99999999994901,52,68.999999999985434,212.99999999999272,10.015000000000182,742.02499999998179,GI,model_assisted_not_ground_truth,0,0,0,0,0,0,0,0,0,0,0
2.43,97,167.9999999999873,80,197.99999999999366,173.99999999999366,52.999999999993648,68.000000000006352,214.9999999999873,9.9900000000001583,744.52999999998406,GI,model_assisted_not_ground_truth,0,0,0,0,0,0,0,0,0,0,0
2.44,97.999999999994543,168,81.999999999989072,198,180.99999999996177,53.999999999994536,71.999999999978144,213.00000000001091,9.9200000000003818,744.53999999999996,GI,model_assisted_not_ground_truth,0,0,0,0,0,0,0,0,0,0,0
2.45,96.000000000009067,168.99999999999548,82,200.99999999998641,180.00000000000452,54,73.999999999990933,215.99999999998641,9.8700000000002248,746.53999999999087,GI,model_assisted_not_ground_truth,0,0,0,0,0,0,0,0,0,0,0
2.46,96.999999999996362,168.00000000000364,81.000000000003638,201,180,53.000000000003638,76.999999999989072,213.00000000001091,9.8300000000001457,747.54999999999632,GI,model_assisted_not_ground_truth,0,0,0,0,0,0,0,0,0,0,0
2.47,96.000000000002714,168,83.999999999991871,203.99999999999187,180,53,82.999999999983743,216.99999999998917,9.7500000000002167,748.5799999999972,GI,model_assisted_not_ground_truth,0,0,0,0,0,0,0,0,0,0,0
2.48,94.000000000003638,169.99999999999636,83.000000000001819,204,180.99999999999818,50.000000000005464,76.000000000012747,215.00000000000364,9.730000000000036,752.56999999999277,GI,model_assisted_not_ground_truth,0,0,0,0,0,0,0,0,0,0,0
2.49,93.000000000000881,170,82.000000000000881,204,182.99999999999824,50,82.999999999993776,214.00000000000088,9.6400000000000805,743.07500000000846,GI,model_assisted_not_ground_truth,0,0,0,0,0,0,0,0,0,0,0
2.50,92,167,83,206,184,50,84,206,9.5500000000000007,733.58000000000004,GI,model_assisted_not_ground_truth,0,0,0,0,0,0,0,0,0,0,0
2.51,91.999999999996263,169.00000000000279,83,207,184,48.999999999999069,77.000000000005599,207.99999999999812,9.5099999999999714,734.59000000000185,GI,model_assisted_not_ground_truth,0,0,0,0,0,0,0,0,0,0,0
2.52,87.999999999998181,171.99999999999818,83,207,184,48.000000000001819,82.999999999985434,205.99999999999636,9.4799999999999631,736.59000000000003,GI,model_assisted_not_ground_truth,0,0,0,0,0,0,0,0,0,0,0
2.53,86.999999999997243,171,83.000000000002757,207,183.99999999999724,48.999999999994493,75.000000000016513,203.999999999989,9.4599999999999724,736.60000000000002,GI,model_assisted_not_ground_truth,0,0,0,0,0,0,0,0,0,0,0
2.54,86.000000000019099,171,83.999999999980901,207,183.0000000000191,47.000000000038192,80.999999999885432,200.0000000000764,9.4499999999999265,736.60000000001094,GI,model_assisted_not_ground_truth,0,0,0,0,0,0,0,0,0,0,0
2.55,86,171,84,208.99999999996368,182.00000000001816,46.000000000018161,80.000000000018161,202.99999999994552,9.4299999999999073,739.60000000000002,GI,model_assisted_not_ground_truth,0,0,0,0,0,0,0,0,0,0,0
2.56,86,171,83.00000000001728,208.00000000001728,182.99999999998272,46,76.000000000069093,201.00000000003456,9.4100000000000001,739.60000000000002,GI,model_assisted_not_ground_truth,0,0,0,0,0,0,0,0,0,0,0
2.57,86,171,83,206.00000000003277,182.0000000000164,46,80.99999999991806,202.99999999996723,9.4100000000000001,739.60000000000002,GI,model_assisted_not_ground_truth,0,0,0,0,0,0,0,0,0,0,0
2.58,86.999999999984539,171,81.000000000030909,206,182,46,78.000000000046356,202.00000000001546,9.4100000000000001,739.60000000000002,GI,model_assisted_not_ground_truth,0,0,0,0,0,0,0,0,0,0,0
2.59,87,171,79.000000000029132,204.00000000002913,182,46.999999999985434,77.000000000014566,204.99999999995629,9.4100000000000001,738.60000000001457,GI,model_assisted_not_ground_truth,0,0,0,0,0,0,0,0,0,0,0
2.60,87,171,79,202.00000000002726,182,46.000000000013635,77.999999999986372,203.00000000002726,9.4199999999998631,736.60000000002731,GI,model_assisted_not_ground_truth,0,0,0,0,0,0,0,0,0,0,0
2.61,87.999999999987253,171,79,201.00000000001273,182.99999999998727,46,77.000000000012747,201.00000000002549,9.4299999999998718,735.59000000001288,GI,model_assisted_not_ground_truth,0,0,0,0,0,0,0,0,0,0,0
2.62,87.000000000011809,170.00000000001182,79.999999999988191,201,183,46,79.999999999964558,201,9.4200000000001189,733.61000000002343,GI,model_assisted_not_ground_truth,0,0,0,0,0,0,0,0,0,0,0
2.63,87,170.99999999998909,79.000000000010928,200.00000000001091,183,46,79.000000000010928,201,9.4299999999998896,734.59999999998922,GI,model_assisted_not_ground_truth,0,0,0,0,0,0,0,0,0,0,0
2.64,87,169.00000000001998,79.99999999999001,200.99999999999,181.00000000001998,46,77.00000000001998,200.00000000001,9.4399999999999,733.60000000001003,GI,model_assisted_not_ground_truth,0,0,0,0,0,0,0,0,0,0,0
2.65,87,167.00000000001822,79.000000000009109,202.99999999998178,182.99999999998178,46,74.000000000027313,200.99999999999091,9.4399999999999995,733.60000000000002,GI,model_assisted_not_ground_truth,0,0,0,0,0,0,0,0,0,0,0
2.66,87,167.99999999999181,79,202.00000000000819,180.0000000000245,46,72.000000000016342,204.99999999996732,9.4399999999999995,733.60000000000002,GI,model_assisted_not_ground_truth,0,0,0,0,0,0,0,0,0,0,0
2.67,87,168,78.000000000007276,201.00000000000728,180,46,70.000000000014566,205.99999999999272,9.4399999999999995,732.59000000000742,GI,model_assisted_not_ground_truth,0,0,0,0,0,0,0,0,0,0,0
2.68,87,168,78,202.9999999999873,179.00000000000634,46.999999999993648,70,203.00000000001904,9.4399999999999995,732.59000000000003,GI,model_assisted_not_ground_truth,0,0,0,0,0,0,0,0,0,0,0
2.69,87,167.00000000000546,78,203.99999999999454,179,46.000000000005464,71.999999999989072,203.99999999999454,9.4200000000001083,732.60000000000002,GI,model_assisted_not_ground_truth,0,0,0,0,0,0,0,0,0,0,0
2.70,87,167.99999999999548,78,204,178.00000000000452,46,70.000000000009067,202.00000000000907,9.4299999999999535,731.59000000000458,GI,model_assisted_not_ground_truth,0,0,0,0,0,0,0,0,0,0,0
2.71,87,168,77.000000000003638,203.00000000000364,178.99999999999636,46.999999999996362,71.999999999992724,202,9.4200000000000372,731.59000000000003,GI,model_assisted_not_ground_truth,0,0,0,0,0,0,0,0,0,0,0
2.72,87.999999999997286,168,78.999999999994586,202.0000000000027,179,46.000000000002707,71.000000000002714,203.99999999999457,9.4150000000000134,732.09499999999866,GI,model_assisted_not_ground_truth,0,0,0,0,0,0,0,0,0,0,0
2.73,88.999999999998181,167.00000000000182,79,202,178.00000000000182,46,71.999999999998181,204,9.410000000000009,732.59999999999911,GI,model_assisted_not_ground_truth,0,0,0,0,0,0,0,0,0,0,0
2.74,89,168.99999999999824,79.999999999999119,202,178,46.999999999999112,72.999999999999119,203.00000000000088,9.4000000000000092,733.59999999999911,GI,model_assisted_not_ground_truth,0,0,0,0,0,0,0,0,0,0,0
2.75,89,169,80,203,179,46,75,204,9.3900000000000006,734.60000000000002,GI,model_assisted_not_ground_truth,0,0,0,0,0,0,0,0,0,0,0
2.76,89.999999999999062,169,78.000000000000938,203,176.00000000000094,46.000000000000931,76.0000000000028,203.00000000000188,9.3599999999999994,737.61000000000092,GI,model_assisted_not_ground_truth,0,0,0,0,0,0,0,0,0,0,0
2.77,89,169.00000000000182,79.000000000003638,202.99999999999818,176.99999999999818,46.999999999998181,78.999999999994543,205,9.3599999999999444,738.61000000000547,GI,model_assisted_not_ground_truth,0,0,0,0,0,0,0,0,0,0,0
2.78,89,170,81.000000000002757,202.00000000000276,175.99999999999449,46,75.9999999999945,205,9.329999999999945,741.61000000000547,GI,model_assisted_not_ground_truth,0,0,0,0,0,0,0,0,0,0,0
2.79,89,170,81.999999999980901,202.9999999999809,174.0000000000382,46,74.000000000038199,205,9.3099999999998904,743.61000000001093,GI,model_assisted_not_ground_truth,0,0,0,0,0,0,0,0,0,0,0
2.80,89,170,80.000000000036323,202.00000000001816,175.99999999996368,46,73.000000000018161,205,9.2799999999999763,746.62000000000683,GI,model_assisted_not_ground_truth,0,0,0,0,0,0,0,0,0,0,0
2.81,89,170,80,202.99999999998272,175.00000000001728,46,74.999999999965453,206.99999999996544,9.2749999999999719,748.12000000000819,GI,model_assisted_not_ground_truth,0,0,0,0,0,0,0,0,0,0,0
2.82,89,170,78.00000000003277,201.00000000003277,175,46,71.00000000006554,207,9.2699999999997456,749.62000000001922,GI,model_assisted_not_ground_truth,0,0,0,0,0,0,0,0,0,0,0
2.83,89,169.00000000001546,78.999999999984539,200.00000000001546,175.99999999998454,46,73.999999999953644,206.00000000001546,9.2300000000006186,752.64999999995314,GI,model_assisted_not_ground_truth,0,0,0,0,0,0,0,0,0,0,0
2.84,89,170.99999999997087,79.999999999985434,199.00000000001455,178.99999999995629,46,74.999999999985434,206,9.2200000000001463,756.63999999994189,GI,model_assisted_not_ground_truth,0,0,0,0,0,0,0,0,0,0,0
2.85,88.000000000013628,171,79.000000000013628,199,178.00000000001364,46,75,206.99999999998636,9.1800000000005451,760.64999999994529,GI,model_assisted_not_ground_truth,0,0,0,0,0,0,0,0,0,0,0
2.86,88,171,79,199,178.99999999998727,46,74.000000000012747,207,9.1700000000001278,763.6399999999619,GI,model_assisted_not_ground_truth,0,0,0,0,0,0,0,0,0,0,0
2.87,88,170.00000000001182,79.999999999988191,199,181.99999999996456,46,75.999999999976382,208.99999999997638,9.1600000000001174,763.64499999999987,GI,model_assisted_not_ground_truth,0,0,0,0,0,0,0,0,0,0,0
2.88,88.999999999989072,170.99999999998909,82.99999999996723,200.99999999997814,182.99999999998909,46,76,209.99999999998909,9.1500000000001087,763.64999999999998,GI,model_assisted_not_ground_truth,0,0,0,0,0,0,0,0,0,0,0
2.89,89,171.99999999999,83.99999999999001,200.00000000001,184.99999999998002,47.99999999998002,76.99999999999001,210.99999999999,9.1599999999999007,765.63999999998009,GI,model_assisted_not_ground_truth,0,0,0,0,0,0,0,0,0,0,0
2.90,93.999999999954483,172.99999999999091,84.999999999990891,202.99999999997269,189.99999999995447,50.999999999972687,78.999999999981796,211.99999999999091,9.1500000000000909,767.6399999999818,GI,model_assisted_not_ground_truth,0,0,0,0,0,0,0,0,0,0,0
2.91,98.999999999959144,173.99999999999181,84.000000000008171,204.99999999998366,191.99999999998366,53.999999999975486,79.999999999991829,212.99999999999181,9.1300000000001642,768.64999999999168,GI,model_assisted_not_ground_truth,0,0,0,0,0,0,0,0,0,0,0
2.92,101.99999999997814,175.99999999998545,85.999999999985434,206.99999999998545,193.99999999998545,56.999999999978151,82.999999999978144,215.99999999997814,9.1399999999999277,769.6499999999927,GI,model_assisted_not_ground_truth,0,0,0,0,0,0,0,0,0,0,0
2.93,106.99999999996825,176.99999999999366,89.999999999974591,207.99999999999366,196.99999999998096,59.99999999998095,86.999999999974591,214.0000000000127,9.1400000000000006,772.64999999998088,GI,model_assisted_not_ground_truth,0,0,0,0,0,0,0,0,0,0,0
2.94,110.99999999997814,177.99999999999454,93.999999999978144,212.99999999997269,197.99999999999454,60.999999999994536,92.99999999996723,215.99999999998909,9.1499999999999453,771.64000000000556,GI,model_assisted_not_ground_truth,0,0,0,0,0,0,0,0,0,0,0
2.95,113.99999999998641,178,94,216.99999999998187,198,61,94.999999999990933,218.99999999998641,9.159999999999954,771.63999999999999,GI,model_assisted_not_ground_truth,0,0,0,0,0,0,0,0,0,0,0
2.96,116.99999999998907,179.99999999999272,94.999999999996362,215.00000000000728,198,60.000000000003638,94.000000000003638,220.99999999999272,9.1699999999999626,771.63999999999999,GI,model_assisted_not_ground_truth,0,0,0,0,0,0,0,0,0,0,0
2.97,119.99999999999187,180,95,215.9999999999973,198.9999999999973,60.999999999997293,91.000000000008129,220.0000000000027,9.1899999999999444,770.63000000000272,GI,model_assisted_not_ground_truth,0,0,0,0,0,0,0,0,0,0,0
2.98,119.00000000000182,180.99999999999818,95.999999999998181,217.99999999999636,199,62.999999999996362,91.999999999998181,219.00000000000182,9.1999999999999815,766.62000000000728,GI,model_assisted_not_ground_truth,0,0,0,0,0,0,0,0,0,0,0
2.99,119.99999999999912,181,97.499999999998664,220.99999999999733,199.99999999999912,63,92,220.49999999999866,9.2399999999999647,764.62000000000182,GI,model_assisted_not_ground_truth,0,0,0,0,0,0,0,0,0,0,0
3.00,121,181,99,224,201,63,92,222,9.2400000000000002,764.61000000000001,GI,model_assisted_not_ground_truth,0,0,0,0,0,0,0,0,0,0,0
3.01,120.00000000000094,183,101.00000000000094,223.99999999999721,203,63,91.999999999999062,221.99999999999906,9.2700000000000369,759.60999999999444,GI,model_assisted_not_ground_truth,0,0,0,0,0,0,0,0,0,0,0
3.02,120.99999999999818,183,101.99999999999818,220.99999999998909,202.99999999999818,63,91.000000000003638,220.99999999999818,9.3100000000000378,753.60999999999456,GI,model_assisted_not_ground_truth,0,0,0,0,0,0,0,0,0,0,0
3.03,119.9999999999945,183,100.99999999998349,214.99999999998624,201.99999999999449,62.999999999994493,92.999999999991743,220,9.3300000000000551,750.60499999999172,GI,model_assisted_not_ground_truth,0,0,0,0,0,0,0,0,0,0,0
3.04,118.0000000000382,183,95.000000000114568,210.00000000009547,200.0000000000382,61.000000000038192,90.000000000057284,220,9.3500000000003638,747.59999999995989,GI,model_assisted_not_ground_truth,0,0,0,0,0,0,0,0,0,0,0
3.05,114.00000000007265,183,90.000000000090822,195.00000000027245,194.00000000010897,53.000000000145306,82.000000000145306,219.00000000001816,9.4500000000005944,736.57999999992205,GI,model_assisted_not_ground_truth,0,0,0,0,0,0,0,0,0,0,0
3.06,111.00000000005183,183.99999999998272,87.000000000051827,193.00000000003456,188.00000000010365,50.000000000051827,67.000000000259121,212.00000000012093,9.5800000000009842,719.53999999989605,GI,model_assisted_not_ground_truth,0,0,0,0,0,0,0,0,0,0,0
3.07,109.00000000003268,180.00000000006537,85.000000000032685,179.00000000022879,180.00000000013074,46.00000000006537,59.00000000013074,200.00000000019611,9.7600000000020461,700.5099999997758,GI,model_assisted_not_ground_truth,0,0,0,0,0,0,0,0,0,0,0
3.08,103.00000000009273,174.00000000009271,85,165.00000000021635,169.00000000016999,46,46.000000000200906,185.00000000023181,10.079999999995055,665.45000000054188,GI,model_assisted_not_ground_truth,0,0,0,0,0,0,0,0,0,0,0
3.09,90.00000000018936,159.00000000021851,84.000000000014566,161.00000000005826,163.0000000000874,46,40.000000000087397,174.00000000016024,10.479999999994174,604.37000000088972,GI,model_assisted_not_ground_truth,0,0,0,0,0,0,0,0,0,0,0
3.10,88.000000000027271,141.00000000024539,79.000000000068169,154.00000000009544,145.00000000024539,46,39.000000000013635,167.00000000009544,11.26999999998923,538.27000000090118,GI,model_assisted_not_ground_truth,0,0,0,0,0,0,0,0,0,0,0
3.11,87.000000000012747,133.00000000010198,78.000000000012747,156.99999999996177,145,45.000000000012747,38.000000000012747,153.00000000017843,11.699999999994519,513.17500000031987,GI,model_assisted_not_ground_truth,0,0,0,0,0,0,0,0,0,0,0
3.12,87,129.00000000004724,74.000000000047251,151.00000000007088,145,44.000000000011809,38.999999999988191,136.00000000020083,12.129999999994922,488.08000000029642,GI,model_assisted_not_ground_truth,0,0,0,0,0,0,0,0,0,0,0
3.13,95.999999999901675,125.0000000000437,73.000000000010928,148.00000000003277,145,44,39,119.00000000018572,13.259999999987656,435.92000000056981,GI,model_assisted_not_ground_truth,0,0,0,0,0,0,0,0,0,0,0
3.14,115.99999999980017,125,73.99999999999001,147.00000000001,142.00000000002998,44.99999999999001,38.00000000000999,106.0000000001299,13.639999999996203,425.80000000010114,GI,model_assisted_not_ground_truth,0,0,0,0,0,0,0,0,0,0,0
3.15,126.99999999989986,123.0000000000182,68.000000000054627,130.00000000015476,130.00000000010925,43.000000000018204,38,111.99999999994537,13.679999999999636,424.79000000000923,GI,model_assisted_not_ground_truth,0,0,0,0,0,0,0,0,0,0,0
3.16,130.99999999996732,115.00000000006537,69.999999999983658,131.99999999998366,129.00000000000819,43.999999999991829,38,120.99999999992646,13.68,424.79000000000002,GI,model_assisted_not_ground_truth,0,0,0,0,0,0,0,0,0,0,0
3.17,134.99999999997087,106.00000000006554,70.999999999992724,142.99999999991988,127.00000000001457,44,38,129.99999999993446,13.660000000000146,425.78999999999274,GI,model_assisted_not_ground_truth,0,0,0,0,0,0,0,0,0,0,0
3.18,127.0000000000508,100.0000000000381,70.000000000006352,142.00000000000634,124.00000000001906,44,35.00000000001905,136.99999999995555,13.679999999999872,425.78000000000003,GI,model_assisted_not_ground_truth,0,0,0,0,0,0,0,0,0,0,0
3.19,104.00000000012564,107.9999999999563,70,143.99999999998909,116.0000000000437,40.000000000021849,35,137,13.670000000000055,424.78000000000543,SSSW,model_assisted_not_ground_truth,0,0,0,0,0,0,0,0,0,0,0
3.20,90.000000000063409,110.99999999998641,65.000000000022652,142.00000000000907,114.00000000000907,39.000000000004533,34.000000000004533,138.99999999999093,13.660000000000046,423.78000000000452,SSSW,model_assisted_not_ground_truth,0,0,0,0,0,0,0,0,0,0,0
3.21,90.999999999996362,112.99999999999272,65.999999999996362,137.00000000001822,110.00000000001457,39,34,144.99999999997814,13.679999999999927,422.78000000000361,SSSW,model_assisted_not_ground_truth,0,0,0,0,0,0,0,0,0,0,0
3.22,91.999999999997286,111.00000000000541,66,137.9999999999973,107.00000000000813,38.000000000002707,34,150.99999999998374,13.689999999999973,423.77999999999724,SSSW,model_assisted_not_ground_truth,0,0,0,0,0,0,0,0,0,0,0
3.23,96.999999999990891,108.00000000000546,63.000000000005464,136.00000000000364,107,38,34,150.00000000000182,13.699999999999982,421.78000000000361,SSSW,model_assisted_not_ground_truth,0,0,0,0,0,0,0,0,0,0,0
3.24,102.99999999999467,101.00000000000622,59.000000000003553,135.00000000000088,108.99999999999822,38,34,134.00000000001421,13.729999999999974,422.76999999999913,SSSW,model_assisted_not_ground_truth,0,0,0,0,0,0,0,0,0,0,0
3.25,114,100,56,135,109,38,33,144,13.705,422.77499999999998,SSSW,model_assisted_not_ground_truth,0,0,0,0,0,0,0,0,0,0,0
3.26,123,96.999999999992539,51.9999999999972,138.99999999999628,111,37.000000000000931,34,143.00000000000188,13.680000000000019,422.77999999999906,SSSW,model_assisted_not_ground_truth,0,0,0,0,0,0,0,0,0,0,0
3.27,122.99999999999818,88.99999999999271,48.999999999994536,134.99999999998909,111.00000000000364,38,34,145.00000000001822,13.699999999999962,421.77999999999633,SSSW,model_assisted_not_ground_truth,0,0,0,0,0,0,0,0,0,0,0
3.28,122.00000000001101,84.99999999998623,46,128.99999999999449,113.00000000000276,38,34,154.99999999999724,13.680000000000083,419.7800000000027,SSSW,model_assisted_not_ground_truth,0,0,0,0,0,0,0,0,0,0,0
3.29,125.99999999992362,80.000000000095483,46,127.0000000000382,113.9999999999809,38,34,154.0000000000191,13.709999999999928,420.76999999999998,SSSW,model_assisted_not_ground_truth,0,0,0,0,0,0,0,0,0,0,0
3.30,126,75.000000000090822,45.000000000018161,121.00000000010898,113.00000000001816,38,34,159.99999999989103,13.69,420.76999999999998,SSSW,model_assisted_not_ground_truth,0,0,0,0,0,0,0,0,0,0,0
3.31,125.00000000001728,73.000000000034547,44.000000000017273,118.00000000005183,113.99999999998272,38,34,159.00000000001728,13.689999999999973,420.7700000000055,SSSW,model_assisted_not_ground_truth,0,0,0,0,0,0,0,0,0,0,0
3.32,126.99999999996732,64.000000000147082,44,121.99999999993463,111.00000000004903,38,34,147.00000000019611,13.685000000000024,421.77499999999498,SSSW,model_assisted_not_ground_truth,0,0,0,0,0,0,0,0,0,0,0
3.33,135.9999999998609,53.000000000169997,44.999999999984546,122,103.00000000012363,38.999999999984546,34,149.99999999995364,13.680000000000078,422.77999999998445,SSSW,model_assisted_not_ground_truth,0,0,0,0,0,0,0,0,0,0,0
3.34,142.99999999989802,39.000000000203926,45.999999999985434,122.99999999998543,101.00000000002913,38.000000000014566,34,150,13.699999999999708,421.78000000001452,SSSW,model_assisted_not_ground_truth,0,0,0,0,0,0,0,0,0,0,0
3.35,143.99999999998636,29.000000000136335,46.999999999986365,108.00000000020451,101,38,34,149.00000000001364,13.729999999999592,422.76999999998651,SSSW,model_assisted_not_ground_truth,0,0,0,0,0,0,0,0,0,0,0
3.36,144,28.000000000012747,47,109.99999999997451,101,38,33.000000000012747,155.99999999991078,13.720000000000129,421.77000000001271,SSSW,model_assisted_not_ground_truth,0,0,0,0,0,0,0,0,0,0,0
3.37,144,26.000000000023626,47,110,95.000000000070884,37.000000000011809,29.000000000047251,148.0000000000945,13.700000000000236,418.7700000000354,SSSW,model_assisted_not_ground_truth,0,0,0,0,0,0,0,0,0,0,0
3.38,141.00000000003277,24.000000000021849,46.000000000010928,112.99999999996723,96.999999999978144,37,29,145.00000000003277,13.709999999999891,419.76999999998907,SSSW,model_assisted_not_ground_truth,0,0,0,0,0,0,0,0,0,0,0
3.39,138.00000000002998,26.999999999970022,46,109.00000000003996,96.00000000000999,37,29,143.00000000001998,13.759999999999501,420.7599999999901,SSSW,model_assisted_not_ground_truth,0,0,0,0,0,0,0,0,0,0,0
3.40,134.00000000003641,29.999999999972687,46,98.000000000100144,96,37,29,143,13.740000000000183,417.76000000002728,SSSW,model_assisted_not_ground_truth,0,0,0,0,0,0,0,0,0,0,0
3.41,119.00000000012257,30.999999999991829,46,101.99999999996732,92.000000000032685,37.999999999991829,28.000000000008171,140.0000000000245,13.749999999999918,417.75500000000005,SSSW,model_assisted_not_ground_truth,0,0,0,0,0,0,0,0,0,0,0
3.42,108.00000000008012,31,45.000000000007283,99.000000000021856,89.000000000021856,36.000000000014566,28,134.00000000004371,13.759999999999927,417.75000000000006,SSSW,model_assisted_not_ground_truth,0,0,0,0,0,0,0,0,0,0,0
3.43,99.000000000057156,32.999999999987295,44.000000000006352,116.99999999988569,82.000000000044452,36.999999999993648,27.000000000006352,128.00000000003811,13.76,417.75,SSSW,model_assisted_not_ground_truth,0,0,0,0,0,0,0,0,0,0,0
3.44,81.000000000098325,33,44,122.99999999996723,64.000000000098325,37,26.000000000005464,124.00000000002186,13.730000000000164,414.75000000001637,SSSW,model_assisted_not_ground_truth,0,0,0,0,0,0,0,0,0,0,0
3.45,75.000000000027171,30.000000000013589,42.000000000009059,111.00000000005436,62.000000000009059,36.000000000004533,26,122.00000000000907,13.759999999999863,417.74999999998641,SSSW,model_assisted_not_ground_truth,0,0,0,0,0,0,0,0,0,0,0
3.46,67.000000000029132,32.999999999989072,40.000000000007283,102.00000000003277,62,32.000000000014566,26.999999999996358,117.0000000000182,13.750000000000036,416.75000000000364,SSSW,model_assisted_not_ground_truth,0,0,0,0,0,0,0,0,0,0,0
3.47,51.000000000043343,32.000000000002707,40,115.99999999996207,58.000000000010836,32.999999999997293,27,117,13.779999999999918,414.74000000000547,SSSW,model_assisted_not_ground_truth,0,0,0,0,0,0,0,0,0,0,0
3.48,46.000000000009102,32,40.999999999998181,108.00000000001457,57.000000000001819,32.000000000001819,27.999999999998181,116.00000000000182,13.789999999999981,415.73999999999819,SSSW,model_assisted_not_ground_truth,0,0,0,0,0,0,0,0,0,0,0
3.49,46,32,39.000000000001776,96.000000000010658,56.000000000000888,32.999999999999112,28,115.00000000000088,13.799999999999992,416.7399999999991,SSSW,model_assisted_not_ground_truth,0,0,0,0,0,0,0,0,0,0,0
3.50,45,32,41,88,55,32,28,114,13.81,417.74000000000001,SSSW,model_assisted_not_ground_truth,0,0,0,0,0,0,0,0,0,0,0
3.51,44.000000000000931,31.000000000001865,40.000000000000931,84.000000000009322,54.999999999999069,32.000000000000931,28,106.9999999999888,13.77999999999999,414.7399999999991,SSSW,model_assisted_not_ground_truth,0,0,0,0,0,0,0,0,0,0,0
3.52,44.999999999996355,32.999999999998181,40.999999999998181,93.999999999998181,54,32.999999999996355,27.999999999998177,95.00000000000729,13.770000000000037,413.74000000000365,SSSW,model_assisted_not_ground_truth,0,0,0,0,0,0,0,0,0,0,0
3.53,43,32,40,93.0000000000055,53.99999999999725,30.999999999914646,27.000000000005507,98.999999999991743,13.790000000000028,415.73999999999722,SSSW,model_assisted_not_ground_truth,0,0,0,0,0,0,0,0,0,0,0
3.54,43,32,40,94.999999999961801,53.000000000019099,5.9197091673013347e-10,28.999999999961808,96.000000000057284,13.800000000000001,414.73000000000735,SSSW,model_assisted_not_ground_truth,0,0,0,0,0,0,0,0,0,0,0
3.55,43,32,39.000000000018161,95,52.000000000018161,0,28.000000000018161,95.000000000018161,13.800000000000047,416.74000000000001,SSSW,model_assisted_not_ground_truth,0,0,0,0,0,0,0,0,0,0,0
3.56,42.000000000017273,32.999999999982727,38.000000000017273,95,51.000000000017273,11.999999999792699,28.999999999982727,96.999999999965453,13.810000000000056,416.73500000000001,SSSW,model_assisted_not_ground_truth,0,0,0,0,0,0,0,0,0,0,0
3.57,40.000000000032685,33,38,95,51.999999999983658,12,29,90.000000000114397,13.819999999999872,416.73000000000008,SSSW,model_assisted_not_ground_truth,0,0,0,0,0,0,0,0,0,0,0
3.58,40.999999999984546,32.000000000015454,38.999999999984546,94.000000000015461,50.000000000030909,1.8545165403338615e-10,27.000000000030909,82.000000000123634,13.80000000000031,416.73999999999984,SSSW,model_assisted_not_ground_truth,0,0,0,0,0,0,0,0,0,0,0
3.59,41,30.000000000029132,38.000000000014566,94,50,0,29.999999999956302,80.000000000029132,13.800000000000001,416.74000000000001,SSSW,model_assisted_not_ground_truth,0,0,0,0,0,0,0,0,0,0,0
3.60,41,30.999999999986365,38,93.000000000013628,48.000000000027271,0,29.000000000013635,80.999999999986372,13.819999999999727,418.73999999997272,SSSW,model_assisted_not_ground_truth,0,0,0,0,0,0,0,0,0,0,0
3.61,41,29.000000000025491,38.999999999987253,93.999999999987253,48,0,29,81,13.810000000000128,417.74000000001274,SSSW,model_assisted_not_ground_truth,0,0,0,0,0,0,0,0,0,0,0
3.62,41,30.999999999976374,39,95.999999999976382,48,0,29,75.000000000070884,13.80500000000006,418.73999999998819,SSSW,model_assisted_not_ground_truth,0,0,0,0,0,0,0,0,0,0,0
3.63,41,30.000000000010925,39,100.99999999994537,47.000000000010928,8.9999999999016786,29,80.99999999993446,13.800000000000056,419.7399999999891,SSSW,model_assisted_not_ground_truth,0,0,0,0,0,0,0,0,0,0,0
3.64,41,34.999999999950042,39,110.99999999990008,47.99999999999001,3.000000000059952,29.99999999999001,84.999999999960039,13.8499999999995,418.74000000001001,SSSW,model_assisted_not_ground_truth,0,0,0,0,0,0,0,0,0,0,0
3.65,41,35,38.000000000009102,118.99999999992717,49.999999999981796,3.9999999999908962,30,91.999999999936279,13.85,419.72999999999098,SSSW,model_assisted_not_ground_truth,0,0,0,0,0,0,0,0,0,0,0
3.66,41.999999999991829,50.99999999986926,38.999999999991829,125.9999999999428,50,3.0000000000081712,30.999999999991829,112.9999999998284,13.630000000001798,421.78999999998319,SSSW,model_assisted_not_ground_truth,0,0,0,0,0,0,0,0,0,0,0
3.67,42,65.999999999890747,39,131.99999999995629,50,3,32.999999999985434,135.99999999983248,12.660000000007065,447.04999999981607,SSSW,model_assisted_not_ground_truth,0,0,0,0,0,0,0,0,0,0,0
3.68,42.999999999993648,79.999999999911097,39.999999999993648,143.9999999999238,52.99999999998095,30.999999999822187,45.999999999917442,185.99999999968247,10.520000000013589,573.35999999919795,SSSW,model_assisted_not_ground_truth,0,0,0,0,0,0,0,0,0,0,0
3.69,65.999999999874362,94.99999999991806,41.999999999989072,159.9999999999126,97.999999999754195,36.99999999996723,92.999999999743267,249.99999999965041,9.4100000000060628,680.53999999941448,SSSW,model_assisted_not_ground_truth,0,0,0,0,0,0,0,0,0,0,0
3.70,85.999999999909406,122.99999999987317,46.999999999977348,173.99999999993659,131.99999999984598,38.999999999990941,152.99999999972823,280.9999999998596,9.190000000000996,701.58999999990465,SSSW,model_assisted_not_ground_truth,0,0,0,0,0,0,0,0,0,0,0
3.71,114.9999999998944,127.9999999999818,70.999999999912603,200.99999999990169,170.99999999985798,41.999999999989072,174.99999999991988,295.99999999994537,8.9700000000008018,722.63999999992336,SSSW,model_assisted_not_ground_truth,0,0,0,0,0,0,0,0,0,0,0
3.72,115,143.99999999995666,78.999999999978328,223.9999999999377,193.9999999999377,43.999999999994586,181.99999999998104,303.99999999997834,8.9500000000000526,727.63999999998646,SSSW,model_assisted_not_ground_truth,0,0,0,0,0,0,0,0,0,0,0
3.73,118.99999999999272,155.99999999997814,102.9999999999563,247.99999999995629,212.99999999996541,44,211.99999999994537,301.00000000000546,8.9899999999999274,730.61999999999455,SSSW,model_assisted_not_ground_truth,0,0,0,0,0,0,0,0,0,0,0
3.74,121.99999999999733,161.99999999999466,115.99999999998846,253.99999999999466,222.99999999999113,47.999999999996447,215.99999999999645,299.00000000000176,9.089999999999911,736.59999999999468,SSSW,model_assisted_not_ground_truth,0,0,0,0,0,0,0,0,0,0,0
3.75,122,164,122,258,225,53,216,286,9.0099999999999998,756.60000000000002,SSSW,model_assisted_not_ground_truth,0,0,0,0,0,0,0,0,0,0,0
3.76,104.99999999999626,166.00000000000654,121.0000000000028,264.00000000000654,227.00000000000466,60,217.99999999999812,287.99999999999909,8.9899999999998883,830.69000000007384,SSSW,model_assisted_not_ground_truth,0,0,0,0,0,0,0,0,0,0,0
3.77,101.00000000001457,172.99999999999272,124.00000000002368,271.00000000000364,232.00000000002731,60.000000000023668,216.00000000001458,286.99999999997635,8.8700000000000898,909.7800000001148,SSSW,model_assisted_not_ground_truth,0,0,0,0,0,0,0,0,0,0,0
3.78,109.00000000001651,169.00000000000551,137.00000000000827,273,247.00000000002203,73.00000000001377,224.00000000000827,273.99999999991741,8.9199999999999164,972.83000000006348,SSSW,model_assisted_not_ground_truth,0,0,0,0,0,0,0,0,0,0,0
3.79,114.99999999988543,170.9999999999618,139.9999999999427,273,254.99999999984723,77.999999999904517,226.9999999999427,244.00000000057287,8.8899999999998904,995.85500000008392,SSSW,model_assisted_not_ground_truth,0,0,0,0,0,0,0,0,0,0,0
3.80,115,171,143.99999999992735,274.99999999996368,258.99999999992735,82.999999999909178,225.00000000003632,234.00000000018164,8.8599999999997241,1018.8800000001511,SSSW,model_assisted_not_ground_truth,0,0,0,0,0,0,0,0,0,0,0
3.81,112.00000000005183,169.00000000003456,143.00000000001728,270.0000000000864,261.99999999994816,84.999999999965453,225,238.99999999991363,8.7999999999996721,1051.9000000001531,SSSW,model_assisted_not_ground_truth,0,0,0,0,0,0,0,0,0,0,0
3.82,110.00000000003268,164.00000000008171,136.0000000001144,271.99999999996732,257.00000000008174,85,223.00000000003268,231.00000000013074,8.7399999999996165,1079.9300000001217,SSSW,model_assisted_not_ground_truth,0,0,0,0,0,0,0,0,0,0,0
3.83,106.00000000006182,158.00000000009271,138.99999999995364,270.00000000003092,250.00000000010817,82.000000000046356,217.00000000009271,231.99999999998454,8.680000000000927,1098.9499999997061,SSSW,model_assisted_not_ground_truth,0,0,0,0,0,0,0,0,0,0,0
3.84,97.000000000131095,157.00000000001455,134.00000000007282,264.00000000008743,245.00000000007282,79.000000000043698,215.00000000002913,237.9999999999126,8.6400000000005832,1108.9699999998541,SSSW,model_assisted_not_ground_truth,0,0,0,0,0,0,0,0,0,0,0
3.85,86.000000000149967,157,132.00000000002726,264,241.00000000005454,77.000000000027271,213.00000000002726,247.99999999986366,8.6400000000000006,1112.4699999999523,SSSW,model_assisted_not_ground_truth,0,0,0,0,0,0,0,0,0,0,0
3.86,85.000000000012747,156.00000000001273,135.99999999994901,265.99999999997453,237.00000000005099,72.000000000063721,212.00000000001273,251.99999999994901,8.6400000000000006,1115.9699999999555,SSSW,model_assisted_not_ground_truth,0,0,0,0,0,0,0,0,0,0,0
3.87,85.999999999988191,156,134.00000000002362,261.00000000005906,235.00000000002362,76.99999999994094,211.00000000001182,253.99999999997638,8.6300000000001198,1115.9799999999998,SSSW,model_assisted_not_ground_truth,0,0,0,0,0,0,0,0,0,0,0
3.88,85.000000000010928,156,136.99999999996723,261.99999999998909,233.00000000002186,78.999999999978144,209.00000000002186,252.00000000002186,8.5900000000004368,1111.9600000000439,SSSW,model_assisted_not_ground_truth,0,0,0,0,0,0,0,0,0,0,0
3.89,85,156,140.99999999996004,263.99999999997999,235.99999999997002,80.99999999998002,204.00000000004997,244.00000000007992,8.5800000000000995,1105.9400000000603,SSSW,model_assisted_not_ground_truth,0,0,0,0,0,0,0,0,0,0,0
3.90,80.000000000045517,156,142.99999999998178,264.99999999999091,236,83.999999999972687,203.00000000000909,235.00000000008194,8.5700000000000909,1097.9400000000728,SSSW,model_assisted_not_ground_truth,0,0,0,0,0,0,0,0,0,0,0
3.91,80,157.99999999998366,143.99999999999181,264.00000000000819,235.00000000000819,82.000000000016342,201.00000000001634,210.0000000002043,8.5700000000000003,1089.9500000000653,SSSW,model_assisted_not_ground_truth,0,0,0,0,0,0,0,0,0,0,0
3.92,79.000000000007276,157.00000000000728,145.99999999998545,263.00000000000728,235.99999999999272,81.000000000007276,192.00000000006554,189.00000000015294,8.5799999999999272,1072.940000000124,SSSW,model_assisted_not_ground_truth,0,0,0,0,0,0,0,0,0,0,0
3.93,76.000000000019057,157,145.00000000000634,264.99999999998732,234.0000000000127,89.999999999942844,172.00000000012702,182.00000000004445,8.5500000000001908,1051.9300000001335,SSSW,model_assisted_not_ground_truth,0,0,0,0,0,0,0,0,0,0,0
3.94,75.000000000005457,157,145,262.00000000001637,234,88.000000000010928,162.00000000005463,170.00000000006554,8.520000000000163,1030.9200000001149,SSSW,model_assisted_not_ground_truth,0,0,0,0,0,0,0,0,0,0,0
3.95,76.999999999990933,152.00000000002265,145,258.00000000001813,234.99999999999548,92.999999999977348,153.00000000004076,158.00000000005434,8.529999999999955,1008.9000000000997,SSSW,model_assisted_not_ground_truth,0,0,0,0,0,0,0,0,0,0,0
3.96,77,151.00000000000364,144.00000000000364,258,228.00000000002549,87.000000000021856,150.00000000001091,152.00000000002186,8.5699999999998546,987.90000000007649,SSSW,model_assisted_not_ground_truth,0,0,0,0,0,0,0,0,0,0,0
3.97,77,151,144.9999999999973,252.00000000001626,227.0000000000027,86.000000000002714,150,152.9999999999973,8.4500000000003244,951.92000000009739,SSSW,model_assisted_not_ground_truth,0,0,0,0,0,0,0,0,0,0,0
3.98,77.999999999998181,151,141.00000000000728,251.00000000000182,223.00000000000728,87.999999999996362,151.99999999999636,162.99999999998178,8.4499999999999993,938.92000000002361,SSSW,model_assisted_not_ground_truth,0,0,0,0,0,0,0,0,0,0,0
3.99,77.000000000000881,151,140.00000000000088,246.00000000000443,223,86.000000000001776,150.00000000000176,163,8.4699999999999829,926.93000000001064,SSSW,model_assisted_not_ground_truth,0,0,0,0,0,0,0,0,0,0,0
4.00,79,152,138,247,222,89,142,162,8.4900000000000002,920.42999999999995,SSSW,model_assisted_not_ground_truth,0,0,0,0,0,0,0,0,0,0,0
4.01,80.000000000007105,151.99999999999821,134.99999999999557,250.99999999999733,220.99999999999912,81.000000000000895,141.9999999999911,167.99999999999645,8.5100000000000264,913.92999999999199,SSSW,model_assisted_not_ground_truth,0,0,0,0,0,0,0,0,0,0,0
4.02,88.000000000003737,149.99999999999812,130.00000000000372,248,219.99999999999812,82.000000000022382,131.9999999999944,164.00000000000932,8.5400000000001111,904.93999999998323,SSSW,model_assisted_not_ground_truth,0,0,0,0,0,0,0,0,0,0,0
4.03,90.000000000027526,149.000000000011,132.00000000000551,248.00000000000551,218.99999999999173,93.9999999999945,128.99999999998349,169.00000000001927,8.6000000000001098,895.92999999998892,SSSW,model_assisted_not_ground_truth,0,0,0,0,0,0,0,0,0,0,0
4.04,99.999999999809035,152.9999999999236,133.9999999999618,249.9999999999618,216.0000000000573,92.000000000038199,123.00000000011457,175.99999999986633,8.640000000000402,891.92999999995982,SSSW,model_assisted_not_ground_truth,0,0,0,0,0,0,0,0,0,0,0
4.05,105.99999999989075,154.99999999996359,135.99999999996359,250.99999999998178,211.00000000009103,87.000000000091035,116.00000000012746,179.99999999992718,8.7500000000011333,880.91000000005874,SSSW,model_assisted_not_ground_truth,0,0,0,0,0,0,0,0,0,0,0
4.06,111.99999999989662,155,137.99999999996555,249.00000000003445,211,87.999999999982776,114.00000000003446,177.0000000000517,9.0000000000010463,893.87999999993372,SSSW,model_assisted_not_ground_truth,0,0,0,0,0,0,0,0,0,0,0
4.07,128.99999999972218,156.99999999996732,134.00000000006537,248.00000000001634,208.00000000004903,90.999999999950973,114.99999999998366,182.99999999990195,9.1900000000005111,881.84999999999673,SSSW,model_assisted_not_ground_truth,0,0,0,0,0,0,0,0,0,0,0
4.08,134.99999999990729,157,132.00000000003092,245.00000000004636,192.00000000024727,91.999999999984539,111.00000000006182,183.99999999998454,9.2699999999996727,881.3350000000022,SSSW,model_assisted_not_ground_truth,0,0,0,0,0,0,0,0,0,0,0
4.09,152.99999999973781,157,132.99999999998545,243.00000000002913,192.99999999998545,95.999999999941735,110.00000000001457,185.99999999997087,9.3499999999988344,880.82000000000755,SSSW,model_assisted_not_ground_truth,0,0,0,0,0,0,0,0,0,0,0
4.10,150.00000000004104,159.99999999995896,133,239.00000000005471,186.00000000009575,85.000000000150465,110,191.99999999991792,9.5699999999969911,880.79000000000042,SSSW,model_assisted_not_ground_truth,0,0,0,0,0,0,0,0,0,0,0
4.11,159.99999999987298,162.99999999996189,131.00000000002541,230.00000000011431,192.9999999999111,83.000000000025409,109.0000000000127,197.9999999999238,9.8099999999969523,896.77999999979693,SSSW,model_assisted_not_ground_truth,0,0,0,0,0,0,0,0,0,0,0
4.12,162.99999999996456,163.99999999998818,131.99999999998818,223.00000000008268,181.00000000014177,90.999999999905498,112.99999999995275,199.99999999997638,10.059999999997046,893.76000000003569,SSSW,model_assisted_not_ground_truth,0,0,0,0,0,0,0,0,0,0,0
4.13,175.99999999985798,168.99999999994537,132,220.00000000003277,182.99999999997814,89.000000000021856,111.00000000002186,201.99999999997814,10.339999999996941,883.73000000010961,SSSW,model_assisted_not_ground_truth,0,0,0,0,0,0,0,0,0,0,0
4.14,192.99999999982938,175.99999999992974,134.9999999999699,208.00000000012045,185.9999999999699,89.999999999989967,116.99999999993977,205.99999999995987,10.569999999997691,882.71000000001027,SSSW,model_assisted_not_ground_truth,0,0,0,0,0,0,0,0,0,0,0
4.15,205.99999999988222,184.99999999991846,139.9999999999547,206.00000000001813,187.99999999998187,92.999999999972829,132.99999999985505,211.99999999994566,10.919999999996829,881.68000000000927,SSSW,model_assisted_not_ground_truth,0,0,0,0,0,0,0,0,0,0,0
4.16,223.99999999985292,191.99999999994282,144.99999999995913,220.99999999987745,186.00000000001634,101.99999999992646,137.99999999995913,215.99999999996732,11.124999999998325,881.66500000000008,SSSW,model_assisted_not_ground_truth,0,0,0,0,0,0,0,0,0,0,0
4.17,233.99999999992718,200.99999999993446,145,230.99999999992718,190.99999999996359,101.00000000000728,138.99999999999272,217.99999999998545,11.329999999998506,881.65000000000009,SSSW,model_assisted_not_ground_truth,0,0,0,0,0,0,0,0,0,0,0
4.18,241.99999999994884,206.99999999996163,149.99999999996803,236.99999999996163,191,110.99999999993605,144.99999999996163,227.99999999993605,11.709999999997571,883.58999999998764,SSSW,model_assisted_not_ground_truth,0,0,0,0,0,0,0,0,0,0,0
4.19,249.99999999995666,208.99999999998917,150.99999999999457,228.00000000004877,192.99999999998917,120.99999999994583,153.99999999995123,228,12.199999999997345,878.53000000002737,SSSW,model_assisted_not_ground_truth,0,0,0,0,0,0,0,0,0,0,0
4.20,257.99999999996373,211.99999999998641,153.99999999998641,228,195.99999999998641,121.99999999999547,158.99999999997735,235.99999999996376,12.74999999999751,869.4500000000412,SSSW,model_assisted_not_ground_truth,0,0,0,0,0,0,0,0,0,0,0
4.21,261.99999999998545,220.99999999996723,159.99999999997814,230.99999999998909,203.99999999997087,127.99999999997814,160.99999999999272,235.00000000000364,13.359999999997779,860.34000000003323,SSSW,model_assisted_not_ground_truth,0,0,0,0,0,0,0,0,0,0,0
4.22,262.99999999999727,221,160,239.99999999997522,200.00000000001103,128.99999999999724,167.99999999998073,238.99999999998897,13.744999999998941,862.77999999999327,SSSW,model_assisted_not_ground_truth,0,0,0,0,0,0,0,0,0,0,0
4.23,264.99999999999648,222.99999999999645,160.99999999999824,244.99999999999113,204.99999999999113,122.00000000001243,173.99999999998934,239,14.129999999999317,865.21999999999571,SSSW,model_assisted_not_ground_truth,0,0,0,0,0,0,0,0,0,0,0
4.24,266.99999999999824,220.00000000000267,161.99999999999912,250.99999999999466,206.99999999999824,123.99999999999822,171.00000000000267,239.99999999999912,14.609999999999573,872.0799999999939,SSSW,model_assisted_not_ground_truth,0,0,0,0,0,0,0,0,0,0,0
4.25,267,220,162,262,216,121,179,240,15.050000000000001,872.92999999999995,SSSW,model_assisted_not_ground_truth,0,0,0,0,0,0,0,0,0,0,0
4.26,266,222,162.99999999999912,262,211.99999999999733,120.99999999999645,186.00000000000622,241.99999999999733,15.680000000000426,908.79999999996346,SSSW,model_assisted_not_ground_truth,0,0,0,0,0,0,0,0,0,0,0
4.27,266,221.9999999999832,162.00000000000372,261.99999999999625,208.99999999999628,117.0000000000056,193.00000000002052,239.00000000000747,16.160000000000412,867.71000000005972,SSSW,model_assisted_not_ground_truth,0,0,0,0,0,0,0,0,0,0,0
4.28,266.00000000000824,212.99999999999173,164,260.00000000000551,206.99999999999724,119.9999999999945,204.00000000000276,243,16.380000000000468,899.69000000004405,SSSW,model_assisted_not_ground_truth,0,0,0,0,0,0,0,0,0,0,0
4.29,268.9999999999427,210.0000000000573,164,261.9999999999618,206.0000000000191,118.0000000000382,204.9999999999809,243,16.5500000000002,915.67000000001451,SSSW,model_assisted_not_ground_truth,0,0,0,0,0,0,0,0,0,0,0
4.30,270.99999999996356,207.00000000005463,164.99999999998178,263.99999999996356,205.00000000001822,116.00000000003641,209.99999999990897,241.00000000003641,16.605000000000249,919.65500000001805,SSSW,model_assisted_not_ground_truth,0,0,0,0,0,0,0,0,0,0,0
4.31,271,191.00000000027569,161.00000000006892,260.00000000006889,201.00000000006892,113.0000000000517,212.9999999999483,236.00000000008615,16.660000000000661,923.63999999998339,SSSW,model_assisted_not_ground_truth,0,0,0,0,0,0,0,0,0,0,0
4.32,268.000000000049,182.00000000014708,154.0000000001144,251.00000000014708,201,109.00000000006537,211.00000000003268,226.00000000016342,16.780000000000513,920.62999999994872,SSSW,model_assisted_not_ground_truth,0,0,0,0,0,0,0,0,0,0,0
4.33,253.00000000023181,174.00000000012363,146.00000000012363,251,183.00000000027819,83.000000000401812,202.0000000001391,215.00000000016999,16.859999999998763,912.61000000012393,SSSW,model_assisted_not_ground_truth,0,0,0,0,0,0,0,0,0,0,0
4.34,235.00000000026219,152.00000000032045,129.00000000024761,240.00000000016024,168.00000000021851,62.000000000305889,185.00000000024761,199.00000000023306,17.019999999997669,903.55000000013194,SSSW,model_assisted_not_ground_truth,0,0,0,0,0,0,0,0,0,0,0
4.35,196.00000000052998,147.00000000006796,110.0000000002582,225.00000000020384,159.0000000001223,54.000000000108713,159.00000000035331,176.00000000031255,17.059999999999455,876.5200000003673,SSSW,model_assisted_not_ground_truth,0,0,0,0,0,0,0,0,0,0,0
4.36,172.00000000030482,141.0000000000762,76.000000000431839,222.00000000003811,153.0000000000762,45.000000000114312,143.00000000020322,144.00000000040643,17.119999999999237,849.49000000034334,SSSW,model_assisted_not_ground_truth,0,0,0,0,0,0,0,0,0,0,0
4.37,160.00000000014177,129.00000000014177,62.000000000165379,214.0000000000945,133.00000000023624,45.999999999988191,131.00000000014177,125.00000000022445,17.154999999999589,831.97500000020693,SSSW,model_assisted_not_ground_truth,0,0,0,0,0,0,0,0,0,0,0
4.38,148.00000000013108,117.0000000001311,49.000000000142023,188.00000000028405,112.00000000022942,45.000000000010928,118.00000000014202,91.000000000371443,17.189999999999618,814.46000000019137,SSSW,model_assisted_not_ground_truth,0,0,0,0,0,0,0,0,0,0,0
4.39,128.00000000020071,98.000000000190695,47.000000000020073,167.00000000021078,81.000000000311132,45,89.000000000291053,66.000000000250907,17.170000000000201,809.46000000005017,SSSW,model_assisted_not_ground_truth,0,0,0,0,0,0,0,0,0,0,0
4.40,97.000000000280835,80.00000000016307,45.000000000018119,157.00000000009061,49.000000000289901,40.000000000045297,52.000000000335199,40.000000000235545,17.15000000000018,794.43000000013615,SSSW,model_assisted_not_ground_truth,0,0,0,0,0,0,0,0,0,0,0
4.41,85.000000000098055,66.000000000114397,43.000000000016342,127.00000000024514,48.000000000008171,38.000000000016342,41.000000000089884,29.000000000089884,16.840000000002533,731.44000000051471,SSSW,model_assisted_not_ground_truth,0,0,0,0,0,0,0,0,0,0,0
4.42,79.000000000043698,50.000000000116529,41.000000000014566,103.00000000017479,48.999999999992717,38,35.000000000043698,24.000000000036415,16.050000000005753,622.48000000079355,SSSW,model_assisted_not_ground_truth,0,0,0,0,0,0,0,0,0,0,0
4.43,79,46.00000000002558,38.000000000019185,99.00000000002558,49.999999999993605,38,35,24,15.090000000006139,522.56000000063887,SSSW,model_assisted_not_ground_truth,0,0,0,0,0,0,0,0,0,0,0
4.44,72.000000000037929,35.0000000000596,41.999999999978328,83.000000000086686,49.000000000005414,36.000000000010836,35.999999999994586,24.999999999994582,14.78000000000168,493.61000000015684,SSSW,model_assisted_not_ground_truth,0,0,0,0,0,0,0,0,0,0,0
4.45,67.000000000022652,30.000000000022649,40.000000000009059,80.000000000013586,49,36.999999999995467,35.000000000004533,25,14.470000000001406,464.66000000013116,SSSW,model_assisted_not_ground_truth,0,0,0,0,0,0,0,0,0,0,0
4.46,62.000000000018204,30,42.999999999989072,79.000000000003638,49,37,34.000000000003638,20.000000000018208,14.150000000001166,430.68000000012375,SSSW,model_assisted_not_ground_truth,0,0,0,0,0,0,0,0,0,0,0
4.47,49.000000000035797,34.99999999998623,41.000000000005507,78.000000000002757,53.99999999998623,37,33.000000000002757,22.99999999999174,14.100000000000136,418.6700000000331,SSSW,model_assisted_not_ground_truth,0,0,0,0,0,0,0,0,0,0,0
4.48,50.999999999996447,36.999999999996447,41,75.000000000005329,51.000000000005329,37.999999999998224,33.999999999998224,23.999999999998224,14.030000000000124,421.69999999999459,SSSW,model_assisted_not_ground_truth,0,0,0,0,0,0,0,0,0,0,0
4.49,49.000000000001776,37,41,70.000000000004434,51.999999999999112,38,34,25.999999999998224,14.059999999999974,422.68999999999915,SSSW,model_assisted_not_ground_truth,0,0,0,0,0,0,0,0,0,0,0
4.50,52,36,42,68,50,38,34,26,14.06,419.68000000000001,SSSW,model_assisted_not_ground_truth,0,0,0,0,0,0,0,0,0,0,0
4.51,51,44.000000000000888,43,72.999999999987566,47.999999999999112,37,31,29,14.039999999999994,419.69,SSSW,model_assisted_not_ground_truth,0,0,0,0,0,0,0,0,0,0,0
4.52,51.00000000000373,45.000000000001869,43,59,46.999999999998131,37,31,28.99999999999627,14.034999999999989,419.69,SSSW,model_assisted_not_ground_truth,0,0,0,0,0,0,0,0,0,0,0
4.53,52.999999999988987,46.00000000000275,43.00000000000275,58.999999999994493,46,36.99999999999725,30.999999999997247,27,14.029999999999999,419.68999999998897,SSSW,model_assisted_not_ground_truth,0,0,0,0,0,0,0,0,0,0,0
4.54,49.000000000076383,46.999999999980901,43.999999999980901,57.000000000038192,46,36.000000000019099,30.000000000019096,27,14.029999999999816,415.69000000000364,SSSW,model_assisted_not_ground_truth,0,0,0,0,0,0,0,0,0,0,0
4.55,49,38.000000000163865,44,57,46.999999999981796,36,30.999999999981792,31.999999999908962,13.979999999999954,416.69000000000455,SSSW,model_assisted_not_ground_truth,0,0,0,0,0,0,0,0,0,0,0
4.56,49,32.000000000103384,43.000000000017231,54.000000000051692,48.999999999965539,32.000000000068923,31,40.999999999844924,13.970000000000056,417.70000000001102,SSSW,model_assisted_not_ground_truth,0,0,0,0,0,0,0,0,0,0,0
4.57,49,31.000000000016342,39.00000000006537,67.999999999771205,50.999999999967315,32,31,54.999999999771205,13.980000000000192,419.69999999999993,SSSW,model_assisted_not_ground_truth,0,0,0,0,0,0,0,0,0,0,0
4.58,49,30.000000000015454,39,72.999999999922721,50.000000000015454,32,30.000000000015454,64.999999999845457,14.009999999999536,419.69000000000017,SSSW,model_assisted_not_ground_truth,0,0,0,0,0,0,0,0,0,0,0
4.59,48.000000000014566,28.000000000029132,39,74.999999999970868,51.999999999970868,32.999999999985434,27.000000000043698,63.000000000029132,13.995000000000218,419.69499999999994,SSSW,model_assisted_not_ground_truth,0,0,0,0,0,0,0,0,0,0,0
4.60,44.000000000054357,29.999999999972822,39,84.999999999864116,51.000000000013586,32.000000000013586,28.999999999972822,57.000000000081535,13.980000000000205,419.69999999999993,SSSW,model_assisted_not_ground_truth,0,0,0,0,0,0,0,0,0,0,0
4.61,44,29.000000000012701,38.000000000012705,83.000000000025409,51.999999999987295,32,10.000000000241318,49.000000000101608,14.009999999999618,419.69999999999999,SSSW,model_assisted_not_ground_truth,0,0,0,0,0,0,0,0,0,0,0
4.62,43.000000000011809,25.000000000047251,38,81.000000000023618,52,32,10,44.00000000005906,14.01,419.69999999999999,SSSW,model_assisted_not_ground_truth,0,0,0,0,0,0,0,0,0,0,0
4.63,43,26.999999999978151,37.000000000010928,85.999999999945373,52,35.999999999956302,10,41.00000000003277,14.019999999999889,420.69999999998907,SSSW,model_assisted_not_ground_truth,0,0,0,0,0,0,0,0,0,0,0
4.64,41.000000000020073,22.000000000050182,37.999999999989967,74.000000000120437,52,36.999999999989967,10,36.000000000050179,14.02,420.69999999999999,SSSW,model_assisted_not_ground_truth,0,0,0,0,0,0,0,0,0,0,0
4.65,41.999999999990941,24.999999999972822,39.999999999981881,74.999999999990933,52,37,10,41.999999999945643,14.029999999999909,419.69000000000915,SSSW,model_assisted_not_ground_truth,0,0,0,0,0,0,0,0,0,0,0
4.66,42,25.999999999991829,39.000000000008171,80.999999999950973,52,37,9.0000000000081712,41.000000000008171,14.029999999999999,419.69,SSSW,model_assisted_not_ground_truth,0,0,0,0,0,0,0,0,0,0,0
4.67,43.999999999985434,26.999999999992717,38.000000000007283,81,51.000000000007283,37.999999999992717,6.5547567373869242e-11,41,14.020000000000072,419.69499999999994,SSSW,model_assisted_not_ground_truth,0,0,0,0,0,0,0,0,0,0,0
4.68,43.000000000006395,26.000000000006395,38,81.999999999993605,51,38,0,46.999999999961631,14.010000000000064,419.69999999999993,SSSW,model_assisted_not_ground_truth,0,0,0,0,0,0,0,0,0,0,0
4.69,43.999999999994586,22.000000000021672,38,76.000000000032514,50.000000000005414,38.999999999994586,0,42.000000000027086,14.029999999999891,419.69000000000005,SSSW,model_assisted_not_ground_truth,0,0,0,0,0,0,0,0,0,0,0
4.70,44,23.999999999990941,38.999999999995467,68.000000000036238,50,39,0,33.000000000040771,14.039999999999953,420.68999999999545,SSSW,model_assisted_not_ground_truth,0,0,0,0,0,0,0,0,0,0,0
4.71,44,22.000000000007283,37.000000000007283,64.000000000014566,50.999999999996362,39,0,20.00000000004734,14.039999999999999,423.68999999998908,SSSW,model_assisted_not_ground_truth,0,0,0,0,0,0,0,0,0,0,0
4.72,44,22.999999999997247,37.999999999997243,55.000000000024784,51.999999999997243,39,0,30.999999999969713,13.990000000000137,421.69000000000551,SSSW,model_assisted_not_ground_truth,0,0,0,0,0,0,0,0,0,0,0
4.73,40.000000000007105,21.000000000003553,38,48.000000000012434,52,38.000000000001776,0,25.000000000010658,14.009999999999964,423.68999999999642,SSSW,model_assisted_not_ground_truth,0,0,0,0,0,0,0,0,0,0,0
4.74,38.500000000001336,21.499999999999556,37.500000000000441,46.000000000001776,50.500000000001336,38,0,22.50000000000222,14.034999999999979,426.68999999999733,SSSW,model_assisted_not_ground_truth,0,0,0,0,0,0,0,0,0,0,0
4.75,37,22,37,44,49,38,0,20,14.06,429.69,SSSW,model_assisted_not_ground_truth,0,0,0,0,0,0,0,0,0,0,0
4.76,37.000000000000888,21.000000000003553,38,41.000000000007994,50.000000000001776,37,7,27.000000000004441,14.02000000000008,424.69000000000085,SSSW,model_assisted_not_ground_truth,0,0,0,0,0,0,0,0,0,0,0
4.77,38,24.999999999997204,38,50.000000000007461,52,36.999999999995339,7.0000000000037303,32.000000000012122,14.109999999999888,425.65000000000003,SSSW,model_assisted_not_ground_truth,0,0,0,0,0,0,0,0,0,0,0
4.78,38,23.500000000012925,38,53.999999999965539,52,34.500000000021537,8.9999999999827693,38.499999999944002,14.049999999999972,425.67999999999171,SSSW,model_assisted_not_ground_truth,0,0,0,0,0,0,0,0,0,0,0
4.79,38,22.000000000028642,38,57.999999999923617,52,32.000000000047741,10.999999999961808,44.999999999875875,14.040000000000109,422.67000000001093,SSSW,model_assisted_not_ground_truth,0,0,0,0,0,0,0,0,0,0,0
4.80,37.000000000018204,21.000000000018208,38,58,52,30.000000000036415,13.999999999945377,56.999999999781508,14.06999999999991,425.67000000000456,SSSW,model_assisted_not_ground_truth,0,0,0,0,0,0,0,0,0,0,0
4.81,37.999999999982769,26.999999999896616,38,70.999999999776009,62.999999999810463,5.1691984026547289e-10,28.99999999974154,97.99999999929355,14.050000000000027,426.67000000000274,SSSW,model_assisted_not_ground_truth,0,0,0,0,0,0,0,0,0,0,0
4.82,38.999999999983658,28.999999999967315,39.999999999967315,90.99999999967315,65.499999999959144,0,29.999999999983658,109.99999999980389,14.054999999999975,427.16999999999751,SSSW,model_assisted_not_ground_truth,0,0,0,0,0,0,0,0,0,0,0
4.83,39.999999999984546,30.999999999969091,41.999999999969091,110.99999999969091,67.999999999961361,0,30.999999999984546,121.99999999981455,14.059999999999924,427.66999999999229,SSSW,model_assisted_not_ground_truth,0,0,0,0,0,0,0,0,0,0,0
4.84,41.999999999970868,50.999999999708677,41.000000000014566,132.99999999967955,68.999999999985434,31.999999999533884,31.999999999985434,171.99999999927169,14.109999999999271,431.65999999994193,SSSW,model_assisted_not_ground_truth,0,0,0,0,0,0,0,0,0,0,0
4.85,42.999999999986414,69.999999999741803,41,135.99999999995924,56.000000000176655,36.999999999932058,31.000000000013589,172.99999999998641,14.100000000000136,430.66000000001361,SSSW,model_assisted_not_ground_truth,0,0,0,0,0,0,0,0,0,0,0
4.86,42.000000000012705,70.999999999987295,41.999999999987295,136.9999999999873,55.000000000012705,37.999999999987295,31.999999999987299,174.99999999997459,14.109999999999872,430.66000000000003,SSSW,model_assisted_not_ground_truth,0,0,0,0,0,0,0,0,0,0,0
4.87,42.999999999988191,75.99999999994094,45.999999999952749,137,63.999999999893689,38,38.999999999917307,181.99999999991732,14.109999999999999,431.6599999999882,SSSW,model_assisted_not_ground_truth,0,0,0,0,0,0,0,0,0,0,0
4.88,43.999999999989072,86.999999999879833,46,138.99999999997814,78.999999999836135,38,53.999999999836135,187.99999999993446,13.860000000002731,433.73999999997727,SSSW,model_assisted_not_ground_truth,0,0,0,0,0,0,0,0,0,0,0
4.89,63.999999999799272,101.99999999984945,46.999999999989967,150.99999999987955,90.999999999879563,38,78.999999999749093,203.99999999983942,12.700000000011642,460.04999999973597,SSSW,model_assisted_not_ground_truth,0,0,0,0,0,0,0,0,0,0,0
4.90,66.999999999972829,123.99999999980069,49.999999999972822,176.99999999976444,120.99999999972822,40.999999999972822,128.99999999954701,247.99999999960139,11.330000000012411,554.24499999914667,SSSW,model_assisted_not_ground_truth,0,0,0,0,0,0,0,0,0,0,0
4.91,76.999999999918288,135.99999999990195,62.499999999897859,189.99999999989376,138.99999999985292,42.999999999983658,150.49999999982433,256.49999999993054,9.9600000000111955,648.43999999923039,SSSW,model_assisted_not_ground_truth,0,0,0,0,0,0,0,0,0,0,0
4.92,86.999999999927169,147.9999999999126,74.999999999908965,202.99999999990533,156.99999999986892,44.999999999985434,171.9999999998434,264.9999999999381,8.5200000000104872,822.75999999873034,SSSW,model_assisted_not_ground_truth,0,0,0,0,0,0,0,0,0,0,0
4.93,134.99999999969305,170.99999999985292,124.99999999968026,250.99999999969305,212.99999999964189,50.999999999961631,189.99999999988489,279.99999999990405,8.1400000000024306,862.92999999974302,SSSW,model_assisted_not_ground_truth,0,0,0,0,0,0,0,0,0,0,0
4.94,138.99999999997834,177.99999999996209,139.99999999991874,257.99999999996209,230.99999999990249,58.999999999956657,205.99999999991331,271.00000000004877,8.0400000000005409,895.97999999982096,SSSW,model_assisted_not_ground_truth,0,0,0,0,0,0,0,0,0,0,0
4.95,143.99999999997735,182.99999999997735,143.99999999998187,264.49999999997056,241.99999999995018,62.499999999984148,209.49999999998414,267.50000000001586,7.9500000000004079,930.03999999984569,SSSW,model_assisted_not_ground_truth,0,0,0,0,0,0,0,0,0,0,0
4.96,148.99999999998178,187.99999999998178,147.99999999998545,270.99999999997635,252.99999999995995,65.999999999987253,212.99999999998727,264.00000000001273,8.1399999999993078,952.03999999991981,SSSW,model_assisted_not_ground_truth,0,0,0,0,0,0,0,0,0,0,0
4.97,147.00000000000551,188.99999999999724,152.99999999998624,281.9999999999697,256.99999999998897,78.999999999964203,220.99999999997797,232.00000000008811,8.3199999999995047,985.03999999990913,SSSW,model_assisted_not_ground_truth,0,0,0,0,0,0,0,0,0,0,0
4.98,114.00000000005862,186.00000000000534,148.00000000000887,286.99999999999113,253.00000000000711,90.999999999978684,221,203.0000000000515,8.4999999999996803,1018.0399999999413,SSSW,model_assisted_not_ground_truth,0,0,0,0,0,0,0,0,0,0,0
4.99,114,185.00000000000088,149.49999999999866,282.50000000000398,253.49999999999955,90.500000000000441,222.49999999999866,204.99999999999824,8.6199999999998926,1023.0499999999955,SSSW,model_assisted_not_ground_truth,0,0,0,0,0,0,0,0,0,0,0
5.00,114,184,151,278,254,90,224,207,8.7300000000000004,1035.0799999999999,SSSW,model_assisted_not_ground_truth,0,0,0,0,0,0,0,0,0,0,0
5.01,119.00000000000622,168.9999999999911,153.00000000000355,284.0000000000062,256.99999999999733,90.000000000009777,224.00000000000267,218.00000000000711,8.7300000000000093,1054.0900000000079,SSSW,model_assisted_not_ground_truth,0,0,0,0,0,0,0,0,0,0,0
5.02,126.00000000000186,159.00000000000094,157.00000000000654,291.00000000000279,254.00000000000654,101,226.99999999999721,226.00000000000654,8.7400000000001867,1063.1200000000429,SSSW,model_assisted_not_ground_truth,0,0,0,0,0,0,0,0,0,0,0
5.03,126.99999999999139,159.49999999999568,160.49999999996984,292.4999999999871,257.49999999996987,101,225.50000000001293,229.49999999996984,8.8399999999998897,1086.0999999999531,SSSW,model_assisted_not_ground_truth,0,0,0,0,0,0,0,0,0,0,0
5.04,127.9999999999809,159.99999999999045,163.99999999993315,293.99999999997135,260.99999999993315,101,224.00000000002865,232.99999999993315,8.8000000000001286,1069.0999999999817,SSSW,model_assisted_not_ground_truth,0,0,0,0,0,0,0,0,0,0,0
5.05,124.00000000007283,163.99999999992718,170.99999999987256,294,261,100.0000000000182,224,234.99999999996359,8.8350000000001589,1064.0899999999772,SSSW,model_assisted_not_ground_truth,0,0,0,0,0,0,0,0,0,0,0
5.06,122.00000000003446,167.99999999993108,170.00000000001722,294,260.00000000001722,99.000000000017224,220.00000000006892,231.00000000006892,8.8700000000009354,1059.0799999999942,SSSW,model_assisted_not_ground_truth,0,0,0,0,0,0,0,0,0,0,0
5.07,112.00000000016342,168,168.00000000003268,285.00000000014711,257.000000000049,95.00000000006537,213.0000000001144,220.00000000017977,9.0400000000008305,1058.0599999998526,SSSW,model_assisted_not_ground_truth,0,0,0,0,0,0,0,0,0,0,0
5.08,105.00000000010817,167.00000000001546,165.00000000004636,279.00000000009271,252.00000000007728,97.999999999953644,187.00000000040183,216.00000000006182,9.1699999999979909,1035.0300000003558,SSSW,model_assisted_not_ground_truth,0,0,0,0,0,0,0,0,0,0,0
5.09,99.000000000087397,167.99999999998545,161.00000000005826,265.00000000020395,246.0000000000874,98,173.00000000020393,210.0000000000874,9.3299999999976695,1008.9900000003793,SSSW,model_assisted_not_ground_truth,0,0,0,0,0,0,0,0,0,0,0
5.10,92.000000000095127,165.00000000004076,158.00000000004076,265.99999999998641,245.00000000001359,100.99999999995923,162.00000000014947,202.00000000010871,9.4999999999976907,980.92000000038138,SSSW,model_assisted_not_ground_truth,0,0,0,0,0,0,0,0,0,0,0
5.11,91.000000000012705,160.00000000006349,156.00000000002541,212.00000000068584,240.00000000006349,105.99999999993649,147.00000000019051,203.99999999997459,9.5749999999990472,967.38500000017189,SSSW,model_assisted_not_ground_truth,0,0,0,0,0,0,0,0,0,0,0
5.12,88.50000000002953,152.0000000000945,145.00000000012994,230.49999999978147,238.50000000001771,102.50000000004134,137.50000000011221,198.50000000006497,9.649999999999114,953.85000000015987,SSSW,model_assisted_not_ground_truth,0,0,0,0,0,0,0,0,0,0,0
5.13,86.000000000027313,144.0000000000874,134.00000000012017,248.99999999979789,237.0000000000164,99.000000000038241,128.0000000001038,193.00000000006008,9.8599999999977044,925.79000000030646,SSSW,model_assisted_not_ground_truth,0,0,0,0,0,0,0,0,0,0,0
5.14,86,139.00000000005019,120.00000000014052,243.00000000006023,234.0000000000301,97.000000000020066,114.00000000014052,190.0000000000301,9.8999999999995989,885.76000000040176,SSSW,model_assisted_not_ground_truth,0,0,0,0,0,0,0,0,0,0,0
5.15,85.500000000004533,135.50000000003172,117.50000000002265,240.00000000002717,230.00000000003624,92.000000000045304,101.00000000011778,190,10.109999999998097,857.71000000025413,SSSW,model_assisted_not_ground_truth,0,0,0,0,0,0,0,0,0,0,0
5.16,85.000000000004093,132.00000000002859,115.00000000002044,237.0000000000245,226.00000000003268,87.000000000040856,88.000000000106226,190,10.299999999998448,837.69000000016365,SSSW,model_assisted_not_ground_truth,0,0,0,0,0,0,0,0,0,0,0
5.17,84.000000000007276,133.99999999998545,109.0000000000437,228.00000000006554,221.00000000003641,65.000000000160227,76.000000000087397,185.00000000003641,10.50999999999847,816.6700000001531,SSSW,model_assisted_not_ground_truth,0,0,0,0,0,0,0,0,0,0,0
5.18,82.00000000001279,132.00000000001279,107.00000000001279,223.00000000003197,213.00000000005116,62.000000000019185,57.000000000121503,186.99999999998721,10.749999999998465,794.64000000014084,SSSW,model_assisted_not_ground_truth,0,0,0,0,0,0,0,0,0,0,0
5.19,82.999999999994586,130.00000000001083,99.000000000043343,233.9999999999404,204.00000000004877,62,52.000000000027086,186.00000000000543,10.844999999999485,786.12000000004616,SSSW,model_assisted_not_ground_truth,0,0,0,0,0,0,0,0,0,0,0
5.20,86.999999999981881,129.00000000000452,85.000000000063409,223.00000000004982,192.00000000005434,63.999999999990941,48.000000000018119,178.00000000003624,10.93999999999957,777.60000000003856,SSSW,model_assisted_not_ground_truth,0,0,0,0,0,0,0,0,0,0,0
5.21,92.999999999978144,126.50000000000911,83.500000000005457,216.00000000002549,186.50000000002004,60.500000000012747,48,173.5000000000164,11.159999999999199,772.56000000001825,SSSW,model_assisted_not_ground_truth,0,0,0,0,0,0,0,0,0,0,0
5.22,98.999999999983487,124.00000000000688,82.000000000004135,209.00000000001927,181.00000000001515,57.000000000009635,48,169.00000000001239,11.389999999999368,761.54000000003032,SSSW,model_assisted_not_ground_truth,0,0,0,0,0,0,0,0,0,0,0
5.23,108.99999999998224,124,80.000000000003553,207.00000000000355,174.00000000001245,55.000000000003553,47.000000000001776,174.99999999998934,11.559999999999699,759.5300000000035,SSSW,model_assisted_not_ground_truth,0,0,0,0,0,0,0,0,0,0,0
5.24,122.99999999998757,124.99999999999912,79.000000000000881,1.8386003830528352e-10,168.00000000000534,56.999999999998224,47,178.99999999999645,11.759999999999822,759.50999999999999,SSSW,model_assisted_not_ground_truth,0,0,0,0,0,0,0,0,0,0,0
5.25,128,127,79,204,164,59,47,187,11.949999999999999,748.49000000000001,SSSW,model_assisted_not_ground_truth,0,0,0,0,0,0,0,0,0,0,0
5.26,136.99999999999912,131.00000000000355,80.000000000000895,203.99999999999466,169.99999999999645,62,47.000000000000888,190.00000000000088,12.170000000000133,747.46999999999957,SSSW,model_assisted_not_ground_truth,0,0,0,0,0,0,0,0,0,0,0
5.27,136.00000000002424,135.0000000000056,81,198,165.99999999998508,62.000000000001869,48,191,12.320000000000281,746.95999999999913,SSSW,model_assisted_not_ground_truth,0,0,0,0,0,0,0,0,0,0,0
5.28,149.00000000002754,138.00000000001376,81.000000000008257,197.99999999998073,158.00000000000551,63.000000000011013,48.000000000005507,191.00000000000276,12.470000000000772,746.45000000001369,SSSW,model_assisted_not_ground_truth,0,0,0,0,0,0,0,0,0,0,0
5.29,158.99999999980903,142.99999999990453,83.999999999942716,191.00000000013367,159.9999999999618,66.999999999923617,49.999999999961808,191.9999999999809,12.750000000001092,751.4200000000618,SSSW,model_assisted_not_ground_truth,0,0,0,0,0,0,0,0,0,0,0
5.30,164.99999999989075,148.99999999989075,84.999999999981796,183.00000000014566,159.00000000001822,77.999999999799712,56.999999999872543,192.99999999998178,13.050000000002765,768.3899999998049,SSSW,model_assisted_not_ground_truth,0,0,0,0,0,0,0,0,0,0,0
5.31,179.99999999974153,159.99999999981046,95.999999999810456,182.00000000001722,164.9999999998966,79.999999999965539,70.999999999758771,198.9999999998966,13.660000000001542,725.32000000004928,SSSW,model_assisted_not_ground_truth,0,0,0,0,0,0,0,0,0,0,0
5.32,188.99999999985292,162.99999999995097,103.99999999986926,190.99999999985292,157.00000000013074,81.999999999967315,78.99999999986926,201.99999999995097,13.940000000001023,734.25000000009891,SSSW,model_assisted_not_ground_truth,0,0,0,0,0,0,0,0,0,0,0
5.33,192.99999999993818,166.99999999993818,109.99999999990727,185.00000000009271,173.99999999973727,85.999999999938183,92.99999999978364,205.99999999993818,14.099999999999346,749.70999999993683,SSSW,model_assisted_not_ground_truth,0,0,0,0,0,0,0,0,0,0,0
5.34,213.99999999969413,167.99999999998545,110.99999999998543,203.99999999972323,180.99999999989802,89.999999999941735,104.99999999982521,210.99999999992718,14.259999999997669,765.16999999977475,SSSW,model_assisted_not_ground_truth,0,0,0,0,0,0,0,0,0,0,0
5.35,230.99999999976899,176.9999999998777,122.99999999983693,2.7721966944227461e-09,176.00000000006796,101.99999999983693,124.99999999972822,216.99999999991846,14.679999999994292,761.08000000005563,SSSW,model_assisted_not_ground_truth,0,0,0,0,0,0,0,0,0,0,0
5.36,235.99999999993651,188.9999999998476,127.99999999993649,201.9999999974344,175.0000000000127,108.9999999999111,132.99999999989839,219.99999999996189,14.97999999999619,773.98999999983607,SSSW,model_assisted_not_ground_truth,0,0,0,0,0,0,0,0,0,0,0
5.37,246.99999999987006,195.99999999991732,140.99999999984644,2.3861730369389988e-09,175,108.00000000001181,137.99999999994094,224.99999999994094,15.289999999996336,785.84999999985996,SSSW,model_assisted_not_ground_truth,0,0,0,0,0,0,0,0,0,0,0
5.38,251.99999999994537,200.99999999994537,145.99999999994537,0,181.99999999992352,106.00000000002186,145.9999999999126,227.99999999996723,15.519999999997488,798.75999999985891,SSSW,model_assisted_not_ground_truth,0,0,0,0,0,0,0,0,0,0,0
5.39,252.99999999998997,204.99999999995987,150.99999999994981,0,188.99999999992974,120.99999999984945,158.99999999986952,227.00000000001003,15.689999999998292,804.69999999994047,SSSW,model_assisted_not_ground_truth,0,0,0,0,0,0,0,0,0,0,0
5.40,263.99999999990035,211.99999999993659,152.99999999998187,237.99999999784384,191.99999999997283,127.99999999993659,178.99999999981881,235.99999999991846,15.789999999999093,787.66000000015435,SSSW,model_assisted_not_ground_truth,0,0,0,0,0,0,0,0,0,0,0
5.41,267.99999999996732,212.99999999999181,160.99999999993463,1.9447554677753942e-09,201.99999999991829,127.00000000000817,194.99999999986926,238.9999999999755,15.95999999999861,800.65999999989378,SSSW,model_assisted_not_ground_truth,0,0,0,0,0,0,0,0,0,0,0
5.42,268.99999999999272,216.99999999997087,161,0,198.00000000002913,116.00000000008012,210.99999999988347,240.99999999998545,16.129999999998759,813.65999999990527,SSSW,model_assisted_not_ground_truth,0,0,0,0,0,0,0,0,0,0,0
5.43,269.99999999999363,215.00000000001279,163.99999999998082,247.99999999841407,201.99999999997442,116.99999999999361,214.99999999997442,241.99999999999361,16.239999999999295,832.64999999987856,SSSW,model_assisted_not_ground_truth,0,0,0,0,0,0,0,0,0,0,0
5.44,270,213.00000000001083,164.99999999999457,252.99999999997291,199.00000000001626,120.99999999997833,215,236.00000000003251,16.329999999999512,829.62000000001638,SSSW,model_assisted_not_ground_truth,0,0,0,0,0,0,0,0,0,0,0
5.45,270,201.00000000005434,165.99999999999548,256.99999999998187,202.99999999998187,119.00000000000907,216.99999999999093,229.00000000003172,16.419999999999593,830.5899999999956,SSSW,model_assisted_not_ground_truth,0,0,0,0,0,0,0,0,0,0,0
5.46,268.00000000000728,194.00000000002549,166.99999999999636,258.99999999999272,200.00000000001091,120.99999999999272,211.00000000002186,223.00000000002186,16.499999999999709,820.57000000003654,SSSW,model_assisted_not_ground_truth,0,0,0,0,0,0,0,0,0,0,0
5.47,267.00000000000273,176.00000000004957,164.00000000000827,257.00000000000551,196.00000000001103,117.00000000001101,212.99999999999449,216.00000000001927,16.549999999999862,821.54999999999734,SSSW,model_assisted_not_ground_truth,0,0,0,0,0,0,0,0,0,0,0
5.48,265.00000000000352,175.00000000000176,157.00000000001245,252.00000000000887,193.00000000000534,115.00000000000355,212.00000000000176,207.00000000001597,16.599999999999913,822.52999999999827,SSSW,model_assisted_not_ground_truth,0,0,0,0,0,0,0,0,0,0,0
5.49,248.00000000001509,163.00000000001066,149.00000000000711,244.00000000000711,188.00000000000443,106.00000000000799,208.00000000000355,188.00000000001688,16.649999999999956,803.50000000001694,SSSW,model_assisted_not_ground_truth,0,0,0,0,0,0,0,0,0,0,0
5.50,219,154,128,236,173,85,191,150,16.710000000000001,801.47000000000003,SSSW,model_assisted_not_ground_truth,0,0,0,0,0,0,0,0,0,0,0
5.51,196.999999999984,149.99999999998312,109.99999999997424,227.99999999999645,159.99999999999378,75.999999999984894,170.99999999998045,107.99999999998489,16.750000000000046,791.43999999998141,SSSW,model_assisted_not_ground_truth,0,0,0,0,0,0,0,0,0,0,0
5.52,178.9999999999832,130.99999999997388,80.999999999975756,223.9999999999776,152.99999999998136,58.99999999998321,148.9999999999832,90.999999999975756,16.800000000000075,770.42999999998869,SSSW,model_assisted_not_ground_truth,0,0,0,0,0,0,0,0,0,0,0
5.53,169.9999999999697,116.99999999996972,67.999999999944933,211.99999999993392,142.99999999994495,49.999999999986237,139.99999999996697,77.99999999996696,16.839999999999971,764.40999999998064,SSSW,model_assisted_not_ground_truth,0,0,0,0,0,0,0,0,0,0,0
5.54,159.00000000021006,106.00000000021005,48.000000000381917,188.0000000004583,123.00000000038192,45.000000000095483,128.00000000022914,66.00000000022915,16.829999999999707,757.39999999994529,SSSW,model_assisted_not_ground_truth,0,0,0,0,0,0,0,0,0,0,0
5.55,145.50000000024579,96.500000000172975,47.000000000018204,174.50000000024579,107.00000000029132,44.000000000018204,115.5000000002276,55.000000000200288,16.749999999999638,742.394999999932,SSSW,model_assisted_not_ground_truth,0,0,0,0,0,0,0,0,0,0,0
5.56,132.0000000002326,87.000000000163695,46.000000000017231,161.0000000002326,91.000000000275691,43.000000000017231,103.00000000021538,44.000000000189537,16.669999999997469,727.38999999954865,SSSW,model_assisted_not_ground_truth,0,0,0,0,0,0,0,0,0,0,0
5.57,106.0000000004249,77.000000000163425,46,144.00000000027782,56.000000000571987,40.000000000049027,80.000000000375877,37.000000000114397,16.209999999994885,645.42999999942492,SLT,model_assisted_not_ground_truth,0,0,0,0,0,0,0,0,0,0,0
5.58,89.00000000026273,61.000000000247269,43.000000000046363,123.00000000032455,49.00000000010818,38.000000000030909,52.000000000432721,25.000000000185452,15.410000000012364,555.5100000013897,SLT,model_assisted_not_ground_truth,0,0,0,0,0,0,0,0,0,0,0
5.59,84.000000000072831,53.000000000116529,43.499999999992717,114.0000000001311,49.499999999992717,37.500000000007283,46.000000000087397,21.500000000050981,14.840000000008303,501.60000000078526,SLT,model_assisted_not_ground_truth,0,0,0,0,0,0,0,0,0,0,0
5.60,79.000000000067942,45.000000000108713,43.999999999993207,105.0000000001223,49.999999999993207,37.000000000006793,40.000000000081535,18.000000000047564,14.370000000006385,452.66000000066509,SLT,model_assisted_not_ground_truth,0,0,0,0,0,0,0,0,0,0,0
5.61,68.000000000139707,41.000000000050804,40.000000000050804,92.000000000165116,49.000000000012705,37,37.000000000038099,18,14.180000000002412,428.66000000030488,SLT,model_assisted_not_ground_truth,0,0,0,0,0,0,0,0,0,0,0
5.62,66.000000000023618,41,39.000000000011809,2.0000000010631567,47.000000000023626,37.999999999988191,38.999999999976374,19.999999999976374,14.160000000000236,428.16500000000588,SLT,model_assisted_not_ground_truth,0,0,0,0,0,0,0,0,0,0,0
5.63,63.00000000003277,46.999999999934452,42.999999999956302,2.9999999999890754,46.000000000010928,37.000000000010928,38.000000000010928,24.999999999945377,14.140000000000219,427.67000000000542,SLT,model_assisted_not_ground_truth,0,0,0,0,0,0,0,0,0,0,0
5.64,63.999999999989967,43.000000000040146,43.999999999989967,3.0109248427834245e-11,46.999999999989967,37.999999999989967,38,25.999999999989964,14.179999999999598,428.65999999999008,SLT,model_assisted_not_ground_truth,0,0,0,0,0,0,0,0,0,0,0
5.65,64.999999999990933,47.999999999954703,44,65.999999999402078,50.999999999963762,38,38,21.000000000045297,14.209999999999729,429.649999999991,SLT,model_assisted_not_ground_truth,0,0,0,0,0,0,0,0,0,0,0
5.66,65,51.999999999967315,43.000000000008171,67.999999999983658,48.000000000024514,38,38.999999999991829,21.999999999991829,14.200000000000081,428.65000000000816,SLT,model_assisted_not_ground_truth,0,0,0,0,0,0,0,0,0,0,0
5.67,63.000000000014566,55.999999999970868,44.999999999985434,74.999999999949011,45.000000000021849,38,38.000000000007283,24.999999999978151,14.199999999999999,428.64999999999998,SLT,model_assisted_not_ground_truth,0,0,0,0,0,0,0,0,0,0,0
5.68,64.99999999998721,52.00000000002558,46.99999999998721,82.999999999948841,44.000000000006395,38,31.000000000044764,25.999999999993605,14.160000000000256,427.66000000000633,SLT,model_assisted_not_ground_truth,0,0,0,0,0,0,0,0,0,0,0
5.69,65.999999999994586,52.999999999994586,45.000000000010836,87.999999999972914,44.999999999994586,37.000000000005414,31,27.999999999989164,14.174999999999919,429.1549999999919,SLT,model_assisted_not_ground_truth,0,0,0,0,0,0,0,0,0,0,0
5.70,68.999999999986414,41.000000000054357,46.999999999990941,75.00000000005889,45.999999999995467,37,31,27.00000000000453,14.189999999999932,430.64999999999321,SLT,model_assisted_not_ground_truth,0,0,0,0,0,0,0,0,0,0,0
5.71,74.999999999978144,38.000000000010928,46.000000000003638,56.000000000069193,48.999999999989072,32.000000000018204,30.000000000003642,32.999999999978151,14.19,430.64999999999998,SLT,model_assisted_not_ground_truth,0,0,0,0,0,0,0,0,0,0,0
5.72,71.000000000011013,33.00000000001377,46,56.999999999997243,49.999999999997243,31.000000000002753,30,46.999999999961453,14.180000000000028,429.66000000000275,SLT,model_assisted_not_ground_truth,0,0,0,0,0,0,0,0,0,0,0
5.73,68.000000000005329,31.000000000003553,45.000000000001776,54.000000000005329,50,31,30,50.999999999992895,14.160000000000036,430.65999999999826,SLT,model_assisted_not_ground_truth,0,0,0,0,0,0,0,0,0,0,0
5.74,64.000000000003553,30.000000000000888,44.000000000000888,54.999999999999112,50,31,30,51,14.150000000000009,428.66000000000179,SLT,model_assisted_not_ground_truth,0,0,0,0,0,0,0,0,0,0,0
5.75,47,25,44,82,50,32,29,62,14.119999999999999,430.68000000000001,SLT,model_assisted_not_ground_truth,0,0,0,0,0,0,0,0,0,0,0
5.76,43.999999999999112,24.000000000001776,43,78.000000000005329,49.999999999999112,32,11.999999999998224,61.000000000000888,14.120000000000008,430.68000000000001,SLT,model_assisted_not_ground_truth,0,0,0,0,0,0,0,0,0,0,0
5.77,43,25.999999999990674,42.999999999998131,84.000000000009322,49.00000000000373,32.000000000007461,9.9999999999962697,61.999999999998131,14.130000000000019,430.67500000000001,SLT,model_assisted_not_ground_truth,0,0,0,0,0,0,0,0,0,0,0
5.78,43,21.000000000002753,42.00000000000275,88.999999999975216,51,36.00000000000275,8.0000000000055067,60.999999999977973,14.140000000000001,430.67000000000002,SLT,model_assisted_not_ground_truth,0,0,0,0,0,0,0,0,0,0,0
5.79,43,21.999999999980904,42.999999999980901,80.000000000171866,51,36.999999999980901,9.9999999999618083,53.000000000152767,14.140000000000073,430.66999999999996,SLT,model_assisted_not_ground_truth,0,0,0,0,0,0,0,0,0,0,0
5.80,43,15.000000000127454,42.000000000018204,73.000000000127457,51,37,9.0000000000182077,43.000000000182077,14.16,430.66000000000003,SLT,model_assisted_not_ground_truth,0,0,0,0,0,0,0,0,0,0,0
5.81,43,21.999999999879385,42.999999999982769,71.000000000034461,51,37,9,46.999999999931077,14.16,430.66000000000003,SLT,model_assisted_not_ground_truth,0,0,0,0,0,0,0,0,0,0,0
5.82,43,21.000000000016342,43,70.000000000016342,51.999999999983658,37,9,49.999999999950973,14.160000000000192,430.66000000000633,SLT,model_assisted_not_ground_truth,0,0,0,0,0,0,0,0,0,0,0
5.83,43.999999999984546,19.000000000030909,43.999999999984546,72.999999999953644,51.000000000015454,37.999999999984546,8.0000000000154543,49.000000000015454,14.189999999999536,431.64999999998469,SLT,model_assisted_not_ground_truth,0,0,0,0,0,0,0,0,0,0,0
5.84,44,19.999999999985434,42.000000000029132,59.000000000203926,51,38,8.9999999999854339,46.000000000043698,14.204999999999782,431.64500000000004,SLT,model_assisted_not_ground_truth,0,0,0,0,0,0,0,0,0,0,0
5.85,44.999999999986414,15.000000000067946,39.000000000040771,55.000000000054357,51,38,8.0000000000135891,46,14.219999999999796,431.64000000000004,SLT,model_assisted_not_ground_truth,0,0,0,0,0,0,0,0,0,0,0
5.86,45,13.000000000025402,39,56.999999999974598,50.000000000012705,38,8.999999999987299,45.000000000012705,14.210000000000129,431.63999999999999,SLT,model_assisted_not_ground_truth,0,0,0,0,0,0,0,0,0,0,0
5.87,45,13,39,57,50,38,8.0000000000118128,39.000000000070877,14.190000000000236,431.64999999999986,SLT,model_assisted_not_ground_truth,0,0,0,0,0,0,0,0,0,0,0
5.88,43.000000000021849,20.999999999912603,39,50.000000000076469,50.999999999989072,38,8,37.000000000021849,14.209999999999782,430.65000000001089,SLT,model_assisted_not_ground_truth,0,0,0,0,0,0,0,0,0,0,0
5.89,42.000000000010033,12.000000000090328,39,50.999999999989967,50.000000000010033,38,6.0000000000200728,40.999999999959854,14.2399999999997,431.63999999999004,SLT,model_assisted_not_ground_truth,0,0,0,0,0,0,0,0,0,0,0
5.90,40.000000000018119,19.999999999927525,39,56.999999999945643,50,38,7.9999999999818812,33.000000000072475,14.230000000000091,433.63999999998185,SLT,model_assisted_not_ground_truth,0,0,0,0,0,0,0,0,0,0,0
5.91,40.999999999991829,19.000000000008171,39,49.00000000006537,50,38,8,33.999999999991829,14.220000000000082,432.64000000000817,SLT,model_assisted_not_ground_truth,0,0,0,0,0,0,0,0,0,0,0
5.92,40.000000000007283,15.000000000029132,38.000000000007283,50.999999999985434,49.000000000007283,37.000000000007283,8,27.000000000050981,14.190000000000218,431.6500000000072,SLT,model_assisted_not_ground_truth,0,0,0,0,0,0,0,0,0,0,0
5.93,38.00000000001279,15,38.999999999993605,45.000000000038369,50.99999999998721,37,8.9999999999936051,27,14.160000000000192,430.66000000000633,SLT,model_assisted_not_ground_truth,0,0,0,0,0,0,0,0,0,0,0
5.94,37.000000000005414,17.999999999983746,38.000000000005414,45.999999999994586,51,32.000000000027086,8.0000000000054179,30.999999999978328,14.169999999999945,432.64999999998918,SLT,model_assisted_not_ground_truth,0,0,0,0,0,0,0,0,0,0,0
5.95,32.000000000022652,20.999999999986411,38,46,51.999999999995467,32,9.9999999999909406,37.999999999968296,14.20999999999982,431.64000000000453,SLT,model_assisted_not_ground_truth,0,0,0,0,0,0,0,0,0,0,0
5.96,36.999999999981796,17.000000000014566,38.999999999996362,48.999999999989072,51.000000000003638,1.1652900866465643e-10,11.999999999992717,48.99999999995994,14.18000000000011,433.64999999999264,SLT,model_assisted_not_ground_truth,0,0,0,0,0,0,0,0,0,0,0
5.97,37,21.999999999986233,39.999999999997243,52.999999999988987,51,0,24.999999999964206,60.99999999996696,14.170000000000027,434.65999999999724,SLT,model_assisted_not_ground_truth,0,0,0,0,0,0,0,0,0,0,0
5.98,38.999999999996447,22,39.000000000001776,57.999999999991118,51.999999999998224,0,29.999999999991118,73.999999999976907,14.160000000000018,434.66000000000003,SLT,model_assisted_not_ground_truth,0,0,0,0,0,0,0,0,0,0,0
5.99,39.999999999999112,25.999999999996447,33.000000000005329,88.999999999972459,53.999999999998224,0,30.999999999999112,115.9999999999627,14.184999999999977,435.65499999999912,SLT,model_assisted_not_ground_truth,0,0,0,0,0,0,0,0,0,0,0
6.00,42,24,37,107,56,0,31,145,14.210000000000001,436.64999999999998,SLT,model_assisted_not_ground_truth,0,0,0,0,0,0,0,0,0,0,0
6.01,42,25.000000000005329,38.000000000000888,120.00000000000888,54.999999999999112,2.7533531010728924e-11,30.999999999999112,163.00000000001245,14.239999999999982,437.64999999999822,SLT,model_assisted_not_ground_truth,0,0,0,0,0,0,0,0,0,0,0
6.02,42,30.999999999998135,39.000000000000931,130.00000000000094,53.999999999999069,31.00000000000373,30.000000000000931,176.99999999999906,14.22000000000002,435.65000000000185,SLT,model_assisted_not_ground_truth,0,0,0,0,0,0,0,0,0,0,0
6.03,42,30.000000000008615,39.499999999995694,130.49999999999568,53.500000000004306,32.999999999982769,30.499999999995694,176.50000000000432,14.22999999999989,436.65000000000549,SLT,model_assisted_not_ground_truth,0,0,0,0,0,0,0,0,0,0,0
6.04,42,29.000000000019096,39.99999999999045,130.99999999999045,53.00000000000955,34.999999999961808,30.99999999999045,176.00000000000955,14.19,438.6499999999964,SLT,model_assisted_not_ground_truth,0,0,0,0,0,0,0,0,0,0,0
6.05,41.000000000018204,29.999999999981792,40.999999999981796,131.99999999998178,53,36.999999999963585,32.999999999963585,164.00000000021851,14.1899999999995,437.66000000000014,SLT,model_assisted_not_ground_truth,0,0,0,0,0,0,0,0,0,0,0
6.06,41.499999999991388,44.99999999974154,42.49999999997415,132.99999999998278,53.999999999982769,37,40.499999999870766,169.9999999998966,14.079999999997026,437.69000000004212,SLT,model_assisted_not_ground_truth,0,0,0,0,0,0,0,0,0,0,0
6.07,41.999999999991829,59.999999999754863,43.999999999975486,133.99999999998366,54.999999999983658,37,47.999999999877431,175.99999999990195,13.540000000002685,445.33999999996195,SLT,model_assisted_not_ground_truth,0,0,0,0,0,0,0,0,0,0,0
6.08,42,76.99999999973727,44.999999999984546,137.99999999993818,84.999999999536371,37,68.999999999675453,184.9999999998609,13.000000000008345,452.98999999988177,SLT,model_assisted_not_ground_truth,0,0,0,0,0,0,0,0,0,0,0
6.09,42.999999999985434,93.999999999752376,47.999999999956302,145.99999999988347,107.99999999966498,37.999999999985434,90.999999999679545,209.99999999963586,10.19000000004093,632.47999999738556,SLT,model_assisted_not_ground_truth,0,0,0,0,0,0,0,0,0,0,0
6.10,60.999999999755396,108.99999999979616,48,157.99999999983692,135.99999999961949,39.999999999972822,155.99999999911671,242.99999999955156,8.390000000024461,849.91999999704512,SLT,model_assisted_not_ground_truth,0,0,0,0,0,0,0,0,0,0,0
6.11,94.999999999568161,125.99999999978408,70.999999999707882,187.99999999961898,173.99999999951737,43.999999999949196,172.99999999978408,267.99999999968247,8.0200000000046998,900.08999999936282,SLT,model_assisted_not_ground_truth,0,0,0,0,0,0,0,0,0,0,0
6.12,129.99999999958655,166.99999999951567,96.999999999692875,245.99999999931487,236.99999999925581,44.999999999988191,188.999999999811,259.0000000001063,8.0199999999999996,901.12999999998772,SLT,model_assisted_not_ground_truth,0,0,0,0,0,0,0,0,0,0,0
6.13,146.99999999981429,176.99999999989075,131.99999999961764,267.99999999975967,242.99999999993446,59.999999999836135,192.99999999995629,238.00000000022942,7.970000000000546,926.12999999972692,SLT,model_assisted_not_ground_truth,0,0,0,0,0,0,0,0,0,0,0
6.14,147.99999999999005,177.99999999999005,136.49999999995524,272.49999999995521,244.49999999998508,61.999999999980105,192.00000000000995,217.0000000002089,8.0699999999990055,934.08999999992079,SLT,model_assisted_not_ground_truth,0,0,0,0,0,0,0,0,0,0,0
6.15,148.99999999999093,178.99999999999093,140.99999999995924,276.99999999995924,245.99999999998641,63.999999999981881,191.00000000000907,196.00000000019025,8.1499999999992756,944.58999999990488,SLT,model_assisted_not_ground_truth,0,0,0,0,0,0,0,0,0,0,0
6.16,130.00000000015524,176.0000000000245,131.00000000008171,276.00000000000819,245.00000000000819,70.999999999942801,185.00000000004903,182.0000000001144,8.2299999999993467,955.0899999999142,SLT,model_assisted_not_ground_truth,0,0,0,0,0,0,0,0,0,0,0
6.17,105.00000000018207,178.99999999997814,117.00000000010196,275.00000000000728,245,71.999999999992724,186.99999999998545,191.99999999992718,8.5199999999978875,1000.119999999672,SLT,model_assisted_not_ground_truth,0,0,0,0,0,0,0,0,0,0,0
6.18,101.00000000002558,160.0000000001215,132.99999999989768,275,246.99999999998721,73.99999999998721,204.99999999988489,209.99999999988489,8.6399999999992332,1016.1599999998974,SLT,model_assisted_not_ground_truth,0,0,0,0,0,0,0,0,0,0,0
6.19,107.99999999996207,148.00000000006503,142.99999999994583,275.9999999999946,247,79.999999999967486,210.99999999996749,211.99999999998917,8.7699999999992961,1041.1999999998643,SLT,model_assisted_not_ground_truth,0,0,0,0,0,0,0,0,0,0,0
6.20,119.99999999994564,148,143,277.99999999999096,250.99999999998187,86.999999999968296,216.99999999997283,217.99999999997283,8.8399999999996837,1071.2199999998641,SLT,model_assisted_not_ground_truth,0,0,0,0,0,0,0,0,0,0,0
6.21,127.99999999997087,150.99999999998909,145.99999999998909,284.99999999997453,256.99999999997817,92.999999999978144,222.99999999997814,223.99999999997814,8.9299999999996729,1067.2100000000146,SLT,model_assisted_not_ground_truth,0,0,0,0,0,0,0,0,0,0,0
6.22,134.99999999998073,154.99999999998897,152.99999999998073,295.9999999999697,259.99999999999176,96.999999999988987,226.99999999998897,227.99999999998897,8.9649999999999039,1064.2050000000083,SLT,model_assisted_not_ground_truth,0,0,0,0,0,0,0,0,0,0,0
6.23,131.00000000000711,155,162.99999999998224,298.99999999999466,266.99999999998755,98.999999999996447,219.00000000001421,222.00000000001066,8.9999999999999378,1061.2000000000053,SLT,model_assisted_not_ground_truth,0,0,0,0,0,0,0,0,0,0,0
6.24,126.00000000000443,156.99999999999824,161.00000000000176,300.99999999999824,267,101.99999999999733,215.00000000000355,210.00000000001066,9.1299999999998853,1039.1700000000196,SLT,model_assisted_not_ground_truth,0,0,0,0,0,0,0,0,0,0,0
6.25,119,160,163,297,263,97,189,195,9.2100000000000009,1021.11,SLT,model_assisted_not_ground_truth,0,0,0,0,0,0,0,0,0,0,0
6.26,112.999999999992,160.00000000000088,160,295.99999999999199,258.99999999999557,93.000000000002672,177.99999999998667,189.99999999999289,9.2400000000001867,980.10999999997603,SLT,model_assisted_not_ground_truth,0,0,0,0,0,0,0,0,0,0,0
6.27,103.9999999999888,160.99999999999812,159.99999999999812,286.99999999996459,253.9999999999944,95.999999999988802,162.9999999999776,182.00000000002424,9.45000000000028,953.0499999999588,SLT,model_assisted_not_ground_truth,0,0,0,0,0,0,0,0,0,0,0
6.28,97.99999999998073,159.99999999997797,158.99999999999449,267.99999999998897,250.99999999999724,90.000000000011013,150.99999999995319,194.99999999998073,9.6000000000005237,930.96999999991726,SLT,model_assisted_not_ground_truth,0,0,0,0,0,0,0,0,0,0,0
6.29,91.000000000133667,152.00000000015277,157.0000000000382,264.0000000000764,250.0000000000191,93.999999999923617,134.00000000032463,188.00000000013367,9.7900000000003633,900.90999999995245,SLT,model_assisted_not_ground_truth,0,0,0,0,0,0,0,0,0,0,0
6.30,90.000000000018204,146.00000000010925,154.00000000005463,260.00000000007282,247.00000000005463,90.000000000072831,124.00000000018207,186.00000000003641,9.8900000000004518,887.874999999941,SLT,model_assisted_not_ground_truth,0,0,0,0,0,0,0,0,0,0,0
6.31,85.000000000086146,138.00000000013785,136.00000000031014,1.00000000446272,245.00000000003445,89.000000000017224,108.00000000027569,191.9999999998966,9.9900000000010465,874.8399999998785,SLT,model_assisted_not_ground_truth,0,0,0,0,0,0,0,0,0,0,0
6.32,85,135.00000000004903,117.00000000031051,1.6342482922482304e-11,243.00000000003268,84.000000000081712,99.000000000147082,194.99999999995097,10.180000000001918,852.77999999981421,SLT,model_assisted_not_ground_truth,0,0,0,0,0,0,0,0,0,0,0
6.33,85,129.00000000009271,110.00000000010817,241.99999999626004,240.00000000004636,82.000000000030909,74.000000000386365,192.00000000004636,10.479999999995364,823.73000000044897,SLT,model_assisted_not_ground_truth,0,0,0,0,0,0,0,0,0,0,0
6.34,84.000000000014566,123.0000000000874,107.0000000000437,1.0000000035104506,234.0000000000874,73.000000000131095,55.000000000276756,184.00000000011653,10.709999999996651,780.69000000062692,SLT,model_assisted_not_ground_truth,0,0,0,0,0,0,0,0,0,0,0
6.35,82.000000000027171,129.99999999990487,88.000000000258197,1,226.00000000010871,71.000000000027171,50.000000000067942,186.99999999995924,10.99999999999606,758.65000000029943,SLT,model_assisted_not_ground_truth,0,0,0,0,0,0,0,0,0,0,0
6.36,82.499999999993648,126.50000000004445,87.500000000006352,105.9999999986664,217.50000000010795,62.000000000114312,45.500000000057156,183.00000000005082,11.11499999999854,750.13000000010823,SLT,model_assisted_not_ground_truth,0,0,0,0,0,0,0,0,0,0,0
6.37,82.999999999994088,123.00000000004134,87.000000000005912,210.99999999875965,209.00000000010041,53.000000000106311,41.000000000053156,179.00000000004724,11.229999999998642,741.61000000010063,SLT,model_assisted_not_ground_truth,0,0,0,0,0,0,0,0,0,0,0
6.38,82.000000000010928,121.00000000002186,77.000000000109253,203.0000000000874,192.00000000018571,52.000000000010928,38.00000000003277,181.99999999996723,11.499999999997051,725.57000000017524,SLT,model_assisted_not_ground_truth,0,0,0,0,0,0,0,0,0,0,0
6.39,85.99999999996021,117.00000000003979,75.000000000019895,202.00000000000995,189.00000000002984,52,38,178.00000000003979,11.799999999997016,711.53000000013958,SLT,model_assisted_not_ground_truth,0,0,0,0,0,0,0,0,0,0,0
6.40,90.999999999954696,118.49999999998641,73.500000000013586,197.0000000000453,187.00000000001813,52.999999999990941,38,180.49999999997735,12.13999999999692,704.49000000006379,SLT,model_assisted_not_ground_truth,0,0,0,0,0,0,0,0,0,0,0
6.41,95.999999999959144,119.99999999998775,72.00000000001225,192.00000000004087,185.00000000001634,53.999999999991829,38,182.99999999997956,12.389999999997958,702.46000000001663,SLT,model_assisted_not_ground_truth,0,0,0,0,0,0,0,0,0,0,0
6.42,96.999999999992724,120.99999999999272,73.999999999985434,188.00000000002913,179.00000000004371,54.999999999992717,38,179.00000000002913,12.609999999998397,698.43000000002928,SLT,model_assisted_not_ground_truth,0,0,0,0,0,0,0,0,0,0,0
6.43,114.99999999988489,115.00000000003837,68.000000000038369,180.00000000005116,165.00000000008953,53.00000000001279,38,182.99999999997442,12.969999999997698,686.39000000007695,SLT,model_assisted_not_ground_truth,0,0,0,0,0,0,0,0,0,0,0
6.44,117.99999999998374,117.49999999998646,67.500000000002714,178.00000000001083,162.00000000001626,53,38,184.99999999998917,13.044999999999593,686.86999999999739,SLT,model_assisted_not_ground_truth,0,0,0,0,0,0,0,0,0,0,0
6.45,120.99999999998641,119.99999999998867,67.00000000000226,176.00000000000907,159.00000000001359,53,38,186.99999999999093,13.11999999999966,687.34999999999786,SLT,model_assisted_not_ground_truth,0,0,0,0,0,0,0,0,0,0,0
6.46,129.99999999996723,118.00000000000728,70.999999999985434,161.00000000005463,146.00000000004735,52.000000000003638,41.999999999985434,195.99999999996723,13.609999999998216,672.31000000005474,SLT,model_assisted_not_ground_truth,0,0,0,0,0,0,0,0,0,0,0
6.47,134.99999999998624,124.99999999998073,71.999999999997243,161.99999999999724,150.99999999998624,57.99999999998348,44.999999999991743,193.00000000000827,13.779999999999532,679.26999999998077,SLT,model_assisted_not_ground_truth,0,0,0,0,0,0,0,0,0,0,0
6.48,152.99999999996803,130.99999999998934,77.999999999989342,153.00000000001597,146.00000000000887,60.999999999994671,47.999999999994671,200.99999999998579,13.999999999999609,691.21999999997877,SLT,model_assisted_not_ground_truth,0,0,0,0,0,0,0,0,0,0,0
6.49,162.99999999999113,141.99999999999022,81.999999999996447,159.99999999999378,152.99999999999378,72.999999999989342,59.999999999989342,202.99999999999824,14.249999999999778,698.15999999999383,SLT,model_assisted_not_ground_truth,0,0,0,0,0,0,0,0,0,0,0
6.50,180,152,85,172,148,72,71,206,14.57,707.03999999999996,SLT,model_assisted_not_ground_truth,0,0,0,0,0,0,0,0,0,0,0
6.51,189.00000000001688,155.00000000000978,103.00000000000533,163.0000000000293,160.00000000000711,83.000000000004448,91.00000000001954,209.0000000000089,14.735000000000147,720.9900000000124,SLT,model_assisted_not_ground_truth,0,0,0,0,0,0,0,0,0,0,0
6.52,208.00000000004104,166.00000000003172,109.00000000002424,196.00000000000747,168,88.000000000027981,113.00000000002238,219.00000000000932,14.900000000000356,734.94000000002984,SLT,model_assisted_not_ground_truth,0,0,0,0,0,0,0,0,0,0,0
6.53,230.0000000000303,183.00000000001376,122.00000000001927,200.00000000001651,168.00000000002203,103.00000000002203,125.00000000001377,224.00000000001376,15.090000000000606,750.89000000003284,SLT,model_assisted_not_ground_truth,0,0,0,0,0,0,0,0,0,0,0
6.54,240.99999999978994,187.99999999990453,128.99999999986633,205.99999999988543,175.99999999984723,110.99999999984723,129.99999999990453,228.99999999990453,15.310000000000729,762.83000000005075,SLT,model_assisted_not_ground_truth,0,0,0,0,0,0,0,0,0,0,0
6.55,246.99999999989075,193.99999999989075,140.99999999978149,226.99999999961764,173.00000000005463,110.0000000000182,145.99999999970868,237.99999999983612,15.510000000000725,776.75000000006776,SLT,model_assisted_not_ground_truth,0,0,0,0,0,0,0,0,0,0,0
6.56,257.99999999981048,195.99999999996555,144.99999999993108,225.00000000003445,173,116.99999999987938,161.99999999972431,241.99999999993108,15.670000000000137,791.70999999994763,SLT,model_assisted_not_ground_truth,0,0,0,0,0,0,0,0,0,0,0
6.57,262.99999999991826,200.99999999991829,153.99999999985292,231.9999999998856,186.99999999977121,117.99999999998366,181.99999999967315,242.99999999998366,15.694999999999876,782.20000000004734,SLT,model_assisted_not_ground_truth,0,0,0,0,0,0,0,0,0,0,0
6.58,270.99999999987637,204.99999999993818,158.99999999992272,250.99999999970638,188.99999999996908,118.99999999998454,188.99999999989183,244.99999999996908,15.719999999999615,772.69000000014705,SLT,model_assisted_not_ground_truth,0,0,0,0,0,0,0,0,0,0,0
6.59,276.99999999991257,207.99999999995629,159,249.00000000002913,197.99999999986892,124.9999999999126,206.99999999973781,246.99999999997087,15.80999999999869,782.65999999985479,SLT,model_assisted_not_ground_truth,0,0,0,0,0,0,0,0,0,0,0
6.60,278.99999999997283,205.00000000004076,162.99999999994566,252.99999999994566,204.99999999990487,127.99999999995923,213.99999999990487,246.00000000001359,15.869999999999184,784.63999999997304,SLT,model_assisted_not_ground_truth,0,0,0,0,0,0,0,0,0,0,0
6.61,279.99999999998732,205,163.9999999999873,254.99999999997459,205,128,217.99999999994918,241.00000000006349,16.189999999995937,804.61999999974626,SLT,model_assisted_not_ground_truth,0,0,0,0,0,0,0,0,0,0,0
6.62,279.00000000001182,204.00000000001182,164.99999999998818,255,205.99999999998818,129.99999999997638,221.99999999995276,233.0000000000945,16.180000000000117,794.61000000011825,SLT,model_assisted_not_ground_truth,0,0,0,0,0,0,0,0,0,0,0
6.63,279,194.00000000010925,165.99999999998909,259.99999999994537,207.99999999997814,130.99999999998909,222,232.00000000001091,16.239999999999341,785.58000000009872,SLT,model_assisted_not_ground_truth,0,0,0,0,0,0,0,0,0,0,0
6.64,279.99999999999005,187.00000000006963,167.9999999999801,261.9999999999801,209.9999999999801,129.0000000000199,224.99999999997016,225.00000000006963,16.289999999999502,756.5600000002886,SLT,model_assisted_not_ground_truth,0,0,0,0,0,0,0,0,0,0,0
6.65,280,178.00000000008154,166.00000000001813,260.00000000001813,209.00000000000907,129.99999999999093,223.00000000001813,217.00000000007248,16.324999999999683,752.04500000004089,SLT,model_assisted_not_ground_truth,0,0,0,0,0,0,0,0,0,0,0
6.66,280,179.99999999998366,163.50000000002044,260.99999999999181,206.50000000002044,127.00000000002451,223,213.50000000002859,16.359999999999715,747.53000000003692,SLT,model_assisted_not_ground_truth,0,0,0,0,0,0,0,0,0,0,0
6.67,280,181.99999999998545,161.00000000001822,261.99999999999272,204.00000000001822,124.00000000002186,223,210.00000000002549,16.38999999999978,734.50000000009493,SLT,model_assisted_not_ground_truth,0,0,0,0,0,0,0,0,0,0,0
6.68,274.00000000003837,167.00000000009592,156.00000000003197,255.00000000004476,197.00000000004476,108.00000000010232,223.99999999999361,201.00000000005755,16.429999999999744,721.47000000008336,SLT,model_assisted_not_ground_truth,0,0,0,0,0,0,0,0,0,0,0
6.69,259.00000000008129,163.00000000002166,141.00000000008126,240.00000000008126,172.00000000013546,88.000000000108358,216.00000000004334,170.00000000016794,16.49999999999962,721.44000000000017,SLT,model_assisted_not_ground_truth,0,0,0,0,0,0,0,0,0,0,0
6.70,222.0000000001676,146.50000000007475,110.50000000013816,221.50000000008379,158.50000000006116,67.000000000095127,184.50000000014268,114.50000000025139,16.559999999999725,725.41999999998188,SLT,model_assisted_not_ground_truth,0,0,0,0,0,0,0,0,0,0,0
6.71,185.00000000013472,130.00000000006008,80.000000000111072,203.00000000006736,145.00000000004917,46.000000000076476,153.00000000011471,59.000000000202107,16.629999999999743,731.39999999997815,SLT,model_assisted_not_ground_truth,0,0,0,0,0,0,0,0,0,0,0
6.72,168.00000000004681,103.00000000007434,65.000000000041297,191.00000000003303,122.00000000006332,46,131.00000000006057,39.000000000055067,16.625000000000014,733.89999999999304,SLT,model_assisted_not_ground_truth,0,0,0,0,0,0,0,0,0,0,0
6.73,141.00000000004798,84.000000000033751,47.000000000031974,154.00000000006571,92.000000000053291,44.000000000003553,104.00000000004796,25.000000000024869,16.620000000000012,736.39999999999554,SLT,model_assisted_not_ground_truth,0,0,0,0,0,0,0,0,0,0,0
6.74,129.5000000000102,74.500000000008441,45.500000000001336,143.50000000000932,78.000000000012434,43.500000000000441,94.500000000008441,25.499999999999556,16.460000000000143,709.41000000002396,SLT,model_assisted_not_ground_truth,0,0,0,0,0,0,0,0,0,0,0
6.75,118,65,44,133,64,43,85,26,15.880000000000001,629.42999999999995,SLT,model_assisted_not_ground_truth,0,0,0,0,0,0,0,0,0,0,0
6.76,93.999999999991999,53.999999999991118,44.000000000000888,115.9999999999991,51,38,47.999999999998224,25.999999999998224,15.299999999999441,552.53999999994051,SLT,model_assisted_not_ground_truth,0,0,0,0,0,0,0,0,0,0,0
6.77,84.999999999995339,43.999999999986947,45,114.99999999999534,51,38,45.999999999992539,23.999999999998135,14.669999999999197,485.61999999992366,SSLW,model_assisted_not_ground_truth,0,0,0,0,0,0,0,0,0,0,0
6.78,82.500000000021544,37.000000000060311,45,112.50000000002154,51,38,42.000000000034461,23.000000000008615,14.239999999999394,444.67999999989809,SSLW,model_assisted_not_ground_truth,0,0,0,0,0,0,0,0,0,0,0
6.79,80.000000000047734,30.000000000133671,45,110.00000000004773,51,38,38.000000000076383,22.000000000019096,14.019999999999889,407.65999999999639,SSLW,model_assisted_not_ground_truth,0,0,0,0,0,0,0,0,0,0,0
6.80,77.000000000054627,29.000000000018208,43.000000000036415,95.000000000273118,51.999999999981796,38,37.000000000018204,21.000000000018208,13.989999999999863,406.66499999999553,SSLW,model_assisted_not_ground_truth,0,0,0,0,0,0,0,0,0,0,0
6.81,73.000000000068923,27.000000000034461,43,94.000000000017224,50.000000000034461,37.000000000017231,36.000000000017231,21,13.959999999999891,405.67000000001104,SSLW,model_assisted_not_ground_truth,0,0,0,0,0,0,0,0,0,0,0
6.82,69.00000000006537,27,43,90.00000000006537,50.999999999983658,37,35.000000000016342,25.999999999918288,13.940000000000127,407.66999999999365,SSLW,model_assisted_not_ground_truth,0,0,0,0,0,0,0,0,0,0,0
6.83,68.000000000015461,27,43,87.000000000046356,51.499999999992269,37.499999999992269,34.500000000007731,24.500000000023181,13.959999999999692,406.67000000001548,SSLW,model_assisted_not_ground_truth,0,0,0,0,0,0,0,0,0,0,0
6.84,67.000000000014566,27,43,84.000000000043698,51.999999999992717,37.999999999992717,34.000000000007283,23.000000000021849,13.960000000000001,406.67000000000002,SSLW,model_assisted_not_ground_truth,0,0,0,0,0,0,0,0,0,0,0
6.85,52.000000000203841,32.999999999918465,43.999999999986414,85.999999999972829,52,38,34.999999999986414,24.999999999972822,14.009999999999319,406.66000000000014,SSLW,model_assisted_not_ground_truth,0,0,0,0,0,0,0,0,0,0,0
6.86,63.999999999847589,29.000000000050804,44,79.000000000088903,49.000000000038099,38,35,25,14.005000000000063,407.65999999998735,SSLW,model_assisted_not_ground_truth,0,0,0,0,0,0,0,0,0,0,0
6.87,64.999999999988191,32.999999999952749,44.999999999988191,66.000000000153562,46.000000000035442,38,32.000000000035442,26.999999999976374,14.000000000000059,408.6599999999882,SSLW,model_assisted_not_ground_truth,0,0,0,0,0,0,0,0,0,0,0
6.88,50.000000000163865,36.999999999956302,45,70.999999999945373,49.999999999956302,37.000000000010928,31.000000000010925,27,14,410.66999999997807,SSLW,model_assisted_not_ground_truth,0,0,0,0,0,0,0,0,0,0,0
6.89,50,35.000000000019895,45,83.999999999870681,48.000000000019895,37,30.000000000009948,27,14.019999999999801,412.66999999998012,SSLW,model_assisted_not_ground_truth,0,0,0,0,0,0,0,0,0,0,0
6.90,50,34.000000000009059,44.000000000009059,70.000000000126832,49.999999999981881,37,30,21.000000000054357,14.02,416.66999999996381,SSLW,model_assisted_not_ground_truth,0,0,0,0,0,0,0,0,0,0,0
6.91,47.000000000024514,27.000000000057199,44.999999999991829,61.000000000073541,50.999999999991829,37,29.000000000008171,24.999999999967315,14.039999999999836,418.6699999999837,SSLW,model_assisted_not_ground_truth,0,0,0,0,0,0,0,0,0,0,0
6.92,47,28.999999999985434,45,56.000000000036415,51,37.999999999992717,29.999999999992717,37.99999999990532,14.039999999999999,418.67000000000002,SSLW,model_assisted_not_ground_truth,0,0,0,0,0,0,0,0,0,0,0
6.93,44.000000000019185,25.00000000002558,44.000000000006395,57.99999999998721,50.000000000006395,37.000000000006395,28.00000000001279,57.999999999872102,14.059999999999873,417.67000000000644,SSLW,model_assisted_not_ground_truth,0,0,0,0,0,0,0,0,0,0,0
6.94,43.000000000005414,26.999999999989164,44.999999999994586,58,53.999999999978328,37,28.999999999994582,58.999999999994586,14.045000000000082,417.67000000000002,SSLW,model_assisted_not_ground_truth,0,0,0,0,0,0,0,0,0,0,0
6.95,43.999999999995467,24.000000000013589,43.000000000009059,78.999999999904873,54.999999999995467,37,17.000000000054357,48.000000000049823,14.030000000000067,417.67000000000002,SSLW,model_assisted_not_ground_truth,0,0,0,0,0,0,0,0,0,0,0
6.96,44,25.999999999992717,43,105.99999999990168,55,37,10.000000000025491,48.999999999996362,14.029999999999999,417.67000000000002,SSLW,model_assisted_not_ground_truth,0,0,0,0,0,0,0,0,0,0,0
6.97,43.000000000002757,24.000000000005507,37.00000000001652,96.000000000027541,55,37,9.0000000000027534,40.000000000024784,14.029999999999999,417.67000000000002,SSLW,model_assisted_not_ground_truth,0,0,0,0,0,0,0,0,0,0,0
6.98,43.999999999998224,24,35.000000000003553,95.000000000001776,51.000000000007105,37,8.0000000000017764,52.999999999976907,14.049999999999965,417.66000000000003,SSLW,model_assisted_not_ground_truth,0,0,0,0,0,0,0,0,0,0,0
6.99,44,22.000000000001776,36.999999999998224,92.000000000002672,51,37,5.0000000000026645,46.000000000006217,14.059999999999992,418.65999999999912,SSLW,model_assisted_not_ground_truth,0,0,0,0,0,0,0,0,0,0,0
7.00,43,23,37,80,50,37,8,49,14.039999999999999,416.66000000000003,SSLW,model_assisted_not_ground_truth,0,0,0,0,0,0,0,0,0,0,0
7.01,44,21.999999999989342,37.000000000000888,80.999999999995552,51,38,7.1054273576074642e-12,45.999999999994671,14.099999999999991,417.65000000000043,SSLW,model_assisted_not_ground_truth,0,0,0,0,0,0,0,0,0,0,0
7.02,44.000000000001869,9.999999999988809,37.999999999998131,75.999999999975756,51,37.999999999998131,7.9999999999981348,40.000000000001869,14.089999999999982,418.15000000000089,SSLW,model_assisted_not_ground_truth,0,0,0,0,0,0,0,0,0,0,0
7.03,45,3.9999999999972466,37.00000000000275,62.999999999986237,50.99999999999725,37,7.0000000000027534,41.00000000001927,14.080000000000028,418.64999999999998,SSLW,model_assisted_not_ground_truth,0,0,0,0,0,0,0,0,0,0,0
7.04,45,3.0000000000190958,37.999999999980901,58.000000000095483,50.000000000019099,37,7.9999999999809042,47.999999999866333,14.090000000000037,418.66000000000366,SSLW,model_assisted_not_ground_truth,0,0,0,0,0,0,0,0,0,0,0
7.05,45,3.9999999999817923,38,60.999999999945373,50.999999999981796,38.999999999963585,8,43.000000000091035,14.100000000000318,419.66000000001799,SSLW,model_assisted_not_ground_truth,0,0,0,0,0,0,0,0,0,0,0
7.06,45,4,38,58.000000000051692,50.000000000017231,37.000000000034461,7.0000000000172307,36.000000000120615,14.169999999999449,423.63000000000017,SSLW,model_assisted_not_ground_truth,0,0,0,0,0,0,0,0,0,0,0
7.07,42.000000000049027,5.999999999967315,38,52.000000000098055,50,37,2.0000000000817124,33.000000000049027,14.070000000000256,423.65999999998724,SSLW,model_assisted_not_ground_truth,0,0,0,0,0,0,0,0,0,0,0
7.08,42.999999999984546,6,38,57.999999999907274,49.000000000015454,38.999999999969091,7.9999999999072742,35.999999999953637,14.109999999999381,421.66000000003095,SSLW,model_assisted_not_ground_truth,0,0,0,0,0,0,0,0,0,0,0
7.09,41.000000000029132,13.999999999883471,38.999999999985434,56.000000000029132,49,39,8,33.000000000043698,14.114999999999927,421.66000000000003,SSLW,model_assisted_not_ground_truth,0,0,0,0,0,0,0,0,0,0,0
7.10,39.000000000027178,21.999999999891287,39,56.999999999986414,48.000000000013586,37.000000000027178,8,33.999999999986414,14.119999999999932,421.66000000000003,SSLW,model_assisted_not_ground_truth,0,0,0,0,0,0,0,0,0,0,0
7.11,37.000000000025402,22.999999999987299,39,47.00000000012701,48,36.000000000012705,8,33.000000000012705,14.139999999999747,421.65000000000009,SSLW,model_assisted_not_ground_truth,0,0,0,0,0,0,0,0,0,0,0
7.12,37.999999999988191,23.999999999988187,38.000000000011809,47.999999999988191,48.999999999988191,32.000000000047251,8.9999999999881872,38.999999999929123,14.209999999999173,422.61999999998852,SSLW,model_assisted_not_ground_truth,0,0,0,0,0,0,0,0,0,0,0
7.13,37.000000000010928,24,38,48,49.999999999989072,32,10.999999999978151,42.999999999956302,14.140000000000764,424.65999999997774,SSLW,model_assisted_not_ground_truth,0,0,0,0,0,0,0,0,0,0,0
7.14,37.999999999990052,20.00000000003979,37.000000000009948,49.999999999980105,50.999999999990052,3.1832314562052488e-10,12.999999999980105,46.99999999996021,14.179999999999602,423.65000000001004,SSLW,model_assisted_not_ground_truth,0,0,0,0,0,0,0,0,0,0,0
7.15,37.000000000009059,20.999999999990941,37,54.999999999954703,51,0,23.999999999900346,69.99999999979164,14.170000000000091,425.65999999998184,SSLW,model_assisted_not_ground_truth,0,0,0,0,0,0,0,0,0,0,0
7.16,38.999999999983658,21.999999999991829,36.000000000008171,58.999999999967315,51.999999999991829,0,28.999999999959144,93.99999999980389,14.17,428.65999999997553,SSLW,model_assisted_not_ground_truth,0,0,0,0,0,0,0,0,0,0,0
7.17,39,21.000000000007283,36.999999999992717,61.999999999978151,53.999999999985434,0,29.999999999992717,95.999999999985434,14.160000000000073,429.15999999999639,SSLW,model_assisted_not_ground_truth,0,0,0,0,0,0,0,0,0,0,0
7.18,40.99999999998721,23.999999999980815,37,87.999999999833733,54,0,30.999999999993605,116.99999999986571,14.150000000000064,429.65999999999684,SSLW,model_assisted_not_ground_truth,0,0,0,0,0,0,0,0,0,0,0
7.19,39.000000000010836,20.000000000021672,37,101.99999999992414,53.000000000005414,0,31,120.99999999997833,14.179999999999836,430.64999999999463,SSLW,model_assisted_not_ground_truth,0,0,0,0,0,0,0,0,0,0,0
7.20,39,21.999999999990941,37,4.6203751935536275e-10,51.000000000009059,0,30.00000000000453,132.99999999994566,14.229999999999773,430.64000000000004,SSLW,model_assisted_not_ground_truth,0,0,0,0,0,0,0,0,0,0,0
7.21,39,24.999999999989075,37.999999999996362,109.99999999959942,51,30.999999999887113,30.999999999996358,137.99999999998178,14.180000000000181,430.64999999999992,SSLW,model_assisted_not_ground_truth,0,0,0,0,0,0,0,0,0,0,0
7.22,39,25,38.999999999997243,110.99999999999724,50.000000000002757,32.999999999994493,31,134.00000000001103,14.18,430.64999999999998,SSLW,model_assisted_not_ground_truth,0,0,0,0,0,0,0,0,0,0,0
7.23,39,22.000000000005329,39,111.99999999999822,54.999999999991118,31.000000000003553,31,128.00000000001066,14.18,428.64000000000357,SSLW,model_assisted_not_ground_truth,0,0,0,0,0,0,0,0,0,0,0
7.24,38.000000000000888,25.999999999996447,39,113.99999999999822,55.999999999999112,30.000000000000888,31,128,14.165000000000013,428.14500000000044,SSLW,model_assisted_not_ground_truth,0,0,0,0,0,0,0,0,0,0,0
7.25,39,33,40,113,56,31,34,125,14.15,427.64999999999998,SSLW,model_assisted_not_ground_truth,0,0,0,0,0,0,0,0,0,0,0
7.26,41.000000000001776,48.000000000011546,40.000000000000888,114.00000000000178,57.000000000007105,36.000000000001776,35.000000000002665,133.000000000016,14.12999999999969,427.66000000000986,SSLW,model_assisted_not_ground_truth,0,0,0,0,0,0,0,0,0,0,0
7.27,43,61.000000000001869,41,115.99999999999814,65.000000000039165,38,38.000000000035442,151.00000000004289,13.77999999999748,438.74000000006225,SSLW,model_assisted_not_ground_truth,0,0,0,0,0,0,0,0,0,0,0
7.28,43.00000000000275,62.00000000005231,41.00000000000275,115.00000000005231,86.000000000096364,38.00000000000275,57.000000000159694,174.00000000009362,12.429999999991299,472.11000000067042,SSLW,model_assisted_not_ground_truth,0,0,0,0,0,0,0,0,0,0,0
7.29,43.999999999980901,80.999999999637183,41.999999999980901,133.99999999963717,120.99999999933164,38.999999999980901,114.99999999889243,207.99999999935073,9.2699999999954841,715.59000000058768,SSLW,model_assisted_not_ground_truth,0,0,0,0,0,0,0,0,0,0,0
7.30,80.99999999932632,115.99999999936273,47.999999999890754,163.99999999945376,150.99999999945376,42.999999999927169,168.99999999901678,255.99999999912603,8.0299999999991378,876.97000000014521,SSLW,model_assisted_not_ground_truth,0,0,0,0,0,0,0,0,0,0,0
7.31,114.99999999941416,134.99999999967261,69.999999999620925,192.99999999950032,179.99999999950032,43.999999999982769,176.99999999986215,275.99999999965542,7.8399999999999999,909.03000000007705,SSLW,model_assisted_not_ground_truth,0,0,0,0,0,0,0,0,0,0,0
7.32,126.99999999980389,158.99999999960778,95.999999999575095,226.99999999944436,214.99999999942801,44.999999999983658,183.9999999998856,293.99999999970584,7.8399999999999999,923.03499999993028,SSLW,model_assisted_not_ground_truth,0,0,0,0,0,0,0,0,0,0,0
7.33,138.99999999981455,171.99999999979909,123.99999999956728,245.99999999970638,237.99999999964456,45.999999999984546,189.99999999990729,284.00000000015456,7.8399999999999999,937.0399999997835,SSLW,model_assisted_not_ground_truth,0,0,0,0,0,0,0,0,0,0,0
7.34,143.99999999992718,183.99999999982521,140.99999999975239,260.99999999978149,242.99999999992718,61.999999999766942,200.99999999983976,254.00000000043698,7.9399999999985438,943.02999999991277,SSLW,model_assisted_not_ground_truth,0,0,0,0,0,0,0,0,0,0,0
7.35,138.00000000008154,186.99999999995924,141.99999999998641,273.99999999982333,242.00000000001359,59.000000000040771,199.00000000002717,217.00000000050281,8.1399999999972827,930.98000000016373,SSLW,model_assisted_not_ground_truth,0,0,0,0,0,0,0,0,0,0,0
7.36,109.00000000036833,189.99999999996189,134.00000000010161,273.00000000001268,238.00000000005082,68.999999999872983,194.00000000006349,212.00000000006349,8.5499999999947924,950.99999999974568,SSLW,model_assisted_not_ground_truth,0,0,0,0,0,0,0,0,0,0,0
7.37,99.000000000118121,188.00000000002362,133.00000000001182,276.99999999995276,240.99999999996456,75.999999999917307,193.00000000001182,217.99999999992912,8.7099999999981108,976.03999999970415,SSLW,model_assisted_not_ground_truth,0,0,0,0,0,0,0,0,0,0,0
7.38,101.99999999996723,182.00000000006554,140.9999999999126,272.00000000005463,245.99999999994537,88.999999999857977,198.99999999993446,224.99999999992352,8.7899999999991252,988.07999999986851,SSLW,model_assisted_not_ground_truth,0,0,0,0,0,0,0,0,0,0,0
7.39,109.99999999992042,174.00000000007958,148.99999999992042,274.99999999997016,248.99999999997016,89.999999999990052,215.99999999983089,220.00000000004974,8.7899999999999991,1030.1499999995815,SSLW,model_assisted_not_ground_truth,0,0,0,0,0,0,0,0,0,0,0
7.40,119.99999999990941,178.9999999999547,152.99999999996376,281.99999999993656,256.99999999992752,90.999999999990933,220.9999999999547,222.99999999997283,8.8249999999996831,1049.684999999823,SSLW,model_assisted_not_ground_truth,0,0,0,0,0,0,0,0,0,0,0
7.41,130.99999999991013,182.99999999996732,159.99999999994282,286.99999999995913,264.99999999993463,93.999999999975486,228.99999999993463,223.99999999999181,8.8599999999997134,1069.2199999998404,SSLW,model_assisted_not_ground_truth,0,0,0,0,0,0,0,0,0,0,0
7.42,131,184.99999999998545,162.99999999997814,288.99999999998545,267.49999999998181,94.999999999992724,227.00000000001455,218.00000000004371,8.8500000000000725,1079.2599999999268,SSLW,model_assisted_not_ground_truth,0,0,0,0,0,0,0,0,0,0,0
7.43,131,186.99999999998721,165.99999999998082,290.99999999998721,269.99999999998403,95.999999999993605,225.00000000001279,212.00000000003837,8.8999999999996806,1087.2299999999491,SSLW,model_assisted_not_ground_truth,0,0,0,0,0,0,0,0,0,0,0
7.44,125.00000000003251,183.00000000002166,164.00000000001083,1.5766090655233711e-09,269.0000000000054,92.000000000021672,215.00000000005417,194.00000000009751,8.979999999999567,1077.1800000000544,SSLW,model_assisted_not_ground_truth,0,0,0,0,0,0,0,0,0,0,0
7.45,106.00000000008606,177.00000000002717,156.00000000003624,0,257.00000000005434,84.000000000036238,184.00000000014043,185.00000000004076,9.1499999999992312,1068.1200000000408,SSLW,model_assisted_not_ground_truth,0,0,0,0,0,0,0,0,0,0,0
7.46,98.000000000029132,173.00000000001455,154.00000000000728,0,251.00000000002186,75.00000000003277,159.00000000009103,180.00000000001822,9.2399999999996716,1060.6050000000273,SSLW,model_assisted_not_ground_truth,0,0,0,0,0,0,0,0,0,0,0
7.47,86.00000000003304,166.00000000001927,152.00000000000551,0,243.00000000002203,74.000000000002757,145.00000000003854,189.99999999997246,9.3299999999997532,1053.0900000000206,SSLW,model_assisted_not_ground_truth,0,0,0,0,0,0,0,0,0,0,0
7.48,84.000000000003553,159.00000000001245,144.00000000001421,0,236.00000000001245,65.000000000015987,132.00000000002308,187.00000000000534,9.5199999999996621,1033.0200000000357,SSLW,model_assisted_not_ground_truth,0,0,0,0,0,0,0,0,0,0,0
7.49,74.000000000008882,147.00000000001066,128.00000000001421,0,232.00000000000355,59.000000000005329,111.00000000001864,189.99999999999733,9.7399999999998048,1015.9200000000152,SSLW,model_assisted_not_ground_truth,0,0,0,0,0,0,0,0,0,0,0
7.50,70,136,114,0,227,58,105,188,9.9800000000000004,997.86000000000001,SSLW,model_assisted_not_ground_truth,0,0,0,0,0,0,0,0,0,0,0
7.51,66.000000000000895,123.99999999999555,107.99999999998046,0,223.99999999999201,55.999999999997335,92.999999999989342,178.99999999999022,10.190000000000381,977.79999999997949,SSLW,model_assisted_not_ground_truth,0,0,0,0,0,0,0,0,0,0,0
7.52,66.999999999998138,118.99999999999814,85.999999999998138,0,214.9999999999832,52.999999999988809,80.99999999996642,167.9999999999944,10.620000000000728,954.69999999994207,SSLW,model_assisted_not_ground_truth,0,0,0,0,0,0,0,0,0,0,0
7.53,66,118.00000000000276,84.9999999999945,5.8095750431317082e-10,205.99999999997522,47,62.999999999969717,164.99999999999449,11.01000000000055,923.61999999995999,SSLW,model_assisted_not_ground_truth,0,0,0,0,0,0,0,0,0,0,0
7.54,66,118.9999999999809,83.000000000038199,210.99999999597077,197.00000000017187,47,52.000000000210051,163.0000000000382,11.210000000000729,909.08999999994705,SSLW,model_assisted_not_ground_truth,0,0,0,0,0,0,0,0,0,0,0
7.55,66.999999999981796,119.9999999999818,79.000000000072831,3.8418193071265705e-09,192.00000000009103,46.000000000018204,46.000000000109246,159.00000000007282,11.41000000000145,894.5599999998683,SSLW,model_assisted_not_ground_truth,0,0,0,0,0,0,0,0,0,0,0
7.56,65.000000000034461,107.00000000022399,77.000000000034461,0,189.0000000000517,45.000000000017231,41.000000000086153,158.00000000001722,11.730000000001542,865.48999999990053,SSLW,model_assisted_not_ground_truth,0,0,0,0,0,0,0,0,0,0,0
7.57,65.999999999983658,108.99999999996732,72.000000000081712,0,182.0000000001144,45,38.000000000049027,147.00000000017977,12.010000000002302,847.41999999987797,SSLW,model_assisted_not_ground_truth,0,0,0,0,0,0,0,0,0,0,0
7.58,67.999999999969091,106.00000000004636,69.000000000046356,0,169.00000000020091,44.000000000015454,38,148.99999999996908,12.369999999994436,828.3500000002947,SSLW,model_assisted_not_ground_truth,0,0,0,0,0,0,0,0,0,0,0
7.59,71.999999999941735,101.00000000007283,60.000000000131095,0,158.00000000016024,44.999999999985434,37.000000000014566,148.00000000001455,12.729999999994757,817.30000000016094,SSLW,model_assisted_not_ground_truth,0,0,0,0,0,0,0,0,0,0,0
7.60,77.999999999918458,98.000000000040771,58.000000000027178,0,153.00000000006796,44.000000000013586,35.000000000027178,145.00000000004076,12.969999999996739,810.26000000009572,SSLW,model_assisted_not_ground_truth,0,0,0,0,0,0,0,0,0,0,0
7.61,80.999999999961901,89.000000000114312,53.000000000063508,0,149.00000000005082,45.999999999974598,34.000000000012705,143.00000000002541,13.199999999997079,799.73500000013371,SSLW,model_assisted_not_ground_truth,0,0,0,0,0,0,0,0,0,0,0
7.62,81,87.000000000023618,53,0,142.00000000008268,46.999999999988191,32.000000000023626,142.00000000001182,13.429999999997282,789.21000000012441,SSLW,model_assisted_not_ground_truth,0,0,0,0,0,0,0,0,0,0,0
7.63,81,84.00000000003277,50.00000000003277,0,135.00000000007648,47,32,145.99999999995629,13.649999999997597,787.16000000002236,SSLW,model_assisted_not_ground_truth,0,0,0,0,0,0,0,0,0,0,0
7.64,84.99999999996021,84,49.000000000009948,0,132.00000000002984,47,32,147.9999999999801,13.779999999998706,790.12999999997044,SSLW,model_assisted_not_ground_truth,0,0,0,0,0,0,0,0,0,0,0
7.65,85.999999999990933,84,49,0,118.00000000012683,45.000000000018119,31.000000000009059,150.99999999997283,14.049999999997555,786.01000000003728,SSLW,model_assisted_not_ground_truth,0,0,0,0,0,0,0,0,0,0,0
7.66,91.999999999950973,86.999999999975486,48.000000000008171,0,115.00000000002451,46.999999999983658,31.999999999991829,156.99999999995097,14.22999999999853,788.95999999997593,SSLW,model_assisted_not_ground_truth,0,0,0,0,0,0,0,0,0,0,0
7.67,99.999999999941735,90.999999999970868,47.000000000007283,0,118.99999999997087,47,34.999999999978151,159.99999999997814,14.339999999999199,791.93999999997834,SSLW,model_assisted_not_ground_truth,0,0,0,0,0,0,0,0,0,0,0
7.68,106.99999999995524,95.999999999968026,50.99999999997442,0,127.99999999994245,47.999999999993605,35.999999999993605,165.99999999996163,14.459999999999233,802.9199999999297,SSLW,model_assisted_not_ground_truth,0,0,0,0,0,0,0,0,0,0,0
7.69,115.99999999995124,103.99999999995666,57.999999999962071,0,126.00000000001083,48,36.999999999994586,174.99999999995123,14.519999999999676,810.40999999995938,SSLW,model_assisted_not_ground_truth,0,0,0,0,0,0,0,0,0,0,0
7.70,127.99999999994564,114.99999999995018,61.999999999981881,0,126,47.000000000004533,44.999999999963762,181.99999999996828,14.579999999999728,817.8999999999661,SSLW,model_assisted_not_ground_truth,0,0,0,0,0,0,0,0,0,0,0
7.71,148.99999999992352,124.99999999996359,68.999999999974506,0,132.99999999997451,49.999999999989072,46.999999999992717,186.99999999998178,14.669999999999671,819.88999999999271,SSLW,model_assisted_not_ground_truth,0,0,0,0,0,0,0,0,0,0,0
7.72,171.99999999993668,135.9999999999697,76.999999999977973,0,139.99999999998073,54.99999999998623,56.999999999972466,192.99999999998349,14.799999999999642,826.84999999998081,SSLW,model_assisted_not_ground_truth,0,0,0,0,0,0,0,0,0,0,0
7.73,173.99999999999645,143.99999999998579,79.999999999994671,0,143.99999999999289,59.999999999991118,66.999999999982236,195.99999999999466,14.909999999999805,833.83999999998764,SSLW,model_assisted_not_ground_truth,0,0,0,0,0,0,0,0,0,0,0
7.74,186.99999999998846,150.99999999999378,94.99999999998667,0,143.00000000000088,72.999999999988461,82.999999999985789,203.99999999999289,15.049999999999876,835.79999999999825,SSLW,model_assisted_not_ground_truth,0,0,0,0,0,0,0,0,0,0,0
7.75,199,157,106,0,148,81,103,214,15.19,843.77999999999997,SSLW,model_assisted_not_ground_truth,0,0,0,0,0,0,0,0,0,0,0
7.76,202.00000000001864,161.00000000000355,113.00000000001155,0,151.00000000000711,85.000000000004448,113.00000000001333,218.00000000000534,15.260000000000062,857.76000000001238,SSLW,model_assisted_not_ground_truth,0,0,0,0,0,0,0,0,0,0,0
7.77,223.0000000000224,164.99999999999812,126.00000000001678,0,159,90.000000000007461,128.00000000002424,224.00000000000372,15.330000000000467,871.739999999985,SSLW,model_assisted_not_ground_truth,0,0,0,0,0,0,0,0,0,0,0
7.78,235.00000000002754,164.00000000000276,135.000000000011,0,159.00000000003854,94.00000000001377,141.00000000000827,226.00000000001376,15.58000000000033,863.70000000001926,SSLW,model_assisted_not_ground_truth,0,0,0,0,0,0,0,0,0,0,0
7.79,244.99999999980903,164.9999999999809,138.9999999999236,0,172.99999999973267,98.999999999904517,143.9999999999427,230.99999999990453,15.700000000000436,870.66999999991981,SSLW,model_assisted_not_ground_truth,0,0,0,0,0,0,0,0,0,0,0
7.80,248.99999999992718,165,146.99999999985434,0,180.99999999985434,91.000000000145661,159.99999999970868,234.99999999992718,15.820000000000363,848.64999999990926,SSLW,model_assisted_not_ground_truth,0,0,0,0,0,0,0,0,0,0,0
7.81,249.99999999998278,168.99999999993108,148.99999999996555,0,181,95.999999999913854,169.99999999982771,236.99999999996555,15.900000000000221,828.62,SSLW,model_assisted_not_ground_truth,0,0,0,0,0,0,0,0,0,0,0
7.82,255.99999999990195,169,150.99999999996732,0,181.99999999998366,106.99999999982023,173.99999999993463,234.00000000004903,15.940000000000159,828.61999999996794,SSLW,model_assisted_not_ground_truth,0,0,0,0,0,0,0,0,0,0,0
7.83,255.00000000001546,168.00000000001546,152.99999999996908,0,188.99999999989183,100.00000000010817,183.99999999984544,235.99999999996908,15.964999999999897,823.60500000002048,SSLW,model_assisted_not_ground_truth,0,0,0,0,0,0,0,0,0,0,0
7.84,256.9999999999709,161.00000000010198,153,0,186.00000000004371,99.000000000014566,187.99999999994174,233.00000000004371,15.989999999999636,818.59000000007313,SSLW,model_assisted_not_ground_truth,0,0,0,0,0,0,0,0,0,0,0
7.85,256.00000000001359,164.99999999994566,152.00000000001359,0,180.00000000008154,101.99999999995923,193.99999999991846,226.00000000009513,16.239999999996602,831.57999999982349,SSLW,model_assisted_not_ground_truth,0,0,0,0,0,0,0,0,0,0,0
7.86,256,159.0000000000762,152.9999999999873,0,181.99999999997459,95.000000000088903,187.0000000000889,225.0000000000127,16.299999999999237,830.5700000000129,SSLW,model_assisted_not_ground_truth,0,0,0,0,0,0,0,0,0,0,0
7.87,253.00000000003544,155.00000000004724,154.99999999997638,0,173.00000000010633,88.000000000082693,185.00000000002362,219.00000000007088,16.329999999999643,810.5600000002363,SSLW,model_assisted_not_ground_truth,0,0,0,0,0,0,0,0,0,0,0
7.88,248.00000000005463,141.00000000015294,155.99999999998909,0,166.00000000007648,86.000000000021856,179.00000000006554,210.00000000009831,16.329999999999998,797.54000000014219,SSLW,model_assisted_not_ground_truth,0,0,0,0,0,0,0,0,0,0,0
7.89,244.50000000003482,141,149.50000000006466,0,164.0000000000199,82.500000000034817,181.99999999997016,206.00000000003979,16.379999999999502,784.52000000012947,SSLW,model_assisted_not_ground_truth,0,0,0,0,0,0,0,0,0,0,0
7.90,241.00000000003172,141,143.00000000005889,0,162.00000000001813,79.000000000031704,184.99999999997283,202.00000000003624,16.419999999999639,765.49000000017236,SSLW,model_assisted_not_ground_truth,0,0,0,0,0,0,0,0,0,0,0
7.91,223.00000000014708,132.00000000007356,130.00000000010624,0,158.00000000003268,56.000000000187939,180.00000000004087,192.00000000008171,16.444999999999794,759.48000000004913,SSLW,model_assisted_not_ground_truth,0,0,0,0,0,0,0,0,0,0,0
7.92,206.0000000001238,124.00000000005826,115.00000000010925,0,151.00000000005099,46.000000000072831,165.00000000010925,155.00000000026947,16.469999999999818,753.4700000000438,SSLW,model_assisted_not_ground_truth,0,0,0,0,0,0,0,0,0,0,0
7.93,193.00000000008197,115.00000000005676,85.000000000189175,0,131.00000000012614,46,145.00000000012614,111.00000000027747,16.469999999999999,749.4500000000254,SSLW,model_assisted_not_ground_truth,0,0,0,0,0,0,0,0,0,0,0
7.94,180.00000000007043,89.000000000140858,71.000000000075858,0,120.0000000000596,46,137.00000000004334,63.000000000260059,16.58999999999935,727.42000000011933,SSLW,model_assisted_not_ground_truth,0,0,0,0,0,0,0,0,0,0,0
7.95,164.00000000007248,79.000000000045304,56.000000000067942,0,117.00000000001359,46,122.00000000006794,49.000000000063416,16.570000000000093,727.40999999999997,SSLW,model_assisted_not_ground_truth,0,0,0,0,0,0,0,0,0,0,0
7.96,147.0000000000619,79,47.00000000003277,0,98.000000000069193,46,100.00000000008012,41.000000000029132,16.599999999999891,723.40000000001453,SSLW,model_assisted_not_ground_truth,0,0,0,0,0,0,0,0,0,0,0
7.97,96.000000000140432,69.000000000027541,45.000000000005507,0,53.000000000123904,40.00000000001652,51.000000000134918,37.000000000011013,16.51000000000025,711.40000000003306,SSLW,model_assisted_not_ground_truth,0,0,0,0,0,0,0,0,0,0,0
7.98,88.000000000014211,51.000000000031974,41.000000000007105,0,48.000000000008882,37.000000000005329,47.000000000007105,37.999999999998224,16.420000000000162,699.40000000002124,SSLW,model_assisted_not_ground_truth,0,0,0,0,0,0,0,0,0,0,0
7.99,79.000000000007987,42.000000000007994,40.000000000000888,0,47.000000000000888,37,36.00000000000977,37.000000000000888,15.850000000000506,627.44000000006395,SSLW,model_assisted_not_ground_truth,0,0,0,0,0,0,0,0,0,0,0
8.00,76,32,38,0,49,38,36,24,15.390000000000001,554.51999999999998,SSLW,model_assisted_not_ground_truth,0,0,0,0,0,0,0,0,0,0,0
8.01,72.999999999997328,30.999999999997335,40.000000000000888,0,48.999999999998224,34.000000000002665,36.999999999998224,24.999999999992895,14.869999999999635,498.58999999996092,SSLW,model_assisted_not_ground_truth,0,0,0,0,0,0,0,0,0,0,0
8.02,69.999999999992895,27.999999999992895,41.000000000001776,0,47,37,35,16.999999999998224,14.45999999999961,454.63999999995201,SSLW,model_assisted_not_ground_truth,0,0,0,0,0,0,0,0,0,0,0
8.03,65.999999999960039,24.000000000005329,41.999999999997335,0,46.999999999997335,37.000000000002665,34.999999999992006,15.999999999997335,14.239999999999947,427.63999999999464,SSLW,model_assisted_not_ground_truth,0,0,0,0,0,0,0,0,0,0,0
8.04,51.000000000285105,25.999999999961986,41.000000000019007,0,46.000000000019007,37.999999999980993,32.000000000057021,15.000000000019007,14.219999999999889,425.64000000000749,SSLW,model_assisted_not_ground_truth,0,0,0,0,0,0,0,0,0,0,0
8.05,50.000000000018119,27.999999999963762,40.000000000018119,59.99999999891287,47.999999999963762,38,32,15,14.190000000000046,427.64999999999998,SSLW,model_assisted_not_ground_truth,0,0,0,0,0,0,0,0,0,0,0
8.06,49.000000000017231,28.999999999982769,40,1.0338396805309458e-09,46.000000000034461,38,31.000000000017231,21.999999999879385,14.200000000000056,427.64999999999998,SSLW,model_assisted_not_ground_truth,0,0,0,0,0,0,0,0,0,0,0
8.07,48.000000000016342,29,39.000000000016342,2.9999999999509726,46.999999999983658,38,31.999999999983658,22.999999999983658,14.209999999999937,427.6499999999935,SSLW,model_assisted_not_ground_truth,0,0,0,0,0,0,0,0,0,0,0
8.08,47.000000000015454,26.000000000046363,38.000000000015454,64.999999999041833,47,38,32,24.999999999969091,14.200000000000154,426.64000000001562,SSLW,model_assisted_not_ground_truth,0,0,0,0,0,0,0,0,0,0,0
8.09,49.999999999956302,28.999999999956302,43.999999999912603,59.000000000087397,46.000000000014566,38.999999999985434,32,25,14.170000000000437,423.6400000000437,SSLW,model_assisted_not_ground_truth,0,0,0,0,0,0,0,0,0,0,0
8.10,50.999999999986322,28.000000000013678,43.000000000013678,55.000000000054712,46,37.000000000027356,31.000000000013678,25,14.199999999999589,423.63000000000011,SSLW,model_assisted_not_ground_truth,0,0,0,0,0,0,0,0,0,0,0
8.11,51.99999999998721,28.99999999998721,43,56.99999999997442,44.00000000002558,37.99999999998721,31,25,14.199999999999999,423.63,SSLW,model_assisted_not_ground_truth,0,0,0,0,0,0,0,0,0,0,0
8.12,52,29,44.999999999976552,60.999999999953104,44.999999999988276,37.000000000011724,30.000000000011724,26.999999999976552,14.185000000000176,423.63499999999993,SSLW,model_assisted_not_ground_truth,0,0,0,0,0,0,0,0,0,0,0
8.13,51.000000000010836,27.000000000021672,44.000000000010836,61,45.999999999989164,37,30,25.000000000021672,14.170000000000162,423.63999999999993,SSLW,model_assisted_not_ground_truth,0,0,0,0,0,0,0,0,0,0,0
8.14,50.000000000009948,23.00000000003979,44,60.000000000009948,44.000000000019895,37,30,26.999999999980105,14.140000000000299,422.65000000000981,SSLW,model_assisted_not_ground_truth,0,0,0,0,0,0,0,0,0,0,0
8.15,45.000000000045297,25.999999999972822,44,58.000000000018119,45.999999999981881,37,30,24.000000000027178,14.110000000000271,423.66999999999075,SSLW,model_assisted_not_ground_truth,0,0,0,0,0,0,0,0,0,0,0
8.16,44.000000000008171,24.000000000016342,44,58,48.999999999975486,33.000000000032685,28.000000000016342,29.999999999950973,14.139999999999755,424.65999999999195,SSLW,model_assisted_not_ground_truth,0,0,0,0,0,0,0,0,0,0,0
8.17,44,19.000000000036415,44,55.000000000021849,49.999999999992717,32.000000000007283,29.999999999985434,30.999999999992717,14.130000000000074,423.6600000000073,SSLW,model_assisted_not_ground_truth,0,0,0,0,0,0,0,0,0,0,0
8.18,43.000000000006395,20.99999999998721,44,57.999999999980815,49.000000000006395,32,29.000000000006395,38.999999999948841,14.110000000000127,423.66999999999996,SSLW,model_assisted_not_ground_truth,0,0,0,0,0,0,0,0,0,0,0
8.19,43,17.000000000022027,44,59.999999999988987,49,35.999999999977973,27.000000000011013,48.999999999944933,14.109999999999999,424.16999999999729,SSLW,model_assisted_not_ground_truth,0,0,0,0,0,0,0,0,0,0,0
8.20,43.999999999995381,17.999999999995381,43.000000000004619,71.999999999944578,49.999999999995381,36.999999999995381,12.000000000069278,49,14.109999999999999,424.66999999999769,SSLW,model_assisted_not_ground_truth,0,0,0,0,0,0,0,0,0,0,0
8.21,44,20.999999999989342,43.999999999996447,81.999999999964473,50,37,11.000000000003553,58.999999999964473,14.090000000000071,424.67999999999995,SSLW,model_assisted_not_ground_truth,0,0,0,0,0,0,0,0,0,0,0
8.22,44,20.000000000002665,43.000000000002665,85.999999999989342,50.999999999997335,37,9.0000000000053291,55.000000000010658,14.09,424.68000000000001,SSLW,model_assisted_not_ground_truth,0,0,0,0,0,0,0,0,0,0,0
8.23,44,6.000000000024869,43,85.000000000001776,51,37,9,60.999999999989342,14.109999999999964,424.67000000000002,SSLW,model_assisted_not_ground_truth,0,0,0,0,0,0,0,0,0,0,0
8.24,44,5.0000000000008882,41.000000000001776,82.000000000002672,51.999999999999112,37.999999999999112,9.9999999999991118,57.000000000003553,14.139999999999974,424.66000000000003,SSLW,model_assisted_not_ground_truth,0,0,0,0,0,0,0,0,0,0,0
8.25,44,4,40,77,52,37,9,68,14.06,420.68000000000001,SSLW,model_assisted_not_ground_truth,0,0,0,0,0,0,0,0,0,0,0
8.26,44.999999999999112,7.0000000000026645,39.000000000000888,71.999999999991118,52,38.000000000000888,9.0000000000008882,68.999999999999105,14.110000000000014,423.67000000000047,SSLW,model_assisted_not_ground_truth,0,0,0,0,0,0,0,0,0,0,0
8.27,44.000000000001776,9.9999999999964473,39.999999999998224,62.000000000015987,51.999999999998224,38.999999999996447,9.9999999999964473,68.000000000008882,14.125000000000027,424.16500000000087,SSLW,model_assisted_not_ground_truth,0,0,0,0,0,0,0,0,0,0,0
8.28,45,8.0000000000106581,39,71.000000000002657,51.000000000002665,37,7.9999999999786837,72.999999999984013,14.140000000000001,424.66000000000003,SSLW,model_assisted_not_ground_truth,0,0,0,0,0,0,0,0,0,0,0
8.29,45,11.999999999923972,39,71.999999999980986,51.999999999980993,37,1.5205614545266144e-10,67.000000000114042,14.140000000000075,424.66000000001122,SSLW,model_assisted_not_ground_truth,0,0,0,0,0,0,0,0,0,0,0
8.30,44.000000000018119,2.0000000001811884,39,72,52,37,0,63.000000000072475,14.160000000000185,427.65999999999531,SSLW,model_assisted_not_ground_truth,0,0,0,0,0,0,0,0,0,0,0
8.31,45.999999999965539,3.4461322684364859e-11,38.000000000017231,70.000000000034461,51.000000000017231,37.999999999982769,0,62.000000000017231,14.200000000000054,426.6400000000055,SSLW,model_assisted_not_ground_truth,0,0,0,0,0,0,0,0,0,0,0
8.32,45.000000000016342,0,38.999999999983658,59.000000000179767,51,37.000000000016342,7.9999999998692601,62.999999999983658,14.209999999999937,427.63999999999362,SSLW,model_assisted_not_ground_truth,0,0,0,0,0,0,0,0,0,0,0
8.33,43.000000000030909,0,39.999999999984546,59.999999999984546,50.000000000015454,36.000000000015454,8.9999999999845457,64.999999999969091,14.200000000000154,426.64000000001545,SSLW,model_assisted_not_ground_truth,0,0,0,0,0,0,0,0,0,0,0
8.34,43,0,39.000000000014566,59.000000000014566,50,36.999999999985434,8.0000000000145661,65,14.170000000000437,428.6499999999707,SSLW,model_assisted_not_ground_truth,0,0,0,0,0,0,0,0,0,0,0
8.35,43,0,39,59,50,37,8,68.999999999945288,14.17,429.14999999999316,SSLW,model_assisted_not_ground_truth,0,0,0,0,0,0,0,0,0,0,0
8.36,42.00000000001279,0,39,59.99999999998721,50,31.000000000076739,8.9999999999872102,69,14.17,429.64999999999361,SSLW,model_assisted_not_ground_truth,0,0,0,0,0,0,0,0,0,0,0
8.37,42,7.9999999999062084,39,60,50,3.6344260934129125e-10,9.999999999988276,69,14.17,426.65000000003516,SSLW,model_assisted_not_ground_truth,0,0,0,0,0,0,0,0,0,0,0
8.38,41.000000000010836,20.999999999859135,39,59.000000000010836,51.999999999978328,0,11.999999999978328,73.999999999945828,14.239999999999242,429.62999999996771,SSLW,model_assisted_not_ground_truth,0,0,0,0,0,0,0,0,0,0,0
8.39,41,23.999999999970157,38.000000000009948,59.999999999990052,52,0,14.999999999970157,78.999999999950262,14.24,432.62999999997015,SSLW,model_assisted_not_ground_truth,0,0,0,0,0,0,0,0,0,0,0
8.40,41.999999999990941,23.000000000009059,38,60,52,0,27.999999999882228,92.999999999873168,14.24,429.63000000002717,SSLW,model_assisted_not_ground_truth,0,0,0,0,0,0,0,0,0,0,0
8.41,42,20.000000000024514,38,61.999999999983658,52,0,28.999999999991829,95.999999999975486,14.24,432.6299999999755,SSLW,model_assisted_not_ground_truth,0,0,0,0,0,0,0,0,0,0,0
8.42,42,22.999999999978151,38.999999999992717,62,52,0,29,102.99999999994901,14.24,432.63,SSLW,model_assisted_not_ground_truth,0,0,0,0,0,0,0,0,0,0,0
8.43,41.000000000006395,23.999999999993605,39.999999999993605,80.999999999878497,52,0,29.999999999993605,107.99999999996803,14.254999999999903,433.12499999999682,SSLW,model_assisted_not_ground_truth,0,0,0,0,0,0,0,0,0,0,0
8.44,40.000000000005507,22.000000000011013,40,81.999999999994486,52,0,30,112.99999999997246,14.269999999999918,433.61999999999728,SSLW,model_assisted_not_ground_truth,0,0,0,0,0,0,0,0,0,0,0
8.45,40.999999999995381,22.999999999995381,39.000000000004619,86.999999999976907,51.000000000004619,0,30,112.00000000000462,14.240000000000139,432.63000000000454,SSLW,model_assisted_not_ground_truth,0,0,0,0,0,0,0,0,0,0,0
8.46,41,26.999999999985789,39,95.999999999968026,50.000000000003553,0,30,120.99999999996803,14.249999999999964,432.63999999999993,SSLW,model_assisted_not_ground_truth,0,0,0,0,0,0,0,0,0,0,0
8.47,39.000000000005329,32.999999999984013,39,110.99999999996004,49.000000000002665,0,30,125.99999999998667,14.240000000000027,432.63999999999999,SSLW,model_assisted_not_ground_truth,0,0,0,0,0,0,0,0,0,0,0
8.48,39,37.999999999991118,39.999999999998224,109.00000000000355,48.000000000001776,0,30,128.99999999999466,14.20000000000007,433.64999999999816,SSLW,model_assisted_not_ground_truth,0,0,0,0,0,0,0,0,0,0,0
8.49,39,42.999999999995559,40,109.99999999999912,48,0,30.999999999999112,123.00000000000533,14.175000000000022,433.65499999999997,SSLW,model_assisted_not_ground_truth,0,0,0,0,0,0,0,0,0,0,0
8.50,38,41,40,112,48,0,31,133,14.15,433.66000000000003,SSLW,model_assisted_not_ground_truth,0,0,0,0,0,0,0,0,0,0,0
8.51,40.000000000000888,51.000000000002665,40.000000000000888,111.00000000000533,50.000000000005329,2.9999999999991118,34.000000000011546,140.00000000002575,13.729999999998357,441.78000000005358,SSLW,model_assisted_not_ground_truth,0,0,0,0,0,0,0,0,0,0,0
8.52,41.000000000003553,54.000000000008882,41,117.00000000003197,56.000000000072831,2.0000000000621725,47.000000000074607,169.00000000009061,11.879999999995489,502.15000000037918,SSLW,model_assisted_not_ground_truth,0,0,0,0,0,0,0,0,0,0,0
8.53,43.000000000063949,59.000000000106581,41.000000000013323,135.00000000008259,97.000000000143885,37.000000000005329,89.000000000221149,220.00000000008794,9.3399999999973886,715.61000000035529,SSLW,model_assisted_not_ground_truth,0,0,0,0,0,0,0,0,0,0,0
8.54,66.999999999543832,98.999999999239719,45.999999999904965,165.99999999941079,150.99999999897364,38.999999999961986,171.99999999842242,252.99999999937276,8.3599999999990668,848.9400000001234,SSLW,model_assisted_not_ground_truth,0,0,0,0,0,0,0,0,0,0,0
8.55,95.999999999474554,133.99999999936585,63.999999999673861,185.99999999963762,184.99999999938396,43.999999999909406,188.99999999969197,256.99999999992752,8.1099999999999532,882.01000000008321,SSLW,model_assisted_not_ground_truth,0,0,0,0,0,0,0,0,0,0,0
8.56,108.99999999977601,159.99999999955202,80.999999999707086,226.99999999929355,214.99999999948307,44.999999999982769,193.99999999991385,281.99999999956924,8.1000000000002199,900.04000000004669,SSLW,model_assisted_not_ground_truth,0,0,0,0,0,0,0,0,0,0,0
8.57,112.99999999993463,167.99999999986926,101.99999999965681,243.99999999972218,232.99999999970584,48.99999999993463,212.99999999968949,264.00000000029416,8.1399999999998016,908.52999999995779,SSLW,model_assisted_not_ground_truth,0,0,0,0,0,0,0,0,0,0,0
8.58,126.99999999978364,176.9999999998609,120.99999999970638,251.99999999987637,238.99999999990729,53.999999999922728,226.99999999978365,217.00000000072635,8.1799999999993815,917.01999999986879,SSLW,model_assisted_not_ground_truth,0,0,0,0,0,0,0,0,0,0,0
8.59,122.00000000007283,177.99999999998545,118.0000000000437,253.99999999997087,239,61.999999999883471,226.00000000001455,205.00000000017479,8.2999999999982528,930.02999999981046,SSLW,model_assisted_not_ground_truth,0,0,0,0,0,0,0,0,0,0,0
8.60,104.0000000002462,180.99999999995896,118,261.99999999989058,239,67.999999999917932,224.00000000002734,217.99999999982219,8.6099999999957593,979.05999999932931,SSLW,model_assisted_not_ground_truth,0,0,0,0,0,0,0,0,0,0,0
8.61,103.00000000001279,178.00000000003837,129.99999999984652,264.99999999996163,242.99999999994884,73.999999999923261,223.00000000001279,218.99999999998721,8.6999999999988482,999.12999999974329,SSLW,model_assisted_not_ground_truth,0,0,0,0,0,0,0,0,0,0,0
8.62,106.9999999999531,179.99999999997655,134.99999999994139,263.00000000002342,243.99999999998829,80.999999999917932,223.99999999998829,204.00000000017587,8.7999999999988283,1050.1799999994016,SSLW,model_assisted_not_ground_truth,0,0,0,0,0,0,0,0,0,0,0
8.63,107,177.00000000003251,141.99999999992414,265.99999999996749,247.99999999995666,83.999999999967486,225.99999999997834,207.99999999995666,8.8999999999989168,1095.1899999995123,SSLW,model_assisted_not_ground_truth,0,0,0,0,0,0,0,0,0,0,0
8.64,107,177,142,270.99999999995026,253.99999999994031,75.000000000089528,230.99999999995026,213.99999999994031,8.9099999999999007,1116.1899999997911,SSLW,model_assisted_not_ground_truth,0,0,0,0,0,0,0,0,0,0,0
8.65,109.99999999997283,174.00000000002717,142.99999999999093,2.455124104017159e-09,253.00000000000907,78.999999999963762,232.99999999998187,208.00000000005434,8.9349999999997749,1124.1849999999276,SSLW,model_assisted_not_ground_truth,0,0,0,0,0,0,0,0,0,0,0
8.66,107.00000000002451,173.00000000000819,143,0,252.00000000000819,79,225.00000000006537,198.00000000008171,8.9599999999997966,1132.1799999999348,SSLW,model_assisted_not_ground_truth,0,0,0,0,0,0,0,0,0,0,0
8.67,103.00000000002913,172.00000000000728,137.00000000004371,266.99999999805544,248.00000000002913,76.000000000021856,221.00000000002913,187.00000000008012,9.0199999999995626,1133.1799999999928,SSLW,model_assisted_not_ground_truth,0,0,0,0,0,0,0,0,0,0,0
8.68,92.000000000070344,172,137.99999999999361,261.00000000003837,244.00000000002558,67.000000000057554,213.00000000005116,183.00000000002558,9.0899999999995522,1123.1400000000642,SSLW,model_assisted_not_ground_truth,0,0,0,0,0,0,0,0,0,0,0
8.69,84.000000000044054,170.00000000001103,135.00000000001651,256.00000000002751,239.00000000002754,66.000000000005514,188.00000000013767,187.99999999997246,9.1999999999993936,1121.0900000000113,SSLW,model_assisted_not_ground_truth,0,0,0,0,0,0,0,0,0,0,0
8.70,76.000000000035527,166.00000000001776,128.00000000003109,254.00000000000887,235.00000000001776,57.000000000039968,163.00000000011102,190.99999999998667,9.3599999999992889,1114.0400000000313,SSLW,model_assisted_not_ground_truth,0,0,0,0,0,0,0,0,0,0,0
8.71,64.000000000042633,163.00000000001066,116.00000000004263,231.00000000008171,232.00000000001066,57.999999999996447,143.00000000007105,186.00000000001776,9.5899999999991827,1101.0000000000464,SSLW,model_assisted_not_ground_truth,0,0,0,0,0,0,0,0,0,0,0
8.72,49.000000000039968,157.00000000001597,114.00000000000533,217.00000000003729,225.00000000001864,56.000000000005329,127.00000000004263,178.00000000002132,9.7149999999996659,1092.9600000000214,SSLW,model_assisted_not_ground_truth,0,0,0,0,0,0,0,0,0,0,0
8.73,46.000000000005329,141.00000000002842,110.00000000000711,208.00000000001597,214.00000000001955,53.000000000005329,114.00000000002309,174.00000000000711,9.8399999999997778,1084.9200000000144,SSLW,model_assisted_not_ground_truth,0,0,0,0,0,0,0,0,0,0,0
8.74,45.000000000000888,130.00000000000978,88.00000000001954,199.00000000000799,206.00000000000711,51.000000000001776,99.00000000001333,165.00000000000799,10.149999999999725,1054.8100000000268,SSLW,model_assisted_not_ground_truth,0,0,0,0,0,0,0,0,0,0,0
8.75,45,120,84,1,200,49,88,154,10.390000000000001,1020.75,SSLW,model_assisted_not_ground_truth,0,0,0,0,0,0,0,0,0,0,0
8.76,44.000000000000888,118.99999999999733,80.999999999996447,1.7763568394018661e-12,195.99999999999466,48,71.999999999987566,133.99999999999645,10.670000000000195,990.65999999997416,SSLW,model_assisted_not_ground_truth,0,0,0,0,0,0,0,0,0,0,0
8.77,45,116,76.999999999994671,1.9999999999964473,189.99999999999289,48,57.999999999987566,130.00000000000179,10.890000000000249,961.62999999996089,SSLW,model_assisted_not_ground_truth,0,0,0,0,0,0,0,0,0,0,0
8.78,45,115.99999999997335,73.999999999997343,2.6645352590422146e-12,185.99999999998403,47.999999999997335,50.999999999986677,130.99999999998934,11.030000000000292,939.60999999993601,SSLW,model_assisted_not_ground_truth,0,0,0,0,0,0,0,0,0,0,0
8.79,45,106.00000000019007,73.000000000019014,0.99999999998099298,180.00000000011403,47.000000000019007,46.000000000095035,127.00000000007603,11.140000000000281,915.58999999997013,SSLW,model_assisted_not_ground_truth,0,0,0,0,0,0,0,0,0,0,0
8.80,45,102.00000000007248,70.000000000054357,1,171.00000000016308,47,41.000000000090594,119.00000000014495,11.215000000000346,907.57999999996309,SSLW,model_assisted_not_ground_truth,0,0,0,0,0,0,0,0,0,0,0
8.81,45,101.00000000001722,67.000000000051699,1.723066134218243e-11,161.00000000017229,47,41,116.0000000000517,11.29000000000044,899.56999999994491,SSLW,model_assisted_not_ground_truth,0,0,0,0,0,0,0,0,0,0,0
8.82,45.999999999983658,105.99999999991829,63.00000000006537,0,154.0000000001144,46.000000000016342,40.000000000016342,113.00000000004903,11.370000000000831,889.5599999998974,SSLW,model_assisted_not_ground_truth,0,0,0,0,0,0,0,0,0,0,0
8.83,45.000000000015454,102.00000000006182,56.00000000010818,0,154.99999999998454,46.999999999984546,38.000000000030909,105.00000000012363,11.499999999997991,873.52000000024782,SSLW,model_assisted_not_ground_truth,0,0,0,0,0,0,0,0,0,0,0
8.84,44.000000000014566,94.000000000116529,61.999999999912603,0,153.00000000002913,45.000000000029132,38,107.9999999999563,11.639999999997961,859.50000000020418,SSLW,model_assisted_not_ground_truth,0,0,0,0,0,0,0,0,0,0,0
8.85,46.999999999958966,92.000000000027356,55.000000000095746,0,146.00000000009575,45.999999999986322,37.000000000013678,119.99999999983586,11.679999999999453,850.510000000123,SSLW,model_assisted_not_ground_truth,0,0,0,0,0,0,0,0,0,0,0
8.86,60.999999999820943,90.00000000002558,55,0,145.00000000001279,46,37.99999999998721,130.99999999985931,11.77999999999872,842.49000000010255,SSLW,model_assisted_not_ground_truth,0,0,0,0,0,0,0,0,0,0,0
8.87,67.999999999917932,92.999999999964828,54.000000000011724,0,143.00000000002345,46,38,140.99999999988276,11.824999999999472,833.99500000009959,SSLW,model_assisted_not_ground_truth,0,0,0,0,0,0,0,0,0,0,0
8.88,77.999999999891642,93,54.999999999989164,0,138.00000000005417,44.000000000021672,38.999999999989164,143.99999999996749,11.869999999999511,825.50000000009209,SSLW,model_assisted_not_ground_truth,0,0,0,0,0,0,0,0,0,0,0
8.89,85.999999999920419,98.999999999940314,55,0,141.99999999996021,46.999999999970157,39.999999999990052,149.99999999994031,11.989999999998807,822.51000000002978,SSLW,model_assisted_not_ground_truth,0,0,0,0,0,0,0,0,0,0,0
8.90,93.999999999927525,100.99999999998188,60.999999999945643,0,145.99999999996376,47,40,155.99999999994566,12.099999999999003,819.50000000002728,SSLW,model_assisted_not_ground_truth,0,0,0,0,0,0,0,0,0,0,0
8.91,108.99999999987743,106.99999999995097,62.999999999983658,0,142.00000000003268,47,42.999999999975486,159.99999999996732,12.229999999998938,823.51999999996713,SSLW,model_assisted_not_ground_truth,0,0,0,0,0,0,0,0,0,0,0
8.92,116.99999999994174,113.99999999994901,67.999999999963592,0,142.99999999999272,47,44.999999999985434,161.99999999998545,12.279999999999635,829.51999999995633,SSLW,model_assisted_not_ground_truth,0,0,0,0,0,0,0,0,0,0,0
8.93,124.99999999994884,126.99999999991687,74.999999999955236,0,142.00000000000639,47.999999999993605,46.99999999998721,171.99999999993605,12.449999999998912,836.49999999995532,SSLW,model_assisted_not_ground_truth,0,0,0,0,0,0,0,0,0,0,0
8.94,139.99999999991741,132.99999999996697,75.999999999994486,0,144.99999999998349,50.99999999998348,48.999999999988987,173.99999999998897,12.604999999999146,835.48500000000558,SSLW,model_assisted_not_ground_truth,0,0,0,0,0,0,0,0,0,0,0
8.95,170.99999999986233,143.99999999995114,88.999999999942276,0,142.00000000001333,61.99999999995115,62.999999999937828,185.99999999994671,12.759999999999312,834.47000000000457,SSLW,model_assisted_not_ground_truth,0,0,0,0,0,0,0,0,0,0,0
8.96,178.99999999997158,154.99999999996092,100.99999999995737,0,151.99999999996447,74.999999999953815,70.999999999971578,192.99999999997513,13.04999999999897,860.41999999990776,SSLW,model_assisted_not_ground_truth,0,0,0,0,0,0,0,0,0,0,0
8.97,185.99999999998136,160.99999999998403,105.99999999998667,0,152,74.000000000002672,81.999999999970697,198.99999999998403,13.52999999999872,829.36000000008278,SSLW,model_assisted_not_ground_truth,0,0,0,0,0,0,0,0,0,0,0
8.98,198.99999999997692,174.99999999997513,109.99999999999289,0,162.99999999998045,82.999999999984013,99.999999999968026,204.99999999998934,13.879999999999379,857.2899999999504,SSLW,model_assisted_not_ground_truth,0,0,0,0,0,0,0,0,0,0,0
8.99,209.99999999999022,171.00000000000355,118.99999999999201,0,165.99999999999733,87.999999999995566,106.99999999999378,205,14.22999999999969,866.20999999999208,SSLW,model_assisted_not_ground_truth,0,0,0,0,0,0,0,0,0,0,0
9.00,231,176,127,0,167,95,121,208,14.48,880.11000000000001,SSLW,model_assisted_not_ground_truth,0,0,0,0,0,0,0,0,0,0,0
9.01,237.00000000000443,182.00000000000443,133.00000000000799,0,173.00000000000534,110.00000000000267,132.00000000000711,216.00000000000534,14.830000000000107,881.96000000000447,SSLW,model_assisted_not_ground_truth,0,0,0,0,0,0,0,0,0,0,0
9.02,242.0000000000089,186.99999999999821,142.00000000000179,0,178.99999999999821,113.00000000000178,140.00000000000179,222.00000000000179,14.950000000000212,886.92000000000883,SSLW,model_assisted_not_ground_truth,0,0,0,0,0,0,0,0,0,0,0
9.03,247.00000000000267,186,143.00000000001597,0,178.00000000001597,113.99999999999467,141.00000000003729,223.00000000000799,15.07000000000048,891.88000000007696,SSLW,model_assisted_not_ground_truth,0,0,0,0,0,0,0,0,0,0,0
9.04,247.99999999998099,186,148.99999999988597,0,183.99999999988597,112.00000000003801,154.99999999973392,225.99999999994299,15.250000000001343,920.76999999980205,SSLW,model_assisted_not_ground_truth,0,0,0,0,0,0,0,0,0,0,0
9.05,249.99999999996376,182.00000000007248,149.99999999998187,0,187.99999999992752,109.00000000005436,168.99999999974634,227.99999999996376,15.610000000001847,867.69999999992137,SSLW,model_assisted_not_ground_truth,0,0,0,0,0,0,0,0,0,0,0
9.06,253.99999999993108,182,152.9999999999483,0,184.00000000006892,117.99999999984493,175.99999999987938,228.99999999998278,16.010000000000662,850.67000000001076,SSLW,model_assisted_not_ground_truth,0,0,0,0,0,0,0,0,0,0,0
9.07,256.999999999951,176.00000000009805,154.99999999996732,0,178.00000000009805,112.00000000009805,182.9999999998856,228.00000000001634,16.130000000000479,852.64000000000635,SSLW,model_assisted_not_ground_truth,0,0,0,0,0,0,0,0,0,0,0
9.08,258.99999999996908,177.99999999996908,155.99999999998454,0,180.99999999995364,116.99999999992272,192.99999999984544,233.99999999990729,16.204999999999693,853.6349999999959,SSLW,model_assisted_not_ground_truth,0,0,0,0,0,0,0,0,0,0,0
9.09,259,169.00000000013108,156.99999999998545,0,176.00000000007282,107.00000000014566,198.9999999999126,231.00000000004371,16.279999999998907,854.62999999998556,SSLW,model_assisted_not_ground_truth,0,0,0,0,0,0,0,0,0,0,0
9.10,259,167.00000000002734,157,0,176,104.00000000004104,202.99999999994529,226.00000000006838,16.399999999998357,849.6000000000688,SSLW,model_assisted_not_ground_truth,0,0,0,0,0,0,0,0,0,0,0
9.11,259,161.00000000007674,151.00000000007674,0,171.00000000006395,99.000000000063949,205.99999999996163,221.00000000006395,16.489999999998847,844.58000000006427,SSLW,model_assisted_not_ground_truth,0,0,0,0,0,0,0,0,0,0,0
9.12,255.0000000000469,152.0000000001055,149.00000000002345,0,161.00000000011724,93.000000000070344,203.00000000003519,206.00000000017587,16.559999999999178,833.56000000012909,SSLW,model_assisted_not_ground_truth,0,0,0,0,0,0,0,0,0,0,0
9.13,241.00000000015172,145.00000000007586,134.00000000016254,0,150.0000000001192,69.000000000260059,195.00000000008669,187.00000000020589,16.589999999999677,809.54000000026019,SSLW,model_assisted_not_ground_truth,0,0,0,0,0,0,0,0,0,0,0
9.14,209.00000000031832,127.00000000017906,116.00000000017906,0,143.00000000006963,56.000000000129319,176.000000000189,157.00000000029843,16.669999999999206,797.5100000001197,SSLW,model_assisted_not_ground_truth,0,0,0,0,0,0,0,0,0,0,0
9.15,194.00000000013588,125.00000000001812,100.00000000014495,0,136.00000000006341,46.000000000090594,157.00000000017212,126.00000000028083,16.739999999999363,789.4700000000729,SSLW,model_assisted_not_ground_truth,0,0,0,0,0,0,0,0,0,0,0
9.16,184.00000000008171,107.00000000014708,83.000000000138911,0,136,46,139.00000000014708,98.000000000228795,16.769999999999754,773.9600000001268,SSLW,model_assisted_not_ground_truth,0,0,0,0,0,0,0,0,0,0,0
9.17,176.00000000005826,98.00000000006554,71.000000000087397,0,135.00000000000728,45.000000000007283,138.00000000000728,92.000000000043698,16.799999999999784,758.45000000011305,SSLW,model_assisted_not_ground_truth,0,0,0,0,0,0,0,0,0,0,0
9.18,162.00000000008953,94.00000000002558,51.000000000127898,0,117.00000000011511,45.999999999993605,128.00000000006395,85.000000000044764,16.829999999999806,749.43000000005759,SSLW,model_assisted_not_ground_truth,0,0,0,0,0,0,0,0,0,0,0
9.19,147.00000000008259,81.000000000071594,45.00000000003304,0,97.000000000110134,44.000000000011013,103.00000000013767,65.000000000110134,16.790000000000219,746.43000000001643,SSLW,model_assisted_not_ground_truth,0,0,0,0,0,0,0,0,0,0,0
9.20,116.00000000013767,73.000000000035527,45.999999999995559,0,64.000000000146542,43.000000000004441,74.000000000128779,50.000000000066613,16.590000000000888,719.43000000011989,SSLW,model_assisted_not_ground_truth,0,0,0,0,0,0,0,0,0,0,0
9.21,90.000000000092371,55.000000000063949,42.000000000014211,0,49.000000000053291,38.000000000017764,52.00000000007816,38.000000000042633,16.160000000001528,653.46000000023446,SSLW,model_assisted_not_ground_truth,0,0,0,0,0,0,0,0,0,0,0
9.22,80.000000000026645,50.000000000013323,40.000000000005329,0,48.000000000002665,37.000000000002665,47.000000000013323,37.000000000002665,15.760000000001066,610.99500000011312,SSLW,model_assisted_not_ground_truth,0,0,0,0,0,0,0,0,0,0,0
9.23,77.000000000005329,33.000000000030198,37.000000000005329,0,48,35.000000000003553,36.00000000001954,26.00000000001954,15.36000000000071,568.53000000007546,SSLW,model_assisted_not_ground_truth,0,0,0,0,0,0,0,0,0,0,0
9.24,73.000000000003553,26.000000000006217,40.999999999996447,0,48.999999999999112,34.000000000000888,36,24.000000000001776,14.760000000000533,507.62000000005412,SSLW,model_assisted_not_ground_truth,0,0,0,0,0,0,0,0,0,0,0
9.25,69,27,40,1,49,35,35,25,14.31,458.67000000000002,SSLW,model_assisted_not_ground_truth,0,0,0,0,0,0,0,0,0,0,0
9.26,66.99999999998667,27.999999999997335,41.999999999999112,0,47,38,34.999999999999112,23,14.159999999999947,434.6599999999965,SSLW,model_assisted_not_ground_truth,0,0,0,0,0,0,0,0,0,0,0
9.27,51.999999999996447,25,41,0,47,38,34.000000000001776,23.000000000001776,14.100000000000053,430.67000000000894,SSLW,model_assisted_not_ground_truth,0,0,0,0,0,0,0,0,0,0,0
9.28,49.999999999997335,25.000000000007994,40.999999999997335,0,47,38,35,24,14.130000000000027,435.67999999999734,SSLW,model_assisted_not_ground_truth,0,0,0,0,0,0,0,0,0,0,0
9.29,49.000000000019007,27.999999999942979,40.000000000019007,0,47,38,35,24,14.139999999999963,434.68000000000001,SSLW,model_assisted_not_ground_truth,0,0,0,0,0,0,0,0,0,0,0
9.30,45.000000000072475,27.000000000018119,40,0.99999999998188116,46.000000000018119,38.999999999981881,35,24.999999999981881,14.129999999999953,434.68000000000001,SSLW,model_assisted_not_ground_truth,0,0,0,0,0,0,0,0,0,0,0
9.31,44.000000000017231,27.999999999982769,40,60.99999999896616,46.999999999982769,38.000000000017231,35,24.000000000017231,14.119999999999834,434.68000000000001,SSLW,model_assisted_not_ground_truth,0,0,0,0,0,0,0,0,0,0,0
9.32,44,31.99999999993463,44.999999999918288,58.000000000049027,47,38,32.000000000049027,26.999999999950973,14.089999999999936,434.67999999997443,SSLW,model_assisted_not_ground_truth,0,0,0,0,0,0,0,0,0,0,0
9.33,44.999999999984546,35.999999999938183,45,61.999999999938183,45.000000000030909,38.999999999984546,29.000000000046363,27,14.080000000000155,430.6800000000618,SSLW,model_assisted_not_ground_truth,0,0,0,0,0,0,0,0,0,0,0
9.34,44.000000000014566,23.00000000018936,45,59.000000000043698,45,37.000000000029132,29.999999999985434,27,14.060000000000292,431.67999999998545,SSLW,model_assisted_not_ground_truth,0,0,0,0,0,0,0,0,0,0,0
9.35,44.999999999986322,23.999999999986322,45.999999999986322,59.999999999986322,44.000000000013678,37,29.000000000013678,27,14.139999999998906,432.64999999998673,SSLW,model_assisted_not_ground_truth,0,0,0,0,0,0,0,0,0,0,0
9.36,44.00000000001279,23.00000000001279,45.00000000001279,57.000000000038369,46.999999999961631,37.99999999998721,30.99999999997442,29.999999999961631,14.080000000000767,433.67999999998682,SSLW,model_assisted_not_ground_truth,0,0,0,0,0,0,0,0,0,0,0
9.37,44,21.000000000023448,44.000000000011724,58.999999999976552,47.999999999988276,38,29.000000000023448,28.000000000023448,14.070000000000118,432.69000000001159,SSLW,model_assisted_not_ground_truth,0,0,0,0,0,0,0,0,0,0,0
9.38,44,27.99999999992415,44,58.000000000010836,47.000000000010836,37.000000000010836,29.999999999989164,28.999999999989164,14.07,433.68999999998914,SSLW,model_assisted_not_ground_truth,0,0,0,0,0,0,0,0,0,0,0
9.39,44,20.000000000079581,43.000000000009948,58.999999999990052,50.99999999996021,37.999999999990052,30,33.999999999950262,14.07,434.68999999999005,SSLW,model_assisted_not_ground_truth,0,0,0,0,0,0,0,0,0,0,0
9.40,44,16.000000000036238,40.000000000027178,55.000000000036238,51,37.000000000009059,30,37.999999999963762,14.050000000000182,432.69000000001813,SSLW,model_assisted_not_ground_truth,0,0,0,0,0,0,0,0,0,0,0
9.41,43.000000000008171,20.999999999959144,38.000000000016342,56.999999999983658,51.999999999991829,37.999999999991829,28.000000000016342,40.999999999975486,14.079999999999755,433.67999999999194,SSLW,model_assisted_not_ground_truth,0,0,0,0,0,0,0,0,0,0,0
9.42,43,21.999999999992717,37.000000000007283,53.000000000029132,51.000000000007283,37.000000000007283,13.000000000109246,46.999999999956302,14.109999999999781,435.65999999998559,SSLW,model_assisted_not_ground_truth,0,0,0,0,0,0,0,0,0,0,0
9.43,42.000000000006395,23.99999999998721,37.999999999993605,55.999999999980815,49.00000000001279,37,11.00000000001279,45.00000000001279,14.109999999999999,431.6600000000256,SSLW,model_assisted_not_ground_truth,0,0,0,0,0,0,0,0,0,0,0
9.44,43.999999999988987,24,38,57.999999999988987,49,37,9.0000000000110134,50.99999999996696,14.139999999999835,433.64999999998901,SSLW,model_assisted_not_ground_truth,0,0,0,0,0,0,0,0,0,0,0
9.45,43.000000000004441,24,37.000000000004441,57.000000000004441,49.999999999995559,37,9,44.000000000031086,14.12000000000009,433.65999999999997,SSLW,model_assisted_not_ground_truth,0,0,0,0,0,0,0,0,0,0,0
9.46,43.999999999996447,24,37,58.999999999992895,50,37,8.0000000000035527,43.000000000003553,14.100000000000071,433.66999999999996,SSLW,model_assisted_not_ground_truth,0,0,0,0,0,0,0,0,0,0,0
9.47,43.000000000002665,22.000000000005329,37,58.000000000002665,50.999999999997335,37,8.9999999999973355,49.999999999981348,14.119999999999946,433.66000000000003,SSLW,model_assisted_not_ground_truth,0,0,0,0,0,0,0,0,0,0,0
9.48,43.999999999998224,23.999999999996447,37,57.000000000001776,50.000000000001776,37.999999999998224,8.0000000000017764,54.999999999991118,14.060000000000107,434.67999999999819,SSLW,model_assisted_not_ground_truth,0,0,0,0,0,0,0,0,0,0,0
9.49,44.999999999999112,23.000000000000888,37.999999999999112,57.999999999999112,49.000000000000888,38,6.0000000000017764,52.000000000002665,14.109999999999955,434.67000000000002,SSLW,model_assisted_not_ground_truth,0,0,0,0,0,0,0,0,0,0,0
9.50,45,24,38,58,51,38,9,50,14.06,434.69,SSLW,model_assisted_not_ground_truth,0,0,0,0,0,0,0,0,0,0,0
9.51,44.000000000000888,24.000000000001776,38,58.999999999997335,51,38,3.0000000000044409,50.999999999993783,14.079999999999991,436.68999999999909,SSLW,model_assisted_not_ground_truth,0,0,0,0,0,0,0,0,0,0,0
9.52,44.999999999992895,25.999999999994671,38,56.000000000001776,51,38,7.9999999999857891,43.999999999984013,14.069999999999991,435.68999999999824,SSLW,model_assisted_not_ground_truth,0,0,0,0,0,0,0,0,0,0,0
9.53,41.000000000002665,23,38.000000000002665,56.999999999986677,51,37.999999999997335,2.1316282072337716e-11,35.000000000013323,14.064999999999987,434.68999999999733,SSLW,model_assisted_not_ground_truth,0,0,0,0,0,0,0,0,0,0,0
9.54,41.999999999980993,23,38.999999999980993,52.000000000095035,51,37.000000000019007,7.9999999998479439,39.999999999904965,14.060000000000038,433.69000000000744,SSLW,model_assisted_not_ground_truth,0,0,0,0,0,0,0,0,0,0,0
9.55,40.000000000036238,23,38.000000000018119,54.999999999945643,50.000000000018119,37,8,34.000000000108713,14.070000000000046,435.6900000000046,SSLW,model_assisted_not_ground_truth,0,0,0,0,0,0,0,0,0,0,0
9.56,40.999999999982769,21.000000000034461,37.000000000017231,54.000000000017231,49.000000000017231,37,7.0000000000172307,34.999999999982769,14.080000000000055,436.69000000000551,SSLW,model_assisted_not_ground_truth,0,0,0,0,0,0,0,0,0,0,0
9.57,38.000000000049027,21.999999999983658,37,55.999999999967315,49,32.000000000081712,7.9999999999836575,35,14.09,437.69,SSLW,model_assisted_not_ground_truth,0,0,0,0,0,0,0,0,0,0,0
9.58,37.000000000015454,19.000000000046363,35.000000000030909,57.999999999969091,49.999999999984546,32,8.9999999999845457,38.999999999938183,14.09,437.69,SSLW,model_assisted_not_ground_truth,0,0,0,0,0,0,0,0,0,0,0
9.59,37,20.999999999970868,35,58,50,32,9.9999999999854339,33.000000000087397,14.085000000000072,437.19000000000727,SSLW,model_assisted_not_ground_truth,0,0,0,0,0,0,0,0,0,0,0
9.60,37,22.999999999972644,36.999999999972644,58,50,4.3769432522822171e-10,11.999999999972644,35.999999999958966,14.080000000000069,436.69000000000682,SSLW,model_assisted_not_ground_truth,0,0,0,0,0,0,0,0,0,0,0
9.61,36.00000000001279,24.99999999997442,37,58,51.99999999997442,0,14.999999999961631,46.999999999859313,14.070000000000128,438.68999999997442,SSLW,model_assisted_not_ground_truth,0,0,0,0,0,0,0,0,0,0,0
9.62,36.999999999988276,25.999999999988276,37.999999999988276,58.999999999988276,55.999999999953104,0,27.999999999847589,61.999999999824141,14.089999999999765,437.69000000001171,SSLW,model_assisted_not_ground_truth,0,0,0,0,0,0,0,0,0,0,0
9.63,37,26,38,59.999999999989164,56,0,28.999999999989164,77.999999999826628,14.09,437.69,SSLW,model_assisted_not_ground_truth,0,0,0,0,0,0,0,0,0,0,0
9.64,37,26.999999999990052,38.999999999990052,60,56,0,29.999999999990052,95.999999999820943,14.129999999999603,439.67999999998023,SSLW,model_assisted_not_ground_truth,0,0,0,0,0,0,0,0,0,0,0
9.65,35.000000000018119,25.000000000018119,37.000000000018119,60,56.999999999990941,0,30,100.9999999999547,14.13999999999991,440.67999999999097,SSLW,model_assisted_not_ground_truth,0,0,0,0,0,0,0,0,0,0,0
9.66,35.999999999991829,31.999999999942801,37.999999999991829,65.999999999950973,57,0,30.999999999991829,104.99999999996732,14.140000000000001,440.68000000000001,SSLW,model_assisted_not_ground_truth,0,0,0,0,0,0,0,0,0,0,0
9.67,36.999999999992717,31.000000000007283,38,80.999999999890747,57,0,31,110.9999999999563,14.130000000000074,442.67999999998545,SSLW,model_assisted_not_ground_truth,0,0,0,0,0,0,0,0,0,0,0
9.68,36.000000000006395,28.000000000019185,38.999999999993605,93.999999999916866,56.000000000006395,0,31,114.99999999997442,14.120000000000065,441.68000000000643,SSLW,model_assisted_not_ground_truth,0,0,0,0,0,0,0,0,0,0,0
9.69,37.999999999988987,28.999999999994493,39.999999999994493,105.99999999993392,55.000000000005507,30.999999999829292,31,124.99999999994493,14.110000000000054,440.68000000000552,SSLW,model_assisted_not_ground_truth,0,0,0,0,0,0,0,0,0,0,0
9.70,39.999999999991118,33.999999999977796,40,114.99999999996004,59.999999999977796,36.999999999973355,33.999999999986677,132.99999999996447,14.139999999999867,441.66999999999564,SSLW,model_assisted_not_ground_truth,0,0,0,0,0,0,0,0,0,0,0
9.71,42.999999999989342,57.999999999914735,41.999999999992895,123.99999999996803,77.999999999936051,37,45.999999999957367,154.99999999992184,14.130000000000036,440.6700000000036,SSLW,model_assisted_not_ground_truth,0,0,0,0,0,0,0,0,0,0,0
9.72,43,75.999999999952038,42,128.99999999998667,81.999999999989342,37,73.999999999925393,187.99999999991206,13.71000000000112,449.76999999997571,SSLW,model_assisted_not_ground_truth,0,0,0,0,0,0,0,0,0,0,0
9.73,49.999999999987566,97.99999999996092,45.999999999992895,152.99999999995737,94.999999999976907,37.999999999998224,121.99999999991473,221.9999999999396,11.79000000000341,517.22999999988019,SSLW,model_assisted_not_ground_truth,0,0,0,0,0,0,0,0,0,0,0
9.74,66.999999999984908,119.99999999998046,53.999999999992895,170.99999999998403,123.99999999997425,41.999999999996447,167.99999999995913,256.99999999996891,9.0600000000024252,756.78999999978714,SSLW,model_assisted_not_ground_truth,0,0,0,0,0,0,0,0,0,0,0
9.75,100,133,72,180,162,44,208,277,8.5250000000000004,836.45499999999993,SSLW,model_assisted_not_ground_truth,0,0,0,0,0,0,0,0,0,0,0
9.76,130.00000000000088,156.00000000000711,106.00000000000178,208.00000000001245,190.00000000002842,44.000000000000888,212.9999999999911,271.99999999997959,7.9899999999998226,916.12000000002581,SSLW,model_assisted_not_ground_truth,0,0,0,0,0,0,0,0,0,0,0
9.77,130.99999999998934,164.000000000016,108.00000000001599,222.000000000016,222.00000000003908,45.000000000005329,202.99999999998755,248.99999999996803,7.7899999999998935,945.20000000007474,SSLW,model_assisted_not_ground_truth,0,0,0,0,0,0,0,0,0,0,0
9.78,124.99999999999201,173.00000000002132,117.00000000006128,231.00000000000799,244.0000000000293,48.000000000026645,195.99999999999469,230.99999999992008,7.7300000000002669,987.25000000006128,SSLW,model_assisted_not_ground_truth,0,0,0,0,0,0,0,0,0,0,0
9.79,122.00000000005701,180.99999999984794,139.99999999956285,233.99999999994299,254.99999999979093,57.99999999980993,194.00000000003803,201.0000000005702,7.8300000000014549,1010.2300000002053,SSLW,model_assisted_not_ground_truth,0,0,0,0,0,0,0,0,0,0,0
9.80,122,181.99999999998187,141.99999999996376,234.99999999998187,261.99999999987318,67.999999999818812,193.00000000001813,173.00000000050733,8.2200000000014786,1065.2600000000693,SSLW,model_assisted_not_ground_truth,0,0,0,0,0,0,0,0,0,0,0
9.81,120.00000000003446,182.99999999998278,142,238.99999999993108,259.00000000005167,75.999999999862155,194.99999999996555,161.00000000020677,8.5400000000008802,1080.260000000121,SSLW,model_assisted_not_ground_truth,0,0,0,0,0,0,0,0,0,0,0
9.82,112.00000000013074,184.99999999996732,142,242.99999999993463,252.0000000001144,76,194.00000000001634,177.99999999972218,8.6999999999992035,1102.2299999998907,SSLW,model_assisted_not_ground_truth,0,0,0,0,0,0,0,0,0,0,0
9.83,112.99999999998454,185,150.9999999998609,236.00000000010817,247.00000000007728,75.000000000015461,190.00000000006182,192.99999999976819,8.8599999999975267,1124.1999999996606,SSLW,model_assisted_not_ground_truth,0,0,0,0,0,0,0,0,0,0,0
9.84,120.99999999988347,169.00000000023306,161.99999999983976,244.99999999986892,246.00000000001455,78.999999999941735,191.99999999997087,205.99999999981065,9.0599999999970873,1128.1899999999418,SSLW,model_assisted_not_ground_truth,0,0,0,0,0,0,0,0,0,0,0
9.85,123.99999999995896,167.00000000002734,164.99999999995896,251.99999999990425,247.99999999997266,78.000000000013671,196.99999999993162,225.99999999972644,9.2399999999975382,1126.1500000000281,SSLW,model_assisted_not_ground_truth,0,0,0,0,0,0,0,0,0,0,0
9.86,124,168.99999999997442,165.99999999998721,264.99999999983373,249.99999999997442,81.999999999948841,201.99999999993605,232.99999999991047,9.4599999999971871,1108.0600000002314,SSLW,model_assisted_not_ground_truth,0,0,0,0,0,0,0,0,0,0,0
9.87,120.0000000000469,169,163.00000000003519,270.99999999992963,250.99999999998829,86.99999999994138,198.0000000000469,233.99999999998829,9.6599999999976554,1089.030000000223,SSLW,model_assisted_not_ground_truth,0,0,0,0,0,0,0,0,0,0,0
9.88,112.00000000008669,169.99999999998917,160.00000000003251,270.00000000001086,246.00000000005417,77.000000000108358,188.00000000010834,233.00000000001083,9.8399999999980494,1071.9900000001846,SSLW,model_assisted_not_ground_truth,0,0,0,0,0,0,0,0,0,0,0
9.89,105.00000000006963,167.00000000002984,159.00000000000995,262.00000000007958,244.0000000000199,70.000000000069633,167.0000000002089,225.00000000007958,10.019999999998209,1042.950000000289,SSLW,model_assisted_not_ground_truth,0,0,0,0,0,0,0,0,0,0,0
9.90,99.000000000054357,166.00000000000907,156.00000000002717,257.0000000000453,240.00000000003624,68.000000000018119,136.00000000028083,222.00000000002717,10.17999999999855,1027.9150000001362,SSLW,model_assisted_not_ground_truth,0,0,0,0,0,0,0,0,0,0,0
9.91,91.00000000006537,166,155.00000000000819,245.00000000009805,238.00000000001634,68.999999999991829,115.0000000001716,218.00000000003268,10.339999999998692,1012.8800000001229,SSLW,model_assisted_not_ground_truth,0,0,0,0,0,0,0,0,0,0,0
9.92,85.000000000043698,164.00000000001455,140.00000000010925,1.0000000017770674,233.00000000003641,63.000000000043698,92.000000000167518,212.00000000004371,10.649999999997743,978.83000000024799,SSLW,model_assisted_not_ground_truth,0,0,0,0,0,0,0,0,0,0,0
9.93,85,156.00000000005116,126.00000000008953,6.3948846218409017e-12,226.00000000004476,57.000000000038369,65.000000000172662,206.00000000003837,10.859999999998657,952.77000000016665,SSLW,model_assisted_not_ground_truth,0,0,0,0,0,0,0,0,0,0,0
9.94,72.000000000071594,142.00000000007708,118.00000000004405,0,218.00000000004405,57,52.000000000071587,198.00000000004405,11.179999999998238,921.70000000017114,SSLW,model_assisted_not_ground_truth,0,0,0,0,0,0,0,0,0,0,0
9.95,67.000000000022197,126.00000000007105,97.000000000093252,0,211.00000000003109,57,44.000000000035527,200.99999999998667,11.51999999999849,888.62000000014689,SSLW,model_assisted_not_ground_truth,0,0,0,0,0,0,0,0,0,0,0
9.96,65.000000000007105,120.00000000002132,83.000000000049738,0,204.00000000002487,55.000000000007105,42.000000000007105,200.00000000000355,11.799999999999006,863.59000000008893,SSLW,model_assisted_not_ground_truth,0,0,0,0,0,0,0,0,0,0,0
9.97,65.999999999997328,117.00000000000799,79.000000000010658,0,192.00000000003197,48.000000000018652,39.000000000007994,199.00000000000267,11.954999999999586,847.07500000004404,SSLW,model_assisted_not_ground_truth,0,0,0,0,0,0,0,0,0,0,0
9.98,66,116.00000000000178,75.000000000007105,0,189.00000000000534,47.000000000001776,38.000000000001776,199,12.109999999999724,830.56000000002928,SSLW,model_assisted_not_ground_truth,0,0,0,0,0,0,0,0,0,0,0
9.99,66,116.99999999999912,73.000000000001776,0,185.00000000000355,47,37.000000000000888,200.99999999999824,12.329999999999805,817.51000000001159,SSLW,model_assisted_not_ground_truth,0,0,0,0,0,0,0,0,0,0,0
10.00,65,117,71,0,181,47,37,199,12.52,804.48000000000002,SSLW,model_assisted_not_ground_truth,0,0,0,0,0,0,0,0,0,0,0
10.01,65.999999999999105,117.99999999999822,68.999999999998224,0,173.99999999999557,46.999999999999112,34.999999999997335,195.99999999999912,12.720000000000143,792.46999999999468,SSLW,model_assisted_not_ground_truth,0,0,0,0,0,0,0,0,0,0,0
10.02,64.999999999998224,115.99999999999822,66.999999999989342,0,168.99999999998045,46,32,194.99999999998755,12.880000000000303,786.4299999999821,SSLW,model_assisted_not_ground_truth,0,0,0,0,0,0,0,0,0,0,0
10.03,63.999999999965361,114.9999999999707,60.999999999986677,0,157.99999999998667,46.000000000002665,32,187.99999999997868,13.050000000001093,776.37999999993599,SSLW,model_assisted_not_ground_truth,0,0,0,0,0,0,0,0,0,0,0
10.04,51.000000000247091,104.00000000020907,56.000000000095035,0,153.00000000009504,46.999999999980993,32,180.00000000015206,13.460000000000187,752.3399999999981,SSLW,model_assisted_not_ground_truth,0,0,0,0,0,0,0,0,0,0,0
10.05,47.000000000072475,97.000000000126832,53.000000000054357,0,144.00000000016308,46.000000000018119,31.000000000018119,172.00000000014495,13.510000000000232,751.82999999999765,SSLW,model_assisted_not_ground_truth,0,0,0,0,0,0,0,0,0,0,0
10.06,48.999999999965539,91.000000000103384,51.000000000034461,0,139.00000000008615,46.999999999982769,31,167.00000000008615,13.560000000000716,751.31999999987318,SSLW,model_assisted_not_ground_truth,0,0,0,0,0,0,0,0,0,0,0
10.07,49.999999999983658,90.000000000016342,50.000000000016342,0,134.00000000008171,45.000000000032685,31,164.00000000004903,13.690000000000767,728.29000000012115,SSLW,model_assisted_not_ground_truth,0,0,0,0,0,0,0,0,0,0,0
10.08,50,83.000000000108173,50,0,131.00000000004636,45.999999999984546,31.999999999984546,162.00000000003092,13.809999999998146,747.24999999970703,SSLW,model_assisted_not_ground_truth,0,0,0,0,0,0,0,0,0,0,0
10.09,63.999999999796074,82.000000000014566,50,0,122.0000000001311,45.000000000014566,31.000000000014566,166.99999999992718,13.919999999998398,744.23000000004401,SSLW,model_assisted_not_ground_truth,0,0,0,0,0,0,0,0,0,0,0
10.10,71.999999999890576,85.999999999945288,50,0,111.00000000015046,45.999999999986322,31,164.00000000004104,14.009999999998769,752.21999999989077,SSLW,model_assisted_not_ground_truth,0,0,0,0,0,0,0,0,0,0,0
10.11,77.999999999923261,88.999999999961631,49.00000000001279,0,114.99999999994884,45.00000000001279,31,166.99999999996163,14.059999999999359,756.70999999994262,SSLW,model_assisted_not_ground_truth,0,0,0,0,0,0,0,0,0,0,0
10.12,78,94.999999999929656,48.000000000011724,0,113.00000000002345,44.000000000011724,31,172.99999999992966,14.109999999999413,761.19999999994741,SSLW,model_assisted_not_ground_truth,0,0,0,0,0,0,0,0,0,0,0
10.13,88.999999999880799,95.999999999989171,48,0,109.00000000004334,45.999999999978328,31.999999999989164,172.00000000001083,14.189999999999133,768.20999999992409,SSLW,model_assisted_not_ground_truth,0,0,0,0,0,0,0,0,0,0,0
10.14,96.999999999920419,100.99999999995026,48,0,111.99999999997016,46.999999999990052,32.999999999990052,174.99999999997016,14.309999999998807,780.15999999988105,SSLW,model_assisted_not_ground_truth,0,0,0,0,0,0,0,0,0,0,0
10.15,108.99999999989129,109.99999999991846,51.999999999963762,0,118.99999999993659,46.000000000009059,34.999999999981881,183.99999999991846,14.539999999997915,770.12000000009095,SSLW,model_assisted_not_ground_truth,0,0,0,0,0,0,0,0,0,0,0
10.16,121.99999999989377,124.99999999987743,54.999999999975486,0,136.99999999985292,46.999999999991829,36.999999999983658,186.9999999999755,14.619999999999346,796.06999999978802,SSLW,model_assisted_not_ground_truth,0,0,0,0,0,0,0,0,0,0,0
10.17,148.99999999980335,135.99999999991988,60.999999999956302,0,140.99999999997087,48.999999999985434,43.999999999949019,196.99999999992718,14.829999999998471,784.03000000008763,SSLW,model_assisted_not_ground_truth,0,0,0,0,0,0,0,0,0,0,0
10.18,164.99999999989768,145.99999999993605,71.999999999929656,0,156.99999999989768,51.999999999980815,52.999999999942446,203.99999999995524,14.92999999999936,797.99999999991064,SSLW,model_assisted_not_ground_truth,0,0,0,0,0,0,0,0,0,0,0
10.19,172.99999999995595,159.99999999992292,82.999999999939433,0,159.99999999998349,64.999999999928406,61.99999999995044,211.99999999995595,14.979999999999723,808.95499999993967,SSLW,model_assisted_not_ground_truth,0,0,0,0,0,0,0,0,0,0,0
10.20,187.99999999993338,165.99999999997334,98.999999999928946,0,149.00000000004886,70.999999999973355,76.99999999993338,212,15.029999999999777,819.90999999995131,SSLW,model_assisted_not_ground_truth,0,0,0,0,0,0,0,0,0,0,0
10.21,192.99999999998224,172.99999999997513,107.99999999996803,0,152.99999999998579,78.999999999971578,91.999999999946709,222.99999999996092,15.219999999999326,828.85999999996818,SSLW,model_assisted_not_ground_truth,0,0,0,0,0,0,0,0,0,0,0
10.22,205.99999999996535,177.99999999998667,110.99999999999201,0,152.00000000000267,79.999999999997328,95.999999999989342,217.00000000001597,15.329999999999707,841.81999999996549,SSLW,model_assisted_not_ground_truth,0,0,0,0,0,0,0,0,0,0,0
10.23,208.99999999999466,181.99999999999289,121.99999999998046,0,157.99999999998934,88.999999999984013,99.999999999992895,222.99999999998934,15.409999999999858,843.77999999999645,SSLW,model_assisted_not_ground_truth,0,0,0,0,0,0,0,0,0,0,0
10.24,210.99999999999824,181.00000000000088,126.99999999999557,0,156.00000000000176,92.999999999996447,105.99999999999467,223,15.479999999999938,827.75000000001421,SSLW,model_assisted_not_ground_truth,0,0,0,0,0,0,0,0,0,0,0
10.25,216,184,133,0,154,93,113,224,15.515000000000001,824.23000000000002,SSLW,model_assisted_not_ground_truth,0,0,0,0,0,0,0,0,0,0,0
10.26,220.00000000000088,181,134,0,157.00000000000534,93,122.00000000000178,223.99999999999912,15.550000000000072,820.71000000000265,SSLW,model_assisted_not_ground_truth,0,0,0,0,0,0,0,0,0,0,0
10.27,221,181,133.9999999999911,0,163.00000000000534,92.999999999998224,124.00000000001066,223.00000000000179,15.630000000000214,823.66999999995903,SSLW,model_assisted_not_ground_truth,0,0,0,0,0,0,0,0,0,0,0
10.28,220.99999999998934,180.99999999997601,128.99999999998934,0,165.99999999999733,92.000000000002657,130.00000000000267,223.99999999999469,15.75000000000008,800.63999999996258,SSLW,model_assisted_not_ground_truth,0,0,0,0,0,0,0,0,0,0,0
10.29,217.00000000007603,172.00000000017107,125.00000000007603,0,165.00000000001901,92.999999999980986,130.99999999998099,222.00000000003803,15.780000000000223,786.59999999993647,SSLW,model_assisted_not_ground_truth,0,0,0,0,0,0,0,0,0,0,0
10.30,212.00000000009061,167.00000000009061,114.00000000019931,0,168.99999999992752,86.000000000126832,131.99999999998187,218.00000000007248,15.839999999999861,769.56999999989375,SSLW,model_assisted_not_ground_truth,0,0,0,0,0,0,0,0,0,0,0
10.31,204.00000000013785,157.00000000017229,109.00000000008615,0,165.00000000006892,79.000000000120622,127.00000000008615,206.00000000020677,15.810000000000111,746.55999999996129,SSLW,model_assisted_not_ground_truth,0,0,0,0,0,0,0,0,0,0,0
10.32,195.00000000014708,148.00000000014708,84.000000000408562,0,159.00000000009805,63.00000000026148,113.00000000022879,202.00000000006537,15.829999999999901,739.54000000003487,SSLW,model_assisted_not_ground_truth,0,0,0,0,0,0,0,0,0,0,0
10.33,168.00000000041726,132.00000000024727,74.000000000154543,0,142.00000000026273,46.000000000262723,91.000000000339995,182.00000000030909,15.849999999999691,732.52000000010844,SSLW,model_assisted_not_ground_truth,0,0,0,0,0,0,0,0,0,0,0
10.34,135.00000000048067,107.00000000036415,58.000000000233058,0,121.00000000030589,46,65.000000000378719,153.0000000004224,15.859999999999854,711.48000000030652,SSLW,model_assisted_not_ground_truth,0,0,0,0,0,0,0,0,0,0,0
10.35,99.000000000492406,101.00000000008207,48.000000000136779,0,98.0000000003146,45.000000000013678,52.000000000177813,106.00000000064287,15.869999999999862,689.45000000030132,SSLW,model_assisted_not_ground_truth,0,0,0,0,0,0,0,0,0,0,0
10.36,82.000000000217426,90.000000000140687,47.00000000001279,0,69.000000000370903,45,40.000000000153477,72.000000000434852,15.840000000000384,671.43000000023039,SSLW,model_assisted_not_ground_truth,0,0,0,0,0,0,0,0,0,0,0
10.37,77.00000000005862,75.000000000175859,46.000000000011724,0,56.000000000152411,41.000000000046896,37.000000000035172,49.000000000269651,15.77000000000082,652.44000000022265,SSLW,model_assisted_not_ground_truth,0,0,0,0,0,0,0,0,0,0,0
10.38,69.000000000086686,62.000000000140865,46.999999999989164,0,50.000000000065015,38.000000000032507,36.000000000010836,38.000000000119194,15.720000000000542,632.45000000021662,SSLW,model_assisted_not_ground_truth,0,0,0,0,0,0,0,0,0,0,0
10.39,63.000000000059686,55.000000000069633,41.000000000059686,1.9999999999801048,50,36.000000000019895,35.000000000009948,37.000000000009948,15.560000000001592,597.4800000003479,SSLW,model_assisted_not_ground_truth,0,0,0,0,0,0,0,0,0,0,0
10.40,51.000000000108713,50.000000000045297,41.999999999990941,119.99999999893099,50.999999999990941,35.000000000009059,32.000000000027178,27.000000000090594,15.45500000000095,583.50000000012665,SSLW,model_assisted_not_ground_truth,0,0,0,0,0,0,0,0,0,0,0
10.41,51.999999999991829,36.000000000114397,40.000000000016342,90.000000000245137,51.999999999991829,36.999999999983658,32,26.000000000008171,15.350000000000858,569.52000000011424,SSLW,model_assisted_not_ground_truth,0,0,0,0,0,0,0,0,0,0,0
10.42,51.000000000007283,26.000000000072831,40.999999999992717,77.000000000094673,48.000000000029132,37,30.000000000014566,26,14.990000000002622,529.58000000029097,SSLW,model_assisted_not_ground_truth,0,0,0,0,0,0,0,0,0,0,0
10.43,64.999999999910472,21.000000000031974,44.99999999997442,69.000000000051159,48,38.99999999998721,34.999999999968026,26,14.66000000000211,503.65000000016579,SSLW,model_assisted_not_ground_truth,0,0,0,0,0,0,0,0,0,0,0
10.44,65.999999999994486,21.999999999994493,45,60.00000000004956,47.000000000005507,39,35,26,14.390000000001487,470.67000000018163,SSLW,model_assisted_not_ground_truth,0,0,0,0,0,0,0,0,0,0,0
10.45,52.000000000062172,25.999999999982236,44.000000000004441,2.0000000002575717,48.999999999991118,39,35,26,14.2100000000008,446.6700000001066,SSLW,model_assisted_not_ground_truth,0,0,0,0,0,0,0,0,0,0,0
10.46,50.000000000007105,22.000000000014211,43.000000000003553,60.99999999979039,48.000000000003553,39,32.000000000010658,25.000000000003553,14.170000000000142,444.68000000000706,SSLW,model_assisted_not_ground_truth,0,0,0,0,0,0,0,0,0,0,0
10.47,50,22,43.999999999997335,59.000000000005329,46.000000000005329,38.000000000002665,32,24.000000000002665,14.165000000000013,444.18000000000131,SSLW,model_assisted_not_ground_truth,0,0,0,0,0,0,0,0,0,0,0
10.48,50.999999999998224,23.999999999996447,44,57.000000000003553,47.999999999996447,38,32,24,14.160000000000009,443.68000000000092,SSLW,model_assisted_not_ground_truth,0,0,0,0,0,0,0,0,0,0,0
10.49,50.000000000000888,23.000000000000888,45.999999999998224,57,47.000000000000888,38,32,25.999999999998224,14.140000000000018,440.68000000000268,SSLW,model_assisted_not_ground_truth,0,0,0,0,0,0,0,0,0,0,0
10.50,50,32,45,60,47,38,32,27,14.119999999999999,438.68000000000001,SSLW,model_assisted_not_ground_truth,0,0,0,0,0,0,0,0,0,0,0
10.51,48.999999999999112,38,44.000000000000888,62.999999999998224,47.000000000003553,38,31.999999999999112,26.000000000000888,14.119999999999981,438.67999999999734,SSLW,model_assisted_not_ground_truth,0,0,0,0,0,0,0,0,0,0,0
10.52,48.000000000001776,37.999999999999112,44.999999999998224,61,50.999999999999112,38,30.999999999999112,27.000000000001776,14.099999999999911,435.67999999999472,SSLW,model_assisted_not_ground_truth,0,0,0,0,0,0,0,0,0,0,0
10.53,48.999999999991296,37.500000000004349,44.000000000008704,61,50.500000000004349,38,30.500000000004352,27.999999999991296,14.049999999999974,432.68999999999733,SSLW,model_assisted_not_ground_truth,0,0,0,0,0,0,0,0,0,0,0
10.54,49.999999999980993,37.000000000009507,43.000000000019007,61,50.000000000009507,38,30.000000000009504,28.999999999980993,14.03999999999998,431.68999999999812,SSLW,model_assisted_not_ground_truth,0,0,0,0,0,0,0,0,0,0,0
10.55,46.000000000072475,31.000000000108713,44.999999999963762,63.999999999945643,50,38,29.000000000018119,31.999999999945643,14.034999999999975,431.18999999999767,SSLW,model_assisted_not_ground_truth,0,0,0,0,0,0,0,0,0,0,0
10.56,47.999999999965539,26.000000000086153,44.000000000017231,60.000000000068923,50,38,29,32.999999999982769,14.029999999999999,430.68999999997794,SSLW,model_assisted_not_ground_truth,0,0,0,0,0,0,0,0,0,0,0
10.57,46.000000000032685,25.000000000016342,44,60,50,38,29,44.99999999980389,14.030000000000511,426.69000000004468,SSLW,model_assisted_not_ground_truth,0,0,0,0,0,0,0,0,0,0,0
10.58,45.000000000015454,25,44,68.999999999860904,50.499999999992269,38,29,56.999999999814548,14.109999999998763,433.679999999892,SSLW,model_assisted_not_ground_truth,0,0,0,0,0,0,0,0,0,0,0
10.59,44.000000000014566,25,44,77.999999999868905,50.999999999992717,38,29,68.999999999825206,14.030000000001165,430.69000000004354,SSLW,model_assisted_not_ground_truth,0,0,0,0,0,0,0,0,0,0,0
10.60,43.000000000013678,25,44.999999999986322,105.99999999961702,51.999999999986322,38,28.000000000013678,72.999999999945288,14.05999999999959,433.68999999995896,SSLW,model_assisted_not_ground_truth,0,0,0,0,0,0,0,0,0,0,0
10.61,43,25,45,89.000000000217426,55.999999999948841,38.99999999998721,28.99999999998721,70.000000000038369,14.030000000000383,430.69000000003837,SSLW,model_assisted_not_ground_truth,0,0,0,0,0,0,0,0,0,0,0
10.62,43.999999999988276,25,45.999999999988276,86.000000000035172,56,37.000000000023448,16.000000000152411,73.999999999953104,14.044999999999824,431.1849999999942,SSLW,model_assisted_not_ground_truth,0,0,0,0,0,0,0,0,0,0,0
10.63,44.999999999989164,25.999999999989164,45.000000000010836,87.999999999978328,56,37.999999999989164,16,82.999999999902485,14.059999999999839,431.67999999999466,SSLW,model_assisted_not_ground_truth,0,0,0,0,0,0,0,0,0,0,0
10.64,45,24.000000000019895,44.000000000009948,96.999999999910472,56,37.000000000009948,11.000000000049738,75.000000000079581,14.0500000000001,432.68999999998994,SSLW,model_assisted_not_ground_truth,0,0,0,0,0,0,0,0,0,0,0
10.65,45,23.000000000009059,44,83.000000000126832,56.999999999990941,37,9.0000000000181188,75.999999999990933,14.069999999999819,432.68000000000012,SSLW,model_assisted_not_ground_truth,0,0,0,0,0,0,0,0,0,0,0
10.66,45,20.000000000024514,44,78.000000000040856,57,37.999999999991829,9,79.999999999967315,14.079999999999918,433.67999999999182,SSLW,model_assisted_not_ground_truth,0,0,0,0,0,0,0,0,0,0,0
10.67,45,24.999999999963585,44,67.000000000080121,56.000000000007283,38,8.0000000000072831,82.999999999978144,14.109999999999781,436.67999999997818,SSLW,model_assisted_not_ground_truth,0,0,0,0,0,0,0,0,0,0,0
10.68,44.000000000006395,24.000000000006395,44,65.00000000001279,56,37.000000000006395,8.9999999999936051,87.999999999968026,14.080000000000192,436.68999999999994,SSLW,model_assisted_not_ground_truth,0,0,0,0,0,0,0,0,0,0,0
10.69,44,22.000000000011013,44,63.000000000011013,52.000000000022027,37,9,88.999999999994486,14.070000000000055,437.69999999999442,SSLW,model_assisted_not_ground_truth,0,0,0,0,0,0,0,0,0,0,0
10.70,44,23.999999999991118,43.000000000004441,62.000000000004441,50.000000000008882,37,8.0000000000044409,83.000000000026645,14.060000000000045,438.70999999999549,SSLW,model_assisted_not_ground_truth,0,0,0,0,0,0,0,0,0,0,0
10.71,44.999999999996447,19.000000000017764,42.000000000003553,60.000000000007105,50,37,8,85.999999999989342,14.089999999999893,439.69999999999646,SSLW,model_assisted_not_ground_truth,0,0,0,0,0,0,0,0,0,0,0
10.72,45,20.999999999994671,42.999999999997335,59.000000000002665,49.000000000002665,37,8.9999999999973355,84.000000000005329,14.080000000000027,439.69999999999999,SSLW,model_assisted_not_ground_truth,0,0,0,0,0,0,0,0,0,0,0
10.73,44.000000000001776,24.999999999992895,43,58.000000000001776,49.999999999998224,37,9,79.000000000008882,14.089999999999982,440.69999999999823,SSLW,model_assisted_not_ground_truth,0,0,0,0,0,0,0,0,0,0,0
10.74,43.000000000000888,22.000000000002665,43,58,47.000000000002665,36.000000000000888,9,75.000000000003553,14.09,440.69999999999999,SSLW,model_assisted_not_ground_truth,0,0,0,0,0,0,0,0,0,0,0
10.75,42,21,43,56,47,36,9,65,14.109999999999999,442.69999999999999,SSLW,model_assisted_not_ground_truth,0,0,0,0,0,0,0,0,0,0,0
10.76,41.999999999999112,26,42.999999999999112,58,46.000000000000888,32.999999999999112,0,60.999999999999112,14.109999999999999,442.69999999999999,SSLW,model_assisted_not_ground_truth,0,0,0,0,0,0,0,0,0,0,0
10.77,41.000000000001776,26.000000000001776,42,57.999999999998224,47,32,0,60.000000000001776,14.110000000000026,442.70000000000084,SSLW,model_assisted_not_ground_truth,0,0,0,0,0,0,0,0,0,0,0
10.78,41.999999999997335,26.999999999997335,42,57.000000000002665,47,31.999999999946709,0,61.000000000010658,14.125000000000039,443.1950000000013,SSLW,model_assisted_not_ground_truth,0,0,0,0,0,0,0,0,0,0,0
10.79,41.000000000019007,26.000000000019007,42,57.999999999980993,47,12.00000000038014,0,64.999999999923972,14.140000000000038,443.69000000000375,SSLW,model_assisted_not_ground_truth,0,0,0,0,0,0,0,0,0,0,0
10.80,40.000000000018119,26.999999999981881,41.000000000018119,58,46.000000000018119,12.999999999981881,0,64.000000000018119,14.149999999999954,444.68999999999539,SSLW,model_assisted_not_ground_truth,0,0,0,0,0,0,0,0,0,0,0
10.81,38.000000000034461,23.000000000068923,39.000000000034461,58,46,13,0,63.000000000017231,14.140000000000111,443.69000000001103,SSLW,model_assisted_not_ground_truth,0,0,0,0,0,0,0,0,0,0,0
10.82,39.999999999967315,25.999999999950973,38.000000000016342,58,46.999999999983658,13,9.9999999998365752,66.99999999993463,14.16,445.69,SSLW,model_assisted_not_ground_truth,0,0,0,0,0,0,0,0,0,0,0
10.83,36.000000000061817,25.000000000015454,38,58,47,13,10,79.999999999799087,14.16,445.69,SSLW,model_assisted_not_ground_truth,0,0,0,0,0,0,0,0,0,0,0
10.84,36,24.000000000014566,38.999999999985434,58.999999999985434,47,13,9.0000000000145661,79.000000000014566,14.16,446.18999999999272,SSLW,model_assisted_not_ground_truth,0,0,0,0,0,0,0,0,0,0,0
10.85,34.000000000027356,28.99999999993161,39,58.000000000013678,47.999999999986322,13,9.9999999999863221,84.999999999917932,14.16,446.68999999999318,SSLW,model_assisted_not_ground_truth,0,0,0,0,0,0,0,0,0,0,0
10.86,33.00000000001279,25.000000000051159,39.99999999998721,59.99999999997442,48,13,13.999999999948841,91.999999999910472,14.140000000000256,446.69999999999987,SSLW,model_assisted_not_ground_truth,0,0,0,0,0,0,0,0,0,0,0
10.87,33.999999999988276,25.999999999988276,39.000000000011724,60,48.999999999988276,30.999999999788969,14,93.999999999976552,14.169999999999648,447.6899999999884,SSLW,model_assisted_not_ground_truth,0,0,0,0,0,0,0,0,0,0,0
10.88,34.999999999989164,28.999999999967493,39.999999999989164,76.999999999815799,48.000000000010836,31.999999999989164,19.999999999934985,93.000000000010829,14.130000000000434,445.70000000002153,SSLW,model_assisted_not_ground_truth,0,0,0,0,0,0,0,0,0,0,0
10.89,35,31.999999999970157,41.999999999980105,83.999999999930367,49.999999999980105,32.999999999990052,26.999999999930367,93,14.130000000000001,445.69999999999999,SSLW,model_assisted_not_ground_truth,0,0,0,0,0,0,0,0,0,0,0
10.90,40.999999999945643,41.999999999909406,41.000000000009059,91.999999999927525,52.999999999972822,36.999999999963762,24.000000000027178,92.000000000009067,14.130000000000001,445.69999999999999,SSLW,model_assisted_not_ground_truth,0,0,0,0,0,0,0,0,0,0,0
10.91,41,65.99999999980389,41,100.99999999992646,53,37,26.999999999975486,109.99999999985292,13.870000000002124,448.75999999997498,SSLW,model_assisted_not_ground_truth,0,0,0,0,0,0,0,0,0,0,0
10.92,42.999999999985434,70.999999999963592,42.999999999985434,114.99999999989804,72.999999999854339,37,28.999999999985434,126.9999999998762,13.435000000003168,450.90999999998434,SSLW,model_assisted_not_ground_truth,0,0,0,0,0,0,0,0,0,0,0
10.93,44.99999999998721,85.999999999904077,43,117.99999999998082,84.999999999923261,39.999999999980815,32.99999999997442,161.99999999977618,13.000000000002782,453.05999999998625,SSLW,model_assisted_not_ground_truth,0,0,0,0,0,0,0,0,0,0,0
10.94,45,101.99999999991189,46.999999999977973,119.99999999998899,108.99999999986784,43.999999999977973,62.999999999834799,185.99999999986784,11.56000000000793,536.30999999954156,SSLW,model_assisted_not_ground_truth,0,0,0,0,0,0,0,0,0,0,0
10.95,73.999999999871221,113.99999999994671,46.000000000004441,142.99999999989785,120.99999999994671,44.999999999995559,101.9999999998268,196.99999999995114,10.250000000005818,642.50999999952842,SSLW,model_assisted_not_ground_truth,0,0,0,0,0,0,0,0,0,0,0
10.96,80.999999999975131,129.99999999994316,66.999999999925393,159.9999999999396,154.99999999987921,44.000000000003553,130.99999999989697,224.99999999990052,9.6600000000020962,697.62999999980423,SSLW,model_assisted_not_ground_truth,0,0,0,0,0,0,0,0,0,0,0
10.97,85.99999999998667,148.99999999994938,78.999999999968026,160.99999999999733,179.99999999993338,44,157.99999999992806,258.99999999990939,9.39000000000072,745.73999999987177,SSLW,model_assisted_not_ground_truth,0,0,0,0,0,0,0,0,0,0,0
10.98,94.999999999984013,161.99999999997692,99.999999999962697,188.99999999995026,201.99999999996092,44.999999999998224,179.99999999996092,272.9999999999751,9.2500000000002487,769.8099999999572,SSLW,model_assisted_not_ground_truth,0,0,0,0,0,0,0,0,0,0,0
10.99,109.99999999998667,177.99999999998579,137.99999999996624,215.99999999997601,219.99999999998403,58.999999999987566,195.99999999998579,278.99999999999466,9.3099999999999472,794.84999999997774,SSLW,model_assisted_not_ground_truth,0,0,0,0,0,0,0,0,0,0,0
11.00,130,185,154,234,232,71,202,264,9.3450000000000006,815.36500000000001,SSLW,model_assisted_not_ground_truth,0,0,0,0,0,0,0,0,0,0,0
11.01,121.49999999999245,188.5000000000031,154.50000000000045,241.50000000000665,234.00000000000176,81.000000000008882,204.50000000000222,247.49999999998533,9.3800000000000097,835.88000000000716,SSLW,model_assisted_not_ground_truth,0,0,0,0,0,0,0,0,0,0,0
11.02,112.99999999997868,192.00000000000355,155.00000000000355,248.99999999999289,236.00000000000355,91.000000000017764,206.99999999998934,230.99999999999645,9.3899999999999828,843.88000000002671,SSLW,model_assisted_not_ground_truth,0,0,0,0,0,0,0,0,0,0,0
11.03,101.00000000000266,193.99999999998934,157.00000000000531,245.00000000001066,238.00000000000531,101.00000000002665,200.99999999997337,228.99999999998667,9.3799999999997876,858.92000000004259,SSLW,model_assisted_not_ground_truth,0,0,0,0,0,0,0,0,0,0,0
11.04,101.99999999998099,190.00000000007603,158.99999999996197,248.99999999992397,239.99999999996197,110.99999999980993,191.00000000019008,224.00000000009504,9.2999999999995904,874.92000000004475,SSLW,model_assisted_not_ground_truth,0,0,0,0,0,0,0,0,0,0,0
11.05,105.99999999992752,192.99999999994566,160.99999999996376,4.5116053115634713e-09,241.99999999996376,116.99999999989129,193.99999999994566,215.00000000016308,9.1899999999999533,886.94000000016183,SSLW,model_assisted_not_ground_truth,0,0,0,0,0,0,0,0,0,0,0
11.06,111.99999999989662,193,162.99999999996555,0,244.9999999999483,115.00000000003446,194.99999999998278,223.99999999984493,9.1799999999998629,921.96000000002482,SSLW,model_assisted_not_ground_truth,0,0,0,0,0,0,0,0,0,0,0
11.07,114.99999999995097,193,161.00000000003268,0,247.99999999995097,118.99999999993463,193.00000000003268,223.00000000001634,9.1550000000001255,926.46999999997763,SSLW,model_assisted_not_ground_truth,0,0,0,0,0,0,0,0,0,0,0
11.08,118.99999999993818,193.99999999998454,161.99999999998454,0,248,118.00000000001546,191.00000000003092,223,9.1300000000003863,930.97999999993033,SSLW,model_assisted_not_ground_truth,0,0,0,0,0,0,0,0,0,0,0
11.09,115.00000000005826,194.99999999998545,160.00000000002913,0,248,112.0000000000874,185.0000000000874,222.00000000001455,9.0900000000005825,946.97999999976696,SSLW,model_assisted_not_ground_truth,0,0,0,0,0,0,0,0,0,0,0
11.10,115,195,159.00000000001367,0,246.00000000002734,113.99999999997264,176.00000000012309,214.00000000010942,9.0899999999999999,957.99999999984925,SSLW,model_assisted_not_ground_truth,0,0,0,0,0,0,0,0,0,0,0
11.11,111.00000000005116,195,159.99999999998721,0,243.00000000003837,109.00000000006395,161.00000000019185,218.99999999993605,9.1799999999988486,984.00999999966734,SSLW,model_assisted_not_ground_truth,0,0,0,0,0,0,0,0,0,0,0
11.12,108.00000000003517,193.00000000002345,160,0,240.00000000003519,107.00000000002345,155.00000000007034,219.99999999998829,9.2199999999995317,991.98999999990644,SSLW,model_assisted_not_ground_truth,0,0,0,0,0,0,0,0,0,0,0
11.13,102.00000000006501,187.00000000006503,156.00000000004334,0,233.00000000007586,105.00000000002167,133.0000000002384,220.99999999998917,9.2999999999991338,994.96999999996774,SSLW,model_assisted_not_ground_truth,0,0,0,0,0,0,0,0,0,0,0
11.14,101.50000000000497,184.50000000002487,156,0,232.00000000000995,103.0000000000199,128.00000000004974,220.00000000000995,9.4399999999986068,990.93000000004008,SSLW,model_assisted_not_ground_truth,0,0,0,0,0,0,0,0,0,0,0
11.15,101.00000000000453,182.00000000002265,156,0,231.00000000000907,101.00000000001812,123.0000000000453,219.00000000000907,9.5149999999993202,989.41000000001372,SSLW,model_assisted_not_ground_truth,0,0,0,0,0,0,0,0,0,0,0
11.16,101,178.00000000003268,147.00000000007356,0,229.00000000001634,90.000000000089884,120.00000000002451,222.99999999996732,9.589999999999387,987.89000000001238,SSLW,model_assisted_not_ground_truth,0,0,0,0,0,0,0,0,0,0,0
11.17,101,172.00000000004371,137.00000000007282,0,222.00000000005099,82.000000000058265,113.00000000005099,221.00000000001455,9.7899999999985425,975.8400000000878,SSLW,model_assisted_not_ground_truth,0,0,0,0,0,0,0,0,0,0,0
11.18,102.99999999998721,170.00000000001279,126.00000000007034,0,220.00000000001279,87.999999999961631,93.000000000127898,217.00000000002558,10.0399999999984,958.82000000010885,SSLW,model_assisted_not_ground_truth,0,0,0,0,0,0,0,0,0,0,0
11.19,104.99999999998899,167.00000000001651,124.00000000001101,0,215.00000000002754,86.000000000011013,81.00000000006608,215.00000000001103,10.299999999998569,947.7700000000608,SSLW,model_assisted_not_ground_truth,0,0,0,0,0,0,0,0,0,0,0
11.20,108.99999999998224,164.00000000001333,120.00000000001776,0,206.00000000003996,83.00000000001333,67.000000000062172,213.00000000000887,10.589999999998712,922.72000000011133,SSLW,model_assisted_not_ground_truth,0,0,0,0,0,0,0,0,0,0,0
11.21,109.99999999999645,157.00000000002487,116.00000000001421,0,200.00000000002132,80.000000000010658,62.000000000017764,211.00000000000711,10.899999999998899,900.68000000007828,SSLW,model_assisted_not_ground_truth,0,0,0,0,0,0,0,0,0,0,0
11.22,112.99999999999201,144.00000000003465,93.000000000061277,0,182.00000000004798,59.000000000055955,51.00000000002931,209.00000000000534,11.059999999999574,892.15500000002271,SSLW,model_assisted_not_ground_truth,0,0,0,0,0,0,0,0,0,0,0
11.23,112.00000000000178,136.00000000001421,82.00000000001954,0,172.00000000001776,54.000000000008882,48.000000000005329,213.99999999999113,11.219999999999716,883.63000000001512,SSLW,model_assisted_not_ground_truth,0,0,0,0,0,0,0,0,0,0,0
11.24,112,133.00000000000267,79.000000000002672,0,165.00000000000622,53.000000000000888,41.000000000006217,214.99999999999912,11.569999999999689,866.59000000001515,SSLW,model_assisted_not_ground_truth,0,0,0,0,0,0,0,0,0,0,0
11.25,112,130,76,0,154,51,39,215,11.859999999999999,847.52999999999997,SSLW,model_assisted_not_ground_truth,0,0,0,0,0,0,0,0,0,0,0
11.26,107.99999999999733,122.99999999999467,66.999999999992895,0,139.9999999999911,46.000000000000888,35.999999999998224,212.99999999999733,12.100000000000239,832.47999999998933,SSLW,model_assisted_not_ground_truth,0,0,0,0,0,0,0,0,0,0,0
11.27,104.99999999998757,116.99999999999289,58.999999999989342,0,129.9999999999911,47.000000000001776,33.999999999996447,209.99999999999821,12.37000000000055,820.44999999999288,SSLW,model_assisted_not_ground_truth,0,0,0,0,0,0,0,0,0,0,0
11.28,98,113.00000000000533,52.999999999994671,0,124.99999999999734,47.999999999997335,31.999999999997335,208.99999999999733,12.680000000000692,816.41999999999189,SSLW,model_assisted_not_ground_truth,0,0,0,0,0,0,0,0,0,0,0
11.29,98,114.99999999996199,51.000000000038014,0,124.00000000001901,47.000000000019007,31.000000000019007,208.00000000001901,12.940000000000895,813.36999999995146,SSLW,model_assisted_not_ground_truth,0,0,0,0,0,0,0,0,0,0,0
11.30,94.000000000072475,104.00000000019931,51,0,122.00000000003624,47,31,205.00000000005434,13.180000000001108,800.34999999993988,SSLW,model_assisted_not_ground_truth,0,0,0,0,0,0,0,0,0,0,0
11.31,94,99.000000000086146,51,0,117.00000000008615,46.000000000017231,31,206.99999999996555,13.420000000001156,787.33000000002744,SSLW,model_assisted_not_ground_truth,0,0,0,0,0,0,0,0,0,0,0
11.32,96.999999999950973,104.99999999990195,51,0,114.00000000004903,47.999999999967315,31,209.99999999995097,13.63000000000096,792.31000000003814,SSLW,model_assisted_not_ground_truth,0,0,0,0,0,0,0,0,0,0,0
11.33,99.999999999953644,112.99999999987637,50.000000000015454,0,107.00000000010817,46.000000000030909,31,208.00000000003092,13.779999999997681,798.27999999990766,SSLW,model_assisted_not_ground_truth,0,0,0,0,0,0,0,0,0,0,0
11.34,106.99999999989804,108.00000000007283,49.000000000014566,0,105.00000000002913,46,31,209.99999999997087,13.939999999997669,814.21999999976788,SSLW,model_assisted_not_ground_truth,0,0,0,0,0,0,0,0,0,0,0
11.35,111.99999999993162,111.99999999994529,49.999999999986322,0,105,46.999999999986322,33.999999999958966,212.99999999995896,14.129999999997402,823.15999999987764,SSLW,model_assisted_not_ground_truth,0,0,0,0,0,0,0,0,0,0,0
11.36,129.99999999976978,120.99999999988489,51.99999999997442,0,106.99999999997442,47,34.99999999998721,215.99999999996163,14.199999999999104,828.1449999999362,SSLW,model_assisted_not_ground_truth,0,0,0,0,0,0,0,0,0,0,0
11.37,136.99999999991792,119.00000000002345,54.999999999964828,0,109.99999999996483,47.999999999988276,35.999999999988276,220.99999999994139,14.269999999999179,833.12999999994156,SSLW,model_assisted_not_ground_truth,0,0,0,0,0,0,0,0,0,0,0
11.38,154.99999999980497,124.99999999993499,56.999999999978328,0,110.99999999998917,47.000000000010836,36,223.99999999996749,14.449999999998049,861.07999999969718,SSLW,model_assisted_not_ground_truth,0,0,0,0,0,0,0,0,0,0,0
11.39,159.99999999995026,128.99999999996021,59.999999999970157,0,114.99999999996021,47,41.999999999940314,228.99999999995026,14.609999999998408,861.02000000000055,SSLW,model_assisted_not_ground_truth,0,0,0,0,0,0,0,0,0,0,0
11.40,168.99999999991846,129.99999999999093,64.999999999954696,0,117.99999999997283,47.999999999990941,45.999999999963762,231.99999999997283,14.709999999999095,864.99999999996396,SSLW,model_assisted_not_ground_truth,0,0,0,0,0,0,0,0,0,0,0
11.41,169,140.99999999991013,72.99999999993463,0,125.99999999993463,56.999999999926459,51.999999999950973,232.99999999999181,14.82999999999902,869.96999999995944,SSLW,model_assisted_not_ground_truth,0,0,0,0,0,0,0,0,0,0,0
11.42,175.99999999994901,147.99999999994901,76.999999999970868,0,130.99999999996359,57,56.999999999963585,233,14.909999999999417,882.94999999990546,SSLW,model_assisted_not_ground_truth,0,0,0,0,0,0,0,0,0,0,0
11.43,181.99999999996163,150.99999999998082,81.999999999968026,0,139.99999999994245,61.999999999968026,68.999999999923261,237.99999999996803,14.949999999999743,882.44000000000324,SSLW,model_assisted_not_ground_truth,0,0,0,0,0,0,0,0,0,0,0
11.44,188.99999999996146,157.99999999996146,82,0,140,64.999999999983487,70.999999999988987,239.99999999998897,14.98999999999978,881.93000000000279,SSLW,model_assisted_not_ground_truth,0,0,0,0,0,0,0,0,0,0,0
11.45,195.99999999996891,159.99999999999113,84.99999999998667,0,139.00000000000443,64.000000000004434,75.999999999977803,240,15.089999999999556,882.88999999999578,SSLW,model_assisted_not_ground_truth,0,0,0,0,0,0,0,0,0,0,0
11.46,193.00000000001066,160,88.999999999985789,0,139.99999999999645,63.000000000003553,81.999999999978684,240,15.219999999999539,888.83999999997889,SSLW,model_assisted_not_ground_truth,0,0,0,0,0,0,0,0,0,0,0
11.47,196.99999999998934,158.00000000000534,93.99999999998667,0,144.99999999998667,63,82,241.99999999999466,15.299999999999788,891.81999999999209,SSLW,model_assisted_not_ground_truth,0,0,0,0,0,0,0,0,0,0,0
11.48,193.00000000000711,157.00000000000176,91.000000000005329,0,143.00000000000355,63.999999999998224,80.000000000003553,239.00000000000534,15.459999999999717,894.74999999999477,SSLW,model_assisted_not_ground_truth,0,0,0,0,0,0,0,0,0,0,0
11.49,190.00000000000267,157,86.000000000004434,0,142.00000000000088,64,83.999999999996447,239,15.62999999999985,871.72000000002049,SSLW,model_assisted_not_ground_truth,0,0,0,0,0,0,0,0,0,0,0
11.50,190,155,82,0,139,63,82,239,15.670000000000002,872.20500000000004,SSLW,model_assisted_not_ground_truth,0,0,0,0,0,0,0,0,0,0,0
11.51,186.99999999999733,151.99999999999821,81.999999999999105,0,138,62.999999999998224,81.999999999995552,235.99999999999466,15.710000000000099,872.68999999995299,SSLW,model_assisted_not_ground_truth,0,0,0,0,0,0,0,0,0,0,0
11.52,183.99999999999289,149.99999999999466,81,0,137.99999999999821,60.999999999991118,76.999999999992895,229.9999999999911,15.820000000000071,819.6599999999911,SSLW,model_assisted_not_ground_truth,0,0,0,0,0,0,0,0,0,0,0
11.53,179.99999999998667,146.9999999999707,80.999999999997343,0,137.00000000000267,55.999999999978684,72.999999999997343,224.99999999998667,15.860000000000079,814.64999999995996,SSLW,model_assisted_not_ground_truth,0,0,0,0,0,0,0,0,0,0,0
11.54,175.00000000009504,136.00000000020907,80.000000000019014,0,137.99999999998099,48.000000000152056,72.000000000019014,220.00000000009504,15.890000000000038,799.61999999996647,SSLW,model_assisted_not_ground_truth,0,0,0,0,0,0,0,0,0,0,0
11.55,164.00000000019929,128.00000000014495,79.000000000018119,0,136.00000000003624,46.000000000036238,71.000000000018119,214.00000000010871,15.899999999999816,790.61999999992611,SSLW,model_assisted_not_ground_truth,0,0,0,0,0,0,0,0,0,0,0
11.56,160.00000000006892,121.00000000012062,77.000000000034461,0,123.00000000022399,46,67.000000000068923,205.00000000015507,15.860000000000081,774.61999999995032,SSLW,model_assisted_not_ground_truth,0,0,0,0,0,0,0,0,0,0,0
11.57,154.00000000009805,115.00000000009805,76.000000000016342,0,118.00000000008171,46.999999999983658,61.000000000098055,197.00000000013074,15.874999999999925,765.60000000004493,SSLW,model_assisted_not_ground_truth,0,0,0,0,0,0,0,0,0,0,0
11.58,139.00000000023181,115.99999999998454,68.000000000123634,0,115.00000000004636,46.000000000015454,55.000000000092726,184.00000000020091,15.88999999999977,756.58000000013942,SSLW,model_assisted_not_ground_truth,0,0,0,0,0,0,0,0,0,0,0
11.59,123.00000000023306,114.00000000002913,63.000000000072831,0,109.0000000000874,46,51.000000000058265,171.00000000018935,15.830000000000874,704.57000000075766,SSLW,model_assisted_not_ground_truth,0,0,0,0,0,0,0,0,0,0,0
11.60,109.00000000019149,111.00000000004104,51.000000000164135,0,100.00000000012309,45.000000000013678,49.000000000027356,161.00000000013677,15.810000000000274,686.55000000024643,SSLW,model_assisted_not_ground_truth,0,0,0,0,0,0,0,0,0,0,0
11.61,95.000000000179057,111,48.000000000038369,0,87.000000000166267,44.00000000001279,41.000000000102318,138.00000000029416,15.800000000000129,667.53000000024326,SSLW,model_assisted_not_ground_truth,0,0,0,0,0,0,0,0,0,0,0
11.62,73.000000000257927,94.000000000199307,45.000000000035172,0,56.000000000363443,38.000000000070344,35.000000000070344,46.000000001078604,15.720000000000939,642.5100000002933,SSLW,model_assisted_not_ground_truth,0,0,0,0,0,0,0,0,0,0,0
11.63,65.000000000086686,81.000000000140858,44.000000000010836,0,49.00000000007585,36.000000000021672,34.000000000010836,28.000000000195044,15.739999999999783,637.50000000005434,SSLW,model_assisted_not_ground_truth,0,0,0,0,0,0,0,0,0,0,0
11.64,50.000000000149214,56.00000000024869,44,0,48.000000000009948,34.000000000019895,31.000000000029843,19.000000000089528,15.670000000000696,620.49000000016918,SSLW,model_assisted_not_ground_truth,0,0,0,0,0,0,0,0,0,0,0
11.65,50.999999999990941,52.000000000036238,45.999999999981881,0,47.000000000009059,36.999999999972822,31.999999999990941,19.999999999990941,15.560000000000997,603.00500000015836,SSLW,model_assisted_not_ground_truth,0,0,0,0,0,0,0,0,0,0,0
11.66,51,46.000000000049027,45.000000000008171,74.999999999387157,46.000000000008171,36.000000000008171,31.000000000008171,19.000000000008171,15.450000000000898,585.52000000014289,SSLW,model_assisted_not_ground_truth,0,0,0,0,0,0,0,0,0,0,0
11.67,51,34.000000000087397,45.999999999992717,67.000000000058265,46,36.999999999992717,31,18.000000000007283,15.20000000000182,545.54000000029112,SSLW,model_assisted_not_ground_truth,0,0,0,0,0,0,0,0,0,0,0
11.68,66.999999999897682,31.000000000019185,44.00000000001279,59.000000000051159,46,37.999999999993605,31.999999999993605,18,14.760000000002814,504.62000000026171,SSLW,model_assisted_not_ground_truth,0,0,0,0,0,0,0,0,0,0,0
11.69,67,28.00000000001652,44,60.999999999988987,47.999999999988987,38,30.000000000011013,18,14.500000000001432,481.67000000012638,SSLW,model_assisted_not_ground_truth,0,0,0,0,0,0,0,0,0,0,0
11.70,67.999999999995566,24.000000000017764,40.000000000017764,79.999999999915616,50.999999999986677,37.000000000004441,30.999999999995559,18,14.3200000000008,458.69000000010203,SSLW,model_assisted_not_ground_truth,0,0,0,0,0,0,0,0,0,0,0
11.71,67.000000000003553,21.000000000010658,40.999999999996447,94.999999999946709,51.999999999996447,37.999999999996447,31.999999999996447,18,14.23000000000032,443.68000000005333,SSLW,model_assisted_not_ground_truth,0,0,0,0,0,0,0,0,0,0,0
11.72,67,21,40.000000000002665,112.99999999995204,50.000000000005329,38,32,18.999999999997335,14.24499999999996,442.68000000000268,SSLW,model_assisted_not_ground_truth,0,0,0,0,0,0,0,0,0,0,0
11.73,53.000000000024869,26.999999999989342,39.000000000001776,109.00000000000711,51.999999999996447,38,31.000000000001776,22.999999999992895,14.259999999999973,441.68000000000177,SSLW,model_assisted_not_ground_truth,0,0,0,0,0,0,0,0,0,0,0
11.74,51.000000000001776,27,38.000000000000888,65.00000000003908,53.999999999998224,38.999999999999112,31,23.999999999999112,14.200000000000053,442.68999999999909,SSLW,model_assisted_not_ground_truth,0,0,0,0,0,0,0,0,0,0,0
11.75,45,30,39,72,54,38,31,25,14.17,443.69,SSLW,model_assisted_not_ground_truth,0,0,0,0,0,0,0,0,0,0,0
11.76,45,30,37.000000000004441,75.99999999998046,54,38.000000000000888,30.999999999998224,24.000000000000888,14.150000000000018,442.69999999999732,SSLW,model_assisted_not_ground_truth,0,0,0,0,0,0,0,0,0,0,0
11.77,44.999999999998224,29.999999999994671,42.000000000001776,54.000000000008882,54,38.999999999998224,29.000000000001776,25,14.169999999999947,439.68999999999824,SSLW,model_assisted_not_ground_truth,0,0,0,0,0,0,0,0,0,0,0
11.78,44,26.999999999992006,43.000000000002665,58.999999999997335,53.999999999994671,38,29.999999999997335,25.000000000007994,14.139999999999867,438.69999999999465,SSLW,model_assisted_not_ground_truth,0,0,0,0,0,0,0,0,0,0,0
11.79,44,24.000000000057021,43.999999999980993,58.000000000019007,52.000000000038014,38,29.000000000019007,27.999999999942979,14.08999999999998,436.69999999999811,SSLW,model_assisted_not_ground_truth,0,0,0,0,0,0,0,0,0,0,0
11.80,44,26.999999999945643,44,58.999999999981881,52.999999999981881,38,28.000000000018119,47.999999999637623,14.084999999999976,436.19999999999766,SSLW,model_assisted_not_ground_truth,0,0,0,0,0,0,0,0,0,0,0
11.81,43.000000000017231,27,44.999999999982769,59.999999999982769,53,36.000000000034461,28,68.999999999638163,14.079999999999945,435.69999999999447,SSLW,model_assisted_not_ground_truth,0,0,0,0,0,0,0,0,0,0,0
11.82,43.999999999983658,22.000000000081712,43.000000000032685,68.999999999852918,53,36,28,82.999999999771205,14.07,434.69999999999999,SSLW,model_assisted_not_ground_truth,0,0,0,0,0,0,0,0,0,0,0
11.83,46.999999999953637,26.999999999922728,43,69,53,37.999999999969091,28,91.999999999860904,14.07,434.69999999999999,SSLW,model_assisted_not_ground_truth,0,0,0,0,0,0,0,0,0,0,0
11.84,47,25.000000000029132,43,67.000000000029132,53.999999999985434,37.000000000014566,28,104.99999999981064,14.089999999999709,436.69999999997083,SSLW,model_assisted_not_ground_truth,0,0,0,0,0,0,0,0,0,0,0
11.85,47.999999999986322,24.000000000013678,43,83.999999999767482,54,37,28,106.99999999997264,14.099999999999863,437.69999999998629,SSLW,model_assisted_not_ground_truth,0,0,0,0,0,0,0,0,0,0,0
11.86,48.99999999998721,22.00000000002558,43,92.999999999884892,54,37.99999999998721,28,106.00000000001279,14.085000000000193,437.20500000000629,SSLW,model_assisted_not_ground_truth,0,0,0,0,0,0,0,0,0,0,0
11.87,45.000000000046896,22,44.999999999976552,79.000000000164135,54.999999999988276,36.000000000023448,28,106.99999999998828,14.070000000000176,436.71000000000578,SSLW,model_assisted_not_ground_truth,0,0,0,0,0,0,0,0,0,0,0
11.88,45,22.999999999989164,42.000000000032507,72.000000000075858,54.000000000010836,36.999999999989164,15.000000000140865,113.99999999992414,14.07,436.70999999999998,SSLW,model_assisted_not_ground_truth,0,0,0,0,0,0,0,0,0,0,0
11.89,45,23,42,72.999999999990052,54.999999999990052,37,15.999999999990052,114,14.079999999999901,434.70000000002,SSLW,model_assisted_not_ground_truth,0,0,0,0,0,0,0,0,0,0,0
11.90,45,21.000000000018119,41.000000000009059,75.999999999972829,54.000000000009059,37,7.0000000000815348,110.00000000003624,14.099999999999818,437.68999999997288,SSLW,model_assisted_not_ground_truth,0,0,0,0,0,0,0,0,0,0,0
11.91,45,23.999999999975486,41,79.999999999967315,54,37,7.9999999999918288,106.00000000003268,14.090000000000082,436.69000000000818,SSLW,model_assisted_not_ground_truth,0,0,0,0,0,0,0,0,0,0,0
11.92,45.999999999992717,20.000000000029132,41,80,53.000000000007283,37.999999999992717,5.8264504332328215e-11,96.000000000072831,14.09,436.69,SSLW,model_assisted_not_ground_truth,0,0,0,0,0,0,0,0,0,0,0
11.93,45.000000000006395,20.999999999993605,41,79.000000000006395,53.999999999993605,38,0,90.000000000038369,14.050000000000257,437.70999999999344,SSLW,model_assisted_not_ground_truth,0,0,0,0,0,0,0,0,0,0,0
11.94,45,19.000000000011013,41.999999999994493,74.000000000027541,54,38,0,87.000000000016513,14.059999999999945,437.70499999999998,SSLW,model_assisted_not_ground_truth,0,0,0,0,0,0,0,0,0,0,0
11.95,45,22.999999999982236,40.000000000008882,74,54,38,0,84.00000000001333,14.069999999999956,437.69999999999999,SSLW,model_assisted_not_ground_truth,0,0,0,0,0,0,0,0,0,0,0
11.96,45,23,40.999999999996447,77.999999999985789,54,38,0,64.000000000071054,14.139999999999752,437.68000000000006,SSLW,model_assisted_not_ground_truth,0,0,0,0,0,0,0,0,0,0,0
11.97,45,18.000000000013323,41,77.000000000002672,54,38,0,59.000000000013323,14.130000000000027,436.68000000000268,SSLW,model_assisted_not_ground_truth,0,0,0,0,0,0,0,0,0,0,0
11.98,42.000000000005329,24.999999999987566,39.000000000003553,64.000000000023093,50.000000000007105,38,0,52.000000000012434,14.139999999999983,440.6799999999929,SSLW,model_assisted_not_ground_truth,0,0,0,0,0,0,0,0,0,0,0
11.99,40.000000000001776,25.999999999999112,39.999999999999112,59.000000000004441,46.000000000003553,38,0,49.000000000002665,14.149999999999991,441.6799999999991,SSLW,model_assisted_not_ground_truth,0,0,0,0,0,0,0,0,0,0,0
12.00,38,18,40,54,46,37,0,47,14.15,441.68000000000001,SSLW,model_assisted_not_ground_truth,0,0,0,0,0,0,0,0,0,0,0
12.01,38,23.000000000002665,39,53.999999999997335,46,32,0,46.000000000002665,14.160000000000023,442.6799999999991,SSLW,model_assisted_not_ground_truth,0,0,0,0,0,0,0,0,0,0,0
12.02,37.999999999998224,25.999999999992895,39.000000000001776,51.000000000003553,46,31.999999999998224,1.4210854715214928e-11,49.000000000001776,14.185000000000045,441.6699999999982,SSLW,model_assisted_not_ground_truth,0,0,0,0,0,0,0,0,0,0,0
12.03,36.999999999997158,22.000000000008527,40.000000000002842,53.000000000008527,46,30.999999999937472,7.9999999999971578,49.999999999994316,14.20999999999983,440.6599999999944,SSLW,model_assisted_not_ground_truth,0,0,0,0,0,0,0,0,0,0,0
12.04,36.000000000019007,24.999999999942979,40.999999999980993,55.999999999942979,46,9.0000000004181544,7.000000000019007,48.000000000038014,14.149999999999963,438.67999999999626,SSLW,model_assisted_not_ground_truth,0,0,0,0,0,0,0,0,0,0,0
12.05,36.999999999981881,25,40.000000000018119,57.999999999963762,46,7.0000000000362377,9.9999999999456435,56.99999999983693,14.139999999999954,437.6799999999954,SSLW,model_assisted_not_ground_truth,0,0,0,0,0,0,0,0,0,0,0
12.06,36.000000000017231,28.999999999931077,40.999999999982769,59.999999999965539,45.000000000017231,8.9999999999655387,13.999999999931077,64.999999999862155,14.130000000000001,436.68000000000001,SSLW,model_assisted_not_ground_truth,0,0,0,0,0,0,0,0,0,0,0
12.07,36,25.00000000006537,40.000000000016342,59.000000000016342,50.999999999901945,6.0000000000490274,24.999999999820233,76.99999999980389,14.130000000000065,436.68000000000637,SSLW,model_assisted_not_ground_truth,0,0,0,0,0,0,0,0,0,0,0
12.08,36,30.999999999907274,40.999999999984546,68.999999999845457,51,11.999999999907274,28.999999999938183,82.999999999907274,14.139999999999846,437.67999999998455,SSLW,model_assisted_not_ground_truth,0,0,0,0,0,0,0,0,0,0,0
12.09,36,30.000000000014566,40.000000000014566,69,51,30.999999999723244,28.000000000014566,84.999999999970868,14.130000000000145,438.17999999999273,SSLW,model_assisted_not_ground_truth,0,0,0,0,0,0,0,0,0,0,0
12.10,37.999999999972644,28.000000000027356,39.000000000013678,63.000000000082068,52.999999999972644,31.999999999986322,28,87.999999999958959,14.120000000000136,438.67999999999319,SSLW,model_assisted_not_ground_truth,0,0,0,0,0,0,0,0,0,0,0
12.11,36.00000000002558,27.00000000001279,39,63,58.999999999923261,35.999999999948841,28.99999999998721,88.99999999998721,14.110000000000127,437.6800000000128,SSLW,model_assisted_not_ground_truth,0,0,0,0,0,0,0,0,0,0,0
12.12,38.999999999964828,29.999999999964828,39,73.999999999871036,59.999999999988276,36.999999999988276,28.000000000011724,90.999999999976552,14.119999999999882,438.6799999999883,SSLW,model_assisted_not_ground_truth,0,0,0,0,0,0,0,0,0,0,0
12.13,39,33.999999999956657,40.999999999978328,85.999999999869971,63.999999999956657,37,28.999999999989164,97.999999999924142,14.119999999999999,438.68000000000001,SSLW,model_assisted_not_ground_truth,0,0,0,0,0,0,0,0,0,0,0
12.14,39,59.999999999741362,40.000000000009948,102.99999999983089,69.999999999940314,37,28.000000000009948,106.99999999991047,13.94000000000179,443.71999999994989,SSLW,model_assisted_not_ground_truth,0,0,0,0,0,0,0,0,0,0,0
12.15,41.999999999972822,73.999999999873168,41.999999999981881,113.99999999990035,78.999999999918458,37.999999999990941,29.999999999981881,131.99999999977351,13.370000000005163,449.87999999994418,SSLW,model_assisted_not_ground_truth,0,0,0,0,0,0,0,0,0,0,0
12.16,44.999999999975486,103.99999999975486,43.999999999983658,127.9999999998856,94.99999999986926,38,30.999999999991829,169.99999999968949,11.85000000001242,516.14999999945849,SSLW,model_assisted_not_ground_truth,0,0,0,0,0,0,0,0,0,0,0
12.17,64.999999999854339,119.99999999988347,45.999999999985434,137.99999999992718,119.99999999981793,42.999999999963585,65.999999999745086,211.99999999969413,11.200000000004735,560.76499999967507,SSLW,model_assisted_not_ground_truth,0,0,0,0,0,0,0,0,0,0,0
12.18,85.999999999865707,135.99999999989768,62.999999999891287,153.99999999989768,147.99999999982094,43.999999999993605,100.99999999977618,242.99999999980176,10.550000000004157,605.37999999971476,SSLW,model_assisted_not_ground_truth,0,0,0,0,0,0,0,0,0,0,0
12.19,96.999999999939433,153.99999999990087,77.999999999917407,173.99999999988987,174.99999999985133,44.999999999994493,124.99999999986784,250.99999999995595,9.9100000000035244,661.48999999969101,SSLW,model_assisted_not_ground_truth,0,0,0,0,0,0,0,0,0,0,0
12.20,105.99999999996004,162.99999999996004,102.99999999988898,201.99999999987566,204.99999999986676,45,136.99999999994671,269.99999999991564,9.5100000000017761,699.60999999983073,SSLW,model_assisted_not_ground_truth,0,0,0,0,0,0,0,0,0,0,0
12.21,111.99999999997868,172.99999999996447,133.99999999988987,215.99999999995026,215.99999999996092,45.999999999996447,143.99999999997513,272.99999999998931,9.310000000000711,728.6999999998967,SSLW,model_assisted_not_ground_truth,0,0,0,0,0,0,0,0,0,0,0
12.22,119.99999999997868,177.99999999998667,144.9999999999707,205.0000000000293,231.99999999995737,52.999999999981348,151.99999999997868,262.00000000002933,9.2800000000000793,771.74999999988529,SSLW,model_assisted_not_ground_truth,0,0,0,0,0,0,0,0,0,0,0
12.23,128.99999999998403,181.99999999999289,149.99999999999113,218.99999999997513,239.99999999998579,60.999999999985789,159.99999999998579,254.00000000001421,9.2700000000000173,805.74999999993963,SSLW,model_assisted_not_ground_truth,0,0,0,0,0,0,0,0,0,0,0
12.24,130.99999999999824,186.99999999999557,157.99999999999289,232.99999999998755,236.00000000000355,66.999999999994671,161.99999999999824,239.00000000001333,9.3349999999999422,824.2649999999835,SSLW,model_assisted_not_ground_truth,0,0,0,0,0,0,0,0,0,0,0
12.25,126,192,159,242,242,80,162,235,9.4000000000000004,842.77999999999997,SSLW,model_assisted_not_ground_truth,0,0,0,0,0,0,0,0,0,0,0
12.26,122.99999999999822,197.00000000000534,160.00000000000179,243.99999999999821,245.00000000000179,84.000000000008001,166.00000000000088,233.00000000000355,9.3800000000000008,879.81000000003814,SSLW,model_assisted_not_ground_truth,0,0,0,0,0,0,0,0,0,0,0
12.27,121.00000000000355,203.00000000000179,162.00000000000179,242.00000000000534,247.00000000000355,93.000000000005329,167.00000000000534,237.00000000000179,9.379999999999912,922.83000000004097,SSLW,model_assisted_not_ground_truth,0,0,0,0,0,0,0,0,0,0,0
12.28,123,203.99999999998863,163.00000000000284,244.99999999930367,249,95.999999999997158,169.99999999999716,238.00000000001137,9.3299999999998011,945.85000000007688,SSLW,model_assisted_not_ground_truth,0,0,0,0,0,0,0,0,0,0,0
12.29,123,200.00000000007603,163.99999999998099,4.6567265599151142e-09,249,95.000000000019014,169.00000000001901,241.99999999992397,9.2599999999998133,972.87000000006356,SSLW,model_assisted_not_ground_truth,0,0,0,0,0,0,0,0,0,0,0
12.30,126.99999999992752,199.00000000001813,164.99999999998187,256.99999999534344,250.99999999996376,96.999999999963762,165.00000000007248,247.99999999989129,9.209999999999539,989.91000000009706,SSLW,model_assisted_not_ground_truth,0,0,0,0,0,0,0,0,0,0,0
12.31,128.99999999996555,200.99999999996555,165.99999999998278,4.4282728595135268e-09,252.99999999996555,96.000000000017224,158.00000000012062,242.0000000001034,9.1099999999998342,1010.9400000000414,SSLW,model_assisted_not_ground_truth,0,0,0,0,0,0,0,0,0,0,0
12.32,127.00000000003268,201,166,0,253.99999999998366,96,151.0000000001144,243.99999999996732,9.0800000000001493,1018.4549999999626,SSLW,model_assisted_not_ground_truth,0,0,0,0,0,0,0,0,0,0,0
12.33,126.00000000001546,201.99999999998454,166,0,254,97.999999999969091,146.00000000007728,248.99999999992272,9.0500000000004643,1025.9699999998838,SSLW,model_assisted_not_ground_truth,0,0,0,0,0,0,0,0,0,0,0
12.34,126.99999999998543,202.99999999998545,166,0,253.00000000001455,96.000000000029132,139.00000000010198,253.99999999992718,9.0200000000004366,1035.9799999998543,SSLW,model_assisted_not_ground_truth,0,0,0,0,0,0,0,0,0,0,0
12.35,121.00000000008207,203.99999999998633,166,0,252.00000000001367,103.99999999989058,130.00000000012309,254.99999999998633,9.0000000000002736,1044.979999999877,SSLW,model_assisted_not_ground_truth,0,0,0,0,0,0,0,0,0,0,0
12.36,120.00000000001279,204,165.00000000001279,0,248.00000000005116,100.00000000005116,126.00000000005116,257.99999999996163,8.9800000000002562,1048.9899999999486,SSLW,model_assisted_not_ground_truth,0,0,0,0,0,0,0,0,0,0,0
12.37,119.00000000001172,204,165,0,246.00000000002345,95.00000000005862,122.0000000000469,257.00000000001171,8.9999999999997655,1048.9800000000002,SSLW,model_assisted_not_ground_truth,0,0,0,0,0,0,0,0,0,0,0
12.38,120.99999999997833,202.00000000002166,163.00000000002166,0,243.00000000003251,91.000000000043343,115.00000000007586,257,9.0099999999998914,1050.9599999999787,SSLW,model_assisted_not_ground_truth,0,0,0,0,0,0,0,0,0,0,0
12.39,118.00000000002984,198.00000000003979,161.0000000000199,0,243,83.000000000079581,110.00000000004974,257.99999999999005,9.0199999999999001,1052.9499999999803,SSLW,model_assisted_not_ground_truth,0,0,0,0,0,0,0,0,0,0,0
12.40,118,193.0000000000453,159.00000000001813,0,234.00000000008154,81.000000000018119,99.000000000099647,258.99999999999096,9.039999999999818,1049.435000000032,SSLW,model_assisted_not_ground_truth,0,0,0,0,0,0,0,0,0,0,0
12.41,115.00000000002451,188.00000000004087,148.00000000008987,0,229.00000000004087,77.000000000032685,82.000000000138911,256.0000000000245,9.0599999999998371,1045.9200000000287,SSLW,model_assisted_not_ground_truth,0,0,0,0,0,0,0,0,0,0,0
12.42,111.00000000002913,182.00000000004371,144.00000000002913,0,218.00000000008012,74.000000000021856,70.000000000087397,246.00000000007282,9.129999999999491,1038.9000000000513,SSLW,model_assisted_not_ground_truth,0,0,0,0,0,0,0,0,0,0,0
12.43,111,170.00000000007674,128.00000000010232,0,212.00000000003837,70.00000000002558,59.000000000070344,231.00000000009592,9.2499999999992326,1025.8700000000831,SSLW,model_assisted_not_ground_truth,0,0,0,0,0,0,0,0,0,0,0
12.44,111,166.00000000002203,126.00000000001101,0,202.00000000005508,65.000000000027541,57.000000000011013,231.99999999999449,9.3999999999991743,1007.8400000000993,SSLW,model_assisted_not_ground_truth,0,0,0,0,0,0,0,0,0,0,0
12.45,110.00000000000443,155.00000000004886,124.00000000000888,0,190.00000000005329,60.000000000022204,53.000000000017764,232,9.5899999999991561,995.78000000005352,SSLW,model_assisted_not_ground_truth,0,0,0,0,0,0,0,0,0,0,0
12.46,109.00000000000355,148.00000000002487,112.00000000004263,0,181.00000000003197,60,49.000000000014211,228.00000000001421,9.7049999999995915,992.2550000000125,SSLW,model_assisted_not_ground_truth,0,0,0,0,0,0,0,0,0,0,0
12.47,111.99999999999201,141.00000000001864,99.000000000034646,0,175.00000000001597,57.000000000007994,45.000000000010658,228,9.8199999999996948,988.73000000000945,SSLW,model_assisted_not_ground_truth,0,0,0,0,0,0,0,0,0,0,0
12.48,113.99999999999645,133.00000000001421,84.000000000026645,0,170.00000000000887,52.000000000008882,42.000000000005329,227.00000000000176,10.019999999999644,977.7000000000196,SSLW,model_assisted_not_ground_truth,0,0,0,0,0,0,0,0,0,0,0
12.49,117.99999999999645,129.00000000000355,82.000000000001776,0,162.00000000000711,50.000000000001776,40.000000000001776,227.99999999999912,10.279999999999768,968.66000000000804,SSLW,model_assisted_not_ground_truth,0,0,0,0,0,0,0,0,0,0,0
12.50,120,124,80,0,149,48,38,224,10.52,969.63,SSLW,model_assisted_not_ground_truth,0,0,0,0,0,0,0,0,0,0,0
12.51,120.99999999999645,120.99999999999467,70.999999999995552,0,142.9999999999911,48,36,223,10.780000000000284,968.58999999999196,SSLW,model_assisted_not_ground_truth,0,0,0,0,0,0,0,0,0,0,0
12.52,116.99999999999645,114.99999999999467,65.999999999994671,0,132.99999999999466,48,36.000000000005329,223.00000000000179,11.100000000000444,959.5599999999946,SSLW,model_assisted_not_ground_truth,0,0,0,0,0,0,0,0,0,0,0
12.53,115.00000000000284,112.00000000000568,62.999999999997158,0,129.99999999999432,48,38.999999999997158,223.99999999999716,11.350000000000341,956.52999999999565,SSLW,model_assisted_not_ground_truth,0,0,0,0,0,0,0,0,0,0,0
12.54,115.99999999998099,113.99999999996199,62.000000000019007,0,128.00000000003803,48,38.000000000019007,223.00000000001901,11.470000000000447,955.0149999999943,SSLW,model_assisted_not_ground_truth,0,0,0,0,0,0,0,0,0,0,0
12.55,117.99999999996376,117.99999999992752,62,0,129.99999999996376,48,38,220.00000000005434,11.590000000001108,953.50000000002296,SSLW,model_assisted_not_ground_truth,0,0,0,0,0,0,0,0,0,0,0
12.56,120.9999999999483,117.00000000001722,62,0,123.00000000012062,46.000000000034461,35.000000000051692,219.00000000001722,11.830000000001322,958.48000000001628,SSLW,model_assisted_not_ground_truth,0,0,0,0,0,0,0,0,0,0,0
12.57,123.99999999995097,117,62,0,123,47.999999999967315,35,221.99999999995097,12.070000000001535,961.44000000001893,SSLW,model_assisted_not_ground_truth,0,0,0,0,0,0,0,0,0,0,0
12.58,127.99999999993818,117,62.999999999984546,0,128.99999999990729,48,35.999999999984546,222.99999999998454,12.309999999996291,964.39999999995428,SSLW,model_assisted_not_ground_truth,0,0,0,0,0,0,0,0,0,0,0
12.59,135.99999999988347,120.99999999994174,63,0,127.00000000002913,48,36,227.99999999992718,12.549999999996505,970.36999999991303,SSLW,model_assisted_not_ground_truth,0,0,0,0,0,0,0,0,0,0,0
12.60,148.99999999982219,123.99999999995896,65.999999999958959,0,134.99999999989058,48,36.999999999986322,228.99999999998633,12.799999999996581,969.32000000001437,SSLW,model_assisted_not_ground_truth,0,0,0,0,0,0,0,0,0,0,0
12.61,163.99999999980815,130.99999999991047,70.999999999936051,0,133.00000000002558,51.999999999948841,43.999999999910472,234.99999999992326,12.869999999999106,971.31499999997448,SSLW,model_assisted_not_ground_truth,0,0,0,0,0,0,0,0,0,0,0
12.62,176.9999999998476,134.9999999999531,71,0,135.99999999996481,51.000000000011724,44.999999999988276,236.99999999997655,12.939999999999179,973.30999999997653,SSLW,model_assisted_not_ground_truth,0,0,0,0,0,0,0,0,0,0,0
12.63,179.99999999996749,141.99999999992414,72.999999999978328,0,135.00000000001083,59.999999999902478,51.99999999992415,238.99999999997834,13.389999999995124,951.27000000023884,SSLW,model_assisted_not_ground_truth,0,0,0,0,0,0,0,0,0,0,0
12.64,186.99999999993037,148.99999999993037,74.999999999980105,0,136.9999999999801,59.000000000009948,57.999999999940314,248.99999999990052,13.629999999997613,951.19000000000085,SSLW,model_assisted_not_ground_truth,0,0,0,0,0,0,0,0,0,0,0
12.65,190.99999999996376,154.99999999994566,79.999999999954696,0,144.99999999992752,62.999999999963762,74.999999999845983,252.99999999996376,13.849999999998007,944.130000000064,SSLW,model_assisted_not_ground_truth,0,0,0,0,0,0,0,0,0,0,0
12.66,201.99999999991013,159.99999999995913,96.999999999861089,0,141.00000000003268,65.999999999975486,72.000000000024514,252.00000000000819,14.029999999998529,938.05000000004964,SSLW,model_assisted_not_ground_truth,0,0,0,0,0,0,0,0,0,0,0
12.67,203.99999999998545,167.99999999994174,99.999999999978144,0,148.99999999994174,71.999999999956302,85.999999999898037,254.99999999997814,14.349999999997669,970.98999999976013,SSLW,model_assisted_not_ground_truth,0,0,0,0,0,0,0,0,0,0,0
12.68,204.99999999999361,169.99999999998721,102.99999999998082,0,151.99999999998082,73.99999999998721,93.999999999948841,256.99999999998721,14.549999999998722,962.9100000000517,SSLW,model_assisted_not_ground_truth,0,0,0,0,0,0,0,0,0,0,0
12.69,205.99999999999449,169.00000000000551,101.00000000001101,0,150.00000000001103,72.000000000011013,99.99999999996696,258.99999999998897,14.674999999999311,966.87999999997817,SSLW,model_assisted_not_ground_truth,0,0,0,0,0,0,0,0,0,0,0
12.70,211.99999999997334,169,99.000000000008882,0,150,73.999999999991118,106.99999999996891,259,14.799999999999446,970.8499999999824,SSLW,model_assisted_not_ground_truth,0,0,0,0,0,0,0,0,0,0,0
12.71,210.00000000000711,167.00000000000711,99,0,146.00000000001421,77.999999999985789,108.99999999999289,258.00000000000352,14.989999999999325,983.78999999995403,SSLW,model_assisted_not_ground_truth,0,0,0,0,0,0,0,0,0,0,0
12.72,207.00000000000799,167,99,0,145.00000000000267,81.999999999989342,108.00000000000267,254.00000000001066,15.209999999999415,994.72999999997091,SSLW,model_assisted_not_ground_truth,0,0,0,0,0,0,0,0,0,0,0
12.73,202.00000000000887,168.99999999999645,98.000000000001776,0,147.99999999999466,78.000000000007105,105.00000000000533,253.00000000000176,15.379999999999699,982.65000000002146,SSLW,model_assisted_not_ground_truth,0,0,0,0,0,0,0,0,0,0,0
12.74,198.00000000000355,167.00000000000176,97.000000000000881,0,150.99999999999733,76.000000000001776,103.00000000000178,245.00000000000711,15.529999999999866,951.61000000002764,SSLW,model_assisted_not_ground_truth,0,0,0,0,0,0,0,0,0,0,0
12.75,195,162,95,0,151,69,99,240,15.59,942.60000000000002,SSLW,model_assisted_not_ground_truth,0,0,0,0,0,0,0,0,0,0,0
12.76,194.99999999999466,150.99999999999557,87.999999999993776,0,149.99999999999821,69.999999999996447,94.999999999996447,232.99999999998755,15.650000000000125,933.58999999998309,SSLW,model_assisted_not_ground_truth,0,0,0,0,0,0,0,0,0,0,0
12.77,188.99999999998755,145.999999999984,80.999999999996447,0,147.99999999999645,65.999999999968026,90.999999999982236,218.99999999998045,15.790000000000266,914.5599999999431,SSLW,model_assisted_not_ground_truth,0,0,0,0,0,0,0,0,0,0,0
12.78,181.99999999995453,136.99999999992895,78.999999999971578,0,145.99999999994316,47.999999999994316,80.999999999968736,207.99999999996874,15.940000000000227,882.54999999987479,SSLW,model_assisted_not_ground_truth,0,0,0,0,0,0,0,0,0,0,0
12.79,166.00000000030411,112.00000000047518,69.00000000019007,0,126.00000000038014,46.000000000038014,70.00000000020907,197.00000000020907,16.020000000000113,838.52999999991039,SSLW,model_assisted_not_ground_truth,0,0,0,0,0,0,0,0,0,0,0
12.80,156.00000000018119,103.00000000016307,67.000000000036238,0,116.00000000018119,46,69.000000000018119,176.00000000038051,16.050000000000093,814.51999999989368,SSLW,model_assisted_not_ground_truth,0,0,0,0,0,0,0,0,0,0,0
12.81,140.00000000027569,101.00000000003446,63.000000000068923,0,110.00000000010338,46,63.000000000103384,152.00000000041354,16.070000000000221,791.4999999999668,SSLW,model_assisted_not_ground_truth,0,0,0,0,0,0,0,0,0,0,0
12.82,124.00000000026148,100.00000000001634,53.000000000163425,0,95.000000000245137,45.000000000016342,62.000000000016342,135.00000000027782,16.109999999999967,785.47999999992317,SSLW,model_assisted_not_ground_truth,0,0,0,0,0,0,0,0,0,0,0
12.83,109.00000000023181,100,48.000000000077272,0,86.000000000139096,45,51.000000000169997,112.00000000035544,16.105000000000022,773.47000000004914,SSLW,model_assisted_not_ground_truth,0,0,0,0,0,0,0,0,0,0,0
12.84,92.000000000247624,97.000000000043698,48,0,59.000000000393285,44.000000000014566,46.000000000072831,85.000000000393285,16.100000000000072,761.460000000175,SSLW,model_assisted_not_ground_truth,0,0,0,0,0,0,0,0,0,0,0
12.85,80.000000000164135,92.000000000068383,48.999999999986322,0,56.000000000041034,40.000000000054712,39.000000000095746,51.00000000046505,16.090000000000138,750.45000000015068,SSLW,model_assisted_not_ground_truth,0,0,0,0,0,0,0,0,0,0,0
12.86,72.000000000102318,71.000000000268585,47.00000000002558,0,54.00000000002558,37.000000000038369,35.000000000051159,29.000000000281375,16.060000000000382,733.46000000021729,SSLW,model_assisted_not_ground_truth,0,0,0,0,0,0,0,0,0,0,0
12.87,65.000000000082068,61.00000000011724,46.000000000011724,0,52.000000000023448,37.999999999988276,34.000000000011724,27.000000000023448,16.259999999997657,729.46000000004688,SSLW,model_assisted_not_ground_truth,0,0,0,0,0,0,0,0,0,0,0
12.88,51.000000000151701,48.000000000140865,46,0,48.000000000043343,34.000000000043343,34,25.000000000021672,16.180000000000867,679.46000000054187,SSLW,model_assisted_not_ground_truth,0,0,0,0,0,0,0,0,0,0,0
12.89,50.000000000009948,39.000000000089528,42.00000000003979,0,45.000000000029843,34.999999999990052,34.999999999990052,25.999999999990052,15.670000000005073,616.48000000062655,SSLW,model_assisted_not_ground_truth,0,0,0,0,0,0,0,0,0,0,0
12.90,49.000000000009059,39.999999999990941,42,0,45.999999999990941,34.000000000009059,35,19.000000000063416,15.515000000001404,588.99500000024898,SSLW,model_assisted_not_ground_truth,0,0,0,0,0,0,0,0,0,0,0
12.91,49,31.000000000073541,42,0,44.000000000016342,36.999999999975486,35,16.000000000024514,15.360000000001266,561.51000000022464,SSLW,model_assisted_not_ground_truth,0,0,0,0,0,0,0,0,0,0,0
12.92,49,26.000000000036415,42,0,44,37.999999999992717,35,16,15.010000000002549,521.56000000029087,SSLW,model_assisted_not_ground_truth,0,0,0,0,0,0,0,0,0,0,0
12.93,49.999999999993605,26.999999999993605,41.000000000006395,59.999999999616307,45.99999999998721,38,35,15.000000000006395,14.690000000002046,488.61000000021073,SSLW,model_assisted_not_ground_truth,0,0,0,0,0,0,0,0,0,0,0
12.94,50.999999999994493,22.000000000027534,42.999999999988987,60,45.000000000005507,38,35,15.999999999994493,14.420000000001487,464.6600000001319,SSLW,model_assisted_not_ground_truth,0,0,0,0,0,0,0,0,0,0,0
12.95,51.999999999995559,22,41.000000000008882,57.000000000013323,46.999999999991118,38,33.000000000008882,17.999999999991118,14.290000000000576,446.67000000007988,SSLW,model_assisted_not_ground_truth,0,0,0,0,0,0,0,0,0,0,0
12.96,50.000000000007105,22,43.999999999989342,56.000000000003553,46.000000000003553,38,32.000000000003553,19.999999999992895,14.210000000000285,440.67000000002133,SSLW,model_assisted_not_ground_truth,0,0,0,0,0,0,0,0,0,0,0
12.97,45.000000000013323,23.999999999994671,44,56.999999999997335,46,38.999999999997335,31.000000000002665,22.999999999992006,14.210000000000001,441.67499999999734,SSLW,model_assisted_not_ground_truth,0,0,0,0,0,0,0,0,0,0,0
12.98,45,35.999999999978684,45.999999999996447,57.999999999998224,46.999999999998224,37.000000000003553,31,24.999999999996447,14.210000000000001,442.67999999999824,SSLW,model_assisted_not_ground_truth,0,0,0,0,0,0,0,0,0,0,0
12.99,45.999999999999112,40.999999999995559,44.000000000001776,54.000000000003553,45.000000000001776,38.999999999998224,30.000000000000888,25.999999999999112,14.180000000000026,438.68000000000359,SSLW,model_assisted_not_ground_truth,0,0,0,0,0,0,0,0,0,0,0
13.00,45,37,45,55,45,38,30,26,14.300000000000001,442.63999999999999,SSLW,model_assisted_not_ground_truth,0,0,0,0,0,0,0,0,0,0,0
13.01,45.000000000004441,37.999999999999112,44.999999999995559,57.999999999999112,46.000000000000888,37.000000000000888,30,27,14.189999999999991,440.67999999999824,SSLW,model_assisted_not_ground_truth,0,0,0,0,0,0,0,0,0,0,0
13.02,50,36.999999999984013,40.000000000007105,57.000000000001776,46.999999999998224,38,30,27.000000000014211,14.179999999999964,438.68000000000183,SSLW,model_assisted_not_ground_truth,0,0,0,0,0,0,0,0,0,0,0
13.03,50.000000000036948,28.000000000005684,43.999999999991473,58.000000000005684,46.000000000002842,37.999999999997158,29.999999999997158,35.000000000056843,14.159999999999972,439.68999999999431,SSLW,model_assisted_not_ground_truth,0,0,0,0,0,0,0,0,0,0,0
13.04,62.999999999752909,29.999999999961986,41.000000000057021,59.999999999961986,46.999999999980993,37.000000000019007,29.000000000019007,54.99999999961986,14.15,437.69000000000187,SSLW,model_assisted_not_ground_truth,0,0,0,0,0,0,0,0,0,0,0
13.05,64.999999999963762,28.000000000036238,41,56.000000000072475,49.999999999945643,33.000000000072475,29,76.999999999601386,14.15,438.19000000000233,SSLW,model_assisted_not_ground_truth,0,0,0,0,0,0,0,0,0,0,0
13.06,71.999999999879378,26.000000000034461,41,56,50,33,29.999999999982769,89.999999999776009,14.149999999999835,438.68999999999454,SSLW,model_assisted_not_ground_truth,0,0,0,0,0,0,0,0,0,0,0
13.07,73.999999999967315,25.000000000016342,40.000000000016342,56,50,33,29.000000000016342,96.999999999885603,14.120000000000319,437.70000000001909,SSLW,model_assisted_not_ground_truth,0,0,0,0,0,0,0,0,0,0,0
13.08,73.000000000015461,25,40,65.999999999845457,53.999999999938183,33,29,102.99999999990727,14.169999999999227,440.68999999995378,SSLW,model_assisted_not_ground_truth,0,0,0,0,0,0,0,0,0,0,0
13.09,66.000000000101963,26.999999999970868,40.999999999985434,74.999999999868905,54,32.000000000014566,28.000000000014566,102.00000000001457,14.160000000000146,439.69000000001455,SSLW,model_assisted_not_ground_truth,0,0,0,0,0,0,0,0,0,0,0
13.10,64.000000000027356,25.000000000027356,41.999999999986322,65.000000000136779,53.000000000013678,32,28,96.000000000082068,14.16,439.69,SSLW,model_assisted_not_ground_truth,0,0,0,0,0,0,0,0,0,0,0
13.11,45.000000000243006,25,42,65.99999999998721,53,32,28,90.000000000076739,14.16,438.69000000001279,SSLW,model_assisted_not_ground_truth,0,0,0,0,0,0,0,0,0,0,0
13.12,45,25.999999999988276,40.000000000023448,71.999999999929656,53.999999999988276,32,12.000000000187583,74.000000000187583,14.145000000000177,438.69499999999994,SSLW,model_assisted_not_ground_truth,0,0,0,0,0,0,0,0,0,0,0
13.13,45,23.000000000032507,40,74.999999999967486,53.000000000010836,35.999999999956657,9.0000000000325073,66.000000000086686,14.130000000000162,438.69999999999993,SSLW,model_assisted_not_ground_truth,0,0,0,0,0,0,0,0,0,0,0
13.14,45,23,39.000000000009948,74.000000000009948,53.999999999990052,36.999999999990052,9,62.00000000003979,14.130000000000001,437.70000000000994,SSLW,model_assisted_not_ground_truth,0,0,0,0,0,0,0,0,0,0,0
13.15,45,22.000000000009059,39.999999999990941,72.000000000018119,53.000000000009059,37,8.0000000000090594,56.000000000054357,14.199999999999365,438.66999999999121,SSLW,model_assisted_not_ground_truth,0,0,0,0,0,0,0,0,0,0,0
13.16,45,22,40,72,53,37,8,51.000000000040856,14.199999999999999,438.67000000000002,SSLW,model_assisted_not_ground_truth,0,0,0,0,0,0,0,0,0,0,0
13.17,45,21.000000000007283,40,73.999999999985434,53,37,8.9999999999927169,52.999999999985434,14.190000000000072,437.67000000000729,SSLW,model_assisted_not_ground_truth,0,0,0,0,0,0,0,0,0,0,0
13.18,45,21,39.000000000006395,75.99999999998721,53,37,8.0000000000063949,52.000000000006395,14.19,437.67000000000002,SSLW,model_assisted_not_ground_truth,0,0,0,0,0,0,0,0,0,0,0
13.19,45,23.99999999998348,38.000000000005507,70.00000000003304,50.00000000001652,37,8,49.00000000001652,14.175000000000082,438.67999999999444,SSLW,model_assisted_not_ground_truth,0,0,0,0,0,0,0,0,0,0,0
13.20,43.000000000008882,21.000000000013323,38,60.000000000044409,50,37,8.9999999999955591,45.000000000017764,14.160000000000068,439.68999999999551,SSLW,model_assisted_not_ground_truth,0,0,0,0,0,0,0,0,0,0,0
13.21,42.000000000003553,21,39.999999999992895,55.000000000017764,48.000000000007105,37,9,40.000000000017764,14.209999999999823,439.67000000000007,SSLW,model_assisted_not_ground_truth,0,0,0,0,0,0,0,0,0,0,0
13.22,41.000000000002665,20.000000000002665,38.000000000005329,54.000000000002665,46.000000000005329,37,9,40.999999999997335,14.200000000000026,439.66000000000003,SSLW,model_assisted_not_ground_truth,0,0,0,0,0,0,0,0,0,0,0
13.23,40.000000000001776,22.999999999994671,38,54.999999999998224,46,36.000000000001776,9,43.999999999994671,14.199999999999999,442.66999999999467,SSLW,model_assisted_not_ground_truth,0,0,0,0,0,0,0,0,0,0,0
13.24,39.000000000000888,23,37.000000000000888,56.999999999998224,46.999999999999112,3.0000000000293099,9,44,14.199999999999999,442.67000000000002,SSLW,model_assisted_not_ground_truth,0,0,0,0,0,0,0,0,0,0,0
13.25,39,23,38,57,45,8,10,45,14.19,443.68000000000001,SSLW,model_assisted_not_ground_truth,0,0,0,0,0,0,0,0,0,0,0
13.26,38,22.000000000002665,38.000000000000888,57,46.000000000000888,5.0000000000062172,9.0000000000017764,48.000000000005329,14.229999999999986,442.67000000000002,SSLW,model_assisted_not_ground_truth,0,0,0,0,0,0,0,0,0,0,0
13.27,38,24.999999999991118,38.999999999998224,57.000000000005329,47,11.999999999992895,11.000000000003553,54.000000000014211,14.214999999999973,442.67000000000002,SSLW,model_assisted_not_ground_truth,0,0,0,0,0,0,0,0,0,0,0
13.28,37.999999999997158,20.00000000002558,38,60,47.000000000002842,8,13.000000000034106,62.000000000031264,14.199999999999857,442.66999999999723,SSLW,model_assisted_not_ground_truth,0,0,0,0,0,0,0,0,0,0,0
13.29,37.000000000019007,28.999999999828937,38,60,47.999999999980993,8,24.999999999771916,72.99999999979093,14.150000000000075,441.69000000000744,SSLW,model_assisted_not_ground_truth,0,0,0,0,0,0,0,0,0,0,0
13.30,37,20.00000000016307,39.999999999963762,62.999999999945643,49.999999999963762,11.999999999927525,27.999999999945643,84.999999999782574,14.170000000000046,443.68999999999534,SSLW,model_assisted_not_ground_truth,0,0,0,0,0,0,0,0,0,0,0
13.31,37,20,38.000000000034461,80.999999999689848,50.999999999982769,11.000000000017231,29.999999999965539,102.99999999968985,14.180000000000385,442.67999999999989,SSLW,model_assisted_not_ground_truth,0,0,0,0,0,0,0,0,0,0,0
13.32,37,31.99999999980389,38.999999999983658,88.99999999986926,61.999999999820233,12.999999999967315,30,112.99999999983658,14.249999999999808,442.65999999999366,SSLW,model_assisted_not_ground_truth,0,0,0,0,0,0,0,0,0,0,0
13.33,37,31.000000000015454,37.000000000030909,93.999999999922721,69.999999999876366,35.999999999644551,30,115.99999999995364,14.220000000000464,441.66000000001549,SSLW,model_assisted_not_ground_truth,0,0,0,0,0,0,0,0,0,0,0
13.34,37.999999999985434,41.999999999839773,38.999999999970868,102.9999999998689,70.999999999985434,36,28.000000000029132,119.99999999994174,14.220000000000001,442.65999999998547,SSLW,model_assisted_not_ground_truth,0,0,0,0,0,0,0,0,0,0,0
13.35,38.999999999986322,65.999999999671729,40.999999999972644,106.99999999994529,74.999999999945288,37.999999999972644,29.999999999972644,120.99999999998633,14.015000000002804,446.72499999994443,SSLW,model_assisted_not_ground_truth,0,0,0,0,0,0,0,0,0,0,0
13.36,39.99999999998721,71.999999999923261,42.99999999997442,107.99999999998721,82.999999999897682,38.99999999998721,30,133.99999999983373,13.810000000002622,450.78999999994801,SSLW,model_assisted_not_ground_truth,0,0,0,0,0,0,0,0,0,0,0
13.37,42.999999999964828,93.999999999742073,43.999999999988276,108.99999999998828,95.999999999847589,39,34.99999999994138,167.99999999960139,12.880000000010904,465.06999999983259,SSLW,model_assisted_not_ground_truth,0,0,0,0,0,0,0,0,0,0,0
13.38,50.999999999913314,116.99999999975077,44.999999999989164,118.99999999989164,117.99999999976161,42.999999999956657,80.999999999501554,202.99999999962074,10.890000000021564,582.33999999872935,SSLW,model_assisted_not_ground_truth,0,0,0,0,0,0,0,0,0,0,0
13.39,77.999999999731415,144.99999999972147,57.999999999870681,131.99999999987068,139.99999999978115,45.999999999970157,136.99999999944293,229.99999999973141,9.6800000000120363,689.54999999893346,SSLW,model_assisted_not_ground_truth,0,0,0,0,0,0,0,0,0,0,0
13.40,97.999999999818812,155.99999999990035,83.999999999764455,156.99999999977351,177.99999999965576,46,169.99999999970103,245.99999999985505,9.2600000000038047,733.62999999960061,SSLW,model_assisted_not_ground_truth,0,0,0,0,0,0,0,0,0,0,0
13.41,108.99999999991012,166.99999999991013,114.99999999974669,175.99999999984476,195.99999999985292,46,176.99999999994282,264.99999999984476,9.0800000000014709,761.67999999977076,SSLW,model_assisted_not_ground_truth,0,0,0,0,0,0,0,0,0,0,0
13.42,115.99999999994901,180.99999999989802,146.99999999976694,196.99999999984706,213.99999999986892,52.999999999949019,181.99999999996359,280.99999999988347,8.9600000000008748,785.72999999982483,SSLW,model_assisted_not_ground_truth,0,0,0,0,0,0,0,0,0,0,0
13.43,121.99999999996163,189.99999999994245,158.99999999992326,216.9999999998721,227.99999999991047,55.999999999980815,185.99999999997442,271.00000000006395,8.900000000000384,796.74499999992952,SSLW,model_assisted_not_ground_truth,0,0,0,0,0,0,0,0,0,0,0
13.44,129.99999999995595,194.99999999997246,165.99999999996146,223.99999999996146,235.99999999995595,64.999999999950433,188.99999999998349,262.00000000004957,8.8400000000003303,807.75999999993928,SSLW,model_assisted_not_ground_truth,0,0,0,0,0,0,0,0,0,0,0
13.45,131.99999999999113,196.99999999999113,167.99999999999113,227.99999999998224,244.99999999996004,64.000000000004434,187.00000000000887,252.00000000004439,8.869999999999866,842.8199999998443,SSLW,model_assisted_not_ground_truth,0,0,0,0,0,0,0,0,0,0,0
13.46,129.00000000001066,200.99999999998579,167.00000000000355,234.99999999997513,251.99999999997513,77.999999999950262,190.99999999998579,240.00000000004263,9.0299999999994309,908.8399999997655,SSLW,model_assisted_not_ground_truth,0,0,0,0,0,0,0,0,0,0,0
13.47,122.00000000001864,200.00000000000267,167,238.99999999998934,251.00000000000267,87.999999999973355,187.00000000001066,235.00000000001333,9.0599999999999206,916.85999999997864,SSLW,model_assisted_not_ground_truth,0,0,0,0,0,0,0,0,0,0,0
13.48,110.00000000002132,199.00000000000176,168.99999999999645,232.00000000001245,251,92.999999999991118,187.99999999999824,227.00000000001421,9.0899999999999466,937.86999999996272,SSLW,model_assisted_not_ground_truth,0,0,0,0,0,0,0,0,0,0,0
13.49,111.99999999999822,198.00000000000088,169.99999999999912,234.99999999999733,251,98.999999999994671,185.00000000000267,234.99999999999289,9.0500000000000362,953.87999999998578,SSLW,model_assisted_not_ground_truth,0,0,0,0,0,0,0,0,0,0,0
13.50,114,197,171,222,250,107,186,220,9.0150000000000006,963.40499999999997,SSLW,model_assisted_not_ground_truth,0,0,0,0,0,0,0,0,0,0,0
13.51,119.0000000000009,198.00000000000088,172.99999999999821,0,252,104.00000000000533,184.99999999999378,225.99999999999645,8.9799999999999827,972.93000000001859,SSLW,model_assisted_not_ground_truth,0,0,0,0,0,0,0,0,0,0,0
13.52,120.00000000001243,199,170.99999999999466,0,252,109.99999999998757,177.99999999997513,222,8.9599999999999831,993.9300000000552,SSLW,model_assisted_not_ground_truth,0,0,0,0,0,0,0,0,0,0,0
13.53,126.99999999998863,199,167.99999999998863,0,251.99999999999716,102.99999999998579,163.99999999999432,221.99999999997726,8.9499999999998003,1025.0100000000341,SSLW,model_assisted_not_ground_truth,0,0,0,0,0,0,0,0,0,0,0
13.54,123.00000000007603,199,164.00000000007603,0,251.00000000001901,98.000000000095042,162.00000000003803,214.00000000015206,8.8800000000000381,1037.0000000000448,SSLW,model_assisted_not_ground_truth,0,0,0,0,0,0,0,0,0,0,0
13.55,115.00000000014495,198.00000000001813,164.99999999998187,0,248.00000000005434,107.99999999981881,155.00000000012682,215.99999999996376,8.8899999999997696,1049.0200000000186,SSLW,model_assisted_not_ground_truth,0,0,0,0,0,0,0,0,0,0,0
13.56,115.99999999998278,197.00000000001722,164.00000000001722,0,245.0000000000517,101.00000000012062,154.00000000001722,222.99999999987938,8.8399999999999999,1053.0500000000081,SSLW,model_assisted_not_ground_truth,0,0,0,0,0,0,0,0,0,0,0
13.57,116.99999999998366,195.00000000003268,164,0,241.00000000006537,98.000000000049027,143.00000000017977,225.99999999995097,8.8399999999999999,1054.5549999999926,SSLW,model_assisted_not_ground_truth,0,0,0,0,0,0,0,0,0,0,0
13.58,116.00000000001546,193.00000000003092,164.99999999998454,0,244.99999999993818,91.000000000108173,144.99999999996908,226.99999999998454,8.8399999999999999,1056.0599999999768,SSLW,model_assisted_not_ground_truth,0,0,0,0,0,0,0,0,0,0,0
13.59,115.00000000001457,191.00000000002913,164.00000000001455,0,238.00000000010198,87.000000000058265,143.00000000002913,227,8.8300000000001457,1054.0500000000293,SSLW,model_assisted_not_ground_truth,0,0,0,0,0,0,0,0,0,0,0
13.60,114.00000000001367,187.00000000005471,163.00000000001367,0,235.00000000004104,87,139.00000000005471,225.00000000002734,8.8300000000000001,1045.0400000001232,SSLW,model_assisted_not_ground_truth,0,0,0,0,0,0,0,0,0,0,0
13.61,114.49999999999361,185.50000000001918,161.00000000002558,0,232.50000000003197,83.500000000044764,131.50000000009592,223.00000000002558,8.8599999999996157,1039.0100000000771,SSLW,model_assisted_not_ground_truth,0,0,0,0,0,0,0,0,0,0,0
13.62,114.99999999999415,184.00000000001759,159.00000000002345,0,230.0000000000293,80.000000000041041,124.00000000008794,221.00000000002345,8.8799999999997663,1034.0000000000587,SSLW,model_assisted_not_ground_truth,0,0,0,0,0,0,0,0,0,0,0
13.63,114.00000000001083,181.00000000003251,148.0000000001192,0,222.00000000008669,76.000000000043343,110.0000000001517,213.00000000008669,8.9399999999993494,1021.0000000001409,SSLW,model_assisted_not_ground_truth,0,0,0,0,0,0,0,0,0,0,0
13.64,109.00000000004974,169.00000000011937,129.000000000189,0,204.00000000017906,67.000000000089528,88.000000000218847,208.00000000004974,9.0199999999992038,1009.9800000001096,SSLW,model_assisted_not_ground_truth,0,0,0,0,0,0,0,0,0,0,0
13.65,109,165.00000000003624,128.00000000000907,0,198.00000000005434,67,82.000000000054357,207.00000000000907,9.0749999999995019,1002.9700000000636,SSLW,model_assisted_not_ground_truth,0,0,0,0,0,0,0,0,0,0,0
13.66,109,161.00000000003268,127.00000000000817,0,192.00000000004903,67,76.000000000049027,206.00000000000819,9.1299999999995514,995.96000000005733,SSLW,model_assisted_not_ground_truth,0,0,0,0,0,0,0,0,0,0,0
13.67,107.00000000001457,149.0000000000874,127,0,180.0000000000874,58.000000000065548,70.000000000043698,197.00000000006554,9.2199999999993452,984.94000000008032,SSLW,model_assisted_not_ground_truth,0,0,0,0,0,0,0,0,0,0,0
13.68,107.99999999999361,141.00000000005116,107.0000000001279,0,174.00000000003837,55.000000000019185,60.000000000063949,201.99999999996803,9.3299999999992966,976.94000000005121,SSLW,model_assisted_not_ground_truth,0,0,0,0,0,0,0,0,0,0,0
13.69,108,131.00000000005508,86.000000000115648,0,154.00000000011013,48.000000000038547,58.000000000011013,191.00000000006057,9.4699999999992297,971.91000000002771,SSLW,model_assisted_not_ground_truth,0,0,0,0,0,0,0,0,0,0,0
13.70,114.99999999996891,130.00000000000443,83.00000000001333,0,146.00000000003553,47.000000000004441,55.000000000013323,191.99999999999557,9.6199999999993331,958.88000000005786,SSLW,model_assisted_not_ground_truth,0,0,0,0,0,0,0,0,0,0,0
13.71,117.99999999998934,127.00000000001066,77.000000000021316,0,139.00000000002487,47,49.000000000021316,193.99999999999289,9.8399999999992183,950.84000000002857,SSLW,model_assisted_not_ground_truth,0,0,0,0,0,0,0,0,0,0,0
13.72,119.99999999999467,120.00000000001864,75.000000000005329,0,133.00000000001597,47.999999999997335,48.000000000002665,195.99999999999466,9.9449999999997196,947.32500000000937,SSLW,model_assisted_not_ground_truth,0,0,0,0,0,0,0,0,0,0,0
13.73,118.00000000000355,107.00000000002309,68.000000000012434,0,132.00000000000176,48,43.000000000008882,199.99999999999289,10.049999999999814,943.8100000000062,SSLW,model_assisted_not_ground_truth,0,0,0,0,0,0,0,0,0,0,0
13.74,121.99999999999645,109.99999999999733,64.000000000003553,0,125.00000000000622,48,38.000000000004441,203.99999999999645,10.199999999999866,946.77999999999736,SSLW,model_assisted_not_ground_truth,0,0,0,0,0,0,0,0,0,0,0
13.75,122,109,63,0,130,48,36,206,10.460000000000001,942.74000000000001,SSLW,model_assisted_not_ground_truth,0,0,0,0,0,0,0,0,0,0,0
13.76,122.00000000000267,111.0000000000009,62,0,126.00000000000355,48,36,208.00000000000088,10.680000000000151,942.70000000000175,SSLW,model_assisted_not_ground_truth,0,0,0,0,0,0,0,0,0,0,0
13.77,125,112.00000000000888,62.000000000003553,0,130.00000000000534,48,36,209.00000000000179,10.850000000000426,944.68000000001939,SSLW,model_assisted_not_ground_truth,0,0,0,0,0,0,0,0,0,0,0
13.78,125.00000000002274,117.00000000000284,63.999999999997158,0,132.99999999998579,47.999999999997158,36,210.00000000000853,11.090000000000511,955.65000000000566,SSLW,model_assisted_not_ground_truth,0,0,0,0,0,0,0,0,0,0,0
13.79,132.99999999984794,117.99999999998099,63.000000000019007,0,128.00000000009504,47.000000000019007,36,212.99999999994299,11.270000000000485,957.64999999999804,SSLW,model_assisted_not_ground_truth,0,0,0,0,0,0,0,0,0,0,0
13.80,138.99999999989129,122.99999999990941,64.999999999963762,0,131.99999999992752,47,36,214.99999999996376,11.400000000000599,957.1199999999975,SSLW,model_assisted_not_ground_truth,0,0,0,0,0,0,0,0,0,0,0
13.81,150.99999999979323,125.9999999999483,65.999999999982776,0,133.99999999996555,47,36.999999999982769,215.99999999998278,11.530000000001046,956.59000000001083,SSLW,model_assisted_not_ground_truth,0,0,0,0,0,0,0,0,0,0,0
13.82,160.99999999983658,127.99999999996732,68.999999999950973,0,134.99999999998366,47,42.999999999901945,216,11.720000000001216,958.55999999999347,SSLW,model_assisted_not_ground_truth,0,0,0,0,0,0,0,0,0,0,0
13.83,169.9999999998609,133.99999999990729,68.000000000015461,0,135.99999999998454,49.999999999953637,44.999999999969091,221.99999999990729,11.909999999997064,957.54000000001577,SSLW,model_assisted_not_ground_truth,0,0,0,0,0,0,0,0,0,0,0
13.84,181.99999999982521,143.99999999985434,69.999999999970868,0,138.99999999995629,53.999999999941735,51.999999999898037,223.99999999997087,12.109999999997086,960.50999999995668,SSLW,model_assisted_not_ground_truth,0,0,0,0,0,0,0,0,0,0,0
13.85,189.99999999989058,155.99999999983586,72.999999999958959,0,140.99999999997266,55.999999999972644,58.999999999904254,231.99999999989058,12.319999999997128,957.49000000004128,SSLW,model_assisted_not_ground_truth,0,0,0,0,0,0,0,0,0,0,0
13.86,200.99999999985931,163.99999999989768,85.999999999833733,0,139.00000000002558,63.999999999897682,74.999999999795364,234.99999999996163,12.479999999997954,952.97000000005778,SSLW,model_assisted_not_ground_truth,0,0,0,0,0,0,0,0,0,0,0
13.87,210.99999999988276,167.9999999999531,92.999999999917932,0,145.99999999991792,74.999999999871036,86.999999999859313,245.99999999987102,12.639999999998125,948.45000000005302,SSLW,model_assisted_not_ground_truth,0,0,0,0,0,0,0,0,0,0,0
13.88,223.99999999985914,172.99999999994583,99.999999999924142,0,146,78.999999999956657,99.999999999859142,248.99999999996749,12.889999999997292,950.41999999997859,SSLW,model_assisted_not_ground_truth,0,0,0,0,0,0,0,0,0,0,0
13.89,234.99999999989058,178.99999999994031,103.99999999996021,0,154.99999999991047,88.999999999900524,113.99999999986073,255.99999999993037,13.129999999997613,954.36999999996067,SSLW,model_assisted_not_ground_truth,0,0,0,0,0,0,0,0,0,0,0
13.90,239.9999999999547,179,112.99999999991846,0,155.99999999999093,90.999999999981881,120.99999999993659,256.99999999999096,13.659999999995199,930.30000000021801,SSLW,model_assisted_not_ground_truth,0,0,0,0,0,0,0,0,0,0,0
13.91,243.99999999996732,179.99999999999181,115.99999999997549,0,156.99999999999181,89.000000000016342,123.99999999997549,257,13.889999999998121,930.23000000000059,SSLW,model_assisted_not_ground_truth,0,0,0,0,0,0,0,0,0,0,0
13.92,246.99999999997814,183.99999999997087,118.99999999997814,0,157,90.999999999985434,129.99999999995629,257,14.319999999996869,950.0999999998553,SSLW,model_assisted_not_ground_truth,0,0,0,0,0,0,0,0,0,0,0
13.93,247,185.99999999998721,119.99999999999361,0,158.99999999998721,92.99999999998721,129.00000000000639,257,14.64999999999789,937.99000000007743,SSLW,model_assisted_not_ground_truth,0,0,0,0,0,0,0,0,0,0,0
13.94,243.00000000002203,185.00000000000551,118.00000000001101,0,162.99999999997797,89.000000000022027,135.99999999996146,253.00000000002203,14.784999999999258,941.44499999998095,SSLW,model_assisted_not_ground_truth,0,0,0,0,0,0,0,0,0,0,0
13.95,228.00000000006662,179.00000000002666,115.00000000001333,0,161.00000000000887,89,132.00000000001776,246.00000000003109,14.919999999999401,944.89999999998463,SSLW,model_assisted_not_ground_truth,0,0,0,0,0,0,0,0,0,0,0
13.96,218.00000000003553,171.00000000002842,107.00000000002842,0,161.99999999999645,88.000000000003553,128.00000000001421,244.00000000000711,15.199999999999005,937.80000000002519,SSLW,model_assisted_not_ground_truth,0,0,0,0,0,0,0,0,0,0,0
13.97,209.00000000002399,163.00000000002132,96.000000000029303,0,159.00000000000799,86.000000000005329,119.00000000002399,232.00000000003197,15.399999999999467,923.71000000003755,SSLW,model_assisted_not_ground_truth,0,0,0,0,0,0,0,0,0,0,0
13.98,206.00000000000534,159.00000000000711,94.000000000003553,0,157.00000000000355,75.00000000001954,113.00000000001066,228.00000000000711,15.57999999999968,887.67000000006396,SSLW,model_assisted_not_ground_truth,0,0,0,0,0,0,0,0,0,0,0
13.99,198.00000000000711,152.00000000000622,89.000000000004434,0,155.00000000000176,72.000000000002672,106.00000000000622,225.00000000000267,15.789999999999813,851.63000000003206,SSLW,model_assisted_not_ground_truth,0,0,0,0,0,0,0,0,0,0,0
14.00,191,136,76,0,153,65,102,214,15.91,821.61000000000001,SSLW,model_assisted_not_ground_truth,0,0,0,0,0,0,0,0,0,0,0
14.01,181.99999999999289,122.99999999999645,75.000000000003553,0,144.99999999999557,45,97.999999999996447,203.99999999999022,15.920000000000009,810.59999999999025,SSLW,model_assisted_not_ground_truth,0,0,0,0,0,0,0,0,0,0,0
14.02,173.99999999998755,118.99999999999645,78.999999999985789,0,139.999999999984,45,94.000000000003553,192.99999999998755,15.930000000000017,799.58999999996979,SSLW,model_assisted_not_ground_truth,0,0,0,0,0,0,0,0,0,0,0
14.03,166.99999999996874,117.00000000000568,70.99999999997442,0,130.99999999996021,45,95.999999999985789,185.99999999996021,15.940000000000056,782.56999999994025,SSLW,model_assisted_not_ground_truth,0,0,0,0,0,0,0,0,0,0,0
14.04,156.00000000020907,118.99999999996199,62.000000000171063,0,117.0000000002661,45,91.000000000095042,172.00000000026608,15.959999999999926,761.53999999992527,SSLW,model_assisted_not_ground_truth,0,0,0,0,0,0,0,0,0,0,0
14.05,133.00000000041672,119,59.000000000054357,0,113.00000000007248,45,78.000000000235545,155.00000000030803,15.940000000000046,741.52999999989822,SSLW,model_assisted_not_ground_truth,0,0,0,0,0,0,0,0,0,0,0
14.06,113.00000000034461,103.00000000027569,48.000000000189537,0,87.000000000447997,44.000000000017231,66.000000000206768,128.00000000046523,15.949999999999779,719.49999999990087,SSLW,model_assisted_not_ground_truth,0,0,0,0,0,0,0,0,0,0,0
14.07,95.000000000294165,93.000000000163425,48,0,57.000000000490274,44,48.000000000294165,85.000000000702727,15.909999999999872,701.48999999989132,SSLW,model_assisted_not_ground_truth,0,0,0,0,0,0,0,0,0,0,0
14.08,80.000000000231807,84.000000000139096,47.000000000015454,0,49.000000000123634,39.000000000077272,37.000000000169997,55.000000000463629,15.890000000000082,684.49000000006947,SSLW,model_assisted_not_ground_truth,0,0,0,0,0,0,0,0,0,0,0
14.09,72.000000000116529,72.000000000174794,46.000000000014566,0,49,38.000000000014566,35.000000000029132,29.000000000378719,15.870000000000291,667.49000000024762,SSLW,model_assisted_not_ground_truth,0,0,0,0,0,0,0,0,0,0,0
14.10,62.000000000136779,60.000000000164135,45.000000000013678,0,49,34.000000000054712,34.000000000013678,26.000000000041034,15.800000000000958,648.48000000026002,SSLW,model_assisted_not_ground_truth,0,0,0,0,0,0,0,0,0,0,0
14.11,51.000000000140687,53.000000000089528,45,0,47.00000000002558,34.99999999998721,34,21.000000000063949,15.660000000001791,613.48000000044772,SSLW,model_assisted_not_ground_truth,0,0,0,0,0,0,0,0,0,0,0
14.12,51,41.500000000134825,43.500000000017586,0,46.000000000011724,36.499999999982414,34.499999999994138,18.50000000002931,15.370000000003399,571.53000000049178,SSLW,model_assisted_not_ground_truth,0,0,0,0,0,0,0,0,0,0,0
14.13,51,30.000000000124611,42.000000000016257,0,45.000000000010836,37.999999999983743,34.999999999994586,16.000000000027089,15.020000000003792,527.5700000004764,SSLW,model_assisted_not_ground_truth,0,0,0,0,0,0,0,0,0,0,0
14.14,64.999999999860734,25.000000000049738,42,59.999999999403144,46.999999999980105,38,35,16,14.600000000004178,487.64000000039721,SSLW,model_assisted_not_ground_truth,0,0,0,0,0,0,0,0,0,0,0
14.15,66.999999999981881,24.000000000009059,40.000000000018119,61.999999999981881,47,38,35,15.000000000009059,14.390000000001903,463.67000000021716,SSLW,model_assisted_not_ground_truth,0,0,0,0,0,0,0,0,0,0,0
14.16,67.999999999991829,25.999999999983658,41.999999999983658,78.999999999861089,46.000000000008171,38,32.000000000024514,15.999999999991829,14.295000000000776,453.68000000008163,SSLW,model_assisted_not_ground_truth,0,0,0,0,0,0,0,0,0,0,0
14.17,68.999999999992724,25.000000000007283,40.000000000014566,85.999999999949011,47.999999999985434,38,33.999999999985434,16.999999999992717,14.200000000000692,443.69000000007276,SSLW,model_assisted_not_ground_truth,0,0,0,0,0,0,0,0,0,0,0
14.18,68.000000000006395,26.99999999998721,40.999999999993605,110.99999999984013,48.999999999993605,38,34.999999999993605,22.999999999961631,14.120000000000511,434.69000000005758,SSLW,model_assisted_not_ground_truth,0,0,0,0,0,0,0,0,0,0,0
14.19,67.000000000005514,27.999999999994493,41,69.000000000231282,49,38,35,23.999999999994493,14.189999999999614,445.69999999993934,SSLW,model_assisted_not_ground_truth,0,0,0,0,0,0,0,0,0,0,0
14.20,65.000000000008882,28,40.000000000004441,79.999999999951143,50.999999999991118,38,35,24.999999999995559,14.110000000000355,435.70000000004438,SSLW,model_assisted_not_ground_truth,0,0,0,0,0,0,0,0,0,0,0
14.21,66.999999999992895,28,40.999999999996447,62.000000000063949,51,38,35,24.000000000003553,14.12999999999993,435.69000000000005,SSLW,model_assisted_not_ground_truth,0,0,0,0,0,0,0,0,0,0,0
14.22,54.000000000034639,27.000000000002665,41,59.000000000007994,50.000000000002665,37.000000000002665,32.000000000007994,24.999999999997335,14.130000000000001,435.69,SSLW,model_assisted_not_ground_truth,0,0,0,0,0,0,0,0,0,0,0
14.23,52.000000000003553,24.000000000005329,40.000000000001776,70.999999999978684,51.999999999996447,37.999999999998224,32,26.999999999996447,14.110000000000035,434.69500000000176,SSLW,model_assisted_not_ground_truth,0,0,0,0,0,0,0,0,0,0,0
14.24,51.000000000000888,23.000000000000888,40,72.999999999998224,49.000000000002665,38,31.000000000000888,27,14.090000000000018,433.7000000000009,SSLW,model_assisted_not_ground_truth,0,0,0,0,0,0,0,0,0,0,0
14.25,66,25,41,67,53,38,31,30,14.09,433.69999999999999,SSLW,model_assisted_not_ground_truth,0,0,0,0,0,0,0,0,0,0,0
14.26,66,24.999999999997335,41,75.000000000004448,54,36.999999999996447,31,39.000000000011546,14.079999999999991,432.69999999999908,SSLW,model_assisted_not_ground_truth,0,0,0,0,0,0,0,0,0,0,0
14.27,65.999999999996447,21.999999999992895,41,80.000000000003553,54,33,31,52.000000000028422,14.070000000000018,431.70000000000175,SSLW,model_assisted_not_ground_truth,0,0,0,0,0,0,0,0,0,0,0
14.28,64.000000000002842,18.000000000014211,41,82.000000000008527,54,33,30.999999999997158,68.000000000017053,14.079999999999972,432.70000000000289,SSLW,model_assisted_not_ground_truth,0,0,0,0,0,0,0,0,0,0,0
14.29,64.999999999980986,22.999999999904965,41,84.999999999942986,54,33,30.000000000019007,73.999999999885958,14.069999999999963,433.70999999999623,SSLW,model_assisted_not_ground_truth,0,0,0,0,0,0,0,0,0,0,0
14.30,64.000000000018119,23,40.000000000018119,84.000000000018119,54,33,30,75.999999999963762,14.059999999999954,432.71000000000231,SSLW,model_assisted_not_ground_truth,0,0,0,0,0,0,0,0,0,0,0
14.31,48.000000000275691,20.000000000051692,39.000000000017231,84,54.999999999982769,33,30,75.000000000017224,14.049999999999944,433.21000000000271,SSLW,model_assisted_not_ground_truth,0,0,0,0,0,0,0,0,0,0,0
14.32,44.00000000006537,18.000000000032685,39,85.999999999967315,55,36.99999999993463,29.000000000016342,76.999999999967315,14.040000000000191,433.70999999999998,SSLW,model_assisted_not_ground_truth,0,0,0,0,0,0,0,0,0,0,0
14.33,43.000000000015454,18.999999999984546,39,86,55,37,10.000000000293632,67.000000000154543,14.069999999999537,433.70999999999998,SSLW,model_assisted_not_ground_truth,0,0,0,0,0,0,0,0,0,0,0
14.34,43,19,38.000000000014566,84.000000000029132,55,37,9.0000000000145661,67.999999999985434,14.060000000000146,432.71000000001453,SSLW,model_assisted_not_ground_truth,0,0,0,0,0,0,0,0,0,0,0
14.35,43,20.999999999972644,38.999999999986322,79.000000000068383,55.999999999986322,37,8.0000000000136779,64.000000000054712,14.069999999999864,433.70999999998628,SSLW,model_assisted_not_ground_truth,0,0,0,0,0,0,0,0,0,0,0
14.36,42.00000000001279,17.000000000051159,38.00000000001279,75.000000000051159,56,37,8,59.000000000063949,14.07,433.70999999999998,SSLW,model_assisted_not_ground_truth,0,0,0,0,0,0,0,0,0,0,0
14.37,42.999999999988276,20.999999999953104,38,73.000000000023448,55.000000000011724,37,9.3791641120333225e-11,51.000000000093792,14.055000000000176,433.70999999999998,SSLW,model_assisted_not_ground_truth,0,0,0,0,0,0,0,0,0,0,0
14.38,43,17.000000000043343,38,67.000000000065015,49.000000000065015,37,0,48.000000000032507,14.040000000000163,433.70999999999998,SSLW,model_assisted_not_ground_truth,0,0,0,0,0,0,0,0,0,0,0
14.39,43,20.99999999996021,38.999999999990052,69.999999999970157,49.999999999990052,37.999999999990052,0,49.999999999980105,14.049999999999901,434.70999999999003,SSLW,model_assisted_not_ground_truth,0,0,0,0,0,0,0,0,0,0,0
14.40,43,22.999999999981881,39,71.999999999981881,49.000000000009059,38,0,49.000000000009059,14.05999999999991,433.70000000000914,SSLW,model_assisted_not_ground_truth,0,0,0,0,0,0,0,0,0,0,0
14.41,43.999999999991829,22.000000000008171,39,73.999999999983658,49,38,0,46.000000000024514,14.089999999999755,434.68999999999193,SSLW,model_assisted_not_ground_truth,0,0,0,0,0,0,0,0,0,0,0
14.42,44,21.000000000007283,38.000000000007283,70.000000000029132,49.999999999992717,38,0,46.999999999992717,14.099999999999927,435.68999999999272,SSLW,model_assisted_not_ground_truth,0,0,0,0,0,0,0,0,0,0,0
14.43,43.000000000006395,20.000000000006395,38.999999999993605,66.00000000002558,50,38,0,47,14.169999999999552,434.68000000000649,SSLW,model_assisted_not_ground_truth,0,0,0,0,0,0,0,0,0,0,0
14.44,41.000000000011013,21.999999999988987,38.000000000005507,54.00000000006608,50,37.000000000005507,0,45.000000000011013,14.140000000000166,437.67999999998347,SSLW,model_assisted_not_ground_truth,0,0,0,0,0,0,0,0,0,0,0
14.45,38.000000000013323,20.000000000008882,36.000000000008882,53.000000000004441,50,37.999999999995559,0,42.000000000013323,14.105000000000157,437.69499999999994,SSLW,model_assisted_not_ground_truth,0,0,0,0,0,0,0,0,0,0,0
14.46,30.000000000028422,20.999999999996447,36,53.999999999996447,50.999999999996447,37.000000000003553,0,40.000000000007105,14.070000000000125,437.70999999999992,SSLW,model_assisted_not_ground_truth,0,0,0,0,0,0,0,0,0,0,0
14.47,31.999999999994671,20.000000000002665,36,56.999999999992006,51,37,0,40.999999999997335,14.07,437.70999999999998,SSLW,model_assisted_not_ground_truth,0,0,0,0,0,0,0,0,0,0,0
14.48,31.000000000001776,20,36,57,49.000000000003553,37,0,40.000000000001776,14.089999999999964,439.7099999999964,SSLW,model_assisted_not_ground_truth,0,0,0,0,0,0,0,0,0,0,0
14.49,31.999999999999112,20,36,57.999999999999112,49.999999999999112,37,0,41.999999999998224,14.099999999999991,440.70999999999907,SSLW,model_assisted_not_ground_truth,0,0,0,0,0,0,0,0,0,0,0
14.50,31,14,37,60,46,33,10,51,14.09,439.70999999999998,SSLW,model_assisted_not_ground_truth,0,0,0,0,0,0,0,0,0,0,0
14.51,31.000000000006217,23.000000000000888,39.999999999999112,60.000000000011546,53.000000000005329,33.000000000002665,13.000000000014211,80.000000000017764,14.1,440.70999999999998,SSLW,model_assisted_not_ground_truth,0,0,0,0,0,0,0,0,0,0,0
14.52,37.999999999999112,24.000000000007105,39,73.000000000009763,59.00000000000977,36.000000000000888,28.999999999999112,100.00000000002042,14.099999999999991,440.70999999999907,SSLW,model_assisted_not_ground_truth,0,0,0,0,0,0,0,0,0,0,0
14.53,37.500000000004263,27.999999999965894,39,78.499999999953104,64.499999999953104,36.499999999995737,28.500000000004263,111.49999999990195,14.094999999999985,440.20999999999856,SSLW,model_assisted_not_ground_truth,0,0,0,0,0,0,0,0,0,0,0
14.54,37.000000000009507,31.999999999923972,39,83.999999999895465,69.999999999895465,36.999999999990493,28.000000000009504,122.99999999978142,14.089999999999963,439.70999999999623,SSLW,model_assisted_not_ground_truth,0,0,0,0,0,0,0,0,0,0,0
14.55,37.499999999990941,51.999999999637623,40.499999999972822,95.49999999979164,78.499999999845983,37,28.499999999990941,130.99999999985505,14.080000000000092,438.70999999999992,SSLW,model_assisted_not_ground_truth,0,0,0,0,0,0,0,0,0,0,0
14.56,37.999999999991388,71.999999999655387,41.99999999997415,106.99999999980184,86.999999999853543,37,28.999999999991385,138.99999999986215,14.099999999998788,438.70000000003341,SSLW,model_assisted_not_ground_truth,0,0,0,0,0,0,0,0,0,0,0
14.57,40.999999999950973,81.999999999836575,44.999999999950973,111.99999999991829,95.999999999852918,37,29,150.99999999980389,13.87999999999399,444.77000000006581,SSLW,model_assisted_not_ground_truth,0,0,0,0,0,0,0,0,0,0,0
14.58,43.999999999953637,111.99999999953637,45.999999999984546,125.99999999978364,120.99999999961364,42.999999999907274,35.99999999989182,189.99999999939729,12.940000000014527,455.05999999984095,SSLW,model_assisted_not_ground_truth,0,0,0,0,0,0,0,0,0,0,0
14.59,54.999999999839773,120.9999999998689,50.499999999934452,130.49999999993446,136.99999999976694,43.999999999985434,62.999999999606715,199.49999999986161,10.760000000031754,584.37999999811632,SSLW,model_assisted_not_ground_truth,0,0,0,0,0,0,0,0,0,0,0
14.60,65.999999999849535,129.99999999987691,54.999999999938453,134.99999999993844,152.99999999978115,44.999999999986322,89.999999999630688,208.99999999987006,10.05000000000971,647.99499999912985,SSLW,model_assisted_not_ground_truth,0,0,0,0,0,0,0,0,0,0,0
14.61,110.99999999942446,163.99999999956515,113.9999999992454,177.99999999945004,200.99999999938609,47.999999999961631,161.99999999907914,243.99999999955236,9.3400000000090806,711.60999999918636,SSLW,model_assisted_not_ground_truth,0,0,0,0,0,0,0,0,0,0,0
14.62,120.99999999988276,175.99999999985931,139.99999999969518,199.99999999974207,222.99999999974207,52.99999999994138,168.99999999991792,251.99999999990621,8.9800000000042211,771.73999999929504,SSLW,model_assisted_not_ground_truth,0,0,0,0,0,0,0,0,0,0,0
14.63,124.99999999995666,182.99999999992414,153.99999999984828,218.99999999979411,230.99999999991331,54.999999999978328,177.99999999990249,257.99999999993497,8.8700000000011912,795.78999999973939,SSLW,model_assisted_not_ground_truth,0,0,0,0,0,0,0,0,0,0,0
14.64,131.99999999993037,186.99999999996021,158.99999999995026,230.99999999988063,241.99999999989058,56.999999999980105,178,257.00000000000995,8.8899999999998016,827.86999999968089,SSLW,model_assisted_not_ground_truth,0,0,0,0,0,0,0,0,0,0,0
14.65,132.99999999999093,187.99999999999093,159.99999999999093,234.99999999996376,243.99999999998187,57.499999999995467,177.50000000000452,255.50000000001359,9.1199999999979156,903.88999999931127,SSLW,model_assisted_not_ground_truth,0,0,0,0,0,0,0,0,0,0,0
14.66,133.99999999999181,188.99999999999181,160.99999999999181,238.99999999996732,245.99999999998366,57.999999999995914,177.00000000000409,254.00000000001225,9.2399999999990197,910.89999999994268,SSLW,model_assisted_not_ground_truth,0,0,0,0,0,0,0,0,0,0,0
14.67,127.00000000005099,193.99999999996359,156.00000000003641,1.740659172355663e-09,245.00000000000728,79.999999999839773,163.00000000010198,223.00000000022578,9.3199999999994176,917.89999999994905,SSLW,model_assisted_not_ground_truth,0,0,0,0,0,0,0,0,0,0,0
14.68,125.00000000001279,194,155.50000000000318,0,244.50000000000318,84.999999999968026,160.50000000001597,223.49999999999682,9.3799999999996153,932.4049999999072,SSLW,model_assisted_not_ground_truth,0,0,0,0,0,0,0,0,0,0,0
14.69,123.00000000001101,194,155.00000000000276,0,244.00000000000276,89.999999999972459,158.00000000001376,223.99999999999724,9.4399999999996691,946.90999999992005,SSLW,model_assisted_not_ground_truth,0,0,0,0,0,0,0,0,0,0,0
14.70,121.00000000000888,194.99999999999557,157.99999999998667,0,247.99999999998224,101.99999999994671,163.99999999997334,225.99999999999113,9.4899999999997782,965.93999999991559,SSLW,model_assisted_not_ground_truth,0,0,0,0,0,0,0,0,0,0,0
14.71,129.99999999996803,196.99999999999289,159.99999999999289,0,251.99999999998579,99.000000000010658,159.00000000001776,233.99999999997158,9.4999999999999645,979.96999999995023,SSLW,model_assisted_not_ground_truth,0,0,0,0,0,0,0,0,0,0,0
14.72,130.99999999999733,197.99999999999733,160.99999999999733,0,251.00000000000267,97.000000000005329,162.99999999998934,233.00000000000267,9.4900000000000269,991.98999999996795,SSLW,model_assisted_not_ground_truth,0,0,0,0,0,0,0,0,0,0,0
14.73,128.00000000000534,198,159.00000000000355,0,255.99999999999113,96.000000000001776,160.00000000000534,236.99999999999289,9.5299999999999283,995.99999999999284,SSLW,model_assisted_not_ground_truth,0,0,0,0,0,0,0,0,0,0,0
14.74,128,197.00000000000088,157.00000000000176,0,253.00000000000267,90.000000000005329,153.00000000000622,237,9.5799999999999557,999.99999999999648,SSLW,model_assisted_not_ground_truth,0,0,0,0,0,0,0,0,0,0,0
14.75,130,198,155,0,250,90,147,241,9.5949999999999989,998.005,SSLW,model_assisted_not_ground_truth,0,0,0,0,0,0,0,0,0,0,0
14.76,124.00000000000178,195.99999999999821,152.99999999999645,0,245.99999999999466,93.000000000008001,137.99999999998934,242.00000000000088,9.6100000000000794,996.00999999999283,SSLW,model_assisted_not_ground_truth,0,0,0,0,0,0,0,0,0,0,0
14.77,125.99999999998934,193.9999999999911,148.99999999998934,0,239.99999999999289,101.99999999999289,125.99999999997158,243.00000000000534,9.7000000000001592,987.96999999998229,SSLW,model_assisted_not_ground_truth,0,0,0,0,0,0,0,0,0,0,0
14.78,119.99999999999432,188.99999999998863,142.99999999997158,0,235.99999999998863,97.999999999982947,109.999999999946,245.99999999999716,9.7900000000003118,977.95999999996013,SSLW,model_assisted_not_ground_truth,0,0,0,0,0,0,0,0,0,0,0
14.79,118.00000000003801,185.00000000007603,133.00000000019008,0,232.00000000007603,92.000000000114042,91.000000000361126,245.00000000001901,9.9000000000005972,963.9399999999365,SSLW,model_assisted_not_ground_truth,0,0,0,0,0,0,0,0,0,0,0
14.80,118,181.00000000007248,127.00000000010871,0,224.00000000014495,85.000000000126832,76.000000000271783,243.00000000003624,10.060000000000462,946.90999999993051,SSLW,model_assisted_not_ground_truth,0,0,0,0,0,0,0,0,0,0,0
14.81,116.00000000003446,175.0000000001034,118.00000000015507,0,218.0000000001034,74.000000000189544,60.000000000275691,244.99999999996555,10.160000000000386,931.87999999993929,SSLW,model_assisted_not_ground_truth,0,0,0,0,0,0,0,0,0,0,0
14.82,116.99999999998366,166.00000000014708,116.00000000003268,0,213.00000000008171,70.00000000006537,54.000000000098055,243.00000000003268,10.229999999999652,920.86500000005481,SSLW,model_assisted_not_ground_truth,0,0,0,0,0,0,0,0,0,0,0
14.83,116.00000000001546,165.00000000001546,115.00000000001546,0,201.00000000018545,69.000000000015461,54.999999999984546,243,10.299999999998919,909.85000000017021,SSLW,model_assisted_not_ground_truth,0,0,0,0,0,0,0,0,0,0,0
14.84,116,159.0000000000874,105.00000000014566,0,193.00000000011653,65.000000000058265,48.000000000101963,240.00000000004371,10.449999999997814,899.82000000014614,SSLW,model_assisted_not_ground_truth,0,0,0,0,0,0,0,0,0,0,0
14.85,114.00000000002736,144.00000000020518,89.000000000218847,0,182.00000000015046,59.000000000082068,42.000000000082068,240,10.599999999997948,880.81000000025995,SSLW,model_assisted_not_ground_truth,0,0,0,0,0,0,0,0,0,0,0
14.86,114,137.00000000008953,85.000000000051159,0,172.0000000001279,57.00000000002558,39.000000000038369,236.00000000005116,10.769999999997825,865.77000000019234,SSLW,model_assisted_not_ground_truth,0,0,0,0,0,0,0,0,0,0,0
14.87,113.00000000001172,130.00000000008208,83.000000000023448,0,160.00000000014069,54.000000000035172,38.000000000011724,230.00000000007034,10.939999999998006,849.74000000018793,SSLW,model_assisted_not_ground_truth,0,0,0,0,0,0,0,0,0,0,0
14.88,107.00000000006501,127.00000000003251,75.000000000086686,0,149.0000000001192,50.000000000043343,36.000000000021672,232.99999999996749,11.139999999997833,835.70000000015216,SSLW,model_assisted_not_ground_truth,0,0,0,0,0,0,0,0,0,0,0
14.89,103.00000000003979,124.00000000002984,69.000000000059686,0,139.00000000009948,48.000000000019895,32.00000000003979,224.00000000008953,11.32999999999811,821.66000000013969,SSLW,model_assisted_not_ground_truth,0,0,0,0,0,0,0,0,0,0,0
14.90,104.99999999998188,116.00000000007248,62.000000000063416,0,135.00000000003624,48,32,219.0000000000453,11.399999999999366,818.15500000003169,SSLW,model_assisted_not_ground_truth,0,0,0,0,0,0,0,0,0,0,0
14.91,100.00000000004086,105.00000000008988,56.000000000049027,0,132.0000000000245,47.000000000008171,31.000000000008171,215.00000000003268,11.469999999999429,814.65000000002863,SSLW,model_assisted_not_ground_truth,0,0,0,0,0,0,0,0,0,0,0
14.92,99.000000000007276,103.00000000001457,54.000000000014566,0,128.00000000002913,46.000000000007283,31,214.00000000000728,11.629999999998835,805.62000000006572,SSLW,model_assisted_not_ground_truth,0,0,0,0,0,0,0,0,0,0,0
14.93,95.00000000002558,99.00000000002558,51.000000000019185,0,124.00000000002558,46.999999999993605,31,214,11.799999999998914,803.59000000001299,SSLW,model_assisted_not_ground_truth,0,0,0,0,0,0,0,0,0,0,0
14.94,91.000000000022027,99.999999999994486,50.000000000005507,0,119.00000000002754,46.000000000005507,31,214.99999999999449,11.999999999998899,789.56000000007725,SSLW,model_assisted_not_ground_truth,0,0,0,0,0,0,0,0,0,0,0
14.95,88.00000000001333,100.99999999999557,49.000000000004441,0,114.0000000000222,46.999999999995559,31,215,12.189999999999156,788.52000000000464,SSLW,model_assisted_not_ground_truth,0,0,0,0,0,0,0,0,0,0,0
14.96,86.000000000007105,106.99999999997868,49,0,104.00000000003553,47,31,215.99999999999645,12.379999999999326,785.52000000001067,SSLW,model_assisted_not_ground_truth,0,0,0,0,0,0,0,0,0,0,0
14.97,87.999999999994671,107,49,0,104,47.999999999997335,31,214.00000000000534,12.474999999999747,786.00499999999874,SSLW,model_assisted_not_ground_truth,0,0,0,0,0,0,0,0,0,0,0
14.98,88.999999999998224,105.00000000000355,49,0,104,48,31,214.99999999999824,12.569999999999832,786.4899999999991,SSLW,model_assisted_not_ground_truth,0,0,0,0,0,0,0,0,0,0,0
14.99,98.999999999991118,105,49.999999999999112,0,104.99999999999912,48,31,215.99999999999912,12.879999999999725,805.42999999998312,SSLW,model_assisted_not_ground_truth,0,0,0,0,0,0,0,0,0,0,0
15.00,104,106,48,0,97,48,31,217,13.1,811.39999999999998,SSLW,model_assisted_not_ground_truth,0,0,0,0,0,0,0,0,0,0,0
15.01,117.00000000001243,112.00000000000978,49.000000000000888,0,102.00000000000355,47.999999999999112,31,222.00000000000622,13.560000000000151,800.36000000001241,SSLW,model_assisted_not_ground_truth,0,0,0,0,0,0,0,0,0,0,0
15.02,131.00000000003376,123.00000000000533,50.000000000010658,0,106.00000000000888,47.000000000001776,31.000000000007105,229.00000000000534,13.73000000000032,814.34000000005676,SSLW,model_assisted_not_ground_truth,0,0,0,0,0,0,0,0,0,0,0
15.03,150.00000000003979,126.00000000002274,56.000000000011369,0,111.00000000000853,47.999999999997158,35.000000000002842,232.00000000001137,13.910000000000569,846.28000000000839,SSLW,model_assisted_not_ground_truth,0,0,0,0,0,0,0,0,0,0,0
15.04,163.99999999973392,133.99999999984794,59.999999999923972,0,113.99999999994299,47.000000000019007,35.999999999980993,235.99999999992397,14.110000000000429,849.23999999998307,SSLW,model_assisted_not_ground_truth,0,0,0,0,0,0,0,0,0,0,0
15.05,172.99999999983692,140.99999999987318,63.999999999927525,0,130.99999999969197,51.999999999909406,43.999999999855049,241.99999999989129,14.225000000000531,844.709999999979,SSLW,model_assisted_not_ground_truth,0,0,0,0,0,0,0,0,0,0,0
15.06,175.9999999999483,145.99999999991385,64.999999999982776,0,129.00000000003445,52.999999999982769,52.999999999844924,245.99999999993108,14.340000000001266,840.18000000002701,SSLW,model_assisted_not_ground_truth,0,0,0,0,0,0,0,0,0,0,0
15.07,178.99999999995097,157.99999999980389,75.999999999820233,0,129,57.999999999918288,60.99999999986926,246.99999999998366,14.570000000001151,845.09000000000594,SSLW,model_assisted_not_ground_truth,0,0,0,0,0,0,0,0,0,0,0
15.08,190.99999999981455,155.00000000004636,77.999999999969091,0,131.99999999995364,65.999999999876366,73.999999999799087,250.99999999993818,14.749999999997218,846.01999999998566,SSLW,model_assisted_not_ground_truth,0,0,0,0,0,0,0,0,0,0,0
15.09,192.99999999997087,159.99999999992718,82.999999999927169,0,132,65.000000000014566,83.999999999854339,251.99999999998545,14.939999999997232,852.94999999989909,SSLW,model_assisted_not_ground_truth,0,0,0,0,0,0,0,0,0,0,0
15.10,197.99999999993162,163.99999999994529,87.999999999931617,0,136.99999999993162,65,93.999999999863221,252,15.099999999997811,857.88999999993246,SSLW,model_assisted_not_ground_truth,0,0,0,0,0,0,0,0,0,0,0
15.11,196.00000000002558,161.00000000003837,88,0,143.99999999991047,68.999999999948841,95.99999999997442,250.00000000002558,15.214999999998529,850.86000000008994,SSLW,model_assisted_not_ground_truth,0,0,0,0,0,0,0,0,0,0,0
15.12,195.00000000001171,158.00000000003519,91.999999999953104,0,144,67.000000000023448,103.99999999990621,250,15.329999999998652,843.83000000008246,SSLW,model_assisted_not_ground_truth,0,0,0,0,0,0,0,0,0,0,0
15.13,189.00000000006503,152.00000000006503,85.000000000075858,0,149.99999999993497,67,95.000000000097515,243.00000000007586,15.479999999998375,849.76999999993564,SSLW,model_assisted_not_ground_truth,0,0,0,0,0,0,0,0,0,0,0
15.14,187.0000000000199,149.00000000002984,83.000000000019895,0,150,66.000000000009948,89.000000000059686,233.00000000009948,15.599999999998806,821.73000000027901,SSLW,model_assisted_not_ground_truth,0,0,0,0,0,0,0,0,0,0,0
15.15,185.50000000001359,148.00000000000907,82.000000000009067,0,149.50000000000452,64.000000000018119,89.499999999995467,229.00000000003624,15.739999999998732,824.68999999997322,SSLW,model_assisted_not_ground_truth,0,0,0,0,0,0,0,0,0,0,0
15.16,184.00000000001225,147.00000000000819,81.000000000008171,0,149.00000000000409,62.000000000016342,89.999999999995907,225.00000000003268,15.809999999999429,802.66000000017993,SSLW,model_assisted_not_ground_truth,0,0,0,0,0,0,0,0,0,0,0
15.17,172.0000000000874,128.00000000013839,75.000000000043698,0,142.00000000005099,46.000000000116529,78.000000000087397,210.00000000010925,15.829999999999854,791.65000000008013,SSLW,model_assisted_not_ground_truth,0,0,0,0,0,0,0,0,0,0,0
15.18,164.00000000005116,115.00000000008313,73.00000000001279,0,129.00000000008313,46,72.000000000038369,204.00000000003837,15.825000000000031,782.64000000005763,SSLW,model_assisted_not_ground_truth,0,0,0,0,0,0,0,0,0,0,0
15.19,158.00000000003303,109.00000000003304,70.000000000016513,0,122.00000000003854,46,70.000000000011013,192.00000000006608,15.820000000000029,773.63000000004956,SSLW,model_assisted_not_ground_truth,0,0,0,0,0,0,0,0,0,0,0
15.20,148.00000000004439,108.00000000000443,62.000000000035527,0,114.00000000003553,46,69.000000000004434,181.00000000004886,15.810000000000045,761.63000000005331,SSLW,model_assisted_not_ground_truth,0,0,0,0,0,0,0,0,0,0,0
15.21,129.0000000000675,104.00000000001421,58.000000000014211,0,107.00000000002487,46,65.000000000014211,165.00000000005684,15.829999999999929,744.6000000000605,SSLW,model_assisted_not_ground_truth,0,0,0,0,0,0,0,0,0,0,0
15.22,108.00000000005596,104.99999999999733,48.000000000026645,0,96.000000000029303,45.000000000002665,54.00000000002931,147.00000000004798,15.869999999999893,724.55000000005339,SSLW,model_assisted_not_ground_truth,0,0,0,0,0,0,0,0,0,0,0
15.23,96.000000000021316,102.00000000000533,46.000000000003553,0,76.000000000035527,45,49.000000000008882,129.00000000003197,15.800000000000125,679.54000000007989,SSLW,model_assisted_not_ground_truth,0,0,0,0,0,0,0,0,0,0,0
15.24,83.000000000011539,97.000000000004434,46.999999999999112,0,58.000000000015987,42.000000000002665,42.000000000006217,86.000000000038199,15.800000000000001,665.52000000001249,SSLW,model_assisted_not_ground_truth,0,0,0,0,0,0,0,0,0,0,0
15.25,74,76,47,0,53,38,35,32,15.775,655.51499999999999,SSLW,model_assisted_not_ground_truth,0,0,0,0,0,0,0,0,0,0,0
15.26,64.999999999988447,58.999999999992895,45.999999999999112,0,50.999999999997335,35.000000000001776,34.999999999999112,27.999999999997335,15.74999999999992,645.50999999997691,SSLW,model_assisted_not_ground_truth,0,0,0,0,0,0,0,0,0,0,0
15.27,51.999999999998224,50.999999999991118,44.999999999998224,0,47.999999999998224,37,34,24.999999999992895,15.65999999999984,619.49999999996271,SSLW,model_assisted_not_ground_truth,0,0,0,0,0,0,0,0,0,0,0
15.28,51.000000000002842,45.99999999997442,43.999999999991473,0,46.999999999997158,37,34,20.999999999997158,15.569999999999148,598.49999999986369,SSLW,model_assisted_not_ground_truth,0,0,0,0,0,0,0,0,0,0,0
15.29,51.999999999980993,37.000000000171063,41.000000000057021,0,46.000000000019007,37,34,20.000000000019007,15.269999999998843,550.52999999986957,SSLW,model_assisted_not_ground_truth,0,0,0,0,0,0,0,0,0,0,0
15.30,52,31.000000000108713,41.999999999981881,59.99999999891287,46.999999999981881,37.999999999981881,34,18.000000000036238,14.959999999998384,515.56999999985715,SSLW,model_assisted_not_ground_truth,0,0,0,0,0,0,0,0,0,0,0
15.31,52,30.000000000017231,42,2.0000000009993784,45.000000000034461,38,34.999999999982769,16.000000000034461,14.609999999999669,484.62999999995873,SSLW,model_assisted_not_ground_truth,0,0,0,0,0,0,0,0,0,0,0
15.32,52,27.000000000049027,42,57.999999999084821,46.999999999967315,38,35,16.999999999983658,14.550000000000299,477.14000000003722,SSLW,model_assisted_not_ground_truth,0,0,0,0,0,0,0,0,0,0,0
15.33,51.000000000015454,26.000000000015454,42,62.999999999922728,48.999999999969091,38,34.000000000015454,15.000000000030909,14.490000000000927,469.65000000011571,SSLW,model_assisted_not_ground_truth,0,0,0,0,0,0,0,0,0,0,0
15.34,51,26,41.000000000014566,63.999999999985434,50.999999999970868,38,34,17.999999999956302,14.320000000002477,449.66000000029118,SSLW,model_assisted_not_ground_truth,0,0,0,0,0,0,0,0,0,0,0
15.35,51,26.999999999986322,40.000000000013678,90.999999999630688,50.000000000013678,38.999999999986322,33.000000000013678,16.000000000027356,14.200000000001641,435.66000000019153,SSLW,model_assisted_not_ground_truth,0,0,0,0,0,0,0,0,0,0,0
15.36,51,25.00000000002558,42.999999999961631,91.99999999998721,50,38.00000000001279,33.99999999998721,15.00000000001279,14.209999999999873,436.65999999998724,SSLW,model_assisted_not_ground_truth,0,0,0,0,0,0,0,0,0,0,0
15.37,50.000000000011724,25.999999999988276,44.999999999976552,56.000000000422062,49.000000000011724,38,34,20.999999999929656,14.210000000000001,438.66999999997643,SSLW,model_assisted_not_ground_truth,0,0,0,0,0,0,0,0,0,0,0
15.38,45.000000000054179,26.999999999989164,45,59.999999999956657,49,38,34,22.999999999978328,14.210000000000001,438.67000000000002,SSLW,model_assisted_not_ground_truth,0,0,0,0,0,0,0,0,0,0,0
15.39,45,27,39.000000000059686,53.000000000069633,49,38,34,23.999999999990052,14.210000000000001,438.67000000000002,SSLW,model_assisted_not_ground_truth,0,0,0,0,0,0,0,0,0,0,0
15.40,44.000000000009059,25.000000000018119,40.999999999981881,54.999999999981881,49,38,31.000000000027178,24.999999999990941,14.200000000000092,437.67000000000905,SSLW,model_assisted_not_ground_truth,0,0,0,0,0,0,0,0,0,0,0
15.41,43.000000000008171,26.999999999983658,40.000000000008171,57.999999999975486,49.999999999991829,38,30.000000000008171,25.999999999991829,14.190000000000081,436.6700000000082,SSLW,model_assisted_not_ground_truth,0,0,0,0,0,0,0,0,0,0,0
15.42,43.999999999992717,27,40.999999999992717,58,50,37.000000000007283,30,26,14.160000000000219,433.67000000002184,SSLW,model_assisted_not_ground_truth,0,0,0,0,0,0,0,0,0,0,0
15.43,44,25.00000000001279,40.000000000006395,55.000000000019185,50,38.99999999998721,30,26.999999999993605,14.16,433.67000000000002,SSLW,model_assisted_not_ground_truth,0,0,0,0,0,0,0,0,0,0,0
15.44,43.000000000005507,24.000000000005507,40,55,49.000000000005507,39,30,27.999999999994493,14.150000000000055,434.67999999999444,SSLW,model_assisted_not_ground_truth,0,0,0,0,0,0,0,0,0,0,0
15.45,43,24.999999999995559,40.999999999995559,67.999999999942276,49.999999999995559,39,30,31.999999999982236,14.13000000000009,432.68000000000887,SSLW,model_assisted_not_ground_truth,0,0,0,0,0,0,0,0,0,0,0
15.46,43.999999999996447,25,40.000000000003553,69.999999999992895,50,38.000000000003553,30,53.99999999992184,14.130000000000001,432.68000000000001,SSLW,model_assisted_not_ground_truth,0,0,0,0,0,0,0,0,0,0,0
15.47,44,25.999999999997335,40,73.999999999989342,50,37.000000000002665,30,58.999999999986677,14.120000000000026,433.1799999999987,SSLW,model_assisted_not_ground_truth,0,0,0,0,0,0,0,0,0,0,0
15.48,43.000000000001776,24.000000000003553,40.999999999998224,75.999999999996447,50,37.999999999998224,29.000000000001776,65.999999999987566,14.110000000000017,433.6799999999991,SSLW,model_assisted_not_ground_truth,0,0,0,0,0,0,0,0,0,0,0
15.49,43.999999999999112,24,41.999999999999112,74.000000000001776,53.999999999996447,38,29.999999999999112,67.999999999998224,14.129999999999983,432.68000000000092,SSLW,model_assisted_not_ground_truth,0,0,0,0,0,0,0,0,0,0,0
15.50,45,25,39,79,54,37,30,73,14.09,431.68000000000001,SSLW,model_assisted_not_ground_truth,0,0,0,0,0,0,0,0,0,0,0
15.51,45,24.999999999999112,39.999999999999112,77.000000000001776,53.000000000000888,37,28.000000000000888,71.000000000000895,14.090000000000009,431.68000000000001,SSLW,model_assisted_not_ground_truth,0,0,0,0,0,0,0,0,0,0,0
15.52,45,24.000000000001776,39,79.000000000005329,54,37,29,71.999999999991118,14.100000000000017,431.68999999999818,SSLW,model_assisted_not_ground_truth,0,0,0,0,0,0,0,0,0,0,0
15.53,45.000000000002842,25,38.999999999997158,81.999999999997158,54,37.000000000002842,28.999999999963052,66.999999999994316,14.109999999999914,430.67999999999716,SSLW,model_assisted_not_ground_truth,0,0,0,0,0,0,0,0,0,0,0
15.54,45.999999999980993,25,38.000000000019007,81.000000000019014,54,37.999999999980993,16.000000000247091,65.000000000038014,14.08,429.69000000000557,SSLW,model_assisted_not_ground_truth,0,0,0,0,0,0,0,0,0,0,0
15.55,46,26.999999999963762,38,84.999999999927525,50.000000000072475,37.000000000018119,8.0000000001449507,65,14.08,431.19000000000693,SSLW,model_assisted_not_ground_truth,0,0,0,0,0,0,0,0,0,0,0
15.56,46,25.000000000034461,38.999999999982769,85,50.999999999982769,37,15.999999999862155,53.000000000206768,14.07999999999989,432.68999999998897,SSLW,model_assisted_not_ground_truth,0,0,0,0,0,0,0,0,0,0,0
15.57,46,23.000000000032685,38.000000000016342,85.999999999983658,50.000000000016342,37,8.0000000001307399,53.999999999983658,14.060000000000256,430.69000000000636,SSLW,model_assisted_not_ground_truth,0,0,0,0,0,0,0,0,0,0,0
15.58,45.000000000015454,18.000000000077272,38,84.000000000030909,50.999999999984546,37,7.0000000000154543,54.999999999984546,14.099999999999381,431.68999999998454,SSLW,model_assisted_not_ground_truth,0,0,0,0,0,0,0,0,0,0,0
15.59,43.000000000029132,19.999999999970868,39.999999999970868,84,51,37.999999999985434,7.9999999999854339,52.000000000043698,14.090000000000146,430.69000000001455,SSLW,model_assisted_not_ground_truth,0,0,0,0,0,0,0,0,0,0,0
15.60,43,20.999999999986322,40.999999999986322,82.000000000027356,51,37.000000000013678,7.0000000000136779,50.000000000027356,14.070000000000274,431.6899999999863,SSLW,model_assisted_not_ground_truth,0,0,0,0,0,0,0,0,0,0,0
15.61,42.000000000012612,21.999999999987388,41,78.000000000050449,50.000000000012612,37.999999999987388,7,40.000000000126121,14.099999999999621,431.69,SSLW,model_assisted_not_ground_truth,0,0,0,0,0,0,0,0,0,0,0
15.62,41.000000000011724,20.000000000023448,39.000000000023448,71.000000000082068,48.000000000023448,38,7.999999999988276,40.999999999988276,14.075000000000294,430.69000000001171,SSLW,model_assisted_not_ground_truth,0,0,0,0,0,0,0,0,0,0,0
15.63,39.000000000021672,20,39.999999999989164,67.000000000043343,46.000000000021672,38,8.9999999999891642,36.000000000054179,14.050000000000271,429.69000000001085,SSLW,model_assisted_not_ground_truth,0,0,0,0,0,0,0,0,0,0,0
15.64,38.000000000009948,20.999999999990052,38.000000000019895,65.000000000019895,44.000000000019895,37.000000000009948,8.0000000000099476,32.00000000003979,14.069999999999801,428.69000000000995,SSLW,model_assisted_not_ground_truth,0,0,0,0,0,0,0,0,0,0,0
15.65,38,20.000000000009059,37.000000000009059,65,45.999999999981881,37,8.9999999999909406,28.000000000036238,14.040000000000271,427.69000000000904,SSLW,model_assisted_not_ground_truth,0,0,0,0,0,0,0,0,0,0,0
15.66,38,19.000000000008171,37,64.000000000008171,46,37,8.0000000000081712,28,14.059999999999837,427.69,SSLW,model_assisted_not_ground_truth,0,0,0,0,0,0,0,0,0,0,0
15.67,37.000000000007283,20.999999999985434,37.999999999992717,66.999999999978144,46.999999999992717,37,8,27.000000000007283,14.040000000000145,427.69,SSLW,model_assisted_not_ground_truth,0,0,0,0,0,0,0,0,0,0,0
15.68,37.999999999993605,23.999999999980815,38,68.99999999998721,46.000000000006395,37,11.99999999997442,27,14.039999999999999,427.69,SSLW,model_assisted_not_ground_truth,0,0,0,0,0,0,0,0,0,0,0
15.69,38,26.99999999998348,38.999999999994493,69,46.999999999994493,32.000000000027534,27.999999999911893,39.999999999928413,14.039999999999999,428.68999999999448,SSLW,model_assisted_not_ground_truth,0,0,0,0,0,0,0,0,0,0,0
15.70,38,27,39,68.000000000004434,50.999999999982236,31.000000000004441,26.000000000008882,50.99999999995115,14.05999999999991,429.18499999999779,SSLW,model_assisted_not_ground_truth,0,0,0,0,0,0,0,0,0,0,0
15.71,37.000000000003553,29.999999999989342,39.999999999996447,68.999999999996447,69.999999999932498,31,28.999999999989342,70.999999999928946,14.079999999999929,429.67999999999824,SSLW,model_assisted_not_ground_truth,0,0,0,0,0,0,0,0,0,0,0
15.72,37.999999999997335,35.999999999984013,40,79.999999999970697,75.999999999984013,31,29,103.99999999991206,14.08,430.67999999999734,SSLW,model_assisted_not_ground_truth,0,0,0,0,0,0,0,0,0,0,0
15.73,38.999999999998224,44.999999999984013,40,109.99999999994671,79.999999999992895,35.999999999991118,28.000000000001776,123.99999999996447,14.08,430.68000000000001,SSLW,model_assisted_not_ground_truth,0,0,0,0,0,0,0,0,0,0,0
15.74,40.999999999998224,74.999999999973355,41.999999999998224,115.99999999999467,81.999999999998224,36.999999999999112,29.999999999998224,129.99999999999466,14.089999999999991,431.6799999999991,SSLW,model_assisted_not_ground_truth,0,0,0,0,0,0,0,0,0,0,0
15.75,42,83,45,125,85,38,30,148,14.1,432.68000000000001,SSLW,model_assisted_not_ground_truth,0,0,0,0,0,0,0,0,0,0,0
15.76,43.000000000001776,88.000000000007105,46.000000000000888,135.99999999999912,87,38,31,158.00000000001509,13.969999999999592,431.70000000000363,SSLW,model_assisted_not_ground_truth,0,0,0,0,0,0,0,0,0,0,0
15.77,45.000000000010658,96.000000000021316,47,135.00000000001245,87.000000000023093,38.000000000003553,31.000000000033751,175.00000000004798,13.509999999998552,435.81000000005446,SSLW,model_assisted_not_ground_truth,0,0,0,0,0,0,0,0,0,0,0
15.78,51.000000000082423,108.00000000005116,47.000000000014211,142.00000000000284,100.00000000004263,40.000000000008527,50.000000000045475,202.00000000007674,12.694999999997684,466.48000000008716,SSLW,model_assisted_not_ground_truth,0,0,0,0,0,0,0,0,0,0,0
15.79,79.999999999448789,125.99999999965787,51.999999999904965,142.99999999998099,114.9999999997149,42.999999999942979,65.999999999695888,228.99999999948682,11.879999999993622,497.15000000045592,SSLW,model_assisted_not_ground_truth,0,0,0,0,0,0,0,0,0,0,0
15.80,98.999999999655742,150.99999999954701,62.999999999800693,150.99999999985505,147.99999999940206,43.999999999981881,92.999999999510791,255.99999999951081,10.169999999996213,619.37000000028684,SSLW,model_assisted_not_ground_truth,0,0,0,0,0,0,0,0,0,0,0
15.81,111.99999999977601,168.99999999968986,82.999999999655387,155.99999999991385,173.99999999955202,44.999999999982769,117.99999999956924,246.00000000017229,9.3499999999988983,681.48000000012155,SSLW,model_assisted_not_ground_truth,0,0,0,0,0,0,0,0,0,0,0
15.82,120.99999999985292,171.99999999995097,102.99999999967315,173.99999999970584,190.99999999972218,45.999999999983658,117.00000000001634,248.99999999995097,9.1499999999988493,703.55000000012808,SSLW,model_assisted_not_ground_truth,0,0,0,0,0,0,0,0,0,0,0
15.83,115.00000000009273,177.99999999990729,109.99999999989183,189.99999999975273,207.99999999973727,46,118.99999999996909,249.99999999998454,8.9700000000027824,723.57999999969047,SSLW,model_assisted_not_ground_truth,0,0,0,0,0,0,0,0,0,0,0
15.84,112.0000000000437,178.99999999998545,123.99999999979607,202.99999999981065,222.99999999978149,46,127.9999999998689,249.00000000001455,8.8500000000017476,754.61999999954787,SSLW,model_assisted_not_ground_truth,0,0,0,0,0,0,0,0,0,0,0
15.85,113.99999999997264,179.99999999998633,147.99999999967173,222.99999999972644,232.99999999986323,46,131.99999999994529,256.99999999989058,9.0049999999978798,793.64499999946622,SSLW,model_assisted_not_ground_truth,0,0,0,0,0,0,0,0,0,0,0
15.86,127.99999999982343,180.99999999998738,147.00000000001262,225.99999999996217,233.99999999998738,47.999999999974776,136.99999999993693,257.99999999998738,9.1599999999980461,832.66999999950781,SSLW,model_assisted_not_ground_truth,0,0,0,0,0,0,0,0,0,0,0
15.87,126.00000000002345,179.00000000002345,157.99999999987102,231.99999999992966,241.99999999990621,51.999999999953104,144.99999999990621,250.00000000009379,9.2799999999985925,886.70999999936646,SSLW,model_assisted_not_ground_truth,0,0,0,0,0,0,0,0,0,0,0
15.88,124.00000000002167,178.00000000001083,162.99999999994583,228.00000000004334,239.00000000003251,56.999999999945821,141.00000000004334,240.00000000010834,9.3599999999991326,934.74999999947943,SSLW,model_assisted_not_ground_truth,0,0,0,0,0,0,0,0,0,0,0
15.89,114.00000000009948,179.9999999999801,163,228,239.99999999999005,66.999999999900524,138.00000000002984,235.00000000004974,9.4399999999992037,957.75999999977114,SSLW,model_assisted_not_ground_truth,0,0,0,0,0,0,0,0,0,0,0
15.90,109.0000000000453,180.99999999999093,161.00000000001813,235.99999999992752,240.99999999999093,74.999999999927525,138,231.00000000003624,9.479999999999638,993.78999999967357,SSLW,model_assisted_not_ground_truth,0,0,0,0,0,0,0,0,0,0,0
15.91,107.00000000001634,182.99999999998366,161.99999999999181,223.00000000010624,239.00000000001634,76.999999999983658,138.99999999999181,237.99999999994282,9.4999999999998366,1016.8099999998118,SSLW,model_assisted_not_ground_truth,0,0,0,0,0,0,0,0,0,0,0
15.92,105.00000000001457,182.00000000000728,162,223.99999999999272,238.00000000000728,63.000000000101963,131.00000000005826,238.99999999999272,9.5399999999997078,1029.8199999999051,SSLW,model_assisted_not_ground_truth,0,0,0,0,0,0,0,0,0,0,0
15.93,108.99999999997442,178.00000000002558,159.00000000001918,223.00000000000639,238,61.00000000001279,121.00000000006395,230.00000000005755,9.5849999999997131,1033.8199999999742,SSLW,model_assisted_not_ground_truth,0,0,0,0,0,0,0,0,0,0,0
15.94,112.99999999997797,174.00000000002203,159,223,236.00000000001103,52.00000000004956,121,224.00000000003303,9.6299999999997539,1037.8199999999779,SSLW,model_assisted_not_ground_truth,0,0,0,0,0,0,0,0,0,0,0
15.95,115.99999999998667,173.00000000000443,157.00000000000887,226.99999999998224,233.00000000001333,53.999999999991118,112.00000000003996,223.00000000000443,9.7599999999994225,1048.7999999999513,SSLW,model_assisted_not_ground_truth,0,0,0,0,0,0,0,0,0,0,0
15.96,112.00000000001421,172.00000000000355,148.00000000003197,229.99999999998934,229.00000000001421,53.000000000003553,104.00000000002842,223.99999999999645,9.8799999999995745,1052.7999999999856,SSLW,model_assisted_not_ground_truth,0,0,0,0,0,0,0,0,0,0,0
15.97,105.00000000001864,170.00000000000534,139.00000000002399,6.1285732044780161e-10,219.00000000002666,53,94.000000000026645,224,10.079999999999467,1048.7900000000107,SSLW,model_assisted_not_ground_truth,0,0,0,0,0,0,0,0,0,0,0
15.98,101.00000000000711,169.00000000000176,136.00000000000534,0,219,53.999999999998224,78.000000000028422,224.99999999999824,10.309999999999592,1046.7400000000036,SSLW,model_assisted_not_ground_truth,0,0,0,0,0,0,0,0,0,0,0
15.99,99.000000000001776,164.00000000000443,123.00000000001154,0,207.00000000001066,53.000000000000888,73.000000000004434,225.99999999999912,10.439999999999884,1038.2050000000077,SSLW,model_assisted_not_ground_truth,0,0,0,0,0,0,0,0,0,0,0
16.00,95,152,122,0,201,51,64,227,10.57,1029.6700000000001,SSLW,model_assisted_not_ground_truth,0,0,0,0,0,0,0,0,0,0,0
16.01,92.999999999995737,141.99999999999361,118.99999999998828,0,198.99999999999574,51.999999999998934,57.000000000002132,225.99999999999892,10.76000000000033,1024.6499999999799,SSLW,model_assisted_not_ground_truth,0,0,0,0,0,0,0,0,0,0,0
16.02,89.000000000001776,135.99999999999645,107.99999999996447,0,194.99999999998934,50.999999999998224,58.999999999984013,224.99999999999821,11.070000000000498,1005.6099999999537,SSLW,model_assisted_not_ground_truth,0,0,0,0,0,0,0,0,0,0,0
16.03,90,133.99999999999716,88,0,188.99999999998295,49.999999999994316,49.999999999985789,223.9999999999801,11.350000000000568,979.56999999996015,SSLW,model_assisted_not_ground_truth,0,0,0,0,0,0,0,0,0,0,0
16.04,90,133.00000000001918,88,0,183.00000000011511,48.000000000038369,45.000000000095923,217.00000000013429,11.550000000001031,965.54999999990389,SSLW,model_assisted_not_ground_truth,0,0,0,0,0,0,0,0,0,0,0
16.05,88.000000000036238,130.00000000005434,84.000000000072475,0,173.00000000018119,48,43.000000000036238,212.00000000009061,11.840000000000785,938.50999999995372,SSLW,model_assisted_not_ground_truth,0,0,0,0,0,0,0,0,0,0,0
16.06,88.999999999982592,126.00000000006963,81.000000000052225,0,166.00000000012187,47.000000000017408,39.000000000069633,201.00000000019151,12.010000000000586,928.47999999996,SSLW,model_assisted_not_ground_truth,0,0,0,0,0,0,0,0,0,0,0
16.07,86.000000000049027,121.00000000008171,76.000000000081712,0,150.00000000026148,47,36.000000000049027,199.00000000003268,12.119999999999454,920.97000000003743,SSLW,model_assisted_not_ground_truth,0,0,0,0,0,0,0,0,0,0,0
16.08,87.999999999969447,104.0000000002597,63.000000000198597,0,144.00000000009166,47,34.000000000030553,188.00000000016803,12.22999999999832,913.46000000011475,SSLW,model_assisted_not_ground_truth,0,0,0,0,0,0,0,0,0,0,0
16.09,87.000000000014566,100.00000000005826,60.000000000043698,0,134.00000000014566,47,34.999999999985434,176.00000000017479,12.409999999997378,900.43000000018969,SSLW,model_assisted_not_ground_truth,0,0,0,0,0,0,0,0,0,0,0
16.10,86.0000000000135,98.000000000027001,58.000000000027001,0,130.000000000054,47.9999999999865,34.0000000000135,175.0000000000135,12.58999999999757,888.39000000016256,SSLW,model_assisted_not_ground_truth,0,0,0,0,0,0,0,0,0,0,0
16.11,82.000000000051159,98.99999999998721,55.000000000038369,0,127.00000000003837,48,34,175,12.719999999998338,885.37000000003866,SSLW,model_assisted_not_ground_truth,0,0,0,0,0,0,0,0,0,0,0
16.12,83.999999999976552,97.000000000023448,53.000000000023448,0,119.00000000009379,46.000000000023448,34.999999999988276,173.00000000002345,12.819999999998828,882.35000000003538,SSLW,model_assisted_not_ground_truth,0,0,0,0,0,0,0,0,0,0,0
16.13,84.999999999988987,92.000000000055067,51.000000000022027,0,118.00000000001101,47.999999999977973,34.000000000011013,175.99999999996697,12.879999999999338,882.34500000000003,SSLW,model_assisted_not_ground_truth,0,0,0,0,0,0,0,0,0,0,0
16.14,85.999999999990052,91.000000000009948,51.999999999990052,0,106.00000000011937,48,34.999999999990052,180.99999999995026,12.939999999999403,882.34000000000003,SSLW,model_assisted_not_ground_truth,0,0,0,0,0,0,0,0,0,0,0
16.15,86,90.000000000009237,51.000000000009237,0,104.00000000001847,47.000000000009237,30.000000000046185,177.00000000003695,13.079999999998707,882.31000000000017,SSLW,model_assisted_not_ground_truth,0,0,0,0,0,0,0,0,0,0,0
16.16,86.999999999991829,89.000000000008171,50.000000000008171,0,101.00000000002451,47,30.999999999991829,179.9999999999755,13.209999999998939,879.3100000000245,SSLW,model_assisted_not_ground_truth,0,0,0,0,0,0,0,0,0,0,0
16.17,87,90.499999999989342,49.000000000007105,0,100.50000000000355,47,31,180.99999999999289,13.20000000000007,880.31999999999289,SSLW,model_assisted_not_ground_truth,0,0,0,0,0,0,0,0,0,0,0
16.18,87,91.999999999990408,48.000000000006395,0,100.0000000000032,47,31,181.99999999999361,13.279999999999488,884.30999999997448,SSLW,model_assisted_not_ground_truth,0,0,0,0,0,0,0,0,0,0,0
16.19,95.999999999952038,96.999999999973355,48.999999999994671,0,101.99999999998934,47,31,187.99999999996803,13.36999999999952,887.28999999998405,SSLW,model_assisted_not_ground_truth,0,0,0,0,0,0,0,0,0,0,0
16.20,103.99999999996305,99.999999999986144,48.000000000004619,0,100.00000000000924,47.999999999995381,31.999999999995381,190.99999999998613,13.649999999998707,872.2900000000692,SSLW,model_assisted_not_ground_truth,0,0,0,0,0,0,0,0,0,0,0
16.21,108.99999999998224,101.99999999999289,51.999999999985789,0,105.99999999997868,48,33.999999999992895,192.99999999999289,13.684999999999876,876.28499999998576,SSLW,model_assisted_not_ground_truth,0,0,0,0,0,0,0,0,0,0,0
16.22,116.99999999997726,111.99999999997158,52,0,108.99999999999147,47.000000000002842,34.999999999997158,198.99999999998295,13.719999999999901,880.2799999999886,SSLW,model_assisted_not_ground_truth,0,0,0,0,0,0,0,0,0,0,0
16.23,136.99999999996447,117.99999999998934,60.999999999984013,0,124.99999999997158,47,35.999999999998224,205.99999999998755,13.789999999999875,905.26999999995564,SSLW,model_assisted_not_ground_truth,0,0,0,0,0,0,0,0,0,0,0
16.24,152.99999999998863,125.99999999999432,63.999999999997868,0,134.99999999999289,47.999999999999289,41.999999999995737,211.99999999999574,13.849999999999957,914.26999999999362,SSLW,model_assisted_not_ground_truth,0,0,0,0,0,0,0,0,0,0,0
16.25,171,140,69,0,136,48,44,213,13.9,917.25999999999999,SSLW,model_assisted_not_ground_truth,0,0,0,0,0,0,0,0,0,0,0
16.26,174.00000000001174,153.00000000000853,76.000000000002132,0,137.00000000000426,49.000000000013856,56.000000000006395,223.00000000000213,14.000000000000096,921.2400000000074,SSLW,model_assisted_not_ground_truth,0,0,0,0,0,0,0,0,0,0,0
16.27,184.99999999999645,161.00000000001066,78.000000000008882,0,141.00000000000534,62.000000000003553,62.000000000003553,225.00000000000355,14.090000000000115,928.22000000000173,SSLW,model_assisted_not_ground_truth,0,0,0,0,0,0,0,0,0,0,0
16.28,183.00000000002842,167.00000000001137,83.000000000017053,0,144.00000000001421,64.000000000022737,64.000000000019895,227.00000000000284,14.155000000000186,929.20000000000277,SSLW,model_assisted_not_ground_truth,0,0,0,0,0,0,0,0,0,0,0
16.29,192.99999999980815,170.99999999992326,88.999999999884892,0,148.99999999990408,71.999999999846523,70.999999999865707,227.99999999998082,14.220000000000534,930.17999999997846,GT,model_assisted_not_ground_truth,0,0,0,0,0,0,0,0,0,0,0
16.30,195.99999999994566,171.99999999998187,96.999999999855049,0,150.99999999996376,66.000000000108713,78.999999999855049,228.99999999998187,14.370000000000831,924.11999999998568,GT,model_assisted_not_ground_truth,0,0,0,0,0,0,0,0,0,0,0
16.31,199.99999999993037,173.99999999996518,97.999999999982592,0,147.00000000006963,75.999999999825917,88.999999999825917,230.99999999996518,14.55000000000096,921.02000000002636,GT,model_assisted_not_ground_truth,0,0,0,0,0,0,0,0,0,0,0
16.32,200.99999999998366,176.99999999995097,100.99999999995097,0,151.99999999991829,79.99999999993463,95.999999999885603,230.00000000001634,14.73000000000096,925.95999999994228,GT,model_assisted_not_ground_truth,0,0,0,0,0,0,0,0,0,0,0
16.33,202.99999999996945,179.99999999995418,105.99999999992362,0,158.99999999989308,84.999999999923617,101.99999999990834,230,14.879999999997709,916.92000000013809,GT,model_assisted_not_ground_truth,0,0,0,0,0,0,0,0,0,0,0
16.34,201.00000000002913,181.99999999997087,109.99999999994174,0,159.99999999998545,85.999999999985434,112.99999999983977,230,14.964999999998764,916.89500000000032,GT,model_assisted_not_ground_truth,0,0,0,0,0,0,0,0,0,0,0
16.35,205.9999999999325,182,108.000000000027,0,163.999999999946,86,113,230.9999999999865,15.049999999998853,916.87000000000035,GT,model_assisted_not_ground_truth,0,0,0,0,0,0,0,0,0,0,0
16.36,205.00000000001279,182.99999999998721,107.00000000001279,0,159.00000000006395,86,115.99999999996163,230.00000000001279,15.189999999998209,911.82000000006462,GT,model_assisted_not_ground_truth,0,0,0,0,0,0,0,0,0,0,0
16.37,205.99999999998829,183,108.99999999997655,0,161.99999999996481,84.000000000023448,117.99999999997655,228.00000000002345,15.54999999999578,932.77999999975418,GT,model_assisted_not_ground_truth,0,0,0,0,0,0,0,0,0,0,0
16.38,204.00000000002203,182.00000000001103,107.00000000002203,0,161.00000000001103,84,114.00000000004405,226.00000000002203,15.649999999998899,929.73000000003356,GT,model_assisted_not_ground_truth,0,0,0,0,0,0,0,0,0,0,0
16.39,203.00000000000995,179.00000000002984,105.0000000000199,0,162.9999999999801,81.000000000029843,114,226.99999999999005,15.799999999998509,924.6800000000502,GT,model_assisted_not_ground_truth,0,0,0,0,0,0,0,0,0,0,0
16.40,205.99999999997229,178.00000000000924,105,0,162.00000000000924,81.999999999990763,115.99999999998153,226.00000000000924,15.999999999998153,895.65000000026816,GT,model_assisted_not_ground_truth,0,0,0,0,0,0,0,0,0,0,0
16.41,208.9999999999755,176.00000000001634,104.00000000000817,0,162.99999999999181,84.999999999975486,116,223.0000000000245,16.049999999999592,873.63000000017996,GT,model_assisted_not_ground_truth,0,0,0,0,0,0,0,0,0,0,0
16.42,209.99999999999289,176,106.99999999997868,0,165.99999999997868,87.999999999978684,129.99999999990052,224.99999999998579,16.119999999999504,860.62000000009243,GT,model_assisted_not_ground_truth,0,0,0,0,0,0,0,0,0,0,0
16.43,211.99999999998721,175.00000000000639,116.99999999993605,0,170.99999999996803,91.99999999997442,130,221.00000000002558,16.189999999999554,847.61000000008323,GT,model_assisted_not_ground_truth,0,0,0,0,0,0,0,0,0,0,0
16.44,215.99999999997868,175,117.99999999999467,0,174.99999999997868,93.999999999989342,130.99999999999466,221,16.209999999999894,830.59000000009075,GT,model_assisted_not_ground_truth,0,0,0,0,0,0,0,0,0,0,0
16.45,215.0000000000046,174.0000000000046,121.99999999998153,0,174.0000000000046,93.000000000004619,127.00000000001847,222.99999999999076,16.229999999999908,823.58000000003244,GT,model_assisted_not_ground_truth,0,0,0,0,0,0,0,0,0,0,0
16.46,214.00000000000355,171.00000000001066,118.00000000001421,0,171.00000000001066,90.000000000010658,124.00000000001066,219.00000000001421,16.249999999999929,818.5700000000179,GT,model_assisted_not_ground_truth,0,0,0,0,0,0,0,0,0,0,0
16.47,205.00000000002558,166.00000000001421,118,0,168.00000000000853,75.000000000042633,124,210.00000000002558,16.210000000000115,791.56000000007668,GT,model_assisted_not_ground_truth,0,0,0,0,0,0,0,0,0,0,0
16.48,189.00000000002842,151.00000000002666,99.000000000033751,0,162.00000000001066,66.000000000015987,111.00000000002309,204.00000000001066,15.950000000000461,751.53000000007114,GT,model_assisted_not_ground_truth,0,0,0,0,0,0,0,0,0,0,0
16.49,172.00000000001208,139.00000000000853,81.00000000001279,0,158.00000000000284,48.00000000001279,98.000000000009237,169.00000000002487,15.945000000000004,745.02500000000464,GT,model_assisted_not_ground_truth,0,0,0,0,0,0,0,0,0,0,0
16.50,160,121,70,0,131,47,74,140,15.94,738.51999999999998,GT,model_assisted_not_ground_truth,0,0,0,0,0,0,0,0,0,0,0
16.51,138.999999999984,113.99999999998721,55.999999999996803,0,110.99999999996909,46.999999999997868,66.999999999980815,101.99999999997549,15.899999999999968,717.50999999998078,GT,model_assisted_not_ground_truth,0,0,0,0,0,0,0,0,0,0,0
16.52,123.99999999996092,101.99999999999467,52.999999999994671,0,81.999999999959144,45,48.999999999982236,78.999999999946709,15.86999999999991,699.49999999996089,GT,model_assisted_not_ground_truth,0,0,0,0,0,0,0,0,0,0,0
16.53,101.99999999996305,98.999999999923261,49.999999999994316,0,58.999999999991473,44.999999999991473,38.999999999980105,48.999999999985789,15.819999999999744,677.48999999988064,GT,model_assisted_not_ground_truth,0,0,0,0,0,0,0,0,0,0,0
16.54,89.000000000249401,72.000000000517986,48.000000000038369,0,56.000000000057554,42.000000000057554,32.000000000134293,44.000000000095923,15.729999999999468,635.49999999988631,GT,model_assisted_not_ground_truth,0,0,0,0,0,0,0,0,0,0,0
16.55,85.000000000072475,68.000000000072475,48,0,57.999999999963762,39.000000000054357,32,30.000000000253664,15.579999999999307,603.50999999987073,GT,model_assisted_not_ground_truth,0,0,0,0,0,0,0,0,0,0,0
16.56,83.000000000034817,58.000000000174083,46.000000000034817,0,58,38.000000000017408,32,30.999999999982592,15.42999999999952,575.5199999999387,GT,model_assisted_not_ground_truth,0,0,0,0,0,0,0,0,0,0,0
16.57,80.000000000049027,55.000000000049027,46.999999999983658,1.999999999967315,60.999999999950973,38,32,28.000000000049027,15.340000000000447,564.03000000005716,GT,model_assisted_not_ground_truth,0,0,0,0,0,0,0,0,0,0,0
16.58,78.000000000030553,42.000000000198597,45.000000000030553,133.99999999798348,61.999999999984723,38,32,25.00000000004583,15.250000000001375,552.5400000001755,GT,model_assisted_not_ground_truth,0,0,0,0,0,0,0,0,0,0,0
16.59,76.000000000029132,40.000000000029132,45.999999999985434,134.99999999998545,81.999999999708677,37.000000000014566,32,24.000000000014566,15.010000000003496,520.57000000046571,GT,model_assisted_not_ground_truth,0,0,0,0,0,0,0,0,0,0,0
16.60,74.000000000027001,37.000000000040501,46,135,84.999999999959499,38.999999999972999,30.000000000027001,24,14.77000000000324,493.59000000036423,GT,model_assisted_not_ground_truth,0,0,0,0,0,0,0,0,0,0,0
16.61,73.00000000001279,36.00000000001279,44.00000000002558,143.99999999988489,108.99999999969305,37.00000000002558,30.99999999998721,22.00000000002558,14.620000000001918,473.6200000002554,GT,model_assisted_not_ground_truth,0,0,0,0,0,0,0,0,0,0,0
16.62,70.000000000035172,32.000000000046896,44.999999999988276,143.00000000001171,160.99999999939035,37,31,25.999999999953104,14.470000000001759,458.64000000017563,GT,model_assisted_not_ground_truth,0,0,0,0,0,0,0,0,0,0,0
16.63,67.00000000003304,32.999999999988987,45.999999999988987,138.00000000005508,180.99999999977973,37.999999999988987,31,26,14.43000000000044,454.14500000004949,GT,model_assisted_not_ground_truth,0,0,0,0,0,0,0,0,0,0,0
16.64,67,33.999999999990052,45.000000000009948,131.00000000006963,195.99999999985079,38,31,26,14.390000000000398,449.65000000004471,GT,model_assisted_not_ground_truth,0,0,0,0,0,0,0,0,0,0,0
16.65,66.500000000004619,34.999999999990763,45.499999999995381,126.00000000004619,200.49999999995845,38,31.499999999995381,26.499999999995381,14.290000000000923,440.65000000008308,GT,model_assisted_not_ground_truth,0,0,0,0,0,0,0,0,0,0,0
16.66,66.000000000004093,35.999999999991829,45.999999999995914,121.00000000004086,204.99999999996322,38,31.999999999995914,26.999999999995914,14.260000000000245,433.65000000005716,GT,model_assisted_not_ground_truth,0,0,0,0,0,0,0,0,0,0,0
16.67,51.000000000106581,36,45.000000000007105,107.00000000009948,205,38,32,27,14.220000000000285,431.65000000001419,GT,model_assisted_not_ground_truth,0,0,0,0,0,0,0,0,0,0,0
16.68,50.000000000006395,33.000000000019185,42.000000000019185,94.000000000083134,190.00000000009592,38,30.00000000001279,27,14.239999999999872,434.64999999998076,GT,model_assisted_not_ground_truth,0,0,0,0,0,0,0,0,0,0,0
16.69,47.000000000015987,32.000000000005329,43.999999999989342,91.000000000015987,178.00000000006395,38,31.999999999989342,27.999999999994671,14.230000000000054,433.65000000000532,GT,model_assisted_not_ground_truth,0,0,0,0,0,0,0,0,0,0,0
16.70,44.000000000013856,32,43.000000000004619,83.000000000036948,162.0000000000739,38,32,29.999999999990763,14.23,432.65000000000458,GT,model_assisted_not_ground_truth,0,0,0,0,0,0,0,0,0,0,0
16.71,44,32,42.000000000003553,88.999999999978684,147.00000000005329,37.000000000003553,31.000000000003553,33.999999999985789,14.210000000000072,430.65000000000708,GT,model_assisted_not_ground_truth,0,0,0,0,0,0,0,0,0,0,0
16.72,44,31.000000000002842,42.999999999997158,84.000000000014211,146.00000000000284,37.999999999997158,31.999999999997158,44.999999999968736,14.190000000000056,428.65000000000566,GT,model_assisted_not_ground_truth,0,0,0,0,0,0,0,0,0,0,0
16.73,43.000000000001776,31,42.000000000001776,84.999999999998224,139.00000000001245,37.000000000001776,31.000000000001776,47.999999999994671,14.150000000000071,426.66000000000355,GT,model_assisted_not_ground_truth,0,0,0,0,0,0,0,0,0,0,0
16.74,43,31.999999999999289,40.000000000001421,81.000000000002842,126.00000000000924,37.999999999999289,31,56.999999999993605,14.130000000000015,429.66999999999786,GT,model_assisted_not_ground_truth,0,0,0,0,0,0,0,0,0,0,0
16.75,44,32,40,73,121,37,31,60,14.119999999999999,428.67000000000002,GT,model_assisted_not_ground_truth,0,0,0,0,0,0,0,0,0,0,0
16.76,43,33,40.000000000001066,73.000000000005329,124.00000000000107,37.000000000002132,30,60.000000000005329,14.119999999999967,425.66999999999894,GT,model_assisted_not_ground_truth,0,0,0,0,0,0,0,0,0,0,0
16.77,43.000000000001776,33,40.999999999996447,77.999999999998224,125.00000000000178,38.999999999996447,30.000000000001776,65,14.089999999999893,424.67999999999824,GT,model_assisted_not_ground_truth,0,0,0,0,0,0,0,0,0,0,0
16.78,44,32.999999999994316,39.000000000002842,76.999999999991473,126.00000000001137,37,30.999999999997158,64.999999999997158,14.029999999999999,423.69000000000284,GT,model_assisted_not_ground_truth,0,0,0,0,0,0,0,0,0,0,0
16.79,44,31.000000000038369,39.999999999980815,74.000000000057554,129.99999999992326,37,30.000000000019185,64.000000000019185,14.029999999999999,424.69500000000357,GT,model_assisted_not_ground_truth,0,0,0,0,0,0,0,0,0,0,0
16.80,44,31,40,74,126.00000000007248,37.999999999981881,30,66.999999999945643,14.029999999999999,425.69999999998606,GT,model_assisted_not_ground_truth,0,0,0,0,0,0,0,0,0,0,0
16.81,44,28.000000000052225,40,74.999999999982592,122.00000000006963,37.000000000017408,30,68.999999999965183,14.029999999999893,422.68999999998931,GT,model_assisted_not_ground_truth,0,0,0,0,0,0,0,0,0,0,0
16.82,44,28.999999999983658,40,71.00000000006537,116.00000000009805,37,30,68.000000000016342,14.009999999999872,420.69000000002563,GT,model_assisted_not_ground_truth,0,0,0,0,0,0,0,0,0,0,0
16.83,44,29.999999999984723,40.999999999984723,61.000000000152767,104.00000000018332,37.999999999984723,28.000000000030553,70.99999999995417,13.990000000000306,424.69999999993871,GT,model_assisted_not_ground_truth,0,0,0,0,0,0,0,0,0,0,0
16.84,44,30,41,62.999999999970868,94.000000000145661,37.000000000014566,28.999999999985434,71,13.940000000000728,417.71000000010179,GT,model_assisted_not_ground_truth,0,0,0,0,0,0,0,0,0,0,0
16.85,44.9999999999865,28.000000000027001,40.0000000000135,61.000000000027001,90.000000000054001,36.0000000000135,28.0000000000135,67.000000000054001,13.949999999999864,419.70999999997298,GT,model_assisted_not_ground_truth,0,0,0,0,0,0,0,0,0,0,0
16.86,44.00000000001279,28,39.00000000001279,58.000000000038369,83.000000000089528,36.99999999998721,28.99999999998721,61.000000000076739,13.940000000000127,418.21000000001914,GT,model_assisted_not_ground_truth,0,0,0,0,0,0,0,0,0,0,0
16.87,44,28,39,58.999999999988276,67.000000000187583,36.000000000011724,10.000000000222755,59.000000000023448,13.930000000000117,416.71000000001754,GT,model_assisted_not_ground_truth,0,0,0,0,0,0,0,0,0,0,0
16.88,44,29.999999999977973,39.999999999988987,59,55.000000000132161,36,15.99999999993392,59,13.900000000000331,415.72000000001094,GT,model_assisted_not_ground_truth,0,0,0,0,0,0,0,0,0,0,0
16.89,43.000000000009948,29.000000000009948,39.000000000009948,63.999999999950262,53.000000000019895,36,9.0000000000696332,57.000000000019895,13.929999999999701,418.71999999997018,GT,model_assisted_not_ground_truth,0,0,0,0,0,0,0,0,0,0,0
16.90,44.999999999981526,27.000000000018474,39,59.000000000046185,53,36.999999999990763,9,52.000000000046185,13.850000000000739,410.72000000007392,GT,model_assisted_not_ground_truth,0,0,0,0,0,0,0,0,0,0,0
16.91,44.000000000008171,26.000000000008171,39,58.000000000008171,52.000000000008171,37,9,48.000000000032685,13.85,411.70999999999191,GT,model_assisted_not_ground_truth,0,0,0,0,0,0,0,0,0,0,0
16.92,44,28.999999999978684,38.000000000007105,55.000000000021316,52,37,9,44.000000000028422,13.840000000000071,409.72000000001418,GT,model_assisted_not_ground_truth,0,0,0,0,0,0,0,0,0,0,0
16.93,44,29,38,56.99999999998721,51.000000000006395,37,9,44,13.830000000000064,409.72000000000003,GT,model_assisted_not_ground_truth,0,0,0,0,0,0,0,0,0,0,0
16.94,43.000000000005329,29,38,54.000000000015987,51,37.999999999994671,11.999999999984013,46.999999999984013,13.854999999999867,409.71000000000004,GT,model_assisted_not_ground_truth,0,0,0,0,0,0,0,0,0,0,0
16.95,43,28.000000000004619,38,53.000000000004619,51,37.000000000004619,14.999999999986144,52.999999999972289,13.879999999999885,409.70000000000005,GT,model_assisted_not_ground_truth,0,0,0,0,0,0,0,0,0,0,0
16.96,43,26.000000000007105,38.999999999996447,53.999999999996447,51,37.999999999996447,28.999999999950262,53.999999999996447,13.86000000000007,407.70000000000709,GT,model_assisted_not_ground_truth,0,0,0,0,0,0,0,0,0,0,0
16.97,43,23.000000000008527,39,58.999999999985789,51.999999999997158,37.000000000002842,29,56.999999999991473,13.889999999999915,410.69999999999146,GT,model_assisted_not_ground_truth,0,0,0,0,0,0,0,0,0,0,0
16.98,42.000000000001776,24.999999999996447,39.999999999998224,60.999999999996447,52,37.999999999998224,28.000000000001776,68.999999999978684,13.870000000000035,410.70999999999998,GT,model_assisted_not_ground_truth,0,0,0,0,0,0,0,0,0,0,0
16.99,42,25.999999999999289,40,60.000000000000711,53.999999999998579,38,28.999999999999289,74.999999999995737,13.80000000000005,412.71999999999861,GT,model_assisted_not_ground_truth,0,0,0,0,0,0,0,0,0,0,0
17.00,42,35,41,60,63,38,29,85,13.73,414.75,GT,model_assisted_not_ground_truth,0,0,0,0,0,0,0,0,0,0,0
17.01,41.000000000001066,35.000000000011724,41.000000000002132,70.000000000006395,74.000000000005329,37.000000000002132,29.000000000003197,93.999999999996803,13.659999999999968,414.77000000000265,GT,model_assisted_not_ground_truth,0,0,0,0,0,0,0,0,0,0,0
17.02,42,46.000000000008882,42.999999999998224,76.000000000014211,79.000000000008882,39,32.000000000001776,91.000000000007105,13.629999999999946,417.28500000000446,GT,model_assisted_not_ground_truth,0,0,0,0,0,0,0,0,0,0,0
17.03,42.000000000002842,51.000000000005684,42,84.000000000008527,84.000000000017053,39,33.000000000002842,95.000000000017053,13.599999999999801,419.80000000001434,GT,model_assisted_not_ground_truth,0,0,0,0,0,0,0,0,0,0,0
17.04,42.999999999980815,52.999999999961631,42,86.999999999942446,89.999999999884892,39,33.999999999980815,100.99999999988489,13.529999999999005,424.84000000003584,GT,model_assisted_not_ground_truth,0,0,0,0,0,0,0,0,0,0,0
17.05,43.999999999981881,54.999999999963762,42.999999999981881,90.999999999927525,97.999999999855049,39,34,109.99999999983693,13.249999999999584,434.93000000003263,GT,model_assisted_not_ground_truth,0,0,0,0,0,0,0,0,0,0,0
17.06,44,58.999999999930367,44.999999999965183,93.999999999947775,106.99999999984333,39,34.999999999982592,104.00000000010445,13.159999999999147,441.99000000004293,GT,model_assisted_not_ground_truth,0,0,0,0,0,0,0,0,0,0,0
17.07,44.999999999983658,59,44.000000000016342,110.99999999972218,110.99999999993463,38.000000000016342,36.999999999967315,101.00000000004903,12.999999999998401,450.04000000008642,GT,model_assisted_not_ground_truth,0,0,0,0,0,0,0,0,0,0,0
17.08,44.000000000015277,62.999999999938893,44,123.9999999998014,117.99999999989306,38.999999999984723,37.999999999984723,94.000000000106937,12.750000000000977,463.5499999999472,GT,model_assisted_not_ground_truth,0,0,0,0,0,0,0,0,0,0,0
17.09,44.999999999985434,63.999999999985434,44,135.99999999982521,118,41.999999999956302,39.999999999970868,90.000000000058265,12.500000000003642,477.05999999980321,GT,model_assisted_not_ground_truth,0,0,0,0,0,0,0,0,0,0,0
17.10,45,67.999999999945999,44,135.0000000000135,122.9999999999325,43.999999999972999,40,93.999999999945999,12.450000000000674,483.0799999999187,GT,model_assisted_not_ground_truth,0,0,0,0,0,0,0,0,0,0,0
17.11,45,68.99999999998721,44,121.00000000017906,123,44,40,91.000000000038369,12.300000000001919,492.09999999988463,GT,model_assisted_not_ground_truth,0,0,0,0,0,0,0,0,0,0,0
17.12,45,69.999999999988276,45.999999999976552,122.99999999997655,124.99999999997655,44,39.000000000011724,99.999999999894484,12.180000000001407,500.11999999990599,GT,model_assisted_not_ground_truth,0,0,0,0,0,0,0,0,0,0,0
17.13,45,70,44.000000000022027,119.00000000004405,125.99999999998899,44.999999999988987,39.999999999988987,100,12.020000000001762,506.13999999993371,GT,model_assisted_not_ground_truth,0,0,0,0,0,0,0,0,0,0,0
17.14,44.000000000009948,70,46.999999999970157,123.99999999995026,128.99999999997016,45,38.000000000019895,98.000000000019895,11.790000000002287,519.17999999987023,GT,model_assisted_not_ground_truth,0,0,0,0,0,0,0,0,0,0,0
17.15,44.999999999991118,71.999999999982236,48.999999999982236,120.00000000003553,133.99999999995561,45,38.999999999991118,99.999999999982236,11.54000000000222,534.19999999986669,GT,model_assisted_not_ground_truth,0,0,0,0,0,0,0,0,0,0,0
17.16,45,76.999999999959144,50.999999999983658,117.00000000002451,136.9999999999755,45,39.999999999991829,111.99999999990195,11.405000000001102,542.22499999993443,GT,model_assisted_not_ground_truth,0,0,0,0,0,0,0,0,0,0,0
17.17,44.000000000007105,87.99999999992184,53.999999999978684,135.999999999865,139.99999999997868,45,43.999999999971578,115.99999999997158,11.270000000000959,550.24999999994293,GT,model_assisted_not_ground_truth,0,0,0,0,0,0,0,0,0,0,0
17.18,44.999999999993605,82.000000000038369,58.999999999968026,139.99999999997442,145.99999999996163,45,44.999999999993605,126.99999999992966,10.930000000002174,567.27999999989106,GT,model_assisted_not_ground_truth,0,0,0,0,0,0,0,0,0,0,0
17.19,45,97.999999999914735,64.999999999968026,152.99999999993071,150.99999999997334,45.999999999994671,46.999999999989342,129.99999999998403,10.550000000002026,589.32999999988249,GT,model_assisted_not_ground_truth,0,0,0,0,0,0,0,0,0,0,0
17.20,45.999999999995381,100.99999999998614,67.999999999986144,146.00000000003234,151,46,50.999999999981526,134.99999999997692,10.34000000000097,600.34999999994909,GT,model_assisted_not_ground_truth,0,0,0,0,0,0,0,0,0,0,0
17.21,46,101,68.999999999996447,144.00000000000711,151.99999999999645,46,51.999999999996447,138.99999999998579,10.200000000000497,601.38999999999623,GT,model_assisted_not_ground_truth,0,0,0,0,0,0,0,0,0,0,0
17.22,46,105.99999999998579,71.999999999991473,136.00000000002274,156.99999999998579,45.000000000002842,52.999999999997158,139,10.000000000000568,605.40999999998849,GT,model_assisted_not_ground_truth,0,0,0,0,0,0,0,0,0,0,0
17.23,46.999999999998224,109.99999999999289,72.999999999998224,138.99999999999466,157.99999999999824,45,53,141.99999999999466,9.9050000000001681,610.42499999999109,GT,model_assisted_not_ground_truth,0,0,0,0,0,0,0,0,0,0,0
17.24,47,110.99999999999929,73.999999999999289,139.99999999999929,158,44.000000000000711,54.999999999998579,143.99999999999858,9.810000000000068,615.43999999999653,GT,model_assisted_not_ground_truth,0,0,0,0,0,0,0,0,0,0,0
17.25,50,110,74,142,159,45,55,151,9.6500000000000004,621.44000000000005,GT,model_assisted_not_ground_truth,0,0,0,0,0,0,0,0,0,0,0
17.26,61.000000000002132,111.00000000000107,75.999999999998934,140.99999999999787,155,44.999999999998934,53.000000000001066,152.00000000000213,9.569999999999947,626.44000000000858,GT,model_assisted_not_ground_truth,0,0,0,0,0,0,0,0,0,0,0
17.27,63.000000000010658,112,75.000000000001776,139.00000000000355,154.99999999999821,44.000000000001776,53.999999999998224,153.99999999999821,9.5199999999999818,634.45000000001778,GT,model_assisted_not_ground_truth,0,0,0,0,0,0,0,0,0,0,0
17.28,69.000000000002842,112.00000000001137,76,141.00000000000284,154,44.999999999997158,52.999999999991473,153.00000000000853,9.5100000000000566,644.46000000000572,GT,model_assisted_not_ground_truth,0,0,0,0,0,0,0,0,0,0,0
17.29,69.999999999980815,115.99999999992326,76,141.99999999998082,154,44.000000000019185,50.000000000057554,155.99999999994245,9.5300000000000349,646.4700000000214,GT,model_assisted_not_ground_truth,0,0,0,0,0,0,0,0,0,0,0
17.30,70.999999999981881,115.00000000001812,76.999999999981881,143.99999999996376,154.99999999998187,44,49.000000000018119,156.99999999998187,9.5400000000000915,652.47000000000469,GT,model_assisted_not_ground_truth,0,0,0,0,0,0,0,0,0,0,0
17.31,71.999999999982592,115.99999999998259,76.000000000017408,145.99999999996518,152.00000000005224,44.999999999982592,48.000000000017408,160.99999999993037,9.5600000000000005,653.47000000001071,GT,model_assisted_not_ground_truth,0,0,0,0,0,0,0,0,0,0,0
17.32,71.000000000016342,115.00000000001634,77.999999999967315,144.00000000003268,151.00000000001634,45.999999999983658,48,161,9.5600000000000005,655.46499999999014,GT,model_assisted_not_ground_truth,0,0,0,0,0,0,0,0,0,0,0
17.33,71,114.00000000001528,76.000000000030553,144.99999999998471,146.0000000000764,45.000000000015277,48,162.99999999996945,9.5600000000000005,657.45999999996957,GT,model_assisted_not_ground_truth,0,0,0,0,0,0,0,0,0,0,0
17.34,71,114.99999999998543,74.000000000029132,145,146,45.999999999985434,45.000000000043698,163.99999999998545,9.5600000000000005,660.46999999995614,GT,model_assisted_not_ground_truth,0,0,0,0,0,0,0,0,0,0,0
17.35,74.999999999945999,115.9999999999865,74,144.0000000000135,145.0000000000135,45.0000000000135,43.000000000027001,166.9999999999595,9.5799999999997301,662.46999999997297,GT,model_assisted_not_ground_truth,0,0,0,0,0,0,0,0,0,0,0
17.36,75.99999999998721,116,72.00000000002558,143.00000000001279,144.00000000001279,45.99999999998721,42.00000000001279,164.00000000003837,9.589999999999872,663.46999999998729,GT,model_assisted_not_ground_truth,0,0,0,0,0,0,0,0,0,0,0
17.37,76,115.00000000001172,72,142.00000000001171,139.00000000005861,46,41.000000000011724,164,9.609999999999765,666.4699999999649,GT,model_assisted_not_ground_truth,0,0,0,0,0,0,0,0,0,0,0
17.38,75.000000000011013,115.99999999998899,69.00000000003304,139.00000000003303,139,46,39.000000000022027,166.99999999996697,9.6699999999993391,666.47000000000003,GT,model_assisted_not_ground_truth,0,0,0,0,0,0,0,0,0,0,0
17.39,75,116,65.00000000003979,139,138.00000000000995,46,38.000000000009948,166.00000000000995,9.6949999999997516,667.96999999998513,GT,model_assisted_not_ground_truth,0,0,0,0,0,0,0,0,0,0,0
17.40,72.000000000026645,116,65,139,137.00000000000887,46,37.000000000008882,167.99999999998224,9.7199999999997786,669.46999999998673,GT,model_assisted_not_ground_truth,0,0,0,0,0,0,0,0,0,0,0
17.41,72,115.00000000000817,62.000000000024514,137.00000000001634,136.00000000000819,46,37,168.99999999999181,9.9999999999977121,690.46999999982847,GT,model_assisted_not_ground_truth,0,0,0,0,0,0,0,0,0,0,0
17.42,65.000000000049738,113.00000000001421,60.000000000014211,136.00000000000711,135.00000000000711,46,37,169,10.159999999998863,689.47000000000708,GT,model_assisted_not_ground_truth,0,0,0,0,0,0,0,0,0,0,0
17.43,65.999999999993605,111.00000000001279,58.00000000001279,133.00000000001918,134.00000000000639,46,34.000000000019185,170.99999999998721,10.269999999999296,688.48000000000638,GT,model_assisted_not_ground_truth,0,0,0,0,0,0,0,0,0,0,0
17.44,66,108.00000000001599,58,130.00000000001597,133.00000000000534,45.000000000005329,31.000000000015987,170.00000000000534,10.35999999999952,691.46999999998411,GT,model_assisted_not_ground_truth,0,0,0,0,0,0,0,0,0,0,0
17.45,66,106.00000000000924,55.000000000013856,126.00000000001847,133,45,31,170,10.429999999999676,690.4600000000047,GT,model_assisted_not_ground_truth,0,0,0,0,0,0,0,0,0,0,0
17.46,52.000000000049738,105.00000000000355,54.000000000003553,124.00000000000711,133,45,30.000000000003553,168.00000000000711,10.449999999999928,701.45999999996093,GT,model_assisted_not_ground_truth,0,0,0,0,0,0,0,0,0,0,0
17.47,52.999999999997158,100.00000000001421,54,122.00000000000568,130.00000000000853,45,30,169.99999999999432,10.469999999999944,712.45999999996877,GT,model_assisted_not_ground_truth,0,0,0,0,0,0,0,0,0,0,0
17.48,52.000000000001776,98.000000000003553,52.000000000003553,116.00000000001066,129.00000000000176,45.999999999998224,29.000000000001776,167.00000000000534,10.539999999999875,714.44999999999652,GT,model_assisted_not_ground_truth,0,0,0,0,0,0,0,0,0,0,0
17.49,52,97.500000000000355,52,120.4999999999968,130.49999999999892,46,29,167.49999999999966,10.549999999999994,712.44000000000153,GT,model_assisted_not_ground_truth,0,0,0,0,0,0,0,0,0,0,0
17.50,52,97,52,125,132,46,29,168,10.619999999999999,716.44000000000005,GT,model_assisted_not_ground_truth,0,0,0,0,0,0,0,0,0,0,0
17.51,52,98.999999999996803,53.999999999998934,120.00000000000213,131.00000000000108,45.999999999998934,29.999999999998934,171.99999999999787,10.650000000000011,719.44000000000005,GT,model_assisted_not_ground_truth,0,0,0,0,0,0,0,0,0,0,0
17.52,52,96.000000000015987,52.999999999996447,122.00000000000533,132.00000000000179,45.000000000001776,29,169.99999999999645,10.660000000000018,719.44000000000722,GT,model_assisted_not_ground_truth,0,0,0,0,0,0,0,0,0,0,0
17.53,52,104.99999999999432,50.999999999994316,125.00000000000568,133,45.999999999997158,29,168.00000000000568,10.670000000000043,723.44000000000153,GT,model_assisted_not_ground_truth,0,0,0,0,0,0,0,0,0,0,0
17.54,52,103.00000000003837,49.000000000038369,126.99999999996163,133,45.000000000019185,29,169.99999999996163,10.685000000000052,723.94000000000187,GT,model_assisted_not_ground_truth,0,0,0,0,0,0,0,0,0,0,0
17.55,52,103,49.999999999981881,123.00000000007248,132.00000000001813,45,29,168.00000000003624,10.699999999999953,724.44000000000472,GT,model_assisted_not_ground_truth,0,0,0,0,0,0,0,0,0,0,0
17.56,51.000000000017408,104.99999999996518,50,123,127.00000000008704,45.999999999982592,29.999999999982592,171.99999999993037,10.690000000000159,725.45999999999992,GT,model_assisted_not_ground_truth,0,0,0,0,0,0,0,0,0,0,0
17.57,52.999999999967315,103.00000000003268,49.000000000016342,123,129.99999999995097,45.000000000016342,30,170.00000000003268,10.720000000000129,725.44000000001279,GT,model_assisted_not_ground_truth,0,0,0,0,0,0,0,0,0,0,0
17.58,52.000000000015277,103,49.999999999984723,124.99999999996945,130.99999999998471,45,30,170.99999999998471,10.739999999999695,727.43999999996947,GT,model_assisted_not_ground_truth,0,0,0,0,0,0,0,0,0,0,0
17.59,52,103,49.000000000014566,124.00000000001457,131,45,29.000000000014566,171,10.749999999999854,729.42999999997096,GT,model_assisted_not_ground_truth,0,0,0,0,0,0,0,0,0,0,0
17.60,52,103,49.9999999999865,123.0000000000135,131,45,29,169.000000000027,10.75,730.41999999998654,GT,model_assisted_not_ground_truth,0,0,0,0,0,0,0,0,0,0,0
17.61,52,103,49.00000000001279,123,130.00000000001279,45,29,167.00000000002558,10.75,731.41999999998711,GT,model_assisted_not_ground_truth,0,0,0,0,0,0,0,0,0,0,0
17.62,52,102.00000000001172,48.000000000011724,121.00000000002345,127.00000000003517,45,29,166.00000000001171,10.75,732.41999999998825,GT,model_assisted_not_ground_truth,0,0,0,0,0,0,0,0,0,0,0
17.63,52,102.99999999998899,48,120.00000000001101,125.00000000002203,45.999999999988987,29.999999999988987,162.00000000004405,10.79999999999945,733.41999999998893,GT,model_assisted_not_ground_truth,0,0,0,0,0,0,0,0,0,0,0
17.64,52,103.99999999999005,48.999999999990052,120.99999999999005,125.99999999999005,45.000000000009948,30,163.9999999999801,10.839999999999602,732.41000000000997,GT,model_assisted_not_ground_truth,0,0,0,0,0,0,0,0,0,0,0
17.65,51.000000000008882,104,49,120.00000000000888,126,45.999999999991118,30,163.00000000000887,10.869999999999733,731.41000000000884,GT,model_assisted_not_ground_truth,0,0,0,0,0,0,0,0,0,0,0
17.66,51.999999999991829,103.00000000000817,48.000000000008171,120,126.99999999999183,45.000000000008171,30,165.9999999999755,10.909999999999673,733.39999999998372,GT,model_assisted_not_ground_truth,0,0,0,0,0,0,0,0,0,0,0
17.67,52,103,48,120,127.99999999999289,45.999999999992895,30,166,10.979999999999503,754.39999999985071,GT,model_assisted_not_ground_truth,0,0,0,0,0,0,0,0,0,0,0
17.68,52,103,48,120.99999999999361,128,44.00000000001279,30,166.99999999999361,10.999999999999872,756.39999999998713,GT,model_assisted_not_ground_truth,0,0,0,0,0,0,0,0,0,0,0
17.69,52,103,48,119.00000000001066,128,44,30,167,11.019999999999893,754.39000000001067,GT,model_assisted_not_ground_truth,0,0,0,0,0,0,0,0,0,0,0
17.70,52.999999999995381,103.99999999999538,48,118.00000000000462,126.00000000000924,44.999999999995381,29.000000000004619,169.99999999998613,11.039999999999907,752.38000000000932,GT,model_assisted_not_ground_truth,0,0,0,0,0,0,0,0,0,0,0
17.71,53,104,48,112.00000000002132,126,45,29.999999999996447,170.99999999999645,11.099999999999786,750.38000000000716,GT,model_assisted_not_ground_truth,0,0,0,0,0,0,0,0,0,0,0
17.72,52.000000000002842,104,48,113.99999999999432,125.00000000000284,46.999999999994316,30,171,11.129999999999916,749.38000000000284,GT,model_assisted_not_ground_truth,0,0,0,0,0,0,0,0,0,0,0
17.73,52,104,48.999999999998224,109.00000000000888,125.99999999999822,47,30,171,11.130000000000001,746.39000000000533,GT,model_assisted_not_ground_truth,0,0,0,0,0,0,0,0,0,0,0
17.74,65.999999999990052,105.99999999999858,48.000000000000711,107.00000000000142,126,46.000000000000711,30,171,11.179999999999964,744.39000000000146,GT,model_assisted_not_ground_truth,0,0,0,0,0,0,0,0,0,0,0
17.75,65,105,49,103,127,46,30,173,11.23,742.38999999999999,GT,model_assisted_not_ground_truth,0,0,0,0,0,0,0,0,0,0,0
17.76,66,104.99999999999893,49,102.99999999999574,126.00000000000107,46,30,173.00000000000213,11.245000000000015,739.88999999999737,GT,model_assisted_not_ground_truth,0,0,0,0,0,0,0,0,0,0,0
17.77,66.000000000001776,104.00000000000355,48.999999999996447,98.999999999996447,127,46.000000000001776,30,175,11.260000000000071,737.39000000000351,GT,model_assisted_not_ground_truth,0,0,0,0,0,0,0,0,0,0,0
17.78,67.000000000011369,106,47.000000000002842,97.000000000014211,127.00000000000284,47,30,174.99999999999716,11.300000000000143,739.37999999998863,GT,model_assisted_not_ground_truth,0,0,0,0,0,0,0,0,0,0,0
17.79,70.999999999923261,106,47.999999999980815,101.99999999990408,127.99999999998082,47,30,174.00000000001918,11.350000000000071,735.36999999999648,GT,model_assisted_not_ground_truth,0,0,0,0,0,0,0,0,0,0,0
17.80,70.000000000018119,104.00000000003624,48.999999999981881,102.99999999998188,128,46.000000000018119,30,174.99999999998187,11.370000000000092,734.36999999999534,GT,model_assisted_not_ground_truth,0,0,0,0,0,0,0,0,0,0,0
17.81,71.999999999965183,104.99999999998259,49,102.00000000001741,128.99999999998261,46,30,175.99999999998261,11.390000000000054,733.35999999999467,GT,model_assisted_not_ground_truth,0,0,0,0,0,0,0,0,0,0,0
17.82,72,105.99999999998366,49,97.000000000081712,128.00000000001634,46,30,176.99999999998366,11.400000000000032,732.35999999999683,GT,model_assisted_not_ground_truth,0,0,0,0,0,0,0,0,0,0,0
17.83,71.000000000015277,105.00000000001528,48.000000000015277,1.0000000014665602,128.99999999998471,46.999999999984723,30,177,11.40499999999998,731.86000000000195,GT,model_assisted_not_ground_truth,0,0,0,0,0,0,0,0,0,0,0
17.84,71,105,48.999999999985434,1.4566126083082054e-11,128.00000000001455,46.000000000014566,30,177.99999999998545,11.409999999999927,731.36000000000729,GT,model_assisted_not_ground_truth,0,0,0,0,0,0,0,0,0,0,0
17.85,72.999999999972999,105.9999999999865,49.9999999999865,93.999999998730971,128.9999999999865,46,30,178.9999999999865,11.439999999999594,733.35999999997307,GT,model_assisted_not_ground_truth,0,0,0,0,0,0,0,0,0,0,0
17.86,73,106,48.00000000002558,93.00000000001279,131.99999999996163,46.99999999998721,30,178.00000000001279,11.449999999999871,733.36000000000001,GT,model_assisted_not_ground_truth,0,0,0,0,0,0,0,0,0,0,0
17.87,73,105.00000000001172,48,96.999999999953104,132,47,30,179.99999999997655,11.469999999999766,731.36000000002343,GT,model_assisted_not_ground_truth,0,0,0,0,0,0,0,0,0,0,0
17.88,73.999999999988987,102.00000000003304,48,96.000000000011013,132.99999999998897,47,30,179.00000000001103,11.49999999999967,730.35000000001116,GT,model_assisted_not_ground_truth,0,0,0,0,0,0,0,0,0,0,0
17.89,74,103.9999999999801,48.999999999990052,96,131.0000000000199,47,30.999999999990052,178.00000000000995,11.529999999999701,726.35000000003981,GT,model_assisted_not_ground_truth,0,0,0,0,0,0,0,0,0,0,0
17.90,75.999999999982236,104.99999999999112,48.000000000008882,96,129.00000000001776,47.999999999991118,31,177.00000000000887,11.549999999999823,725.34000000000901,GT,model_assisted_not_ground_truth,0,0,0,0,0,0,0,0,0,0,0
17.91,76,107.99999999997549,48,96,129.99999999999181,47.000000000008171,31,175.00000000001634,11.554999999999961,723.34500000001628,GT,model_assisted_not_ground_truth,0,0,0,0,0,0,0,0,0,0,0
17.92,75.000000000007105,105.00000000002132,48.999999999992895,96,132.99999999997868,46.000000000007105,31,177.99999999997868,11.559999999999965,721.35000000001423,GT,model_assisted_not_ground_truth,0,0,0,0,0,0,0,0,0,0,0
17.93,73.00000000001279,105,48.000000000006395,96,131.00000000001279,47.99999999998721,31,177.00000000000639,11.579999999999872,721.35000000000002,GT,model_assisted_not_ground_truth,0,0,0,0,0,0,0,0,0,0,0
17.94,72.000000000005329,104.00000000000533,49.999999999989342,95.000000000005329,129.00000000001066,46.000000000010658,30.000000000005329,174.00000000001597,11.58,719.32000000001085,GT,model_assisted_not_ground_truth,0,0,0,0,0,0,0,0,0,0,0
17.95,72,104,49.000000000004619,95,129,46.999999999995381,30,173.0000000000046,11.609999999999861,717.32000000000926,GT,model_assisted_not_ground_truth,0,0,0,0,0,0,0,0,0,0,0
17.96,72,103.00000000000355,49,95.999999999996447,130.99999999999289,47.999999999996447,30,172.00000000000355,11.600000000000035,719.31999999999289,GT,model_assisted_not_ground_truth,0,0,0,0,0,0,0,0,0,0,0
17.97,72,103.99999999999716,49.999999999997158,96,131,46.000000000005684,30,172.99999999999716,11.609999999999971,717.32000000000573,GT,model_assisted_not_ground_truth,0,0,0,0,0,0,0,0,0,0,0
17.98,70.000000000003553,103.00000000000178,49.000000000001776,95.000000000001776,130.00000000000176,47.999999999996447,30,171.00000000000355,11.614999999999991,717.81499999999915,GT,model_assisted_not_ground_truth,0,0,0,0,0,0,0,0,0,0,0
17.99,68.000000000001421,105.99999999999787,49.999999999999289,95,130,47.000000000000711,30,171.99999999999929,11.619999999999996,718.3099999999996,GT,model_assisted_not_ground_truth,0,0,0,0,0,0,0,0,0,0,0
18.00,71,105,50,95,129,46,30,172,11.619999999999999,717.30999999999995,GT,model_assisted_not_ground_truth,0,0,0,0,0,0,0,0,0,0,0
18.01,70.999999999995737,105.99999999999893,49.999999999998934,95.999999999998934,127.9999999999968,47.000000000001066,30,171.99999999999787,11.609999999999999,717.30999999999995,GT,model_assisted_not_ground_truth,0,0,0,0,0,0,0,0,0,0,0
18.02,67.000000000001776,104.99999999999822,49.000000000001776,95,125,47.999999999998224,30,170.00000000000179,11.609999999999982,717.31000000000176,GT,model_assisted_not_ground_truth,0,0,0,0,0,0,0,0,0,0,0
18.03,67.999999999994316,103.99999999999716,50,95,124.99999999999716,47.000000000002842,30,170.99999999999432,11.599999999999943,718.32000000000289,GT,model_assisted_not_ground_truth,0,0,0,0,0,0,0,0,0,0,0
18.04,66.000000000038369,103.00000000001918,50,95,124.00000000001918,47.999999999980815,30,169.00000000003837,11.579999999999982,719.32000000000005,GT,model_assisted_not_ground_truth,0,0,0,0,0,0,0,0,0,0,0
18.05,66,102.00000000001812,50,93.000000000036238,122.00000000003624,47.000000000018119,30,167.00000000003624,11.574999999999978,719.32000000000005,GT,model_assisted_not_ground_truth,0,0,0,0,0,0,0,0,0,0,0
18.06,65.000000000017408,100.00000000003482,49.000000000017408,92.000000000017408,118.00000000006963,47,30,166.00000000001739,11.57,719.32000000000005,GT,model_assisted_not_ground_truth,0,0,0,0,0,0,0,0,0,0,0
18.07,65,99.000000000016342,49,93.999999999967315,117.00000000001634,47.999999999983658,30,164.00000000003268,11.569999999999872,719.32000000000642,GT,model_assisted_not_ground_truth,0,0,0,0,0,0,0,0,0,0,0
18.08,65.999999999984723,94.000000000076383,49.999999999984723,94,114.00000000004583,46.000000000030553,30,164,11.550000000000306,720.31999999998482,GT,model_assisted_not_ground_truth,0,0,0,0,0,0,0,0,0,0,0
18.09,65.000000000014566,93.000000000014566,50,94,113.00000000001457,46,30,164,11.540000000000145,718.32000000002915,GT,model_assisted_not_ground_truth,0,0,0,0,0,0,0,0,0,0,0
18.10,65,92.0000000000135,49.0000000000135,93.0000000000135,112.0000000000135,46,30,162.000000000027,11.55999999999973,720.31999999997311,GT,model_assisted_not_ground_truth,0,0,0,0,0,0,0,0,0,0,0
18.11,65,92.99999999998721,49.99999999998721,93.99999999998721,109.00000000003837,46,30,159.00000000003837,11.550000000000129,721.3199999999872,GT,model_assisted_not_ground_truth,0,0,0,0,0,0,0,0,0,0,0
18.12,65,90.000000000035172,50,94.999999999988276,109.99999999998828,46,30,158.00000000001171,11.564999999999824,719.8050000000178,GT,model_assisted_not_ground_truth,0,0,0,0,0,0,0,0,0,0,0
18.13,50.000000000165201,90,49.000000000011013,95,110,46,30,157.00000000001103,11.579999999999835,718.29000000001668,GT,model_assisted_not_ground_truth,0,0,0,0,0,0,0,0,0,0,0
18.14,50.999999999990052,89.000000000009948,49.999999999990052,94.000000000009948,108.0000000000199,46,30,156.00000000000995,11.5700000000001,722.29999999996005,GT,model_assisted_not_ground_truth,0,0,0,0,0,0,0,0,0,0,0
18.15,51.999999999991118,89.999999999991118,50,94,109.99999999998224,46.999999999991118,30,156.99999999999113,11.530000000000355,722.31999999999982,GT,model_assisted_not_ground_truth,0,0,0,0,0,0,0,0,0,0,0
18.16,52,89.000000000008171,50,91.000000000024514,108.00000000001634,46.000000000008171,30,155.00000000001634,11.520000000000081,724.31999999998368,GT,model_assisted_not_ground_truth,0,0,0,0,0,0,0,0,0,0,0
18.17,51.000000000007105,78.00000000007816,49.000000000007105,89.000000000014211,107.00000000000711,46.999999999992895,29.000000000007105,156.99999999998579,11.529999999999928,723.32000000000721,GT,model_assisted_not_ground_truth,0,0,0,0,0,0,0,0,0,0,0
18.18,51,77.000000000006395,49.999999999993605,90.99999999998721,107,46.000000000006395,29.999999999993605,155.00000000001279,11.529999999999999,727.32999999997435,GT,model_assisted_not_ground_truth,0,0,0,0,0,0,0,0,0,0,0
18.19,50.000000000005329,78.999999999989342,49.000000000005329,91,106.00000000000533,44.000000000010658,29.000000000005329,154.00000000000534,11.525000000000027,727.82999999999743,GT,model_assisted_not_ground_truth,0,0,0,0,0,0,0,0,0,0,0
18.20,50.999999999995381,77.000000000009237,49,90.000000000004619,105.00000000000462,44.999999999995381,29,155.99999999999076,11.520000000000023,728.32999999999777,GT,model_assisted_not_ground_truth,0,0,0,0,0,0,0,0,0,0,0
18.21,50.000000000003553,75.000000000007105,49,90,105,45.999999999996447,29,154.00000000000711,11.52,731.32999999998935,GT,model_assisted_not_ground_truth,0,0,0,0,0,0,0,0,0,0,0
18.22,50,75.999999999997158,49,89.000000000002842,105,45.000000000002842,29,154.99999999999716,11.539999999999942,733.31999999999437,GT,model_assisted_not_ground_truth,0,0,0,0,0,0,0,0,0,0,0
18.23,49.000000000001776,76,49.999999999998224,89,104.00000000000178,45,29.999999999998224,155,11.530000000000017,734.32999999999822,GT,model_assisted_not_ground_truth,0,0,0,0,0,0,0,0,0,0,0
18.24,49.999999999999289,76,50,89,102.00000000000142,45,29.000000000000711,155,11.510000000000014,730.32000000000289,GT,model_assisted_not_ground_truth,0,0,0,0,0,0,0,0,0,0,0
18.25,50,77,50,90,103,45,30,154,11.529999999999999,734.30999999999995,GT,model_assisted_not_ground_truth,0,0,0,0,0,0,0,0,0,0,0
18.26,50,75.000000000001066,50,88,101,45.000000000001066,29.000000000001066,153.99999999999892,11.520000000000005,737.33000000000004,GT,model_assisted_not_ground_truth,0,0,0,0,0,0,0,0,0,0,0
18.27,50,75.999999999998224,50,88.000000000001776,101,45.999999999998224,30,152.99999999999645,11.525000000000009,737.32500000000005,GT,model_assisted_not_ground_truth,0,0,0,0,0,0,0,0,0,0,0
18.28,50,75,50,88.999999999997158,101.00000000000284,45,29.999999999997158,151.00000000000284,11.529999999999999,737.31999999999721,GT,model_assisted_not_ground_truth,0,0,0,0,0,0,0,0,0,0,0
18.29,50,75,50,88.000000000019185,101.99999999998082,45,29.000000000019185,151.99999999998082,11.529999999999928,736.30999999999995,GT,model_assisted_not_ground_truth,0,0,0,0,0,0,0,0,0,0,0
18.30,50,75.999999999981881,50,88,100.00000000003624,45,29,150.00000000003624,11.510000000000138,736.32000000002313,GT,model_assisted_not_ground_truth,0,0,0,0,0,0,0,0,0,0,0
18.31,50,76.999999999982592,49.000000000017408,88,101.99999999996518,45,29,151.99999999996518,11.539999999999946,741.32000000000005,GT,model_assisted_not_ground_truth,0,0,0,0,0,0,0,0,0,0,0
18.32,50,77,49,88,100.00000000003268,45,29,152,11.530000000000063,741.33000000000641,GT,model_assisted_not_ground_truth,0,0,0,0,0,0,0,0,0,0,0
18.33,50,76.000000000015277,49,88,100.99999999998472,45,29,152,11.539999999999846,742.32999999998481,GT,model_assisted_not_ground_truth,0,0,0,0,0,0,0,0,0,0,0
18.34,50,76.999999999985434,49.999999999985434,88.999999999985434,100.00000000001457,45,29,152.99999999998545,11.544999999999927,743.32999999998549,GT,model_assisted_not_ground_truth,0,0,0,0,0,0,0,0,0,0,0
18.35,50,75.000000000027001,50,88.0000000000135,100.9999999999865,45,29,153,11.549999999999933,744.32999999998651,GT,model_assisted_not_ground_truth,0,0,0,0,0,0,0,0,0,0,0
18.36,50,75.99999999998721,49.00000000001279,88,101,45.99999999998721,28.00000000001279,152.00000000001279,11.550000000000001,740.3300000000512,GT,model_assisted_not_ground_truth,0,0,0,0,0,0,0,0,0,0,0
18.37,50,76,49,88,101,45.000000000011724,28,151.00000000001171,11.559999999999883,744.32999999995309,GT,model_assisted_not_ground_truth,0,0,0,0,0,0,0,0,0,0,0
18.38,50,76,49.999999999988987,87.000000000011013,99.000000000022027,45,27.000000000011013,151.99999999998897,11.56999999999989,747.32999999996696,GT,model_assisted_not_ground_truth,0,0,0,0,0,0,0,0,0,0,0
18.39,50,76,49.000000000009948,87,99.999999999990052,45,28.999999999980105,152.99999999999005,11.579999999999901,746.33000000000993,GT,model_assisted_not_ground_truth,0,0,0,0,0,0,0,0,0,0,0
18.40,50,75.000000000008882,49.999999999991118,87,99.000000000008882,45.999999999991118,29,151.00000000001776,11.589999999999911,747.32999999999117,GT,model_assisted_not_ground_truth,0,0,0,0,0,0,0,0,0,0,0
18.41,50,76.999999999983658,48.000000000016342,87,99,45.000000000008171,29,151.99999999999181,11.599999999999918,749.32999999998367,GT,model_assisted_not_ground_truth,0,0,0,0,0,0,0,0,0,0,0
18.42,50,77,49.999999999985789,87,99,45.999999999992895,29,151.00000000000711,11.609999999999928,750.82999999998935,GT,model_assisted_not_ground_truth,0,0,0,0,0,0,0,0,0,0,0
18.43,50,76.000000000006395,50,87,98.000000000006395,45.000000000006395,29,148.00000000001918,11.619999999999935,752.32999999999049,GT,model_assisted_not_ground_truth,0,0,0,0,0,0,0,0,0,0,0
18.44,50,76,50,91.999999999973355,98,45.999999999994671,29,147.00000000000534,11.669999999999733,750.32000000001074,GT,model_assisted_not_ground_truth,0,0,0,0,0,0,0,0,0,0,0
18.45,50,76,49.000000000004619,92.999999999995381,98.999999999995381,45.000000000004619,29,147,11.67,749.33000000000459,GT,model_assisted_not_ground_truth,0,0,0,0,0,0,0,0,0,0,0
18.46,50,76,49.999999999996447,93,98.000000000003553,45,29,145.00000000000711,11.679999999999964,754.31999999998231,GT,model_assisted_not_ground_truth,0,0,0,0,0,0,0,0,0,0,0
18.47,50,76.999999999997158,49.000000000002842,92.000000000002842,98,45,29,145.99999999999716,11.699999999999942,752.32000000000573,GT,model_assisted_not_ground_truth,0,0,0,0,0,0,0,0,0,0,0
18.48,50,77.999999999998224,49.999999999998224,92,98,45,29,146.99999999999824,11.714999999999973,751.82000000000096,GT,model_assisted_not_ground_truth,0,0,0,0,0,0,0,0,0,0,0
18.49,50,76.000000000001421,49.000000000000711,93.999999999998579,98.999999999999289,46.999999999998579,29,147,11.72999999999999,751.32000000000039,GT,model_assisted_not_ground_truth,0,0,0,0,0,0,0,0,0,0,0
18.50,50,77,50,94,99,47,29,147,11.73,754.32000000000005,GT,model_assisted_not_ground_truth,0,0,0,0,0,0,0,0,0,0,0
18.51,50,77.000000000001066,49,94.999999999998934,99,46.999999999998934,29,146.99999999999892,11.750000000000021,752.32000000000005,GT,model_assisted_not_ground_truth,0,0,0,0,0,0,0,0,0,0,0
18.52,50,78,49,93.999999999998224,99.000000000001776,45.999999999998224,29,146.00000000000179,11.770000000000035,752.32000000000187,GT,model_assisted_not_ground_truth,0,0,0,0,0,0,0,0,0,0,0
18.53,50,78,49.000000000002842,93,99.999999999994316,45.000000000005684,29,147,11.790000000000056,753.32000000000573,GT,model_assisted_not_ground_truth,0,0,0,0,0,0,0,0,0,0,0
18.54,50,78,49.999999999980815,93,98.000000000038369,46.999999999961631,29,147,11.809999999999965,755.30999999998585,GT,model_assisted_not_ground_truth,0,0,0,0,0,0,0,0,0,0,0
18.55,50,78,49.000000000018119,93,99.999999999963762,45.000000000036238,29,147,11.800000000000047,751.33000000000459,GT,model_assisted_not_ground_truth,0,0,0,0,0,0,0,0,0,0,0
18.56,49.000000000017408,78,49,93.999999999982592,100,45,28.000000000017408,146.00000000001739,11.810000000000054,752.32000000000528,GT,model_assisted_not_ground_truth,0,0,0,0,0,0,0,0,0,0,0
18.57,49.999999999983658,78,49.999999999983658,94,99.000000000016342,45,28,147.99999999996732,11.820000000000064,753.30999999999358,GT,model_assisted_not_ground_truth,0,0,0,0,0,0,0,0,0,0,0
18.58,50,78,50,94,99.999999999984723,46.999999999969447,28,148.99999999998471,11.829999999999847,752.31000000001518,GT,model_assisted_not_ground_truth,0,0,0,0,0,0,0,0,0,0,0
18.59,50,78.999999999985434,50,93.000000000014566,99.000000000014566,46.000000000014566,28,147.00000000002913,11.849999999999708,752.2900000000003,GT,model_assisted_not_ground_truth,0,0,0,0,0,0,0,0,0,0,0
18.60,50,78.0000000000135,49.0000000000135,94.999999999972999,99.9999999999865,46,28,147.9999999999865,11.869999999999729,751.27000000001374,GT,model_assisted_not_ground_truth,0,0,0,0,0,0,0,0,0,0,0
18.61,50,78,49.99999999998721,95,100,46,27.00000000001279,147.00000000001279,11.889999999999745,750.27000000001271,GT,model_assisted_not_ground_truth,0,0,0,0,0,0,0,0,0,0,0
18.62,50,78,50,95,100,45.000000000011724,28.999999999976552,147.99999999998829,11.909999999999766,751.26999999998827,GT,model_assisted_not_ground_truth,0,0,0,0,0,0,0,0,0,0,0
18.63,49.000000000011013,78,50.999999999988987,95,100.99999999998899,45,28.000000000011013,148,11.91999999999989,750.27000000001101,GT,model_assisted_not_ground_truth,0,0,0,0,0,0,0,0,0,0,0
18.64,49,78,50.000000000009948,95.999999999990052,101,45,28.999999999990052,146.0000000000199,11.9299999999999,749.27000000000999,GT,model_assisted_not_ground_truth,0,0,0,0,0,0,0,0,0,0,0
18.65,49.999999999991118,78,50,96,101,46.999999999982236,28.000000000008882,146,11.949999999999822,747.26000000001784,GT,model_assisted_not_ground_truth,0,0,0,0,0,0,0,0,0,0,0
18.66,49.000000000008171,78,50,95.000000000008171,101.99999999999183,46.000000000008171,28.999999999991829,145.00000000000819,11.949999999999999,747.25999999999999,GT,model_assisted_not_ground_truth,0,0,0,0,0,0,0,0,0,0,0
18.67,49.999999999992895,77.000000000007105,50,95,102,46,28.000000000007105,146.99999999998579,11.95999999999993,745.25000000001432,GT,model_assisted_not_ground_truth,0,0,0,0,0,0,0,0,0,0,0
18.68,49.000000000006395,77,49.000000000006395,95.999999999993605,102,46,28.999999999993605,147,11.969999999999937,746.25999999999351,GT,model_assisted_not_ground_truth,0,0,0,0,0,0,0,0,0,0,0
18.69,49.999999999994671,78.999999999989342,49.999999999994671,96,102,46,29,147,11.960000000000054,745.27000000000521,GT,model_assisted_not_ground_truth,0,0,0,0,0,0,0,0,0,0,0
18.70,49.000000000004619,77.000000000009237,50,96,102.99999999999538,45.000000000004619,29,147,11.964999999999979,743.77000000000692,GT,model_assisted_not_ground_truth,0,0,0,0,0,0,0,0,0,0,0
18.71,49.999999999996447,77.999999999996447,50,96,101.00000000000711,45.999999999996447,29,146.00000000000355,11.969999999999983,742.27000000000533,GT,model_assisted_not_ground_truth,0,0,0,0,0,0,0,0,0,0,0
18.72,50,78,50,97.999999999994316,102.99999999999432,46.999999999997158,29,145.00000000000284,11.979999999999972,741.27000000000282,GT,model_assisted_not_ground_truth,0,0,0,0,0,0,0,0,0,0,0
18.73,49.000000000001776,78,49.000000000001776,98.999999999998224,103.99999999999822,46.000000000001776,29,145,11.999999999999964,737.27000000000703,GT,model_assisted_not_ground_truth,0,0,0,0,0,0,0,0,0,0,0
18.74,49.999999999999289,78,49.999999999999289,99,104,46,29,145,12,736.27000000000066,GT,model_assisted_not_ground_truth,0,0,0,0,0,0,0,0,0,0,0
18.75,50,79,50,98,104,46,28,146,11.99,735.26999999999998,GT,model_assisted_not_ground_truth,0,0,0,0,0,0,0,0,0,0,0
18.76,50,80,49.999999999999467,98.999999999998934,104,46.999999999999467,29,146,12,732.26999999999566,GT,model_assisted_not_ground_truth,0,0,0,0,0,0,0,0,0,0,0
18.77,50,80,49.499999999999112,97.999999999998224,104,46.499999999999112,29,146,12.000000000000009,728.27000000000089,GT,model_assisted_not_ground_truth,0,0,0,0,0,0,0,0,0,0,0
18.78,49.999999999997158,79.999999999997158,49.000000000002842,96.999999999997158,104,46,29,146.00000000000284,12.005000000000013,728.77000000000135,GT,model_assisted_not_ground_truth,0,0,0,0,0,0,0,0,0,0,0
18.79,49.000000000019185,79.000000000019185,49.999999999980815,96.000000000019185,104,46,29,146.99999999998082,12.01,729.27000000000351,GT,model_assisted_not_ground_truth,0,0,0,0,0,0,0,0,0,0,0
18.80,49,79.999999999981881,50,96.999999999981881,104,46,29.999999999981881,147,12.009999999999907,730.26999999998611,GT,model_assisted_not_ground_truth,0,0,0,0,0,0,0,0,0,0,0
18.81,49,79.000000000017408,49.000000000017408,97.999999999982592,103.00000000001741,45.000000000017408,29.000000000017408,147,11.99000000000016,727.27000000001067,GT,model_assisted_not_ground_truth,0,0,0,0,0,0,0,0,0,0,0
18.82,49.999999999983658,79.999999999983658,50.999999999967315,98,104.99999999996732,45.999999999983658,29.999999999983658,147.99999999998366,12.019999999999872,729.26999999999998,GT,model_assisted_not_ground_truth,0,0,0,0,0,0,0,0,0,0,0
18.83,50,79.000000000015277,50.000000000015277,98,105,46,30,148.99999999998471,12.000000000000306,729.26999999999998,GT,model_assisted_not_ground_truth,0,0,0,0,0,0,0,0,0,0,0
18.84,49.000000000014566,79.999999999985434,50,94.000000000058265,105,46,29.000000000014566,149,12,726.27000000004364,GT,model_assisted_not_ground_truth,0,0,0,0,0,0,0,0,0,0,0
18.85,48.0000000000135,79.0000000000135,50,93.0000000000135,104.0000000000135,46,29,149.9999999999865,12.004999999999932,728.25999999997316,GT,model_assisted_not_ground_truth,0,0,0,0,0,0,0,0,0,0,0
18.86,48,89.999999999859313,50,93.99999999998721,104.99999999998721,46,29,149.00000000001279,12.009999999999936,730.24999999997453,GT,model_assisted_not_ground_truth,0,0,0,0,0,0,0,0,0,0,0
18.87,48,90.999999999988276,50,94,105,46,29,149.99999999998829,12.000000000000117,726.28000000004647,GT,model_assisted_not_ground_truth,0,0,0,0,0,0,0,0,0,0,0
18.88,48,92.999999999977973,50,94.999999999988987,105,46,28.000000000011013,150,11.960000000000441,725.280000000011,GT,model_assisted_not_ground_truth,0,0,0,0,0,0,0,0,0,0,0
18.89,48,93,50,95.999999999990052,105,46,28,153.99999999996021,11.969999999999901,727.27999999998008,GT,model_assisted_not_ground_truth,0,0,0,0,0,0,0,0,0,0,0
18.90,47.000000000008882,93,49.000000000008882,96,105.99999999999112,46,28.999999999991118,155.99999999998224,11.940000000000266,727.27999999999997,GT,model_assisted_not_ground_truth,0,0,0,0,0,0,0,0,0,0,0
18.91,47.999999999991829,93,49.999999999991829,96.999999999991829,105.00000000000817,46.999999999991829,28.000000000008171,155.00000000000819,11.930000000000081,726.28000000000816,GT,model_assisted_not_ground_truth,0,0,0,0,0,0,0,0,0,0,0
18.92,48,92.000000000007105,50.999999999992895,97.999999999992895,105.99999999999289,46.000000000007105,28.999999999992895,155.99999999999289,11.934999999999963,728.27999999998576,GT,model_assisted_not_ground_truth,0,0,0,0,0,0,0,0,0,0,0
18.93,48,93.99999999998721,49.00000000001279,98,106,46,29,156,11.939999999999968,730.27999999998724,GT,model_assisted_not_ground_truth,0,0,0,0,0,0,0,0,0,0,0
18.94,48.999999999994671,93.000000000005329,49.999999999994671,98,106,46,29,156,11.94,726.28000000002135,GT,model_assisted_not_ground_truth,0,0,0,0,0,0,0,0,0,0,0
18.95,49,92.000000000004619,49.000000000004619,98,105.00000000000462,46,28.000000000004619,156.9999999999954,11.920000000000092,725.28000000000463,GT,model_assisted_not_ground_truth,0,0,0,0,0,0,0,0,0,0,0
18.96,49,92.999999999996447,49.999999999996447,98,105,46,28.999999999996447,156.00000000000355,11.900000000000071,725.27999999999997,GT,model_assisted_not_ground_truth,0,0,0,0,0,0,0,0,0,0,0
18.97,49,93.999999999997158,50.999999999997158,98,105,46,29,156,11.880000000000058,726.28999999999712,GT,model_assisted_not_ground_truth,0,0,0,0,0,0,0,0,0,0,0
18.98,49.999999999998224,93.000000000001776,51,98.999999999998224,104.00000000000178,46,29.999999999998224,156.99999999999824,11.880000000000001,726.28999999999996,GT,model_assisted_not_ground_truth,0,0,0,0,0,0,0,0,0,0,0
18.99,50,93,49.000000000001421,98.000000000000711,104,46,28.000000000001421,156.00000000000071,11.880000000000001,726.28999999999996,GT,model_assisted_not_ground_truth,0,0,0,0,0,0,0,0,0,0,0
19.00,50,94,50,98,105,46,30,157,11.85,728.28999999999996,GT,model_assisted_not_ground_truth,0,0,0,0,0,0,0,0,0,0,0
19.01,50,92.999999999998934,50.999999999997868,97.000000000001066,105,46,29,158,11.85,728.29000000000099,GT,model_assisted_not_ground_truth,0,0,0,0,0,0,0,0,0,0,0
19.02,50,92.000000000005329,49,97.999999999998224,105,46.000000000001776,29,157.99999999999821,11.849999999999982,729.28999999999996,GT,model_assisted_not_ground_truth,0,0,0,0,0,0,0,0,0,0,0
19.03,50,94.999999999988631,49.000000000002842,96.999999999997158,105,47,29,157,11.839999999999943,729.29000000000281,GT,model_assisted_not_ground_truth,0,0,0,0,0,0,0,0,0,0,0
19.04,50,91.000000000076739,49.999999999980815,96.000000000019185,105,47,29,157,11.819999999999894,730.30000000000348,GT,model_assisted_not_ground_truth,0,0,0,0,0,0,0,0,0,0,0
19.05,50,93.999999999945643,50.999999999981881,97.999999999963762,104.00000000001812,46.000000000018119,29,157,11.789999999999953,731.29999999999995,GT,model_assisted_not_ground_truth,0,0,0,0,0,0,0,0,0,0,0
19.06,50,93.000000000017408,50.000000000017408,98,104,46.999999999982592,29,157,11.779999999999946,731.29999999999995,GT,model_assisted_not_ground_truth,0,0,0,0,0,0,0,0,0,0,0
19.07,50.999999999983658,93,50.999999999983658,98.999999999983658,104,46.000000000016342,29,157,11.769999999999872,731.30000000002553,GT,model_assisted_not_ground_truth,0,0,0,0,0,0,0,0,0,0,0
19.08,51,93,50.000000000015277,98.000000000015277,104,46,29.999999999984723,155.00000000003055,11.750000000000306,735.29999999993879,GT,model_assisted_not_ground_truth,0,0,0,0,0,0,0,0,0,0,0
19.09,50.000000000014566,93,50,98,104,46.999999999985434,29.000000000014566,154.00000000001455,11.740000000000146,735.29999999999995,GT,model_assisted_not_ground_truth,0,0,0,0,0,0,0,0,0,0,0
19.10,50,96.999999999945999,50,97.0000000000135,103.0000000000135,47.9999999999865,29,154.9999999999865,11.700000000000539,738.31999999995924,GT,model_assisted_not_ground_truth,0,0,0,0,0,0,0,0,0,0,0
19.11,50.99999999998721,96.00000000001279,50.99999999998721,97,102.00000000001279,47.00000000001279,27.00000000002558,155,11.680000000000256,738.31000000000006,GT,model_assisted_not_ground_truth,0,0,0,0,0,0,0,0,0,0,0
19.12,51,95.000000000011724,49.000000000023448,98.999999999976552,102,46.000000000011724,28.999999999976552,155.99999999998829,11.670000000000117,741.30999999996482,GT,model_assisted_not_ground_truth,0,0,0,0,0,0,0,0,0,0,0
19.13,51,95.999999999988987,49,96.00000000003304,101.00000000001101,46.999999999988987,29,156.99999999998897,11.665000000000056,742.30999999998892,GT,model_assisted_not_ground_truth,0,0,0,0,0,0,0,0,0,0,0
19.14,50.000000000009948,94.000000000019895,49.999999999990052,96,101,46.000000000009948,29,157,11.66000000000005,743.30999999998994,GT,model_assisted_not_ground_truth,0,0,0,0,0,0,0,0,0,0,0
19.15,50,94.499999999995566,50,96,101.49999999999557,46.499999999995559,29,157.99999999999113,11.630000000000267,741.32000000001767,GT,model_assisted_not_ground_truth,0,0,0,0,0,0,0,0,0,0,0
19.16,50,94.999999999995907,50,96,101.99999999999591,46.999999999995914,29,158.99999999999181,11.659999999999755,744.27999999997576,GT,model_assisted_not_ground_truth,0,0,0,0,0,0,0,0,0,0,0
19.17,50,94.000000000007105,50,96,102,47,29,158.00000000000711,11.590000000000497,741.32000000002108,GT,model_assisted_not_ground_truth,0,0,0,0,0,0,0,0,0,0,0
19.18,49.000000000006395,94.999999999993605,49.000000000006395,94.00000000001279,102,46.000000000006395,29,156.00000000001279,11.570000000000128,738.32000000001926,GT,model_assisted_not_ground_truth,0,0,0,0,0,0,0,0,0,0,0
19.19,50.999999999989342,95,49.999999999994671,96.999999999984013,100.00000000001066,46,28.000000000005329,156,11.550000000000107,741.31999999998402,GT,model_assisted_not_ground_truth,0,0,0,0,0,0,0,0,0,0,0
19.20,50.500000000002309,95,50,97.499999999997698,101.99999999999076,46,28.499999999997691,156,11.550000000000001,741.81999999999778,GT,model_assisted_not_ground_truth,0,0,0,0,0,0,0,0,0,0,0
19.21,50.000000000001776,95,50,97.999999999998224,103.99999999999289,46,28.999999999998224,156,11.550000000000001,742.31999999999823,GT,model_assisted_not_ground_truth,0,0,0,0,0,0,0,0,0,0,0
19.22,50.999999999997158,95.999999999997158,50.999999999997158,98,100.00000000001137,46,28.000000000002842,155.00000000000284,11.550000000000001,739.31000000000847,GT,model_assisted_not_ground_truth,0,0,0,0,0,0,0,0,0,0,0
19.23,49.000000000003553,95.000000000001776,51,98,101.99999999999645,46,28.999999999998224,156.99999999999645,11.530000000000035,741.3299999999964,GT,model_assisted_not_ground_truth,0,0,0,0,0,0,0,0,0,0,0
19.24,49,95.999999999999289,50.000000000000711,98,101.00000000000071,46,29,156.00000000000071,11.520000000000007,741.33000000000004,GT,model_assisted_not_ground_truth,0,0,0,0,0,0,0,0,0,0,0
19.25,50,96,50,98,100,46,29,156,11.52,742.33000000000004,GT,model_assisted_not_ground_truth,0,0,0,0,0,0,0,0,0,0,0
19.26,49.000000000001066,97.000000000001066,50.000000000001066,97,101.99999999999893,46,28.999999999998934,157.99999999999892,11.520000000000021,741.32999999999902,GT,model_assisted_not_ground_truth,0,0,0,0,0,0,0,0,0,0,0
19.27,50,97.999999999998224,50.999999999998224,97,100.99999999999822,46,28.000000000001776,157,11.539999999999999,740.32000000000096,GT,model_assisted_not_ground_truth,0,0,0,0,0,0,0,0,0,0,0
19.28,50,97,50.000000000002842,97.000000000005684,100,46,29,157,11.539999999999999,740.82500000000152,GT,model_assisted_not_ground_truth,0,0,0,0,0,0,0,0,0,0,0
19.29,50,97,50.999999999980815,98.999999999961631,100,46,29,157,11.539999999999964,741.32999999999288,GT,model_assisted_not_ground_truth,0,0,0,0,0,0,0,0,0,0,0
19.30,50,96.000000000018119,50.000000000018119,98.000000000018119,101.99999999996376,46,29.999999999981881,157.99999999998187,11.529999999999953,739.32999999999538,GT,model_assisted_not_ground_truth,0,0,0,0,0,0,0,0,0,0,0
19.31,50,96.999999999982592,50,97.000000000017408,101.00000000001741,46.999999999982592,29.000000000017408,157.00000000001739,11.519999999999946,738.33000000002141,GT,model_assisted_not_ground_truth,0,0,0,0,0,0,0,0,0,0,0
19.32,50.999999999983658,97,50,97.999999999983658,101.99999999998366,46.000000000016342,29,157,11.51,742.32999999998731,GT,model_assisted_not_ground_truth,0,0,0,0,0,0,0,0,0,0,0
19.33,51,97,50.999999999984723,98,102,46,29,157.99999999998471,11.51,740.33000000003062,GT,model_assisted_not_ground_truth,0,0,0,0,0,0,0,0,0,0,0
19.34,51,97.999999999985434,50.000000000014566,98,102.99999999998543,46.999999999985434,29,158,11.529999999999708,738.32000000002938,GT,model_assisted_not_ground_truth,0,0,0,0,0,0,0,0,0,0,0
19.35,51,98,50.9999999999865,98.9999999999865,102.0000000000135,46.0000000000135,29,159.999999999973,11.515000000000203,738.32499999999993,GT,model_assisted_not_ground_truth,0,0,0,0,0,0,0,0,0,0,0
19.36,51,97.00000000001279,50.00000000001279,99,103.99999999997442,46,29.99999999998721,160,11.500000000000192,738.32999999999993,GT,model_assisted_not_ground_truth,0,0,0,0,0,0,0,0,0,0,0
19.37,51,97.999999999988276,50,98.000000000011724,103.00000000001172,46,28.000000000023448,160.99999999998829,11.480000000000235,737.34000000001163,GT,model_assisted_not_ground_truth,0,0,0,0,0,0,0,0,0,0,0
19.38,51,98,50,98,103,46,28.999999999988987,163.99999999996697,11.509999999999669,737.31000000000029,GT,model_assisted_not_ground_truth,0,0,0,0,0,0,0,0,0,0,0
19.39,51,98,50,98,103,46,29,163.00000000000995,11.460000000000498,734.32000000002984,GT,model_assisted_not_ground_truth,0,0,0,0,0,0,0,0,0,0,0
19.40,51.999999999991118,98,50,98,102.00000000000888,46,29,163,11.479999999999823,736.31999999998231,GT,model_assisted_not_ground_truth,0,0,0,0,0,0,0,0,0,0,0
19.41,52,98.999999999991829,50,98,102.99999999999183,46,28.000000000008171,163.99999999999181,11.460000000000164,734.32000000001642,GT,model_assisted_not_ground_truth,0,0,0,0,0,0,0,0,0,0,0
19.42,52,99,50.999999999992895,98,103.99999999999289,46.999999999992895,28.999999999992895,162.00000000001421,11.45000000000007,735.31999999999289,GT,model_assisted_not_ground_truth,0,0,0,0,0,0,0,0,0,0,0
19.43,51.000000000006395,99.999999999993605,49.00000000001279,98.999999999993605,104,46.000000000006395,29.999999999993605,162.99999999999361,11.435000000000095,735.32500000000005,GT,model_assisted_not_ground_truth,0,0,0,0,0,0,0,0,0,0,0
19.44,51.999999999994671,99.000000000005329,49,99,104,46.999999999994671,29.000000000005329,163,11.42000000000008,735.33000000000004,GT,model_assisted_not_ground_truth,0,0,0,0,0,0,0,0,0,0,0
19.45,51.000000000004619,99.999999999995381,49.999999999995381,99,104.99999999999538,46.000000000004619,29,163,11.410000000000046,736.33999999999537,GT,model_assisted_not_ground_truth,0,0,0,0,0,0,0,0,0,0,0
19.46,51.999999999996447,100,49.000000000003553,99,105,46.999999999996447,29,163,11.439999999999893,735.33000000000368,GT,model_assisted_not_ground_truth,0,0,0,0,0,0,0,0,0,0,0
19.47,52,100,49,99.999999999997158,105,47,29,163,11.410000000000085,737.34999999999422,GT,model_assisted_not_ground_truth,0,0,0,0,0,0,0,0,0,0,0
19.48,50.000000000003553,100,50.999999999996447,99.000000000001776,105,47,29,163.99999999999824,11.41,732.3400000000089,GT,model_assisted_not_ground_truth,0,0,0,0,0,0,0,0,0,0,0
19.49,50.999999999999289,100.99999999999929,48.000000000002132,98.000000000000711,105.99999999999929,47,29,163.00000000000071,11.414999999999996,733.83999999999901,GT,model_assisted_not_ground_truth,0,0,0,0,0,0,0,0,0,0,0
19.50,51,102,49,99,106,47,29,162,11.42,735.34000000000003,GT,model_assisted_not_ground_truth,0,0,0,0,0,0,0,0,0,0,0
19.51,51,101,48.000000000001066,98.000000000001066,106.00000000000107,47,29,163.00000000000108,11.419999999999989,730.34000000000322,GT,model_assisted_not_ground_truth,0,0,0,0,0,0,0,0,0,0,0
19.52,51,101,49.000000000001776,99.000000000003553,107.00000000000533,47,29,164.00000000000355,11.409999999999929,733.34999999999832,GT,model_assisted_not_ground_truth,0,0,0,0,0,0,0,0,0,0,0
19.53,51.000000000002842,101,50,100.99999999999716,110,46.999999999997158,29,166.00000000000284,11.369999999999999,732.37000000000285,GT,model_assisted_not_ground_truth,0,0,0,0,0,0,0,0,0,0,0
19.54,51.999999999980815,101,50,100.00000000001918,110,46.000000000019185,29,166.99999999998082,11.370000000000035,733.35999999999649,GT,model_assisted_not_ground_truth,0,0,0,0,0,0,0,0,0,0,0
19.55,52,101.99999999998188,49.000000000018119,100,110.99999999998188,46,29,167.99999999998187,11.379999999999908,732.36000000000001,GT,model_assisted_not_ground_truth,0,0,0,0,0,0,0,0,0,0,0
19.56,62.999999999808509,102,49.999999999982592,100.99999999998259,110.00000000001741,46,29,168.99999999998261,11.359999999999973,732.36000000000001,GT,model_assisted_not_ground_truth,0,0,0,0,0,0,0,0,0,0,0
19.57,63.999999999983658,102,50,101,110.99999999998366,46,29,169.99999999998366,11.355000000000025,732.36500000000001,GT,model_assisted_not_ground_truth,0,0,0,0,0,0,0,0,0,0,0
19.58,65.999999999969447,102,49.000000000015277,101,111,46.999999999984723,29,168.00000000003055,11.350000000000076,732.36999999999989,GT,model_assisted_not_ground_truth,0,0,0,0,0,0,0,0,0,0,0
19.59,65.000000000014566,101.00000000001457,49,100.00000000001457,111,46.000000000014566,29,170.99999999995629,11.359999999999854,732.37999999999988,GT,model_assisted_not_ground_truth,0,0,0,0,0,0,0,0,0,0,0
19.60,65,101.9999999999865,49.9999999999865,100.9999999999865,112.999999999973,46,29,170.0000000000135,11.359999999999999,733.36999999998659,GT,model_assisted_not_ground_truth,0,0,0,0,0,0,0,0,0,0,0
19.61,65,102.99999999998721,50,101,113,46,29.99999999998721,169.00000000001279,11.350000000000128,736.36999999996169,GT,model_assisted_not_ground_truth,0,0,0,0,0,0,0,0,0,0,0
19.62,64.000000000011724,103,50,101,113,47.999999999976552,29.000000000011724,169,11.320000000000352,736.37999999999988,GT,model_assisted_not_ground_truth,0,0,0,0,0,0,0,0,0,0,0
19.63,64.999999999988987,102.00000000001101,50.999999999988987,101,112.00000000001101,46.000000000022027,29,169,11.32,737.37999999998897,GT,model_assisted_not_ground_truth,0,0,0,0,0,0,0,0,0,0,0
19.64,65,102.99999999999005,50.000000000009948,101.99999999999005,112.99999999999005,46,29,168.00000000000995,11.305000000000149,738.88499999998498,GT,model_assisted_not_ground_truth,0,0,0,0,0,0,0,0,0,0,0
19.65,65,102.00000000000888,50.999999999991118,101.00000000000888,113,46.999999999991118,29,168.99999999999113,11.290000000000132,740.38999999998657,GT,model_assisted_not_ground_truth,0,0,0,0,0,0,0,0,0,0,0
19.66,65,102.99999999999183,50.000000000008171,101,113.99999999999183,46.000000000008171,29,168.00000000000819,11.280000000000081,738.38000000001637,GT,model_assisted_not_ground_truth,0,0,0,0,0,0,0,0,0,0,0
19.67,64.000000000007105,103.99999999999289,50.999999999992895,101.99999999999289,113.00000000000711,46,29,168,11.289999999999928,741.36999999997875,GT,model_assisted_not_ground_truth,0,0,0,0,0,0,0,0,0,0,0
19.68,52.000000000076739,103.00000000000639,51,102,113.99999999999361,47.99999999998721,29,168,11.260000000000192,742.37999999999352,GT,model_assisted_not_ground_truth,0,0,0,0,0,0,0,0,0,0,0
19.69,52,102.00000000000533,50.000000000005329,102.99999999999467,114,46.000000000010658,29,168,11.26,744.37999999998931,GT,model_assisted_not_ground_truth,0,0,0,0,0,0,0,0,0,0,0
19.70,51.000000000004619,102.99999999999538,50,102.00000000000462,113.00000000000462,46,28.000000000004619,164.00000000001847,11.26,744.38,GT,model_assisted_not_ground_truth,0,0,0,0,0,0,0,0,0,0,0
19.71,51,103,50,102,113.99999999999645,46,28.999999999996447,165.99999999999289,11.250000000000036,744.38499999999999,GT,model_assisted_not_ground_truth,0,0,0,0,0,0,0,0,0,0,0
19.72,49.000000000005684,103,50.999999999997158,102.99999999999716,113.00000000000284,46,29,166,11.240000000000029,744.38999999999999,GT,model_assisted_not_ground_truth,0,0,0,0,0,0,0,0,0,0,0
19.73,49.999999999998224,103.99999999999822,50.000000000001776,103.99999999999822,113,46,29,165.00000000000176,11.249999999999982,748.38999999999282,GT,model_assisted_not_ground_truth,0,0,0,0,0,0,0,0,0,0,0
19.74,50.999999999999289,102.00000000000142,50,103.00000000000071,113,46,29,165.99999999999929,11.240000000000007,749.3999999999993,GT,model_assisted_not_ground_truth,0,0,0,0,0,0,0,0,0,0,0
19.75,51,103,51,104,112,46,29,167,11.23,750.39999999999998,GT,model_assisted_not_ground_truth,0,0,0,0,0,0,0,0,0,0,0
19.76,52,103,50,104.99999999999893,113.99999999999893,46,29,167.99999999999892,11.230000000000022,750.39999999999782,GT,model_assisted_not_ground_truth,0,0,0,0,0,0,0,0,0,0,0
19.77,51.999999999998224,103.00000000000178,50,103.99999999999822,112.99999999999467,46.000000000001776,29,167,11.250000000000018,748.4000000000035,GT,model_assisted_not_ground_truth,0,0,0,0,0,0,0,0,0,0,0
19.78,51.000000000002842,104,50,102.99999999999432,110.00000000000568,46.999999999997158,29,167,11.259999999999986,750.39000000000146,GT,model_assisted_not_ground_truth,0,0,0,0,0,0,0,0,0,0,0
19.79,51.999999999980815,104,50,101.00000000003837,111.99999999996163,46.000000000019185,29,167,11.254999999999981,750.8950000000018,GT,model_assisted_not_ground_truth,0,0,0,0,0,0,0,0,0,0,0
19.80,52,104.99999999998188,50,101.99999999998188,110.00000000003624,46,29,167.99999999998187,11.25,751.39999999999998,GT,model_assisted_not_ground_truth,0,0,0,0,0,0,0,0,0,0,0
19.81,63.9999999997911,104.00000000001741,50,102,109.00000000001741,46.999999999982592,29,167.00000000001739,11.25,751.39999999999998,GT,model_assisted_not_ground_truth,0,0,0,0,0,0,0,0,0,0,0
19.82,65.999999999967315,104,50.999999999983658,102,108.00000000001634,46.000000000016342,29,167,11.25,751.40000000001271,GT,model_assisted_not_ground_truth,0,0,0,0,0,0,0,0,0,0,0
19.83,64.000000000030553,103.00000000001528,49.000000000030553,102.99999999998472,108.99999999998472,46,29,167,11.25,753.3999999999694,GT,model_assisted_not_ground_truth,0,0,0,0,0,0,0,0,0,0,0
19.84,63.000000000014566,103.99999999998543,50.999999999970868,103,109.99999999998543,46,29,167,11.25,756.38999999995644,GT,model_assisted_not_ground_truth,0,0,0,0,0,0,0,0,0,0,0
19.85,64.999999999972999,104,50.0000000000135,102.0000000000135,110.9999999999865,46,29,168.999999999973,11.25,756.39999999999986,GT,model_assisted_not_ground_truth,0,0,0,0,0,0,0,0,0,0,0
19.86,63.00000000002558,104.99999999998721,50,102,110.00000000001279,46.99999999998721,29,169.99999999998721,11.25,756.40999999999985,GT,model_assisted_not_ground_truth,0,0,0,0,0,0,0,0,0,0,0
19.87,64.999999999976552,105.99999999998828,50,102.99999999998828,109.00000000001172,46.000000000011724,29,170,11.279999999999648,755.34000000001254,GT,model_assisted_not_ground_truth,0,0,0,0,0,0,0,0,0,0,0
19.88,65,106.99999999998899,50,103.99999999998899,109,46,29,170.99999999998897,11.29999999999978,758.34999999996683,GT,model_assisted_not_ground_truth,0,0,0,0,0,0,0,0,0,0,0
19.89,64.000000000009948,106.00000000000995,50.999999999990052,104,109,46,29,173.99999999997016,11.290000000000099,758.36999999999978,GT,model_assisted_not_ground_truth,0,0,0,0,0,0,0,0,0,0,0
19.90,64.999999999991118,106.99999999999112,50.000000000008882,105.99999999998224,108.00000000000888,46,29,174.99999999999113,11.349999999999467,756.33000000001812,GT,model_assisted_not_ground_truth,0,0,0,0,0,0,0,0,0,0,0
19.91,63.000000000016342,107.99999999999183,50,106,108,46,29,175,11.330000000000163,758.33999999998366,GT,model_assisted_not_ground_truth,0,0,0,0,0,0,0,0,0,0,0
19.92,63.999999999992895,108,50,106,108,46,29,175,11.379999999999646,757.32000000000733,GT,model_assisted_not_ground_truth,0,0,0,0,0,0,0,0,0,0,0
19.93,66.999999999980815,107.00000000000639,50,106.99999999999361,109.99999999998721,46,29,175,11.38499999999997,756.31500000000642,GT,model_assisted_not_ground_truth,0,0,0,0,0,0,0,0,0,0,0
19.94,67,107.99999999999467,49.000000000005329,107,110.99999999999467,46,29,175.99999999999466,11.389999999999974,755.31000000000529,GT,model_assisted_not_ground_truth,0,0,0,0,0,0,0,0,0,0,0
19.95,67,107.00000000000462,49.999999999995381,105.00000000000924,109.00000000000924,46.999999999995381,29,176,11.449999999999722,755.30999999999995,GT,model_assisted_not_ground_truth,0,0,0,0,0,0,0,0,0,0,0
19.96,66.000000000003553,107.99999999999645,50.999999999996447,105.99999999999645,109,47,29,176,11.489999999999858,752.31000000001063,GT,model_assisted_not_ground_truth,0,0,0,0,0,0,0,0,0,0,0
19.97,65.000000000002842,108,50.000000000002842,105.00000000000284,108.00000000000284,47,29,176,11.499999999999972,751.31000000000279,GT,model_assisted_not_ground_truth,0,0,0,0,0,0,0,0,0,0,0
19.98,65.999999999998224,107.00000000000178,50,105.99999999999822,108,46.000000000001776,29,176,11.509999999999982,749.31000000000347,GT,model_assisted_not_ground_truth,0,0,0,0,0,0,0,0,0,0,0
19.99,66,107,50,106,108,46.999999999999289,29,176,11.529999999999985,753.29999999999711,GT,model_assisted_not_ground_truth,0,0,0,0,0,0,0,0,0,0,0
20.00,66,107,50,106,108,47,29,175,11.535,751.79999999999995,GT,model_assisted_not_ground_truth,0,0,0,0,0,0,0,0,0,0,0
20.01,66,106.0000000000032,50.999999999998934,107.00000000000107,108.00000000000107,46.000000000001066,29,175.00000000000108,11.539999999999999,750.29999999999779,GT,model_assisted_not_ground_truth,0,0,0,0,0,0,0,0,0,0,0
20.02,66,108.99999999999645,49.999999999998224,107.99999999999645,109,46.999999999998224,29.000000000001776,175.99999999999821,11.539999999999999,748.30000000000177,GT,model_assisted_not_ground_truth,0,0,0,0,0,0,0,0,0,0,0
20.03,66,107,49.000000000005684,106.00000000000568,108.99999999999716,46,29.999999999997158,175.00000000000284,11.540000000000056,749.29999999999995,GT,model_assisted_not_ground_truth,0,0,0,0,0,0,0,0,0,0,0
20.04,66,107,50.999999999961631,107.99999999996163,108.00000000001918,46,29.000000000019185,175.99999999998082,11.560000000000072,749.300000000007,GT,model_assisted_not_ground_truth,0,0,0,0,0,0,0,0,0,0,0
20.05,66,107,51,108,108,46.999999999981881,29,175.00000000001813,11.579999999999723,751.28999999999075,GT,model_assisted_not_ground_truth,0,0,0,0,0,0,0,0,0,0,0
20.06,66,107,51,108,107.00000000001741,47,29,175.99999999998261,11.52000000000008,749.3000000000053,GT,model_assisted_not_ground_truth,0,0,0,0,0,0,0,0,0,0,0
20.07,66,107,49.000000000032685,108.99999999998366,108.99999999996732,46.000000000016342,29,176.99999999998366,11.534999999999926,750.29999999999495,GT,model_assisted_not_ground_truth,0,0,0,0,0,0,0,0,0,0,0
20.08,65.000000000015277,107,49,109,108.00000000001528,46,29,177,11.549999999999772,751.29999999998472,GT,model_assisted_not_ground_truth,0,0,0,0,0,0,0,0,0,0,0
20.09,65.999999999985434,107,50.999999999970868,109,108,46,29,177,11.540000000000145,752.2999999999854,GT,model_assisted_not_ground_truth,0,0,0,0,0,0,0,0,0,0,0
20.10,66,107.9999999999865,49.000000000027001,109,107.0000000000135,46,29,177,11.549999999999866,753.29999999998643,GT,model_assisted_not_ground_truth,0,0,0,0,0,0,0,0,0,0,0
20.11,66,107.00000000001279,49.99999999998721,109,107,46,29,177.99999999998721,11.530000000000255,754.30999999998699,GT,model_assisted_not_ground_truth,0,0,0,0,0,0,0,0,0,0,0
20.12,66,107,49.000000000011724,109.99999999998828,107,46,29,177.00000000001171,11.529999999999999,756.30999999997653,GT,model_assisted_not_ground_truth,0,0,0,0,0,0,0,0,0,0,0
20.13,66,107.99999999998899,49.999999999988987,110,107.99999999998899,46.999999999988987,29,177.99999999998897,11.51000000000022,756.30999999999995,GT,model_assisted_not_ground_truth,0,0,0,0,0,0,0,0,0,0,0
20.14,66,108.99999999999005,50.999999999990052,110,107.00000000000995,47,29,178.99999999999005,11.500000000000099,756.29000000000019,GT,model_assisted_not_ground_truth,0,0,0,0,0,0,0,0,0,0,0
20.15,66,109.99999999999112,49.000000000017764,110,107.99999999999112,46.000000000008882,29,179,11.509999999999911,756.28000000000009,GT,model_assisted_not_ground_truth,0,0,0,0,0,0,0,0,0,0,0
20.16,66,109.00000000000817,49.999999999991829,110,108.99999999999183,46,29,179.99999999999181,11.519999999999918,756.2700000000001,GT,model_assisted_not_ground_truth,0,0,0,0,0,0,0,0,0,0,0
20.17,67.999999999985789,109.99999999999289,50.999999999992895,110.99999999999289,111.99999999997868,47.999999999985789,29,180,11.470000000000356,755.31000000000677,GT,model_assisted_not_ground_truth,0,0,0,0,0,0,0,0,0,0,0
20.18,70.999999999980815,110,51,111,112,46.00000000001279,29,181.99999999998721,11.489999999999872,761.30999999996152,GT,model_assisted_not_ground_truth,0,0,0,0,0,0,0,0,0,0,0
20.19,71.999999999994671,110,51,111.99999999999467,112.99999999999467,46,29,181.00000000000534,11.499999999999947,760.31000000000529,GT,model_assisted_not_ground_truth,0,0,0,0,0,0,0,0,0,0,0
20.20,72.999999999995381,110,51,111.00000000000462,113,46,29,181,11.470000000000139,759.31000000000461,GT,model_assisted_not_ground_truth,0,0,0,0,0,0,0,0,0,0,0
20.21,73,110,49.000000000007105,111.99999999999645,113.99999999999645,46.999999999996447,29,181,11.470000000000001,758.28000000000361,GT,model_assisted_not_ground_truth,0,0,0,0,0,0,0,0,0,0,0
20.22,73,110.99999999999716,49.999999999997158,111.00000000000284,114,47.999999999997158,29,182.99999999999432,11.465000000000014,758.77499999999861,GT,model_assisted_not_ground_truth,0,0,0,0,0,0,0,0,0,0,0
20.23,73,111.99999999999822,50,111,115.99999999999645,46.000000000003553,28.000000000001776,183,11.46000000000001,759.26999999999907,GT,model_assisted_not_ground_truth,0,0,0,0,0,0,0,0,0,0,0
20.24,72.000000000000711,111.00000000000071,50,109.00000000000142,116,46,29.999999999998579,183.99999999999929,11.469999999999994,760.24999999999932,GT,model_assisted_not_ground_truth,0,0,0,0,0,0,0,0,0,0,0
20.25,72,112,50,111,116,46,29,184,11.49,758.24000000000001,GT,model_assisted_not_ground_truth,0,0,0,0,0,0,0,0,0,0,0
20.26,73,110.00000000000054,50.000000000000533,111.00000000000054,118,46,29,184,11.45999999999999,757.25000000000216,GT,model_assisted_not_ground_truth,0,0,0,0,0,0,0,0,0,0,0
20.27,73,110.50000000000088,50.500000000000888,111.50000000000088,118,46,29,184,11.450000000000035,759.26999999999998,GT,model_assisted_not_ground_truth,0,0,0,0,0,0,0,0,0,0,0
20.28,73,111,50.999999999994316,112,117.99999999999432,46.000000000002842,29,184,11.470000000000001,759.24999999999432,GT,model_assisted_not_ground_truth,0,0,0,0,0,0,0,0,0,0,0
20.29,73,111,49.000000000038369,112,116.00000000003837,46.999999999980815,29,184,11.470000000000018,757.25000000000716,GT,model_assisted_not_ground_truth,0,0,0,0,0,0,0,0,0,0,0
20.30,73,111,49.999999999981881,112,117.99999999996376,46.000000000018119,29,184,11.475000000000023,759.25000000000921,GT,model_assisted_not_ground_truth,0,0,0,0,0,0,0,0,0,0,0
20.31,73,111,50.499999999991296,112,118,46,29,184,11.480000000000107,761.2499999999892,GT,model_assisted_not_ground_truth,0,0,0,0,0,0,0,0,0,0,0
20.32,73,111,50.999999999991829,112,118,46,29,184,11.499999999999872,759.23000000000013,GT,model_assisted_not_ground_truth,0,0,0,0,0,0,0,0,0,0,0
20.33,73,111.99999999998472,50.000000000015277,111.00000000001528,119.99999999996945,46,28.000000000015277,184,11.480000000000306,759.2399999999999,GT,model_assisted_not_ground_truth,0,0,0,0,0,0,0,0,0,0,0
20.34,73,112,50,112.99999999997087,119.00000000001457,46,28.999999999985434,184.99999999998545,11.48,760.24999999998533,GT,model_assisted_not_ground_truth,0,0,0,0,0,0,0,0,0,0,0
20.35,72.0000000000135,112,50.9999999999865,113,119,47.999999999972999,29,181.000000000054,11.470000000000136,758.25000000002706,GT,model_assisted_not_ground_truth,0,0,0,0,0,0,0,0,0,0,0
20.36,72,112,51,113,120.99999999997442,47.00000000001279,29,179.00000000002558,11.465000000000064,757.75000000000637,GT,model_assisted_not_ground_truth,0,0,0,0,0,0,0,0,0,0,0
20.37,72.999999999988276,112,51,113,121,47,29.999999999988276,183.99999999994139,11.460000000000059,757.25000000000591,GT,model_assisted_not_ground_truth,0,0,0,0,0,0,0,0,0,0,0
20.38,73,112,50.000000000011013,113.99999999998899,121.99999999998899,47,30,183.00000000001103,11.48999999999967,760.23999999996704,GT,model_assisted_not_ground_truth,0,0,0,0,0,0,0,0,0,0,0
20.39,73,112,50.999999999990052,113.00000000000995,121.00000000000995,46.000000000009948,29.000000000009948,182.00000000000995,11.49,760.24000000000001,GT,model_assisted_not_ground_truth,0,0,0,0,0,0,0,0,0,0,0
20.40,73,111.00000000000888,50.000000000008882,113.99999999999112,121.99999999999112,46,29.999999999991118,182,11.49,759.24000000000888,GT,model_assisted_not_ground_truth,0,0,0,0,0,0,0,0,0,0,0
20.41,73,111.99999999999183,50.999999999991829,114,122,46,29.000000000008171,182.99999999999181,11.49,760.23999999999182,GT,model_assisted_not_ground_truth,0,0,0,0,0,0,0,0,0,0,0
20.42,73,112,51,114,122.99999999999289,46.999999999992895,29.999999999992895,183.99999999999289,11.480000000000071,760.24999999999989,GT,model_assisted_not_ground_truth,0,0,0,0,0,0,0,0,0,0,0
20.43,72.000000000006395,112,51,114,122.00000000000639,47,30,183.00000000000639,11.48,760.25,GT,model_assisted_not_ground_truth,0,0,0,0,0,0,0,0,0,0,0
20.44,73.999999999989342,112,51,114,122,47,29.000000000005329,183.99999999999466,11.499999999999893,758.74500000000808,GT,model_assisted_not_ground_truth,0,0,0,0,0,0,0,0,0,0,0
20.45,74,111.00000000000462,50.000000000004619,114,122,46.000000000004619,29.999999999995381,184,11.519999999999907,757.24000000000694,GT,model_assisted_not_ground_truth,0,0,0,0,0,0,0,0,0,0,0
20.46,73.000000000003553,112.99999999999289,50.999999999996447,114,122.99999999999645,46,29.000000000003553,184.99999999999645,11.510000000000035,756.24000000000353,GT,model_assisted_not_ground_truth,0,0,0,0,0,0,0,0,0,0,0
20.47,73,113.99999999999716,51,114,123,47.999999999994316,29,185,11.519999999999971,756.24000000000001,GT,model_assisted_not_ground_truth,0,0,0,0,0,0,0,0,0,0,0
20.48,73.999999999998224,113.00000000000178,51,114.99999999999822,123,46.000000000003553,29,187.99999999999466,11.52,757.23999999999819,GT,model_assisted_not_ground_truth,0,0,0,0,0,0,0,0,0,0,0
20.49,72.000000000001421,112.00000000000071,51,115,122.00000000000071,47.999999999998579,28.000000000000711,187.00000000000071,11.529999999999992,754.24000000000217,GT,model_assisted_not_ground_truth,0,0,0,0,0,0,0,0,0,0,0
20.50,74,114,50,115,123,47,30,186,11.529999999999999,754.24000000000001,GT,model_assisted_not_ground_truth,0,0,0,0,0,0,0,0,0,0,0
20.51,74,114,50,115.99999999999893,122.99999999999893,47.000000000001066,29,185,11.559999999999985,755.23000000000002,GT,model_assisted_not_ground_truth,0,0,0,0,0,0,0,0,0,0,0
20.52,74.000000000001776,113.99999999999822,50,115.00000000000178,122,47.999999999998224,29,185.00000000000179,11.544999999999973,755.23500000000001,GT,model_assisted_not_ground_truth,0,0,0,0,0,0,0,0,0,0,0
20.53,75,113.00000000000284,50,115.99999999999432,122.00000000000284,46.999999999997158,29.000000000002842,186,11.530000000000056,755.23999999999432,GT,model_assisted_not_ground_truth,0,0,0,0,0,0,0,0,0,0,0
20.54,75,113.99999999998082,50,114.00000000003837,122.99999999998082,46.000000000019185,29.999999999980815,186,11.550000000000001,753.24000000000001,GT,model_assisted_not_ground_truth,0,0,0,0,0,0,0,0,0,0,0
20.55,74.000000000018119,114,50,115.99999999996376,124.99999999996376,46.999999999981881,30,186.99999999998187,11.550000000000001,753.24000000000001,GT,model_assisted_not_ground_truth,0,0,0,0,0,0,0,0,0,0,0
20.56,74.999999999982592,114,50.999999999982592,115.00000000001741,123.00000000003482,46.000000000017408,30,187,11.550000000000001,753.23999999999467,GT,model_assisted_not_ground_truth,0,0,0,0,0,0,0,0,0,0,0
20.57,75,114.99999999998366,50.000000000016342,115.99999999998366,123.99999999998366,46.999999999983658,28.000000000032685,187.99999999998366,11.550000000000001,752.24000000000319,GT,model_assisted_not_ground_truth,0,0,0,0,0,0,0,0,0,0,0
20.58,75.999999999984723,115.99999999998472,50.999999999984723,116,124,47.999999999984723,29.999999999969447,187.00000000001529,11.550000000000001,752.73999999999808,GT,model_assisted_not_ground_truth,0,0,0,0,0,0,0,0,0,0,0
20.59,76,114.00000000002913,51,116,124,46.000000000029132,30,187.99999999998545,11.550000000000001,753.23999999999273,GT,model_assisted_not_ground_truth,0,0,0,0,0,0,0,0,0,0,0
20.60,76,114,51,116,124,46.9999999999865,29.0000000000135,187.0000000000135,11.559999999999865,751.24000000002707,GT,model_assisted_not_ground_truth,0,0,0,0,0,0,0,0,0,0,0
20.61,76,115.99999999997442,51,116,122.00000000002558,47,29.99999999998721,187.99999999998721,11.550000000000129,753.23999999997443,GT,model_assisted_not_ground_truth,0,0,0,0,0,0,0,0,0,0,0
20.62,75.000000000011724,115.00000000001172,50.000000000011724,116,123.99999999997655,47,30,187.00000000001171,11.550000000000001,753.24000000000001,GT,model_assisted_not_ground_truth,0,0,0,0,0,0,0,0,0,0,0
20.63,76.999999999977973,114.00000000001101,50,116,124,47.999999999988987,29.000000000011013,187,11.56999999999978,751.24000000002206,GT,model_assisted_not_ground_truth,0,0,0,0,0,0,0,0,0,0,0
20.64,76.000000000009948,114,50.999999999990052,116.99999999999005,125.9999999999801,48,29,187,11.5600000000001,752.23999999999,GT,model_assisted_not_ground_truth,0,0,0,0,0,0,0,0,0,0,0
20.65,76.999999999991118,114,50.000000000008882,117,125.00000000000888,48,29,187.99999999999113,11.56,754.23999999998227,GT,model_assisted_not_ground_truth,0,0,0,0,0,0,0,0,0,0,0
20.66,76.000000000008171,114.99999999999183,50.999999999991829,117,123.00000000001634,46.000000000016342,29.999999999991829,188,11.56,753.24000000000819,GT,model_assisted_not_ground_truth,0,0,0,0,0,0,0,0,0,0,0
20.67,76.999999999992895,114.00000000000711,51,117,123,46.999999999992895,30,187.00000000000711,11.56,752.24000000000706,GT,model_assisted_not_ground_truth,0,0,0,0,0,0,0,0,0,0,0
20.68,77,113.00000000000639,50.000000000006395,117.99999999999361,123,47,30,187.99999999999361,11.569999999999936,753.23999999999364,GT,model_assisted_not_ground_truth,0,0,0,0,0,0,0,0,0,0,0
20.69,77,113.99999999999467,50.999999999994671,117.00000000000533,123,46.000000000005329,29.000000000005329,188.99999999999466,11.579999999999947,753.23000000000002,GT,model_assisted_not_ground_truth,0,0,0,0,0,0,0,0,0,0,0
20.70,77,114,50.000000000004619,117,124.99999999999076,46,29.999999999995381,189,11.560000000000093,752.24000000000456,GT,model_assisted_not_ground_truth,0,0,0,0,0,0,0,0,0,0,0
20.71,76.000000000003553,114.99999999999645,50,115.00000000000711,124.00000000000355,46,30,188.00000000000355,11.599999999999858,752.23000000000002,GT,model_assisted_not_ground_truth,0,0,0,0,0,0,0,0,0,0,0
20.72,76.999999999997158,114.00000000000284,50,117.99999999999147,124.99999999999716,46,30,188,11.609999999999971,750.24000000000569,GT,model_assisted_not_ground_truth,0,0,0,0,0,0,0,0,0,0,0
20.73,77,114.99999999999822,50,117.00000000000178,125,47.999999999996447,30,188,11.595000000000027,750.7399999999991,GT,model_assisted_not_ground_truth,0,0,0,0,0,0,0,0,0,0,0
20.74,77,113.00000000000142,50.999999999999289,117,124.00000000000071,47.000000000000711,30,188,11.580000000000011,751.23999999999967,GT,model_assisted_not_ground_truth,0,0,0,0,0,0,0,0,0,0,0
20.75,77,115,51,119,123,47,30,188,11.59,750.24000000000001,GT,model_assisted_not_ground_truth,0,0,0,0,0,0,0,0,0,0,0
20.76,77,117.00000000000213,51.999999999998934,118.00000000000107,123.00000000000107,47.000000000001066,29.999999999998934,188,11.589999999999979,747.21999999999787,GT,model_assisted_not_ground_truth,0,0,0,0,0,0,0,0,0,0,0
20.77,77,118.99999999999645,50.999999999998224,119,124.00000000000178,47.999999999996447,29.000000000001776,188,11.569999999999947,745.24000000000365,GT,model_assisted_not_ground_truth,0,0,0,0,0,0,0,0,0,0,0
20.78,76.999999999997158,117.00000000000284,50,118.99999999999716,125,46.000000000002842,30,188,11.539999999999971,747.2699999999943,GT,model_assisted_not_ground_truth,0,0,0,0,0,0,0,0,0,0,0
20.79,76.000000000019185,117.99999999998082,50,118.00000000001918,125,46.999999999980815,30,188,11.529999999999999,745.27999999999997,GT,model_assisted_not_ground_truth,0,0,0,0,0,0,0,0,0,0,0
20.80,76.999999999981881,118.99999999998188,50.999999999981881,118.99999999998188,124.00000000001812,47,30,188.99999999998187,11.529999999999999,745.28999999999758,GT,model_assisted_not_ground_truth,0,0,0,0,0,0,0,0,0,0,0
20.81,77.999999999982592,117.00000000003482,51,118.00000000001741,124,46.000000000017408,29.000000000017408,189.99999999998261,11.529999999999999,744.78499999999724,GT,model_assisted_not_ground_truth,0,0,0,0,0,0,0,0,0,0,0
20.82,78,118.99999999996732,50.000000000016342,118.99999999998366,125.99999999996732,46.999999999983658,29.999999999983658,190,11.529999999999999,744.27999999999997,GT,model_assisted_not_ground_truth,0,0,0,0,0,0,0,0,0,0,0
20.83,78,118.00000000001528,50,119,124.00000000003055,47.999999999984723,29.000000000015277,190,11.529999999999999,744.27999999999997,GT,model_assisted_not_ground_truth,0,0,0,0,0,0,0,0,0,0,0
20.84,78,118,50,118.00000000001457,124,47.000000000014566,29.999999999985434,190,11.490000000000583,743.31000000001404,GT,model_assisted_not_ground_truth,0,0,0,0,0,0,0,0,0,0,0
20.85,78,119.999999999973,50.9999999999865,118,124,47,30,190,11.499999999999865,741.30000000002713,GT,model_assisted_not_ground_truth,0,0,0,0,0,0,0,0,0,0,0
20.86,77.00000000001279,119.00000000001279,50.00000000001279,118.99999999998721,124.99999999998721,47,30,190,11.5,742.30999999998699,GT,model_assisted_not_ground_truth,0,0,0,0,0,0,0,0,0,0,0
20.87,77.999999999988276,119,50,118.00000000001172,125,47,30,190,11.5,743.31999999998823,GT,model_assisted_not_ground_truth,0,0,0,0,0,0,0,0,0,0,0
20.88,78,119.99999999998899,51.999999999977973,119.99999999997797,125,47.999999999988987,30,190.99999999998897,11.504999999999946,742.32000000001108,GT,model_assisted_not_ground_truth,0,0,0,0,0,0,0,0,0,0,0
20.89,78,120,50.000000000019895,119.00000000000995,124.00000000000995,47.000000000009948,29.000000000009948,191,11.50999999999995,741.32000000000994,GT,model_assisted_not_ground_truth,0,0,0,0,0,0,0,0,0,0,0
20.90,78.999999999991118,118.00000000001776,50.999999999991118,120.99999999998224,124,47.999999999991118,29.999999999991118,191,11.519999999999911,742.31999999999118,GT,model_assisted_not_ground_truth,0,0,0,0,0,0,0,0,0,0,0
20.91,79,120.99999999997549,51,121,124.99999999999183,47.000000000008171,30,191,11.52,740.31000000001632,GT,model_assisted_not_ground_truth,0,0,0,0,0,0,0,0,0,0,0
20.92,78.000000000007105,121.99999999999289,50.000000000007105,121,124.00000000000711,47,30,188.00000000002132,11.500000000000142,740.31999999999994,GT,model_assisted_not_ground_truth,0,0,0,0,0,0,0,0,0,0,0
20.93,78.999999999993605,122,50,121,123.00000000000639,47.999999999993605,30,187.00000000000639,11.509999999999936,739.32000000000642,GT,model_assisted_not_ground_truth,0,0,0,0,0,0,0,0,0,0,0
20.94,79,122,50,121.99999999999467,124.99999999998934,47.000000000005329,30,187.99999999999466,11.51,739.32000000000005,GT,model_assisted_not_ground_truth,0,0,0,0,0,0,0,0,0,0,0
20.95,78.000000000004619,121.00000000000462,50.999999999995381,122,124.00000000000462,47.999999999995381,30,188,11.500000000000046,739.32500000000005,GT,model_assisted_not_ground_truth,0,0,0,0,0,0,0,0,0,0,0
20.96,78,121,51,122,125.99999999999289,46.000000000007105,30,188,11.490000000000036,739.33000000000004,GT,model_assisted_not_ground_truth,0,0,0,0,0,0,0,0,0,0,0
20.97,77.000000000002842,120.00000000000284,51,122,125.00000000000284,47.999999999994316,29.000000000002842,188,11.499999999999972,740.3299999999972,GT,model_assisted_not_ground_truth,0,0,0,0,0,0,0,0,0,0,0
20.98,77.999999999998224,121.99999999999645,50.000000000001776,121.00000000000178,124.00000000000178,46.000000000003553,29.999999999998224,188,11.509999999999982,743.34999999999468,GT,model_assisted_not_ground_truth,0,0,0,0,0,0,0,0,0,0,0
20.99,77.000000000000711,121.00000000000071,50,121,124.99999999999929,46.999999999999289,30,188,11.51,744.32999999999936,GT,model_assisted_not_ground_truth,0,0,0,0,0,0,0,0,0,0,0
21.00,78,120,52,121,123,47,30,188,11.5,743.33000000000004,GT,model_assisted_not_ground_truth,0,0,0,0,0,0,0,0,0,0,0
21.01,77.000000000001066,120.00000000000213,50.000000000001066,121,124.99999999999893,47,30,188,11.51,742.32000000000107,GT,model_assisted_not_ground_truth,0,0,0,0,0,0,0,0,0,0,0
21.02,78,122,50.999999999998224,120.99999999999822,124,47,29.999999999998224,187.99999999999821,11.51,743.33000000000266,GT,model_assisted_not_ground_truth,0,0,0,0,0,0,0,0,0,0,0
21.03,78,122,50,120.00000000000284,124.00000000000853,47.000000000002842,29,187,11.51,744.83000000000425,GT,model_assisted_not_ground_truth,0,0,0,0,0,0,0,0,0,0,0
21.04,78,122,50,120.99999999998082,126.99999999994245,47.999999999980815,29,187,11.51,746.32999999999288,GT,model_assisted_not_ground_truth,0,0,0,0,0,0,0,0,0,0,0
21.05,78,122,50.999999999981881,121,125.00000000003624,47.000000000018119,29.999999999981881,187.99999999998187,11.51,744.33000000000004,GT,model_assisted_not_ground_truth,0,0,0,0,0,0,0,0,0,0,0
21.06,78,121.00000000001741,51,121,127.99999999994778,47,30,188,11.509999999999946,744.33000000000538,GT,model_assisted_not_ground_truth,0,0,0,0,0,0,0,0,0,0,0
21.07,78,120.00000000001634,50.000000000016342,121,127.00000000001634,47,30,188,11.500000000000064,745.33000000001277,GT,model_assisted_not_ground_truth,0,0,0,0,0,0,0,0,0,0,0
21.08,78,121.99999999996945,50,121.99999999998472,125.00000000003055,47,30,188,11.509999999999847,747.32999999996946,GT,model_assisted_not_ground_truth,0,0,0,0,0,0,0,0,0,0,0
21.09,78,122,50,121.00000000001457,125.99999999998543,47,30,188,11.529999999999708,741.32000000008759,GT,model_assisted_not_ground_truth,0,0,0,0,0,0,0,0,0,0,0
21.10,78,122.9999999999865,50,120.0000000000135,126,47,30,188,11.529999999999999,741.31000000000017,GT,model_assisted_not_ground_truth,0,0,0,0,0,0,0,0,0,0,0
21.11,78,123,50.99999999998721,120.99999999998721,125.00000000001279,47,30,188,11.529999999999999,741.30000000000007,GT,model_assisted_not_ground_truth,0,0,0,0,0,0,0,0,0,0,0
21.12,78,122.00000000001172,50.000000000011724,121,125.99999999998828,47,29.000000000011724,188,11.559999999999649,744.32999999996457,GT,model_assisted_not_ground_truth,0,0,0,0,0,0,0,0,0,0,0
21.13,78,121.00000000001101,50,121,124.00000000002203,47,29.999999999988987,188.99999999998897,11.550000000000111,745.32999999998901,GT,model_assisted_not_ground_truth,0,0,0,0,0,0,0,0,0,0,0
21.14,77.000000000009948,122.9999999999801,50.999999999990052,121,125.9999999999801,47.999999999990052,30,188.00000000000995,11.559999999999901,742.31000000002996,GT,model_assisted_not_ground_truth,0,0,0,0,0,0,0,0,0,0,0
21.15,77.999999999991118,123,50.000000000008882,121,126.99999999999112,47.000000000008882,30,187.00000000000887,11.569999999999911,740.3000000000178,GT,model_assisted_not_ground_truth,0,0,0,0,0,0,0,0,0,0,0
21.16,78,122.00000000000817,50.999999999991829,121,124.00000000002451,47,30,187.99999999999181,11.579999999999918,741.28999999999189,GT,model_assisted_not_ground_truth,0,0,0,0,0,0,0,0,0,0,0
21.17,78,122,50.000000000007105,120.00000000000711,124,47,30,188,11.589999999999929,741.78499999999644,GT,model_assisted_not_ground_truth,0,0,0,0,0,0,0,0,0,0,0
21.18,78,121.00000000000639,51.99999999998721,120.99999999999361,124,47,29.000000000006395,187.00000000000639,11.599999999999936,742.27999999999679,GT,model_assisted_not_ground_truth,0,0,0,0,0,0,0,0,0,0,0
21.19,78,121.99999999999467,51.000000000005329,121,124,47,29.999999999994671,187.99999999999466,11.590000000000053,743.2999999999945,GT,model_assisted_not_ground_truth,0,0,0,0,0,0,0,0,0,0,0
21.20,78,122,51,121,124.99999999999538,47,28.000000000009237,188.9999999999954,11.59,742.30000000000462,GT,model_assisted_not_ground_truth,0,0,0,0,0,0,0,0,0,0,0
21.21,78,122.99999999999645,51,120.00000000000355,125,47,29.999999999992895,189,11.59,742.28999999999996,GT,model_assisted_not_ground_truth,0,0,0,0,0,0,0,0,0,0,0
21.22,78,123,50.000000000002842,120.99999999999716,123.00000000000568,47,30,189,11.609999999999943,742.29999999999995,GT,model_assisted_not_ground_truth,0,0,0,0,0,0,0,0,0,0,0
21.23,78,123,50,120.00000000000178,123.99999999999822,47,29.000000000001776,189.99999999999824,11.600000000000017,741.30000000000177,GT,model_assisted_not_ground_truth,0,0,0,0,0,0,0,0,0,0,0
21.24,78,123,50.999999999999289,120,122.00000000000142,47,29.999999999999289,189.00000000000071,11.595000000000002,741.29999999999995,GT,model_assisted_not_ground_truth,0,0,0,0,0,0,0,0,0,0,0
21.25,77,121,50,120,123,47,30,189,11.59,741.29999999999995,GT,model_assisted_not_ground_truth,0,0,0,0,0,0,0,0,0,0,0
21.26,77,120.00000000000107,50.000000000001066,119,122.00000000000107,47,30,188.00000000000213,11.589999999999989,742.30999999999995,GT,model_assisted_not_ground_truth,0,0,0,0,0,0,0,0,0,0,0
21.27,77.000000000001776,121,50.999999999998224,119.00000000000178,123.00000000000178,47.000000000001776,29.999999999998224,190.00000000000179,11.580000000000018,742.30999999999995,GT,model_assisted_not_ground_truth,0,0,0,0,0,0,0,0,0,0,0
21.28,77.999999999997158,121.00000000000568,50.000000000002842,119.99999999999716,123.99999999999716,47.999999999997158,29,190.99999999999432,11.59,742.3099999999971,GT,model_assisted_not_ground_truth,0,0,0,0,0,0,0,0,0,0,0
21.29,77.000000000019185,122.99999999996163,50.999999999980815,119.00000000001918,123.00000000001918,47.000000000019185,29,189.00000000003837,11.59,741.31000000000347,GT,model_assisted_not_ground_truth,0,0,0,0,0,0,0,0,0,0,0
21.30,77,121.00000000003624,51,119.99999999998188,122.00000000001812,47,29.999999999981881,188.00000000001813,11.59,742.29999999999995,GT,model_assisted_not_ground_truth,0,0,0,0,0,0,0,0,0,0,0
21.31,77,121.99999999998259,51,120,123.99999999996518,47.999999999982592,30,188.99999999998261,11.589999999999973,742.30000000000257,GT,model_assisted_not_ground_truth,0,0,0,0,0,0,0,0,0,0,0
21.32,77,122,51,120,123.00000000001634,48,30,189,11.585000000000026,742.79999999999745,GT,model_assisted_not_ground_truth,0,0,0,0,0,0,0,0,0,0,0
21.33,77.999999999984723,121.00000000001528,50.000000000015277,120,123.99999999998472,47.000000000015277,30,189,11.580000000000076,743.29999999999234,GT,model_assisted_not_ground_truth,0,0,0,0,0,0,0,0,0,0,0
21.34,77.000000000014566,121,50.999999999985434,120,122.00000000002913,47,29.000000000014566,189.99999999998545,11.589999999999854,741.31000000002894,GT,model_assisted_not_ground_truth,0,0,0,0,0,0,0,0,0,0,0
21.35,77.9999999999865,121,51,120,122.9999999999865,47,29.9999999999865,189.0000000000135,11.57000000000027,740.31000000001347,GT,model_assisted_not_ground_truth,0,0,0,0,0,0,0,0,0,0,0
21.36,77.00000000001279,121.99999999998721,51,119.00000000001279,123.99999999998721,47,30,189.99999999998721,11.579999999999872,741.30999999998721,GT,model_assisted_not_ground_truth,0,0,0,0,0,0,0,0,0,0,0
21.37,77.999999999988276,121.00000000001172,51,119,124,46.000000000011724,29.000000000011724,189.00000000001171,11.560000000000235,740.32000000001165,GT,model_assisted_not_ground_truth,0,0,0,0,0,0,0,0,0,0,0
21.38,77.000000000011013,121,51,119.99999999998899,125.99999999997797,46,29.999999999988987,189.99999999998897,11.56999999999989,736.31000000004406,GT,model_assisted_not_ground_truth,0,0,0,0,0,0,0,0,0,0,0
21.39,77,121,51,120,126,46.999999999990052,30,190,11.589999999999801,740.29999999996028,GT,model_assisted_not_ground_truth,0,0,0,0,0,0,0,0,0,0,0
21.40,77,121,51,120.99999999999112,124.00000000001776,47,30,189.00000000000887,11.594999999999956,738.80000000001326,GT,model_assisted_not_ground_truth,0,0,0,0,0,0,0,0,0,0,0
21.41,75.000000000016342,121,51,121,124,47.999999999991829,29.000000000008171,189,11.599999999999959,737.30000000001223,GT,model_assisted_not_ground_truth,0,0,0,0,0,0,0,0,0,0,0
21.42,75.999999999992895,122.99999999998579,51,120.00000000000711,124,48,29.999999999992895,188.00000000000711,11.590000000000071,736.300000000007,GT,model_assisted_not_ground_truth,0,0,0,0,0,0,0,0,0,0,0
21.43,76,121.00000000001279,51.999999999993605,120.99999999999361,124.99999999999361,47.000000000006395,30,187.00000000000639,11.59,738.29999999998722,GT,model_assisted_not_ground_truth,0,0,0,0,0,0,0,0,0,0,0
21.44,76,121.99999999999467,50.000000000010658,121,123.00000000001066,47,30,187.99999999999466,11.59,737.29000000000531,GT,model_assisted_not_ground_truth,0,0,0,0,0,0,0,0,0,0,0
21.45,76,122,50.999999999995381,121,127.99999999997691,47,30,187.0000000000046,11.59,737.30999999999983,GT,model_assisted_not_ground_truth,0,0,0,0,0,0,0,0,0,0,0
21.46,75.000000000003553,121.00000000000355,50.000000000003553,121,127.00000000000355,47.999999999996447,30,187,11.580000000000036,737.80999999999813,GT,model_assisted_not_ground_truth,0,0,0,0,0,0,0,0,0,0,0
21.47,76.999999999994316,121,50,120.00000000000284,125.00000000000568,47.000000000002842,30,187,11.570000000000029,738.30999999999858,GT,model_assisted_not_ground_truth,0,0,0,0,0,0,0,0,0,0,0
21.48,77,121,50.999999999998224,121.99999999999645,125,47,30,187.99999999999824,11.579999999999982,736.31000000000347,GT,model_assisted_not_ground_truth,0,0,0,0,0,0,0,0,0,0,0
21.49,77,120.00000000000071,50.000000000000711,121.00000000000071,125,46.000000000000711,28.000000000001421,188,11.570000000000007,735.31000000000063,GT,model_assisted_not_ground_truth,0,0,0,0,0,0,0,0,0,0,0
21.50,78,120,51,120,126,46,30,189,11.56,736.32000000000005,GT,model_assisted_not_ground_truth,0,0,0,0,0,0,0,0,0,0,0
21.51,77.999999999998934,119.99999999999893,50.999999999998934,121,125.00000000000213,46.000000000001066,30,188.00000000000108,11.580000000000011,736.30999999999995,GT,model_assisted_not_ground_truth,0,0,0,0,0,0,0,0,0,0,0
21.52,77.000000000001776,119.00000000000178,50,121,127.00000000000178,47,30,188.99999999999821,11.589999999999947,736.30999999999642,GT,model_assisted_not_ground_truth,0,0,0,0,0,0,0,0,0,0,0
21.53,78,120,50,121,127.99999999999716,47,30,188.00000000000284,11.559999999999986,734.31000000000142,GT,model_assisted_not_ground_truth,0,0,0,0,0,0,0,0,0,0,0
21.54,78,120,50,121,127.00000000001918,47,30,188.99999999998082,11.554999999999982,734.81500000000176,GT,model_assisted_not_ground_truth,0,0,0,0,0,0,0,0,0,0,0
21.55,77.000000000018119,120,50,121,127.99999999998188,47,30,189,11.550000000000001,735.32000000000926,GT,model_assisted_not_ground_truth,0,0,0,0,0,0,0,0,0,0,0
21.56,77,120,50.999999999982592,121,128,47.999999999982592,30,188.00000000001739,11.550000000000054,737.31999999999459,GT,model_assisted_not_ground_truth,0,0,0,0,0,0,0,0,0,0,0
21.57,77.999999999983658,120.99999999998366,50.000000000016342,120.00000000001634,124.00000000006537,47.000000000016342,29.000000000016342,188,11.559999999999809,736.29000000002577,GT,model_assisted_not_ground_truth,0,0,0,0,0,0,0,0,0,0,0
21.58,77.000000000015277,121,50,120.99999999998472,125.99999999996945,47.999999999984723,29.999999999984723,188.99999999998471,11.530000000000458,740.32999999993831,GT,model_assisted_not_ground_truth,0,0,0,0,0,0,0,0,0,0,0
21.59,77,121,50,119.00000000002913,126.99999999998543,47.000000000014566,29.000000000014566,189,11.490000000000583,735.33000000007291,GT,model_assisted_not_ground_truth,0,0,0,0,0,0,0,0,0,0,0
21.60,77,120.0000000000135,50,119.9999999999865,127.9999999999865,47.9999999999865,29.9999999999865,189,11.50999999999973,736.31999999998663,GT,model_assisted_not_ground_truth,0,0,0,0,0,0,0,0,0,0,0
21.61,77.99999999998721,120.99999999998721,50.99999999998721,120,128.99999999998721,47.00000000001279,29.00000000001279,189.99999999998721,11.500000000000128,736.82499999999357,GT,model_assisted_not_ground_truth,0,0,0,0,0,0,0,0,0,0,0
21.62,78,121.99999999998828,50.000000000011724,120.99999999998828,127.00000000002345,47,29.999999999988276,189.00000000001171,11.490000000000117,737.32999999999413,GT,model_assisted_not_ground_truth,0,0,0,0,0,0,0,0,0,0,0
21.63,78,121.50000000000551,50,120.50000000000551,128.49999999998349,47,29.500000000005507,189,11.470000000000221,736.33000000001107,GT,model_assisted_not_ground_truth,0,0,0,0,0,0,0,0,0,0,0
21.64,78,121.00000000000497,50,120.00000000000497,129.99999999998508,47,29.000000000004974,189,11.4600000000001,737.3499999999899,GT,model_assisted_not_ground_truth,0,0,0,0,0,0,0,0,0,0,0
21.65,78,121,50.499999999995559,120,131.99999999998224,47,29.499999999995559,189,11.469999999999912,737.33000000000027,GT,model_assisted_not_ground_truth,0,0,0,0,0,0,0,0,0,0,0
21.66,78,121,50.999999999995914,120,133.99999999998366,47,29.999999999995914,189,11.470000000000001,736.3400000000081,GT,model_assisted_not_ground_truth,0,0,0,0,0,0,0,0,0,0,0
21.67,78,121,51,120,129.00000000003553,47,30,189,11.470000000000001,735.3300000000072,GT,model_assisted_not_ground_truth,0,0,0,0,0,0,0,0,0,0,0
21.68,77.500000000003197,121,51,120,129.49999999999682,47.499999999996803,30,189,11.470000000000001,736.33999999999355,GT,model_assisted_not_ground_truth,0,0,0,0,0,0,0,0,0,0,0
21.69,77.000000000002672,121,51,120,129.99999999999733,47.999999999997335,30,189,11.465000000000028,736.33500000000004,GT,model_assisted_not_ground_truth,0,0,0,0,0,0,0,0,0,0,0
21.70,77,120.00000000000462,51,120.99999999999538,131.99999999999076,47.000000000004619,30,189,11.460000000000024,736.33000000000004,GT,model_assisted_not_ground_truth,0,0,0,0,0,0,0,0,0,0,0
21.71,77,121.99999999999289,51,121,129.00000000001066,47.999999999996447,30,190.99999999999289,11.450000000000035,736.33000000000004,GT,model_assisted_not_ground_truth,0,0,0,0,0,0,0,0,0,0,0
21.72,77.999999999997158,121.00000000000284,50.000000000002842,124.99999999998863,130.99999999999432,47.000000000002842,29.000000000002842,191,11.459999999999972,737.33999999999719,GT,model_assisted_not_ground_truth,0,0,0,0,0,0,0,0,0,0,0
21.73,78,121,50.999999999998224,125.99999999999822,128.00000000000534,47.999999999998224,29.999999999998224,191,11.450000000000017,738.33999999999821,GT,model_assisted_not_ground_truth,0,0,0,0,0,0,0,0,0,0,0
21.74,77.000000000000711,121.99999999999929,51,125.00000000000071,128.99999999999929,48,30,191.99999999999929,11.430000000000014,740.34999999999854,GT,model_assisted_not_ground_truth,0,0,0,0,0,0,0,0,0,0,0
21.75,79,122,50,125,129,47,30,192,11.43,738.85000000000002,GT,model_assisted_not_ground_truth,0,0,0,0,0,0,0,0,0,0,0
21.76,78.000000000001066,121.00000000000213,50,123,129.00000000000108,47,30,192,11.43,737.35000000000105,GT,model_assisted_not_ground_truth,0,0,0,0,0,0,0,0,0,0,0
21.77,78.999999999996447,123,50,122.99999999999822,130,47,30,192,11.430000000000017,738.34000000000003,GT,model_assisted_not_ground_truth,0,0,0,0,0,0,0,0,0,0,0
21.78,77.000000000002842,122.99999999999432,50.000000000002842,121.99999999999716,130,47,30,192,11.44,738.35000000000571,GT,model_assisted_not_ground_truth,0,0,0,0,0,0,0,0,0,0,0
21.79,77.999999999980815,121.00000000003837,50.999999999980815,121.00000000001918,130,47,30,192,11.44,740.35000000000002,GT,model_assisted_not_ground_truth,0,0,0,0,0,0,0,0,0,0,0
21.80,77.000000000018119,121.99999999998188,51,121,129.00000000001813,47,30,192,11.440000000000046,740.35000000000002,GT,model_assisted_not_ground_truth,0,0,0,0,0,0,0,0,0,0,0
21.81,78.999999999965183,121.00000000001741,50.000000000017408,123.99999999994778,130.99999999996518,47,30,192,11.450000000000053,740.34999999998411,GT,model_assisted_not_ground_truth,0,0,0,0,0,0,0,0,0,0,0
21.82,78.000000000016342,121.99999999998366,50,125.99999999996732,131,47,30,191.00000000001634,11.459999999999969,737.36000000000956,GT,model_assisted_not_ground_truth,0,0,0,0,0,0,0,0,0,0,0
21.83,78.999999999984723,122,50,123.00000000004583,131,47.999999999984723,30,191,11.45500000000002,738.8599999999941,GT,model_assisted_not_ground_truth,0,0,0,0,0,0,0,0,0,0,0
21.84,79,122.99999999998543,50.999999999985434,123.99999999998543,129.00000000002913,47.000000000014566,30,191,11.450000000000072,740.35999999997819,GT,model_assisted_not_ground_truth,0,0,0,0,0,0,0,0,0,0,0
21.85,78.0000000000135,122.0000000000135,50.0000000000135,124,127.000000000027,47,30,191,11.459999999999866,740.35000000000014,GT,model_assisted_not_ground_truth,0,0,0,0,0,0,0,0,0,0,0
21.86,78,122,50.99999999998721,125.99999999997442,128.99999999997442,47,30,191,11.450000000000127,739.36000000001263,GT,model_assisted_not_ground_truth,0,0,0,0,0,0,0,0,0,0,0
21.87,78,121.00000000001172,51,124.00000000002345,129.99999999998829,47,30,190.00000000001171,11.440000000000117,739.36000000000001,GT,model_assisted_not_ground_truth,0,0,0,0,0,0,0,0,0,0,0
21.88,78,121.99999999998899,51,123.00000000001101,129.00000000001103,47,29.000000000011013,190.99999999998897,11.449999999999889,739.36000000000001,GT,model_assisted_not_ground_truth,0,0,0,0,0,0,0,0,0,0,0
21.89,78,121.00000000000995,51,120.00000000002984,128.00000000000995,47,29.999999999990052,191,11.440000000000099,741.35999999998012,GT,model_assisted_not_ground_truth,0,0,0,0,0,0,0,0,0,0,0
21.90,78,121,51,120.99999999999112,128,47.999999999991118,30,190.00000000000887,11.44,740.36000000000888,GT,model_assisted_not_ground_truth,0,0,0,0,0,0,0,0,0,0,0
21.91,77.000000000008171,122.99999999998366,51,121,132.99999999995913,47.000000000008171,30,190,11.435000000000041,740.85999999999592,GT,model_assisted_not_ground_truth,0,0,0,0,0,0,0,0,0,0,0
21.92,77,120.00000000002132,50.000000000007105,121,129.00000000002842,47,30,190.99999999999289,11.430000000000035,741.35999999999649,GT,model_assisted_not_ground_truth,0,0,0,0,0,0,0,0,0,0,0
21.93,77,120.99999999999361,50.999999999993605,121,129,47,30,191,11.43,742.35999999999365,GT,model_assisted_not_ground_truth,0,0,0,0,0,0,0,0,0,0,0
21.94,77,121,50.000000000005329,121,129,47.999999999994671,30,191,11.420000000000053,743.35999999999467,GT,model_assisted_not_ground_truth,0,0,0,0,0,0,0,0,0,0,0
21.95,77,120.00000000000462,50,121,130.99999999999076,47.000000000004619,30,190.0000000000046,11.42,743.36000000000001,GT,model_assisted_not_ground_truth,0,0,0,0,0,0,0,0,0,0,0
21.96,77,121.99999999999289,50,121,128.00000000001066,47,29.000000000003553,190.99999999999645,11.42,743.36000000000001,GT,model_assisted_not_ground_truth,0,0,0,0,0,0,0,0,0,0,0
21.97,77,122,50,121.99999999999716,129.99999999999432,47,29.999999999997158,191,11.415000000000013,742.86000000000149,GT,model_assisted_not_ground_truth,0,0,0,0,0,0,0,0,0,0,0
21.98,77.999999999998224,122.99999999999822,50,125.99999999999289,128.00000000000355,47,30,191,11.410000000000009,742.36000000000092,GT,model_assisted_not_ground_truth,0,0,0,0,0,0,0,0,0,0,0
21.99,76.000000000001421,121.00000000000142,50,126,131.99999999999716,47,30,191,11.429999999999986,744.35999999999854,GT,model_assisted_not_ground_truth,0,0,0,0,0,0,0,0,0,0,0
22.00,77,121,50,124,130,47,30,192,11.41,743.36000000000001,GT,model_assisted_not_ground_truth,0,0,0,0,0,0,0,0,0,0,0
22.01,76.000000000001066,121,50.000000000001066,124.00000000000107,129.00000000000108,47,30,192,11.409999999999989,743.36999999999784,GT,model_assisted_not_ground_truth,0,0,0,0,0,0,0,0,0,0,0
22.02,77,120.99999999999645,50.999999999998224,125,129.99999999999645,47.000000000001776,29.999999999998224,192,11.400000000000018,741.3499999999982,GT,model_assisted_not_ground_truth,0,0,0,0,0,0,0,0,0,0,0
22.03,77,119.00000000000568,50,124.99999999999432,127.99999999999716,47.999999999997158,29,192,11.409999999999972,740.35000000000002,GT,model_assisted_not_ground_truth,0,0,0,0,0,0,0,0,0,0,0
22.04,77,120.99999999996163,50,123.00000000003837,127.00000000001918,47.000000000019185,29,192,11.400000000000036,740.36000000000354,GT,model_assisted_not_ground_truth,0,0,0,0,0,0,0,0,0,0,0
22.05,77,121,50.999999999981881,124.99999999996376,129.99999999994566,47,29.999999999981881,192.99999999998187,11.410000000000046,741.36000000000467,GT,model_assisted_not_ground_truth,0,0,0,0,0,0,0,0,0,0,0
22.06,77,121,50.000000000017408,125.99999999998259,128.00000000003482,47,29.000000000017408,192.00000000001739,11.41999999999984,742.35999999999467,GT,model_assisted_not_ground_truth,0,0,0,0,0,0,0,0,0,0,0
22.07,77,121,50,126,128,47,29.999999999983658,192.99999999998366,11.39000000000032,741.36000000000615,GT,model_assisted_not_ground_truth,0,0,0,0,0,0,0,0,0,0,0
22.08,77,121,50.999999999984723,126,128.99999999998471,47,30,193,11.439999999999236,742.31999999998538,GT,model_assisted_not_ground_truth,0,0,0,0,0,0,0,0,0,0,0
22.09,76.000000000014566,121.99999999998543,51,123.0000000000437,127.00000000002913,47.999999999985434,30,193,11.430000000000145,743.3199999999855,GT,model_assisted_not_ground_truth,0,0,0,0,0,0,0,0,0,0,0
22.10,76.9999999999865,121.0000000000135,50.0000000000135,124.999999999973,126.0000000000135,48,30,192.0000000000135,11.43,744.31999999998652,GT,model_assisted_not_ground_truth,0,0,0,0,0,0,0,0,0,0,0
22.11,77,120.00000000001279,50.99999999998721,124.00000000001279,126.99999999998721,47.00000000001279,30,192.99999999998721,11.420000000000128,746.32999999997435,GT,model_assisted_not_ground_truth,0,0,0,0,0,0,0,0,0,0,0
22.12,77,121.99999999997655,50.000000000011724,124,127,47.999999999988276,30,193,11.41500000000006,745.83000000000595,GT,model_assisted_not_ground_truth,0,0,0,0,0,0,0,0,0,0,0
22.13,77.999999999988987,122,50,125.99999999997797,126.00000000001101,47.000000000011013,30,193,11.410000000000055,745.3300000000055,GT,model_assisted_not_ground_truth,0,0,0,0,0,0,0,0,0,0,0
22.14,77.000000000009948,120.0000000000199,50,123.00000000002984,127.9999999999801,47,29.000000000009948,193,11.41,744.33000000000993,GT,model_assisted_not_ground_truth,0,0,0,0,0,0,0,0,0,0,0
22.15,77,120,50,123.99999999999112,126.00000000001776,47.999999999991118,29.999999999991118,193,11.419999999999911,745.32999999999117,GT,model_assisted_not_ground_truth,0,0,0,0,0,0,0,0,0,0,0
22.16,77.999999999991829,120.99999999999183,50.999999999991829,124.99999999999183,126,47.000000000008171,30,193.99999999999181,11.390000000000246,745.33999999999992,GT,model_assisted_not_ground_truth,0,0,0,0,0,0,0,0,0,0,0
22.17,78,121,50.000000000007105,123.00000000001421,126,47,29.000000000007105,194,11.399999999999929,747.33999999998582,GT,model_assisted_not_ground_truth,0,0,0,0,0,0,0,0,0,0,0
22.18,78,120.00000000000639,50,124.99999999998721,126.99999999999361,47,29.999999999993605,194,11.4,745.34000000001288,GT,model_assisted_not_ground_truth,0,0,0,0,0,0,0,0,0,0,0
22.19,78,120.99999999999467,50.999999999994671,125,125.00000000001066,47.999999999994671,30,194,11.395000000000028,744.34000000000538,GT,model_assisted_not_ground_truth,0,0,0,0,0,0,0,0,0,0,0
22.20,78.999999999995381,121.99999999999538,50.000000000004619,125.99999999999538,129.99999999997692,47.000000000004619,29.000000000004619,193.0000000000046,11.390000000000024,743.34000000000469,GT,model_assisted_not_ground_truth,0,0,0,0,0,0,0,0,0,0,0
22.21,78.000000000003553,121.00000000000355,50.999999999996447,125.00000000000355,126.00000000001421,47,29.999999999996447,193.99999999999645,11.399999999999965,745.33999999999287,GT,model_assisted_not_ground_truth,0,0,0,0,0,0,0,0,0,0,0
22.22,78,121,50.000000000002842,124.00000000000284,126,47.999999999997158,30,194,11.390000000000029,746.33999999999719,GT,model_assisted_not_ground_truth,0,0,0,0,0,0,0,0,0,0,0
22.23,78,121,50,125.99999999999645,126.99999999999822,47.000000000001776,30,194,11.360000000000053,745.34000000000185,GT,model_assisted_not_ground_truth,0,0,0,0,0,0,0,0,0,0,0
22.24,78,121.99999999999929,50,125.00000000000071,126.00000000000071,47,30,194,11.359999999999999,746.34999999999934,GT,model_assisted_not_ground_truth,0,0,0,0,0,0,0,0,0,0,0
22.25,79,124,50,126,127,47,29,194,11.359999999999999,746.35000000000002,GT,model_assisted_not_ground_truth,0,0,0,0,0,0,0,0,0,0,0
22.26,78,121.99999999999893,50.000000000001066,126,126.00000000000213,47,30,194.99999999999892,11.35000000000001,747.34999999999945,GT,model_assisted_not_ground_truth,0,0,0,0,0,0,0,0,0,0,0
22.27,78,120.99999999999822,50.999999999998224,126,127.99999999999822,47.000000000001776,30,194,11.360000000000017,746.84999999999911,GT,model_assisted_not_ground_truth,0,0,0,0,0,0,0,0,0,0,0
22.28,78.000000000002842,120.00000000000284,50.000000000002842,125.99999999999716,126.99999999999432,47.999999999997158,30,194,11.369999999999942,746.35000000000571,GT,model_assisted_not_ground_truth,0,0,0,0,0,0,0,0,0,0,0
22.29,78.999999999980815,120.99999999998082,50.999999999980815,125.00000000001918,125.00000000003837,47.000000000019185,30,194,11.350000000000035,748.34999999999638,GT,model_assisted_not_ground_truth,0,0,0,0,0,0,0,0,0,0,0
22.30,78.000000000018119,121,51,125.99999999998188,125.99999999998188,47,30,193.00000000001813,11.359999999999815,747.33000000000936,GT,model_assisted_not_ground_truth,0,0,0,0,0,0,0,0,0,0,0
22.31,78,121,50.000000000017408,125.00000000001741,125.00000000001741,47.999999999982592,30,193.99999999998261,11.320000000000054,749.36000000000001,GT,model_assisted_not_ground_truth,0,0,0,0,0,0,0,0,0,0,0
22.32,78,121,50.999999999983658,125,124.00000000001634,47.000000000016342,30,194,11.330000000000064,749.36000000000638,GT,model_assisted_not_ground_truth,0,0,0,0,0,0,0,0,0,0,0
22.33,78,123.99999999995417,50.000000000015277,123.00000000003055,124.99999999998472,47,30,194.99999999998471,11.339999999999847,750.35999999998478,GT,model_assisted_not_ground_truth,0,0,0,0,0,0,0,0,0,0,0
22.34,78,123.00000000001457,50.999999999985434,123.99999999998543,124.00000000001457,47,30,194.00000000001455,11.330000000000146,749.36000000001457,GT,model_assisted_not_ground_truth,0,0,0,0,0,0,0,0,0,0,0
22.35,78,120.0000000000405,50.0000000000135,124.9999999999865,124.9999999999865,47.9999999999865,29.0000000000135,194.9999999999865,11.320000000000135,748.36000000001354,GT,model_assisted_not_ground_truth,0,0,0,0,0,0,0,0,0,0,0
22.36,78,121.99999999997442,50.99999999998721,126.99999999997442,125.99999999998721,47.00000000001279,29.99999999998721,194.00000000001279,11.310000000000128,749.35999999998717,GT,model_assisted_not_ground_truth,0,0,0,0,0,0,0,0,0,0,0
22.37,78.999999999988276,122,51,127.99999999998828,128.99999999996481,47,30,194,11.31,749.36000000000001,GT,model_assisted_not_ground_truth,0,0,0,0,0,0,0,0,0,0,0
22.38,77.000000000022027,123.99999999997797,51.999999999988987,126.00000000002203,128.00000000001103,47.999999999988987,30,194,11.31,748.36000000001104,GT,model_assisted_not_ground_truth,0,0,0,0,0,0,0,0,0,0,0
22.39,77.999999999990052,124,51.000000000009948,126,126.0000000000199,47.000000000009948,30,194,11.290000000000198,746.36000000001991,GT,model_assisted_not_ground_truth,0,0,0,0,0,0,0,0,0,0,0
22.40,78,123.00000000000888,50.000000000008882,126,126.99999999999112,47,30,194,11.289999999999999,747.35999999999115,GT,model_assisted_not_ground_truth,0,0,0,0,0,0,0,0,0,0,0
22.41,77.000000000008171,121.00000000001634,50.999999999991829,126,126.00000000000817,47,30,194,11.280000000000081,745.36000000001638,GT,model_assisted_not_ground_truth,0,0,0,0,0,0,0,0,0,0,0
22.42,78.999999999985789,122.99999999998579,50.000000000007105,126,126.99999999999289,47,30,194,11.289999999999928,745.36000000000001,GT,model_assisted_not_ground_truth,0,0,0,0,0,0,0,0,0,0,0
22.43,78.000000000006395,123,50,126.99999999999361,127.99999999999361,47,30,194,11.299999999999937,745.36000000000001,GT,model_assisted_not_ground_truth,0,0,0,0,0,0,0,0,0,0,0
22.44,78,121.00000000001066,50.999999999994671,126.00000000000533,128,47,30,194,11.290000000000052,747.35999999998933,GT,model_assisted_not_ground_truth,0,0,0,0,0,0,0,0,0,0,0
22.45,78.999999999995381,121.99999999999538,51,126,129.99999999999076,47,30,194,11.309999999999908,746.36000000000467,GT,model_assisted_not_ground_truth,0,0,0,0,0,0,0,0,0,0,0
22.46,79,122.99999999999645,51,125.00000000000355,129.00000000000355,47.999999999996447,30,194,11.280000000000106,745.36000000000354,GT,model_assisted_not_ground_truth,0,0,0,0,0,0,0,0,0,0,0
22.47,77.000000000005684,123.99999999999716,50.000000000002842,125,128.00000000000284,48,30,194.99999999999716,11.289999999999971,746.35999999999717,GT,model_assisted_not_ground_truth,0,0,0,0,0,0,0,0,0,0,0
22.48,77.999999999998224,123.00000000000178,50,125.99999999999822,126.00000000000355,47.000000000001776,30,195,11.289999999999999,746.8599999999991,GT,model_assisted_not_ground_truth,0,0,0,0,0,0,0,0,0,0,0
22.49,78.999999999999289,123,50,126,127.99999999999858,47,30,195,11.289999999999999,747.35999999999967,GT,model_assisted_not_ground_truth,0,0,0,0,0,0,0,0,0,0,0
22.50,79,123,51,126,126,47,30,194,11.300000000000001,747.35000000000002,GT,model_assisted_not_ground_truth,0,0,0,0,0,0,0,0,0,0,0
22.51,78,123.00000000000107,50.999999999998934,126.99999999999787,127.00000000000107,47,30,194.99999999999892,11.29000000000001,747.35999999999785,GT,model_assisted_not_ground_truth,0,0,0,0,0,0,0,0,0,0,0
22.52,78,123.99999999999645,50,125,127.99999999999822,47,29.999999999998224,194.00000000000179,11.300000000000018,745.36000000000183,GT,model_assisted_not_ground_truth,0,0,0,0,0,0,0,0,0,0,0
22.53,78,122.00000000000284,50,125,127.00000000000568,47,29.000000000002842,195,11.309999999999972,746.35999999999717,GT,model_assisted_not_ground_truth,0,0,0,0,0,0,0,0,0,0,0
22.54,78,122.99999999998082,50,125,128.99999999996163,47,29.999999999980815,195,11.300000000000036,745.36000000000706,GT,model_assisted_not_ground_truth,0,0,0,0,0,0,0,0,0,0,0
22.55,78,123.99999999998188,50.999999999981881,126.99999999996376,128.00000000001813,47,30,194.00000000001813,11.310000000000024,747.34000000000469,GT,model_assisted_not_ground_truth,0,0,0,0,0,0,0,0,0,0,0
22.56,78,124.99999999998259,51,127,128,47,30,194,11.315000000000026,748.35000000000537,GT,model_assisted_not_ground_truth,0,0,0,0,0,0,0,0,0,0,0
22.57,78,124.00000000001634,51,127.99999999998366,127.00000000001634,47,30,194.99999999998366,11.319999999999936,749.35999999998728,GT,model_assisted_not_ground_truth,0,0,0,0,0,0,0,0,0,0,0
22.58,77.000000000015277,123.00000000001528,51,127.00000000001528,127,47.999999999984723,30,195,11.310000000000153,747.3600000000306,GT,model_assisted_not_ground_truth,0,0,0,0,0,0,0,0,0,0,0
22.59,77,123,51,126.00000000001457,127,48,30,194.00000000001455,11.319999999999855,746.36000000001457,GT,model_assisted_not_ground_truth,0,0,0,0,0,0,0,0,0,0,0
22.60,77.9999999999865,124.999999999973,51,126,127.9999999999865,47.0000000000135,30,194,11.32,747.35999999998648,GT,model_assisted_not_ground_truth,0,0,0,0,0,0,0,0,0,0,0
22.61,78,125,50.00000000001279,126.99999999998721,126.00000000002558,47.99999999998721,30,194,11.310000000000128,750.3599999999617,GT,model_assisted_not_ground_truth,0,0,0,0,0,0,0,0,0,0,0
22.62,78,125,50,126.00000000001172,126,47.000000000011724,30,194.99999999998829,11.31,749.3700000000116,GT,model_assisted_not_ground_truth,0,0,0,0,0,0,0,0,0,0,0
22.63,78.999999999988987,125,50.999999999988987,126.99999999998899,127.99999999997797,47,30,194.00000000001103,11.305000000000057,751.36999999997795,GT,model_assisted_not_ground_truth,0,0,0,0,0,0,0,0,0,0,0
22.64,78.000000000009948,123.0000000000199,50.000000000009948,126.00000000000995,125.00000000002984,47,30,194.99999999999005,11.30000000000005,753.36999999998011,GT,model_assisted_not_ground_truth,0,0,0,0,0,0,0,0,0,0,0
22.65,78,124.99999999998224,50,126,126.99999999998224,47.999999999991118,30,194.00000000000887,11.339999999999645,753.36000000000013,GT,model_assisted_not_ground_truth,0,0,0,0,0,0,0,0,0,0,0
22.66,78.999999999991829,122.00000000002451,50.999999999991829,125.00000000000817,126.00000000000817,47.000000000008171,30,194,11.34,753.36000000000001,GT,model_assisted_not_ground_truth,0,0,0,0,0,0,0,0,0,0,0
22.67,78.000000000007105,122,51,124.00000000000711,125.00000000000711,47.999999999992895,30,194,11.330000000000071,752.36000000000718,GT,model_assisted_not_ground_truth,0,0,0,0,0,0,0,0,0,0,0
22.68,78.999999999993605,121.00000000000639,51,124,125,47.000000000006395,30,194,11.339999999999936,753.35999999999365,GT,model_assisted_not_ground_truth,0,0,0,0,0,0,0,0,0,0,0
22.69,78.000000000005329,122.99999999998934,51,125.99999999998934,123.00000000001066,47,30,193.00000000000534,11.330000000000053,754.35999999999467,GT,model_assisted_not_ground_truth,0,0,0,0,0,0,0,0,0,0,0
22.70,77.000000000004619,122.00000000000462,51.999999999995381,122.00000000001847,124.99999999999076,47,30,193.9999999999954,11.334999999999976,753.86000000000229,GT,model_assisted_not_ground_truth,0,0,0,0,0,0,0,0,0,0,0
22.71,78.999999999992895,124.99999999998934,51.000000000003553,124.99999999998934,124.00000000000355,47,30,194,11.339999999999982,753.36000000000183,GT,model_assisted_not_ground_truth,0,0,0,0,0,0,0,0,0,0,0
22.72,78.000000000002842,125,50.000000000002842,125,119.00000000001421,47,30,193.00000000000284,11.320000000000057,754.35999999999717,GT,model_assisted_not_ground_truth,0,0,0,0,0,0,0,0,0,0,0
22.73,78.999999999998224,125.99999999999822,50.999999999998224,124.00000000000178,119,47,30,193,11.32,756.35999999999649,GT,model_assisted_not_ground_truth,0,0,0,0,0,0,0,0,0,0,0
22.74,79,124.00000000000142,51,123.00000000000071,116.00000000000213,46.000000000000711,30,193.99999999999929,11.329999999999993,755.3600000000007,GT,model_assisted_not_ground_truth,0,0,0,0,0,0,0,0,0,0,0
22.75,79,123,51,124,116,47,30,195,11.32,756.36000000000001,GT,model_assisted_not_ground_truth,0,0,0,0,0,0,0,0,0,0,0
22.76,78.999999999998934,122.00000000000107,51,125,115.99999999999893,47,30,194.00000000000108,11.30999999999999,756.35999999999683,GT,model_assisted_not_ground_truth,0,0,0,0,0,0,0,0,0,0,0
22.77,78.000000000001776,123.00000000000178,50.999999999998224,124.99999999999822,115,47,30,194.99999999999821,11.300000000000001,753.37000000000091,GT,model_assisted_not_ground_truth,0,0,0,0,0,0,0,0,0,0,0
22.78,79,124,50.000000000002842,124.00000000000568,115.00000000001137,47,30,194.00000000000284,11.300000000000001,753.86500000000137,GT,model_assisted_not_ground_truth,0,0,0,0,0,0,0,0,0,0,0
22.79,79,124,50.999999999980815,125.99999999996163,118.99999999992326,47,30,194.99999999998082,11.300000000000001,754.35999999999649,GT,model_assisted_not_ground_truth,0,0,0,0,0,0,0,0,0,0,0
22.80,79,123.00000000001812,51,126.99999999998188,117.00000000003624,47,30,195.99999999998187,11.299999999999908,753.36000000000001,GT,model_assisted_not_ground_truth,0,0,0,0,0,0,0,0,0,0,0
22.81,79,123.99999999998259,51,127,118.99999999996518,46.000000000017408,30,195.00000000001739,11.202449547609106,753.70416220549396,GT,model_assisted_not_ground_truth,0,0,0,0,0,0,0,0,0,1,1
