time_seconds,FMG_channel_1,FMG_channel_2,FMG_channel_3,FMG_channel_4,FMG_channel_5,FMG_channel_6,FMG_channel_7,FMG_channel_8,CoP,vGRF,provisional_phase,label_status,signal_missing
0.00,39,155,42,51,227,96,137,188,10.27,1278,QS,provisional_assumed_short_to_long,0
0.01,39,153.00000000000091,41.999999999998181,51,227,96,136.00000000000091,188,10.269999999999991,1275.0000000000068,QS,provisional_assumed_short_to_long,0
0.02,39,153.99999999997908,40.000000000041837,51,227,96,136.99999999997908,188,10.259999999999982,1282.5000000000136,QS,provisional_assumed_short_to_long,0
0.03,39,154,40,51,227,96,137.99999999997999,188,10.249999999999918,1290.0000000000109,QS,provisional_assumed_short_to_long,0
0.04,39,154,40,51,227,96,138,188,10.220000000000036,1293.9999999999964,QS,provisional_assumed_short_to_long,0
0.05,39,154.99999999998181,40.99999999998181,51,227,96,138,188.99999999998181,10.23,1293,QS,provisional_assumed_short_to_long,0
0.06,38.00000000001728,155,40.00000000001728,51,227.99999999998272,96,138,188.00000000001728,10.23,1293.0000000000055,QS,provisional_assumed_short_to_long,0
0.07,38,153.00000000003274,40,51,228,96,138,188,10.23,1293.9999999999873,QS,provisional_assumed_short_to_long,0
0.08,38,153,41.999999999969077,51,228,96,138,188.99999999998454,10.229999999999965,1291.9999999999964,QS,provisional_assumed_short_to_long,0
0.09,38,153,40.000000000029104,51,228,96,138,189,10.224999999999959,1291.4999999999959,QS,provisional_assumed_short_to_long,0
0.10,38,153,40,51,228,96,138,189,10.220000000000182,1290.9999999999727,QS,provisional_assumed_short_to_long,0
0.11,38,153.99999999998727,41.999999999974534,51,228,96,138,189,10.2400000000001,1288.0000000001301,QS,provisional_assumed_short_to_long,0
0.12,38,153.00000000001182,40.000000000023647,51,228,96,137.00000000001182,189,10.25,1300.9999999999891,QS,provisional_assumed_short_to_long,0
0.13,38,153,40,51,228,96,137.99999999998909,189,10.25,1300,QS,provisional_assumed_short_to_long,0
0.14,38,154.99999999997999,40.999999999989996,51,228,96,138,189,10.249999999999872,1300,QS,provisional_assumed_short_to_long,0
0.15,38,155,41,51,228,96,138,189,10.240000000000137,1299.9999999999864,QS,provisional_assumed_short_to_long,0
0.16,38,155,41,51,228,96,138,189.99999999999181,10.249999999999927,1299.0000000000073,QS,provisional_assumed_short_to_long,0
0.17,38.999999999992724,155,41,51,228,96,138.99999999999272,190,10.244999999999923,1299.5000000000077,QS,provisional_assumed_short_to_long,0
0.18,39.999999999993634,154.00000000000637,41,51,228,96,139,190,10.24,1299.9999999999509,QS,provisional_assumed_short_to_long,0
0.19,40.999999999994543,154,41,51,228,96,138.00000000000546,190,10.240000000000173,1297.0000000000518,QS,provisional_assumed_short_to_long,0
0.20,43.999999999986358,153.00000000000455,41,51,228,96,138.99999999999545,190.99999999999545,10.25,1299.9999999999818,QS,provisional_assumed_short_to_long,0
0.21,44,154.99999999999272,40.000000000003638,51,228,96,138.00000000000364,191,10.25,1298.9999999999809,QS,provisional_assumed_short_to_long,0
0.22,45.999999999994543,155,40.999999999997272,51,228,96,138,191,10.25,1298.0000000000027,QS,provisional_assumed_short_to_long,0
0.23,46,155,40.000000000001819,51,228,96,138,191,10.25,1298,QS,provisional_assumed_short_to_long,0
0.24,46.999999999999091,155,40.999999999999091,51,228,96,138,191,10.25,1298,QS,provisional_assumed_short_to_long,0
0.25,46,153,40,51,228,96,139,191,10.26,1296,QS,provisional_assumed_short_to_long,0
0.26,45,155,41,51,229,96,138.00000000000091,191,10.250000000000009,1293.0000000000018,QS,provisional_assumed_short_to_long,0
0.27,45,155,41,51,229,96,138.99999999997908,191,10.260000000000055,1294.9999999999909,QS,provisional_assumed_short_to_long,0
0.28,45,155,40.000000000020009,51.999999999979991,228.00000000002001,96,138.00000000002001,191,10.289999999999999,1290,QS,provisional_assumed_short_to_long,0
0.29,45,155,40,51.000000000019099,228,96,138,191,10.289999999999964,1289.9999999999891,QS,provisional_assumed_short_to_long,0
0.30,45,154.00000000001819,40.99999999998181,51.99999999998181,228,96,138.99999999998181,191,10.279999999999999,1287.0000000000023,QS,provisional_assumed_short_to_long,0
0.31,45.99999999998272,154.99999999998272,41,50.000000000034561,228,96,138.00000000001728,191,10.279999999999999,1287.5000000000027,QS,provisional_assumed_short_to_long,0
0.32,44.000000000032742,153.00000000003274,41,51.999999999967258,228,96,138,191,10.279999999999999,1287.9999999999936,QS,provisional_assumed_short_to_long,0
0.33,44,153.99999999998454,41,50.000000000030923,228,96,139.99999999996908,191.99999999998454,10.279999999999999,1286.9999999999854,QS,provisional_assumed_short_to_long,0
0.34,44.999999999985448,154,41,51.999999999970903,228,96,139.00000000001455,192,10.279999999999999,1285,QS,provisional_assumed_short_to_long,0
0.35,45,154.99999999998636,41,52,228,96,139.99999999998636,192,10.279999999999545,1285.0000000000364,QS,provisional_assumed_short_to_long,0
0.36,44.000000000012733,155,40.000000000012733,52,228,96,140,192,10.23000000000005,1288.999999999995,QS,provisional_assumed_short_to_long,0
0.37,44,154.00000000001182,40.999999999988177,52,228,96,139.00000000001182,192,10.235000000000054,1288.4999999999945,QS,provisional_assumed_short_to_long,0
0.38,44.999999999989086,154.99999999998909,41,52,228,96,139.99999999998909,192,10.24,1287.9999999999764,QS,provisional_assumed_short_to_long,0
0.39,45.999999999989996,155,41,52,228,96.999999999989996,139.00000000001,192,10.24,1285.9999999999363,QS,provisional_assumed_short_to_long,0
0.40,46,155,40.000000000009095,52,228,96.000000000009095,139.99999999999091,192,10.240000000000274,1280.9999999999591,QS,provisional_assumed_short_to_long,0
0.41,46,155,40.999999999991815,52,228,96.999999999991815,139.00000000000819,192,10.260000000001309,1277.999999999869,QS,provisional_assumed_short_to_long,0
0.42,46,155,40.000000000007276,52,228,97,139.99999999999272,192,10.349999999999845,1268.9999999999845,QS,provisional_assumed_short_to_long,0
0.43,46,155,40,52,228,97,140,192.99999999999363,10.34,1268,QS,provisional_assumed_short_to_long,0
0.44,46.999999999994543,155,40,52,228,97,139.00000000000546,193,10.34,1268,QS,provisional_assumed_short_to_long,0
0.45,47.999999999995453,155.99999999999545,40,52,228.99999999999545,97,139,192.00000000000455,10.34,1268,QS,provisional_assumed_short_to_long,0
0.46,47.000000000003638,154.00000000000728,40.999999999996362,52,229,97,139.99999999999636,192,10.34,1267.9999999999809,QS,provisional_assumed_short_to_long,0
0.47,47.999999999997272,154.99999999999727,40.000000000002728,52,228.00000000000273,97,140,192.99999999999727,10.34,1267.0000000000027,QS,provisional_assumed_short_to_long,0
0.48,47.000000000001819,154.00000000000182,40,52,228,97,140,193,10.330000000000018,1266.0000000000018,QS,provisional_assumed_short_to_long,0
0.49,47,154,39.000000000000909,52,228,97,140,192.00000000000091,10.339999999999991,1262.0000000000036,QS,provisional_assumed_short_to_long,0
0.50,47,155,41,52,228,96,140,193,10.289999999999999,1255,QS,provisional_assumed_short_to_long,0
0.51,47.000000000000909,154.99999999999909,41,52,228,97,138.99999999999909,193,10.289999999999994,1255.0000000000005,QS,provisional_assumed_short_to_long,0
0.52,47.999999999979082,154.00000000002092,41,52,228,97,138.00000000002092,193,10.284999999999989,1255.5000000000009,QS,provisional_assumed_short_to_long,0
0.53,47.000000000020009,153.00000000002001,40.000000000020009,52,228,97,138.99999999997999,193,10.279999999999999,1256,QS,provisional_assumed_short_to_long,0
0.54,47,153,40.999999999980901,52,228,96.000000000019099,139,193,10.279999999999999,1256,QS,provisional_assumed_short_to_long,0
0.55,47,154.99999999996362,41,52,228,96.99999999998181,139,193,10.279999999999999,1256.0000000000136,QS,provisional_assumed_short_to_long,0
0.56,47.999999999982727,154.00000000001728,41,52,228.99999999998272,97,139,193,10.279999999999999,1258.9999999999945,QS,provisional_assumed_short_to_long,0
0.57,47.000000000016364,153.00000000001637,39.000000000032728,52,229,97,139,193,10.279999999999935,1258.0000000000127,QS,provisional_assumed_short_to_long,0
0.58,47.999999999984531,153,40.99999999996907,52,229,97,139,193,10.270000000000035,1259.9999999999964,QS,provisional_assumed_short_to_long,0
0.59,48,153,41,52,229,96.000000000014552,139,193,10.275000000000041,1259.4999999999959,QS,provisional_assumed_short_to_long,0
0.60,47.000000000013642,153,41,52,229,96.999999999986358,139,193,10.279999999999909,1259.0000000000091,QS,provisional_assumed_short_to_long,0
0.61,47,153,40.000000000012733,52,229,97,138.00000000001273,193,10.270000000000099,1259.99999999999,QS,provisional_assumed_short_to_long,0
0.62,47,153,40.999999999988177,52,228.00000000001182,96.000000000011823,138.99999999998818,193,10.279999999999999,1259.0000000000109,QS,provisional_assumed_short_to_long,0
0.63,47,153,41,52,228.99999999998909,96.999999999989086,139.99999999998909,193,10.280000000000118,1260.0000000000473,QS,provisional_assumed_short_to_long,0
0.64,47,154.99999999997999,41,52,229,97,139.00000000001,193,10.289999999999745,1264.0000000000255,QS,provisional_assumed_short_to_long,0
0.65,47.999999999990905,154.00000000000909,41,52,228.00000000000909,97,139.99999999999091,193,10.269999999999863,1266.0000000000136,QS,provisional_assumed_short_to_long,0
0.66,48,153.00000000000819,41.999999999991815,52,228.99999999999181,97,139.00000000000819,193,10.259999999999854,1267.0000000000146,QS,provisional_assumed_short_to_long,0
0.67,48.499999999996362,153.99999999999272,42,52,229,97,139.49999999999636,193.49999999999636,10.250000000000155,1268,QS,provisional_assumed_short_to_long,0
0.68,48.999999999996817,154.99999999999363,42,52,229,97,139.99999999999682,193.99999999999682,10.26,1267.9999999999836,QS,provisional_assumed_short_to_long,0
0.69,48.00000000000545,154.00000000000546,41.00000000000545,52,229,97,139.00000000000546,193.00000000000546,10.260000000000172,1267.0000000000518,QS,provisional_assumed_short_to_long,0
0.70,48.99999999999546,153.00000000000455,41,52,228.00000000000455,97,139.99999999999545,193,10.270000000000181,1269.9999999999636,QS,provisional_assumed_short_to_long,0
0.71,48.000000000003638,153,41.999999999996362,52,228,97,140,193,10.279999999999999,1268.0000000000191,QS,provisional_assumed_short_to_long,0
0.72,48.999999999997272,153,41.000000000002728,52,228.99999999999727,97,139.00000000000273,193.99999999999727,10.279999999999999,1268.9999999999973,QS,provisional_assumed_short_to_long,0
0.73,49,153.99999999999818,41.999999999998181,52,229,97,139,194,10.279999999999999,1269,QS,provisional_assumed_short_to_long,0
0.74,49,154,42,51.000000000000909,229,97,139,194,10.279999999999999,1269,QS,provisional_assumed_short_to_long,0
0.75,49,154,42.5,51.5,229,97,139,194,10.279999999999999,1277,QS,provisional_assumed_short_to_long,0
0.76,49,153.99999999999909,43,52,229,97,139,193.99999999999909,10.250000000000009,1278.9999999999991,QS,provisional_assumed_short_to_long,0
0.77,49,153.00000000002092,43,52,229,97,139,193.00000000002092,10.260000000000018,1278.0000000000018,QS,provisional_assumed_short_to_long,0
0.78,49,153.99999999997999,41.000000000040011,52,229,97,139,193.99999999997999,10.269999999999973,1278.9999999999918,QS,provisional_assumed_short_to_long,0
0.79,49,154,41,52,229,97,139,194,10.26,1275.9999999999964,QS,provisional_assumed_short_to_long,0
0.80,49,154,42.999999999963627,52,229,97,139.99999999998181,194.99999999998181,10.259999999999932,1275.0000000000432,QS,provisional_assumed_short_to_long,0
0.81,49,154.99999999998272,42.000000000017273,52,229,97,140,194.00000000001728,10.244999999999918,1284.5000000000518,QS,provisional_assumed_short_to_long,0
0.82,49.999999999983636,155,42.999999999983636,52,229,97,140,194.99999999998363,10.229999999999936,1294,QS,provisional_assumed_short_to_long,0
0.83,50,155,41.000000000030909,52,229,97,140,194.00000000001546,10.220000000000001,1294.0000000000073,QS,provisional_assumed_short_to_long,0
0.84,50,155,41.999999999985448,52,229,97,140,194.99999999998545,10.220000000000001,1294.9999999999918,QS,provisional_assumed_short_to_long,0
0.85,50,155,42.999999999986358,52,229,97,140,194.00000000001364,10.220000000000001,1293.9999999999909,QS,provisional_assumed_short_to_long,0
0.86,50,155,41.000000000025466,52,229,97,140,194.99999999998727,10.22000000000005,1292.999999999995,QS,provisional_assumed_short_to_long,0
0.87,50,155,41,52,229.99999999998818,97,140,195,10.225000000000055,1292.4999999999945,QS,provisional_assumed_short_to_long,0
0.88,50,155,42.999999999978172,52,229.00000000001091,97,140.99999999998909,195,10.23,1291.9999999999527,QS,provisional_assumed_short_to_long,0
0.89,50,155,41.000000000020009,52,229,97,140.00000000001,195,10.230000000000254,1288.0000000001655,QS,provisional_assumed_short_to_long,0
0.90,50.999999999990905,155,42.999999999981817,52,229,97,140.99999999999091,195,10.25,1301.0000000000136,QS,provisional_assumed_short_to_long,0
0.91,50.000000000008185,155,43,52,229,97,141,195.99999999999181,10.25,1301.9999999999709,QS,provisional_assumed_short_to_long,0
0.92,50.999999999992731,155,43,52,229.99999999999272,97.999999999992724,141,196,10.25,1300,QS,provisional_assumed_short_to_long,0
0.93,50.000000000006359,155,41.000000000012726,52,230,97.000000000006366,141,196.99999999999363,10.25,1300,QS,provisional_assumed_short_to_long,0
0.94,50,155,41.99999999999455,52,230,97,141,196.00000000000546,10.25,1300,QS,provisional_assumed_short_to_long,0
0.95,50,155.99999999999545,41.00000000000454,52,230,97,141,196,10.25,1300,QS,provisional_assumed_short_to_long,0
0.96,50,155.00000000000364,42.999999999992717,52,230,97,141,196.99999999999636,10.249999999999618,1299.9999999998854,QS,provisional_assumed_short_to_long,0
0.97,50.999999999997272,155,43,52,229.00000000000273,97,141,197,10.230000000000055,1294.0000000000164,QS,provisional_assumed_short_to_long,0
0.98,50.000000000001819,155.99999999999818,43,52,229,97,141.99999999999818,196.00000000000182,10.249999999999964,1298.9999999999909,QS,provisional_assumed_short_to_long,0
0.99,50.999999999999091,155.00000000000091,43,52,229,97,141.00000000000091,196.99999999999909,10.25,1298.0000000000009,QS,provisional_assumed_short_to_long,0
1.00,51,155,43,52,229,97,141,197,10.25,1297,QS,provisional_assumed_short_to_long,0
1.01,50,156,42.999999999999091,52,229,97,141,197,10.244999999999996,1297,QS,provisional_assumed_short_to_long,0
1.02,50,156,42.000000000020918,52,229,97,141,197,10.24,1297.0000000000018,QS,provisional_assumed_short_to_long,0
1.03,50.999999999979991,156,42.999999999979991,52,229,97,141,197,10.240000000000027,1297.9999999999918,QS,provisional_assumed_short_to_long,0
1.04,51,156,41.000000000038192,52,229,97,141.9999999999809,197,10.250000000000073,1294.9999999999782,QS,provisional_assumed_short_to_long,0
1.05,51,156,42.999999999963627,52,229.99999999998181,97,141.00000000001819,196.00000000001819,10.27,1288.9999999999955,QS,provisional_assumed_short_to_long,0
1.06,50.000000000017273,156,43,52,229.00000000001728,97,141.99999999998272,196.99999999998272,10.270000000000055,1287.9999999999891,QS,provisional_assumed_short_to_long,0
1.07,50,156,43,52,229,97,141.00000000001637,197,10.279999999999999,1286.0000000000032,QS,provisional_assumed_short_to_long,0
1.08,50,156,43,52,229.99999999998454,97,141,197,10.279999999999999,1286.5000000000036,QS,provisional_assumed_short_to_long,0
1.09,50,156,41.00000000002909,52,230,97.999999999985462,141.99999999998545,197,10.279999999999999,1286.9999999999836,QS,provisional_assumed_short_to_long,0
1.10,50,155.00000000001364,41.999999999986365,52,230,98,141.00000000001364,197,10.279999999999452,1285.0000000000364,QS,provisional_assumed_short_to_long,0
1.11,50,155.99999999998727,42.999999999987274,52,230,97.000000000012719,141.99999999998727,197,10.219999999999901,1288.99999999999,QS,provisional_assumed_short_to_long,0
1.12,50,156,43,52,230,97,142,197,10.210000000000111,1288,QS,provisional_assumed_short_to_long,0
1.13,50.9999999999891,156,43,52,230,97.9999999999891,142,197,10.22000000000012,1288,QS,provisional_assumed_short_to_long,0
1.14,49.00000000001998,156,43,52,230,98,142,197,10.229999999999873,1287.9999999999491,QS,provisional_assumed_short_to_long,0
1.15,49.999999999990919,156,41.000000000018161,52,230,97.000000000009081,142,197,10.220000000000137,1283.9999999999591,QS,provisional_assumed_short_to_long,0
1.16,50,156,42.999999999983615,52,230,97,142,197,10.23,1281,QS,provisional_assumed_short_to_long,0
1.17,50,155.00000000000728,42.000000000007283,52,230,97.999999999992724,142,197,10.23,1281,QS,provisional_assumed_short_to_long,0
1.18,50,155.99999999999363,42,52,230,98,141.00000000000637,197.99999999999363,10.230000000000164,1280.9999999999673,QS,provisional_assumed_short_to_long,0
1.19,50,155.00000000000546,42.999999999994536,52,230,97.000000000005457,141.99999999999454,198,10.240000000000519,1278.9999999998963,QS,provisional_assumed_short_to_long,0
1.20,50,155,43,52,230,97.999999999995453,142,197.00000000000455,10.270000000000909,1272.9999999999272,QS,provisional_assumed_short_to_long,0
1.21,50,155,43,52,230,98,142,197,10.32,1269,QS,provisional_assumed_short_to_long,0
1.22,49.000000000002728,155,41.000000000005464,52,230,98,144.99999999999181,197,10.32,1269,QS,provisional_assumed_short_to_long,0
1.23,49.999999999998181,155,42.999999999996362,50.000000000003638,230,97.000000000001819,144.00000000000182,197,10.32,1268.5000000000009,QS,provisional_assumed_short_to_long,0
1.24,50,155,43,50,230,97,144,197,10.32,1268.0000000000005,QS,provisional_assumed_short_to_long,0
1.25,50,156,43,51,230,98,144,197,10.31,1266,QS,provisional_assumed_short_to_long,0
1.26,50,156,41,52,230,97.000000000000909,144,197,10.289999999999973,1262.9999999999945,QS,provisional_assumed_short_to_long,0
1.27,50,156,41,52,230,97.999999999979082,144,197,10.26,1257,QS,provisional_assumed_short_to_long,0
1.28,50,156,42.999999999959989,52,230,98,144,197,10.26,1256.9999999999945,QS,provisional_assumed_short_to_long,0
1.29,50.999999999980901,155.0000000000191,43,52,230,98,144,197.9999999999809,10.26,1255.0000000000036,QS,provisional_assumed_short_to_long,0
1.30,50.000000000018183,155.99999999998181,41.000000000036373,52,230,98,144,198,10.26,1256.0000000000045,QS,provisional_assumed_short_to_long,0
1.31,50.999999999982727,156,42.999999999965453,52,230.99999999998272,98,144,198,10.26,1257,QS,provisional_assumed_short_to_long,0
1.32,51,156,43,52,231,98,144,198,10.26,1257,QS,provisional_assumed_short_to_long,0
1.33,51,156,43,52,231,98,144,197.00000000001546,10.26,1257.0000000000146,QS,provisional_assumed_short_to_long,0
1.34,51,156,41.00000000002909,52,231,98,144,197,10.260000000000081,1258.9999999999918,QS,provisional_assumed_short_to_long,0
1.35,51,156,41,52,231,98,144,197,10.269999999999909,1258.0000000000182,QS,provisional_assumed_short_to_long,0
1.36,51,156,41.999999999987274,52,231,98,144,197,10.26,1260,QS,provisional_assumed_short_to_long,0
1.37,50.000000000011809,156,42.999999999988191,52,231,98,144,197.99999999998818,10.26,1260,QS,provisional_assumed_short_to_long,0
1.38,50,156,43,52,231,98,144,198,10.26,1260,QS,provisional_assumed_short_to_long,0
1.39,50.99999999999001,155.00000000001,41.00000000001998,52,231,97.00000000000999,144,198,10.260000000000128,1260.0000000000255,QS,provisional_assumed_short_to_long,0
1.40,50.000000000009081,155.99999999999091,42.999999999981839,52,230.00000000000909,97,144,198,10.269999999999863,1262.0000000000273,QS,provisional_assumed_short_to_long,0
1.41,50,156,43,52,230.99999999999181,97.9999999999918,144,198,10.259999999999854,1264.0000000000728,QS,provisional_assumed_short_to_long,0
1.42,50,156,42.000000000007283,52,231,98,144,198,10.249999999999845,1269.0000000000155,QS,provisional_assumed_short_to_long,0
1.43,50.999999999993626,156,42.999999999993626,52,231,97.000000000006366,144.99999999999363,198,10.24,1269.9999999999673,QS,provisional_assumed_short_to_long,0
1.44,51,156,43,52,231,97.999999999994543,144.00000000000546,198,10.24,1268,QS,provisional_assumed_short_to_long,0
1.45,51,156,43,52,231,98,144,198.99999999999545,10.24,1268,QS,provisional_assumed_short_to_long,0
1.46,51.999999999996362,156.99999999999636,41.000000000007283,52,231,98,144.99999999999636,199,10.24000000000019,1268,QS,provisional_assumed_short_to_long,0
1.47,52,157,41,52,231,97.000000000002728,145,199,10.249999999999973,1268,QS,provisional_assumed_short_to_long,0
1.48,52,156.00000000000182,42.999999999996362,52,231,97,145,199,10.25,1268,QS,provisional_assumed_short_to_long,0
1.49,52,156.99999999999909,43,52,231.99999999999909,97.999999999999091,145,199,10.259999999999991,1268.9999999999991,QS,provisional_assumed_short_to_long,0
1.50,52,157,42,52,231,98,145,199,10.26,1271,QS,provisional_assumed_short_to_long,0
1.51,51.999999999999091,157,42.000000000000909,52,231,98,145,199,10.244999999999987,1275.0000000000036,QS,provisional_assumed_short_to_long,0
1.52,51.000000000020918,157,42.999999999979082,52,231,98,145,199,10.230000000000018,1279,QS,provisional_assumed_short_to_long,0
1.53,51.999999999979991,157,43,52,231,98,145,199.99999999997999,10.240000000000027,1279,QS,provisional_assumed_short_to_long,0
1.54,52,157,43,52,231,98,145.9999999999809,200,10.25,1279.0000000000036,QS,provisional_assumed_short_to_long,0
1.55,52,157,42.000000000018183,52,231,97.00000000001819,145.00000000001819,199.00000000001819,10.25,1279.9999999999955,QS,provisional_assumed_short_to_long,0
1.56,52.49999999999136,157.49999999999136,42.49999999999136,52,231,97,145.49999999999136,199,10.25,1278.9999999999945,QS,provisional_assumed_short_to_long,0
1.57,52.999999999991815,157.99999999999181,42.999999999991815,52,231,97,145.99999999999181,199,10.250000000000032,1277.9999999999936,QS,provisional_assumed_short_to_long,0
1.58,52.000000000015454,158,42.000000000015454,50.000000000030909,231.99999999998454,97.999999999984539,145.00000000001546,199,10.255000000000036,1276.9999999999927,QS,provisional_assumed_short_to_long,0
1.59,52,158,42.999999999985455,51.99999999997091,232,97.000000000014538,145.99999999998545,199.99999999998545,10.259999999999589,1276.0000000001558,QS,provisional_assumed_short_to_long,0
1.60,52,158,43,52,232,97.999999999986372,146,199.00000000001364,10.20999999999991,1295,QS,provisional_assumed_short_to_long,0
1.61,52,158,43,52,232,98,146,199.99999999998727,10.199999999999999,1294.99999999997,QS,provisional_assumed_short_to_long,0
1.62,52,158,43,52,232,98,146,200,10.200000000000109,1292.0000000000109,QS,provisional_assumed_short_to_long,0
1.63,52,158,43,52,232,98,146,200.49999999999454,10.209999999999882,1293.0000000000118,QS,provisional_assumed_short_to_long,0
1.64,52,158,43,52,232,98,146,200.999999999995,10.200000000000127,1293.9999999999745,QS,provisional_assumed_short_to_long,0
1.65,52.999999999990919,158.99999999999091,43,52,232,98,146,201,10.210000000000001,1291.9999999999864,QS,provisional_assumed_short_to_long,0
1.66,53.999999999991829,158.00000000000819,43,50.000000000016342,232,98,146,202.99999999998366,10.210000000000001,1290.9999999999854,QS,provisional_assumed_short_to_long,0
1.67,53.000000000007283,158,42.000000000007283,51.999999999985434,232,98,145.00000000000728,203,10.21000000000031,1290.0000000001855,QS,provisional_assumed_short_to_long,0
1.68,53,158.99999999999363,42.999999999993626,52,232,97.000000000006366,145.99999999999363,203,10.23,1301.9999999999836,QS,provisional_assumed_short_to_long,0
1.69,53,158.00000000000546,43,52,232,97.999999999994543,146,203,10.230000000000173,1300.9999999999827,QS,provisional_assumed_short_to_long,0
1.70,53,158.99999999999545,42.000000000004555,52,232,98,146.99999999999545,203,10.239999999999819,1299.9999999999818,QS,provisional_assumed_short_to_long,0
1.71,53,159,42.999999999996362,52,232,98,147,203.99999999999636,10.230000000000096,1298.9999999999905,QS,provisional_assumed_short_to_long,0
1.72,53,159,43,52,232,98,146.00000000000273,203.00000000000273,10.235000000000044,1298.4999999999957,QS,provisional_assumed_short_to_long,0
1.73,52.000000000001819,159,43,52,232.99999999999818,98,146.99999999999818,203.99999999999818,10.239999999999991,1298.0000000000009,QS,provisional_assumed_short_to_long,0
1.74,52.999999999999091,159,43,52,232.00000000000091,98,146.00000000000091,204,10.230000000000009,1298.9999999999991,QS,provisional_assumed_short_to_long,0
1.75,52,159,42,53,232,98,147,204,10.23,1298,QS,provisional_assumed_short_to_long,0
1.76,53,159,43,52,232,98,146.99999999999909,204.00000000000091,10.230000000000009,1298.9999999999991,QS,provisional_assumed_short_to_long,0
1.77,53,159,43,52,232,98,146.00000000002092,204.99999999997908,10.239999999999982,1298,QS,provisional_assumed_short_to_long,0
1.78,53,159,43,52,232.99999999997999,98,146,205,10.23,1297.9999999999973,QS,provisional_assumed_short_to_long,0
1.79,53,159,43,52,233,98,146.9999999999809,205,10.230000000000018,1296.9999999999982,QS,provisional_assumed_short_to_long,0
1.80,53,159,41.000000000036373,52,233,98,147,205,10.235000000000023,1296.4999999999977,QS,provisional_assumed_short_to_long,0
1.81,53,159,42.999999999965453,52,232.00000000001728,98,146.00000000001728,205,10.24000000000011,1295.9999999999618,QS,provisional_assumed_short_to_long,0
1.82,52.000000000016364,159,43,52,232.99999999998363,98,146.99999999998363,205.99999999998363,10.26,1288.9999999999936,QS,provisional_assumed_short_to_long,0
1.83,52.999999999984546,159,42.000000000015454,52,233,98,146.00000000001546,205.00000000001546,10.260000000000073,1287.9999999999927,QS,provisional_assumed_short_to_long,0
1.84,53,159,41.000000000014545,52,233,98,146.99999999998545,205,10.27,1287,QS,provisional_assumed_short_to_long,0
1.85,53,159,42.999999999972729,52,233,98,147,205,10.27,1287,QS,provisional_assumed_short_to_long,0
1.86,53.999999999987274,159,43,52,233,98,147,205,10.27,1287,QS,provisional_assumed_short_to_long,0
1.87,54,159,43,52,233,98,147,205.99999999998818,10.27,1286.9999999999891,QS,provisional_assumed_short_to_long,0
1.88,54.9999999999891,159,43,52,233,98,147,205.00000000001091,10.270000000000119,1285.9999999999645,QS,provisional_assumed_short_to_long,0
1.89,54.00000000000999,159,43,52,233,98,147,205.99999999999,10.279999999999362,1283.0000000000509,QS,provisional_assumed_short_to_long,0
1.90,54.999999999990919,159,43,52,233,98,147,205.00000000000909,10.23,1286.9999999999727,QS,provisional_assumed_short_to_long,0
1.91,54.000000000008171,159,42.000000000008171,52.999999999991829,233,98,146.00000000000819,205.99999999999181,10.230000000000292,1284.9999999999709,QS,provisional_assumed_short_to_long,0
1.92,54,159,42.999999999992717,52.000000000007283,233,98,146.99999999999272,206,10.249999999999691,1282.9999999999382,QS,provisional_assumed_short_to_long,0
1.93,54,159,43,52,233,98.999999999993634,147,205.00000000000637,10.23,1279,QS,provisional_assumed_short_to_long,0
1.94,53.000000000005464,159,43,52,233,98.000000000005457,147.99999999999454,205,10.23,1279,QS,provisional_assumed_short_to_long,0
1.95,53,159,43,52,232.00000000000455,98.999999999995453,147.00000000000455,205,10.230000000000182,1278.9999999999636,QS,provisional_assumed_short_to_long,0
1.96,53,159,42.000000000003638,52,232,98.000000000003638,147.99999999999636,205,10.240000000000764,1276.9999999998472,QS,provisional_assumed_short_to_long,0
1.97,53,159,42.999999999997272,52,232.99999999999727,98,148,205,10.279999999999891,1269.0000000000218,QS,provisional_assumed_short_to_long,0
1.98,53,159,43,52,233,98,148,205,10.329999999999909,1263.0000000000109,QS,provisional_assumed_short_to_long,0
1.99,52.000000000000909,159,42.000000000000909,52,233,98.999999999999091,147.00000000000091,204.00000000000091,10.339999999999991,1263.9999999999991,QS,provisional_assumed_short_to_long,0
2.00,51,159,41,52,232,99,148,204,10.34,1263,QS,provisional_assumed_short_to_long,0
2.01,50.999999999999069,159,43,52,232.99999999999906,99,148,204,10.34,1263,QS,provisional_assumed_short_to_long,0
2.02,50.000000000020918,159,43,52,232.00000000002092,99,148,204,10.34,1262.9999999999964,QS,provisional_assumed_short_to_long,0
2.03,50,157.00000000003996,43,52,232,99,148,204,10.34,1261,QS,provisional_assumed_short_to_long,0
2.04,50,157.9999999999809,43,52,232,98.000000000019099,148,204,10.339999999999927,1260.9999999999891,QS,provisional_assumed_short_to_long,0
2.05,49.000000000018204,158,43,52,232,98,148,204,10.319999999999864,1257.9999999999638,QS,provisional_assumed_short_to_long,0
2.06,47.000000000034547,157.00000000001728,43,52,232.99999999998272,98,148,203.00000000001728,10.289999999999999,1250.0000000000055,QS,provisional_assumed_short_to_long,0
2.07,46.000000000016385,156.0000000000164,43,52,232.0000000000164,98,147.0000000000164,202.0000000000164,10.289999999999967,1251,QS,provisional_assumed_short_to_long,0
2.08,43.000000000046363,156,42.000000000015454,52,232,98,147,202,10.284999999999963,1251,QS,provisional_assumed_short_to_long,0
2.09,42.000000000014566,156,42,52,232,98,146.00000000001455,202,10.279999999999999,1251.0000000000164,QS,provisional_assumed_short_to_long,0
2.10,42,156,42,52,231.00000000001364,98,146,202,10.279999999999909,1253,QS,provisional_assumed_short_to_long,0
2.11,41.000000000012747,155.00000000001273,42,52,230.00000000001273,97.000000000012747,146,202,10.2699999999999,1253.00000000001,QS,provisional_assumed_short_to_long,0
2.12,41,154.00000000001182,42.999999999988191,52,230,97,146.99999999998818,202,10.26000000000011,1253.9999999999891,QS,provisional_assumed_short_to_long,0
2.13,40.000000000010928,154,43,52,230,97,147,201.00000000001091,10.270000000000119,1253,QS,provisional_assumed_short_to_long,0
2.14,39.00000000000999,154,43,52,230,97.99999999999001,144.00000000002998,201,10.279999999999999,1253,QS,provisional_assumed_short_to_long,0
2.15,39,153.00000000000909,43,52,229.00000000000909,97.000000000009109,143.00000000000909,201,10.279999999999999,1253,QS,provisional_assumed_short_to_long,0
2.16,39,153,43,52,229.99999999999181,97,143,200.00000000000819,10.279999999999708,1253.0000000000146,QS,provisional_assumed_short_to_long,0
2.17,38.000000000007283,152.00000000000728,43,52,230,97,143,200,10.260000000000309,1254.0000000000309,QS,provisional_assumed_short_to_long,0
2.18,38,152,43,52,229.00000000000634,96.000000000006352,142.00000000000634,199.00000000000634,10.279999999999999,1256,QS,provisional_assumed_short_to_long,0
2.19,38,152,43,52,229.99999999999454,96.999999999994543,142,199.99999999999454,10.279999999999827,1256.0000000000518,QS,provisional_assumed_short_to_long,0
2.20,38,152,42.000000000004533,52,230,97,142.99999999999548,200,10.269999999999817,1258.9999999999818,QS,provisional_assumed_short_to_long,0
2.21,38,152,42.999999999996362,52,230,96.000000000003638,143,200,10.259999999999904,1258.0000000000286,QS,provisional_assumed_short_to_long,0
2.22,39.999999999994586,152,41.000000000005414,52,229.0000000000027,96.999999999997286,143,200,10.254999999999956,1259.500000000013,QS,provisional_assumed_short_to_long,0
2.23,38.000000000003638,151.00000000000182,42.999999999996362,52,229.99999999999818,97,142.00000000000182,200,10.250000000000009,1260.9999999999973,QS,provisional_assumed_short_to_long,0
2.24,41.999999999996447,151.99999999999912,41.000000000001776,52,230,97,142.99999999999912,200,10.259999999999991,1261.9999999999991,QS,provisional_assumed_short_to_long,0
2.25,39,152,43,52,230,97,143,200,10.26,1260,QS,provisional_assumed_short_to_long,0
2.26,38.000000000000931,153,43,52,230,97.000000000000938,143,200.00000000000094,10.260000000000009,1260.9999999999991,QS,provisional_assumed_short_to_long,0
2.27,38.999999999979082,153,43,52,230,97.999999999979082,143,200.99999999997908,10.270000000000037,1259.9999999999982,QS,provisional_assumed_short_to_long,0
2.28,39,153,42.00000000001998,52,230,98,143,201.99999999998002,10.290000000000495,1258.9999999998761,QS,provisional_assumed_short_to_long,0
2.29,39.999999999980901,153,42.999999999980901,51.000000000019099,230,98,145.9999999999427,202,10.469999999999928,1214.0000000000091,QS,provisional_assumed_short_to_long,0
2.30,41.999999999963677,153.99999999998184,41.000000000036323,51.999999999981839,230,98,146,202.99999999998184,10.449999999999909,1216.5000000000114,QS,provisional_assumed_short_to_long,0
2.31,43.999999999965453,154,42.999999999965453,52,230,98,146.99999999998272,203.99999999998272,10.430000000000055,1218.9999999999945,QS,provisional_assumed_short_to_long,0
2.32,45.99999999996723,154,43,52,230,98,147,202.00000000003277,10.440000000000127,1217.9999999999936,QS,provisional_assumed_short_to_long,0
2.33,46,154.99999999998454,43,52,230,98,147.99999999998454,202.99999999998454,10.459999999999855,1216.9999999999927,QS,provisional_assumed_short_to_long,0
2.34,46.999999999985434,155,43,52,230,98,146.00000000002913,203.99999999998545,10.440000000000163,1215.9999999999836,QS,provisional_assumed_short_to_long,0
2.35,47,155.99999999998636,42.000000000013635,50.000000000027271,230,98,146,204.99999999998636,10.460000000000001,1214.0000000000045,QS,provisional_assumed_short_to_long,0
2.36,47,155.00000000001273,42,51.999999999974506,230,98.999999999987253,146,205,10.460000000000001,1214.500000000005,QS,provisional_assumed_short_to_long,0
2.37,47,155,43.999999999976374,52,229.00000000001182,98.000000000011809,146,205.99999999998818,10.460000000000111,1214.9999999999891,QS,provisional_assumed_short_to_long,0
2.38,47,155,43.000000000010928,52,229,98.999999999989072,146,204.00000000002186,10.470000000000001,1213.9999999999882,QS,provisional_assumed_short_to_long,0
2.39,46.00000000000999,155,43,52,229,98.00000000000999,145.00000000001,204,10.470000000000001,1213,QS,provisional_assumed_short_to_long,0
2.40,44.000000000018204,155,41.000000000018204,52,229,98,145.99999999999091,203.00000000000909,10.469999999999864,1213,QS,provisional_assumed_short_to_long,0
2.41,41.000000000024514,154.00000000000819,42.999999999983658,52,229,98,146,203,10.459999999999564,1213.0000000002331,QS,provisional_assumed_short_to_long,0
2.42,41,154,43,52,229,98,145.50000000000364,203,10.429999999999845,1228.9999999999845,QS,provisional_assumed_short_to_long,0
2.43,41,154,43,52,229,98,145.00000000000318,203,10.42,1228,QS,provisional_assumed_short_to_long,0
2.44,40.000000000005464,153.00000000000546,43,52,228.00000000000546,98.999999999994543,145,201.00000000001091,10.42,1228,GI,provisional_assumed_short_to_long,0
2.45,40,153,43,52,228,98.000000000004533,144.00000000000452,200.00000000000452,10.420000000000183,1228.0000000000182,GI,provisional_assumed_short_to_long,0
2.46,40,153.99999999999636,42.000000000003638,52,228,98.999999999996362,144,197.00000000001091,10.43,1228.9999999999809,GI,provisional_assumed_short_to_long,0
2.47,40,154,42.999999999997293,52,228,99,144,197.9999999999973,10.43,1228.0000000000027,GI,provisional_assumed_short_to_long,0
2.48,40,154,43,52,228.99999999999818,99,143.00000000000182,196.00000000000364,10.420000000000018,1225.0000000000055,GI,provisional_assumed_short_to_long,0
2.49,40,154,43,52,229,99,144.99999999999824,195.00000000000088,10.429999999999991,1225.9999999999991,GI,provisional_assumed_short_to_long,0
2.50,39.5,154,43,52,229,99,145,195,10.425000000000001,1226.5,GI,provisional_assumed_short_to_long,0
2.51,39,153.99999999999906,42.999999999999069,52,229,99,145,195,10.420000000000009,1226.9999999999964,GI,provisional_assumed_short_to_long,0
2.52,39,153.00000000002092,42.000000000020918,52,229,99,145,195,10.430000000000017,1223.0000000000236,GI,provisional_assumed_short_to_long,0
2.53,39,153,42,52,229,99,145,195.99999999998002,10.44,1236,GI,provisional_assumed_short_to_long,0
2.54,39.999999999980901,152.0000000000191,42,52,228.0000000000191,99,145,196,10.440000000000037,1236,GI,provisional_assumed_short_to_long,0
2.55,39.000000000018161,152,43.999999999963677,52,228,99,145.99999999998184,196,10.449999999999953,1235.9999999999955,GI,provisional_assumed_short_to_long,0
2.56,39,149.00000000005181,44,52,228.99999999998272,99,146,196,10.44,1234.9999999999945,GI,provisional_assumed_short_to_long,0
2.57,39.999999999983615,149,43.000000000016385,52,229,99,145.0000000000164,196,10.44,1234,GI,provisional_assumed_short_to_long,0
2.58,44.999999999922728,148.00000000001546,42.000000000015454,52,229,98.000000000015461,144.00000000001546,195.00000000001546,10.44,1234,GI,provisional_assumed_short_to_long,0
2.59,39.000000000087397,147.00000000001455,43.999999999970868,52,229,98,144,195,10.44,1233.9999999999918,GI,provisional_assumed_short_to_long,0
2.60,38.000000000013635,148.99999999997274,44,52,229,98.999999999986372,144.99999999998636,195,10.44,1233,GI,provisional_assumed_short_to_long,0
2.61,37.000000000012747,148.00000000001273,42.000000000025494,52,229,99,144.00000000001273,195,10.4399999999999,1232.99999999996,GI,provisional_assumed_short_to_long,0
2.62,37,148,42,52,229.99999999998818,99.999999999988191,145.99999999997638,195,10.43000000000011,1229.0000000000327,GI,provisional_assumed_short_to_long,0
2.63,37,147.00000000001091,43.999999999978151,52,230,102.99999999996723,146,195,10.44,1231.9999999999941,GI,provisional_assumed_short_to_long,0
2.64,36.00000000000999,147.99999999999,44,52,230,105.99999999997003,146.99999999999,195.99999999999,10.44,1231.4999999999936,GI,provisional_assumed_short_to_long,0
2.65,36,149.99999999998178,44,52,230,107.9999999999818,147,196,10.44,1231,GI,provisional_assumed_short_to_long,0
2.66,35.000000000008171,151.99999999998366,42.000000000016342,52,230,108.99999999999183,147.99999999999181,196.99999999999181,10.440000000000145,1230.9999999999854,GI,provisional_assumed_short_to_long,0
2.67,35,152,43.999999999985434,52.999999999992717,230.99999999999272,111.99999999997814,148,197.99999999999272,10.449999999999845,1230,GI,provisional_assumed_short_to_long,0
2.68,35,152,44.999999999993648,53,231,114.99999999998094,149.9999999999873,198.99999999999366,10.439999999999836,1229.9999999999836,GI,provisional_assumed_short_to_long,0
2.69,36.999999999989072,152,45.999999999994536,52.000000000005464,231,116.99999999998907,150.99999999999454,200.99999999998909,10.430000000000172,1228.9999999999482,GI,provisional_assumed_short_to_long,0
2.70,37,152,46.999999999995467,52.999999999995467,231.99999999999548,117.99999999999547,154.99999999998187,202.99999999999093,10.440000000004915,1226.0000000004188,GI,provisional_assumed_short_to_long,0
2.71,38.999999999992717,153.99999999999272,47.999999999996362,53,232,124.99999999997451,155.99999999999636,204.99999999999272,10.710000000002086,1249.0000000001778,GI,provisional_assumed_short_to_long,0
2.72,39,154,46.000000000005414,53,232.9999999999973,127.99999999999187,157.99999999999457,205,10.979999999999269,1271.9999999999377,GI,provisional_assumed_short_to_long,0
2.73,39.999999999998181,154.99999999999818,47.999999999996362,53,233,130.99999999999454,158.99999999999818,206.99999999999636,10.989999999999982,1268.0000000000073,GI,provisional_assumed_short_to_long,0
2.74,40,156.99999999999824,48,53,234.99999999999824,131.99999999999912,162.99999999999645,207.99999999999912,11.009999999999982,1273.9999999999948,GI,provisional_assumed_short_to_long,0
2.75,41,158,48,53,236,138,169,211,11.02,1273,GI,provisional_assumed_short_to_long,0
2.76,46.000000000005592,161.00000000000466,47.000000000000931,55.000000000018652,238.00000000000188,146.00000000000654,174.00000000000466,212.00000000000372,11.030000000000028,1273.0000000000018,GI,provisional_assumed_short_to_long,0
2.77,51.999999999874504,165.99999999989541,47.999999999979082,74.999999999581661,239.99999999995816,152.99999999985357,178.99999999989541,215.99999999991633,11.059999999999963,1274.9999999999982,GI,provisional_assumed_short_to_long,0
2.78,62.999999999780172,170.99999999990007,48,90.999999999680256,248.99999999982015,160.99999999984013,181.99999999994006,219.99999999992008,11.04000000000004,1273.9999999999986,GI,provisional_assumed_short_to_long,0
2.79,69.999999999866333,174.9999999999236,48,98.999999999847233,253.99999999990453,170.99999999980903,190.99999999982813,225.99999999988543,11.055000000000055,1273.4999999999982,GI,provisional_assumed_short_to_long,0
2.80,75.999999999891017,181.99999999987287,48.999999999981839,101.99999999994552,268.99999999972755,185.99999999972755,197.99999999987287,230.99999999990919,11.07,1273.000000000023,GI,provisional_assumed_short_to_long,0
2.81,83.999999999861799,188.99999999987907,49.999999999982727,120.99999999967177,279.99999999980997,203.99999999968904,207.99999999982725,233.99999999994819,11.070000000000274,1277.9999999999836,GI,provisional_assumed_short_to_long,0
2.82,94.99999999981975,198.99999999983612,59.999999999836135,129.99999999985252,290.99999999981975,221.99999999970504,216.99999999985252,238.99999999991806,11.120000000000127,1275.0000000000064,GI,provisional_assumed_short_to_long,0
2.83,109.99999999976819,208.99999999984544,70.99999999983001,142.99999999979909,303.99999999979912,231.99999999984544,220.99999999993818,254.99999999975273,11.140000000003059,1275.9999999994757,GI,provisional_assumed_short_to_long,0
2.84,121.99999999982521,217.99999999986892,100.99999999956302,151.99999999986892,317.99999999979605,245.99999999979607,228.99999999988347,261.99999999989802,11.560000000007069,1203.9999999989868,GI,provisional_assumed_short_to_long,0
2.85,132.99999999985002,233.99999999978186,112.9999999998364,163.9999999998364,327.99999999986369,255.99999999986366,236.99999999989092,271.99999999986369,12.425000000007875,1079.9999999988711,GI,provisional_assumed_short_to_long,0
2.86,145.9999999998343,245.99999999984706,126.99999999982157,177.99999999982157,337.99999999987256,269.99999999982157,244.99999999989802,282.99999999985982,13.2899999999999,956.00000000004991,GI,provisional_assumed_short_to_long,0
2.87,158.99999999984644,258.99999999984641,143.99999999979917,186.99999999989367,345.99999999990553,280.99999999987006,249.99999999994094,291.9999999998937,13.280000000000436,961.00000000009834,GI,provisional_assumed_short_to_long,0
2.88,160.99999999997814,267.99999999990166,152.99999999990169,188.99999999997814,348.9999999999672,286.99999999993446,262.99999999985801,295.99999999995629,13.320000000000237,970.00000000016541,GI,provisional_assumed_short_to_long,0
2.89,164.99999999996004,275.99999999992008,153,191.99999999997002,352.99999999996004,289.99999999997004,269.99999999993008,298.99999999997004,13.340000000000256,984.00000000011471,GI,provisional_assumed_short_to_long,0
2.90,167.99999999997269,281.99999999994537,156.99999999996359,192.99999999999091,355.99999999997272,293.99999999996356,269.00000000000909,300.99999999998181,13.359999999999863,993.00000000006821,GI,provisional_assumed_short_to_long,0
2.91,169.99999999998366,290.99999999992644,159.9999999999755,195.9999999999755,365.99999999991826,297.99999999996732,269.99999999999181,309.99999999992644,13.349999999999854,998.00000000008743,GI,provisional_assumed_short_to_long,0
2.92,173.99999999997087,297.99999999994901,164.99999999996359,196.99999999999272,367.99999999998545,299.99999999998545,270,313.9999999999709,13.34,1004.0000000000387,GI,provisional_assumed_short_to_long,0
2.93,180.99999999995555,303.99999999996191,172.99999999994918,197,371.99999999997459,301.99999999998732,268.00000000001268,317.99999999997459,13.34,1006.5000000000409,GI,provisional_assumed_short_to_long,0
2.94,185.99999999997269,310.99999999996174,181.99999999995083,199.9999999999836,372.99999999999454,302.99999999999454,281.99999999992355,321.99999999997817,13.339999999999137,1009.0000000000173,GI,provisional_assumed_short_to_long,0
2.95,189.99999999998187,317.99999999996828,190.99999999995924,201.99999999999093,374.99999999999096,304.99999999999096,286.99999999997738,324.99999999998641,13.289999999999999,1009.9999999999818,GI,provisional_assumed_short_to_long,0
2.96,191.99999999999272,324.99999999997453,197.99999999997451,202,380.99999999997817,305.99999999999636,291.99999999998181,327.99999999998909,13.289999999999999,1009.0000000000573,GI,provisional_assumed_short_to_long,0
2.97,194.99999999999187,327.99999999999187,199.99999999999457,202.9999999999973,382.9999999999946,306,298.99999999998101,328.99999999999727,13.289999999999999,1011.9999999999919,GI,provisional_assumed_short_to_long,0
2.98,195.99999999999818,330.99999999999454,201.99999999999636,202.00000000000182,383.99999999999818,306,302.99999999999272,331.99999999999454,13.5099999999996,1070.9999999998927,GI,provisional_assumed_short_to_long,0
2.99,196.99999999999912,332.99999999999824,205.99999999999645,202,385.99999999999824,305.00000000000091,303,332.99999999999909,13.569999999999947,1082.9999999999893,GI,provisional_assumed_short_to_long,0
3.00,198,333,210,203,387,305,304,332,13.56,1083,GI,provisional_assumed_short_to_long,0
3.01,198,333,210,202.50000000000523,387,305.49999999999477,304.49999999999477,330.50000000001563,13.550000000000029,1083.0000000000018,GI,provisional_assumed_short_to_long,0
3.02,198,333,210,202.00000000001046,387,305.99999999998954,304.99999999998954,329.00000000003138,13.580000000000091,1085.00000000002,GI,provisional_assumed_short_to_long,0
3.03,197.00000000001998,333.99999999997999,210.99999999998002,202.99999999998002,387,305.00000000002001,305,327.00000000003996,13.630000000000056,1096.0000000000139,GI,provisional_assumed_short_to_long,0
3.04,197.9999999999809,335.9999999999618,222.99999999977086,203,387.9999999999809,304.0000000000191,303.0000000000382,325.0000000000382,13.65,1101.0000000000146,GI,provisional_assumed_short_to_long,0
3.05,197.00000000001816,335.00000000001819,227.99999999990919,203.99999999998184,388.99999999998181,302.00000000003632,302.00000000001819,321.00000000007265,13.650000000000137,1105.0000000000045,GI,provisional_assumed_short_to_long,0
3.06,197,332.00000000005184,229.99999999996544,205.99999999996544,388.00000000001728,298.00000000006912,299.00000000005184,319.00000000003456,13.67999999999989,1105.9999999999836,GI,provisional_assumed_short_to_long,0
3.07,192.00000000008171,327.00000000008174,231.99999999996732,204.00000000003268,387.00000000001637,294.00000000006537,299,313.00000000009805,13.659999999999872,1102.9999999999809,GI,provisional_assumed_short_to_long,0
3.08,192.99999999998454,326.00000000001546,231.00000000001546,204.99999999998454,386.00000000001546,291.00000000004638,296.00000000004638,303.00000000015456,13.639999999999709,1099.9999999999709,GI,provisional_assumed_short_to_long,0
3.09,193,323.00000000004371,235.99999999992718,204.00000000001455,385.00000000001455,290.00000000001455,294.0000000000291,298.00000000007282,13.600000000000245,1095.9999999999918,GI,provisional_assumed_short_to_long,0
3.10,190.0000000000409,323,240.99999999993184,203.00000000001364,379.0000000000818,287.00000000004093,294,296.00000000002728,13.62999999999991,1094.9999999999545,GI,provisional_assumed_short_to_long,0
3.11,187.00000000003823,322.00000000001273,241.99999999998727,204.99999999997451,379,285.00000000002547,290.00000000005099,293.00000000003826,13.6199999999999,1089.99999999998,GI,provisional_assumed_short_to_long,0
3.12,185.00000000002362,320.00000000002365,244.99999999996456,206.99999999997638,378.00000000001182,280.00000000005906,289.00000000001182,291.00000000002365,13.610000000000328,1088.0000000000218,GI,provisional_assumed_short_to_long,0
3.13,182.00000000003277,317.0000000000328,246.99999999997814,206.00000000001091,377.00000000001091,274.00000000006554,286.0000000000328,290.00000000001091,13.640000000000178,1089.9999999999882,GI,provisional_assumed_short_to_long,0
3.14,182.99999999999,314.00000000002996,250.99999999996004,209.99999999996004,375.00000000002001,270.00000000003996,286,287.00000000002996,13.655000000000191,1088.9999999999873,GI,provisional_assumed_short_to_long,0
3.15,186.99999999996359,313.00000000000909,255.99999999995447,210,374.00000000000909,268.00000000001819,281.00000000004553,284.00000000002728,13.669999999999726,1087.9999999998092,GI,provisional_assumed_short_to_long,0
3.16,184.0000000000245,311.00000000001637,258.9999999999755,211.99999999998366,373.00000000000819,267.00000000000819,279.00000000001637,278.000000000049,13.650000000000146,1073.9999999998397,GI,provisional_assumed_short_to_long,0
3.17,187.99999999997087,311,262.9999999999709,212.99999999999272,366.00000000005099,264.00000000002183,279.99999999999272,270.00000000005826,13.660000000000155,1062.9999999997835,GI,provisional_assumed_short_to_long,0
3.18,189.9999999999873,307.00000000002541,265.99999999998096,213.99999999999366,364.00000000001268,259.00000000003178,280.99999999999363,266.00000000002541,13.670000000001147,1049.0000000000982,GI,provisional_assumed_short_to_long,0
3.19,189.00000000000546,304.00000000001637,269.99999999997817,214.99999999999454,362.00000000001091,255.00000000002186,279.00000000001091,263.00000000001637,13.740000000000519,1054.9999999999136,GI,provisional_assumed_short_to_long,0
3.20,190.99999999999093,303.00000000000455,274.99999999997738,215.99999999999548,361.00000000000455,253.00000000000907,279.99999999999545,258.00000000002262,13.770000000000273,1050.0000000000182,GI,provisional_assumed_short_to_long,0
3.21,190.00000000000364,298.00000000001819,275.99999999999636,216.99999999999636,358.00000000001091,250.00000000001091,279.00000000000364,256.00000000000728,13.785000000000116,1051.0000000000077,GI,provisional_assumed_short_to_long,0
3.22,190,296.0000000000054,277.9999999999946,217.9999999999973,356.0000000000054,247.00000000000813,279,256,13.79999999999996,1051.9999999999973,GI,provisional_assumed_short_to_long,0
3.23,191.99999999999636,294.00000000000364,278,214.00000000000728,355.00000000000182,236.00000000002004,279,255.00000000000182,13.819999999999965,1059.9999999999854,GI,provisional_assumed_short_to_long,0
3.24,192,293.00000000000091,278.99999999999909,212.00000000000176,353.00000000000176,232.00000000000355,277.00000000000176,255,13.849999999999973,1060.9999999999991,GI,provisional_assumed_short_to_long,0
3.25,191,291,282,214,352,224,276,253,13.85,1064,GI,provisional_assumed_short_to_long,0
3.26,191.00000000000279,282.9999999999888,285.00000000000557,214.00000000000094,351.99999999999909,219.99999999999721,272.99999999999909,251.9999999999944,13.910000000000037,1091.0000000000243,GI,provisional_assumed_short_to_long,0
3.27,193.99999999993724,271.00000000025102,290.99999999987449,214.99999999997908,351.00000000002092,217.00000000006276,272.00000000002092,246.00000000012551,13.950000000000017,1117.0000000000173,GI,provisional_assumed_short_to_long,0
3.28,203.99999999980017,264.00000000013989,296.99999999988012,218.99999999992008,349.00000000003996,214.00000000005994,272.99999999997999,245.00000000001998,13.960000000000027,1126.5000000000261,GI,provisional_assumed_short_to_long,0
3.29,213.99999999980903,264.9999999999809,298.9999999999618,224.99999999988543,348.0000000000191,214.9999999999809,273.9999999999809,243.0000000000382,13.970000000000001,1136.0000000000546,GI,provisional_assumed_short_to_long,0
3.30,224.9999999998002,271.99999999987284,301.99999999994549,226.99999999996368,346.00000000003632,215,274,241.00000000003632,13.970000000000093,1151.000000000151,GI,provisional_assumed_short_to_long,0
3.31,233.99999999984453,277.99999999989637,302.99999999998272,229.99999999994819,346,215.99999999998272,275.99999999996544,235.00000000010365,13.990000000000055,1184.00000000006,GI,provisional_assumed_short_to_long,0
3.32,238.99999999991829,278,305.999999999951,230.99999999998366,344.00000000003268,216,273.000000000049,238.99999999993463,13.99999999999968,1195.0000000000257,GI,provisional_assumed_short_to_long,0
3.33,239,274.00000000006185,305.00000000001546,229.00000000003092,340.00000000006185,215.00000000001546,272.00000000001546,238.00000000001546,13.949999999999708,1199.0000000000073,GI,provisional_assumed_short_to_long,0
3.34,236.00000000004371,259.00000000021851,305,228.00000000001455,332.00000000011653,208.00000000010198,268.00000000005826,238.99999999998545,13.909999999999673,1200.0000000000082,GI,provisional_assumed_short_to_long,0
3.35,231.00000000006816,248.00000000014998,304.00000000001364,216.0000000001636,326.0000000000818,192.00000000021814,263.00000000006816,240.99999999997274,13.869999999999544,1200.9999999999091,GI,provisional_assumed_short_to_long,0
3.36,226.50000000005736,241.50000000008285,304,214.00000000002549,324.5000000000191,189.50000000003186,262.50000000000637,238.00000000003823,13.8199999999993,1190.99999999996,GI,provisional_assumed_short_to_long,0
3.37,222.00000000005315,235.0000000000768,304,212.00000000002362,323.00000000001774,187.00000000002953,262.00000000000591,235.00000000003544,13.74999999999836,1186.9999999993336,GI,provisional_assumed_short_to_long,0
3.38,213.00000000009831,228.00000000007648,302.00000000002183,212,321.00000000002183,186.00000000001091,262,233.00000000002186,13.599999999997518,1125.9999999989723,GI,provisional_assumed_short_to_long,0
3.39,205.00000000007992,220.00000000007992,302.99999999999,211.00000000001,321.99999999999,186.99999999999,262.99999999999,233,13.38999999999554,1038.9999999977058,GI,provisional_assumed_short_to_long,0
3.40,202.00000000002731,219.00000000000909,303,212.99999999998178,324.99999999997272,187.99999999999091,264.99999999998181,233,13.040000000000681,858.99999999938655,GI,provisional_assumed_short_to_long,0
3.41,195.00000000005718,219.99999999999181,303,213,328.99999999996732,188.99999999999181,265.99999999999181,229.00000000003268,13.089999999999272,813.99999999946101,GI,provisional_assumed_short_to_long,0
3.42,188.00000000005099,212.00000000005826,300.00000000002183,211.00000000001455,328.00000000000728,187.00000000001455,265.00000000000728,221.00000000005826,13.039999999999766,776.99999999971408,GI,provisional_assumed_short_to_long,0
3.43,182.00000000003811,186.0000000001651,285.00000000009527,201.00000000006349,318.00000000006349,165.00000000013972,250.00000000009527,188.00000000020958,13.024999999999753,758.4999999996968,GI,provisional_assumed_short_to_long,0
3.44,165.00000000009285,164.00000000012017,262.00000000012562,181.00000000010925,298.00000000010925,141.00000000013108,225.00000000013657,153.00000000019116,13.009999999992743,739.99999999865258,GI,provisional_assumed_short_to_long,0
3.45,142.00000000010419,138.00000000011778,242.00000000009061,144.0000000001676,278.00000000009061,111.00000000013588,184.00000000018571,122.00000000014042,12.589999999996722,661.9999999995448,GI,provisional_assumed_short_to_long,0
3.46,128.00000000005099,90.000000000174794,211.00000000011289,105.00000000014202,257.00000000007645,99.000000000043698,166.00000000006554,107.00000000005463,12.409999999982242,636.99999999873967,GI,provisional_assumed_short_to_long,0
3.47,103.00000000006773,57.000000000089393,174.00000000010021,55.000000000135451,251.00000000001626,96.000000000008129,154.00000000003251,93.000000000037929,11.480000000002519,571.00000000017883,GI,provisional_assumed_short_to_long,0
3.48,89.000000000025494,40.000000000030951,128.00000000008376,52.000000000005464,247.00000000000728,92.000000000007276,149.00000000000909,82.000000000020023,11.609999999999763,568.00000000000546,GI,provisional_assumed_short_to_long,0
3.49,81.000000000007105,38.000000000001776,96.000000000028422,52,240.00000000000622,92.999999999999119,128.00000000001864,52.000000000026645,11.814999999999817,603.99999999996805,GI,provisional_assumed_short_to_long,0
3.50,74,37,65,52,236,92,120,50,12.02,640,GI,provisional_assumed_short_to_long,0
3.51,64.999999999994401,36.999999999999069,49.999999999999069,51.000000000001862,237.00000000000279,90.999999999998138,109.99999999999068,46,12.329999999999346,681.00000000010073,GI,provisional_assumed_short_to_long,0
3.52,59.000000000125496,36.000000000020918,49.000000000020918,52.999999999958163,239.99999999993724,89.000000000041837,100.00000000020917,46,11.630000000000365,788.99999999996726,GI,provisional_assumed_short_to_long,0
3.53,38.000000000419661,36.99999999998002,47.000000000039968,53,240,86.000000000059956,95.000000000099917,45.00000000001998,11.830000000000139,771.00000000001376,SSSW,provisional_assumed_short_to_long,0
3.54,18.000000000381917,36.000000000019099,47,52.000000000019099,239.0000000000191,80.000000000114568,94.000000000019099,45,11.879999999999928,776.00000000008015,SSSW,provisional_assumed_short_to_long,0
3.55,6.000000000217959,36.999999999981839,47.999999999981839,52.999999999981839,236.00000000005448,80,91.000000000054484,44.000000000018161,11.860000000000685,797.99999999996794,SSSW,provisional_assumed_short_to_long,0
3.56,4.0000000000345501,37,48.999999999982727,52.000000000017273,233.00000000005181,80,89.000000000034547,44.999999999982727,12.010000000001584,790.99999999988802,SSSW,provisional_assumed_short_to_long,0
3.57,3.0000000000163425,37,49,52,229.00000000006537,80,87.000000000032685,45,12.300000000001855,770.49999999986892,SSSW,provisional_assumed_short_to_long,0
3.58,3.9999999999845457,37,48.000000000015454,52,227.00000000003092,84.999999999922721,86.000000000015461,44.000000000015454,12.59,750.00000000001455,SSSW,provisional_assumed_short_to_long,0
3.59,5.9999999999708677,37,47.000000000014566,52,224.00000000004371,87.999999999956302,89.999999999941735,44,12.590000000000163,752.00000000003274,SSSW,provisional_assumed_short_to_long,0
3.60,30.99999999965916,37.999999999986365,47.999999999986365,49.000000000040899,221.0000000000409,92.999999999931831,96.99999999990456,44.999999999986365,12.61000000000009,755.99999999999091,SSSW,provisional_assumed_short_to_long,0
3.61,41.999999999859803,38.999999999987253,48,49,219.00000000002549,96.999999999949011,120.99999999969411,45.999999999987253,12.619999999999999,755,SSSW,provisional_assumed_short_to_long,0
3.62,51.999999999881872,39.999999999988191,48.999999999988191,48.000000000011809,221.99999999996456,98.999999999976382,134.99999999983461,46.999999999988191,12.619999999999999,755.00000000001091,SSSW,provisional_assumed_short_to_long,0
3.63,59.999999999912603,41.999999999978151,49,48,226.99999999994537,101.99999999996723,130.00000000005463,49.99999999996723,12.620000000000058,756.00000000001774,SSSW,provisional_assumed_short_to_long,0
3.64,70.999999999890093,63.999999999780172,47.00000000001998,46.00000000001998,228.99999999998002,105.99999999996004,124.00000000005996,50.99999999999001,12.625000000000064,757.5000000000191,SSSW,provisional_assumed_short_to_long,0
3.65,74.999999999963592,78.999999999863448,48.999999999981796,46.999999999990898,231.99999999997269,113.99999999992717,121.00000000002731,54.999999999963585,12.630000000000274,759.00000000001364,SSSW,provisional_assumed_short_to_long,0
3.66,78.999999999967315,85.999999999942801,47.000000000016342,45.000000000016342,232.99999999999181,114.99999999999183,121,56.999999999983658,12.650000000000146,760.0000000000291,SSSW,provisional_assumed_short_to_long,0
3.67,80.999999999985434,90.999999999963592,46.000000000007283,44.000000000007283,233.99999999999272,115,115.0000000000437,54.000000000021849,12.659999999999846,762.00000000001546,SSSW,provisional_assumed_short_to_long,0
3.68,67.000000000088903,91.999999999993648,41.000000000031754,44.999999999993648,232.0000000000127,105.00000000006351,96.000000000120664,54,12.650000000000329,763.00000000001637,SSSW,provisional_assumed_short_to_long,0
3.69,60.000000000038234,91.000000000005457,40.000000000005464,45,231.00000000000546,104.00000000000546,93.000000000016385,50.000000000021849,12.670000000000346,764.00000000003456,SSSW,provisional_assumed_short_to_long,0
3.70,46.000000000063416,91.999999999995467,38.000000000009059,45.999999999995467,231,102.00000000000907,91.000000000009067,47.000000000013586,12.69000000000009,766.00000000000909,SSSW,provisional_assumed_short_to_long,0
3.71,36.000000000036415,92.999999999996362,38.999999999996362,45.000000000003638,230.00000000000364,99.000000000010928,92.999999999992724,47,12.695000000000038,766.50000000000387,SSSW,provisional_assumed_short_to_long,0
3.72,5.000000000083979,93.999999999997286,38.000000000002707,46.999999999994586,230,96.000000000008129,89.000000000010829,45.000000000005414,12.699999999999985,766.99999999999864,SSSW,provisional_assumed_short_to_long,0
3.73,1.0000000000072831,94,37.000000000001819,47,229.00000000000182,94.000000000003638,88.000000000001819,45.999999999998181,12.699999999999999,767.99999999999818,SSSW,provisional_assumed_short_to_long,0
3.74,1,96.999999999997328,34.000000000002665,47,228.00000000000088,84.000000000008882,86.000000000001776,45.000000000000888,12.699999999999999,768,SSSW,provisional_assumed_short_to_long,0
3.75,2,96,33,47,226,80,85,46,12.699999999999999,769,SSSW,provisional_assumed_short_to_long,0
3.76,0,97.000000000000938,30.000000000001865,47,224.99999999999906,78.999999999999062,82.999999999996277,45.999999999999069,12.71000000000001,770.00000000000284,SSSW,provisional_assumed_short_to_long,0
3.77,0,97.999999999979082,31.999999999958167,47,224.00000000002092,78.000000000020918,79.000000000083674,45.000000000020918,12.720000000000027,773.00000000000182,SSSW,provisional_assumed_short_to_long,0
3.78,0,98,31.000000000019984,47,224,75.000000000059956,78.00000000001998,45.99999999998002,12.735000000000042,774.00000000000273,SSSW,provisional_assumed_short_to_long,0
3.79,0,98.999999999980901,31,47,223.0000000000191,71.000000000076383,75.000000000057284,46.999999999980901,12.750000000000037,775,SSSW,provisional_assumed_short_to_long,0
3.80,0,99.999999999981839,31,47,221.00000000003632,70.000000000018161,74.000000000018161,46.000000000018161,12.760000000000092,775.00000000002285,SSSW,provisional_assumed_short_to_long,0
3.81,0,101.99999999996545,30.000000000017273,47,218.00000000005181,70,73.00000000001728,46.999999999982727,12.780000000000109,780.00000000001637,SSSW,provisional_assumed_short_to_long,0
3.82,0,103.99999999996732,30.999999999983658,46.000000000016342,215.00000000004903,76.999999999885603,71.000000000032685,47,12.799999999999937,783,SSSW,provisional_assumed_short_to_long,0
3.83,0,106.99999999995364,33.999999999953637,46,210.00000000007728,78.999999999969091,72.999999999969091,47,12.790000000000072,783,SSSW,provisional_assumed_short_to_long,0
3.84,0,108.99999999997087,34,45.000000000014566,199.00000000016024,84.999999999912603,74.999999999970868,47.999999999985434,12.800000000000082,783.00000000000819,SSSW,provisional_assumed_short_to_long,0
3.85,0,114.9999999999182,34,44.000000000013635,191.00000000010908,85.999999999986372,80.999999999918202,49.999999999972729,12.810000000000091,784.00000000000909,SSSW,provisional_assumed_short_to_long,0
3.86,0,118.99999999994901,39.999999999923531,42.000000000025494,184.00000000008922,88.999999999961759,86.999999999923531,56.999999999910784,12.8200000000001,785.00000000001,SSSW,provisional_assumed_short_to_long,0
3.87,0,127.99999999989369,45.999999999929123,43.999999999976374,181.00000000003544,90.999999999976382,91.99999999994094,80.999999999716493,12.829999999999782,786,SSSW,provisional_assumed_short_to_long,0
3.88,0,148.99999999977058,51.999999999934452,44,180.00000000001091,101.99999999987983,94.99999999996723,93.999999999857977,12.81,786,SSSW,provisional_assumed_short_to_long,0
3.89,2.999999999970024,164.99999999984013,63.999999999880096,44,177.00000000002998,115.99999999986011,116.99999999978017,106.9999999998701,12.81000000000051,786.00000000008924,SSSW,provisional_assumed_short_to_long,0
3.90,12.999999999908962,183.99999999982703,91.999999999745086,44,176.00000000000909,124.99999999991806,138.99999999979971,125.99999999982703,12.849999999991274,793.00000000096793,SSSW,provisional_assumed_short_to_long,0
3.91,6.0000000000571987,187.99999999996732,117.99999999978755,44,176.99999999999181,134.99999999991829,148.99999999991829,135.99999999991829,12.209999999998981,864.00000000014563,SSSW,provisional_assumed_short_to_long,0
3.92,30.999999999817923,199.9999999999126,133.99999999988347,44,177,158.99999999982521,159.99999999991988,145.99999999992718,12.139999999999922,874.00000000006185,SSSW,provisional_assumed_short_to_long,0
3.93,45.999999999904745,207.99999999994918,147.9999999999111,44.999999999993648,179.99999999998096,177.99999999987935,167.99999999994918,154.99999999994284,12.134999999999918,878.0000000000656,SSSW,provisional_assumed_short_to_long,0
3.94,63.999999999901675,216.99999999995083,152.99999999997269,45.999999999994536,185.99999999996723,195.99999999990169,170.9999999999836,169.99999999991806,12.130000000000519,881.99999999996544,SSSW,provisional_assumed_short_to_long,0
3.95,68.999999999977348,225.99999999995924,160.99999999996376,47.999999999990941,190.99999999997735,234.99999999982333,174.99999999998187,186.99999999992301,12.159999999999272,880.00000000010925,SSSW,provisional_assumed_short_to_long,0
3.96,80.999999999956302,239.99999999994901,165.99999999998178,48.999999999996362,199.99999999996723,247.99999999995265,175,194.99999999997087,12.119999999995226,886.00000000074476,SSSW,provisional_assumed_short_to_long,0
3.97,121.99999999988893,253.99999999996209,169.99999999998917,49,211.99999999996749,257.99999999997289,194.99999999994583,201.99999999998104,11.870000000000676,924.99999999989438,SSSW,provisional_assumed_short_to_long,0
3.98,140.99999999996541,273.99999999996356,177.99999999998545,49.999999999998181,230.99999999996541,262.99999999999091,229.99999999993628,210.9999999999836,11.130000000001349,1051.9999999997688,SSSW,provisional_assumed_short_to_long,0
3.99,153.99999999998846,297.99999999997868,188.99999999999022,94.999999999960039,260.99999999997334,270.99999999999289,251.99999999998045,218.99999999999289,10.240000000000791,1234.9999999998374,SSSW,provisional_assumed_short_to_long,0
4.00,189,321,196,142,301,284,268,255,9.3499999999999996,1418,SSSW,provisional_assumed_short_to_long,0
4.01,229.00000000001242,361.00000000000801,227.00000000000887,181.00000000001776,343.00000000002223,306.00000000001955,293.00000000002575,314.00000000001421,8.3799999999997876,1756.0000000001314,SSSW,provisional_assumed_short_to_long,0
4.02,242.9999999997078,369.99999999981213,236.99999999979127,200.99999999958254,367.99999999947818,327.99999999954082,321.99999999939473,329.99999999966604,8.1400000000000947,1904.0000000000337,SSSW,provisional_assumed_short_to_long,0
4.03,243.49999999999,371.49999999997004,232.50000000008993,203.99999999994006,377.99999999980014,330.49999999995003,325.99999999992008,331.49999999997004,8.1900000000002748,1921.999999999967,SSSW,provisional_assumed_short_to_long,0
4.04,243.99999999999045,372.99999999997135,228.00000000008592,206.9999999999427,387.99999999980906,332.99999999995225,329.9999999999236,332.99999999997135,8.2900000000005463,1910.0000000001494,SSSW,provisional_assumed_short_to_long,0
4.05,234.00000000018207,368.00000000009106,210.00000000032773,207.99999999998178,388,337.99999999990894,332.99999999994537,332.00000000001819,8.4400000000003175,1950.9999999999955,SSSW,provisional_assumed_short_to_long,0
4.06,235.99999999996555,364.00000000006889,201.00000000015507,207.00000000001722,380.00000000013785,342.99999999991383,334.99999999996555,326.0000000001034,8.5100000000005505,1950.0000000001432,SSSW,provisional_assumed_short_to_long,0
4.07,235.00000000001634,364,197.00000000006537,206.00000000001634,387.99999999986926,344.99999999996732,335,320.00000000009805,8.6100000000006389,1976.0000000001662,SSSW,provisional_assumed_short_to_long,0
4.08,220.00000000023181,367.99999999993815,187.00000000015456,204.00000000003092,390.99999999995362,345,333.00000000003092,325.99999999990729,8.710000000000802,2001.9999999998981,SSSW,provisional_assumed_short_to_long,0
4.09,214.0000000000874,368,182.00000000007282,204,391.99999999998545,345.99999999998545,328.00000000007282,330.99999999992718,8.8200000000007357,1987.9999999998693,SSSW,provisional_assumed_short_to_long,0
4.10,219.99999999991792,369.99999999997266,183.99999999997266,206.99999999995896,393.99999999997266,347.99999999997266,329.99999999997266,331.9999999999863,8.9100000000011779,1971.9999999997101,SSSW,provisional_assumed_short_to_long,0
4.11,234.99999999980949,375.99999999992377,195.9999999998476,210.99999999994918,395.99999999997459,348,330,332,9.040000000001605,1939.9999999995484,SSSW,provisional_assumed_short_to_long,0
4.12,239.99999999994094,376,196,213.99999999996456,396.99999999998818,357.99999999988188,327.00000000003541,332.99999999998818,9.2000000000012019,1894.9999999995739,SSSW,provisional_assumed_short_to_long,0
4.13,239.00000000001091,376.99999999998909,195.00000000001091,215.99999999997814,399.9999999999672,359.99999999997817,327,334.99999999997817,9.310000000000592,1855.9999999997638,SSSW,provisional_assumed_short_to_long,0
4.14,229.00000000010036,377,192.0000000000301,216,401.99999999997993,361.99999999997993,326.00000000001006,335.99999999998994,9.3600000000006354,1835.999999999746,SSSW,provisional_assumed_short_to_long,0
4.15,205.00000000021743,369.00000000007248,186.00000000005434,215.00000000000907,399.00000000002717,358.00000000003627,320.00000000005434,331.0000000000453,9.4100000000020518,1815.9999999992751,SSSW,provisional_assumed_short_to_long,0
4.16,195.00000000008171,364.00000000004087,171.00000000012255,208.00000000005718,398.00000000000819,353.00000000004087,314.000000000049,309.00000000017974,9.5600000000014571,1762.9999999993008,SSSW,provisional_assumed_short_to_long,0
4.17,180.00000000010925,355.00000000006554,161.00000000007282,206.00000000001455,397.00000000000728,336.0000000001238,310.0000000000291,290.00000000013836,9.6600000000081909,1714.9999999977592,SSSW,provisional_assumed_short_to_long,0
4.18,173.00000000004476,343.00000000007674,158.00000000001918,205.00000000000639,391.00000000003837,330.00000000003837,292.00000000011511,278.00000000007674,10.19000000000049,1569.9999999996242,SSSW,provisional_assumed_short_to_long,0
4.19,162.0000000000596,338.00000000002711,151.00000000003791,203.00000000001083,380.00000000005957,320.00000000005417,282.00000000005417,268.00000000005417,10.220000000000868,1546.9999999995671,SSSW,provisional_assumed_short_to_long,0
4.20,156.00000000002717,325.00000000005889,151.99999999999548,198.00000000002265,378.00000000000904,307.00000000005889,275.00000000003172,248.00000000009061,10.270000000000728,1521.9999999997451,SSSW,provisional_assumed_short_to_long,0
4.21,149.00000000002549,308.0000000000619,144.00000000002913,196.00000000000728,373.00000000001819,300.00000000002547,274.00000000000364,243.00000000001822,10.310000000000308,1507.9999999998918,SSSW,provisional_assumed_short_to_long,0
4.22,138.0000000000303,298.00000000002751,134.00000000002754,189.00000000001927,370.00000000000824,293.00000000001927,266.00000000002206,240.00000000000827,10.34999999999989,1494.0000000000387,SSSW,provisional_assumed_short_to_long,0
4.23,132.00000000001066,293.00000000000887,125.00000000001599,182.00000000001245,368.00000000000352,281.00000000002132,261.00000000000887,236.00000000000711,10.38999999999993,1466.0000000000498,SSSW,provisional_assumed_short_to_long,0
4.24,121.00000000000978,289.00000000000352,119.00000000000533,181.00000000000088,365.00000000000267,271.00000000000887,247.00000000001245,228.00000000000711,10.579999999999831,1356.0000000000978,SSSW,provisional_assumed_short_to_long,0
4.25,106,288,121,183,361,262,244,214,10.65,1338,SSSW,provisional_assumed_short_to_long,0
4.26,97.999999999996447,283.99999999999648,116.99999999999912,183.99999999999824,354.99999999999557,242.99999999998934,235.99999999999201,198.99999999999201,10.720000000000534,1322.0000000000168,SSSW,provisional_assumed_short_to_long,0
4.27,94.000000000083489,280.0000000000835,116.00000000002088,182.00000000004175,350.00000000010436,231.00000000025045,227.00000000018784,190.00000000018784,11.32,1340.9999999998731,SSSW,provisional_assumed_short_to_long,0
4.28,96.999999999940044,276.00000000007992,118.99999999994004,182,346.00000000007992,212.00000000037969,231.99999999990007,182.00000000015987,11.320000000001846,1272.9999999996999,SSSW,provisional_assumed_short_to_long,0
4.29,96.000000000019099,274.0000000000382,119.9999999999809,185.9999999999236,342.0000000000764,194.00000000034373,227.00000000009547,160.0000000004201,11.990000000002441,1163.999999999603,SSSW,provisional_assumed_short_to_long,0
4.30,96.999999999981796,273.00000000001819,125.99999999989075,185.00000000001822,340.00000000003644,192.00000000003641,227.99999999998178,159.00000000001822,12.660000000001858,1054.999999999769,SSSW,provisional_assumed_short_to_long,0
4.31,100.99999999993108,273,139.99999999975876,192.99999999986215,340.99999999998278,187.00000000008615,226.00000000003445,156.0000000000517,13.06999999999989,1003.9999999999945,SSSW,provisional_assumed_short_to_long,0
4.32,113.99999999978755,273.99999999998363,161.99999999964047,196.99999999993463,340.00000000001637,178.00000000014708,227.99999999996732,158.99999999995097,13.049999999999937,1002.9999999999936,SSSW,provisional_assumed_short_to_long,0
4.33,123.99999999984546,276.99999999995362,171.99999999984544,199.99999999995364,340,178.99999999998454,229.99999999996908,169.99999999983001,13.039999999999999,1001.9999999999927,SSSW,provisional_assumed_short_to_long,0
4.34,139.99999999976694,277,183.99999999982521,198.00000000002913,341.9999999999709,189.99999999983976,237.99999999988347,178.99999999986892,13.040000000000081,1001.0000000000164,SSSW,provisional_assumed_short_to_long,0
4.35,157.9999999997554,276.00000000001359,196.99999999982333,199.99999999997283,343.99999999997283,190.99999999998641,240.99999999995924,187.9999999998777,13.050000000000091,1003.0000000000183,SSSW,provisional_assumed_short_to_long,0
4.36,169.9999999998476,278.99999999996191,205.99999999988569,201.99999999997459,347.99999999994918,197.9999999999111,244.99999999994918,199.9999999998476,13.060000000000704,1005.0000000000603,SSSW,provisional_assumed_short_to_long,0
4.37,180.99999999987006,282.99999999995276,224.99999999977555,205.99999999995276,348.99999999998818,199.99999999997638,251.99999999991732,215.999999999811,13.130000000002077,1011.0000000005572,SSSW,provisional_assumed_short_to_long,0
4.38,188.9999999999126,281.00000000002183,239.99999999983612,211.99999999993446,349.99999999998909,188.00000000013108,264.99999999985801,243.99999999969413,13.319999999999881,1062.0000000001653,SSSW,provisional_assumed_short_to_long,0
4.39,194.99999999993977,286.9999999999398,248.99999999990968,218.99999999992974,351.99999999997993,226.99999999960858,271.99999999992974,260.99999999982936,13.31000000000089,1076.0000000001144,SSSW,provisional_assumed_short_to_long,0
4.40,207.99999999988222,290.99999999996373,265.99999999984601,223.9999999999547,354.99999999997283,227.99999999999093,279.99999999992752,268.99999999992752,13.380000000000548,1085.000000000123,SSSW,provisional_assumed_short_to_long,0
4.41,224.99999999986107,292.99999999998363,275.99999999991826,229.99999999995097,357.9999999999755,234.99999999994282,293.99999999988563,283.99999999987745,13.420000000000146,1094.0000000001894,SSSW,provisional_assumed_short_to_long,0
4.42,240.99999999988347,302.99999999992718,280.99999999996356,236.99999999994901,358.99999999999272,247.99999999990533,294.99999999999272,293.99999999992718,13.430000000000387,1107.000000000085,SSSW,provisional_assumed_short_to_long,0
4.43,252.99999999992326,304.99999999998721,289.99999999994247,243.99999999995524,360.99999999998721,253.99999999996163,302.99999999994884,299.99999999996163,13.455000000000409,1112.5000000000898,SSSW,provisional_assumed_short_to_long,0
4.44,254.99999999998917,306.99999999998914,293.99999999997834,247.99999999997834,360.0000000000054,255.99999999998917,307.99999999997289,311.99999999993497,13.480000000001214,1118.000000000156,SSSW,provisional_assumed_short_to_long,0
4.45,256.99999999999096,307,298.99999999997738,254.99999999996828,361.99999999999096,262.99999999996828,310.99999999998641,322.99999999995015,13.55000000000164,1127.0000000000364,SSSW,provisional_assumed_short_to_long,0
4.46,261.99999999998181,308.99999999999272,303.99999999998181,255,362.99999999999636,265.99999999998909,311.99999999999636,327.99999999998181,13.640000000001336,1129.0000000001528,SSSW,provisional_assumed_short_to_long,0
4.47,265.99999999998897,308.00000000000273,306.99999999999176,255.99999999999724,362.00000000000273,268.99999999999176,315.99999999998897,330.99999999999176,13.709999999999809,1136.9999999999779,SSSW,provisional_assumed_short_to_long,0
4.48,267.99999999999648,302.00000000001069,309.99999999999466,256.99999999999824,361.00000000000176,268.00000000000176,317.99999999999648,331,13.809999999999823,1149.9999999999768,SSSW,provisional_assumed_short_to_long,0
4.49,267.00000000000091,299.00000000000267,313.99999999999648,257.99999999999909,359.00000000000176,267.00000000000091,315.00000000000267,331,13.859999999999955,1161.9999999999893,SSSW,provisional_assumed_short_to_long,0
4.50,265,290,316,256,357,264,312,324,13.925000000000001,1170,SSSW,provisional_assumed_short_to_long,0
4.51,261.99999999999466,281.99999999997601,316,250.99999999999289,352.99999999999466,259.99999999998488,307.99999999999199,309.99999999998403,13.990000000000036,1178.0000000000098,SSSW,provisional_assumed_short_to_long,0
4.52,256.00000000012523,255.00000000056355,316,243.00000000016698,347.00000000012523,243.00000000035482,299.00000000018787,292.00000000037568,14.029999999999943,1188.9999999999907,SSSW,provisional_assumed_short_to_long,0
4.53,245.00000000021981,230.0000000004996,311.00000000009993,237.00000000011991,333.00000000027978,228.00000000029976,284.00000000029974,269.00000000045964,13.999999999999861,1183.999999999945,SSSW,provisional_assumed_short_to_long,0
4.54,231.00000000026733,202.00000000053467,304.0000000001337,229.00000000015277,317.00000000030553,213.00000000028643,272.00000000022914,246.0000000004392,13.949999999999708,1163.9999999999127,SSSW,provisional_assumed_short_to_long,0
4.55,200.00000000056443,168.00000000061905,300.00000000007282,219.00000000018207,304.0000000002367,194.00000000034595,261.00000000020026,212.00000000061905,13.8699999999995,1139.9999999998188,SSSW,provisional_assumed_short_to_long,0
4.56,186.00000000024124,143.00000000043076,294.0000000001034,209.00000000017229,287.00000000029291,180.00000000024124,242.00000000032739,187.00000000043076,13.759999999999835,1099.9999999998761,SSSW,provisional_assumed_short_to_long,0
4.57,175.00000000017977,100.00000000070273,275.00000000031048,201.00000000013074,277.00000000016342,172.00000000013074,207.00000000057199,161.0000000004249,13.729999999999809,1077.4999999998561,SSSW,provisional_assumed_short_to_long,0
4.58,167.00000000012363,51.000000000757261,269.00000000009271,189.00000000018545,273.00000000006185,159.00000000020091,202.00000000007728,131.00000000046361,13.699999999997596,1054.9999999984122,SSSW,provisional_assumed_short_to_long,0
4.59,157.00000000014566,45.000000000087397,253.00000000023306,185.00000000005826,266.00000000010198,155.00000000005826,192.00000000014566,121.00000000014566,13.369999999996322,836.99999999888871,SSSW,provisional_assumed_short_to_long,0
4.60,151.50000000007475,43.000000000027178,242.00000000014947,173.00000000016308,254.00000000016308,148.00000000009513,181.50000000014268,114.00000000009513,12.919999999997163,700.99999999964325,SSSW,provisional_assumed_short_to_long,0
4.61,146.00000000006986,41.000000000025402,231.00000000013972,161.0000000001524,242.0000000001524,141.0000000000889,171.00000000013335,107.0000000000889,12.609999999990865,661.99999999921715,SSSW,provisional_assumed_short_to_long,0
4.62,131.00000000017718,39.000000000023626,197.00000000040163,114.0000000005552,233.00000000010633,125.000000000189,155.000000000189,96.000000000129944,11.700000000006009,584.0000000010815,SSSW,provisional_assumed_short_to_long,0
4.63,97.000000000371443,36.00000000003277,149.00000000052438,55.000000000644555,218.00000000016388,104.00000000022942,129.00000000028405,86.000000000109253,12.250000000002776,683.00000000056707,SSSW,provisional_assumed_short_to_long,0
4.64,82.00000000015055,36,118.00000000031113,53.000000000020073,212.00000000006023,96.000000000080291,97.000000000321165,73.00000000013047,12.485000000002985,731.00000000060959,SSSW,provisional_assumed_short_to_long,0
4.65,71.000000000099647,35.000000000009059,81.000000000335206,52.000000000009059,205.00000000006341,94.000000000018119,93.000000000036238,51.000000000199307,12.719999999993846,779.00000000099851,SSSW,provisional_assumed_short_to_long,0
4.66,51.000000000163425,35,67.000000000114397,51.000000000008171,203.00000000001634,92.000000000016342,89.000000000032685,50.000000000008171,12.270000000000145,851.99999999979605,SSSW,provisional_assumed_short_to_long,0
4.67,16.000000000254907,35.999999999992717,61.000000000043698,51,200.00000000002186,90.000000000014566,89,48.000000000014566,12.280000000000463,838,SSSW,provisional_assumed_short_to_long,0
4.68,10.000000000038369,36,54.000000000044764,50.000000000006395,194.00000000003837,89.000000000006395,88.000000000006395,46.00000000001279,12.31,838.00000000013074,SSSW,provisional_assumed_short_to_long,0
4.69,9.0000000000054179,36.999999999994586,46.000000000043343,50,193.00000000000543,89.999999999994586,84.000000000021672,44.000000000010836,12.31,846.00000000008663,SSSW,provisional_assumed_short_to_long,0
4.70,9,37,45.000000000004533,50,192.00000000000452,89.000000000004533,84,43.000000000004533,12.31000000000428,850.9999999995357,SSSW,provisional_assumed_short_to_long,0
4.71,11.999999999989075,37.999999999996362,45.999999999996362,50,194.99999999998909,86.000000000010928,87.999999999985434,45.999999999989072,12.545000000001815,825.49999999980298,SSSW,provisional_assumed_short_to_long,0
4.72,6.0000000000165201,38,44.000000000005507,49.000000000002757,195,86.999999999997243,89.999999999994486,46,12.779999999999353,800.00000000007026,SSSW,provisional_assumed_short_to_long,0
4.73,6.9999999999982236,39.999999999996447,44.999999999998224,48.000000000001776,197.99999999999466,88.999999999996447,90,49.999999999992895,12.779999999999999,800,SSSW,provisional_assumed_short_to_long,0
4.74,6.0000000000008882,40,43.000000000001776,48,200.99999999999733,89,90.999999999999119,48.000000000001776,12.799999999999983,802.99999999999739,SSSW,provisional_assumed_short_to_long,0
4.75,6,40,38,47,206,89,94,48,12.800000000000001,803,SSSW,provisional_assumed_short_to_long,0
4.76,3.0000000000314415,40.999999999989519,38,45.500000000015717,207.49999999998428,89.499999999994756,95.999999999979039,47.500000000005244,12.80000000000001,803.00000000000091,SSSW,provisional_assumed_short_to_long,0
4.77,6.2616578588858829e-11,41.999999999979124,38,44.000000000031307,208.99999999996868,89.999999999989569,97.999999999958249,47.000000000010438,12.81000000000002,803.99999999999818,SSSW,provisional_assumed_short_to_long,0
4.78,0,43.999999999960032,36.000000000039968,45.999999999960032,209,90,105.99999999984013,47,12.819999999999972,803,SSSW,provisional_assumed_short_to_long,0
4.79,0.99999999998090416,58.999999999713566,35.000000000019099,46,209.9999999999809,90,100.00000000011457,46.000000000019099,12.809999999999963,803,SSSW,provisional_assumed_short_to_long,0
4.80,1.8207657603852567e-11,75.999999999690473,35,46,210,90,99.000000000018204,46,12.799999999998098,803.00000000023101,SSSW,provisional_assumed_short_to_long,0
4.81,0.99999999998276934,80.999999999913854,35.999999999982769,45.000000000017231,211.99999999996555,88.000000000034461,92.000000000120622,46.999999999982769,12.380000000002479,853.99999999971919,SSSW,provisional_assumed_short_to_long,0
4.82,1,83.999999999950973,36.999999999983658,45,212.99999999998366,78.000000000163425,89.000000000049027,46.000000000016342,12.830000000000064,803.00000000000637,SSSW,provisional_assumed_short_to_long,0
4.83,1.5454304502782179e-11,84,36.000000000015454,45,212.00000000001546,76.000000000030909,85.000000000061817,46,12.840000000000146,804.00000000000728,SSSW,provisional_assumed_short_to_long,0
4.84,0,90.999999999898037,35.000000000014566,45.999999999985434,212.99999999998545,63.00000000018936,78.000000000101963,46,12.859999999999999,805.00000000000409,SSSW,provisional_assumed_short_to_long,0
4.85,0,90.000000000013586,34.000000000013586,46,213,62.000000000013586,77.000000000013586,46,12.859999999999999,805.50000000000455,SSSW,provisional_assumed_short_to_long,0
4.86,0,90,34.999999999987295,45.000000000012705,210.00000000003811,62,74.000000000038099,46,12.860000000000101,806,SSSW,provisional_assumed_short_to_long,0
4.87,0,88.000000000023618,34.000000000011809,45.999999999988191,210.99999999998818,60.000000000023626,73.000000000011809,45.000000000011809,12.869999999999889,805.99999999995634,SSSW,provisional_assumed_short_to_long,0
4.88,0,87.000000000010928,33.000000000010928,46.999999999989072,211,60,72.000000000010928,45,12.859999999999999,802,SSSW,provisional_assumed_short_to_long,0
4.89,0,88.999999999979934,33,46.500000000005016,209.50000000001506,60,71.500000000005016,44.500000000005016,12.860000000000381,802,SSSW,provisional_assumed_short_to_long,0
4.90,0,90.999999999981881,33,46.000000000004533,208.00000000001359,60,71.000000000004533,44.000000000004533,12.890000000000137,801.99999999998636,SSSW,provisional_assumed_short_to_long,0
4.91,0,94.999999999967315,32.000000000008171,46,205.0000000000245,60.999999999991829,69.000000000016342,44,12.900000000000146,801.00000000001455,SSSW,provisional_assumed_short_to_long,0
4.92,0,93.000000000014566,31.000000000007283,46,205,61,69,44.999999999992717,12.909999999999922,802.00000000000773,SSSW,provisional_assumed_short_to_long,0
4.93,0,93.999999999993605,31,46,204.00000000000639,61,69,45,12.904999999999919,802.50000000000819,SSSW,provisional_assumed_short_to_long,0
4.94,0,94.999999999994586,31,46,203.00000000000543,61,69,45,12.900000000000174,803,SSSW,provisional_assumed_short_to_long,0
4.95,0,102.99999999996376,32.999999999990941,43.000000000013586,194.00000000004076,61.999999999995467,69,45,12.91,803.00000000001819,SSSW,provisional_assumed_short_to_long,0
4.96,0,107.9999999999818,33,43.999999999996362,193.00000000000364,68.999999999974506,69.999999999996362,45.999999999996362,12.910000000000382,804.0000000001337,SSSW,provisional_assumed_short_to_long,0
4.97,0,111.99999999998899,33,43.000000000002757,189.00000000001103,71.999999999991743,73.999999999988987,46,12.929999999999945,810.99999999998067,SSSW,provisional_assumed_short_to_long,0
4.98,0,113.99999999999645,40.999999999985789,43,176.00000000002308,72.999999999998224,76.999999999994671,46,12.410000000000924,870.99999999989336,SSSW,provisional_assumed_short_to_long,0
4.99,0,116.99999999999733,41.999999999999112,43,164.00000000001066,79.999999999993776,87.999999999990223,47.999999999998224,12.360000000000044,873.99999999999739,SSSW,provisional_assumed_short_to_long,0
5.00,0,127,48,42,156,89,113,51,12.379999999999999,874.5,SSSW,provisional_assumed_short_to_long,0
5.01,0,135.00000000000978,48.000000000004881,42.000000000000441,152.00000000000045,92.000000000003112,119.00000000000577,66.00000000000621,12.400000000000009,874.99999999999909,SSSW,provisional_assumed_short_to_long,0
5.02,0,145.99999999989546,53.499999999947732,42.499999999995246,152.49999999999525,95.499999999966732,125.49999999993823,72.999999999933479,12.409999999999943,874.00000000000932,SSSW,provisional_assumed_short_to_long,0
5.03,0,156.99999999978019,58.999999999890086,42.99999999999001,152.99999999999,98.999999999930054,131.99999999987011,79.999999999860108,12.379999999999862,879.00000000001933,SSSW,provisional_assumed_short_to_long,0
5.04,0,162.99999999988543,76.999999999656268,43,153.9999999999809,126.99999999946532,144.99999999975176,93.999999999732665,12.329999999999671,886.00000000004729,SSSW,provisional_assumed_short_to_long,0
5.05,0,155.00000000014566,95.999999999654051,43,151.00000000005463,133.99999999987256,146.99999999996359,96.999999999945373,12.239999999999954,898.99999999997283,SSSW,provisional_assumed_short_to_long,0
5.06,3.4999999999396927,158.49999999993969,100.99999999991385,43.499999999991388,151,134.49999999999139,147.99999999998278,99.499999999956927,12.230000000000716,892.99999999992292,SSSW,provisional_assumed_short_to_long,0
5.07,6.9999999999428013,161.99999999994282,105.99999999991829,43.999999999991829,151,134.99999999999181,148.99999999998366,101.99999999995914,12.359999999996003,879.00000000055002,SSSW,provisional_assumed_short_to_long,0
5.08,7,166.99999999992272,118.99999999979909,44,149.00000000003092,150.99999999975273,158.99999999984544,115.99999999978364,11.734999999995448,965.0000000006263,SSSW,provisional_assumed_short_to_long,0
5.09,56.999999999271694,211.99999999934454,119.99999999998543,47.999999999941735,194.99999999932996,210.99999999912603,164.9999999999126,146.99999999954844,11.109999999998283,1051.0000000003431,SSSW,provisional_assumed_short_to_long,0
5.10,71.499999999802952,227.49999999978937,137.4999999997622,49.499999999979615,208.49999999981654,216.49999999992525,179.49999999980295,159.99999999982333,10.899999999983807,1093.0000000034763,SSSW,provisional_assumed_short_to_long,0
5.11,85.999999999815827,242.99999999980312,154.99999999977774,50.99999999998095,221.99999999982853,221.99999999993014,193.99999999981583,172.9999999998349,9.1299999999900638,1473.0000000036432,SSSW,provisional_assumed_short_to_long,0
5.12,133.99999999943299,272.99999999964564,179.99999999970467,119.99999999918492,257.99999999957475,229.9999999999055,242.99999999942116,188.999999999811,8.1399999999982526,1836.0000000012344,SSSW,provisional_assumed_short_to_long,0
5.13,181.99999999947562,346.99999999919157,219.99999999956302,167.99999999947562,318.99999999933357,272.99999999953025,276.99999999962859,243.99999999939914,7.9800000000004143,1948.9999999999941,SSSW,provisional_assumed_short_to_long,0
5.14,217.9999999996387,359.99999999986954,231.99999999987955,193.99999999973906,364.99999999953832,300.99999999971897,308.99999999967883,303.9999999993978,8.0150000000004447,1948.4999999999936,SSSW,provisional_assumed_short_to_long,0
5.15,218,364.9999999999547,222.00000000009061,194.99999999999093,376.99999999989132,310.99999999990939,319.99999999990035,312.99999999991849,8.0500000000013685,1948,SSSW,provisional_assumed_short_to_long,0
5.16,195.00000000018792,359.000000000049,183.00000000031866,192.0000000000245,374.0000000000245,314.99999999996732,315.00000000004087,314.99999999998363,8.1500000000027679,1948.0000000005973,SSSW,provisional_assumed_short_to_long,0
5.17,202.99999999994174,356.00000000002183,166.0000000001238,189.00000000002186,372.00000000001455,315.99999999999272,319.99999999996356,298.0000000001238,8.3400000000033998,1989.0000000005409,SSSW,provisional_assumed_short_to_long,0
5.18,198.00000000003197,356.99999999999363,161.00000000003197,175.00000000008953,372,315.00000000000637,319.00000000000637,287.00000000007037,8.560000000000981,2023.9999999997876,SSSW,provisional_assumed_short_to_long,0
5.19,192.00000000003251,359.99999999998374,161,175,373.99999999998914,315.9999999999946,310.00000000004877,287,8.6200000000015589,2010.9999999999307,SSSW,provisional_assumed_short_to_long,0
5.20,191.00000000000452,361.99999999999096,165.99999999997735,182.99999999996376,374.99999999999545,319.99999999998187,309.00000000000455,296.9999999999547,8.7100000000016404,2006.9999999995448,SSSW,provisional_assumed_short_to_long,0
5.21,195.99999999998178,364.99999999998909,169.99999999998545,190.99999999997087,383.9999999999672,323.99999999998545,311.99999999998909,310.99999999994901,8.8000000000011465,1981.999999999618,SSSW,provisional_assumed_short_to_long,0
5.22,216.99999999994219,367.99999999999176,177.99999999997797,199.99999999997522,392.99999999997522,327.99999999998897,319.99999999997794,315.99999999998624,8.8600000000005181,1961.9999999998277,SSSW,provisional_assumed_short_to_long,0
5.23,228.99999999997868,369.99999999999648,196.99999999996624,205.99999999998934,395.99999999999466,330.99999999999466,320,316,8.9199999999998933,1942.0000000000355,SSSW,provisional_assumed_short_to_long,0
5.24,225.00000000000355,371.99999999999824,193.00000000000355,206.99999999999912,396.99999999999909,332.99999999999824,319.00000000000091,320.99999999999557,9.0599999999998762,1879.0000000000559,SSSW,provisional_assumed_short_to_long,0
5.25,222,373,189,206,398,332,317,322,9.1799999999999997,1825,SSSW,provisional_assumed_short_to_long,0
5.26,202.99999999999201,370.99999999999199,176.99999999999557,204.99999999999824,395.99999999999289,325.99999999999733,313.99999999999733,320.99999999998403,9.2900000000000613,1773.9999999999645,SSSW,provisional_assumed_short_to_long,0
5.27,194.00000000018784,362.00000000018787,172.00000000010436,203.00000000004175,388.00000000016701,323.00000000006264,311.00000000006264,303.00000000037568,9.3600000000004098,1733.9999999997333,SSSW,provisional_assumed_short_to_long,0
5.28,184.00000000019983,352.00000000019986,165.00000000013989,202.00000000001998,384.00000000007992,320.00000000005997,308.00000000005997,273.00000000059953,9.5800000000000693,1590.9999999999545,SSSW,provisional_assumed_short_to_long,0
5.29,178.00000000011457,344.0000000001528,162.0000000000573,201.0000000000191,380.0000000000764,314.0000000001146,295.00000000024824,257.00000000030553,9.605000000000091,1574.49999999994,SSSW,provisional_assumed_short_to_long,0
5.30,177.00000000001822,323.00000000038239,159.00000000005463,198.00000000005463,379.00000000001819,310.00000000007282,294.00000000001819,244.0000000002367,9.6300000000002726,1557.9999999998868,SSSW,provisional_assumed_short_to_long,0
5.31,176.00000000001722,318.00000000008617,165.99999999987938,196.00000000003445,378.00000000001722,305.00000000008617,294,242.00000000003445,9.6900000000010458,1532.9999999993281,SSSW,provisional_assumed_short_to_long,0
5.32,175.00000000001634,313.00000000008174,160.00000000009805,193.00000000004903,375.000000000049,293.00000000019611,279.00000000024511,242.99999999998366,9.8800000000003205,1410.9999999998656,SSSW,provisional_assumed_short_to_long,0
5.33,167.00000000012363,303.00000000015456,156.00000000006182,189.00000000006182,373.00000000003092,288.00000000007725,282.99999999993815,240.00000000004636,9.9300000000004367,1389.9999999998615,SSSW,provisional_assumed_short_to_long,0
5.34,158.00000000013108,295.00000000011653,154.00000000002913,189,370.00000000004371,282.00000000008743,264.00000000027677,228.00000000017479,9.9900000000004905,1370.9999999997958,SSSW,provisional_assumed_short_to_long,0
5.35,146.00000000016308,289.00000000008151,143.00000000014947,187.00000000002717,368.00000000002717,275.0000000000951,262.00000000002717,222.00000000008154,10.050000000002333,1346.0000000002469,SSSW,provisional_assumed_short_to_long,0
5.36,138.00000000010161,284.00000000006349,133.00000000012702,188.99999999997459,360.00000000010164,267.00000000010164,253.00000000011431,213.00000000011431,10.305000000002559,1373.000000000271,SSSW,provisional_assumed_short_to_long,0
5.37,134.00000000004724,282.00000000002365,133.99999999998818,190.99999999997638,356.00000000004724,243.00000000028351,250.00000000003544,205.0000000000945,10.559999999994975,1399.9999999993445,SSSW,provisional_assumed_short_to_long,0
5.38,132.00000000002186,281.00000000001091,135.99999999997814,191,352.00000000004371,230.00000000014202,235.00000000016388,195.00000000010925,10.100000000008032,1339.9999999999527,SSSW,provisional_assumed_short_to_long,0
5.39,126.00000000006023,276.00000000005019,140.99999999994981,191,346.0000000000602,212.00000000018065,233.00000000002007,183.00000000012045,10.780000000000889,1335.9999999999618,SSSW,provisional_assumed_short_to_long,0
5.40,120.00000000005436,274.00000000001813,146.99999999994566,186.0000000000453,342.00000000003627,196.00000000014495,223.00000000009061,157.00000000023556,10.850000000000136,1332.9999999999316,SSSW,provisional_assumed_short_to_long,0
5.41,114.00000000004903,270.00000000003268,148.99999999998366,186.99999999999181,336.000000000049,188.00000000006537,216.00000000005718,150.00000000005718,10.860000000003787,1328.0000000006264,SSSW,provisional_assumed_short_to_long,0
5.42,109.00000000003641,266.0000000000291,152.99999999997087,186.00000000000728,327.00000000006554,179.00000000006554,208.00000000005826,144.00000000004371,11.120000000000463,1370.9999999999691,SSSW,provisional_assumed_short_to_long,0
5.43,107.00000000001279,262.00000000002558,157.99999999996803,185.00000000000639,322.00000000003195,170.00000000005755,217.99999999993605,142.00000000001279,11.150000000000489,1368.9999999999673,SSSW,provisional_assumed_short_to_long,0
5.44,104.00000000001626,257.00000000002711,163.99999999996749,186.99999999998917,316.00000000003251,156.00000000007586,218.99999999999457,139.00000000001626,11.180000000003117,1366.9999999992554,SSSW,provisional_assumed_short_to_long,0
5.45,113.9999999999547,255.00000000000907,164,186.00000000000452,315.00000000000455,154.00000000000907,219.99999999999548,142.99999999998187,11.360000000027494,1323.9999999959944,SSSW,provisional_assumed_short_to_long,0
5.46,126.99999999995266,253.00000000000728,170.99999999997451,186.99999999999636,315.99999999999636,154,218.00000000000728,146.99999999998545,12.870000000006682,1103.9999999989689,SSSW,provisional_assumed_short_to_long,0
5.47,141.9999999999587,253,177.99999999998073,188.99999999999449,317.99999999999449,153.00000000000276,225.99999999997797,153.99999999998073,13.219999999999036,1050.0000000001487,SSSW,provisional_assumed_short_to_long,0
5.48,157.99999999997158,250.00000000000534,189.99999999997868,189,318.99999999999824,153,232.99999999998755,171.99999999996803,13.229999999999983,1053.999999999993,SSSW,provisional_assumed_short_to_long,0
5.49,171.99999999998755,251.99999999999824,200.99999999999022,194.99999999999466,321.99999999999733,155.99999999999733,229.00000000000355,188.99999999998491,13.249999999999982,1064.9999999999902,SSSW,provisional_assumed_short_to_long,0
5.50,181,258,229,197,329,167,239,202,13.24,1068,SSSW,provisional_assumed_short_to_long,0
5.51,186.00000000000355,267.00000000000534,240.00000000000978,202.00000000000355,335.00000000000267,177.00000000000978,247.00000000001688,217.00000000001154,13.23,1071.0000000000052,SSSW,provisional_assumed_short_to_long,0
5.52,189.9999999999165,272.99999999987477,250.99999999977041,205.9999999999165,337.99999999993736,187.99999999977041,265.9999999996034,229.99999999972866,13.230000000000057,1077.0000000000168,SSSW,provisional_assumed_short_to_long,0
5.53,202.9999999997402,277.99999999990007,259.99999999982015,215.99999999980017,339.99999999996004,190.99999999994006,271.99999999988012,238.99999999982015,13.260000000000165,1086.0000000000468,SSSW,provisional_assumed_short_to_long,0
5.54,212.99999999980903,280.9999999999427,270.99999999978996,220.99999999990453,343.9999999999236,202.99999999977086,280.99999999982816,249.99999999978994,13.320000000000183,1103.0000000000437,SSSW,provisional_assumed_short_to_long,0
5.55,231.99999999965405,283.99999999994537,278.99999999985437,223.99999999994537,344.99999999998181,212.99999999981793,286.99999999989075,265.99999999970868,13.370000000000136,1115.0000000000362,SSSW,provisional_assumed_short_to_long,0
5.56,243.99999999979323,287.99999999993111,288.99999999982771,225.99999999996555,345.99999999998278,225.99999999977601,288.99999999996555,275.99999999982771,13.400000000000084,1123.0000000000221,SSSW,provisional_assumed_short_to_long,0
5.57,248.99999999991829,289.99999999996732,291.999999999951,230.99999999991829,346,229.99999999993463,293.99999999991826,284.99999999985289,13.415000000000095,1127.0000000000255,SSSW,provisional_assumed_short_to_long,0
5.58,252.99999999993818,292.99999999995362,295.99999999993815,233.99999999995364,346,231.99999999996908,294,295.99999999982998,13.429999999999927,1130.9999999999782,SSSW,provisional_assumed_short_to_long,0
5.59,253.99999999998545,292.00000000001455,298.99999999995629,237.99999999994174,346,233.99999999997087,296.99999999995629,303.99999999988347,13.42000000000049,1127.9999999999673,SSSW,provisional_assumed_short_to_long,0
5.60,255.99999999997283,286.00000000008151,299.99999999998641,239.99999999997283,346,233.00000000001359,296.00000000001359,307.99999999994566,13.480000000000732,1124.0000000000641,SSSW,provisional_assumed_short_to_long,0
5.61,256,277.00000000011431,300.99999999998732,240,342.00000000005082,232.0000000000127,295.00000000001268,308.99999999998732,13.560000000001406,1131.0000000002308,SSSW,provisional_assumed_short_to_long,0
5.62,255.00000000001182,263.00000000016536,303.99999999996459,240,339.00000000003541,230.00000000002362,291.00000000004724,306.00000000003541,13.70000000000131,1154.0000000001639,SSSW,provisional_assumed_short_to_long,0
5.63,251.50000000003823,256.00000000007645,304.49999999999454,239.50000000000546,336.0000000000328,226.00000000004371,288.0000000000328,298.50000000008191,13.820000000000709,1169.0000000000414,SSSW,provisional_assumed_short_to_long,0
5.64,248.00000000003513,249.00000000007026,304.999999999995,239.00000000000503,333.00000000003013,222.00000000004013,285.00000000003013,291.00000000007526,13.880000000000763,1172.5000000000446,SSSW,provisional_assumed_short_to_long,0
5.65,239.00000000008154,234.00000000013588,305,232.00000000006341,324.00000000008151,210.00000000010871,279.00000000005434,265.00000000023556,13.94,1175.9999999999591,SSSW,provisional_assumed_short_to_long,0
5.66,224.00000000012255,218.00000000013074,303.00000000001637,228.00000000003268,315.00000000007356,199.00000000008987,269.00000000008174,248.00000000013893,13.939999999999417,1172.9999999998834,SSSW,provisional_assumed_short_to_long,0
5.67,205.00000000013839,189.0000000002112,301.00000000001455,220.00000000005826,303.00000000008743,185.00000000010198,263.00000000004371,220.00000000020393,13.899999999997837,1164.9999999994745,SSSW,provisional_assumed_short_to_long,0
5.68,195.00000000006395,169.0000000001279,297.00000000002558,207.00000000008313,285.00000000011511,172.00000000008313,252.00000000007034,191.00000000018545,13.759999999998366,1130.9999999996242,SSSW,provisional_assumed_short_to_long,0
5.69,186.00000000004877,143.00000000014086,294.00000000001626,202.00000000002709,275.00000000005417,157.00000000008126,217.00000000018963,168.0000000001246,13.659999999998094,1107.9999999989436,SSSW,provisional_assumed_short_to_long,0
5.70,176.0000000000453,106.0000000001676,281.00000000005889,191.00000000004982,266.00000000004076,147.0000000000453,199.00000000008154,140.00000000012682,13.549999999996359,1046.9999999983522,SSSW,provisional_assumed_short_to_long,0
5.71,161.00000000005463,56.000000000182077,271.00000000003644,184.00000000002549,257.0000000000328,144.00000000001091,191.00000000002913,119.00000000007647,13.349999999998456,956.49999999930071,SSSW,provisional_assumed_short_to_long,0
5.72,150.0000000000303,48.000000000022027,259.00000000003303,181.00000000000827,251.00000000001651,143.00000000000276,192.99999999999449,109.00000000002754,13.150000000000551,866.0000000002492,SSSW,provisional_assumed_short_to_long,0
5.73,145.00000000000887,42.000000000010658,239.00000000003553,172.00000000001597,246.00000000000887,139.00000000000711,188.00000000000887,106.00000000000533,12.500000000001155,680.00000000033037,SSSW,provisional_assumed_short_to_long,0
5.74,127.00000000001599,40.000000000001776,207.00000000002842,138.00000000003018,235.00000000000978,122.00000000001509,167.00000000001864,83.000000000020435,12.450000000000044,655.00000000002217,SSSW,provisional_assumed_short_to_long,0
5.75,106,37,175,96,227,97,153,58,11.529999999999999,587,SSSW,provisional_assumed_short_to_long,0
5.76,94.999999999992013,36,143.99999999998224,52,214.99999999999022,96,105.99999999998846,51,11.710000000000329,589.0000000000631,SSSW,provisional_assumed_short_to_long,0
5.77,86.000000000187853,36,124.00000000041744,52,204.00000000022959,96,93.000000000271342,51,12.080000000000691,660.00000000010823,SSSW,provisional_assumed_short_to_long,0
5.78,81.000000000099917,36,99.000000000499597,52,203.00000000001998,95.00000000001998,83.000000000199833,49.000000000039968,12.449999999999173,718.0000000001005,SSSW,provisional_assumed_short_to_long,0
5.79,71.000000000190965,36.999999999980901,73.000000000496499,50.000000000038192,200.0000000000573,93.000000000038199,83,47.000000000038192,12.149999999998908,754.5000000001329,SSSW,provisional_assumed_short_to_long,0
5.80,66.000000000091035,37,71.000000000036408,50.999999999981796,201.99999999996359,91.000000000036408,82.000000000018204,47,11.850000000000543,791.00000000002262,SSSW,provisional_assumed_short_to_long,0
5.81,40.000000000447997,37,64.000000000120622,51,202.99999999998278,90.000000000017224,80.000000000034461,47,11.970000000000056,795.99999999999454,SSSW,provisional_assumed_short_to_long,0
5.82,15.000000000408562,38.999999999967315,61.000000000049027,51,203.99999999998366,89.000000000016342,79.000000000016342,47,11.979999999999489,795.00000000008959,SSSW,provisional_assumed_short_to_long,0
5.83,17.999999999953637,39,61,51,204,89,75.000000000061817,48.999999999969091,11.900000000004953,808.99999999954844,SSSW,provisional_assumed_short_to_long,0
5.84,13.000000000072831,39,49.000000000174794,49.000000000029132,206.99999999995629,88.000000000014566,75.999999999985434,50.999999999970868,12.580000000000245,747.00000000008993,SSSW,provisional_assumed_short_to_long,0
5.85,18.999999999918465,39.999999999986414,48.000000000013586,48.000000000013586,212.99999999991846,88,78.999999999959229,51,12.610000000000046,758.00000000002285,SSSW,provisional_assumed_short_to_long,0
5.86,16.000000000038103,40,47.000000000012705,47.000000000012705,214.99999999997459,89.999999999974591,79.999999999987295,51,12.61500000000005,760.50000000002512,SSSW,provisional_assumed_short_to_long,0
5.87,8.0000000000945022,40,47,47,215.99999999998818,90,82.999999999964558,51.999999999988191,12.620000000000109,763.00000000002183,SSSW,provisional_assumed_short_to_long,0
5.88,8,40.999999999989072,46.000000000010928,46.000000000010928,217.99999999997814,90.999999999989072,84.999999999978144,51.000000000010928,12.63000000000012,765.00000000003547,SSSW,provisional_assumed_short_to_long,0
5.89,27.999999999799272,41.999999999989967,41.000000000050179,46,217.00000000001003,91,93.999999999909676,49.000000000020073,12.640000000000382,768.00000000006355,SSSW,provisional_assumed_short_to_long,0
5.90,28,42.999999999990941,41,46,214.00000000002717,91,94,48.000000000009059,12.67000000000041,773.00000000008208,SSSW,provisional_assumed_short_to_long,0
5.91,29.999999999983658,45.999999999975486,39.000000000016342,46,210.00000000003268,91.999999999991829,94,46.000000000016342,12.700000000000291,779.00000000007287,SSSW,provisional_assumed_short_to_long,0
5.92,22.000000000058265,69.999999999825206,39,46,210.99999999999272,91.000000000007276,90.000000000029132,46,12.72000000000031,784.00000000003092,SSSW,provisional_assumed_short_to_long,0
5.93,1.4068746168049984e-10,73.99999999997442,35.00000000002558,46,211.99999999999361,89.00000000001279,85.000000000031974,46,12.740000000000082,786.00000000002456,SSSW,provisional_assumed_short_to_long,0
5.94,0,77.999999999978328,36.999999999989164,46,212.99999999999457,79.000000000054172,84.000000000005414,46,12.745000000000086,787.50000000002603,SSSW,provisional_assumed_short_to_long,0
5.95,0,83.999999999972829,36.000000000004533,46,212.00000000000452,78.000000000004533,79.000000000022652,46,12.75,789.00000000005457,SSSW,provisional_assumed_short_to_long,0
5.96,0,89.999999999978144,37.999999999992717,45.000000000003638,211.00000000000364,72.000000000021856,76.000000000010928,44.000000000007283,12.75000000000019,792.0000000000191,SSSW,provisional_assumed_short_to_long,0
5.97,0,91.999999999994486,36.000000000005507,46.999999999994493,211,66.000000000016513,75.000000000002757,45.999999999994493,12.759999999999973,792.99999999999727,SSSW,provisional_assumed_short_to_long,0
5.98,0,92,37.999999999996447,46.000000000001776,211,66,75,44.000000000003553,12.76,794.99999999999648,SSSW,provisional_assumed_short_to_long,0
5.99,0,91.000000000000881,36.000000000001776,46.999999999999112,212.99999999999824,65.000000000000881,75,44.999999999999112,12.769999999999991,795.99999999999909,SSSW,provisional_assumed_short_to_long,0
6.00,0,89,36,47,213,65,75,45,12.774999999999999,797.5,SSSW,provisional_assumed_short_to_long,0
6.01,0,86,34.999999999998224,45.000000000001776,211.99999999999824,59.999999999999112,73.999999999999119,45,12.780000000000008,799.00000000000443,SSSW,provisional_assumed_short_to_long,0
6.02,0,86,33.000000000041744,46.999999999958256,210.00000000004175,59.000000000020876,73.000000000020876,45,12.790000000000036,803.99999999999443,SSSW,provisional_assumed_short_to_long,0
6.03,0,88.999999999940044,32.00000000001998,47,208.00000000003996,59,73,45,12.810000000000029,801.00000000000273,SSSW,provisional_assumed_short_to_long,0
6.04,0,89,32,47,206.0000000000382,59.999999999980901,72.000000000019099,45,12.820000000000073,802,SSSW,provisional_assumed_short_to_long,0
6.05,0,94.999999999890747,29.000000000054623,47,203.00000000005463,58.000000000036415,71.000000000018204,45,12.840000000000181,802.00000000000455,SSSW,provisional_assumed_short_to_long,0
6.06,0,99.999999999913854,29.999999999982769,47,201.00000000003445,59.999999999965539,70.000000000017224,45,12.880000000000056,803,SSSW,provisional_assumed_short_to_long,0
6.07,0,104.99999999991829,30.999999999983658,46.000000000016342,200.00000000001634,60,67.000000000049027,45,12.890000000000033,803.00000000000637,SSSW,provisional_assumed_short_to_long,0
6.08,0,107.99999999995364,33.999999999953637,44.000000000030909,198.00000000003092,60.999999999984546,65.000000000030909,45,12.895000000000037,804.00000000000728,SSSW,provisional_assumed_short_to_long,0
6.09,0,109.99999999997087,33.000000000014566,44,193.00000000007282,62.999999999970868,60.000000000072831,45,12.900000000000164,805.00000000003274,SSSW,provisional_assumed_short_to_long,0
6.10,0,114.99999999993206,33.999999999986414,44,192.00000000001359,68.999999999918458,62.999999999959229,46.999999999972822,12.92,809.00000000000909,SSSW,provisional_assumed_short_to_long,0
6.11,0,117.9999999999619,39.999999999923794,42.000000000025402,189.00000000003811,72.999999999949196,71.999999999885688,46.000000000012705,12.92,810,SSSW,provisional_assumed_short_to_long,0
6.12,0,123.99999999992912,41.999999999976374,42,167.00000000025989,82.999999999881879,78.999999999917307,47.999999999976374,12.920000000000218,810.00000000001091,SSSW,provisional_assumed_short_to_long,0
6.13,0,131.9999999999126,55.999999999847056,42,158.00000000009831,87.999999999945373,92.999999999847063,51.999999999956302,12.94,811.00000000001182,SSSW,provisional_assumed_short_to_long,0
6.14,0,155.99999999976126,64.999999999910472,42,154.00000000003979,89.999999999980105,118.99999999974136,69.999999999820943,12.94,811.99999999998715,SSSW,provisional_assumed_short_to_long,0
6.15,0,172.99999999984598,87.99999999979164,42,154.99999999999093,90,130.99999999989129,95.999999999764455,12.94000000000041,811.00000000007526,SSSW,provisional_assumed_short_to_long,0
6.16,0,183.99999999991013,90.999999999975486,41.000000000008171,161.99999999994282,90.999999999991829,143.99999999989376,100.99999999995914,12.970000000000436,816.50000000008015,SSSW,provisional_assumed_short_to_long,0
6.17,0,185.99999999998545,108.9999999998689,41.999999999992717,174.99999999990533,94.999999999970868,144.99999999999272,105.99999999996359,12.999999999999536,822.00000000001546,SSSW,provisional_assumed_short_to_long,0
6.18,12.999999999916866,184.00000000001279,114.99999999996163,42,188.99999999991047,106.99999999992326,146.99999999998721,107.99999999998721,12.970000000000327,823.00000000001637,SSSW,provisional_assumed_short_to_long,0
6.19,17.999999999972911,174.00000000005417,127.99999999992957,42.999999999994586,193.99999999997291,125.99999999989706,147,112.99999999997291,12.99,824,SSSW,provisional_assumed_short_to_long,0
6.20,26.999999999959233,177.99999999998187,132.99999999997735,44.999999999990941,196.99999999998641,140.99999999993204,152.99999999997283,122.9999999999547,12.990000000000183,824,SSSW,provisional_assumed_short_to_long,0
6.21,42.999999999941735,185.99999999997087,135.99999999998909,45.999999999996362,208.99999999995629,177.99999999986525,156.99999999998545,132.99999999996359,12.99999999999284,824.00000000085936,SSSW,provisional_assumed_short_to_long,0
6.22,63.999999999942176,204.99999999994768,135.00000000000276,47.999999999994493,216.99999999997797,207.99999999991741,173.99999999995319,152.99999999994492,12.624999999996769,869.00000000038767,SSSW,provisional_assumed_short_to_long,0
6.23,107.99999999992184,235.99999999994492,136.99999999999645,49.999999999996447,235.99999999996624,234.99999999995202,212.99999999993071,173.99999999996271,12.250000000000666,913.99999999992008,SSSW,provisional_assumed_short_to_long,0
6.24,128.99999999998136,263.9999999999751,149.99999999998846,88.999999999965354,268.99999999997067,255.99999999998136,225.99999999998846,186.99999999998846,10.830000000001261,1113.9999999998224,SSSW,provisional_assumed_short_to_long,0
6.25,156,298,179,153,303,274,269,217,8.9199999999999999,1569,SSSW,provisional_assumed_short_to_long,0
6.26,197.00000000002575,358.00000000000887,224.00000000001333,193.00000000001333,349.00000000002575,305.00000000000887,314.00000000001154,279.00000000004354,8.1499999999999115,1884.000000000063,SSSW,provisional_assumed_short_to_long,0
6.27,225.9999999993947,367.99999999979127,238.99999999968691,207.99999999968691,377.99999999939473,314.99999999979127,326.99999999972869,327.99999999897727,8.0500000000000753,1955.0000000000578,SSSW,provisional_assumed_short_to_long,0
6.28,218.00000000015987,364.00000000007992,221.00000000035971,208,392.99999999970026,323.99999999982015,330.99999999992008,338.99999999978019,8.0900000000002343,1986.0000000000909,SSSW,provisional_assumed_short_to_long,0
6.29,213.00000000009547,365.9999999999618,205.00000000030553,206.0000000000382,383.00000000019094,329.9999999998854,331.9999999999809,335.0000000000764,8.1750000000003098,2019.0000000001203,SSSW,provisional_assumed_short_to_long,0
6.30,214.99999999996359,366.99999999998181,171.00000000061905,204.00000000003641,382.00000000001819,330,334.99999999994537,330.00000000009106,8.2600000000007707,2051.9999999998822,SSSW,provisional_assumed_short_to_long,0
6.31,220.9999999998966,367,171,202.00000000003445,383.99999999996555,329.00000000001722,336.99999999996555,320.00000000017229,8.4300000000013764,2026.0000000000937,SSSW,provisional_assumed_short_to_long,0
6.32,214.0000000001144,367.99999999998363,166.00000000008171,202,384.99999999998363,328.00000000001637,332.00000000008174,316.00000000006537,8.6800000000012147,2042.9999999997826,SSSW,provisional_assumed_short_to_long,0
6.33,195.00000000029362,369.99999999996908,156.00000000015456,202.99999999998454,387.99999999995362,328,324.00000000012363,317.99999999996908,8.8700000000015287,2008.9999999997015,SSSW,provisional_assumed_short_to_long,0
6.34,190.00000000007282,370,151.00000000007282,203.99999999998545,388.99999999998545,327.00000000001455,322.0000000000291,317.00000000001455,9.0800000000018795,1967.999999999518,SSSW,provisional_assumed_short_to_long,0
6.35,191.99999999997283,367.00000000004076,153.99999999995924,206.99999999995924,396.99999999989132,327.99999999998641,322,315.00000000002717,9.3100000000009153,1908.9999999998033,SSSW,provisional_assumed_short_to_long,0
6.36,195.99999999994918,369.99999999996191,169.99999999979678,207.9999999999873,399.99999999996191,328.99999999998732,321.00000000001268,313.00000000002541,9.4100000000010038,1887.4999999997842,SSSW,provisional_assumed_short_to_long,0
6.37,196,371.99999999997635,168.00000000002362,208.99999999998818,400.99999999998818,329,321,320.99999999990553,9.5100000000018579,1865.9999999995084,SSSW,provisional_assumed_short_to_long,0
6.38,194.00000000002186,368.00000000004371,159.00000000009831,208.00000000001091,399.00000000002183,327.00000000002183,316.00000000005463,320.00000000001091,9.6800000000015363,1820.9999999995039,SSSW,provisional_assumed_short_to_long,0
6.39,189.00000000004974,364.00000000003979,153.00000000005969,207.00000000000995,388.00000000010942,322.00000000004974,309.00000000006963,313.00000000006963,9.8100000000062675,1778.9999999983629,SSSW,provisional_assumed_short_to_long,0
6.40,175.00000000012682,360.00000000003627,144.00000000008154,206.00000000000907,385.00000000002717,313.00000000008151,304.0000000000453,285.00000000025364,10.300000000001095,1650.9999999995487,SSSW,provisional_assumed_short_to_long,0
6.41,159.00000000013074,352.00000000006537,135.00000000007356,206,380.00000000004087,303.00000000008174,282.00000000017974,261.00000000019611,10.380000000001166,1617.9999999995484,SSSW,provisional_assumed_short_to_long,0
6.42,144.00000000010925,345.00000000005099,123.0000000000874,206,376.0000000000291,295.00000000005826,261.00000000015297,243.00000000013108,10.460000000001083,1586.9999999995055,SSSW,provisional_assumed_short_to_long,0
6.43,140.5000000000224,339.50000000003519,118.00000000003197,203.00000000001918,374.50000000000961,290.50000000002876,261,237.50000000003519,10.530000000001634,1554.9999999993954,SSSW,provisional_assumed_short_to_long,0
6.44,137.00000000001896,334.00000000002979,113.00000000002709,200.00000000001626,373.00000000000813,286.00000000002439,261,232.00000000002979,10.630000000001733,1517.9999999993593,SSSW,provisional_assumed_short_to_long,0
6.45,132.00000000002265,322.00000000005434,103.0000000000453,198.00000000000907,368.00000000002262,275.00000000004985,254.00000000003172,222.0000000000453,10.730000000000548,1480.999999999563,SSSW,provisional_assumed_short_to_long,0
6.46,120.0000000000437,303.00000000006918,88.000000000054627,193.00000000001822,357.00000000004007,240.00000000012744,254,191.00000000011289,10.760000000001336,1456.9999999992363,SSSW,provisional_assumed_short_to_long,0
6.47,105.0000000000413,298.00000000001376,80.000000000022027,186.00000000001927,355.00000000000551,225.0000000000413,248.00000000001651,186.00000000001376,10.829999999999806,1417.00000000011,SSSW,provisional_assumed_short_to_long,0
6.48,97.000000000014211,284.0000000000249,83.999999999992895,186,349.00000000001069,194.00000000005508,239.00000000001597,170.00000000002842,12.129999999997692,1116.0000000005348,SSSW,provisional_assumed_short_to_long,0
6.49,94.000000000002672,276.00000000000711,70.000000000012434,186,342.0000000000062,173.00000000001864,230.00000000000799,155.00000000001333,12.589999999999591,1033.0000000000737,SSSW,provisional_assumed_short_to_long,0
6.50,91,260,68,183,332,161,223,138,12.585000000000001,1031,SSSW,provisional_assumed_short_to_long,0
6.51,91,256.00000000004195,70.499999999973795,183,328.50000000003666,155.00000000006287,212.50000000011005,133.00000000005241,12.579999999999973,1028.9999999999502,SSSW,provisional_assumed_short_to_long,0
6.52,91,252.0000000000835,72.999999999947818,183,325.00000000007304,149.00000000012523,202.00000000021916,128.00000000010436,12.550000000000916,973.00000000008583,SSSW,provisional_assumed_short_to_long,0
6.53,89.000000000039961,244.00000000015987,79.999999999860108,182.00000000001998,322.00000000005997,142.00000000013989,205.99999999992008,126.00000000003996,13.039999999999889,1018.9999999999917,SSSW,provisional_assumed_short_to_long,0
6.54,94.999999999885432,238.00000000011457,85.999999999885432,182,320.0000000000382,139.0000000000573,205.0000000000191,126,13.00000000000011,1016.0000000000036,SSSW,provisional_assumed_short_to_long,0
6.55,109.99999999972688,234.00000000007282,97.999999999781508,182,320.99999999998181,139,205,129.99999999992718,13.029999999999909,1016.9999999999774,SSSW,provisional_assumed_short_to_long,0
6.56,124.99999999974153,234.99999999998278,114.99999999970709,182.49999999999139,322.99999999996555,140.99999999996555,198.50000000011201,142.49999999978462,13.00999999999989,1011.9999999999504,SSSW,provisional_assumed_short_to_long,0
6.57,139.99999999975486,235.99999999998366,131.99999999972218,182.99999999999181,324.99999999996732,142.99999999996732,192.00000000010624,154.9999999997957,12.990000000000192,1003.0000000000095,SSSW,provisional_assumed_short_to_long,0
6.58,150.99999999983001,238.99999999995364,162.99999999952092,187.99999999992272,330.99999999990729,146.99999999993818,195.99999999993818,172.99999999972181,13.02000000000022,1004.5000000000109,SSSW,provisional_assumed_short_to_long,0
6.59,173.99999999966496,251.99999999981065,196.99999999950475,193.9999999999126,337.99999999989802,155.99999999986892,238.99999999937364,199.9999999996067,13.050000000002044,1006.0000000004412,SSSW,provisional_assumed_short_to_long,0
6.60,177.99999999994566,256.99999999993207,200.49999999995245,195.99999999997283,338.99999999998641,156.99999999998641,243.49999999993884,203.99999999994566,13.300000000000276,1060.0000000000091,SSSW,provisional_assumed_short_to_long,0
6.61,181.99999999994918,261.99999999993651,203.99999999995555,197.99999999997459,339.99999999998732,157.9999999999873,247.99999999994284,207.99999999994918,13.330000000000803,1061.0000000001105,SSSW,provisional_assumed_short_to_long,0
6.62,188.99999999991732,269.99999999990553,220.99999999979917,201.99999999995276,342.99999999996459,173.999999999811,254.99999999991732,219.99999999985823,13.410000000000547,1072.0000000000655,SSSW,provisional_assumed_short_to_long,0
6.63,197.99999999990169,275.99999999993446,229.99999999990169,203.99999999997814,344.99999999997817,182.99999999990169,256.99999999997817,231.99999999986892,13.460000000001182,1078.0000000002008,SSSW,provisional_assumed_short_to_long,0
6.64,201.99999999996021,279.99999999996021,236.99999999993037,205.9999999999801,346.9999999999801,186.99999999996021,258.9999999999801,238.99999999993037,13.560000000000192,1095.0000000000384,SSSW,provisional_assumed_short_to_long,0
6.65,209.99999999992752,282.99999999997283,244.99999999992752,208.99999999997283,348.99999999998187,190.99999999996376,265.99999999993656,246.99999999992752,13.575000000000205,1098.0000000000409,SSSW,provisional_assumed_short_to_long,0
6.66,215.99999999995097,287.99999999995913,251.99999999994282,220.99999999990195,349.99999999999181,198.99999999993463,272.99999999994282,260.99999999988563,13.590000000001456,1101.0000000002185,SSSW,provisional_assumed_short_to_long,0
6.67,222.99999999994901,294.99999999994901,264.9999999999053,226.99999999995629,351.99999999998545,210.9999999999126,277.99999999996356,271.99999999991991,13.690000000000618,1116.0000000001082,SSSW,provisional_assumed_short_to_long,0
6.68,237.99999999990408,297.99999999998079,272.99999999994884,230.99999999997442,352.99999999999363,215.99999999996803,286.99999999994247,285.99999999991047,13.730000000000981,1123.000000000098,SSSW,provisional_assumed_short_to_long,0
6.69,250.99999999992957,300.99999999998374,282.99999999994583,234.99999999997834,353.9999999999946,228.99999999992957,296.99999999994583,301.99999999991331,13.790000000000692,1128.9999999999479,SSSW,provisional_assumed_short_to_long,0
6.70,259.99999999995924,304.99999999998187,289.99999999996828,238.99999999998187,355.99999999999096,235.99999999996828,303.99999999996828,314.99999999994111,13.830000000000181,1125.9999999999636,SSSW,provisional_assumed_short_to_long,0
6.71,265.99999999997817,311.99999999997453,295.99999999997817,241.99999999998909,356,240.99999999998178,306.99999999998909,321.99999999997453,13.840000000000078,1123.9999999999845,SSSW,provisional_assumed_short_to_long,0
6.72,268.99999999999176,314.99999999999176,298.99999999999176,247.99999999998349,356,244.99999999998897,304.00000000000824,326.99999999998624,13.849999999999973,1122.0000000000055,SSSW,provisional_assumed_short_to_long,0
6.73,271.99999999999466,317.99999999999466,303.99999999999113,250.99999999999466,356,246.99999999999645,305.99999999999648,329.99999999999466,13.919999999999876,1139.9999999999679,SSSW,provisional_assumed_short_to_long,0
6.74,271.00000000000091,317.00000000000091,310.9999999999938,256.99999999999466,354.00000000000176,247,306,333.99999999999648,13.969999999999956,1147.999999999993,SSSW,provisional_assumed_short_to_long,0
6.75,270,314,312,257,353,247,307,334,14.029999999999999,1162,SSSW,provisional_assumed_short_to_long,0
6.76,267.99999999999466,302.99999999999113,313.00000000000091,252.99999999999733,351.99999999999733,244.99999999999733,305.99999999999733,331.99999999999557,14.090000000000027,1175.0000000000116,SSSW,provisional_assumed_short_to_long,0
6.77,262.00000000012523,293.00000000020873,313.99999999997914,250.00000000006261,349.00000000006264,242.00000000006261,303.00000000006264,327.00000000010436,14.119999999999813,1187.9999999999739,SSSW,provisional_assumed_short_to_long,0
6.78,254.00000000015987,273.00000000039967,309.00000000009993,243.00000000013989,344.00000000009993,236.00000000011991,293.00000000019986,314.00000000025977,14.019999999999861,1173.9999999999779,SSSW,provisional_assumed_short_to_long,0
6.79,242.00000000022914,244.00000000055377,303.0000000001146,234.00000000017187,334.00000000019094,204.00000000061107,280.00000000024824,287.00000000051557,13.969999999999709,1165.9999999999545,SSSW,provisional_assumed_short_to_long,0
6.80,212.00000000054624,210.00000000061905,300.00000000005463,226.00000000014566,315.00000000034595,195.00000000016388,261.00000000034595,260.00000000049158,13.889999999999638,1153.4999999999434,SSSW,provisional_assumed_short_to_long,0
6.81,192.00000000034461,173.00000000063753,296.00000000006889,210.00000000027569,302.00000000022402,189.0000000001034,252.00000000015507,217.00000000074093,13.809999999999395,1140.9999999997742,SSSW,provisional_assumed_short_to_long,0
6.82,182.00000000016342,148.00000000040856,291.00000000008174,207.00000000004903,293.00000000014711,182.0000000001144,227.00000000040856,191.0000000004249,13.700000000000191,1099.9999999997121,SSSW,provisional_assumed_short_to_long,0
6.83,179.00000000004636,119.00000000044818,278.00000000020088,207,289.00000000006185,181.00000000001546,209.00000000027819,175.00000000024727,13.729999999996723,1054.9999999981501,SSSW,provisional_assumed_short_to_long,0
6.84,176.00000000004371,89.000000000436984,271.00000000010198,202.00000000007282,281.00000000011653,176.00000000007282,204.00000000007282,160.00000000021851,13.279999999996813,800.99999999924012,SSSW,provisional_assumed_short_to_long,0
6.85,162.00000000019025,66.000000000312554,256.00000000020384,188.00000000019025,268.00000000017667,158.0000000002446,203.00000000001359,133.0000000003669,12.889999999998903,707.99999999983538,SSSW,provisional_assumed_short_to_long,0
6.86,147.00000000019051,49.00000000021592,241.00000000019051,173.00000000019051,243.00000000031753,135.00000000029212,182.00000000026671,115.00000000022862,12.769999999998795,689.99999999981935,SSSW,provisional_assumed_short_to_long,0
6.87,133.00000000016539,41.000000000094502,203.00000000044889,139.00000000040163,233.00000000011812,117.00000000021262,160.00000000025989,95.000000000236255,12.649999999990387,671.999999999279,SSSW,provisional_assumed_short_to_long,0
6.88,116.00000000018572,40.000000000010928,174.00000000031682,87.000000000568079,226.00000000007648,99.00000000019665,137.00000000025128,75.000000000218492,11.7700000000013,605.99999999998818,SSSW,provisional_assumed_short_to_long,0
6.89,97.000000000189004,40,136.00000000037801,53.000000000338218,216.00000000009948,96.000000000029843,116.0000000002089,51.000000000238742,11.880000000009977,605.00000000227658,SSSW,provisional_assumed_short_to_long,0
6.90,88.000000000081542,37.000000000027178,117.00000000017212,52.000000000009059,211.0000000000453,91.000000000045304,103.00000000011778,51,12.659999999994666,783.00000000128568,SSSW,provisional_assumed_short_to_long,0
6.91,82.000000000049027,36.000000000008171,87.000000000245137,52,211.99999999999181,88.000000000024514,104.99999999998366,50.000000000008171,12.269999999994319,877.00000000052444,SSSW,provisional_assumed_short_to_long,0
6.92,74.000000000058265,36,83.000000000029132,51.000000000007283,212,86.000000000014566,94.000000000080121,49.000000000007283,11.880000000006492,912.99999999916542,SSSW,provisional_assumed_short_to_long,0
6.93,62.000000000076739,37.99999999998721,68.000000000095923,51.999999999993605,212.99999999999361,84.00000000001279,91.000000000019185,49,12.300000000000573,859.00000000005718,SSSW,provisional_assumed_short_to_long,0
6.94,53.000000000048757,37.000000000005414,59.000000000048757,52,216.99999999997834,83.000000000005414,84.000000000037929,50.999999999989164,12.335000000000607,862.5000000000606,SSSW,provisional_assumed_short_to_long,0
6.95,44.000000000040771,38.999999999990941,48.000000000049823,50.000000000009059,217,81.000000000009067,89.999999999972829,52.999999999990941,12.370000000008558,865.99999999912598,SSSW,provisional_assumed_short_to_long,0
6.96,36.000000000029132,39.999999999996362,48.999999999996362,50.999999999996362,219.99999999998909,81,93.999999999985434,72.999999999927169,12.84,818.0000000000382,SSSW,provisional_assumed_short_to_long,0
6.97,21.0000000000413,40,48.000000000002757,49.000000000005507,215.00000000001376,83.999999999991743,89.00000000001377,73.999999999997243,12.84,819.99999999999454,SSSW,provisional_assumed_short_to_long,0
6.98,23.999999999994671,40.999999999998224,48,48.000000000001776,209.00000000001066,87.999999999992895,90.999999999996447,67.000000000012434,12.84,819.00000000000182,SSSW,provisional_assumed_short_to_long,0
6.99,24.999999999999112,41.999999999999112,47.000000000000888,48,211.99999999999733,88,93.999999999997328,54.000000000011546,12.84,819,SSSW,provisional_assumed_short_to_long,0
7.00,32,43,44,47,208,90,101,54,12.859999999999999,820,SSSW,provisional_assumed_short_to_long,0
7.01,32.000000000000888,58.00000000000977,40.000000000000888,46,208,88.999999999999119,118.00000000000266,51.999999999998224,12.854999999999995,819.49999999999955,SSSW,provisional_assumed_short_to_long,0
7.02,32.999999999979124,68.999999999770409,40.999999999979124,46,208,88.000000000020876,120.99999999993739,50.000000000041744,12.850000000000037,819.00000000000182,SSSW,provisional_assumed_short_to_long,0
7.03,24.000000000179856,76.999999999840128,36.000000000099917,45.00000000001998,208,88.99999999998002,109.00000000023981,47.000000000059956,12.869999999999999,820,SSSW,provisional_assumed_short_to_long,0
7.04,9.0000000002864375,81.999999999904517,37.999999999961808,45,209.9999999999618,86.000000000057284,109,47,12.870000000000037,819.99999999998545,SSSW,provisional_assumed_short_to_long,0
7.05,1.6386891843467311e-10,88.999999999872543,38,45.999999999981796,210.99999999998178,84.000000000036408,95.000000000254914,46.000000000018204,12.880000000000047,816.00000000001808,SSSW,provisional_assumed_short_to_long,0
7.06,0,89.999999999982776,38,46,211.99999999998278,75.000000000155069,89.000000000103384,46.999999999982769,12.890000000000001,820,SSSW,provisional_assumed_short_to_long,0
7.07,0,90.999999999983658,37.000000000016342,46,212.99999999998366,69.000000000098055,84.000000000081712,46.000000000016342,12.890000000000065,820.00000000000318,SSSW,provisional_assumed_short_to_long,0
7.08,0,90.000000000015461,36.000000000015454,45.000000000015454,214.99999999996908,67.000000000030909,81.000000000046356,46,12.900000000000073,820.50000000000364,SSSW,provisional_assumed_short_to_long,0
7.09,0,89.000000000014566,36,46.999999999970868,215,66.000000000014566,78.000000000043698,46,12.910000000000082,821,SSSW,provisional_assumed_short_to_long,0
7.10,0,85.000000000054357,37.999999999972822,47,215,65.000000000013586,78,46,12.920000000000092,821,SSSW,provisional_assumed_short_to_long,0
7.11,0,85,36.000000000025402,47,214.0000000000127,64.000000000012705,74.000000000050804,46,12.93,821.00000000001,SSSW,provisional_assumed_short_to_long,0
7.12,0,83.000000000023618,36.999999999988191,47.999999999988191,211.00000000003544,60.000000000047251,74,46.999999999988191,12.930000000000218,822,SSSW,provisional_assumed_short_to_long,0
7.13,0,85.99999999996723,37,48,210.00000000001091,57.00000000003277,74.999999999989072,46.000000000010928,12.949999999999999,822.00000000001182,SSSW,provisional_assumed_short_to_long,0
7.14,0,86.999999999990052,35.000000000019895,48,208.0000000000199,55.000000000019895,75,45.000000000009948,12.950000000000063,823,SSSW,provisional_assumed_short_to_long,0
7.15,0,91.999999999954696,33.000000000018119,48,205.00000000002717,54.000000000009059,73.000000000018119,45.999999999990941,12.955000000000069,823,SSSW,provisional_assumed_short_to_long,0
7.16,0,93.999999999983658,33,47.000000000008171,201.00000000003268,54,71.000000000016342,46,12.960000000000001,823,SSSW,provisional_assumed_short_to_long,0
7.17,0,97.999999999970868,31.000000000014566,47,199.00000000001455,56.999999999978151,62.000000000065548,46,12.960000000000001,823,SSSW,provisional_assumed_short_to_long,0
7.18,0,98.999999999993605,33.999999999980815,47,197.00000000001279,57,58.00000000002558,46,12.959999999999837,822.999999999951,SSSW,provisional_assumed_short_to_long,0
7.19,0,102.99999999997833,36.999999999983743,47,197.99999999999457,59.999999999983743,51.000000000037929,46,12.950000000000346,820.00000000001728,SSSW,provisional_assumed_short_to_long,0
7.20,0,105.99999999998641,37.999999999995467,45.000000000009059,197.00000000000452,60.999999999995467,51,46,12.970000000000365,821.00000000001819,SSSW,provisional_assumed_short_to_long,0
7.21,0,109.99999999998543,39.999999999992717,45,196.00000000000364,61.999999999996362,51,46,12.98999999999981,822,SSSW,provisional_assumed_short_to_long,0
7.22,0,112.99999999999174,42.999999999991743,44.000000000002757,193.00000000000827,68.99999999998073,58.999999999977973,46,12.979999999999915,822,SSSW,provisional_assumed_short_to_long,0
7.23,0,112.00000000000178,43.999999999998224,43.000000000001776,175.00000000003197,76.999999999985789,74.999999999971578,46,12.970000000000018,822,SSSW,provisional_assumed_short_to_long,0
7.24,0,117.99999999999467,52.999999999992006,43,155.00000000001776,87.999999999990223,84.999999999991118,46.999999999999112,12.53000000000039,873.99999999995384,SSSW,provisional_assumed_short_to_long,0
7.25,0,130,63,43,145,100,116,51,12.49,874,SSSW,provisional_assumed_short_to_long,0
7.26,0,172.00000000001154,85.99999999999379,43.000000000000888,143.00000000000088,122.00000000001066,136.00000000001421,66.000000000015987,12.449999999999973,882.00000000000625,SSSW,provisional_assumed_short_to_long,0
7.27,0,184.99999999972866,79.000000000146102,43.999999999979124,143.99999999997914,133.99999999974955,151.99999999966604,83.999999999624293,12.420000000000019,889.00000000000375,SSSW,provisional_assumed_short_to_long,0
7.28,0,193.99999999982015,98.99999999960032,44.99999999998002,152.99999999982015,137.99999999992008,166.99999999970024,93.999999999800167,12.430000000000083,891.00000000001933,SSSW,provisional_assumed_short_to_long,0
7.29,0,193.0000000000191,104.99999999988543,45,154.9999999999618,139.9999999999618,166.0000000000191,94.999999999980901,12.45999999999991,898.00000000001091,SSSW,provisional_assumed_short_to_long,0
7.30,0.99999999998179234,193.99999999998178,128.99999999956302,44.000000000018204,152.00000000005463,140,160.00000000010925,95.999999999981796,12.434999999999887,901.00000000001364,SSSW,provisional_assumed_short_to_long,0
7.31,2.9999999999655387,183.00000000018954,145.99999999970709,43.000000000017231,150.00000000003445,141.99999999996555,159.00000000001722,101.99999999989662,12.41000000000022,903.99999999997794,SSSW,provisional_assumed_short_to_long,0
7.32,23.999999999656808,183,146.99999999998366,44.999999999967315,166.99999999972218,154.99999999978755,159.99999999998366,105.99999999993463,12.449999999994052,900.0000000007866,SSSW,provisional_assumed_short_to_long,0
7.33,36.999999999799094,198.99999999975273,130.00000000026273,46.999999999969091,202.99999999944365,161.99999999989183,161.99999999996908,127.99999999966001,11.519999999997451,1023.0000000004152,SSSW,provisional_assumed_short_to_long,0
7.34,47.999999999839773,219.99999999969413,125.00000000007283,48.999999999970868,228.99999999962128,171.99999999985434,173.99999999982521,143.99999999976694,11.169999999986272,1080.0000000027537,SSSW,provisional_assumed_short_to_long,0
7.35,60.999999999823345,255.99999999951081,148.99999999967386,88.999999999456435,264.99999999951081,199.99999999961949,207.99999999953798,153.99999999986412,9.4899999999942359,1417.0000000019716,SSSW,provisional_assumed_short_to_long,0
7.36,141.99999999897122,317.99999999921255,170.99999999972059,158.99999999911091,308.99999999944117,238.99999999950467,260.99999999932686,193.99999999949196,8.8599999999936774,1632.5000000021628,SSSW,provisional_assumed_short_to_long,0
7.37,207.99999999922034,360.99999999949205,214.99999999948022,196.99999999955111,357.99999999942116,283.9999999994684,312.99999999938575,283.99999999893686,8.2299999999972684,1848.0000000016059,SSSW,provisional_assumed_short_to_long,0
7.38,221.99999999984706,365.49999999995083,219.99999999994537,203.499999999929,371.49999999985249,294.99999999987983,322.99999999989075,292.99999999990166,7.9800000000002367,1995.0000000001064,SSSW,provisional_assumed_short_to_long,0
7.39,235.99999999986073,369.99999999995521,224.99999999995026,209.99999999993534,384.99999999986574,305.99999999989058,332.99999999990052,301.99999999991047,8.0000000000010232,2003.9999999999616,SSSW,provisional_assumed_short_to_long,0
7.40,199.00000000033521,368.00000000001813,186.00000000035331,209.00000000000907,383.00000000001813,308.99999999997283,331.00000000001813,311.99999999990939,8.0800000000023253,2001.0000000005334,SSSW,provisional_assumed_short_to_long,0
7.41,209.99999999991013,355.00000000010624,171.00000000012255,202.00000000005718,383.99999999999181,308.00000000000819,326.00000000004087,305.00000000005718,8.2500000000016023,2039.9999999996503,SSSW,provisional_assumed_short_to_long,0
7.42,212.99999999997814,357.99999999997817,176.99999999995629,194.00000000005826,380.0000000000291,308,326,291.00000000010198,8.3600000000030903,2016.0000000004482,SSSW,provisional_assumed_short_to_long,0
7.43,198.00000000009592,358,162.00000000009592,189.00000000003197,379.00000000000637,308,313.00000000008311,294.99999999997442,8.5600000000010628,2044.9999999998283,SSSW,provisional_assumed_short_to_long,0
7.44,193.00000000002709,359.99999999998914,160.00000000001083,190.99999999998917,379.9999999999946,308.9999999999946,312.0000000000054,298.99999999997834,8.6250000000011262,2034.4999999998181,SSSW,provisional_assumed_short_to_long,0
7.45,196.99999999998187,364.99999999997738,175.99999999992752,196.99999999997283,384.99999999997738,309.99999999999545,319.99999999996373,302.99999999998187,8.6900000000025486,2023.9999999990532,SSSW,provisional_assumed_short_to_long,0
7.46,220.9999999999126,373.9999999999672,187.99999999995629,203.99999999997451,395.99999999995993,312.99999999998909,324.99999999998181,309.99999999997453,8.8300000000030554,1971.9999999989116,SSSW,provisional_assumed_short_to_long,0
7.47,236.99999999995595,378.99999999998624,199.99999999996697,210.99999999998073,397.99999999999449,316.99999999998897,325.99999999999727,314.99999999998624,8.9899999999995597,1915.0000000001569,SSSW,provisional_assumed_short_to_long,0
7.48,238.99999999999645,380.99999999999648,207.99999999998579,214.99999999999289,398.99999999999824,319.99999999999466,325.00000000000176,319.99999999999113,9.1299999999997521,1863.0000000000923,SSSW,provisional_assumed_short_to_long,0
7.49,237.00000000000176,383.99999999999733,201.00000000000622,214.00000000000088,399,320.99999999999909,325.99999999999909,322.99999999999733,9.2799999999998661,1801.000000000055,SSSW,provisional_assumed_short_to_long,0
7.50,227,383,194,212,399,319,324,319,9.5600000000000005,1700,SSSW,provisional_assumed_short_to_long,0
7.51,206.99999999999022,377.99999999999289,185.99999999999289,212.99999999999824,393.99999999999022,314.9999999999938,317.99999999999289,312.99999999998045,9.6150000000000482,1676.4999999999791,SSSW,provisional_assumed_short_to_long,0
7.52,196.00000000022959,370.00000000016701,178.00000000016698,211.00000000004175,383.00000000022959,308.00000000014609,310.00000000016701,291.00000000045918,9.6700000000002237,1652.9999999998283,SSSW,provisional_assumed_short_to_long,0
7.53,189.00000000013989,359.00000000021981,169.00000000017985,209.00000000003996,382.00000000002001,303.00000000009993,293.00000000033975,263.00000000055957,9.7900000000008536,1560.9999999997851,SSSW,provisional_assumed_short_to_long,0
7.54,184.00000000009547,351.0000000001528,169,207.0000000000382,379.0000000000573,296.0000000001337,288.0000000000955,241.0000000004201,10.100000000000255,1482.9999999999091,SSSW,provisional_assumed_short_to_long,0
7.55,180.00000000007282,344.00000000012744,167.00000000003641,205.00000000003641,377.00000000003644,292.00000000007282,288.99999999998181,233.00000000014566,10.170000000000362,1457.9999999998686,SSSW,provisional_assumed_short_to_long,0
7.56,178.00000000003445,326.00000000031014,164.0000000000517,201.00000000006892,374.00000000005167,290.00000000003445,278.00000000018952,231.00000000003445,10.250000000000275,1428.9999999998679,SSSW,provisional_assumed_short_to_long,0
7.57,175.00000000004903,321.00000000008174,161.00000000004903,199.00000000003268,371.000000000049,286.00000000006537,278.99999999998363,225.00000000009805,10.300000000001663,1405.0000000000864,SSSW,provisional_assumed_short_to_long,0
7.58,159.00000000024727,310.00000000017002,154.00000000010817,198.00000000001546,368.00000000004638,272.00000000021635,267.00000000018542,217.00000000012363,10.560000000001894,1418.5000000000982,SSSW,provisional_assumed_short_to_long,0
7.59,151.00000000011653,305.00000000007282,149.00000000007282,198,363.00000000007282,258.00000000020395,271.99999999992718,215.00000000002913,10.820000000001553,1431.999999999518,SSSW,provisional_assumed_short_to_long,0
7.60,147.00000000005434,296.00000000012233,141.00000000010871,198.99999999998641,360.00000000004076,247.00000000014947,271.00000000001359,208.00000000009513,11.009999999999268,1372.99999999957,SSSW,provisional_assumed_short_to_long,0
7.61,143.00000000005082,292.00000000005082,139.00000000002541,199.9999999999873,359.00000000001268,239.00000000010161,255.00000000020322,203.00000000006349,10.930000000000502,1325.9999999999197,SSSW,provisional_assumed_short_to_long,0
7.62,133.00000000011812,286.00000000007088,134.00000000005906,201.99999999997638,358.00000000001182,223.000000000189,251.00000000004724,187.000000000189,10.980000000003388,1318.0000000004698,SSSW,provisional_assumed_short_to_long,0
7.63,127.00000000006554,277.00000000009834,132.00000000002186,201.00000000001091,354.00000000004371,198.0000000002731,245.00000000006554,167.00000000021851,11.290000000000827,1360.9999999998111,SSSW,provisional_assumed_short_to_long,0
7.64,115.00000000011937,271.00000000005969,136.99999999995026,200.00000000000995,347.00000000006963,186.00000000011937,233.00000000011937,151.00000000015916,11.360000000000895,1344.9999999998274,SSSW,provisional_assumed_short_to_long,0
7.65,115,263.00000000007248,139.99999999997283,199.00000000000907,340.00000000006344,170.00000000014495,227.00000000005434,153.99999999997283,11.430000000000957,1331.4999999998154,SSSW,provisional_assumed_short_to_long,0
7.66,117.99999999997549,261.00000000001637,144.99999999995913,198.00000000000819,335.00000000004087,157.00000000010624,221.00000000004903,148.00000000004903,11.500000000026073,1317.9999999960235,SSSW,provisional_assumed_short_to_long,0
7.67,118,258.00000000002183,145.99999999999272,195.00000000002186,328.00000000005099,157,214.00000000005099,148,13.289999999999845,1045.0000000000773,SSSW,provisional_assumed_short_to_long,0
7.68,121.99999999997442,255.00000000001918,148.99999999998082,195.99999999999361,324.00000000002558,154.00000000001918,214.99999999999361,149.99999999998721,13.280000000000163,1050.0000000000491,SSSW,provisional_assumed_short_to_long,0
7.69,125.99999999997833,255,159.9999999999404,197.99999999998917,322.00000000001086,152.00000000001083,213.00000000001083,154.99999999997291,13.29000000000052,1053.0000000002424,SSSW,provisional_assumed_short_to_long,0
7.70,133.99999999996376,254.00000000000452,160,199.99999999999093,321.00000000000455,153.99999999999093,213.99999999999548,156.99999999999093,13.320000000000364,1067.0000000000728,SSSW,provisional_assumed_short_to_long,0
7.71,147.99999999994901,251.00000000001091,162.99999999998909,200.99999999999636,321,155.99999999999272,214.99999999999636,161.99999999998178,13.34,1071.0000000000286,SSSW,provisional_assumed_short_to_long,0
7.72,162.9999999999587,252.99999999999449,186.99999999993392,202.99999999999449,321.99999999999727,156.99999999999724,220.99999999998349,174.99999999996422,13.34,1072.500000000013,SSSW,provisional_assumed_short_to_long,0
7.73,174.99999999997868,255.99999999999466,195.99999999998403,200.00000000000534,323.99999999999648,159.99999999999466,242.99999999996092,184.99999999998224,13.34,1073.9999999999973,SSSW,provisional_assumed_short_to_long,0
7.74,182.99999999999289,261.99999999999466,206.99999999999022,204.99999999999557,326.99999999999733,162.99999999999733,248.99999999999466,196.99999999998934,13.389999999999956,1081.999999999993,SSSW,provisional_assumed_short_to_long,0
7.75,186,269,225,210,330,179,252,207,13.41,1085,SSSW,provisional_assumed_short_to_long,0
7.76,192.00000000000531,272.00000000000267,238.00000000000711,212.00000000000887,334.00000000000267,183.00000000000887,260.00000000000176,222.00000000000531,13.430000000000026,1089.0000000000045,SSSW,provisional_assumed_short_to_long,0
7.77,197.99999999987477,274.99999999993736,245.99999999983302,221.99999999979127,336.99999999993736,192.99999999979127,261.99999999995828,227.99999999987477,13.460000000000132,1094.0000000000466,SSSW,provisional_assumed_short_to_long,0
7.78,207.99999999980017,277.99999999994003,255.99999999980017,224.99999999994006,338.99999999996004,204.99999999976018,272.99999999978019,236.99999999982015,13.530000000000165,1119.0000000000193,SSSW,provisional_assumed_short_to_long,0
7.79,215.99999999984723,280.9999999999427,264.99999999982816,227.9999999999427,343.9999999999045,210.99999999988543,274.9999999999618,249.99999999975176,13.590000000000018,1126.0000000000182,SSSW,provisional_assumed_short_to_long,0
7.80,224.99999999983612,284.99999999992718,276.99999999978149,230.99999999994537,347.99999999992718,219.99999999983612,276.99999999996356,268.99999999965405,13.595000000000022,1131.0000000000227,SSSW,provisional_assumed_short_to_long,0
7.81,241.99999999970709,286.99999999996555,281.99999999991383,231.99999999998278,349.99999999996555,222.9999999999483,281.99999999991383,276.99999999986215,13.60000000000033,1136.0000000000605,SSSW,provisional_assumed_short_to_long,0
7.82,251.99999999983658,287,287.99999999990195,232.99999999998366,351.99999999996732,232.99999999983658,287.99999999990195,289.99999999978752,13.660000000000128,1146.9999999999873,SSSW,provisional_assumed_short_to_long,0
7.83,255.99999999993818,285.00000000003092,289.99999999996908,234.99999999996908,352.99999999998454,234.99999999996908,288,296.99999999989183,13.680000000000437,1145.0000000000437,SSSW,provisional_assumed_short_to_long,0
7.84,256.99999999998545,284.00000000001455,294.99999999992718,237.99999999995629,353.99999999998545,235.99999999998545,288.99999999998545,307.99999999983976,13.740000000000327,1150.9999999999754,SSSW,provisional_assumed_short_to_long,0
7.85,255.00000000002717,284.99999999998641,299.99999999993207,239.99999999997283,353.00000000001359,236,288.00000000001359,309.99999999997283,13.780000000000136,1148,SSSW,provisional_assumed_short_to_long,0
7.86,251.00000000005082,285,300.99999999998732,240.9999999999873,352.00000000001268,234.00000000002541,288,315.99999999992377,13.795000000000151,1148,SSSW,provisional_assumed_short_to_long,0
7.87,251,282.00000000003541,301.99999999998818,241.99999999998818,349.00000000003541,231.00000000003544,287.00000000001182,310.00000000007088,13.810000000001093,1148.0000000000764,SSSW,provisional_assumed_short_to_long,0
7.88,249.00000000002186,276.00000000006554,303.99999999997817,241.00000000001091,343.00000000006554,225.00000000006554,282.00000000005463,303.00000000007645,13.910000000000592,1154.9999999999764,SSSW,provisional_assumed_short_to_long,0
7.89,243.00000000005969,254.00000000021885,304,238.00000000002984,336.00000000006963,216.00000000008953,273.00000000008953,287.00000000015916,13.96000000000064,1153.0000000000384,SSSW,provisional_assumed_short_to_long,0
7.90,229.00000000012682,224.00000000027177,302.00000000001813,232.00000000005434,322.00000000012682,198.00000000016308,263.00000000009061,266.00000000019025,14.01,1156.0000000000821,SSSW,provisional_assumed_short_to_long,0
7.91,205.00000000019611,194.00000000024514,298.00000000003268,221.00000000008987,309.00000000010624,186.00000000009805,249.0000000001144,240.00000000021245,14.009999999998834,1161.9999999998251,SSSW,provisional_assumed_short_to_long,0
7.92,189.00000000011653,164.00000000021851,293.00000000003644,207.00000000010198,292.0000000001238,171.00000000010925,218.00000000022578,196.00000000032045,13.929999999997527,1149.9999999993663,SSSW,provisional_assumed_short_to_long,0
7.93,179.00000000006307,139.00000000015766,276.00000000010721,193.00000000008828,276.0000000001009,145.00000000016396,187.00000000019548,175.00000000013242,13.76999999999852,1108.9999999996139,SSSW,provisional_assumed_short_to_long,0
7.94,164.00000000008126,98.000000000222144,262.00000000007583,186.00000000003791,270.00000000003251,141.00000000002166,187,155.00000000010834,13.67999999999844,1085.499999999593,SSSW,provisional_assumed_short_to_long,0
7.95,154.0000000000453,61.000000000167603,249.00000000005889,182.00000000001813,263.00000000003172,140.00000000000452,187,119.00000000016307,13.589999999998179,1061.9999999986162,SSSW,provisional_assumed_short_to_long,0
7.96,147.00000000002549,46.000000000054627,237.00000000004371,177.00000000001822,251.00000000004371,139.00000000000364,186.00000000000364,112.00000000002549,13.489999999983196,985.99999999467229,SSSW,provisional_assumed_short_to_long,0
7.97,132.0000000000413,43.000000000008257,209.00000000007708,157.00000000005508,243.00000000002203,130.00000000002478,179.00000000001927,94.000000000049567,12.610000000002422,707.00000000076818,SSSW,provisional_assumed_short_to_long,0
7.98,103.00000000005151,40.000000000005329,173.00000000006395,127.00000000005329,231.00000000002132,114.00000000002842,148.00000000005508,81.000000000023093,12.500000000000195,677.00000000005332,SSSW,provisional_assumed_short_to_long,0
7.99,86.000000000015092,39.000000000000888,144.00000000002575,56.000000000063068,215.00000000001421,96.000000000015987,131.00000000001509,53.000000000024869,11.580000000000817,605.00000000006389,SSSW,provisional_assumed_short_to_long,0
8.00,71,37,118,53,215,92,105,52,11.645,604.5,SSSW,provisional_assumed_short_to_long,0
8.01,62.500000000089088,36.000000000010481,106.00000000012577,52.500000000005244,210.50000000004715,91.500000000005244,101.50000000003668,51.000000000010481,11.710000000000383,604.00000000005946,SSSW,provisional_assumed_short_to_long,0
8.02,54.000000000178169,35.000000000020961,94.000000000251532,52.000000000010481,206.00000000009433,91.000000000010488,98.000000000073356,50.000000000020961,12.140000000000533,671.00000000008879,SSSW,provisional_assumed_short_to_long,0
8.03,19.000000000702549,35.999999999979927,75.000000000381391,52,204.00000000004013,88.000000000060226,94.000000000080291,47.000000000060218,12.440000000000692,721.00000000018656,SSSW,provisional_assumed_short_to_long,0
8.04,21.999999999942979,36.999999999980993,60.000000000285105,52,205.99999999996197,86.000000000038014,93.000000000019014,45.000000000038014,12.700000000000074,791.00000000001114,SSSW,provisional_assumed_short_to_long,0
8.05,16.000000000108713,37,55.000000000090594,51.000000000018119,206,85.000000000018119,88.000000000090594,44.000000000018119,12.719999999999908,793.99999999999079,SSSW,provisional_assumed_short_to_long,0
8.06,14.000000000034461,37,49.000000000103384,51,207.99999999996555,85,85.000000000051699,44,12.699999999999834,791.99999999995043,SSSW,provisional_assumed_short_to_long,0
8.07,11.000000000049027,37,49,49.000000000032685,211.99999999993463,85.999999999983658,83.000000000032685,44.999999999983658,12.670000000000064,783.00000000000955,SSSW,provisional_assumed_short_to_long,0
8.08,25.999999999768185,38.999999999969091,48.000000000015454,49,213.99999999996908,88.999999999953644,82.000000000015461,45,12.680000000000073,784.50000000001091,SSSW,provisional_assumed_short_to_long,0
8.09,24.000000000029132,39.999999999985434,45.000000000043698,47.000000000029132,215.99999999997087,89,83.999999999970868,47.999999999956302,12.690000000000163,786.00000000003274,SSSW,provisional_assumed_short_to_long,0
8.10,31.999999999890576,40,45,47,216.99999999998633,89.999999999986329,84,50.999999999958966,12.710000000000091,790.00000000000909,SSSW,provisional_assumed_short_to_long,0
8.11,32,40.99999999998721,46.99999999997442,47,217.99999999998721,91.99999999997442,82.00000000002558,51,12.719999999999901,791.00000000001,SSSW,provisional_assumed_short_to_long,0
8.12,43.999999999859313,41,43.000000000046896,46.000000000011724,221.9999999999531,92.999999999988276,83.999999999976552,50.000000000011724,12.709999999999891,792.00000000001103,SSSW,provisional_assumed_short_to_long,0
8.13,44.499999999994586,41,41.000000000021672,46,222.49999999999457,93.999999999989171,85.499999999983743,49.500000000005414,12.700000000000237,793,SSSW,provisional_assumed_short_to_long,0
8.14,44.999999999995026,41,39.000000000019895,46,222.99999999999503,94.999999999990052,86.999999999985079,49.000000000004974,12.720000000000001,793.00000000001285,SSSW,provisional_assumed_short_to_long,0
8.15,37.000000000072475,42.999999999981881,38.000000000009059,45.000000000009059,222.00000000000907,96.999999999981881,87.999999999990933,48.000000000009059,12.72000000000007,794,SSSW,provisional_assumed_short_to_long,0
8.16,22.000000000122569,51.999999999926459,36.000000000016342,45,218.00000000003268,96.000000000008171,87.000000000008171,45.000000000024514,12.725000000000072,794,SSSW,provisional_assumed_short_to_long,0
8.17,1.6022738691390259e-10,69.999999999868905,36.999999999992717,45,218.99999999999272,95.000000000007276,85.000000000014566,46.999999999985434,12.730000000000619,794.00000000003092,SSSW,provisional_assumed_short_to_long,0
8.18,0,80.999999999929656,37,45,219,94.000000000006395,82.000000000019185,47,12.770000000000163,796.00000000001637,SSSW,provisional_assumed_short_to_long,0
8.19,0,89.999999999950433,36.000000000005507,45.999999999994493,219,91.000000000016513,79.000000000016513,47,12.780000000000344,797.00000000001728,SSSW,provisional_assumed_short_to_long,0
8.20,0,92.999999999986144,36.999999999995381,46,221.99999999998613,90.000000000004619,74.000000000023093,47,12.800000000000182,798,SSSW,provisional_assumed_short_to_long,0
8.21,0,96.999999999985789,37.999999999996447,45.000000000003553,220.00000000000711,76.000000000049738,71.000000000010658,45.000000000007105,12.810000000000096,798.00000000000955,SSSW,provisional_assumed_short_to_long,0
8.22,0,97,36.000000000005329,45.999999999997335,220,73.000000000007987,71.999999999997328,45.999999999997335,12.815000000000044,798.50000000000432,SSSW,provisional_assumed_short_to_long,0
8.23,0,97,35.000000000001776,46.999999999998224,219.00000000000176,72.000000000001776,72,46,12.819999999999991,798.99999999999909,SSSW,provisional_assumed_short_to_long,0
8.24,0,96.000000000000881,35,47,219,72,70.000000000001776,46,12.82,799,SSSW,provisional_assumed_short_to_long,0
8.25,0,96,35,48,218,70,72,46,12.83,800,SSSW,provisional_assumed_short_to_long,0
8.26,0,96,34.500000000005244,48,217.00000000001049,69.000000000010488,72,46,12.840000000000018,801.00000000000261,SSSW,provisional_assumed_short_to_long,0
8.27,0,96,34.000000000010481,48,216.00000000002098,68.000000000020961,72,46,12.860000000000035,804.00000000000182,SSSW,provisional_assumed_short_to_long,0
8.28,0,95.000000000020066,31.000000000060218,47.000000000020073,213.00000000006023,64.000000000080291,72,45.000000000020073,12.880000000000081,805.00000000001069,SSSW,provisional_assumed_short_to_long,0
8.29,0,95,33.999999999942979,47,211.00000000003803,65.999999999961986,71.000000000019014,44.000000000019007,12.91000000000002,809,SSSW,provisional_assumed_short_to_long,0
8.30,0,95,34,46.000000000018119,208.00000000005434,66.999999999981881,69.000000000036238,44,12.915000000000024,809,SSSW,provisional_assumed_short_to_long,0
8.31,0,95,34.999999999982769,46.999999999982769,206.00000000003445,62.000000000086153,69,44.999999999982769,12.919999999999945,809.00000000000546,SSSW,provisional_assumed_short_to_long,0
8.32,0,95,33.000000000032685,46.000000000016342,203.00000000004903,62,64.000000000081712,45.999999999983658,12.910000000000064,810,SSSW,provisional_assumed_short_to_long,0
8.33,0,98.999999999938183,33.999999999984546,46,202.00000000001546,63.999999999969091,58.000000000092726,46,12.92,810.00000000001455,SSSW,provisional_assumed_short_to_long,0
8.34,0,100.99999999997087,34,46,197.00000000007282,64.999999999985434,57.000000000014566,46,12.92,811.99999999998363,SSSW,provisional_assumed_short_to_long,0
8.35,0,102.99999999997264,38.99999999993161,45.000000000013678,193.00000000005471,68.999999999945288,57.999999999986322,46.999999999986322,12.92,810.00000000001808,SSSW,provisional_assumed_short_to_long,0
8.36,0,106.99999999994884,39.99999999998721,44.00000000001279,189.00000000005116,73.999999999936051,64.999999999910472,47,12.92000000000005,812.0000000000249,SSSW,provisional_assumed_short_to_long,0
8.37,0,115.99999999989448,47.999999999906208,44,185.0000000000469,79.999999999929656,70.999999999929656,47,12.925000000000054,814.50000000002751,SSSW,provisional_assumed_short_to_long,0
8.38,0,121.99999999993499,57.999999999891642,43.000000000010836,166.00000000020589,81.999999999978328,75.999999999945828,48.999999999978328,12.930000000000119,817,SSSW,provisional_assumed_short_to_long,0
8.39,0,135.99999999986073,58.999999999990052,43.999999999990052,161.00000000004974,85.99999999996021,82.999999999930367,50.999999999980105,12.94,817,SSSW,provisional_assumed_short_to_long,0
8.40,0,146.99999999990035,65.999999999936591,44,160.00000000000907,88.999999999972829,92.999999999909406,63.999999999882228,12.940000000000273,817.00000000001364,SSSW,provisional_assumed_short_to_long,0
8.41,0,162.99999999986926,83.999999999852918,43.000000000008171,161.99999999998366,93.999999999959144,117.99999999979572,79.99999999986926,12.960000000000147,818,SSSW,provisional_assumed_short_to_long,0
8.42,0,171.99999999993446,97.999999999898037,43.999999999992717,162,111.9999999998689,122.99999999996359,88.99999999993446,12.970000000000155,818.00000000003092,SSSW,provisional_assumed_short_to_long,0
8.43,0,177.49999999996481,106.49999999994564,43.500000000003197,161.50000000000318,117.99999999996163,128.99999999996163,90.99999999998721,12.979999999999674,819.99999999996726,SSSW,provisional_assumed_short_to_long,0
8.44,0,182.9999999999697,114.99999999995319,43.000000000002757,161.00000000000276,123.99999999996696,134.99999999996697,92.999999999988987,12.96000000000026,818.00000000009481,SSSW,provisional_assumed_short_to_long,0
8.45,0,187.99999999997692,135.99999999990303,43.999999999995381,158.00000000001387,138.99999999993071,141.99999999996766,101.99999999995843,12.975000000000271,823.5000000000997,SSSW,provisional_assumed_short_to_long,0
8.46,4.9999999999822364,193.99999999997868,161.99999999990763,44.999999999996447,149.00000000003197,160.99999999992184,160.9999999999325,119.99999999993605,12.99,828.99999999998079,SSSW,provisional_assumed_short_to_long,0
8.47,15.499999999972022,203.99999999997334,163.99999999999466,45,153.49999999998801,173.49999999996669,166.49999999998533,128.99999999997601,12.99,828.00000000000261,SSSW,provisional_assumed_short_to_long,0
8.48,25.999999999981348,213.99999999998224,165.99999999999645,45,157.99999999999201,185.9999999999778,171.99999999999022,137.99999999998403,12.450000000000959,889.99999999988984,SSSW,provisional_assumed_short_to_long,0
8.49,51.999999999976907,233.99999999998224,155.00000000000978,46.999999999998224,187.99999999997334,211.99999999997692,174.99999999999733,145.99999999999289,12.410000000000036,897.99999999999295,SSSW,provisional_assumed_short_to_long,0
8.50,73,248,146,49,210,213,175,155,11.109999999999999,1066,SSSW,provisional_assumed_short_to_long,0
8.51,112.00000000003818,263.00000000004172,163.00000000001953,51.000000000069278,229.00000000004263,221.00000000000711,203.00000000003465,175.00000000001597,9.9249999999989473,1345.0000000002478,SSSW,provisional_assumed_short_to_long,0
8.52,154.99999999909869,309.99999999901485,184.99999999953886,128.99999999836504,276.99999999899387,228.99999999983231,241.99999999918253,192.9999999996227,8.7399999999987212,1624.0000000005703,SSSW,provisional_assumed_short_to_long,0
8.53,200.99999999907664,357.9999999990365,220.99999999927738,174.99999999907664,336.9999999987956,278.99999999899637,276.99999999929747,254.99999999875547,8.0200000000001861,1945.0000000003197,SSSW,provisional_assumed_short_to_long,0
8.54,220.99999999961986,359.99999999996197,225.99999999990496,191.99999999967687,370.99999999935375,297.99999999963887,295.99999999963887,288.99999999935375,8.0900000000003729,2065.0000000001119,SSSW,provisional_assumed_short_to_long,0
8.55,197.00000000043485,359.00000000001813,171.00000000099652,191.00000000001813,370.00000000001813,304.99999999987318,295.00000000001813,288.00000000001813,8.1900000000011079,2095.0000000002542,SSSW,provisional_assumed_short_to_long,0
8.56,187.00000000017229,337.00000000037909,132.000000000672,176.00000000025847,366.00000000006889,303.00000000003445,281.00000000024124,286.00000000003445,8.4300000000007156,2149.9999999999613,SSSW,provisional_assumed_short_to_long,0
8.57,197.99999999982023,334.000000000049,113.00000000031051,174.00000000003268,364.00000000003268,300.000000000049,284.99999999993463,248.00000000062101,8.5600000000008318,2142.9999999999486,SSSW,provisional_assumed_short_to_long,0
8.58,192.00000000009271,333.00000000001546,85.000000000432721,169.00000000007728,363.00000000001546,298.00000000003092,281.00000000006185,243.00000000007728,8.690000000000401,2134.9999999999491,SSSW,provisional_assumed_short_to_long,0
8.59,177.00000000021851,335.99999999995629,88.999999999941735,166.00000000004371,363.99999999998545,299.9999999999709,278.00000000004371,252.99999999985434,8.7450000000004486,2127.9999999999427,SSSW,provisional_assumed_short_to_long,0
8.60,176.00000000001367,336.9999999999863,92.999999999945288,173.99999999989058,366.99999999995896,301.99999999997266,278,257.99999999993162,8.8000000000008161,2120.9999999998549,SSSW,provisional_assumed_short_to_long,0
8.61,180.99999999993605,340.99999999994884,121.9999999996291,180.99999999991047,370.99999999994884,303.99999999997442,282.99999999993605,259.99999999997442,8.8900000000008959,2104.9999999997513,SSSW,provisional_assumed_short_to_long,0
8.62,195.99999999982413,347.99999999991792,133.99999999985931,190.99999999988276,374.9999999999531,308.99999999994139,288.99999999992963,258.00000000002342,8.980000000000441,2079.9999999998458,SSSW,provisional_assumed_short_to_long,0
8.63,199.99999999995666,353.99999999993497,148.99999999983746,197.99999999992414,376.99999999997834,311.99999999996749,289,267.99999999989166,9.0200000000010707,2065.9999999996908,SSSW,provisional_assumed_short_to_long,0
8.64,200.99999999999005,359.99999999994031,155.99999999993037,198,378.9999999999801,314.99999999997016,289.99999999999005,285.99999999982094,9.1100000000010226,2039.9999999996419,SSSW,provisional_assumed_short_to_long,0
8.65,202.99999999998187,361.99999999998187,160.9999999999547,199.99999999998187,379,315,280.00000000009061,292.99999999993656,9.1900000000007527,2011.9999999996853,SSSW,provisional_assumed_short_to_long,0
8.66,200.0000000000245,362,151.00000000008171,199.00000000000819,379,305.00000000008174,277.0000000000245,292.00000000000819,9.2450000000008004,1988.9999999996651,SSSW,provisional_assumed_short_to_long,0
8.67,193.00000000005099,359.00000000002183,140.00000000008012,196.00000000002186,377.00000000001455,297.00000000005826,272.00000000003644,277.00000000010925,9.3000000000017007,1965.9999999992428,SSSW,provisional_assumed_short_to_long,0
8.68,177.00000000010232,348.00000000007037,123.00000000010871,195.00000000000639,374.00000000001921,286.00000000007037,265.00000000004479,244.00000000021103,9.4100000000016344,1916.9999999991828,SSSW,provisional_assumed_short_to_long,0
8.69,158.00000000010462,334.00000000007708,106.00000000009362,186.00000000004957,368.00000000003303,279.00000000003854,252.00000000007159,223.00000000011565,9.5100000000025844,1866.9999999991901,SSSW,provisional_assumed_short_to_long,0
8.70,143.00000000006662,324.00000000004439,95.000000000048857,181.0000000000222,364.00000000001774,271.00000000003553,242.00000000004439,218.0000000000222,9.6600000000031105,1819.999999998957,SSSW,provisional_assumed_short_to_long,0
8.71,136.00000000002487,315.00000000003195,94.000000000003553,178.00000000001066,359.00000000001774,256.00000000005332,239.00000000001066,206.00000000004263,9.8300000000061392,1762.9999999980623,SSSW,provisional_assumed_short_to_long,0
8.72,127.00000000002399,306.00000000002399,90.000000000010658,178,357.00000000000534,251.00000000001333,237.00000000000534,198.00000000002132,10.149999999999148,1662.0000000002692,SSSW,provisional_assumed_short_to_long,0
8.73,120.00000000001243,297.00000000001597,87.000000000005329,178.99999999999824,355.00000000000352,248.00000000000534,231.00000000001066,190.00000000001421,10.314999999999706,1624.5000000000666,SSSW,provisional_assumed_short_to_long,0
8.74,114.00000000000533,295.00000000000176,83.000000000003553,179,351.00000000000352,244.00000000000355,232.99999999999824,186.00000000000355,10.479999999999855,1587.0000000000332,SSSW,provisional_assumed_short_to_long,0
8.75,97,288,72,180,349,237,225,180,10.58,1550,SSSW,provisional_assumed_short_to_long,0
8.76,89.999999999995566,282.99999999999557,62.000000000011546,178,346.99999999999648,227.9999999999778,223.00000000000088,166.99999999998846,10.710000000000187,1518.9999999999316,SSSW,provisional_assumed_short_to_long,0
8.77,85.000000000104805,278.00000000010482,74.999999999727507,178,343.00000000008384,203.00000000052404,223.99999999997902,154.00000000027251,10.920000000000053,1441.9999999999573,SSSW,provisional_assumed_short_to_long,0
8.78,81.000000000080291,269.00000000018065,66.000000000180648,180.99999999993977,341.00000000004013,187.00000000032117,219.00000000010036,138.00000000032117,10.950000000000053,1417.9999999999386,SSSW,provisional_assumed_short_to_long,0
8.79,72.00000000017107,264.00000000009504,67.999999999961986,181,339.00000000003803,173.00000000026608,217.00000000003803,125.0000000002471,10.970000000000075,1394.9999999999609,SSSW,provisional_assumed_short_to_long,0
8.80,72.999999999981881,257.00000000012682,71.999999999927525,182.99999999996376,336.00000000005434,157.0000000002899,207.00000000018119,122.00000000005436,10.990000000000093,1384.4999999999516,SSSW,provisional_assumed_short_to_long,0
8.81,75.999999999948301,254.0000000000517,73.999999999965539,182.00000000001722,332.00000000006889,154.0000000000517,198.00000000015507,119.0000000000517,11.010000000000385,1373.9999999995593,SSSW,provisional_assumed_short_to_long,0
8.82,75.000000000016342,249.00000000008171,79.999999999901945,182,329.000000000049,151.00000000004903,193.00000000008171,119,11.080000000005244,1293.9999999990216,SSSW,provisional_assumed_short_to_long,0
8.83,79.999999999922721,246.00000000004636,89.999999999845457,182.99999999998454,323.00000000009271,150.00000000001546,188.00000000007728,119,11.900000000005317,1140.9999999991478,SSSW,provisional_assumed_short_to_long,0
8.84,84.999999999927169,245.00000000001455,99.999999999854339,183,321.0000000000291,144.0000000000874,188,119,12.629999999999674,1023.9999999999183,SSSW,provisional_assumed_short_to_long,0
8.85,88.999999999945288,244.00000000001367,116.99999999976748,183.99999999998633,318.00000000004104,144.99999999998633,188,120.99999999997264,12.589999999999819,1013.9999999999909,SSSW,provisional_assumed_short_to_long,0
8.86,97.999999999884892,242.00000000002558,126.9999999998721,189.99999999992326,317.00000000001279,147.99999999996163,192.99999999993605,121,12.569999999999851,1012.999999999995,SSSW,provisional_assumed_short_to_long,0
8.87,111.99999999983586,242,134.99999999990621,193.9999999999531,317,146.00000000002345,200.99999999990621,124.9999999999531,12.554999999999835,1012.4999999999945,SSSW,provisional_assumed_short_to_long,0
8.88,114.99999999996749,242.99999999998917,146.99999999986997,193.00000000001083,316.00000000001086,146,201,130.99999999993497,12.539999999999285,1011.9999999994287,SSSW,provisional_assumed_short_to_long,0
8.89,134.99999999980105,242.00000000000995,157.99999999989058,194.9999999999801,316,148.99999999997016,207.99999999993037,144.99999999986073,12.479999999999617,964.00000000003843,SSSW,provisional_assumed_short_to_long,0
8.90,156.99999999980071,242,167.99999999990939,195.99999999999093,316.99999999999096,152.99999999996376,208,157.99999999988222,12.449999999999726,967.00000000005468,SSSW,provisional_assumed_short_to_long,0
8.91,172.99999999986926,244.9999999999755,176.99999999992644,197.99999999998366,319.9999999999755,157.99999999995913,234.99999999977939,172.99999999987745,12.429999999999563,971.00000000004366,SSSW,provisional_assumed_short_to_long,0
8.92,177.99999999996359,249.99999999996359,199.99999999983248,201.99999999997087,323.9999999999709,164.99999999994901,232.00000000002186,191.99999999986161,12.400000000007573,974.0000000008655,SSSW,provisional_assumed_short_to_long,0
8.93,189.99999999992326,262.99999999991689,212.99999999991687,206.99999999996803,328.99999999996805,174.99999999993605,240.99999999994245,207.99999999989768,12.890000000000164,1030.000000000098,SSSW,provisional_assumed_short_to_long,0
8.94,194.99999999997246,268.99999999996697,235.99999999987335,210.99999999997797,331.99999999998346,181.99999999996146,255.99999999991741,225.99999999990087,12.900000000000087,1036.000000000043,SSSW,provisional_assumed_short_to_long,0
8.95,206.99999999994671,270.99999999999113,241.99999999997334,221.99999999995114,334.9999999999867,188.99999999996891,269.99999999993781,238.99999999994228,12.905000000000092,1038.5000000000457,SSSW,provisional_assumed_short_to_long,0
8.96,212.99999999997868,272.99999999999289,253.99999999995737,226.99999999998224,337.99999999998931,197.99999999996803,272.99999999998931,248.99999999996447,12.910000000000959,1041.0000000001919,SSSW,provisional_assumed_short_to_long,0
8.97,221.99999999997601,273,258.9999999999867,229.99999999999201,340.99999999999199,206.99999999997601,276.99999999998931,256.99999999997868,12.959999999999868,1050.9999999999734,SSSW,provisional_assumed_short_to_long,0
8.98,234.99999999997692,273.99999999999824,266.99999999998579,230.99999999999824,343.99999999999466,215.99999999998403,273.00000000000711,268.99999999997868,12.940000000000035,1054.999999999993,SSSW,provisional_assumed_short_to_long,0
8.99,244.99999999999113,274.99999999999909,271.99999999999557,232.99999999999824,346.99999999999733,225.99999999999113,276.99999999999648,284.99999999998579,12.94999999999999,1061.9999999999939,SSSW,provisional_assumed_short_to_long,0
9.00,253,277,282,236,350,226,285,293,12.98,1068,SSSW,provisional_assumed_short_to_long,0
9.01,258.00000000000352,279.00000000000091,286.00000000000267,242.00000000000267,351,234,287.00000000000443,301.00000000000443,12.98,1070.5000000000023,SSSW,provisional_assumed_short_to_long,0
9.02,261.99999999991616,279.99999999997902,288.99999999993713,244.99999999993713,351,234,291.99999999989518,305.99999999989518,12.980000000000018,1072.9999999999964,SSSW,provisional_assumed_short_to_long,0
9.03,262.99999999997993,279.00000000002007,291.9999999999398,245.99999999997993,349.00000000004013,232.00000000004013,292.99999999997993,307.99999999995987,12.98999999999992,1070.9999999999679,SSSW,provisional_assumed_short_to_long,0
9.04,262.00000000001899,278.00000000001899,293.99999999996197,247.99999999996197,346.00000000005701,230.00000000003803,292.00000000001899,303.00000000009504,12.959999999999516,1058.9999999999663,SSSW,provisional_assumed_short_to_long,0
9.05,255.00000000012682,270.00000000014495,296.99999999994566,244.00000000007248,339.00000000012682,226.00000000007248,284.00000000014495,300.00000000005434,12.829999999999677,1050.0000000000184,SSSW,provisional_assumed_short_to_long,0
9.06,242.00000000022399,250.00000000034461,296.00000000001722,236.00000000013785,328.00000000018952,204.00000000037909,268.00000000027569,279.00000000036187,12.760000000000936,1054.0000000003358,SSSW,provisional_assumed_short_to_long,0
9.07,230.00000000019611,240.00000000016342,296.99999999998363,233.00000000004903,321.50000000010624,197.0000000001144,265.50000000004087,270.00000000014711,12.930000000000224,1114.9999999999648,SSSW,provisional_assumed_short_to_long,0
9.08,218.00000000018545,230.00000000015456,297.99999999998454,230.00000000004636,315.00000000010044,190.00000000010817,263.00000000003865,261.0000000001391,12.965000000000256,1109.49999999996,SSSW,provisional_assumed_short_to_long,0
9.09,194.00000000034959,168.0000000009031,287.00000000016024,210.00000000029132,288.0000000003933,164.00000000037872,240.00000000033504,205.0000000008157,13.000000000000981,1103.9999999999427,SSSW,provisional_assumed_short_to_long,0
9.10,190.00000000005471,143.00000000034194,277.00000000013677,205.00000000006838,278.00000000013677,161.00000000004104,217.0000000003146,184.00000000028723,13.120000000001358,1096.999999999837,SSSW,provisional_assumed_short_to_long,0
9.11,185.00000000006395,118.00000000031974,268.00000000011511,202.00000000003837,275.00000000003837,158.00000000003837,210.00000000008953,175.00000000011511,13.269999999998706,1078.9999999993533,SSSW,provisional_assumed_short_to_long,0
9.12,174.00000000012898,97.000000000246203,256.00000000014069,190.00000000014069,269.00000000007037,145.0000000001524,199.00000000012898,143.00000000037517,13.140000000000221,1013.9999999996255,SSSW,provisional_assumed_short_to_long,0
9.13,162.5000000001246,83.000000000151701,249.00000000007586,184.00000000006503,259.50000000010294,136.50000000009211,185.00000000015172,125.50000000018963,13.159999999997858,979.99999999858369,SSSW,provisional_assumed_short_to_long,0
9.14,151.0000000001144,69.000000000139266,242.00000000006963,178.00000000005969,250.0000000000945,128.00000000008455,171.00000000013927,108.00000000017408,12.97999999999514,860.99999999820943,SSSW,provisional_assumed_short_to_long,0
9.15,127.00000000021743,56.000000000117772,230.00000000010871,156.00000000019929,243.00000000006341,112.00000000014495,150.00000000019025,93.000000000135884,12.599999999995417,720.99999999957595,SSSW,provisional_assumed_short_to_long,0
9.16,103.00000000019611,43.000000000106226,212.00000000014708,133.00000000018792,232.00000000008987,93.000000000155254,145.00000000004087,95.999999999975486,12.264999999995119,689.99999999954844,SSSW,provisional_assumed_short_to_long,0
9.17,90.000000000094673,40.000000000021849,185.00000000019665,92.000000000298598,219.00000000009467,93,124.00000000015294,63.000000000240341,11.930000000001854,658.99999999992269,SSSW,provisional_assumed_short_to_long,0
9.18,86.00000000002558,38.00000000001279,151.00000000021743,54.000000000243006,214.00000000003197,92.000000000006395,118.00000000003837,52.000000000070344,12.050000000002452,654.00000000024511,SSSW,provisional_assumed_short_to_long,0
9.19,74.00000000006608,36.000000000011013,131.00000000011013,52.000000000011013,207.00000000003854,88.000000000022027,104.00000000007709,50.000000000011013,12.200000000008098,669.00000000198156,SSSW,provisional_assumed_short_to_long,0
9.20,65.000000000039961,35.000000000004441,109.0000000000977,51.000000000004441,203.00000000001776,86.000000000008882,108.9999999999778,46.000000000017764,12.670000000002196,784.00000000054888,SSSW,provisional_assumed_short_to_long,0
9.21,40.000000000088818,35.999999999996447,72.00000000013145,51.999999999996447,203.99999999999645,81.000000000017764,108.00000000000355,46.999999999996447,12.790000000000383,814.00000000015348,SSSW,provisional_assumed_short_to_long,0
9.22,20.000000000053291,36.999999999997335,69.000000000007987,52,207.99999999998934,77.000000000010658,105.00000000000799,47,12.809999999999947,821.99999999997863,SLT,provisional_assumed_short_to_long,0
9.23,23.999999999992895,36.000000000001776,67.000000000003553,52,214.99999999998755,75.000000000003553,97.000000000014211,47,12.819999999999983,821.00000000000182,SLT,provisional_assumed_short_to_long,0
9.24,22.500000000001332,36.999999999999112,59.000000000007105,52,220.99999999999466,80.499999999995111,95.000000000001776,47,12.829999999999991,820.00000000000091,SLT,provisional_assumed_short_to_long,0
9.25,21,38,51,52,227,86,93,47,12.85,823,SLT,provisional_assumed_short_to_long,0
9.26,15.000000000007994,39.000000000000888,49,51.000000000000888,227.00000000000088,87.000000000001776,84.000000000002657,48.000000000000888,12.869999999999999,829.00000000000182,SLT,provisional_assumed_short_to_long,0
9.27,23.999999999811351,39.999999999979039,49,51.999999999979039,227.99999999997902,88.999999999958078,86.999999999937117,48.999999999979039,12.870000000000035,831.00000000000182,SLT,provisional_assumed_short_to_long,0
9.28,8.0000000003211653,40,49.999999999979927,52,227.00000000002007,90.999999999959854,93.999999999859483,49.999999999979927,12.890000000000001,832,SLT,provisional_assumed_short_to_long,0
9.29,9.999999999961986,40.999999999980993,47.000000000057021,51.000000000019007,227.99999999998099,92.999999999961986,100.99999999986696,51.999999999961986,12.89000000000002,832,SLT,provisional_assumed_short_to_long,0
9.30,5.0000000000905942,44.999999999927525,47,51.999999999981881,226.00000000003624,95.999999999945643,119.99999999965574,52,12.895000000000024,832,SLT,provisional_assumed_short_to_long,0
9.31,6.9999999999655387,60.999999999724309,46.000000000017231,51.000000000017231,226,96,128.99999999984493,51.000000000017231,12.899999999999945,831.99999999998897,SLT,provisional_assumed_short_to_long,0
9.32,6.0000000000163425,68.99999999986926,45.000000000016342,50.000000000016342,227.99999999996732,98.999999999950973,132.99999999993463,52.999999999967315,12.890000000000128,830.00000000002558,SLT,provisional_assumed_short_to_long,0
9.33,6.9999999999845457,86.999999999721823,43.000000000030909,50,228.99999999998454,102.99999999993818,128.00000000007728,56.999999999938183,12.910000000000146,834,SLT,provisional_assumed_short_to_long,0
9.34,3.0000000000582645,91.999999999927169,41.000000000029132,49.000000000014566,230.99999999997087,105.9999999999563,119.0000000001311,63.999999999898037,12.93,834,SLT,provisional_assumed_short_to_long,0
9.35,3,92,41.999999999986322,49,232.99999999997266,104.00000000002736,117.00000000002736,62.000000000027356,12.93,834,SLT,provisional_assumed_short_to_long,0
9.36,1.0000000000255795,93.99999999997442,38.000000000051159,48.00000000001279,233.99999999998721,97.000000000089528,102.00000000019185,56.000000000076739,12.93,833.999999999995,SLT,provisional_assumed_short_to_long,0
9.37,0.50000000000586198,94,37.500000000005862,47.500000000005862,233.00000000001171,97,101.50000000000585,55.000000000011724,12.93,833.49999999999454,SLT,provisional_assumed_short_to_long,0
9.38,5.4178883601707639e-12,94,37.000000000005414,47.000000000005414,232.00000000001083,97,101.00000000000541,54.000000000010836,12.930000000000119,833,SLT,provisional_assumed_short_to_long,0
9.39,0,93.000000000009948,37,47.999999999990052,227.00000000004974,96.000000000009948,96.000000000049738,54,12.940000000000127,833.00000000001285,SLT,provisional_assumed_short_to_long,0
9.40,0,92.000000000009067,36.000000000009059,47.000000000009059,226.00000000000907,96,89.000000000063409,54,12.949999999999999,834,SLT,provisional_assumed_short_to_long,0
9.41,0,92,37.999999999983658,47,223.0000000000245,96,83.000000000049027,52.000000000016342,12.950000000000436,834.00000000001455,SLT,provisional_assumed_short_to_long,0
9.42,0,89.000000000021856,36.000000000014566,47,219.00000000002913,101.9999999999563,82.000000000007276,50.000000000014566,12.98000000000031,835.00000000003092,SLT,provisional_assumed_short_to_long,0
9.43,0,89.999999999993605,36.999999999993605,46.000000000006395,216.00000000001918,106.99999999996803,82,48.00000000001279,13,837,SLT,provisional_assumed_short_to_long,0
9.44,0,94.999999999972459,34.00000000001652,46,209.00000000003854,104.00000000001651,81.000000000005514,47.000000000005507,13,837,SLT,provisional_assumed_short_to_long,0
9.45,0,102.99999999996447,33.000000000004441,46,208.00000000000443,98.000000000026645,81,47,13,837.0000000000183,SLT,provisional_assumed_short_to_long,0
9.46,0,105.99999999998934,34.999999999992895,45.000000000003553,208,94.000000000014211,81.999999999996447,46.000000000003553,13,838,SLT,provisional_assumed_short_to_long,0
9.47,0,106,35,45.999999999997335,206.00000000000534,93.000000000002672,82,47.999999999994671,13,838,SLT,provisional_assumed_short_to_long,0
9.48,0,106.99999999999822,35,46,205.00000000000176,93,82,47.000000000001776,12.990000000000018,834.00000000000705,SLT,provisional_assumed_short_to_long,0
9.49,0,107,35,45.000000000000888,202.00000000000267,92.000000000000881,82.999999999999119,47.999999999999112,12.999999999999991,834,SLT,provisional_assumed_short_to_long,0
9.50,0,107,36,45,200,91,87,49,13.01,835,SLT,provisional_assumed_short_to_long,0
9.51,0,111.00000000000178,34.000000000000888,45,189.99999999999645,91.999999999999119,95.00000000001954,51,13.01,836,SLT,provisional_assumed_short_to_long,0
9.52,0,112.99999999995808,34.999999999979039,45,186.00000000008384,91.000000000020961,116.99999999953886,51,13.01,836,SLT,provisional_assumed_short_to_long,0
9.53,0,121.99999999981935,36.999999999959854,45.999999999979927,185.00000000002007,97.999999999859483,137.99999999957848,51.999999999979927,13.010000000000053,836.00000000000534,SLT,provisional_assumed_short_to_long,0
9.54,0,131.99999999980992,39.999999999942979,44.000000000038014,185.99999999998099,112.9999999997149,151.99999999973392,70.999999999638874,13.029999999999962,838.0000000000075,SLT,provisional_assumed_short_to_long,0
9.55,0,147.9999999997101,40.999999999981881,44.999999999981881,195.99999999981881,125.99999999976446,168.99999999969197,82.999999999782574,13.019999999997783,840.0000000002633,SLT,provisional_assumed_short_to_long,0
9.56,0,171.99999999958646,44.999999999931077,45.999999999982769,206.99999999981046,144.99999999967261,184.99999999972431,95.999999999776009,12.539999999999999,897.00000000003854,SLT,provisional_assumed_short_to_long,0
9.57,0,170.00000000003268,45.999999999983658,46.999999999983658,212.99999999990195,166.99999999964047,196.99999999980389,103.99999999986926,12.539999999998816,904.00000000015029,SLT,provisional_assumed_short_to_long,0
9.58,0,173.99999999993818,47.999999999969091,47.999999999984546,214.99999999996908,195.99999999955182,199.99999999995364,125.99999999966001,12.354999999998652,927.5000000001711,SLT,provisional_assumed_short_to_long,0
9.59,13.999999999796074,177.99999999994174,74.999999999606715,47.000000000014566,218.99999999994174,214.99999999972323,204.99999999992718,133.99999999988347,12.169999999995015,951.0000000007027,SLT,provisional_assumed_short_to_long,0
9.60,6.0000000001094236,186.99999999987691,78.999999999945288,47.999999999986322,221.99999999995896,220.99999999991792,204.00000000001367,140.99999999990425,11.559999999998189,1037.0000000003533,SLT,provisional_assumed_short_to_long,0
9.61,30.999999999680256,202.99999999979536,94.999999999795364,49.99999999997442,226.99999999993605,226.99999999992326,212.99999999988489,150.9999999998721,11.359999999998308,1076.0000000003481,SLT,provisional_assumed_short_to_long,0
9.62,68.99999999955449,228.99999999969518,117.99999999973035,62.999999999847589,256.99999999964825,237.99999999987102,235.99999999973033,187.99999999956623,11.18999999998359,1111.0000000034472,SLT,provisional_assumed_short_to_long,0
9.63,112.99999999952323,261.9999999996424,155.99999999958823,128.99999999928485,287.99999999966411,265.99999999969657,253.99999999980497,215.9999999996966,9.6999999999920252,1424.0000000039752,SLT,provisional_assumed_short_to_long,0
9.64,165.99999999947278,303.9999999995822,198.99999999957225,165.99999999963194,321.99999999966178,288.99999999977121,284.99999999969162,262.99999999953246,9.029999999999232,1758.0000000021744,SLT,provisional_assumed_short_to_long,0
9.65,194.99999999973727,361.99999999947454,221.99999999979164,191.99999999976444,348.9999999997554,312.99999999978257,316.9999999997101,325.99999999942924,8.9700000000009581,1927.9999999998563,SLT,provisional_assumed_short_to_long,0
9.66,214.99999999983658,380.99999999984476,212.00000000008171,198.99999999994282,359.99999999991013,326.99999999988563,332.99999999986926,337.99999999990195,9.0400000000010188,1917.499999999847,SLT,provisional_assumed_short_to_long,0
9.67,221.99999999994901,389.99999999993446,189.00000000016752,203.99999999996359,371.99999999991257,333.99999999994901,336.9999999999709,341.9999999999709,9.1100000000033994,1906.9999999990728,SLT,provisional_assumed_short_to_long,0
9.68,222.99999999999361,390.99999999999363,174.00000000009592,199.00000000003197,374.99999999998079,334.99999999999363,338.99999999998721,346.99999999996805,9.3300000000057199,1846.999999998186,SLT,provisional_assumed_short_to_long,0
9.69,225.99999999998349,392.99999999998897,164.00000000005508,199,375,335.99999999999449,336.00000000001654,344.00000000001654,9.6800000000096489,1735.9999999999654,SLT,provisional_assumed_short_to_long,0
9.70,220.00000000002666,395.9999999999867,163.00000000000443,197.00000000000887,367.00000000003553,336,333.0000000000133,344,10.240000000007502,1733.9999999981887,SLT,provisional_assumed_short_to_long,0
9.71,208.00000000004263,401.99999999997868,157.00000000002132,199.99999999998934,374.99999999997158,336,330.00000000001069,343.00000000000352,10.650000000002494,1634.9999999994629,SLT,provisional_assumed_short_to_long,0
9.72,207.00000000000267,403.99999999999466,161.99999999998667,204.99999999998667,377.99999999999199,336.99999999999733,330.99999999999733,346.99999999998931,10.779999999999653,1607.0000000000746,SLT,provisional_assumed_short_to_long,0
9.73,219.99999999997692,404.99999999999824,165.99999999999289,209.99999999999113,379.99999999999648,339.99999999999466,331,344.00000000000534,10.829999999999911,1566.0000000000728,SLT,provisional_assumed_short_to_long,0
9.74,227.99999999999289,406.99999999999824,167.99999999999824,212.99999999999733,385.99999999999466,341.99999999999824,331,340.00000000000352,10.879999999999956,1525.0000000000364,SLT,provisional_assumed_short_to_long,0
9.75,233,407,173,214,390,344,332,342,10.960000000000001,1497,SLT,provisional_assumed_short_to_long,0
9.76,231.00000000002098,406.50000000000523,171.00000000002098,214.49999999999477,390,344.49999999999477,328.00000000004195,343.49999999998425,11.120000000000061,1474.9999999999814,SLT,provisional_assumed_short_to_long,0
9.77,229.00000000004192,406.00000000001046,169.00000000004192,214.99999999998951,390,344.99999999998954,324.00000000008384,344.99999999996857,11.190000000000461,1453.9999999999004,SLT,provisional_assumed_short_to_long,0
9.78,221.00000000016058,404.00000000004013,160.00000000018065,214.00000000002007,389.00000000002007,344.00000000002007,314.00000000020071,341.00000000008026,11.449999999999973,1397.9999999998454,SLT,provisional_assumed_short_to_long,0
9.79,205.00000000030411,402.00000000003803,150.00000000019008,214.99999999998099,384.00000000009504,338.00000000011403,305.00000000017104,334.00000000013307,11.44000000000041,1339.9999999999477,SLT,provisional_assumed_short_to_long,0
9.80,199.00000000010871,394.00000000014495,145.00000000009061,214.00000000001813,377.50000000011778,331.50000000011778,301.00000000007248,318.50000000028086,11.550000000000185,1325.9999999999629,SLT,provisional_assumed_short_to_long,0
9.81,193.0000000001034,386.00000000013785,140.00000000008615,213.00000000001722,371.00000000011198,325.00000000011198,297.00000000006889,303.00000000026705,11.59000000000022,1317.9999999999559,SLT,provisional_assumed_short_to_long,0
9.82,191.00000000003268,378.00000000013074,138.00000000003268,211.00000000003268,369.00000000003268,319.00000000009805,295.00000000003268,298.00000000008174,11.630000000000832,1309.9999999999231,SLT,provisional_assumed_short_to_long,0
9.83,188.00000000004636,371.00000000010817,131.00000000010817,209.00000000003092,368.00000000001546,315.00000000006185,288.00000000010817,293.00000000007725,11.760000000000437,1297.9999999998324,SLT,provisional_assumed_short_to_long,0
9.84,185.50000000003641,366.00000000007282,129.50000000002186,207.50000000002186,367.50000000000728,308.5000000000947,285.00000000004371,285.00000000011653,11.820000000013891,1274.9999999979573,SLT,provisional_assumed_short_to_long,0
9.85,183.00000000003419,361.00000000006838,128.00000000002052,206.00000000002052,367.00000000000682,302.0000000000889,282.00000000004104,277.00000000010942,13.520000000000271,1025.0000000000182,SLT,provisional_assumed_short_to_long,0
9.86,173.0000000001279,356.00000000006395,125.00000000003837,204.00000000002558,366.00000000001279,294.00000000010232,280.00000000002558,269.00000000010232,13.55000000000005,1026.99999999999,SLT,provisional_assumed_short_to_long,0
9.87,159.00000000016414,350.00000000007037,116.00000000010552,202.00000000002345,364.00000000002342,287.00000000008208,276.0000000000469,255.00000000016414,13.555000000000057,1025.9999999999891,SLT,provisional_assumed_short_to_long,0
9.88,150.00000000009751,338.00000000013006,108.00000000008669,198.00000000004334,363.00000000001086,270.00000000018423,269.00000000007583,243.00000000013003,13.560000000000596,1025,SLT,provisional_assumed_short_to_long,0
9.89,135.00000000014921,319.000000000189,83.00000000024869,195.00000000002984,358.00000000004974,257.00000000012932,257.00000000011937,223.00000000019895,13.610000000000255,1024.9999999999231,SLT,provisional_assumed_short_to_long,0
9.90,112.00000000020836,314.0000000000453,71.000000000108713,189.00000000005434,353.0000000000453,241.00000000014495,236.00000000019025,206.00000000015402,13.630000000000411,1018.9999999999453,SLT,provisional_assumed_short_to_long,0
9.91,97.000000000122569,301.00000000010624,71.999999999991829,186.0000000000245,344.00000000007356,221.00000000016342,227.00000000007356,191.00000000012255,13.660000000000291,1014.9999999999126,SLT,provisional_assumed_short_to_long,0
9.92,88.00000000006554,292.00000000006554,70.000000000014566,185.00000000000728,333.00000000008009,197.00000000017479,216.00000000008012,173.00000000013108,13.680000000000463,1008.9999999999072,SLT,provisional_assumed_short_to_long,0
9.93,82.000000000038369,278.00000000008953,69.000000000006395,178.00000000004476,322.00000000007037,188.00000000005755,206.00000000006395,159.00000000008953,13.710000000007845,1003.0000000007518,SLT,provisional_assumed_short_to_long,0
9.94,80.000000000011013,269.00000000004957,70.999999999988987,176.00000000001103,316.00000000003303,173.00000000008259,199.00000000003854,139.00000000011013,14.19,1048.9999999999741,SLT,provisional_assumed_short_to_long,0
9.95,75.000000000022197,260.00000000003996,65.000000000026645,175.00000000000443,309.00000000003109,165.00000000003553,191.00000000003553,131.00000000003553,14.19,1047.4999999999725,SLT,provisional_assumed_short_to_long,0
9.96,71.000000000014211,250.00000000003553,73.999999999968026,171.00000000001421,301.00000000002842,149.00000000005684,187.00000000001421,128.00000000001066,14.190000000001342,1046.0000000001151,SLT,provisional_assumed_short_to_long,0
9.97,70.000000000002672,240.00000000002666,77.999999999989342,171.99999999999733,294.00000000001864,143.00000000001597,185.00000000000534,124.00000000001066,14.259999999999813,1051.9999999999841,SLT,provisional_assumed_short_to_long,0
9.98,68.000000000003553,230.00000000001776,78.999999999998224,172.99999999999824,290.00000000000711,141.00000000000355,185,122.00000000000355,14.269999999999982,1048.000000000007,SLT,provisional_assumed_short_to_long,0
9.99,68.999999999999119,219.00000000000978,85.999999999993776,170.00000000000267,287.00000000000267,139.00000000000176,183.00000000000176,120.00000000000178,14.299999999999974,1047.0000000000009,SLT,provisional_assumed_short_to_long,0
10.00,68,213,101,170,284,138,182,122,14.300000000000001,1041,SLT,provisional_assumed_short_to_long,0
10.01,72.000000000005329,199.99999999999022,109.00000000001421,170.00000000000267,282.99999999999909,136.99999999999912,182.00000000000355,126.00000000000355,14.310000000000009,1041.5000000000005,SLT,provisional_assumed_short_to_long,0
10.02,77.999999999874234,189.00000000023056,124.99999999966462,172.99999999993713,282.00000000002098,136.00000000002098,185.99999999991616,129.99999999991616,14.320000000000036,1042,SLT,provisional_assumed_short_to_long,0
10.03,80.999999999939774,179.00000000020071,134.99999999979929,175.99999999993977,282.99999999997993,136,190.99999999989964,137.99999999983942,14.339999999999947,1041.9999999999866,SLT,provisional_assumed_short_to_long,0
10.04,87.999999999866958,175.00000000007603,140.99999999988597,177.99999999996197,284.99999999996197,136.99999999998099,198.99999999984794,139.99999999996197,14.319999999999963,1036.9999999999925,SLT,provisional_assumed_short_to_long,0
10.05,90.999999999945643,175.99999999998187,149.99999999983692,178,285,137,199,161.99999999960139,14.31,1035.0000000000416,SLT,provisional_assumed_short_to_long,0
10.06,96.999999999896616,176,156.99999999987938,180.9999999999483,285.99999999998278,137.99999999998278,207.99999999984493,171.99999999982771,14.31,1043.9999999999891,SLT,provisional_assumed_short_to_long,0
10.07,102.99999999990195,175.00000000001634,166.99999999983658,181,287.99999999996732,139.99999999996732,212.99999999991829,184.99999999978755,14.309999999999809,1041.9999999999809,SLT,provisional_assumed_short_to_long,0
10.08,112.99999999984546,174.00000000001546,179.99999999979909,181.99999999998454,289.99999999996908,140,216.99999999993818,188.99999999993818,14.280000000000582,1039.0000000001676,SLT,provisional_assumed_short_to_long,0
10.09,125.99999999981064,171.00000000004371,186.99999999989802,182.99999999998545,293.99999999994174,142.99999999995629,224.99999999988347,196.99999999988347,14.360000000000653,1062.000000000188,SLT,provisional_assumed_short_to_long,0
10.10,139.99999999980849,167.00000000005471,197.99999999984954,183.99999999998633,297.99999999994532,144.99999999997266,226.99999999997266,202.99999999991792,14.439999999999547,1084.9999999999638,SLT,provisional_assumed_short_to_long,0
10.11,147.99999999989768,164.00000000003837,205.99999999989768,185.99999999997442,298.99999999998721,146.99999999997442,230.99999999994884,209.99999999991047,14.390000000000299,1081.0000000000298,SLT,provisional_assumed_short_to_long,0
10.12,155.99999999990621,161.00000000003519,208.99999999996481,185.00000000001171,300.99999999997658,149.99999999996481,231,221.99999999985931,14.42,1084.000000000033,SLT,provisional_assumed_short_to_long,0
10.13,162.99999999992414,159.00000000002166,212.99999999995666,185,303.99999999996749,155.99999999993497,232.99999999997834,225.99999999995666,14.420000000000119,1087.0000000000832,SLT,provisional_assumed_short_to_long,0
10.14,166.99999999996021,157.0000000000199,219.99999999993037,185.99999999999005,307.99999999996021,163.99999999992042,240.99999999992042,231.99999999994031,14.43,1094.0000000000639,SLT,provisional_assumed_short_to_long,0
10.15,172.99999999994566,153.00000000003624,224.9999999999547,186,313.99999999994566,168.9999999999547,245.9999999999547,237.99999999994566,14.429999999999657,1099.0000000000136,SLT,provisional_assumed_short_to_long,0
10.16,174.99999999998366,148.00000000004087,232.99999999993463,187.99999999998366,317.99999999996732,176.99999999993463,250.99999999995913,242.99999999995913,14.404999999999635,1100.0000000000146,SLT,provisional_assumed_short_to_long,0
10.17,175,145.00000000002186,234.99999999998545,189.99999999998545,321.9999999999709,179.99999999997814,252.99999999998545,243.99999999999272,14.379999999999228,1100.9999999999072,SLT,provisional_assumed_short_to_long,0
10.18,173.00000000001279,133.00000000007674,236.99999999998721,187.00000000001918,322.99999999999363,182.99999999998082,246.00000000004476,243.00000000000639,14.329999999997876,1094.9999999998038,SLT,provisional_assumed_short_to_long,0
10.19,162.00000000006057,117.00000000008811,227.00000000005508,181.00000000003303,320.00000000001654,173.00000000005508,242.00000000002203,236.00000000003854,14.199999999998449,1082.9999999996553,SLT,provisional_assumed_short_to_long,0
10.20,144.00000000007992,87.000000000133227,215.00000000005329,166.00000000006662,315.00000000002223,165.00000000003553,230.00000000005329,222.00000000006219,14.109999999988107,1062.9999999984082,SLT,provisional_assumed_short_to_long,0
10.21,122.00000000007816,66.000000000074607,207.00000000002842,137.00000000010303,307.00000000002842,156.00000000003197,224.00000000002132,212.00000000003553,13.459999999997699,975.99999999939564,SLT,provisional_assumed_short_to_long,0
10.22,111.0000000000293,57.000000000023981,201.00000000001597,132.00000000001333,298.00000000002399,157.99999999999466,214.00000000002666,208.00000000001066,13.339999999998955,944.49999999972579,SLT,provisional_assumed_short_to_long,0
10.23,116.99999999998934,57.999999999998224,189.00000000002132,132,295.00000000000534,160.99999999999466,199.00000000002666,208.99999999999824,13.220000000000214,913.00000000005593,SLT,provisional_assumed_short_to_long,0
10.24,122.99999999999467,61.999999999996447,188.00000000000088,122.00000000000888,296.99999999999824,160.00000000000088,181.00000000001597,202.00000000000622,13.170000000000044,900.0000000000116,SLT,provisional_assumed_short_to_long,0
10.25,113,61,183,108,298,151,164,175,13.17,889,SLT,provisional_assumed_short_to_long,0
10.26,101.99999999999201,53.999999999987566,170.99999999998934,82.999999999973355,282.99999999997601,139.99999999999022,154.99999999998934,129.99999999997601,13.109999999999449,870.99999999994316,SLT,provisional_assumed_short_to_long,0
10.27,93.000000000188649,40.000000000293454,159.00000000025153,53.00000000062883,256.00000000056593,129.00000000023056,143.00000000025153,103.00000000056595,12.490000000000054,806.99999999998397,SLT,provisional_assumed_short_to_long,0
10.28,90.000000000060226,39.000000000020073,134.00000000050181,53,239.00000000034123,120.00000000018065,132.00000000022081,95.000000000160583,12.520000000000186,797.99999999999739,SLT,provisional_assumed_short_to_long,0
10.29,80.00000000019007,39.999999999980993,119.0000000002851,53,235.00000000007603,108.00000000022808,116.00000000030411,86.00000000017107,12.590000000000224,797.00000000003354,SLT,provisional_assumed_short_to_long,0
10.30,80.999999999981881,40,86.000000000597922,53.999999999981881,236.99999999996376,106.00000000003624,109.00000000012683,82.000000000072475,12.650000000000277,806.00000000004161,SLT,provisional_assumed_short_to_long,0
10.31,86.999999999896616,39.000000000017231,73.000000000223991,52.000000000034461,237.99999999998278,101.00000000008615,108.00000000001722,85.999999999931077,12.710000000000221,815.00000000001648,SLT,provisional_assumed_short_to_long,0
10.32,85.000000000032685,39,55.000000000294165,52.999999999983658,238,100.00000000001634,107.00000000001634,86.999999999983658,12.75000000000032,818.00000000002558,SLT,provisional_assumed_short_to_long,0
10.33,82.000000000046356,39.999999999984546,51.000000000061817,52.000000000015454,237.00000000001546,98.000000000030909,105.00000000003091,88.999999999969091,12.799999999996214,822.00000000041518,SLT,provisional_assumed_short_to_long,0
10.34,79.000000000043698,40.999999999985434,49.000000000029132,51.000000000014566,235.00000000002913,98,100.00000000007283,89,12.280000000000408,878.99999999995919,SLT,provisional_assumed_short_to_long,0
10.35,75.000000000054712,41,49,50.000000000013678,232.00000000004104,98,103.99999999994529,89.999999999986329,12.330000000004349,873.99999999954707,SLT,provisional_assumed_short_to_long,0
10.36,76.99999999997442,41,49,49.00000000001279,231.00000000001279,97.00000000001279,104.99999999998721,92.999999999961631,12.81,823.999999999995,SLT,provisional_assumed_short_to_long,0
10.37,76.000000000011724,41.999999999988276,49,49,226.00000000005861,97,118.99999999983586,93,12.81,823.49999999999454,SLT,provisional_assumed_short_to_long,0
10.38,73.000000000032514,42,48.000000000010836,48.000000000010836,226.99999999998917,97,120.99999999997833,91.000000000021672,12.81000000000012,823,SLT,provisional_assumed_short_to_long,0
10.39,67.000000000059686,42,42.000000000059686,48,226.00000000000995,97,124.99999999996021,93.999999999970157,12.82,822.99999999998715,SLT,provisional_assumed_short_to_long,0
10.40,61.000000000054357,46.999999999954703,43.999999999981881,46.000000000018119,225.00000000000907,97,130.99999999994566,94,12.82,822,SLT,provisional_assumed_short_to_long,0
10.41,55.000000000049027,65.999999999844746,43.000000000008171,47.999999999983658,225,97.999999999991829,124.0000000000572,88.000000000049027,12.820000000000146,821.99999999998545,SLT,provisional_assumed_short_to_long,0
10.42,40.000000000109246,70.999999999963592,43,48,225,98,120.00000000002913,80.000000000058265,12.83,820.99999999998454,SLT,provisional_assumed_short_to_long,0
10.43,36.00000000002558,75.999999999968026,42.000000000006395,47.000000000006395,225,98,108.00000000007674,54.000000000166267,12.83,819.99999999993463,SLT,provisional_assumed_short_to_long,0
10.44,32.000000000022027,76.999999999994486,40.000000000011013,47.999999999994493,225,98,109.99999999998899,50.000000000022027,12.829999999999913,815.99999999998272,SLT,provisional_assumed_short_to_long,0
10.45,23.000000000039968,78.999999999991118,40,48.999999999995559,225.99999999999557,96.000000000008882,102.00000000003553,50,12.824999999999909,814.9999999999817,SLT,provisional_assumed_short_to_long,0
10.46,3.0000000000710543,81.999999999989342,40.999999999996447,48.000000000003553,225.00000000000355,95.000000000003553,98.000000000014211,48.000000000007105,12.819999999999617,813.99999999988495,SLT,provisional_assumed_short_to_long,0
10.47,9.9999999999813483,82.999999999997328,40.000000000002665,48.999999999997335,225,94.000000000002672,96.000000000005329,47.000000000002665,12.800000000000054,808.00000000001603,SLT,provisional_assumed_short_to_long,0
10.48,11.999999999996447,85.999999999994671,38.000000000003553,49,224.00000000000176,90.000000000007105,90.000000000010658,46.000000000001776,12.819999999999965,808.99999999999818,SLT,provisional_assumed_short_to_long,0
10.49,5.0000000000062172,86.999999999999119,37.000000000000888,48.000000000000888,223.00000000000088,89.000000000000881,86.000000000003553,46.999999999999112,12.82,809.99999999999909,SLT,provisional_assumed_short_to_long,0
10.50,0,90,39,49,223,89,84,46,12.82,809,SLT,provisional_assumed_short_to_long,0
10.51,0,90.000000000002657,37,49,222,86.999999999991118,82.999999999997343,47,12.825000000000005,809.50000000000045,SLT,provisional_assumed_short_to_long,0
10.52,0,92.999999999937117,37,49,222,77.00000000020961,80.000000000062883,47,12.830000000000036,810.00000000000352,SLT,provisional_assumed_short_to_long,0
10.53,0,93,38.999999999959854,49,222,77,79.000000000020066,47,12.849999999999973,812.00000000000534,SLT,provisional_assumed_short_to_long,0
10.54,0,92.000000000019014,39,49,222,76.000000000019014,75.000000000076028,47,12.840000000000074,814,SLT,provisional_assumed_short_to_long,0
10.55,0,92.999999999981881,37.000000000036238,49,221.00000000001813,76.999999999981881,74.000000000018119,47.999999999981881,12.860000000000046,814,SLT,provisional_assumed_short_to_long,0
10.56,0,93.999999999982776,37,49,219.00000000003445,77,73.000000000017224,48,12.869999999999999,814,SLT,provisional_assumed_short_to_long,0
10.57,0,93.000000000016342,37.999999999983658,49,219.99999999998366,77,73,47.000000000016342,12.869999999999999,814,SLT,provisional_assumed_short_to_long,0
10.58,0,94.999999999969091,37.000000000015454,49,218.00000000003092,78.999999999969091,73,47,12.870000000000109,814,SLT,provisional_assumed_short_to_long,0
10.59,0,95,36.000000000014566,48.000000000014566,215.00000000004371,79.999999999985434,74.999999999970868,47,12.885000000000122,814,SLT,provisional_assumed_short_to_long,0
10.60,0,95,37.999999999972644,47.000000000013678,215,79.000000000013671,75.999999999986329,47,12.89999999999991,814,SLT,provisional_assumed_short_to_long,0
10.61,0,95.99999999998721,36.00000000002558,47,213.00000000002558,79,76,47,12.8900000000001,814,SLT,provisional_assumed_short_to_long,0
10.62,0,96,37.999999999976552,47,211.00000000002345,79,76,47,12.9,814.00000000001103,SLT,provisional_assumed_short_to_long,0
10.63,0,96.999999999989171,36.000000000021672,47,209.00000000002166,79,77.999999999978328,47,12.9,815,SLT,provisional_assumed_short_to_long,0
10.64,0,99.999999999970157,36.999999999990052,47,207.0000000000199,79.999999999990052,78,47.999999999990052,12.900000000000128,815,SLT,provisional_assumed_short_to_long,0
10.65,0,101.99999999998188,37,47,206.00000000000907,81.999999999981881,80.999999999972829,48,12.91,815,SLT,provisional_assumed_short_to_long,0
10.66,0,102.99999999999183,37.999999999991829,47,205.00000000000819,82,81.999999999991829,48,12.91,815,SLT,provisional_assumed_short_to_long,0
10.67,0,103.99999999999272,38.999999999992717,46.000000000007283,201.00000000002913,82.999999999992724,86.999999999963592,48,12.91,815.00000000001546,SLT,provisional_assumed_short_to_long,0
10.68,0,106.99999999998082,39,46.999999999993605,198.00000000001918,90.999999999948841,93.999999999955236,48,12.910000000000164,816.00000000001637,SSLW,provisional_assumed_short_to_long,0
10.69,0,111.99999999997246,37.000000000011013,47,197.00000000000551,93.999999999983487,104.99999999993943,48.999999999994493,12.920000000000345,817.00000000003445,SSLW,provisional_assumed_short_to_long,0
10.70,0,113.99999999999112,37.999999999995559,47,190.00000000003109,98.999999999977803,127.99999999989785,51.999999999986677,12.939999999999817,818.9999999999817,SSLW,provisional_assumed_short_to_long,0
10.71,0,116.99999999998934,43.999999999978684,47,189.00000000000355,107.99999999996803,146.9999999999325,72.999999999925393,12.930000000000383,818,SSLW,provisional_assumed_short_to_long,0
10.72,0,123.99999999998136,43.000000000002665,47,188.00000000000267,118.9999999999707,151.99999999998667,82.999999999973355,12.949999999999946,818,SSLW,provisional_assumed_short_to_long,0
10.73,0,131.99999999998579,44.999999999996447,46.000000000001776,188,126.99999999998579,165.99999999997513,87.999999999991118,12.954999999999991,818.49999999999909,SSLW,provisional_assumed_short_to_long,0
10.74,0,132.99999999999912,44.000000000000888,46,188.99999999999912,135.99999999999201,168.99999999999733,100.99999999998846,12.959999999999997,818.99999999999955,SSLW,provisional_assumed_short_to_long,0
10.75,0,134,46,46,195,154,172,103,12.44,878,SSLW,provisional_assumed_short_to_long,0
10.76,1.1546319455849596e-11,141.00000000000799,46.999999999998224,46.000000000000888,202.00000000000622,169.00000000000443,170.99999999999645,111.00000000001154,12.419999999999973,878.00000000000534,SSLW,provisional_assumed_short_to_long,0
10.77,12.999999999727507,149.99999999981134,45.000000000041922,46.999999999979039,208.99999999985329,173.99999999989518,167.00000000008384,123.99999999972751,12.389999999998988,884.0000000001279,SSLW,provisional_assumed_short_to_long,0
10.78,13.999999999979927,164.9999999996989,47.999999999939782,47.999999999979927,215.99999999985948,174,184.9999999996387,139.99999999967883,11.819999999998721,956.00000000018122,SSLW,provisional_assumed_short_to_long,0
10.79,35.999999999581846,183.99999999963887,46.000000000038014,48,221.99999999988597,172.00000000003803,190.99999999988597,145.99999999988597,11.33999999999903,1024.0000000001828,SSLW,provisional_assumed_short_to_long,0
10.80,41.999999999891287,203.99999999963762,45.000000000018119,50.999999999945643,231.99999999981881,174.99999999994566,202.99999999978257,161.9999999997101,11.079999999997806,1073.0000000004295,SSLW,provisional_assumed_short_to_long,0
10.81,65.999999999586464,222.99999999967261,47.999999999948308,51.999999999982769,236.99999999991385,192.99999999968986,211.99999999984493,171.99999999982771,10.604999999997386,1166.000000000512,SSLW,provisional_assumed_short_to_long,0
10.82,83.999999999705835,233.99999999982023,70.999999999624123,85.999999999444356,263.99999999955878,211.99999999968949,232.99999999965681,180.99999999985292,10.129999999993734,1259.000000001605,SSLW,provisional_assumed_short_to_long,0
10.83,115.99999999950546,245.99999999981455,103.99999999949,99.99999999978364,285.99999999966002,226.99999999976819,241.9999999998609,196.99999999975273,9.149999999996286,1510.0000000013329,SSLW,provisional_assumed_short_to_long,0
10.84,137.99999999967955,267.99999999967952,135.99999999953388,134.99999999949017,320.99999999949017,245.99999999972323,245.99999999994174,230.99999999950475,8.6399999999988566,1693.00000000143,SSLW,provisional_assumed_short_to_long,0
10.85,162.99999999965806,309.99999999942554,171.99999999950759,149.99999999979482,351.999999999576,268.99999999968543,272.99999999963069,277.99999999935716,8.5,1868.0000000004711,SSLW,provisional_assumed_short_to_long,0
10.86,174.99999999984652,330.99999999973141,180.99999999988489,162.99999999983373,364.99999999983373,288.9999999997442,286.99999999982094,293.99999999979536,8.5000000000002984,1920.0000000000746,SSLW,provisional_assumed_short_to_long,0
10.87,179.99999999994139,347.99999999980071,164.00000000019929,163.99999999998829,365.99999999998829,299.99999999987102,304.999999999789,309.99999999981242,8.5300000000003315,1927.5000000000825,SSLW,provisional_assumed_short_to_long,0
10.88,181.99999999997834,345.00000000003251,149.00000000016254,164,366,302.99999999996749,298.00000000007583,313.99999999995669,8.5600000000021428,1935.0000000006785,SSLW,provisional_assumed_short_to_long,0
10.89,178.00000000003979,336.00000000008953,127.00000000021885,160.00000000003979,365.00000000000995,298.00000000004974,293.00000000004974,298.00000000015916,8.7400000000011513,1992.0000000001792,SSLW,provisional_assumed_short_to_long,0
10.90,171.00000000006341,333.00000000002717,90.000000000335206,152.00000000007248,362.00000000002717,295.00000000002717,282.00000000009965,283.00000000013591,8.8300000000012311,2005.9999999997538,SSLW,provisional_assumed_short_to_long,0
10.91,159.00000000009805,332.00000000000819,68.000000000179767,149.0000000000245,359.0000000000245,293.00000000001637,272.00000000008174,275.00000000006537,8.9200000000014565,1987.9999999997669,SSLW,provisional_assumed_short_to_long,0
10.92,158.00000000000728,333.99999999998545,66.000000000014566,152.99999999997087,360.99999999998545,292.00000000000728,268.0000000000291,276.99999999998545,9.0200000000018541,1971.9999999994282,SSLW,provisional_assumed_short_to_long,0
10.93,159.99999999998721,335.99999999998721,66.999999999993605,158.99999999996163,362.99999999998721,296.99999999996805,256.00000000007674,276.00000000000637,9.1400000000021251,1934.9999999991828,SSLW,provisional_assumed_short_to_long,0
10.94,165.99999999996697,338.99999999998346,69.999999999983487,165.99999999996146,363.99999999999449,299.99999999998346,259.99999999997794,277.99999999998897,9.2700000000009481,1884.9999999996382,SSLW,provisional_assumed_short_to_long,0
10.95,171.99999999997334,339.99999999999557,83.999999999937828,169.99999999998224,365.99999999999113,302.9999999999867,272.99999999994225,287.99999999995561,9.3250000000010065,1863.9999999996157,SSLW,provisional_assumed_short_to_long,0
10.96,172.99999999999645,341.99999999999289,100.9999999999396,170.99999999999645,366.99999999999648,305.99999999998931,274.99999999999289,287.00000000000352,9.3800000000013437,1842.999999999156,SSLW,provisional_assumed_short_to_long,0
10.97,171.00000000000534,342.99999999999733,109.99999999997601,173.99999999999201,367,306,269.00000000001597,287,9.4499999999998128,1799.0000000001173,SSLW,provisional_assumed_short_to_long,0
10.98,162.00000000001597,339.00000000000711,99.00000000001954,174,367,304.00000000000352,265.00000000000711,279.00000000001421,9.5199999999998752,1758.0000000000728,SSLW,provisional_assumed_short_to_long,0
10.99,155.00000000000622,329.00000000000887,88.000000000009777,177.99999999999645,366.00000000000091,301.00000000000267,260.00000000000443,269.00000000000887,9.5699999999999559,1720.0000000000337,SSLW,provisional_assumed_short_to_long,0
11.00,146,327,81,179,363,292,254,256,9.8100000000000005,1640,SSLW,provisional_assumed_short_to_long,0
11.01,142.99999999999557,322.99999999999824,75.999999999998224,177.99999999999824,360.99999999999909,286.9999999999938,249.99999999999912,247.99999999999733,9.8700000000000134,1603.9999999999668,SSLW,provisional_assumed_short_to_long,0
11.02,138.00000000010482,321.00000000004195,74.000000000041922,176.00000000004192,360.00000000002098,280.00000000014671,249.00000000002098,245.00000000006287,9.8850000000000264,1566.4999999999334,SSLW,provisional_assumed_short_to_long,0
11.03,130.00000000016058,312.00000000018065,74,174.00000000004013,359.00000000002007,258.00000000044162,255.99999999985948,242.00000000006023,9.9000000000007464,1528.9999999998188,SSLW,provisional_assumed_short_to_long,0
11.04,121.00000000017107,308.00000000007606,72.000000000038014,172.00000000003803,358.00000000001899,250.00000000015206,254.00000000003803,238.00000000007603,10.180000000000074,1460.9999999999441,SSLW,provisional_assumed_short_to_long,0
11.05,111.00000000018119,306.00000000003627,72.999999999981881,170.00000000003624,357.00000000001813,244.00000000010871,250.00000000007248,237.00000000001813,10.200000000000092,1445.9999999999584,SSLW,provisional_assumed_short_to_long,0
11.06,104.00000000012062,301.00000000008617,65.000000000137845,167.0000000000517,355.00000000003445,241.0000000000517,242.00000000013785,230.00000000012062,10.219999999999615,1436.9999999996805,SSLW,provisional_assumed_short_to_long,0
11.07,99.000000000081712,298.000000000049,65,168.99999999996732,352.000000000049,236.00000000008171,240.00000000003268,225.00000000008171,10.149999999999809,1378.9999999999809,SSLW,provisional_assumed_short_to_long,0
11.08,95.000000000061817,293.00000000007725,65,167.00000000003092,349.00000000004638,232.00000000006182,234.00000000009271,223.00000000003092,10.120000000000109,1375.9999999999745,SSLW,provisional_assumed_short_to_long,0
11.09,91.000000000058265,289.00000000005826,64.000000000014566,166.00000000001455,345.00000000005826,226.0000000000874,229.00000000007282,217.0000000000874,10.135000000000122,1372.4999999999714,SSLW,provisional_assumed_short_to_long,0
11.10,91,285.00000000005468,72.999999999876906,165.00000000001367,341.00000000005468,215.00000000015046,227.00000000002734,204.00000000017781,10.15,1368.9999999999275,SSLW,provisional_assumed_short_to_long,0
11.11,93.999999999961631,283.00000000002558,69.000000000051159,166.99999999997442,338.00000000003837,205.0000000001279,208.00000000024301,191.00000000016627,10.150000000000299,1360.9999999999304,SSLW,provisional_assumed_short_to_long,0
11.12,95.999999999976552,277.00000000007037,72.999999999953104,168.99999999997655,331.00000000008208,197.00000000009379,208,174.00000000019929,10.180000000005396,1354.0000000004845,SSLW,provisional_assumed_short_to_long,0
11.13,96.999999999989171,272.00000000005417,73.999999999989171,167.00000000002166,325.00000000006503,189.00000000008669,204.00000000004334,167.00000000007586,10.670000000001428,1397.9999999998333,SSLW,provisional_assumed_short_to_long,0
11.14,101.99999999995026,268.00000000003979,72.000000000019895,167.99999999999005,321.00000000003979,185.00000000003979,201.00000000002984,164.00000000002984,10.790000000000639,1383.9999999999231,SSLW,provisional_assumed_short_to_long,0
11.15,106.9999999999547,263.0000000000453,79.999999999927525,168,319.00000000001813,179.00000000005434,197.00000000003624,158.00000000005434,10.840000000000547,1377.9999999999864,SSLW,provisional_assumed_short_to_long,0
11.16,109.99999999997549,258.00000000004087,81.999999999983658,168,317.00000000001637,178.00000000000819,191.00000000004903,150.00000000006537,10.880000000000582,1376.9999999999854,SSLW,provisional_assumed_short_to_long,0
11.17,113.99999999997087,250.00000000005826,82.999999999992724,168.99999999999272,315.00000000001455,175.00000000002186,191.99999999999272,146.00000000002913,10.920000000004945,1375.9999999999536,SSLW,provisional_assumed_short_to_long,0
11.18,116.99999999998082,242.00000000005116,90.999999999948841,168.00000000000639,309.00000000003837,170.00000000003197,192,146,11.240000000000654,1372.9999999992808,SSLW,provisional_assumed_short_to_long,0
11.19,114.00000000001651,238.00000000002203,91,168.99999999999449,304.00000000002751,157.00000000007159,192.99999999999449,145.00000000000551,11.280000000001206,1329.0000000006892,SSLW,provisional_assumed_short_to_long,0
11.20,110.00000000001776,231.00000000003109,91,167.00000000000887,300.00000000001774,150.00000000003109,193,145.99999999999557,11.35,1368.9999999990487,SSLW,provisional_assumed_short_to_long,0
11.21,106.00000000001421,222.00000000003197,91,166.00000000000355,292.00000000002842,144.00000000002132,192.00000000000355,146,11.350000000001918,1317.000000000096,SSLW,provisional_assumed_short_to_long,0
11.22,98.000000000021316,217.00000000001333,89.000000000005329,166,290.00000000000534,140.00000000001066,192.99999999999733,146,11.449999999999733,1321.9999999999866,SSLW,provisional_assumed_short_to_long,0
11.23,95.000000000005329,212.00000000000887,99.99999999998046,165.00000000000176,288.00000000000352,139.00000000000176,192.00000000000176,146,11.484999999999937,1322.4999999999991,SSLW,provisional_assumed_short_to_long,0
11.24,93.000000000001776,205.00000000000622,115.99999999998579,164.00000000000088,286.00000000000176,137.00000000000176,192.99999999999912,146,11.519999999999968,1322.9999999999995,SSLW,provisional_assumed_short_to_long,0
11.25,102,195,126,167,285,135,196,145,11.6,1325,SSLW,provisional_assumed_short_to_long,0
11.26,104.00000000000355,181.99999999999557,128.00000000001333,167.00000000000176,285,134.00000000000088,201.00000000000267,145.99999999999912,11.710000000000676,1321.9999999998915,SSLW,provisional_assumed_short_to_long,0
11.27,107.99999999991616,177.00000000010482,142.9999999996856,168.99999999995808,285,134.99999999997902,203.99999999993713,145.00000000002098,12.470000000001866,1199.9999999997442,SSLW,provisional_assumed_short_to_long,0
11.28,116.99999999981935,171.00000000012045,146.99999999991971,170.99999999995987,285,135,205.99999999995987,146.99999999995987,13.52,1056.0000000000159,SSLW,provisional_assumed_short_to_long,0
11.29,116.00000000001901,167.00000000007603,149.99999999994299,170.50000000000949,284.50000000000949,134.50000000000949,206,151.49999999991448,13.520000000000111,1062.0000000000223,SSLW,provisional_assumed_short_to_long,0
11.30,115.00000000001812,163.00000000007248,152.99999999994566,170.00000000000907,284.00000000000904,134.00000000000907,206,155.99999999991846,13.549999999999978,1068,SSLW,provisional_assumed_short_to_long,0
11.31,122.99999999986215,159.00000000006892,158.9999999998966,168.00000000003445,284.99999999998278,132.00000000003445,206,160.99999999991385,13.544999999999973,1068,SSLW,provisional_assumed_short_to_long,0
11.32,121.00000000003268,155.00000000006537,160.99999999996732,168.99999999998366,285,132,206.99999999998366,164.99999999993463,13.540000000000063,1068.0000000000321,SSLW,provisional_assumed_short_to_long,0
11.33,128.99999999987637,151.00000000006182,162.99999999996908,168.00000000001546,285.99999999998454,132.99999999998454,211.99999999992272,176.99999999981455,13.550000000000292,1073.0000000000146,SSLW,provisional_assumed_short_to_long,0
11.34,133.99999999992718,148.00000000004371,162.00000000001455,168,286,133,211.00000000001455,180.99999999994174,13.590000000000327,1075.0000000000246,SSLW,provisional_assumed_short_to_long,0
11.35,139.99999999991792,144.00000000005471,167.99999999991792,168,286,132.00000000001367,205.00000000008208,184.99999999994529,13.630000000000635,1078.0000000000273,SSLW,provisional_assumed_short_to_long,0
11.36,143.99999999994884,136.00000000010232,174.99999999991047,166.00000000002558,285.00000000001279,132.99999999998721,205.99999999998721,188.99999999994884,13.700000000000248,1081.0000000000248,SSLW,provisional_assumed_short_to_long,0
11.37,144.99999999998829,127.00000000010552,175.99999999998829,166,285,132.00000000001171,207.99999999997655,191.99999999996481,13.725000000000275,1083.5000000000275,SSLW,provisional_assumed_short_to_long,0
11.38,145,121.00000000006501,176,166,284.00000000001086,131.00000000001083,207.00000000001083,193.99999999997834,13.750000000000238,1086,SSLW,provisional_assumed_short_to_long,0
11.39,145,113.00000000007958,170.00000000005969,164.0000000000199,281.00000000002984,128.00000000002984,206.00000000000995,195.9999999999801,13.769999999999872,1085.999999999872,SSLW,provisional_assumed_short_to_long,0
11.40,145,107.00000000005436,170,161.00000000002717,279.00000000001813,121.00000000006341,197.00000000008154,199.99999999996376,13.76000000000082,1075.9999999999591,SSLW,provisional_assumed_short_to_long,0
11.41,145,102.00000000004086,167.0000000000245,157.00000000003268,274.00000000004087,104.00000000013891,190.00000000005718,200,13.820000000000292,1072.9999999998106,SSLW,provisional_assumed_short_to_long,0
11.42,140.00000000003641,91.000000000080121,169.99999999997814,142.00000000010925,271.00000000002183,96.000000000058265,188.00000000001455,200.99999999999272,13.84,1059.9999999997065,SSLW,provisional_assumed_short_to_long,0
11.43,128.00000000007674,68.000000000147082,166.00000000002558,135.00000000004476,253.00000000011511,94.00000000001279,185.00000000001918,197.00000000002558,13.84,1040.999999999575,SSLW,provisional_assumed_short_to_long,0
11.44,116.00000000006608,62.00000000003304,163.00000000001651,126.00000000004957,249.00000000002203,94,181.00000000002203,194.00000000001651,13.839999999999655,1014.9999999998621,SSLW,provisional_assumed_short_to_long,0
11.45,108.00000000003553,56.000000000026645,147.00000000007105,105.00000000009325,245.00000000001776,94,171.00000000004439,173.00000000009325,13.819999999999634,1006.9999999998536,SSLW,provisional_assumed_short_to_long,0
11.46,85.000000000081712,48.000000000028422,127.00000000007105,55.000000000177636,238.00000000002487,93.000000000003553,156.00000000005329,134.00000000013856,13.799999999997699,998.99999999950126,SSLW,provisional_assumed_short_to_long,0
11.47,65.000000000053291,41.000000000018652,90.000000000098595,53.000000000005329,228.00000000002666,90.000000000007987,134.00000000005861,106.00000000007461,13.680000000000319,973.00000000006924,SSLW,provisional_assumed_short_to_long,0
11.48,36.000000000051514,40.000000000001776,73.000000000030198,53,216.00000000002132,82.000000000014211,108.00000000004619,84.00000000003908,13.550000000000232,943.00000000005332,SSLW,provisional_assumed_short_to_long,0
11.49,3.1974423109204508e-11,39.000000000000888,52.000000000018652,53,212.00000000000355,78.000000000003553,91.000000000015092,62.00000000001954,13.370000000000159,896.00000000004172,SSLW,provisional_assumed_short_to_long,0
11.50,1,39,49,52,206,77,86,51,13.220000000000001,846,SSLW,provisional_assumed_short_to_long,0
11.51,2,37,49.999999999998224,51.999999999999112,204.00000000000176,77.000000000000881,84.000000000007105,47.999999999998224,12.85999999999968,809.99999999996805,SSLW,provisional_assumed_short_to_long,0
11.52,2,37,48.000000000041922,51.000000000020961,205.99999999995808,77.999999999979039,91.999999999832312,46.000000000041922,12.50000000000032,774.00000000004979,SSLW,provisional_assumed_short_to_long,0
11.53,2,36.000000000020073,49.999999999959854,51.999999999979927,206.99999999997993,78.999999999979934,98.999999999859483,46,12.680000000000213,802.00000000004263,SSLW,provisional_assumed_short_to_long,0
11.54,2,36,49.000000000019007,52,207,79,120.99999999958185,46,12.760000000000224,818.00000000001489,SSLW,provisional_assumed_short_to_long,0
11.55,2,36.999999999981881,48.000000000018119,52,207.99999999998187,78.000000000018119,130.99999999981881,46,12.819999999996767,822.00000000044804,SSLW,provisional_assumed_short_to_long,0
11.56,2.9999999999827693,37,48,52,208,78,134.99999999993108,45.000000000017231,12.120000000001101,918.99999999985687,SSLW,provisional_assumed_short_to_long,0
11.57,3,37.999999999983658,47.000000000016342,52,208,77.000000000016342,126.00000000014708,46.999999999967315,12.320000000000256,892.99999999996805,SSLW,provisional_assumed_short_to_long,0
11.58,2.0000000000154543,38,47.999999999984546,52,208.99999999998454,77.999999999984539,112.00000000021636,47.999999999984546,12.359999999999927,888.00000000000728,SSLW,provisional_assumed_short_to_long,0
11.59,2,39.999999999970868,48,51.000000000014566,210.99999999997087,78,96.000000000233058,47.000000000014566,12.349999999999918,889.00000000000819,SSLW,provisional_assumed_short_to_long,0
11.60,2,40.999999999986322,48,50.000000000013678,212.99999999997266,78,92.000000000054712,47.999999999986322,12.34,889.99999999997283,SSLW,provisional_assumed_short_to_long,0
11.61,6.9999999999360512,41,43.000000000063949,49.00000000001279,213.99999999998721,78,88.000000000051159,47.00000000001279,12.339999999999801,887.0000000000199,SSLW,provisional_assumed_short_to_long,0
11.62,5.0000000000234479,41.999999999988276,42.000000000011724,49,214,83.999999999929656,88,47,12.32000000000011,889,SSLW,provisional_assumed_short_to_long,0
11.63,5.9999999999891642,42,42.999999999989164,49,214.99999999998917,87.999999999956657,88,46.000000000010836,12.329999999999048,889.0000000000714,SSLW,provisional_assumed_short_to_long,0
11.64,6.9999999999900524,47.999999999940314,41.000000000019895,49,215,89.999999999980105,89.999999999980105,46,12.249999999999105,895.00000000008959,SSLW,provisional_assumed_short_to_long,0
11.65,5.0000000000181188,60.999999999882228,42.999999999981881,47.000000000018119,214.00000000000907,91.999999999981881,91.999999999981881,46,12.179999999999863,902.00000000003422,SSLW,provisional_assumed_short_to_long,0
11.66,4.0000000000081712,72.999999999901945,41.000000000016342,47.999999999991829,214.99999999999181,92,93.999999999983658,46,12.169999999999854,904.50000000003638,SSLW,provisional_assumed_short_to_long,0
11.67,2.9132252166164108e-11,79.999999999949011,41,48,217.99999999997814,92,93.000000000007276,46,12.160000000000464,906.99999999996908,SSLW,provisional_assumed_short_to_long,0
11.68,0,88.999999999942446,41.999999999993605,48,218.99999999999361,92,92.000000000006395,46,12.190000000000326,904.999999999951,SSLW,provisional_assumed_short_to_long,0
11.69,0,92.999999999977973,42,48,219,90.000000000011013,88.000000000022027,46,12.21000000000069,901.99999999994827,SSLW,provisional_assumed_short_to_long,0
11.70,0,93,42,48,219.99999999999557,88.000000000008882,86.000000000008882,46.999999999995559,12.249999999999817,898.9999999999817,SSLW,provisional_assumed_short_to_long,0
11.71,0,93,42,48,220,85.000000000010658,83.000000000010658,47,12.24,898.00000000001921,SSLW,provisional_assumed_short_to_long,0
11.72,0,91.000000000005329,40.000000000005329,48,220.99999999999733,81.000000000010658,80.500000000006665,46.500000000001336,12.24,898.99999999999739,SSLW,provisional_assumed_short_to_long,0
11.73,0,89.000000000003553,38.000000000003553,48,221.99999999999824,77.000000000007105,78.000000000004434,46.000000000000888,12.205000000000062,903.49999999999204,SSLW,provisional_assumed_short_to_long,0
11.74,0,82.000000000006224,39.999999999998224,48,222,77,76.000000000001776,46,12.17000000000003,907.99999999999602,SSLW,provisional_assumed_short_to_long,0
11.75,0,82,38,47,222,77,75,47,12.19,904,SSLW,provisional_assumed_short_to_long,0
11.76,0,81.000000000010488,37.500000000005244,47,222,77.499999999994756,75,47,12.300000000000072,891.99999999999284,SSLW,provisional_assumed_short_to_long,0
11.77,0,80.000000000020961,37.000000000010481,47,222,77.999999999989512,75,47,12.380000000000125,883.9999999999751,SSLW,provisional_assumed_short_to_long,0
11.78,0,80,37,46.000000000020073,219.00000000006023,78.999999999979934,73.000000000040146,46.000000000020073,12.450000000001172,869.99999999986676,SSLW,provisional_assumed_short_to_long,0
11.79,0,86.999999999866958,37.999999999980993,46,213.00000000011403,82.999999999923972,73.999999999980986,46.999999999980993,12.889999999999963,820,SSLW,provisional_assumed_short_to_long,0
11.80,0,88.999999999963762,37.000000000018119,46,212.00000000001813,83,74,47,12.880000000000024,820,SSLW,provisional_assumed_short_to_long,0
11.81,0,89.999999999982776,38.999999999965539,46,209.0000000000517,83,74.999999999982776,47,12.885000000000028,820,SSLW,provisional_assumed_short_to_long,0
11.82,0,90.999999999983658,37.000000000032685,46,207.00000000003268,80.000000000049027,77.999999999950973,47,12.889999999996995,820.0000000003389,SSLW,provisional_assumed_short_to_long,0
11.83,0,93.999999999953644,38.999999999969091,45.000000000015454,206.00000000001546,80,78,46.000000000015454,12.419999999999927,873,SSLW,provisional_assumed_short_to_long,0
11.84,0,98.999999999927169,39,45,205.00000000001455,79.000000000014566,78.999999999985434,45.000000000014566,12.409999999999673,873.00000000002456,SSLW,provisional_assumed_short_to_long,0
11.85,0,101.99999999995896,38.000000000013678,45,203.00000000002734,76.000000000041041,79,46.999999999972644,12.369999999999818,876.00000000001808,SSLW,provisional_assumed_short_to_long,0
11.86,0,102.99999999998721,38,45,198.00000000006395,76,79.99999999998721,47,12.350000000000199,878.00000000007958,SSLW,provisional_assumed_short_to_long,0
11.87,0,105.99999999996483,39.999999999976552,44.000000000011724,194.0000000000469,75.000000000011724,79.000000000011724,47,12.369999999999779,886.00000000002751,SSLW,provisional_assumed_short_to_long,0
11.88,0,106,40,44,192.00000000002166,74.000000000010829,82.999999999956657,47,12.349999999999762,888.50000000002979,SSLW,provisional_assumed_short_to_long,0
11.89,0,107.9999999999801,41.999999999980105,43.000000000009948,184.00000000007958,74,83.999999999990052,47,12.33,891.00000000001285,SSLW,provisional_assumed_short_to_long,0
11.90,0,108,40.000000000018119,44.999999999981881,183.00000000000907,74,84,47,12.329999999999453,892.00000000005468,SSLW,provisional_assumed_short_to_long,0
11.91,0,108,41.999999999983658,45,182.00000000000819,74,83.000000000008171,47.999999999991829,12.289999999999999,896.0000000000291,SSLW,provisional_assumed_short_to_long,0
11.92,0,107.00000000000728,40.000000000014566,45,182.99999999999272,74.999999999992724,83.999999999992724,48,12.289999999999536,898.00000000006185,SSLW,provisional_assumed_short_to_long,0
11.93,0,107,40.999999999993605,43.00000000001279,190.99999999994884,75,85.99999999998721,48.999999999993605,12.259999999999836,902.000000000049,SSLW,provisional_assumed_short_to_long,0
11.94,0,108.99999999998899,41.999999999994493,43.999999999994493,195.99999999997246,75.999999999994486,86.999999999994486,49,12.249999999999483,905,SSLW,provisional_assumed_short_to_long,0
11.95,0,109.99999999999557,42,44.999999999995559,198.99999999998667,76.999999999995566,89.99999999998667,49.999999999995559,12.219999999997622,905.00000000032014,SSLW,provisional_assumed_short_to_long,0
11.96,0,111.99999999999289,42.999999999996447,45.999999999996447,200.99999999999289,77.999999999996447,96.999999999975131,50.999999999996447,12.089999999998984,922.50000000013677,SSLW,provisional_assumed_short_to_long,0
11.97,0,114.99999999999201,44.999999999994671,46.999999999997335,204.99999999998934,79.999999999994671,118.99999999994138,51.999999999997335,11.960000000000347,939.99999999995339,SSLW,provisional_assumed_short_to_long,0
11.98,0,124.99999999998224,43.000000000003553,47,205.99999999999824,83.999999999992895,136.99999999996803,67.999999999971578,11.520000000000781,1000.9999999998917,SSLW,provisional_assumed_short_to_long,0
11.99,0,135.99999999999022,44.999999999998224,47,212.99999999999378,84.999999999999119,150.99999999998755,79.999999999989342,11.410000000000098,1018.999999999984,SSLW,provisional_assumed_short_to_long,0
12.00,0,158,43,46,217,98,169,107,11.26,1043,SSLW,provisional_assumed_short_to_long,0
12.01,2.0000000000062172,189.00000000001864,45.999999999999112,48.000000000001776,222.00000000000711,131.00000000003018,183.00000000000531,125.00000000001509,11.039999999999893,1081.0000000000218,SSLW,provisional_assumed_short_to_long,0
12.02,8.9999999998532729,209.9999999995598,45.000000000020961,49.999999999958078,229.99999999983231,164.99999999928733,188.99999999987423,141.99999999964365,10.919999999999787,1105.5000000000434,SSLW,provisional_assumed_short_to_long,0
12.03,42.999999999323563,227.99999999964189,45,51.99999999996021,241.99999999976126,216.99999999896545,199.99999999978115,156.99999999970157,10.799999999997954,1130.0000000004547,SSLW,provisional_assumed_short_to_long,0
12.04,81.999999999258733,238.99999999979093,47.999999999942979,82.99999999941079,277.99999999931572,221.99999999990496,218.99999999963887,185.99999999944879,10.079999999999067,1290.0000000002835,SSLW,provisional_assumed_short_to_long,0
12.05,126.99999999918465,261.99999999958328,61.999999999746336,123.99999999925713,309.9999999994202,224.99999999994566,253.99999999936585,205.99999999963762,9.8299999999994458,1366.0000000002124,SSLW,provisional_assumed_short_to_long,0
12.06,139.99999999977601,278.99999999970709,82.999999999638163,149.99999999955202,333.99999999958646,241.99999999970709,268.99999999974153,234.99999999950032,9.7099999999994502,1412.0000000001928,SSLW,provisional_assumed_short_to_long,0
12.07,144.99999999991829,287.99999999985289,85.999999999950973,158.99999999985292,349.99999999973852,262.99999999965678,269.99999999998363,252.99999999970584,9.6099999999995518,1447.0000000001662,SSLW,provisional_assumed_short_to_long,0
12.08,152.99999999987637,300.99999999979912,77.000000000139096,159.99999999998454,355.99999999990729,275.99999999979912,274.99999999992275,259.99999999989183,9.5399999999998535,1473.00000000008,SSLW,provisional_assumed_short_to_long,0
12.09,156.99999999994174,308.99999999988347,72.000000000072831,157.00000000004371,357.9999999999709,286.99999999983976,281.99999999989802,264.99999999992718,9.5199999999998361,1484.0000000000898,SSLW,provisional_assumed_short_to_long,0
12.10,163.99999999990425,316.99999999989058,65.000000000095753,159.99999999995896,358.9999999999863,291.99999999993162,288.99999999990428,269.99999999993162,9.4999999999997282,1495.0000000002626,SSLW,provisional_assumed_short_to_long,0
12.11,168.99999999993605,321.99999999993605,70.999999999923261,160,360.99999999997442,299.99999999989768,296.99999999989768,270.99999999998721,9.4700000000002991,1524.0000000000796,SSLW,provisional_assumed_short_to_long,0
12.12,173.99999999994139,330.9999999998945,72.999999999976552,166.99999999991792,361.99999999998829,303.9999999999531,297.99999999998829,273.99999999996481,9.5000000000018723,1532.0000000011235,SSLW,provisional_assumed_short_to_long,0
12.13,176.99999999996749,335.99999999994583,78.999999999934985,167.99999999998917,362,307.99999999995669,292.00000000006503,274.99999999998914,9.670000000000476,1633.9999999999643,SSLW,provisional_assumed_short_to_long,0
12.14,176.00000000000995,339.99999999996021,79.999999999990052,172.99999999995026,362.99999999999005,308,287.00000000004974,274.00000000000995,9.7100000000043494,1630.9999999992069,SSLW,provisional_assumed_short_to_long,0
12.15,174.00000000001813,337.00000000002717,79.000000000009067,174.99999999998187,363.99999999999096,304.00000000003627,281.00000000005434,271.00000000002717,10.050000000000958,1568.9999999999179,SSLW,provisional_assumed_short_to_long,0
12.16,168.00000000004903,337,69.000000000081712,177.9999999999755,364,303.00000000000819,272.00000000007356,267.00000000003268,10.120000000000363,1562.9999999999563,SSLW,provisional_assumed_short_to_long,0
12.17,165.00000000002186,337.99999999999272,64.000000000036408,177.00000000000728,363.00000000000728,299.0000000000291,272.99999999999272,263.0000000000291,10.145000000000387,1559.9999999999536,SSLW,provisional_assumed_short_to_long,0
12.18,159.00000000003837,340.99999999998079,64,178.99999999998721,362.00000000000637,296.00000000001921,265.00000000005116,260.00000000001921,10.170000000001144,1556.999999999902,SSLW,provisional_assumed_short_to_long,0
12.19,156.00000000001651,341.99999999999449,50.000000000077094,179.99999999999449,361.00000000000551,292.00000000002206,265,257.00000000001654,10.240000000000689,1550.9999999997933,SSLW,provisional_assumed_short_to_long,0
12.20,151.0000000000222,337.00000000002223,48.000000000008882,179.00000000000443,359.00000000000887,288.00000000001774,266.99999999999113,257,10.280000000001097,1538.999999999817,SSLW,provisional_assumed_short_to_long,0
12.21,145.00000000002132,333.00000000001421,48,179.99999999999645,356.00000000001069,274.00000000004974,264.00000000001069,249.00000000002842,10.340000000001343,1528.9999999997121,SSLW,provisional_assumed_short_to_long,0
12.22,136.00000000002399,321.00000000003195,48,179.00000000000267,353.00000000000801,264.00000000002666,256.00000000002132,243.00000000001597,10.409999999999814,1514.00000000004,SSLW,provisional_assumed_short_to_long,0
12.23,116.00000000003553,310.00000000001955,48,178.00000000000176,348.00000000000887,247.00000000003018,249.00000000001245,233.00000000001776,10.414999999999992,1508.0000000000107,SSLW,provisional_assumed_short_to_long,0
12.24,97.000000000016882,304.00000000000534,48,176.00000000000176,340.00000000000711,240.00000000000622,249.99999999999912,222.00000000000978,10.419999999999995,1502.0000000000052,SSLW,provisional_assumed_short_to_long,0
12.25,90,291,48,176,333,233,240,206,10.470000000000001,1480,SSLW,provisional_assumed_short_to_long,0
12.26,81.999999999997343,279.99999999999289,47,171.99999999999912,321.99999999999199,215.99999999998047,226.99999999999113,186.9999999999778,10.660000000000036,1406.9999999999884,SSLW,provisional_assumed_short_to_long,0
12.27,79.000000000062883,272.00000000016769,47,171.00000000002098,313.00000000018866,194.00000000046114,217.00000000020961,162.00000000052404,10.70000000000007,1393.9999999999609,SSLW,provisional_assumed_short_to_long,0
12.28,68.000000000218847,263.00000000017906,47,166.00000000009948,303.00000000019895,168.00000000051728,208.00000000017906,148.00000000027853,10.740000000000029,1371.9999999998181,SSLW,provisional_assumed_short_to_long,0
12.29,62.000000000114042,252.00000000020907,47,160.00000000011403,292.00000000020907,149.00000000036113,200.00000000015206,134.00000000026608,10.750000000000112,1307.9999999999402,SSLW,provisional_assumed_short_to_long,0
12.30,59.000000000054357,244.00000000014495,47,157.00000000005434,286.00000000010868,138.00000000019929,191.00000000016308,121.00000000023554,10.780000000000138,1291.9999999999561,SSLW,provisional_assumed_short_to_long,0
12.31,53.000000000103384,236.00000000013785,47,155.00000000003445,280.0000000001034,130.00000000013785,186.00000000008615,110.00000000018954,10.810000000000166,1282.4999999999477,SSLW,provisional_assumed_short_to_long,0
12.32,49.00000000006537,228.00000000013074,46.000000000016342,154.00000000001634,270.00000000016342,113.00000000027782,183.00000000004903,110,10.840000000000511,1272.9999999999104,SSLW,provisional_assumed_short_to_long,0
12.33,46.000000000046363,224.00000000006182,46.999999999984546,153.00000000001546,262.00000000012363,107.00000000009273,182.00000000001546,108.00000000003091,10.920000000014566,1258.9999999981355,SSLW,provisional_assumed_short_to_long,0
12.34,43.000000000043698,220.00000000005826,47,152.00000000001455,257.00000000007282,102.00000000007283,182,107.00000000001457,12.919999999999837,1002.9999999999836,SSLW,provisional_assumed_short_to_long,0
12.35,41.000000000027356,218.00000000002734,47.999999999986322,152,256.0000000000137,101.00000000001367,178.00000000005471,107.99999999998633,12.900000000000182,1001.0000000000363,SSLW,provisional_assumed_short_to_long,0
12.36,39.00000000002558,215.00000000003837,48,151.00000000001279,254.00000000002558,100.00000000001279,173.00000000006395,107.00000000001279,12.919999999999801,1004.9999999999801,SSLW,provisional_assumed_short_to_long,0
12.37,38.000000000011724,215.99999999998829,48,151,254.99999999998829,99.000000000011724,173,107.99999999998828,12.900000000000055,1003.0000000000221,SSLW,provisional_assumed_short_to_long,0
12.38,38,215.00000000001083,48,144.00000000007586,255,98.000000000010829,172.00000000001083,108.99999999998917,12.90500000000006,1005.0000000000238,SSLW,provisional_assumed_short_to_long,0
12.39,40.999999999970157,213.0000000000199,48.999999999990052,144.99999999999005,254.00000000000995,98.999999999990052,171.00000000000995,109.99999999999005,12.910000000002814,1007.0000000006139,SSLW,provisional_assumed_short_to_long,0
12.40,41,210.00000000002717,49.999999999990941,146.99999999998187,254,99,170.00000000000907,110.99999999999093,13.130000000000548,1055.0000000002051,SSLW,provisional_assumed_short_to_long,0
12.41,42.999999999983658,209.00000000000819,54.999999999959144,147.99999999999181,255.99999999998366,99,169.00000000000819,111,13.170000000000291,1070.0000000001019,SSLW,provisional_assumed_short_to_long,0
12.42,53.999999999919886,209,60.999999999956302,147.00000000000728,256.99999999999272,99,169.99999999999272,112.99999999998543,13.19,1077,SSLW,provisional_assumed_short_to_long,0
12.43,62.999999999942446,210.99999999998721,69.999999999942446,147,258.99999999998721,99.999999999993605,172.99999999998082,118.99999999996163,13.190000000000326,1077.0000000001471,SSLW,provisional_assumed_short_to_long,0
12.44,63.999999999994493,210.00000000000551,79.999999999944933,152.99999999996697,259.99999999999449,100,174.99999999998897,125.99999999996146,13.209999999999914,1086,SSLW,provisional_assumed_short_to_long,0
12.45,73.999999999955591,208.00000000000887,82.99999999998667,151.00000000000887,264.99999999997777,103.99999999998224,177.99999999998667,135.99999999995561,13.204999999999909,1086,SSLW,provisional_assumed_short_to_long,0
12.46,76.999999999989342,208.99999999999645,88.999999999978684,151.99999999999645,266.99999999999289,104.99999999999645,178,142.99999999997513,13.199999999999807,1086.0000000000384,SSLW,provisional_assumed_short_to_long,0
12.47,78.999999999994671,209,98.999999999973355,151.00000000000267,268.99999999999466,105.99999999999733,180.99999999999201,151.99999999997601,13.190000000000026,1087.9999999999948,SSLW,provisional_assumed_short_to_long,0
12.48,89.99999999998046,209,112.99999999997513,156.99999999998934,269.99999999999824,109.99999999999289,183.99999999999466,153.99999999999645,13.19,1088,SSLW,provisional_assumed_short_to_long,0
12.49,96.999999999993776,211.99999999999733,119.99999999999378,157,271.99999999999824,115.99999999999467,187.99999999999645,164.99999999999022,13.229999999999965,1097.9999999999911,SSLW,provisional_assumed_short_to_long,0
12.50,102,213,130,160,275,119,193,168,13.210000000000001,1096,SSLW,provisional_assumed_short_to_long,0
12.51,116.00000000000976,215.00000000000088,136.00000000000799,160.00000000000355,277.00000000000267,131.00000000000088,201.00000000000443,184.00000000001066,13.229999999999995,1104.0000000000005,SSLW,provisional_assumed_short_to_long,0
12.52,126.99999999976943,215.99999999997902,144.99999999981134,163.99999999991616,279.99999999993713,131.99999999997902,205.99999999989518,195.99999999974847,13.224999999999991,1104.5000000000009,SSLW,provisional_assumed_short_to_long,0
12.53,131.99999999990052,216,149.99999999990052,165.99999999996021,282.99999999994031,134.99999999994031,206.9999999999801,198.99999999994031,13.219999999999944,1105.000000000003,SSLW,provisional_assumed_short_to_long,0
12.54,142.99999999979093,216,155.99999999988597,167.99999999996197,284.99999999996197,135,208.99999999996197,203.99999999990496,13.199999999999887,1105.9999999999889,SSLW,provisional_assumed_short_to_long,0
12.55,143,215.00000000001813,162.99999999987318,169.99999999996376,285.99999999998187,136.99999999996376,213.99999999990939,211.99999999985505,13.169999999999908,1103,SSLW,provisional_assumed_short_to_long,0
12.56,151.99999999984493,214.00000000001722,174.99999999979323,170,286.99999999998278,137.99999999998278,217.99999999993108,214.9999999999483,13.14999999999989,1102.9999999999834,SSLW,provisional_assumed_short_to_long,0
12.57,154.99999999995097,207.0000000001144,179.99999999991829,171.99999999996732,287.99999999998363,138,218.99999999998366,219.99999999991829,13.130000000000001,1100.0000000000064,SSLW,provisional_assumed_short_to_long,0
12.58,155.99999999998454,200.00000000010817,184.99999999992272,171.00000000001546,288.99999999998454,138,219.99999999998454,224.99999999992272,13.130000000000038,1100.9999999999854,SSLW,provisional_assumed_short_to_long,0
12.59,156,192.00000000011653,187.99999999995629,171.99999999998545,289,138,220.99999999998545,226.99999999997087,13.135000000000041,1098.9999999999836,SSLW,provisional_assumed_short_to_long,0
12.60,156.99999999998633,185.00000000009575,192.99999999993162,171.00000000001367,289,136.00000000002734,218.00000000004104,227.99999999998633,13.140000000000272,1097.0000000000091,SSLW,provisional_assumed_short_to_long,0
12.61,158.99999999997442,180.00000000006395,195.99999999996163,171.99999999998721,289,136.99999999998721,211.00000000008953,228.99999999998721,13.170000000000597,1098.0000000000398,SSLW,provisional_assumed_short_to_long,0
12.62,159,179.00000000001171,196.99999999998829,172,289,137,203.00000000009379,228.00000000001171,13.230000000000551,1101.9999999999229,SSLW,provisional_assumed_short_to_long,0
12.63,159,175.00000000004334,199.99999999996749,173.99999999997834,289.99999999998914,135.00000000002166,199.00000000004334,228.99999999998917,13.279999999999523,1094.9999999997738,SSLW,provisional_assumed_short_to_long,0
12.64,162.99999999996021,175.99999999999005,201.9999999999801,174,290,134.00000000000995,198.00000000000995,231.99999999997016,13.240000000000256,1075.9999999998593,SSLW,provisional_assumed_short_to_long,0
12.65,165.99999999997283,176,206.9999999999547,174.99999999999093,290,134,198.99999999999093,232.99999999999093,13.260000000000273,1064.9999999999659,SSLW,provisional_assumed_short_to_long,0
12.66,166,172.00000000003268,209.9999999999755,176.49999999998775,289.00000000000819,134,199.99999999999181,233.49999999999591,13.280000000000292,1062.4999999999636,SSLW,provisional_assumed_short_to_long,0
12.67,166,168.00000000002913,212.99999999997814,177.99999999998909,288.00000000000728,134,200.99999999999272,233.99999999999636,13.300000000000928,1059.9999999999691,SSLW,provisional_assumed_short_to_long,0
12.68,165.00000000000639,162.00000000003837,213,176.00000000001279,286.00000000001279,134.99999999999361,202.99999999998721,234.99999999999361,13.359999999999999,1057.9999999997221,SSLW,provisional_assumed_short_to_long,0
12.69,155.00000000005508,152.00000000005508,208.00000000002754,170.00000000003303,283.00000000001654,134.00000000000551,199.00000000002203,234.00000000000551,13.359999999995692,1040.9999999987767,SSLW,provisional_assumed_short_to_long,0
12.70,144.00000000004886,133.00000000008438,205.00000000001333,160.00000000004439,277.00000000002666,132.00000000000887,185.00000000006219,225.00000000003996,13.110000000000731,969.99999999970726,SSLW,provisional_assumed_short_to_long,0
12.71,125.0000000000675,111.00000000007816,185.00000000007105,144.00000000005684,258.00000000006753,124.00000000002842,173.00000000004263,201.00000000008527,13.149999999996739,953.99999999925183,SSLW,provisional_assumed_short_to_long,0
12.72,100.00000000006662,64.000000000125226,166.00000000005062,122.00000000005862,249.00000000002399,108.00000000004263,154.00000000005062,174.00000000007194,12.980000000000453,915.00000000010391,SSLW,provisional_assumed_short_to_long,0
12.73,79.000000000037303,46.000000000031974,139.00000000004798,80.000000000074607,241.00000000001421,96.000000000021316,141.00000000002308,129.00000000007992,12.925000000000097,880.00000000006219,SSLW,provisional_assumed_short_to_long,0
12.74,55.000000000021316,40.000000000005329,119.00000000001776,53.000000000023981,233.00000000000711,96.999999999999119,131.00000000000887,95.000000000030198,12.870000000000047,845.00000000003115,SSLW,provisional_assumed_short_to_long,0
12.75,20,40,78,54,224,95,116,82,11.92,694,SSLW,provisional_assumed_short_to_long,0
12.76,21.000000000001776,38.999999999999112,78.999999999978684,53.999999999998224,220,95,113.00000000000711,53.999999999997335,12.040000000000212,697.00000000002933,SSLW,provisional_assumed_short_to_long,0
12.77,22.999999999958078,38.000000000020961,55.000000000503064,52.000000000041922,220,95,120.99999999983231,51.000000000062883,12.280000000000639,730.00000000013858,SSLW,provisional_assumed_short_to_long,0
12.78,13.000000000198952,37.000000000019895,52.000000000059686,53.99999999996021,218.00000000003979,91.000000000079581,123.99999999994031,48.000000000059686,12.64000000000037,808.00000000005116,SSLW,provisional_assumed_short_to_long,0
12.79,9.0000000000760281,37.999999999980993,51.000000000019007,54,218,90.000000000019014,127.99999999992397,46.000000000038014,12.770000000000149,826.0000000000224,SSLW,provisional_assumed_short_to_long,0
12.80,9,37.000000000018119,49.000000000036238,52.000000000036238,217.00000000001813,88.000000000036238,125.00000000005436,46,12.809999999998523,832.00000000017781,SSLW,provisional_assumed_short_to_long,0
12.81,6.000000000051692,37,49,53.999999999965539,216.00000000001722,86.000000000034461,123.00000000003446,46,12.489999999998238,870.50000000021203,SSLW,provisional_assumed_short_to_long,0
12.82,6.9999999999836575,37.999999999983658,49,54,215.00000000001634,86.999999999983658,117.00000000009805,46.999999999983658,12.170000000004157,908.99999999948841,SSLW,provisional_assumed_short_to_long,0
12.83,5.0000000000309086,39.999999999969091,49,53.000000000015454,215,87,97.000000000309086,47.999999999984546,12.819999999999709,828.99999999994168,SSLW,provisional_assumed_short_to_long,0
12.84,5,40.999999999985434,49,53,215,87,89.000000000116529,46.000000000029132,12.779999999999999,821,SSLW,provisional_assumed_short_to_long,0
12.85,4.0000000000136779,41,48.000000000013678,52.000000000013678,216.99999999997266,87,85.000000000054712,46.999999999986322,12.78000000000009,821,SSLW,provisional_assumed_short_to_long,0
12.86,1.0000000000383693,41.99999999998721,48,51.00000000001279,217,86.00000000001279,84.00000000001279,46.00000000001279,12.789999999999999,821,SSLW,provisional_assumed_short_to_long,0
12.87,0.50000000000586198,42,45.50000000002931,50.000000000011724,217,87.499999999982407,84,46.499999999994138,12.789999999999999,821,SSLW,provisional_assumed_short_to_long,0
12.88,5.4178883601707639e-12,42,43.000000000027086,49.000000000010836,217,88.999999999983743,84,46.999999999994586,12.790000000000237,821,SSLW,provisional_assumed_short_to_long,0
12.89,0,42.999999999990052,43,49,217,89.999999999990052,84.999999999990052,47,12.81,821,SSLW,provisional_assumed_short_to_long,0
12.90,0,58.999999999855049,42.000000000009059,49,217,90.999999999990933,85.999999999990933,46.000000000009059,12.81,821.00000000001364,SSLW,provisional_assumed_short_to_long,0
12.91,0,68.999999999918288,41.000000000008171,49,217,90.000000000008171,86,46,12.81,822,SSLW,provisional_assumed_short_to_long,0
12.92,0,72.999999999970868,42.999999999985434,48.000000000007283,219.99999999997814,90,86,45.000000000007283,12.81000000000031,822.00000000001546,SSLW,provisional_assumed_short_to_long,0
12.93,0,85.999999999916866,42.000000000006395,48,220.99999999999361,89.000000000006395,86,45.999999999993605,12.830000000000327,823.00000000001637,SSLW,provisional_assumed_short_to_long,0
12.94,0,86.999999999994486,41.000000000005507,48.999999999994493,221,87.000000000011013,86,46,12.85,824,SSLW,provisional_assumed_short_to_long,0
12.95,0,90.999999999982236,40.000000000004441,49,221,78.000000000039961,84.000000000008882,46,12.85,824,SSLW,provisional_assumed_short_to_long,0
12.96,0,88.000000000010658,41.999999999992895,49,221.99999999999645,77.000000000003553,82.000000000007105,46.999999999996447,12.850000000000383,824.00000000001921,SSLW,provisional_assumed_short_to_long,0
12.97,0,88.999999999997328,41.000000000002665,49,222.99999999999733,76.000000000002672,79.000000000007987,46.000000000002665,12.869999999999946,824.99999999999739,SSLW,provisional_assumed_short_to_long,0
12.98,0,88.000000000001776,40.000000000001776,49,223,75.000000000001776,79,46.999999999998224,12.869999999999999,825,SSLW,provisional_assumed_short_to_long,0
12.99,0,87.000000000000881,38.000000000001776,49,223,74.000000000000881,78.000000000000881,47,12.860000000000008,823.00000000000182,SSLW,provisional_assumed_short_to_long,0
13.00,0,87,37,49,223,75,78,47,12.880000000000001,827,SSLW,provisional_assumed_short_to_long,0
13.01,0,86.000000000004434,37.000000000000888,48.999999999998224,221.99999999999912,76,77,46.999999999999112,12.880000000000001,828.00000000000091,SSLW,provisional_assumed_short_to_long,0
13.02,0,90.999999999895195,37.999999999979039,47.000000000041922,221.00000000002098,76,77,46.000000000020961,12.880000000000001,829.00000000000182,SSLW,provisional_assumed_short_to_long,0
13.03,0,91,38,47.999999999980105,220.0000000000199,76,77,46.999999999980105,12.880000000000001,830,SSLW,provisional_assumed_short_to_long,0
13.04,0,91.999999999980986,36.000000000038014,48,219.00000000001901,76,78.999999999961986,47,12.880000000000038,830.00000000000375,SSLW,provisional_assumed_short_to_long,0
13.05,0,92.999999999981881,37.999999999963762,48,216.00000000005434,79.999999999927525,79,47,12.890000000000093,831,SSLW,provisional_assumed_short_to_long,0
13.06,0,93.999999999982776,36.000000000034461,47.000000000017231,215.00000000001722,80,79,47,12.91,831,SSLW,provisional_assumed_short_to_long,0
13.07,0,94.999999999983658,38.999999999950973,47,212.00000000004903,76.00000000006537,79.999999999983658,46.000000000016342,12.91,831,SSLW,provisional_assumed_short_to_long,0
13.08,0,98.999999999938183,39,47,212,75.000000000015461,80,46.999999999984546,12.910000000000073,831,SSLW,provisional_assumed_short_to_long,0
13.09,0,101.9999999999563,37.000000000029132,47,210.00000000002913,75,80,45.000000000029132,12.920000000000082,831,SSLW,provisional_assumed_short_to_long,0
13.10,0,102.99999999998633,38.999999999972644,46.000000000013678,209.00000000001367,75,79.000000000013671,46.999999999972644,12.929999999999819,831.00000000003627,SSLW,provisional_assumed_short_to_long,0
13.11,0,104.99999999997442,39,46,208.00000000001279,75.99999999998721,79.99999999998721,46.00000000001279,12.910000000000398,835,SSLW,provisional_assumed_short_to_long,0
13.12,0,107.99999999996483,39.999999999988276,46,206.00000000002345,77.999999999976552,83.999999999953104,46.999999999988276,12.949999999994933,835.00000000053967,SSLW,provisional_assumed_short_to_long,0
13.13,0,112.99999999994583,39.000000000010836,45.000000000010836,199.00000000007586,78.999999999989171,83.000000000010829,47,12.489999999999762,884.00000000004763,SSLW,provisional_assumed_short_to_long,0
13.14,0,113,39.999999999990052,45,196.00000000002984,79.999999999990052,86.99999999996021,47.999999999990052,12.469999999999873,888.00000000003843,SSLW,provisional_assumed_short_to_long,0
13.15,0,114.99999999998188,40,43.000000000018119,195.00000000000907,80.999999999990933,94.999999999927525,49.999999999981881,12.459999999999454,891.00000000004104,SSLW,provisional_assumed_short_to_long,0
13.16,0,115.99999999999183,41.999999999983658,44.999999999983658,194.00000000000819,81.999999999991829,109.99999999987743,50,12.419999999999781,894.00000000001455,SSLW,provisional_assumed_short_to_long,0
13.17,0,116.99999999999272,40.000000000014566,44.000000000007283,194,88.999999999949011,120.99999999991988,51.999999999985434,12.404999999999768,895.00000000001546,SSLW,provisional_assumed_short_to_long,0
13.18,0,120.99999999997442,41.99999999998721,44.999999999993605,194,93.999999999968026,141.99999999986571,65.999999999910472,12.389999999999674,896.00000000024511,SSLW,provisional_assumed_short_to_long,0
13.19,0,123.99999999998349,43.999999999988987,45,196.99999999998349,99.99999999996696,147.99999999996697,75.999999999944933,12.369999999999655,911.00000000003445,SSLW,provisional_assumed_short_to_long,0
13.20,0,126.99999999998667,45.999999999991118,45,197.99999999999557,103.99999999998224,154.99999999996891,81.999999999973355,12.349999999999817,913.0000000000183,SSLW,provisional_assumed_short_to_long,0
13.21,0,131.99999999998224,46,45,198.99999999999645,109.99999999997868,163.99999999996803,90.999999999968026,12.339999999999808,914.00000000005753,SSLW,provisional_assumed_short_to_long,0
13.22,0,139.99999999997868,46,45,199.99999999999733,115.99999999998401,170.99999999998136,103.99999999996535,12.330000000000027,916.99999999999204,SSLW,provisional_assumed_short_to_long,0
13.23,0,146.99999999998755,45.000000000001776,45,202.99999999999466,123.99999999998579,179.99999999998403,110.99999999998757,12.19500000000024,933.99999999996976,SSLW,provisional_assumed_short_to_long,0
13.24,3.9999999999964473,155.99999999999201,45.999999999999112,45,212.99999999999113,137.99999999998755,186.99999999999378,133.99999999997956,12.06000000000012,950.99999999998488,SSLW,provisional_assumed_short_to_long,0
13.25,4,175,45,46,220,151,192,150,11.300000000000001,1059,SSLW,provisional_assumed_short_to_long,0
13.26,27.000000000007994,194.00000000001597,45.000000000001776,47.000000000000888,227.00000000000622,170.00000000001776,195.00000000000443,167.00000000000799,11.100000000000142,1094.9999999999814,SSLW,provisional_assumed_short_to_long,0
13.27,35.999999999811351,211.9999999996227,46.999999999958078,47.999999999979039,233.99999999985329,189.99999999958078,199.99999999989518,175.99999999981134,11.259999999999076,1074.0000000001687,SSLW,provisional_assumed_short_to_long,0
13.28,69.999999999323563,216.99999999990052,47.999999999980105,50.999999999940314,240.99999999986073,216.99999999946283,220.9999999995822,189.99999999972147,10.739999999996362,1169.0000000008727,SSLW,provisional_assumed_short_to_long,0
13.29,100.99999999941079,236.99999999961986,58.999999999790923,76.999999999505818,271.99999999941076,223.99999999986696,240.99999999961986,202.9999999997529,9.4599999999985833,1476.0000000009327,SSLW,provisional_assumed_short_to_long,0
13.30,137.99999999932959,248.99999999978257,138.99999999855049,129.99999999903969,300.99999999947454,247.99999999956515,259.99999999965576,226.99999999956515,9.0799999999996999,1726.0000000002449,SSLW,provisional_assumed_short_to_long,0
13.31,152.99999999974153,278.99999999948307,174.9999999993797,163.99999999941417,334.99999999941417,259.9999999997932,276.99999999970709,260.99999999941417,9.0149999999996417,1779.0000000002919,SSLW,provisional_assumed_short_to_long,0
13.32,165.99999999978755,309.99999999949341,189.99999999975486,176.99999999978755,354.99999999967315,280.99999999965678,291.99999999975489,289.99999999952604,8.9499999999997435,1832.0000000002558,SSLW,provisional_assumed_short_to_long,0
13.33,169.99999999993818,322.99999999979912,172.00000000027819,180.99999999993818,359.99999999992275,286.99999999990729,307.99999999975273,292.99999999995362,8.9100000000005828,1872.0000000005973,SSLW,provisional_assumed_short_to_long,0
13.34,170,336.99999999979605,152.00000000029132,178.00000000004371,360.99999999998545,288.9999999999709,309.9999999999709,294.9999999999709,8.9899999999999185,1954.0000000002533,SSLW,provisional_assumed_short_to_long,0
13.35,171.99999999997266,337.9999999999863,135.00000000023252,174.00000000005471,359.00000000002734,295.99999999990428,304.00000000008208,289.00000000008208,8.980000000000544,1985.0000000002717,SSLW,provisional_assumed_short_to_long,0
13.36,171.00000000001279,331.00000000008953,127.00000000010232,171.00000000003837,358.00000000001279,296,300.00000000005116,278.00000000014069,9.0400000000004468,2015.0000000000248,SSLW,provisional_assumed_short_to_long,0
13.37,162.0000000001055,331.99999999998829,117.00000000011724,171,358,294.00000000002342,290.00000000011721,268.00000000011721,9.0850000000004947,2017.5000000000275,SSLW,provisional_assumed_short_to_long,0
13.38,154.00000000008669,329.00000000003251,108.00000000009751,171,358,288.00000000006503,279.0000000001192,268,9.13000000000131,2020.0000000000239,SSLW,provisional_assumed_short_to_long,0
13.39,148.00000000005969,327.0000000000199,80.000000000278533,171,358.99999999999005,285.00000000002984,275.00000000003979,267.00000000000995,9.2400000000016629,2021.9999999997185,SSLW,provisional_assumed_short_to_long,0
13.40,146.00000000001813,327,73.000000000063409,171,359,283.00000000001813,272.00000000002717,262.0000000000453,9.3700000000021877,1999.9999999997265,SSLW,provisional_assumed_short_to_long,0
13.41,146,330.99999999996732,78.999999999950973,169.00000000001634,359,282.00000000000819,271.00000000000819,262.99999999999181,9.5300000000024756,1979.9999999996066,SSLW,provisional_assumed_short_to_long,0
13.42,147.99999999998545,333.99999999997817,73.000000000043698,173.99999999996359,359,281.00000000000728,272.99999999998545,263,9.7000000000021629,1952.9999999994591,SSLW,provisional_assumed_short_to_long,0
13.43,148,334.99999999999363,75.999999999980815,177.99999999997442,358.00000000000637,280.00000000000637,275.99999999998079,258.00000000003195,9.840000000001961,1917.9999999994607,SSLW,provisional_assumed_short_to_long,0
13.44,143.00000000002754,333.00000000001103,76,178,356.00000000001103,270.00000000005508,276.99999999999449,252.00000000003303,9.9600000000031024,1884.9999999992247,SSLW,provisional_assumed_short_to_long,0
13.45,137.00000000002666,327.00000000002666,75.000000000004434,177.00000000000443,354.00000000000887,258.00000000005332,272.00000000002223,241.00000000004886,10.140000000003294,1839.9999999991767,SSLW,provisional_assumed_short_to_long,0
13.46,120.0000000000604,322.00000000001774,74.000000000003553,177.99999999999645,352.00000000000711,245.00000000004619,263.00000000003195,225.00000000005684,10.320000000004988,1794.9999999985421,SSLW,provisional_assumed_short_to_long,0
13.47,98.00000000005862,313.00000000002399,76.999999999992013,178,346.00000000001597,238.00000000001864,243.00000000005329,206.00000000005062,10.579999999999307,1719.0000000002026,SSLW,provisional_assumed_short_to_long,0
13.48,91.000000000012434,304.00000000001597,71.000000000010658,178.99999999999824,340.00000000001069,232.00000000001066,237.00000000001066,197.00000000001597,10.629999999999912,1685.0000000000605,SSLW,provisional_assumed_short_to_long,0
13.49,86.000000000004434,297.0000000000062,68.000000000002672,178.00000000000088,335.00000000000443,223.00000000000799,235.00000000000176,180.00000000001509,10.699999999999937,1656.0000000000257,SSLW,provisional_assumed_short_to_long,0
13.50,83,288,70,178,331,199,229,165,10.75,1626,SSLW,provisional_assumed_short_to_long,0
13.51,78.999999999988461,276.99999999999022,76.999999999995566,174.99999999999824,322.99999999999466,188.99999999999113,224.99999999999289,158.99999999999113,10.820000000000077,1599.9999999999693,SSLW,provisional_assumed_short_to_long,0
13.52,66.000000000272493,266.00000000023056,72.000000000104805,173.00000000004192,317.00000000012574,179.00000000020961,217.00000000016769,149.00000000020961,10.90500000000015,1565.4999999999386,SSLW,provisional_assumed_short_to_long,0
13.53,55.000000000218847,256.00000000019895,75.999999999920419,171.00000000003979,305.00000000023874,166.00000000025864,213.00000000007958,134.00000000029843,10.990000000000057,1530.9999999999686,SSLW,provisional_assumed_short_to_long,0
13.54,48.000000000133049,244.00000000022808,75.000000000019014,168.00000000005701,292.0000000002471,141.00000000047518,207.00000000011403,128.00000000011403,11.010000000000074,1519.9999999999516,SSLW,provisional_assumed_short_to_long,0
13.55,43.000000000090594,237.00000000012682,69.000000000108713,166.00000000003624,282.00000000018122,132.00000000016308,198.00000000016308,115.00000000023554,11.03000000000023,1506.9999999999261,SSLW,provisional_assumed_short_to_long,0
13.56,41.000000000034461,229.00000000013785,69,162.00000000006892,273.00000000015507,116.00000000027569,193.00000000008615,110.00000000008615,11.080000000000165,1490.9999999999175,SSLW,provisional_assumed_short_to_long,0
13.57,40.000000000016342,222.0000000001144,72.99999999993463,163.99999999996732,260.00000000021248,102.00000000022879,188.00000000008171,107.00000000004903,11.110000000000383,1475.9999999998529,SSLW,provisional_assumed_short_to_long,0
13.58,35.000000000077272,217.00000000007728,76.999999999938183,161.00000000004636,253.00000000010817,101.00000000001546,184.00000000006182,103.00000000006182,11.170000000005462,1452.9999999989914,SSLW,provisional_assumed_short_to_long,0
13.59,30.000000000072831,213.00000000005826,72.000000000072831,160.00000000001455,249.00000000005826,98.000000000043698,183.00000000001455,103.99999999998543,11.920000000006128,1314.4999999988684,SSLW,provisional_assumed_short_to_long,0
13.60,36.999999999904254,213.99999999998633,76.999999999931617,161.99999999997266,247.00000000002734,98,182.00000000001367,105.99999999997264,12.67,1175.9999999999366,SSLW,provisional_assumed_short_to_long,0
13.61,46.999999999872102,212.00000000002558,75.00000000002558,162.99999999998721,248.99999999997442,98,182,106,12.669999999999801,1168.9999999998508,SSLW,provisional_assumed_short_to_long,0
13.62,53.999999999917932,210.00000000002345,79.99999999994138,156.00000000008208,250.99999999997655,98,182,106.99999999998828,12.64999999999989,1153.9999999998017,SSLW,provisional_assumed_short_to_long,0
13.63,56.999999999967493,209.00000000001083,76.000000000043343,156,253.99999999996749,98,182,107.99999999998917,12.640000000000477,1135.9999999993336,SSLW,provisional_assumed_short_to_long,0
13.64,61.999999999950262,208.00000000000995,86.999999999890576,155.00000000000995,254.99999999999005,97.000000000009948,182,108,12.679999999999872,1079.9999999999743,SSLW,provisional_assumed_short_to_long,0
13.65,64.999999999972829,208,90.999999999963762,156.99999999998187,255.99999999999093,97,181.00000000000907,112.9999999999547,12.669999999999316,1077.9999999999591,SSLW,provisional_assumed_short_to_long,0
13.66,70.999999999950973,208,90.000000000008171,154.0000000000245,256,97,181.99999999999181,116.99999999996732,12.619999999999708,1074.9999999999709,SSLW,provisional_assumed_short_to_long,0
13.67,73.999999999978144,208.99999999999272,109.99999999985434,157.99999999997087,256,97.999999999992724,180.00000000001455,119.99999999997814,12.599999999999691,1072.9999999999691,SSLW,provisional_assumed_short_to_long,0
13.68,74.999999999993605,209,120.99999999992966,159.99999999998721,257.99999999998721,98,184.99999999996803,125.99999999996163,12.579999999999346,1070.9999999999673,SSLW,provisional_assumed_short_to_long,0
13.69,82.999999999955946,211.99999999998349,124.99999999997797,161.99999999998897,258.99999999999449,98.999999999994486,185.99999999999449,137.99999999993392,12.539999999998965,1068.9999999999484,SSLW,provisional_assumed_short_to_long,0
13.70,95.999999999942276,212,134.99999999995561,162,260.99999999999113,103.9999999999778,194.99999999996004,148.99999999995114,12.479999999999086,1065.9999999990853,SSLW,provisional_assumed_short_to_long,0
13.71,96.999999999996447,214.99999999998934,147.99999999995381,167.99999999997868,267.9999999999751,112.99999999996803,199.99999999998224,158.99999999996447,12.429999999999616,1016.0000000000192,SSLW,provisional_assumed_short_to_long,0
13.72,111.99999999996004,215.99999999999733,153.99999999998403,169.99999999999466,272.9999999999867,121.99999999997601,207.99999999997868,173.99999999996004,12.410000000000053,1016.9999999999974,SSLW,provisional_assumed_short_to_long,0
13.73,124.99999999997691,216,167.99999999997513,171.99999999999645,275.99999999999466,126.99999999999112,208.99999999999824,185.99999999997868,12.390000000000036,1017.4999999999991,SSLW,provisional_assumed_short_to_long,0
13.74,141.99999999998491,215.00000000000088,175.99999999999289,172,280.99999999999557,130.99999999999645,206.00000000000267,194.99999999999201,12.370000000000017,1017.9999999999995,SSLW,provisional_assumed_short_to_long,0
13.75,148,214,183,175,285,133,216,202,12.34,1018,SSLW,provisional_assumed_short_to_long,0
13.76,162.00000000000176,209.99999999999733,187.00000000000443,175.00000000000176,287.00000000000176,136.00000000000176,224,209.00000000000355,12.289999999999964,1017.0000000000009,SSLW,provisional_assumed_short_to_long,0
13.77,163.99999999995808,207.00000000006287,191.99999999989518,176.99999999995808,288.99999999995805,137.99999999995808,224,212.99999999991616,12.249999999999964,1017.9999999999982,SSLW,provisional_assumed_short_to_long,0
13.78,164.9999999999801,204.00000000005969,198.99999999986073,177.9999999999801,291.99999999994031,141.99999999992042,227.99999999992042,214.99999999996021,12.23,1017,SSLW,provisional_assumed_short_to_long,0
13.79,167.99999999994299,198.00000000011403,209.99999999979093,178,293.99999999996197,144.99999999994299,233.99999999988597,218.99999999992397,12.230000000000821,1017.0000000000914,SSLW,provisional_assumed_short_to_long,0
13.80,168,194.00000000007248,215.99999999989129,180.99999999994566,294.99999999998187,145.99999999998187,235.99999999996376,222.99999999992752,12.450000000001015,1041.5000000001132,SSLW,provisional_assumed_short_to_long,0
13.81,168.99999999998278,189.00000000008615,221.9999999998966,179.00000000003445,295.99999999998278,147.99999999996555,236.99999999998278,223.99999999998278,12.66999999999989,1065.9999999999945,SSLW,provisional_assumed_short_to_long,0
13.82,170.99999999996732,184.00000000008171,227.99999999990195,178.00000000001634,295.00000000001637,148.99999999998366,235.00000000003268,225.99999999996732,12.650000000001343,1065.0000000003133,SSLW,provisional_assumed_short_to_long,0
13.83,171,178.00000000009271,231.99999999993818,177.00000000001546,293.00000000003092,149.99999999998454,234.00000000001546,226.99999999998454,12.859999999999927,1113.9999999999709,SSLW,provisional_assumed_short_to_long,0
13.84,173.99999999995629,178,233.99999999997087,177,292.00000000001455,150.99999999998545,227.00000000010198,227,12.850000000000163,1109.9999999999673,SSLW,provisional_assumed_short_to_long,0
13.85,173.00000000001367,175.00000000004104,238.99999999993162,180.99999999994529,290.00000000002734,153.99999999995896,224.00000000004104,228.99999999997266,12.870000000000362,1105.9999999999366,SSLW,provisional_assumed_short_to_long,0
13.86,174.99999999997442,175.99999999998721,241.99999999996163,182.99999999997442,289.00000000001279,153.00000000001279,224,229.99999999998721,12.909999999999901,1098.9999999999104,SSLW,provisional_assumed_short_to_long,0
13.87,175.99999999998829,170.00000000007034,242,183.99999999998829,289,153,224,230.99999999998829,12.89999999999989,1089.9999999999009,SSLW,provisional_assumed_short_to_long,0
13.88,175.00000000001083,165.00000000005417,240.00000000002166,181.00000000003251,287.00000000002166,151.00000000002166,224,231,12.890000000000001,1080.9999999996073,SSLW,provisional_assumed_short_to_long,0
13.89,173.50000000001492,160.00000000004974,236.50000000003482,175.50000000005471,285.0000000000199,149.50000000001492,219.50000000004476,227.50000000003482,12.890000000001152,1047.9999999997315,SSLW,provisional_assumed_short_to_long,0
13.90,172.00000000001359,155.0000000000453,233.00000000003172,170.00000000004982,283.00000000001813,148.00000000001359,215.00000000004076,224.00000000003172,12.980000000002052,1026.9999999999179,SSLW,provisional_assumed_short_to_long,0
13.91,170.00000000001634,137.00000000014708,213.00000000016342,158.00000000009805,279.00000000003268,140.00000000006537,197.00000000014708,219.00000000004087,13.130000000001312,1020.999999999898,SSLW,provisional_assumed_short_to_long,0
13.92,158.0000000000874,118.00000000013839,197.00000000011653,144.00000000010198,276.00000000002183,132.00000000005826,193.00000000002913,207.0000000000874,13.219999999996292,1013.9999999987637,SSLW,provisional_assumed_short_to_long,0
13.93,140.00000000011511,97.000000000134293,198.99999999998721,135.00000000005755,269.00000000004479,124.00000000005116,181.00000000007674,191.00000000010232,12.979999999999347,933.9999999992973,SSLW,provisional_assumed_short_to_long,0
13.94,123.00000000009362,62.000000000192735,177.00000000012113,128.00000000003854,257.00000000006605,117.00000000003854,165.00000000008811,184.00000000003854,12.939999999997328,890.99999999884551,SSLW,provisional_assumed_short_to_long,0
13.95,105.00000000007994,46.000000000071054,159.00000000007992,125.00000000001333,252.0000000000222,102.00000000006662,155.00000000004439,163.00000000009325,12.784999999997165,823.99999999877411,SSLW,provisional_assumed_short_to_long,0
13.96,100.00000000001776,41.000000000017764,135.00000000008527,117.00000000002842,248.00000000001421,93.000000000031974,158.99999999998579,116.00000000016698,12.629999999983502,756.99999999781301,SSLW,provisional_assumed_short_to_long,0
13.97,93.000000000018645,40.000000000002665,121.0000000000373,106.0000000000293,244.00000000001066,92.000000000002672,144.00000000003996,93.000000000061277,11.770000000002291,643.00000000030377,SSLW,provisional_assumed_short_to_long,0
13.98,84.000000000015987,40,94.000000000047962,96.000000000017764,239.00000000000887,91.000000000001776,138.00000000001066,84.000000000015987,11.869999999999822,639.00000000000705,SSLW,provisional_assumed_short_to_long,0
13.99,78.000000000005329,39.000000000000888,79.00000000001333,84.000000000010658,235.00000000000355,91,131.00000000000622,57.000000000023981,12.179999999999724,682.99999999996089,SSLW,provisional_assumed_short_to_long,0
14.00,66,40,68,63,232,90,106,52,12.52,749,SSLW,provisional_assumed_short_to_long,0
14.01,57.999999999984901,39,65.999999999990237,54,228.99999999999824,88,107.99999999999734,51,12.615000000000084,772.00000000002046,SSLW,provisional_assumed_short_to_long,0
14.02,41.000000000356337,39,55.000000000230571,54,227.00000000004192,88,105.00000000006288,51,12.709999999998953,795.00000000019895,SSLW,provisional_assumed_short_to_long,0
14.03,24.000000000338218,39,52.000000000059686,52.00000000003979,225.00000000003979,87.000000000019895,101.00000000007958,50.000000000019895,12.119999999998067,907.00000000027285,SSLW,provisional_assumed_short_to_long,0
14.04,18.000000000114042,39.999999999980993,51.000000000019007,52.999999999980993,224.00000000001901,86.000000000019014,98.000000000057014,50,11.440000000002424,1002.999999999668,SSLW,provisional_assumed_short_to_long,0
14.05,17.000000000018119,40,50.000000000018119,53,224.99999999998187,86,96.000000000036238,48.000000000036238,12.09000000000097,913.99999999988916,SSLW,provisional_assumed_short_to_long,0
14.06,4.0000000002239986,40.999999999982769,48.000000000034461,52.000000000017231,225.99999999998278,86.999999999982776,96,48.999999999982769,12.300000000003029,889.99999999967508,SSLW,provisional_assumed_short_to_long,0
14.07,5.999999999967315,41.999999999983658,48.999999999983658,51.000000000016342,226,88.999999999967315,95.000000000016342,49.999999999983658,12.85,830.99999999999363,SSLW,provisional_assumed_short_to_long,0
14.08,5.0000000000154543,43.999999999969091,48.000000000015454,50.000000000015454,226,91.999999999953644,95.999999999984539,50,12.85,830,SSLW,provisional_assumed_short_to_long,0
14.09,3.0000000000291323,65.999999999679545,48.999999999985434,49.000000000014566,226,92.999999999985434,94.000000000029132,49.000000000014566,12.85,830,SSLW,provisional_assumed_short_to_long,0
14.10,2.0000000000136779,72.999999999904247,44.00000000006839,49,226,93.999999999986329,92.000000000027356,49,12.849999999999909,829.99999999999091,SSLW,provisional_assumed_short_to_long,0
14.11,1.0000000000127898,79.999999999910472,43.00000000001279,48.00000000001279,226,93.00000000001279,90.00000000002558,48.00000000001279,12.840000000000199,829.0000000000199,SSLW,provisional_assumed_short_to_long,0
14.12,1.999999999988276,87.999999999906208,41.000000000023448,48.999999999988276,226,92.000000000011724,87.000000000035172,48,12.859999999999889,831,SSLW,provisional_assumed_short_to_long,0
14.13,2.1671553440683056e-11,90.999999999967486,41.999999999989164,47.000000000021672,226,91.000000000010829,87.999999999989171,46.000000000021672,12.850000000000238,831,SSLW,provisional_assumed_short_to_long,0
14.14,0,91.999999999990052,40.000000000019895,48.999999999980105,226.99999999999005,89.000000000019895,85.000000000029843,47.999999999980105,12.869999999999871,831,SSLW,provisional_assumed_short_to_long,0
14.15,0,92,38.000000000018119,48.000000000009059,227,88.000000000009067,84.000000000009067,46.000000000018119,12.85999999999993,831,SSLW,provisional_assumed_short_to_long,0
14.16,0,93.999999999983658,39.999999999983658,48.999999999991829,226.00000000000819,86.000000000016342,84,47.999999999983658,12.854999999999926,831,SSLW,provisional_assumed_short_to_long,0
14.17,0,93.000000000007276,40,49,226.99999999999272,85.000000000007276,84,46.000000000014566,12.850000000000309,831,SSLW,provisional_assumed_short_to_long,0
14.18,0,92.000000000006395,39.000000000006395,49.999999999993605,227,80.000000000031974,84.999999999993605,47.99999999998721,12.869999999999999,831,SSLW,provisional_assumed_short_to_long,0
14.19,0,92.999999999994486,37.000000000011013,49.000000000005507,227.99999999999449,77.000000000016513,85,48,12.870000000000172,831,SSLW,provisional_assumed_short_to_long,0
14.20,0,93,37.999999999995559,49,227.00000000000443,76.000000000004434,82.00000000001333,48,12.880000000000001,831,SSLW,provisional_assumed_short_to_long,0
14.21,0,95.999999999989342,38,48.000000000003553,226.00000000000355,74.000000000007105,81.000000000003553,47.000000000003553,12.880000000000384,831.00000000003831,SSLW,provisional_assumed_short_to_long,0
14.22,0,95.000000000002672,36.000000000005329,48.999999999997335,225.00000000000267,74,80.000000000002672,47.999999999997335,12.899999999999947,832.99999999999466,SSLW,provisional_assumed_short_to_long,0
14.23,0,96.999999999996447,37.999999999996447,48.000000000001776,225.99999999999824,74.999999999998224,80.999999999998224,46.000000000003553,12.9,833,SSLW,provisional_assumed_short_to_long,0
14.24,0,97.999999999999119,36.000000000001776,48.999999999999112,225.00000000000088,75.999999999999119,80.000000000000881,46.999999999999112,12.9,833,SSLW,provisional_assumed_short_to_long,0
14.25,0,100,38,48,225,77,80,47,12.9,833,SSLW,provisional_assumed_short_to_long,0
14.26,0,102.00000000000088,36,47.999999999999112,223.99999999999912,79.000000000001776,80,47,12.909999999999991,831.99999999999739,SSLW,provisional_assumed_short_to_long,0
14.27,0,102.99999999997904,36,47.000000000020961,223.00000000002098,80.999999999958078,80,47,12.899999999999983,828.99999999999284,SSLW,provisional_assumed_short_to_long,0
14.28,0,105.99999999994031,37.99999999996021,47,219.00000000007958,83.999999999940314,80.999999999980105,47,12.890000000000057,825.00000000000568,SSLW,provisional_assumed_short_to_long,0
14.29,0,106.99999999998099,38,46.000000000019007,218.00000000001901,84,81,47,12.91,826.99999999999625,SSLW,provisional_assumed_short_to_long,0
14.30,0,109.99999999994564,36.000000000036238,46.999999999981881,215.00000000005434,84.999999999981881,81,47,12.91,826,SSLW,provisional_assumed_short_to_long,0
14.31,0,111.99999999996554,36,47,214.00000000001722,84.000000000017224,81.999999999982776,47,12.91,826,SSLW,provisional_assumed_short_to_long,0
14.32,0,116.99999999991829,37.999999999967315,46.000000000016342,212.00000000003268,84,82.999999999983658,47,12.910000000000064,826,SSLW,provisional_assumed_short_to_long,0
14.33,0,119.99999999995364,37.000000000015454,46,210.00000000003092,87.999999999938183,83.999999999984539,47.999999999984546,12.919999999999927,825.99999999999272,SSLW,provisional_assumed_short_to_long,0
14.34,0,120,38.999999999970868,46,208.00000000002913,88.999999999985434,85.999999999970868,48,12.910000000000082,825,SSLW,provisional_assumed_short_to_long,0
14.35,0,120.99999999998633,39.999999999986322,46,208,90.999999999972644,87.999999999972644,48,12.919999999996104,825.00000000053456,SSLW,provisional_assumed_short_to_long,0
14.36,0,123.99999999996163,38.00000000002558,46,208,93.999999999961631,93.999999999923261,49.99999999997442,12.489999999999851,884.00000000001489,SSLW,provisional_assumed_short_to_long,0
14.37,0,124.99999999998828,39.999999999976552,46,208,98.99999999994138,113.99999999976552,52.999999999964828,12.474999999999834,885.50000000001648,SSLW,provisional_assumed_short_to_long,0
14.38,0,129.99999999994583,40.999999999989164,46.999999999989164,211.99999999995666,105.99999999992414,139.99999999971828,72.999999999783284,12.459999999999406,887.00000000010709,SSLW,provisional_assumed_short_to_long,0
14.39,0,147.99999999982094,43.999999999970157,47,218.99999999993037,117.99999999988063,154.99999999985079,82.999999999900524,12.409999999999361,896.00000000006401,SSLW,provisional_assumed_short_to_long,0
14.40,0,159.99999999989129,45.999999999981881,47,222.99999999996376,136.99999999982788,173.99999999982788,98.999999999855049,12.359999999996033,901.00000000051978,SSLW,provisional_assumed_short_to_long,0
14.41,0,179.99999999983658,48.999999999975486,47.999999999991829,227.99999999995913,150.9999999998856,186.99999999989376,112.9999999998856,12.069999999990969,939.00000000129637,SSLW,provisional_assumed_short_to_long,0
14.42,6.9999999999490186,190.99999999991988,55.999999999949019,48.999999999992717,231.99999999997087,186.99999999973781,193.99999999994901,135.99999999983248,11.449999999996908,1028.0000000004945,SSLW,provisional_assumed_short_to_long,0
14.43,10.99999999997442,204.99999999991047,64.999999999942446,49.999999999993605,240.99999999994245,219.99999999978897,198.99999999996803,156.99999999986571,11.249999999998856,1060.0000000001962,SSLW,provisional_assumed_short_to_long,0
14.44,25.999999999917399,218.99999999992292,54.000000000060574,50.999999999994493,247.99999999996146,227.99999999995595,199,170.99999999992292,11.179999999998621,1072.0000000002067,SSLW,provisional_assumed_short_to_long,0
14.45,57.999999999857891,240.99999999990229,68.99999999993338,58.999999999964473,268.99999999990672,226.00000000000887,217.99999999991562,196.99999999988455,11.099999999998536,1084.0000000002196,SSLW,provisional_assumed_short_to_long,0
14.46,90.99999999988276,269.999999999897,133.99999999976907,123.99999999976907,296.99999999990052,237.99999999995737,243.99999999990763,218.99999999992184,11.019999999972566,1096.0000000059281,SSLW,provisional_assumed_short_to_long,0
14.47,127.99999999990141,279.99999999997334,171.99999999989876,165.99999999988808,318.99999999994139,258.99999999994407,269.99999999993071,234.99999999995737,9.5900000000038101,1404.9999999991767,SSLW,provisional_assumed_short_to_long,0
14.48,145.99999999996803,301.99999999996089,193.99999999996092,189.99999999995737,327.99999999998403,261.99999999999466,283.9999999999751,248.99999999997513,9.070000000000924,1667.9999999995327,SSLW,provisional_assumed_short_to_long,0
14.49,165.99999999998224,329.9999999999751,198.99999999999557,200.99999999999022,344.99999999998488,274.99999999998846,306.99999999997959,284.99999999996805,8.850000000000195,1819.9999999998649,SSLW,provisional_assumed_short_to_long,0
14.50,174,353,175,199,354,280,317,292,8.7899999999999991,1889,SSLW,provisional_assumed_short_to_long,0
14.51,180.00000000000531,356.00000000000091,170.99999999999378,199,360.00000000000091,284.00000000000176,319.99999999999909,295.00000000000267,8.8800000000000185,1977.0000000000209,SSLW,provisional_assumed_short_to_long,0
14.52,185.99999999987423,356.99999999997902,164.00000000014671,199,360.99999999997902,285.99999999995805,319.00000000002098,297.99999999993713,8.9000000000000359,2000.5000000000418,SSLW,provisional_assumed_short_to_long,0
14.53,191.99999999988063,358.99999999996021,164.9999999999801,198.0000000000199,361.9999999999801,290.99999999990052,316.00000000005969,302.99999999990052,8.9200000000001136,2024.0000000000712,SSLW,provisional_assumed_short_to_long,0
14.54,186.00000000011403,359,163.00000000003803,195.00000000005701,362.99999999998101,291,305.00000000020907,298.00000000009504,8.9600000000002993,2049.000000000015,SSLW,provisional_assumed_short_to_long,0
14.55,181.00000000009061,359.99999999998187,156.00000000012682,195.99999999998187,363,289.00000000003627,293.00000000021743,297.00000000001813,9.040000000000461,2052.9999999999354,SSLW,provisional_assumed_short_to_long,0
14.56,176.00000000008615,360.99999999998278,149.00000000012062,196.99999999998278,363,284.00000000008617,293.99999999998278,295.00000000003445,9.1400000000007715,2038.9999999999063,SSLW,provisional_assumed_short_to_long,0
14.57,176,361,147.00000000003268,197.99999999998366,362.00000000001637,285.99999999996732,288.00000000009805,291.00000000006537,9.2800000000008307,2021.9999999997954,SSLW,provisional_assumed_short_to_long,0
14.58,175.00000000001546,363.99999999995362,147,197.00000000001546,362,286.99999999998454,288.99999999998454,290.00000000001546,9.4100000000006201,1989.9999999998288,SSLW,provisional_assumed_short_to_long,0
14.59,175,364.99999999998545,147,200.99999999994174,361.00000000001455,285.0000000000291,289.99999999998545,289.00000000001455,9.4950000000006938,1966.4999999998079,SSLW,provisional_assumed_short_to_long,0
14.60,168.00000000009575,365,141.00000000008208,202.99999999997266,361.9999999999863,282.00000000004104,286.00000000005468,289,9.5800000000015402,1942.9999999996196,SSLW,provisional_assumed_short_to_long,0
14.61,161.00000000008953,361.00000000005116,130.00000000014069,202.00000000001279,360.00000000002558,277.00000000006395,280.00000000007674,276.00000000016627,9.7500000000016911,1900.9999999995723,SSLW,provisional_assumed_short_to_long,0
14.62,153.00000000009379,356.00000000005861,122.00000000009379,199.00000000003519,357.00000000003519,262.00000000017587,273.00000000008208,258.000000000211,9.9200000000061674,1857.9999999983479,SSLW,provisional_assumed_short_to_long,0
14.63,140.00000000014086,349.00000000007583,119.00000000003251,199,353.00000000004331,249.00000000014086,267.00000000006503,238.00000000021672,10.480000000000834,1707.9999999996667,SSLW,provisional_assumed_short_to_long,0
14.64,130.00000000009948,334.00000000014921,114.00000000004974,196.00000000002984,347.00000000005969,241.00000000007958,252.00000000014921,222.00000000015916,10.55000000000128,1679.9999999997185,SSLW,provisional_assumed_short_to_long,0
14.65,114.00000000014495,330.00000000003627,112.00000000001812,192.00000000003624,338.00000000008151,236.0000000000453,244.00000000007248,209.00000000011778,10.650000000001368,1657.9999999996853,SSLW,provisional_assumed_short_to_long,0
14.66,106.00000000006537,322.50000000006128,110.50000000001225,188.00000000003268,335.50000000002041,226.00000000008171,238.00000000004903,201.00000000006537,10.750000000000437,1634.999999999847,SSLW,provisional_assumed_short_to_long,0
14.67,98.000000000058265,315.00000000005463,109.00000000001093,184.00000000002913,333.00000000001819,216.00000000007282,232.00000000004371,193.00000000005826,10.780000000000463,1624.4999999998377,SSLW,provisional_assumed_short_to_long,0
14.68,96.00000000001279,309.00000000003837,98.000000000070344,186.99999999998082,326.00000000004479,196.0000000001279,222.00000000006395,185.00000000005116,10.810000000002779,1613.9999999989377,SSLW,provisional_assumed_short_to_long,0
14.69,91.000000000027541,301.00000000004405,95.000000000016513,182.00000000002754,319.00000000003854,188.00000000004405,217.00000000002754,167.00000000009913,10.98000000000069,1548.999999999776,SSLW,provisional_assumed_short_to_long,0
14.70,76.00000000006662,279.00000000009771,77.000000000079936,182,301.00000000007992,156.00000000014211,212.0000000000222,141.00000000011545,11.020000000000548,1535.9999999996523,SSLW,provisional_assumed_short_to_long,0
14.71,72.000000000014211,267.00000000004263,72.000000000017764,177.00000000001776,293.00000000002842,144.00000000004263,207.00000000001776,132.00000000003197,11.050000000000768,1516.9999999997315,SSLW,provisional_assumed_short_to_long,0
14.72,65.000000000018645,259.00000000002132,77.999999999984013,177,287.00000000001597,138.00000000001597,204.00000000000799,123.00000000002399,11.089999999999893,1503.0000000000373,SSLW,provisional_assumed_short_to_long,0
14.73,61.000000000007105,250.00000000001597,84.999999999987566,173.00000000000711,282.00000000000887,131.00000000001245,200.00000000000711,114.00000000001599,11.119999999999948,1493.0000000000177,SSLW,provisional_assumed_short_to_long,0
14.74,58.000000000002665,246.00000000000355,84.000000000000881,172.00000000000088,278.00000000000352,122.00000000000799,197.00000000000267,110.00000000000355,11.149999999999974,1483.0000000000089,SSLW,provisional_assumed_short_to_long,0
14.75,57,242,82,169,277,116,195,111,11.23,1463,SSLW,provisional_assumed_short_to_long,0
14.76,56.000000000010481,240.50000000001572,82,168.50000000000523,276.00000000001046,114.00000000002096,195,111,12.420000000000311,1233.9999999999422,SSLW,provisional_assumed_short_to_long,0
14.77,55.000000000020961,239.00000000003143,82,168.00000000001049,275.00000000002098,112.00000000004192,195,111,12.769999999999982,1168.9999999999716,SSLW,provisional_assumed_short_to_long,0
14.78,52.000000000059686,232.00000000013927,81.000000000019895,167.0000000000199,270.00000000009948,110.00000000003979,191.00000000007958,108.00000000005969,12.760000000000113,1153,SSLW,provisional_assumed_short_to_long,0
14.79,51.500000000009507,231.00000000001901,78.500000000047521,167.49999999999051,268.00000000003803,109.50000000000951,191,108,12.800000000000001,1152.9999999999889,SSLW,provisional_assumed_short_to_long,0
14.80,51.000000000009059,230.00000000001813,76.000000000045304,167.99999999999093,266.00000000003627,109.00000000000907,191,108,12.800000000000139,1149.9999999998799,SSLW,provisional_assumed_short_to_long,0
14.81,55.999999999913847,228.00000000003445,76.999999999982776,166.00000000003445,265.00000000001722,105.00000000006892,191,109.99999999996554,12.830000000000165,1123.9999999998568,SSLW,provisional_assumed_short_to_long,0
14.82,62.999999999885603,229.99999999996732,97.999999999656808,168.99999999995097,264.00000000001637,104.00000000001634,190.00000000001634,114.99999999991829,12.859999999999999,1098,SSLW,provisional_assumed_short_to_long,0
14.83,67.999999999922721,230,105.99999999987637,168.00000000001546,264.99999999998454,105.99999999996909,190.99999999998454,115,12.859999999999927,1098,SSLW,provisional_assumed_short_to_long,0
14.84,68.999999999985434,230.99999999998545,121.99999999976694,168.99999999998545,266.9999999999709,106,191.99999999998545,123.9999999998689,12.849999999999836,1097.9999999999673,SSLW,provisional_assumed_short_to_long,0
14.85,74.999999999917932,231.99999999998633,126.99999999993162,171.99999999995896,271.99999999993162,111.99999999991793,192,126.99999999995896,12.829999999999909,1093.9999999999909,SSLW,provisional_assumed_short_to_long,0
14.86,82.999999999897682,233.99999999997442,134.99999999989768,173.99999999997442,273.99999999997442,117.99999999992326,192,133.99999999991047,12.82000000000005,1093.0000000000448,SSLW,provisional_assumed_short_to_long,0
14.87,93.999999999871036,234.99999999998829,137.99999999996481,176.99999999996481,274.99999999998829,121.9999999999531,192.99999999998829,142.9999999998945,12.825000000000056,1097.5000000000496,SSLW,provisional_assumed_short_to_long,0
14.88,96.999999999967486,235.49999999999457,138.99999999998917,178.49999999998374,275.4999999999946,124.49999999997291,195.49999999997291,146.49999999996209,12.829999999999881,1101.9999999999761,SSLW,provisional_assumed_short_to_long,0
14.89,99.999999999970157,235.99999999999503,139.99999999999005,179.99999999998508,275.999999999995,126.99999999997513,197.99999999997513,149.99999999996518,12.819999999999872,1099.9999999999873,SSLW,provisional_assumed_short_to_long,0
14.90,110.99999999990035,236.99999999999093,154.99999999986412,180.99999999999093,278.99999999997283,129.99999999997283,205.99999999992752,159.99999999990939,12.81,1099,SSLW,provisional_assumed_short_to_long,0
14.91,116.99999999995097,237,161.99999999994282,182.99999999998366,280.99999999998363,133.99999999996732,211.99999999995097,174.99999999987745,12.810000000000146,1098.9999999999854,SSLW,provisional_assumed_short_to_long,0
14.92,129.99999999990533,237,169.99999999994174,183.99999999999272,282.99999999998545,136.99999999997814,217.99999999995629,180.99999999995629,12.819999999999228,1097.9999999992119,SSLW,provisional_assumed_short_to_long,0
14.93,136.99999999995524,236.00000000000639,177.99999999994884,186.99999999998082,284.99999999998721,138.99999999998721,218,187.99999999995524,12.77,1047.0000000000164,SSLW,provisional_assumed_short_to_long,0
14.94,148.99999999993392,236,183.99999999996697,187,286.99999999998897,140.99999999998897,218,196.99999999995043,12.76999999999974,1048.0000000000086,SSLW,provisional_assumed_short_to_long,0
14.95,154.99999999997334,236.99999999999557,190.99999999996891,189.99999999998667,288.99999999999113,142.99999999999113,220.99999999998667,199.99999999998667,12.754999999999725,1048.5000000000091,SSLW,provisional_assumed_short_to_long,0
14.96,167.99999999995381,237,199.99999999996803,191.99999999999289,291.99999999998931,145.99999999998934,227.99999999997513,208.99999999996803,12.739999999999425,1048.999999999904,SSLW,provisional_assumed_short_to_long,0
14.97,168,236.00000000000267,203.99999999998934,192,293.99999999999466,149.99999999998934,227.00000000000267,216.99999999997868,12.710000000000081,1044.0000000000134,SSLW,provisional_assumed_short_to_long,0
14.98,172.99999999999113,234.00000000000355,207.99999999999289,192.99999999999824,295.99999999999648,153.99999999999289,230.99999999999289,221.99999999999113,12.710000000000001,1051.9999999999859,SSLW,provisional_assumed_short_to_long,0
14.99,173.99999999999912,234,215.99999999999289,194.99999999999824,297.99999999999824,157.99999999999645,234.99999999999645,226.99999999999557,12.680000000000026,1053.9999999999982,SSLW,provisional_assumed_short_to_long,0
15.00,179,234,223,197,301,164,240,229,12.68,1054,SSLW,provisional_assumed_short_to_long,0
15.01,178.00000000000088,230.99999999999557,224.00000000000355,198.00000000000088,303.00000000000091,167.00000000000176,240.00000000000088,234.00000000000267,12.68,1055.0000000000009,SSLW,provisional_assumed_short_to_long,0
15.02,178.99999999997902,226.00000000010482,227.99999999991616,198.99999999997902,303.99999999997902,168.99999999995808,240.99999999997902,236.99999999993713,12.679999999999946,1055.9999999999964,SSLW,provisional_assumed_short_to_long,0
15.03,179.9999999999801,216.00000000019895,228.9999999999801,198.0000000000199,304,166.00000000005969,239.00000000003979,237,12.649999999999944,1053.9999999999914,SSLW,provisional_assumed_short_to_long,0
15.04,180,201.0000000002851,229.99999999998099,196.00000000003803,302.00000000003803,164.00000000003803,229.00000000019008,235.00000000003803,12.630000000001717,1051.0000000001828,SSLW,provisional_assumed_short_to_long,0
15.05,180,182.00000000034424,225.00000000009061,193.00000000005434,297.00000000009061,162.00000000003624,213.0000000002899,234.00000000001813,13.089999999999954,1099.9999999999723,SSLW,provisional_assumed_short_to_long,0
15.06,178.00000000003445,165.00000000029291,220.00000000008615,188.00000000008615,294.00000000005167,154.00000000013785,202.00000000018954,227.00000000012062,13.079999999999945,1093.9999999999395,SSLW,provisional_assumed_short_to_long,0
15.07,172.00000000009805,159.00000000009805,215.00000000008171,188.99999999998366,292.00000000003268,147.0000000001144,199.00000000004903,221.00000000009805,13.070000000000128,1082.9999999999329,SSLW,provisional_assumed_short_to_long,0
15.08,159.00000000020091,154.00000000007728,215,183.00000000009271,289.00000000004638,142.00000000007728,192.00000000010817,213.00000000012363,13.090000000000146,1072.4999999999236,SSLW,provisional_assumed_short_to_long,0
15.09,138.00000000030587,144.00000000014566,213.00000000002913,174.00000000013108,282.00000000010198,135.00000000010198,187.00000000007282,197.00000000023306,13.109999999999673,1061.9999999998038,SSLW,provisional_assumed_short_to_long,0
15.10,110.00000000038298,125.00000000025989,203.00000000013677,159.00000000020518,277.00000000006838,131.00000000005471,176.00000000015046,178.00000000025989,13.070000000000091,1037.9999999997192,SSLW,provisional_assumed_short_to_long,0
15.11,92.000000000230216,102.00000000029416,178.00000000031974,139.0000000002558,253.00000000030695,109.00000000028137,162.00000000017906,141.00000000047322,13.080000000000199,1006.9999999996817,SSLW,provisional_assumed_short_to_long,0
15.12,80.000000000140687,60.000000000492406,159.00000000022277,113.00000000030482,245.00000000009379,95.000000000164135,144.00000000021103,107.00000000039861,13.099999999999339,974.9999999996586,SSLW,provisional_assumed_short_to_long,0
15.13,59.000000000227551,44.000000000173372,129.00000000032509,82.000000000335916,240.00000000005417,91.000000000043343,112.00000000034674,85.000000000238387,13.039999999993453,943.99999999905981,SSLW,provisional_assumed_short_to_long,0
15.14,41.000000000179057,40.00000000003979,102.00000000026859,54.000000000278533,237.00000000002984,89.000000000019895,96.000000000159162,60.00000000024869,12.490000000000256,864.99999999966747,SSLW,provisional_assumed_short_to_long,0
15.15,13.000000000253664,40,78.000000000217426,54,231.00000000005434,87.000000000018119,93.000000000027171,52.000000000072475,12.509999999999794,838.99999999978797,SSLW,provisional_assumed_short_to_long,0
15.16,14.999999999983658,40,71.000000000057199,54,228.0000000000245,87,93,50.000000000016342,12.494999999999781,823.49999999977422,SSLW,provisional_assumed_short_to_long,0
15.17,22.999999999941735,39.000000000007283,51.000000000145661,54,228,88.999999999985434,96.999999999970868,49.000000000007283,12.480000000001237,807.99999999998454,SSLW,provisional_assumed_short_to_long,0
15.18,14.000000000057554,39.999999999993605,51,54,228.99999999999361,89,103.99999999995524,47.00000000001279,12.560000000001962,807.00000000032685,SSLW,provisional_assumed_short_to_long,0
15.19,16.99999999998348,39.000000000005507,50.000000000005507,54,230.99999999998897,89.999999999994486,104.99999999999449,46.000000000005507,12.680000000001378,827.00000000006889,SSLW,provisional_assumed_short_to_long,0
15.20,17,39,50.999999999995559,54,231,89.000000000004434,105,47.999999999991118,12.759999999993047,831.00000000106115,SSLW,provisional_assumed_short_to_long,0
15.21,17.999999999996447,39,50.000000000003553,54,228.00000000001066,89,103.00000000000711,47.000000000003553,12.379999999992615,889.00000000100715,GT,provisional_assumed_short_to_long,0
15.22,16.000000000005329,38.000000000002665,48.000000000005329,53.000000000002665,224.00000000001066,89.999999999997328,100.00000000000799,47.999999999997335,11.994999999996649,941.50000000045702,GT,provisional_assumed_short_to_long,0
15.23,13.000000000005329,38.999999999998224,48,53.999999999998224,223.00000000000176,90.999999999998224,97.000000000005329,48,11.610000000000683,993.99999999990678,GT,provisional_assumed_short_to_long,0
15.24,9.0000000000035527,39.999999999999112,48.999999999999112,53.000000000000888,223,91,96.000000000000881,46.000000000001776,11.829999999999805,962.00000000002842,GT,provisional_assumed_short_to_long,0
15.25,10,40,49,53,224,90,94,47,12.27,904,GT,provisional_assumed_short_to_long,0
15.26,10,42.999999999999112,48.999999999998224,51.999999999999112,224,90.000000000000881,91.999999999995566,46,12.159999999999982,916.00000000000182,GT,provisional_assumed_short_to_long,0
15.27,10,42.000000000020961,47.000000000041922,51.000000000020961,224,90.999999999979039,87.000000000104805,46,12.140000000000036,917.99999999999113,GT,provisional_assumed_short_to_long,0
15.28,9.0000000000198952,42,47,51,224,91,84.000000000059686,46,12.160000000000114,912.99999999999147,GT,provisional_assumed_short_to_long,0
15.29,6.0000000000570211,44.999999999942979,44.000000000057021,50.000000000019007,223.00000000001901,91.999999999980986,84.999999999980986,45.000000000019007,12.199999999999887,909.99999999998317,GT,provisional_assumed_short_to_long,0
15.30,10.999999999909406,63.999999999655742,42.000000000036238,49.000000000018119,224.99999999996376,92,85,45.999999999981881,12.169999999999861,905.4999999999792,GT,provisional_assumed_short_to_long,0
15.31,8.000000000051692,78.999999999741533,42.999999999982769,49,224.00000000001722,92,85,46,12.140000000000001,901.00000000001103,GT,provisional_assumed_short_to_long,0
15.32,8.9999999999836575,81.999999999950973,41.000000000032685,49,224.99999999998366,91.000000000016342,84.000000000016342,46.999999999983658,12.140000000000065,903.00000000001285,GT,provisional_assumed_short_to_long,0
15.33,4.0000000000772715,85.999999999938183,42.999999999969091,49,225,90.000000000015461,84,47,12.149999999999855,905,GT,provisional_assumed_short_to_long,0
15.34,5.8264504332328215e-11,89.999999999941735,40.000000000043698,49,225,89.000000000014566,84,47,12.130000000000082,904.99999999998363,GT,provisional_assumed_short_to_long,0
15.35,0,92.999999999958959,40,49,225.99999999998633,89,84,47,12.140000000000272,902.99999999999091,GT,provisional_assumed_short_to_long,0
15.36,0,93.99999999998721,41.99999999997442,49,226,87.00000000002558,83.00000000001279,47,12.170000000000348,901.99999999996521,GT,provisional_assumed_short_to_long,0
15.37,0,94.999999999988276,40.000000000023448,49,226,83.000000000046896,81.000000000023448,47,12.205000000000386,898.49999999996146,GT,provisional_assumed_short_to_long,0
15.38,0,93.000000000021672,40,49,226,78.000000000054172,82.999999999978328,46.000000000010836,12.239999999999286,895.00000000009527,GT,provisional_assumed_short_to_long,0
15.39,0,93,38.000000000019895,48.000000000009948,226,77.000000000009948,82.000000000009948,46.999999999990052,12.180000000001918,902.99999999978252,GT,provisional_assumed_short_to_long,0
15.40,0,91.000000000018119,38.999999999990941,48,225.00000000000907,77,82,47,12.330000000007523,885.99999999913825,GT,provisional_assumed_short_to_long,0
15.41,0,90.000000000008171,38.000000000008171,48,225,77,80.000000000016342,47,12.880000000000146,823.00000000001455,GT,provisional_assumed_short_to_long,0
15.42,0,90,38.999999999992717,48,223.00000000001455,76.000000000007276,79.000000000007276,47,12.890000000000155,824,GT,provisional_assumed_short_to_long,0
15.43,0,90.999999999993605,38.000000000006395,48,221.00000000001279,76,79,47.999999999993605,12.900000000000164,824,GT,provisional_assumed_short_to_long,0
15.44,0,91.999999999994486,38.999999999994493,48,221,78.999999999983487,79.999999999994486,47.000000000005507,12.910000000000087,824.00000000001728,GT,provisional_assumed_short_to_long,0
15.45,0,92,39,46.000000000008882,221,81.99999999998667,80,46.000000000004441,12.915000000000092,825.0000000000183,GT,provisional_assumed_short_to_long,0
15.46,0,92.999999999996447,39,46.999999999996447,217.00000000001421,80.000000000007105,79.000000000003553,46.999999999996447,12.920000000000192,826.00000000003831,GT,provisional_assumed_short_to_long,0
15.47,0,93.999999999997328,39,47,216.00000000000267,80,79.999999999997328,46.000000000002665,12.929999999999973,827.99999999999466,GT,provisional_assumed_short_to_long,0
15.48,0,97.999999999992895,37.000000000003553,47,215.00000000000176,79.000000000001776,80,46.999999999998224,12.93,828.99999999999818,GT,provisional_assumed_short_to_long,0
15.49,0,100.99999999999733,37,46.000000000000888,215,77.000000000001776,80,47,12.939999999999991,829,GT,provisional_assumed_short_to_long,0
15.50,0,106,37,44,210,76,81,45,12.949999999999999,831,GT,provisional_assumed_short_to_long,0
15.51,0,108.00000000000044,37.000000000000441,45,209.99999999999955,76,81.000000000000441,47,12.949999999999999,831.50000000000045,GT,provisional_assumed_short_to_long,0
15.52,0,108.4999999999952,37.499999999995204,45,209.5000000000048,76,81.499999999995197,47,12.950000000000017,832.00000000000534,GT,provisional_assumed_short_to_long,0
15.53,0,108.99999999999005,37.999999999990052,45,209.00000000000995,76,81.999999999990052,47,12.959999999999944,834.99999999998579,GT,provisional_assumed_short_to_long,0
15.54,0,111.99999999994299,39.999999999961986,45,207.00000000003803,76,81.000000000019014,47,12.94,830,GT,provisional_assumed_short_to_long,0
15.55,0,112.99999999998188,40.999999999981881,45,207,76,81.999999999981881,47,12.94,830,GT,provisional_assumed_short_to_long,0
15.56,0,113,39.000000000034461,45,207,76,83.999999999965539,47,12.94,829.99999999999454,GT,provisional_assumed_short_to_long,0
15.57,0,109.00000000006537,39.999999999983658,45,207,76.999999999983658,84.999999999983658,47,12.940000000000063,829,GT,provisional_assumed_short_to_long,0
15.58,0,108.00000000001546,40,45.999999999984546,207.99999999998454,77.999999999984539,85.999999999984539,47.999999999984546,12.950000000000037,829.00000000000728,GT,provisional_assumed_short_to_long,0
15.59,0,109.99999999997087,40,46,208.99999999998545,79.999999999970868,94.999999999868905,48,12.955000000000041,830.00000000000819,GT,provisional_assumed_short_to_long,0
15.60,0,113.99999999994529,40.999999999986322,46,210.99999999997266,81.999999999972644,101.99999999990425,48,12.959999999995834,831.00000000044395,GT,provisional_assumed_short_to_long,0
15.61,0,120.99999999991172,44.999999999949551,46,213.99999999996217,83.999999999974776,113.99999999984865,49.999999999974776,12.499999999996456,880.00000000043542,GT,provisional_assumed_short_to_long,0
15.62,0,116.00000000005862,45.999999999988276,46.999999999988276,214.99999999998829,88.99999999994138,130.99999999980071,52.999999999964828,12.149999999993943,923.00000000092518,GT,provisional_assumed_short_to_long,0
15.63,0,128.99999999985914,46,47,217.99999999996749,92.999999999956657,139.99999999990249,70.999999999804956,11.599999999995834,1007.0000000006307,GT,provisional_assumed_short_to_long,0
15.64,0,138.99999999990052,46,47.999999999990052,221.99999999996021,98.999999999940314,146.99999999993037,83.999999999870681,11.249999999998977,1060.0000000002174,GT,provisional_assumed_short_to_long,0
15.65,0,160.99999999980071,46.999999999990941,48.999999999990941,226.9999999999547,115.99999999984598,158.99999999989129,99.999999999855049,11.169999999995897,1077.0000000007933,GT,provisional_assumed_short_to_long,0
15.66,8.9999999999264588,179.99999999984476,47.999999999991829,49.999999999991829,233.99999999994282,138.99999999981208,166.99999999993463,120.9999999998284,10.869999999989876,1135.0000000028986,GT,provisional_assumed_short_to_long,0
15.67,40.999999999766942,209.99999999978149,52.999999999963585,51.999999999985434,252.99999999986161,163.99999999981793,182.99999999988347,151.99999999977422,10.174999999989259,1334.0000000030755,GT,provisional_assumed_short_to_long,0
15.68,90.999999999680256,246.99999999976339,128.99999999951399,92.99999999973781,288.99999999976978,205.99999999973141,227.99999999971223,203.99999999966747,9.4799999999936269,1533.0000000036607,GT,provisional_assumed_short_to_long,0
15.69,144.99999999970265,283.99999999979627,183.99999999969714,147.99999999969714,317.99999999984033,239.99999999981276,271.99999999975773,245.9999999997687,9.0900000000003445,1757.0000000025673,GT,provisional_assumed_short_to_long,0
15.70,166.99999999990229,315.99999999985789,182.00000000000887,168.99999999990675,334.99999999992451,262.99999999989785,286.99999999993338,268.99999999989785,9.1100000000007313,1906.0000000003843,GT,provisional_assumed_short_to_long,0
15.71,167,327.99999999995737,162.00000000007105,175.99999999997513,343.99999999996805,266.99999999998579,304.99999999993605,279.99999999996089,9.1500000000009596,1927.0000000006139,GT,provisional_assumed_short_to_long,0
15.72,168.99999999999466,334.99999999998136,132.00000000007992,173.00000000000799,346.99999999999199,267,309.9999999999867,283.99999999998931,9.1999999999998661,1958.9999999999147,GT,provisional_assumed_short_to_long,0
15.73,170.99999999999645,336.99999999999648,111.0000000000373,169.00000000000711,347.99999999999824,267,311.99999999999648,288.99999999999113,9.2299999999999471,1966.4999999999866,GT,provisional_assumed_short_to_long,0
15.74,174.99999999999645,335.00000000000176,112.99999999999822,162.00000000000622,348,267.99999999999909,306.00000000000534,291.99999999999733,9.2599999999999731,1973.9999999999934,GT,provisional_assumed_short_to_long,0
15.75,177,339,117,159,353,271,298,289,9.2899999999999991,1986,GT,provisional_assumed_short_to_long,0
15.76,172.99999999999557,342.00000000000267,123.00000000000178,162.00000000000711,354,272,290.99999999999909,285.99999999999733,9.3600000000000705,1975.9999999999777,GT,provisional_assumed_short_to_long,0
15.77,168.00000000010482,344.99999999993713,124.99999999995808,169.99999999983231,354,272,290.00000000002098,283.00000000006287,9.4400000000001594,1950.9999999999288,GT,provisional_assumed_short_to_long,0
15.78,165.00000000005969,343.00000000003979,122.00000000005969,171.99999999996021,354.9999999999801,270.00000000003979,287.00000000005969,275.00000000015916,9.5300000000002836,1910.9999999998522,GT,provisional_assumed_short_to_long,0
15.79,161.00000000007603,343,119.00000000005701,174.99999999994299,354.00000000001899,262.00000000015206,284.00000000005701,267.00000000015206,9.6300000000004857,1858.9999999998283,GT,provisional_assumed_short_to_long,0
15.80,149.00000000021743,342.00000000001813,96.000000000416733,175.99999999998187,352.00000000003627,251.00000000019929,276.00000000014495,257.00000000018122,9.760000000000602,1812.9999999997876,GT,provisional_assumed_short_to_long,0
15.81,148.00000000001722,340.00000000003445,87.500000000146457,175.00000000001722,351.50000000000864,247.50000000006031,274.00000000003445,251.50000000009476,9.8900000000004411,1766.9999999997522,GT,provisional_assumed_short_to_long,0
15.82,147.00000000001634,338.00000000003268,79.000000000138911,174.00000000001634,351.00000000000819,244.00000000005718,272.00000000003268,246.00000000008987,9.9700000000019191,1721.9999999993988,GT,provisional_assumed_short_to_long,0
15.83,133.00000000021635,330.00000000012363,67.000000000185452,171.00000000004636,348.00000000004638,239.00000000007728,251.00000000032455,230.00000000024727,10.270000000000437,1627.9999999998251,GT,provisional_assumed_short_to_long,0
15.84,93.000000000582645,308.00000000032048,50.000000000247624,160.00000000016024,332.00000000023306,229.00000000014566,219.00000000046612,207.00000000033504,10.330000000000163,1603.999999999812,GT,provisional_assumed_short_to_long,0
15.85,84.000000000123094,301.00000000009572,48.000000000027356,152.00000000010942,325.00000000009572,213.00000000021885,215.00000000005471,200.00000000009575,10.350000000000453,1580.9999999997463,GT,provisional_assumed_short_to_long,0
15.86,77.000000000088278,292.00000000011352,48,144.0000000001009,317.0000000001009,191.00000000027745,205.00000000012614,196.00000000005045,10.400000000000203,1552.9999999998786,GT,provisional_assumed_short_to_long,0
15.87,70.000000000082068,282.00000000011721,48,134.00000000011724,311.00000000007037,185.00000000007034,205.99999999998829,191.00000000005861,10.42000000000022,1540.9999999998679,GT,provisional_assumed_short_to_long,0
15.88,64.5000000000596,276.00000000006503,48,124.50000000010294,306.50000000004877,182.00000000003251,196.50000000010294,184.00000000007586,10.440000000005593,1529.000000000357,GT,provisional_assumed_short_to_long,0
15.89,59.000000000054712,270.00000000005969,48,115.0000000000945,302.00000000004479,179.00000000002984,187.0000000000945,177.00000000006963,10.91000000000064,1558.9999999998208,GT,provisional_assumed_short_to_long,0
15.90,49.000000000090594,260.00000000009061,48,108.00000000006341,296.00000000005434,170.00000000008154,181.00000000005434,164.00000000011778,10.960000000000822,1544.9999999997949,GT,provisional_assumed_short_to_long,0
15.91,35.000000000114397,250.00000000008171,47.000000000008171,101.0000000000572,292.00000000003268,149.00000000017161,175.00000000004903,143.00000000017161,11.020000000000582,1529.9999999998251,GT,provisional_assumed_short_to_long,0
15.92,30.000000000036415,243.00000000005099,46.000000000007283,94.000000000050989,290.00000000001455,145.00000000002913,175,132.00000000008012,11.060000000003246,1517.9999999991346,GT,provisional_assumed_short_to_long,0
15.93,30,232.00000000007034,43.000000000019185,77.000000000108713,286.00000000002558,136.00000000005755,170.00000000003197,123.00000000005755,11.270000000000326,1461.9999999998856,GT,provisional_assumed_short_to_long,0
15.94,28.000000000011013,225.00000000003854,43,73.000000000022027,281.00000000002751,131.00000000002754,168.00000000001103,106.00000000009362,11.290000000000431,1454.9999999995434,GT,provisional_assumed_short_to_long,0
15.95,28,220.0000000000222,43.999999999995559,56.000000000075495,276.00000000002223,123.00000000003553,167.00000000000443,102.00000000001776,11.315000000000456,1428.4999999995152,GT,provisional_assumed_short_to_long,0
15.96,27.000000000003553,218.00000000000711,43.000000000003553,55.000000000003553,266.00000000003553,115.00000000002842,166.00000000000355,99.000000000010658,11.340000000000384,1401.9999999999234,GT,provisional_assumed_short_to_long,0
15.97,24.000000000007994,214.00000000001066,41.000000000005329,55,257.00000000002399,111.00000000001066,166.99999999999733,98.000000000002672,11.359999999999946,1398.0000000000107,GT,provisional_assumed_short_to_long,0
15.98,23.500000000000888,213.00000000000176,41.999999999998224,55,255.00000000000355,108.50000000000443,167,98,11.409999999999911,1401.999999999993,GT,provisional_assumed_short_to_long,0
15.99,23.000000000000444,212.00000000000088,42.999999999999112,55,253.00000000000176,106.00000000000222,167,98,11.439999999999973,1399.0000000000027,GT,provisional_assumed_short_to_long,0
16.00,22,208,43,70,254,106,167,98,11.48,1400,GT,provisional_assumed_short_to_long,0
16.01,22,204.50000000003607,42.500000000005151,76.499999999933038,254,106,167.49999999999486,98,11.480000000000006,1396.9999999999989,GT,provisional_assumed_short_to_long,0
16.02,22,201.00000000007336,42.000000000010481,82.999999999863746,254,106,167.99999999998951,98,11.48500000000001,1395.9999999999982,GT,provisional_assumed_short_to_long,0
16.03,22,196.00000000009948,42.999999999980105,85.999999999940314,254,106.9999999999801,166.00000000003979,99.99999999996021,11.490000000000085,1395,GT,provisional_assumed_short_to_long,0
16.04,21.000000000019185,192.00000000007674,43.999999999980815,86,253.00000000001918,107,164.00000000003837,99.000000000019185,11.520000000000071,1394.9999999999893,GT,provisional_assumed_short_to_long,0
16.05,20.000000000018119,185.00000000012682,44.999999999981881,88.999999999945643,252.00000000001813,106.00000000001812,165.99999999996376,103.99999999990941,11.540000000000276,1391.9999999999538,GT,provisional_assumed_short_to_long,0
16.06,20,175.00000000017408,44.000000000017408,89,252,105.00000000001741,167.99999999996518,104.99999999998259,11.599999999999946,1381.9999999999948,GT,provisional_assumed_short_to_long,0
16.07,18.000000000032685,172.00000000004903,44.999999999983658,89.999999999983658,251.00000000001634,105,167.00000000001634,106.99999999996732,11.59,1380.9999999999936,GT,provisional_assumed_short_to_long,0
16.08,18.999999999984723,172,45.999999999984723,90.999999999984723,250.00000000001529,106.99999999996945,162.0000000000764,107.99999999998472,11.59,1379.9999999999925,GT,provisional_assumed_short_to_long,0
16.09,17.000000000029132,168.00000000005826,45.000000000014566,92.999999999970868,250.99999999998545,108.99999999997087,166.99999999992718,123.99999999976694,11.590000000000082,1379.0000000000082,GT,provisional_assumed_short_to_long,0
16.10,14.000000000040501,168.9999999999865,46.999999999972999,93.9999999999865,251,109.9999999999865,162.0000000000675,134.9999999998515,11.600000000000092,1379.9999999999907,GT,provisional_assumed_short_to_long,0
16.11,14,169,47,94.499999999993605,251.49999999999361,112.49999999996803,162.49999999999361,144.4999999998785,11.610000000000099,1379,GT,provisional_assumed_short_to_long,0
16.12,14,169,47,94.999999999994145,251.99999999999415,114.9999999999707,162.99999999999415,153.99999999988862,11.619999999999889,1378.9999999999891,GT,provisional_assumed_short_to_long,0
16.13,14.999999999988987,171.99999999996697,47,95.999999999988987,252,117.99999999996696,164.99999999997797,171.99999999980176,11.609999999999882,1377.9999999999532,GT,provisional_assumed_short_to_long,0
16.14,33.999999999810996,175.99999999996021,47,95.000000000009948,252.99999999999005,119.9999999999801,171.99999999993037,185.99999999986073,11.599999999999872,1373.9999999999616,GT,provisional_assumed_short_to_long,0
16.15,42.999999999916866,178.99999999997229,46.000000000009237,95.999999999990763,253.99999999999076,124.99999999995381,173.99999999998153,192.99999999993534,11.589999999999865,1370.9999999999932,GT,provisional_assumed_short_to_long,0
16.16,46.999999999967315,184.99999999995097,46.999999999991829,96,255.99999999998366,127.99999999997549,173.00000000000819,197.99999999995913,11.579999999999854,1370.4999999999927,GT,provisional_assumed_short_to_long,0
16.17,51.999999999964473,189.99999999996447,47,96.999999999992895,256.99999999999289,128.99999999999289,177.99999999996447,203.99999999995737,11.569999999999844,1369.9999999999375,GT,provisional_assumed_short_to_long,0
16.18,59.999999999948841,193.99999999997442,47,97.999999999993605,257,129,179.99999999998721,211.99999999994884,11.559999999999674,1365.9999999999673,GT,provisional_assumed_short_to_long,0
16.19,65.999999999968026,201.99999999995737,47,97.000000000005329,257,131.99999999998403,177.00000000001597,220.99999999995202,11.539999999999999,1363.9999999999477,GT,provisional_assumed_short_to_long,0
16.20,68.999999999986144,212.99999999994918,47,97,258.99999999999079,136.99999999997692,177,228.99999999996305,11.539999999999818,1360.9999999999638,GT,provisional_assumed_short_to_long,0
16.21,72.999999999985789,222.99999999996447,47.999999999996447,97.999999999996447,260.99999999999289,138.99999999999289,181.99999999998224,236.99999999997158,11.529999999999808,1358.9999999999616,GT,provisional_assumed_short_to_long,0
16.22,73.999999999997158,229.9999999999801,47.000000000002842,99.999999999994316,262.99999999999432,139,183.99999999999432,243.9999999999801,11.520000000000028,1357.0000000000057,GT,provisional_assumed_short_to_long,0
16.23,74.999999999998224,235.99999999998934,47.999999999998224,99.000000000001776,266.99999999999289,139.99999999999824,185.99999999999645,247.99999999999289,11.500000000000036,1352.0000000000089,GT,provisional_assumed_short_to_long,0
16.24,75.999999999999289,237.99999999999858,48,99.999999999999289,269.99999999999784,140,186.99999999999929,250.99999999999787,11.480000000000015,1347.0000000000036,GT,provisional_assumed_short_to_long,0
16.25,76,239,48,99,271,142,189,252,11.470000000000001,1348,GT,provisional_assumed_short_to_long,0
16.26,78.000000000003197,238.99999999999895,47.999999999998934,98,269.99999999999682,141.99999999999895,188.99999999999895,252.00000000000105,11.449999999999967,1346.9999999999925,GT,provisional_assumed_short_to_long,0
16.27,80.999999999937117,238.00000000002098,47.000000000020961,98,267.00000000006287,141.00000000002098,188.00000000002098,252.99999999997902,11.419999999999929,1339.9999999999841,GT,provisional_assumed_short_to_long,0
16.28,82.99999999996021,236.00000000003979,47,97.000000000019895,265.00000000003979,141,188.9999999999801,251.00000000003979,11.379999999998693,1330.9999999998522,GT,provisional_assumed_short_to_long,0
16.29,81.000000000038369,232.00000000007674,47.999999999980815,97.999999999980815,262.00000000005753,141,188.00000000001918,250.00000000001918,10.919999999999982,1278.999999999993,GT,provisional_assumed_short_to_long,0
16.30,80.000000000018119,229.00000000005434,48,92.000000000108713,260.00000000003627,141,187.00000000001813,247.00000000005434,10.914999999999978,1276.9999999999907,GT,provisional_assumed_short_to_long,0
16.31,78.000000000034817,225.00000000006963,48,92,256.00000000006963,140.00000000001739,186.00000000001739,246.00000000001739,10.910000000000053,1274.9999999999948,GT,provisional_assumed_short_to_long,0
16.32,78,222.00000000004903,46.000000000032685,88.00000000006537,255.00000000001634,137.00000000004903,183.00000000004903,245.00000000001634,10.92,1274,GT,provisional_assumed_short_to_long,0
16.33,76.000000000030553,212.00000000015277,47.999999999969447,85.00000000004583,255,134.00000000004582,183,240.0000000000764,10.920000000000075,1274.0000000000075,GT,provisional_assumed_short_to_long,0
16.34,75.000000000014566,208.00000000005826,47.000000000014566,80.000000000072831,254.00000000001455,132.00000000002913,182.00000000001455,239.00000000001455,10.930000000000081,1275.0000000000164,GT,provisional_assumed_short_to_long,0
16.35,75,203.0000000000675,47.9999999999865,75.000000000067502,254,130.000000000027,177.0000000000675,240.999999999973,10.939999999999722,1277.0000000000371,GT,provisional_assumed_short_to_long,0
16.36,75,203,48,79.999999999936051,254.99999999998721,130,177,241.99999999998721,10.909999999999702,1281.0000000000398,GT,provisional_assumed_short_to_long,0
16.37,76.999999999976552,206.9999999999531,48,77.000000000035172,255.99999999998829,131.99999999997655,178.99999999997655,243.99999999997655,10.879999999999891,1285.0000000000221,GT,provisional_assumed_short_to_long,0
16.38,78.999999999977973,208.99999999997797,48.999999999988987,77.999999999988987,256.99999999998897,133.99999999997797,181.99999999996697,248.99999999994492,10.869999999999999,1286.9999999999882,GT,provisional_assumed_short_to_long,0
16.39,80.999999999980105,210.9999999999801,49,78,259.99999999997016,134.99999999999005,181.00000000000995,250.9999999999801,10.869999999999871,1286.0000000000127,GT,provisional_assumed_short_to_long,0
16.40,84.999999999963052,215.99999999995381,49,79.999999999981526,260,136.99999999998153,183.99999999997229,252.99999999998153,10.859999999999864,1286.9999999999595,GT,provisional_assumed_short_to_long,0
16.41,85,218.9999999999755,49,79.000000000008171,261.99999999998363,138.99999999998366,184,255.9999999999755,10.849999999999854,1284.0000000000146,GT,provisional_assumed_short_to_long,0
16.42,89.999999999964473,219,49.999999999992895,80.999999999985789,270.99999999993605,139,183.00000000000711,257.99999999998579,10.840000000000469,1284.9999999999843,GT,provisional_assumed_short_to_long,0
16.43,90.999999999993605,218.00000000000639,50,83.999999999980815,272.99999999998721,139.99999999999361,183,258.99999999999363,10.869999999999918,1283.9999999999836,GT,provisional_assumed_short_to_long,0
16.44,99.999999999952038,218,49.000000000005329,85.999999999989342,273.99999999999466,140,182.00000000000534,261.99999999998403,10.864999999999913,1282.9999999999825,GT,provisional_assumed_short_to_long,0
16.45,99.000000000004619,217.0000000000046,49,86.999999999995381,274.9999999999954,140.9999999999954,182,262.9999999999954,10.859999999999818,1281.9999999999638,GT,provisional_assumed_short_to_long,0
16.46,97.000000000007105,216.00000000000355,49.999999999996447,89.999999999989342,275,141.99999999999645,180.00000000000711,264.99999999999289,10.849999999999808,1279.9999999999809,GT,provisional_assumed_short_to_long,0
16.47,97,214.00000000000568,49.000000000002842,90,275,142,181.99999999999432,265,10.840000000000028,1279.0000000000027,GT,provisional_assumed_short_to_long,0
16.48,96.000000000001776,213.00000000000176,50.999999999996447,90,275.99999999999824,142.99999999999824,182.99999999999824,265.99999999999824,10.84,1279.9999999999982,GT,provisional_assumed_short_to_long,0
16.49,96,213,51.999999999999289,89.000000000000711,276.99999999999932,143,183.99999999999929,266.99999999999932,10.830000000000007,1281.9999999999986,GT,provisional_assumed_short_to_long,0
16.50,96,213,62,88,277,143,185,268,10.815000000000001,1286.5,GT,provisional_assumed_short_to_long,0
16.51,97.999999999996803,213.00000000000639,63.000000000006395,88.999999999998934,277.00000000000108,143,187.00000000000105,269.00000000000108,10.79999999999999,1291.000000000002,GT,provisional_assumed_short_to_long,0
16.52,95.000000000062883,218.99999999987423,68.999999999874234,88.000000000020961,277.99999999997902,143,187.99999999997902,269.99999999997902,10.789999999999981,1292.9999999999982,GT,provisional_assumed_short_to_long,0
16.53,95,219.9999999999801,67.00000000003979,87.000000000019895,278,143,188.9999999999801,270.9999999999801,10.780000000000028,1291.9999999999943,GT,provisional_assumed_short_to_long,0
16.54,94.000000000019185,220,71.999999999904077,87.999999999980815,278.99999999998079,143,189,272.99999999996163,10.789999999999999,1289.9999999999893,GT,provisional_assumed_short_to_long,0
16.55,88.000000000108713,220,78.999999999873168,88,279.99999999998187,143.99999999998187,189.99999999998187,273,10.790000000000045,1287.0000000000277,GT,provisional_assumed_short_to_long,0
16.56,88,220.99999999998261,84.99999999989555,88,280.99999999998261,144,191.99999999996518,273.99999999998261,10.800000000000054,1293.0000000000159,GT,provisional_assumed_short_to_long,0
16.57,88.999999999983658,221.99999999998366,87.999999999950973,90.999999999950973,281,144,193.99999999996732,274.99999999998363,10.809999999999969,1295.9999999999905,GT,provisional_assumed_short_to_long,0
16.58,89,222.99999999998471,86.000000000030553,89.000000000030553,281.99999999998471,144.99999999998471,195.99999999996945,275.99999999998471,10.804999999999964,1294.4999999999889,GT,provisional_assumed_short_to_long,0
16.59,89,223.99999999998545,86,89.999999999985434,282.99999999998545,145,196.99999999998545,276,10.800000000000082,1293,GT,provisional_assumed_short_to_long,0
16.60,89,225.999999999973,87.999999999972999,89.0000000000135,283,145,197.9999999999865,276.99999999998647,10.81,1292.9999999999723,GT,provisional_assumed_short_to_long,0
16.61,89,226,89.99999999997442,81.000000000102318,283.99999999998721,145,198,277.99999999998721,10.81,1290.0000000000298,GT,provisional_assumed_short_to_long,0
16.62,88.000000000011724,226.99999999998829,89.000000000011724,80.000000000011724,284,145,198.99999999998829,278,10.809999999997247,1292.9999999999891,GT,provisional_assumed_short_to_long,0
16.63,86.000000000022027,227,91.99999999996696,80,284,145,199,277.00000000001103,10.559999999999942,1291.9999999999882,GT,provisional_assumed_short_to_long,0
16.64,84.000000000019895,226.00000000000995,93.999999999980105,77.000000000029843,284,145,198.00000000000995,277.99999999999005,10.554999999999936,1290.9999999999873,GT,provisional_assumed_short_to_long,0
16.65,83.000000000009237,225.00000000000924,92.000000000018474,76.000000000009237,284,145,198.99999999999076,277.00000000000921,10.549999999999866,1290.0000000000405,GT,provisional_assumed_short_to_long,0
16.66,83,224.00000000000819,91.000000000008171,56.000000000163425,284,145,198.00000000000819,277,10.539999999999853,1293.0000000000291,GT,provisional_assumed_short_to_long,0
16.67,83,224.99999999999289,92.999999999985789,56,284,144.00000000000711,198,277,10.529999999999999,1295.0000000000468,GT,provisional_assumed_short_to_long,0
16.68,85.999999999980815,225,90.000000000019185,56,284,144,198,277,10.529999999999836,1298.0000000000327,GT,provisional_assumed_short_to_long,0
16.69,86.999999999994671,225,91.999999999989342,56,284,144,198,277.99999999999466,10.519999999999825,1300,GT,provisional_assumed_short_to_long,0
16.70,86.000000000004619,225,92,56,284,144,199.99999999999076,277.0000000000046,10.51,1299.9999999999909,GT,provisional_assumed_short_to_long,0
16.71,85.000000000003553,224.00000000000355,89.000000000010658,55.000000000003553,284,144,200,277.99999999999648,10.51,1299.4999999999961,GT,provisional_assumed_short_to_long,0
16.72,84.000000000002842,224,85.000000000011369,55,283.00000000000284,143.00000000000284,199.00000000000284,278,10.51,1299.0000000000014,GT,provisional_assumed_short_to_long,0
16.73,84,222.00000000000355,80.000000000008882,55.999999999998224,282.00000000000176,142.00000000000176,199,278,10.490000000000036,1297.0000000000036,GT,provisional_assumed_short_to_long,0
16.74,84,222.99999999999929,85.999999999995737,54.000000000001421,282,141.00000000000071,199,278,10.519999999999978,1293.0000000000027,GT,provisional_assumed_short_to_long,0
16.75,83,222,82,54,283,141,197,278,10.51,1295,GT,provisional_assumed_short_to_long,0
16.76,84.000000000001066,220.99999999999682,81.999999999998934,54.999999999998934,282.99999999999892,141,198,277.9999999999979,10.509999999999989,1295.9999999999989,GT,provisional_assumed_short_to_long,0
16.77,84.999999999979039,218.00000000006287,81.000000000020961,54.000000000020961,282.00000000002098,141,198,276.00000000004195,10.5,1295.0000000000018,GT,provisional_assumed_short_to_long,0
16.78,82.000000000059686,217.0000000000199,81,53.000000000019895,281.0000000000199,139.00000000003979,197.0000000000199,276,10.499999999999986,1296,GT,provisional_assumed_short_to_long,0
16.79,82.999999999980815,217,73.000000000153477,54.999999999961631,279.00000000003837,139,196.00000000001918,276,10.494999999999983,1296,GT,provisional_assumed_short_to_long,0
16.80,83,217,76.499999999936591,54.000000000018119,279,139,196,276,10.49,1295.9999999999955,GT,provisional_assumed_short_to_long,0
16.81,83,217,79.999999999939064,53.000000000017408,279,139,196,276,10.489999999999734,1295.0000000000214,GT,provisional_assumed_short_to_long,0
16.82,83,218.99999999996732,79.000000000016342,53,279,139,196.99999999998366,276,10.439999999999936,1299.0000000000064,GT,provisional_assumed_short_to_long,0
16.83,82.000000000015277,219,74.000000000076383,53,279,139,197,276,10.43,1300.0000000000075,GT,provisional_assumed_short_to_long,0
16.84,81.500000000007276,217.50000000002186,73.000000000014566,52.500000000007283,278.50000000000728,138.50000000000728,196.00000000001455,276,10.429999999999918,1300.9999999999673,GT,provisional_assumed_short_to_long,0
16.85,81.00000000000675,216.00000000002024,72.0000000000135,52.00000000000675,278.00000000000676,138.00000000000676,195.0000000000135,276,10.420000000000046,1296.9999999999955,GT,provisional_assumed_short_to_long,0
16.86,79.00000000002558,213.00000000003837,70.00000000002558,52,278,138,193.00000000002558,275.00000000001279,10.42500000000005,1296.499999999995,GT,provisional_assumed_short_to_long,0
16.87,78.000000000011724,213,67.000000000035172,52.999999999988276,277.00000000001171,137.00000000001171,193.99999999998829,275,10.43,1296.0000000000109,GT,provisional_assumed_short_to_long,0
16.88,77.000000000011013,212.00000000001103,66.000000000011013,52.000000000011013,277,136.00000000001103,192.00000000002203,275,10.43,1296.9999999999766,GT,provisional_assumed_short_to_long,0
16.89,76.000000000009948,212,53.000000000129319,52,277,133.00000000002984,192,274.00000000000995,10.430000000000383,1294.9999999999231,GT,provisional_assumed_short_to_long,0
16.90,75.000000000009237,211.00000000000924,50.000000000027711,52,276.00000000000921,133,190.00000000001847,274,10.460000000000541,1289.0000000000134,GT,provisional_assumed_short_to_long,0
16.91,75.999999999991829,211.99999999999181,51.999999999983658,52,275.00000000000819,133,189.00000000000819,273.00000000000819,10.499999999999854,1289.9999999999709,GT,provisional_assumed_short_to_long,0
16.92,76.999999999992895,210.00000000001421,51.000000000007105,52,275,133,189,273,10.489999999999922,1288.0000000000077,GT,provisional_assumed_short_to_long,0
16.93,77.999999999993605,210,51.999999999993605,52,274.00000000000637,132.00000000000639,189.99999999999361,273,10.484999999999918,1288.5000000000082,GT,provisional_assumed_short_to_long,0
16.94,78,209.00000000000534,52,52.999999999994671,273.00000000000534,132,189.00000000000534,272.00000000000534,10.48,1288.9999999999825,GT,provisional_assumed_short_to_long,0
16.95,77.000000000004619,208.0000000000046,52,52.000000000004619,272.0000000000046,131.0000000000046,189,272,10.48,1287.9999999999457,GT,provisional_assumed_short_to_long,0
16.96,77,207.00000000000355,52,52,268.00000000001421,131,188.00000000000355,271.00000000000352,10.479999999999425,1284.9999999999234,GT,provisional_assumed_short_to_long,0
16.97,76.000000000002842,207,52,52.999999999997158,268,130.00000000000284,186.00000000000568,271,10.450000000000085,1281.0000000000114,GT,provisional_assumed_short_to_long,0
16.98,76.999999999998224,207,51.000000000001776,52.000000000001776,267.00000000000176,130,186.99999999999824,271,10.440000000000017,1278.0000000000052,GT,provisional_assumed_short_to_long,0
16.99,77,206.00000000000071,51,52,267,128.00000000000142,184.00000000000213,270.00000000000068,10.459999999999987,1277.0000000000007,GT,provisional_assumed_short_to_long,0
17.00,76,206,51,52,267,128,185,270,10.455,1277,GT,provisional_assumed_short_to_long,0
17.01,75,205,49.000000000002132,52.000000000001066,265.9999999999979,127,185.99999999999787,265,10.449999999999999,1276.9999999999989,GT,provisional_assumed_short_to_long,0
17.02,75,205,50.999999999958078,52.999999999979039,264.00000000004195,127,184.00000000004192,265,10.450000000000017,1276.0000000000889,GT,provisional_assumed_short_to_long,0
17.03,75,204.0000000000199,51,51.00000000003979,263.0000000000199,126.0000000000199,183.0000000000199,265,10.460000000000001,1326,GT,provisional_assumed_short_to_long,0
17.04,75.999999999980815,204,51,51,263,126,183.99999999998082,265,10.460000000000285,1325.9999999999964,GT,provisional_assumed_short_to_long,0
17.05,76,204.99999999998187,51,51.999999999981881,263.99999999998187,126.99999999998188,183.00000000001813,265,10.539999999999999,1325,GT,provisional_assumed_short_to_long,0
17.06,75.000000000017408,203.00000000003482,51,52.999999999982592,264,127,183,265,10.539999999999999,1325,GT,provisional_assumed_short_to_long,0
17.07,75,203,49.000000000032685,52.000000000016342,264,127,183,265,10.540000000000031,1325.0000000000032,GT,provisional_assumed_short_to_long,0
17.08,75.999999999984723,203,49.999999999984723,52,264,127,183.99999999998471,265,10.545000000000037,1325.5000000000036,GT,provisional_assumed_short_to_long,0
17.09,76,203.99999999998545,50.999999999985434,52.999999999985434,264,127,184,265.99999999998545,10.549999999999919,1326.0000000000082,GT,provisional_assumed_short_to_long,0
17.10,77.999999999972999,203.0000000000135,51,52.0000000000135,264,127,184,266,10.540000000000184,1327.0000000004618,GT,provisional_assumed_short_to_long,0
17.11,79.99999999997442,203.99999999998721,51,52,264,127,184,266,10.56,1377.00000000001,GT,provisional_assumed_short_to_long,0
17.12,80,204,51,52.999999999988276,264.99999999998829,127,184.99999999998829,266,10.55999999999989,1378.0000000000662,GT,provisional_assumed_short_to_long,0
17.13,80,204.99999999998897,51,53,265.99999999998897,127.99999999998899,185.99999999998897,269.99999999995595,10.550000000000001,1384.0000000000059,GT,provisional_assumed_short_to_long,0
17.14,80.999999999990052,205.99999999999005,51,52.000000000009948,266,128.99999999999005,185.00000000000995,270,10.550000000000001,1384.5000000000064,GT,provisional_assumed_short_to_long,0
17.15,81.999999999991118,206,51,52,266,129,186.99999999998224,270.99999999999113,10.550000000000001,1384.9999999999861,GT,provisional_assumed_short_to_long,0
17.16,82,206,51,52.999999999991829,266.99999999999181,129,187,271,10.550000000000146,1384.0000000000291,GT,provisional_assumed_short_to_long,0
17.17,82,206.99999999999289,51,52.000000000007105,267,129.99999999999289,187,271.99999999999289,10.560000000000157,1385.9999999999843,GT,provisional_assumed_short_to_long,0
17.18,82,207.99999999999361,51,52,267,130,187,272,10.570000000000164,1385.0000000000327,GT,provisional_assumed_short_to_long,0
17.19,82.999999999994671,208,51,52,267,130,187,272.99999999999466,10.58,1387.0000000000348,GT,provisional_assumed_short_to_long,0
17.20,83,208,51,52,270.99999999998153,130.9999999999954,187.9999999999954,273,10.580000000000091,1388.9999999999818,GT,provisional_assumed_short_to_long,0
17.21,83.999999999996447,208,49.000000000007105,52,271.99999999999648,131,188.99999999999645,273,10.58500000000004,1387.9999999999923,GT,provisional_assumed_short_to_long,0
17.22,85.999999999994316,208,50.999999999994316,52,272,131,189.99999999999716,273.99999999999716,10.589999999999986,1387.0000000000027,GT,provisional_assumed_short_to_long,0
17.23,85.000000000001776,208,49.000000000003553,51.000000000001776,272.99999999999824,131.99999999999824,190,274,10.609999999999964,1388.9999999999964,GT,provisional_assumed_short_to_long,0
17.24,87.999999999997868,209.99999999999858,49,51.999999999999289,273,132,190,274,10.600000000000007,1388.0000000000007,GT,provisional_assumed_short_to_long,0
17.25,89,211,51,52,274,132,190,275,10.59,1392,GT,provisional_assumed_short_to_long,0
17.26,89.000000000001066,211,50.999999999998934,52,273.00000000000051,132,190.00000000000054,276.00000000000051,10.59,1394.999999999998,GT,provisional_assumed_short_to_long,0
17.27,89.999999999990408,211,50.000000000009592,52,273.49999999999523,132,190.4999999999952,276.49999999999523,10.590000000000035,1393,GT,provisional_assumed_short_to_long,0
17.28,90.999999999980105,211,49.000000000019895,52,273.99999999999005,132,190.99999999999005,276.99999999999005,10.609999999999999,1393,GT,provisional_assumed_short_to_long,0
17.29,89.000000000038369,211.99999999998082,50.999999999961631,52,274,132,191.99999999998082,277,10.609999999999999,1393,GT,provisional_assumed_short_to_long,0
17.30,89,211.00000000001813,51,52,274,132,192,277,10.610000000000046,1393.0000000000045,GT,provisional_assumed_short_to_long,0
17.31,89,210.5000000000087,51,52.999999999982592,274,132.4999999999913,191.5000000000087,277.4999999999913,10.619999999999946,1394,GT,provisional_assumed_short_to_long,0
17.32,89,210.00000000000819,51,53.999999999983658,274,132.99999999999181,191.00000000000819,277.99999999999181,10.609999999999999,1394,GT,provisional_assumed_short_to_long,0
17.33,90.999999999969447,210.99999999998471,51,52.000000000030553,274,133,190.00000000001529,278,10.609999999999925,1394.0000000000075,GT,provisional_assumed_short_to_long,0
17.34,91.999999999985434,211.99999999998545,51,52,274,134.99999999997087,190,278,10.599999999999918,1395.0000000000573,GT,provisional_assumed_short_to_long,0
17.35,92.49999999999325,212.49999999999324,50.0000000000135,52,274,134.50000000000676,190.49999999999324,278,10.589999999999907,1402.0000000000646,GT,provisional_assumed_short_to_long,0
17.36,92.999999999993605,212.99999999999361,49.00000000001279,52,274,134.00000000000639,190.99999999999361,278,10.579999999999901,1409,GT,provisional_assumed_short_to_long,0
17.37,94.999999999976552,213,50.999999999976552,52,274,133.00000000001171,191,278,10.56999999999989,1408.9999999999891,GT,provisional_assumed_short_to_long,0
17.38,94.000000000011013,212.00000000001103,49.000000000022027,52,274.99999999998897,133,191,278,10.56,1408,GT,provisional_assumed_short_to_long,0
17.39,96.999999999970157,213.9999999999801,50.999999999980105,53.999999999980105,275,133.99999999999005,191,278,10.56,1408.0000000000127,GT,provisional_assumed_short_to_long,0
17.40,95.000000000017764,213.00000000000887,51,52.000000000017764,275,134,191.99999999999113,278,10.560000000000139,1408.9999999999861,GT,provisional_assumed_short_to_long,0
17.41,95,213.99999999999181,51,52,275,134.99999999999181,192,278,10.57,1408.0000000000073,GT,provisional_assumed_short_to_long,0
17.42,93.000000000014211,213.00000000000711,51,52,275,134.00000000000711,192,278,10.57,1408.5000000000077,GT,provisional_assumed_short_to_long,0
17.43,93,213.99999999999361,51,53.99999999998721,275,134,192,278,10.57,1408.9999999999345,GT,provisional_assumed_short_to_long,0
17.44,93,214,51,52.000000000010658,275,134,192,278,10.570000000000174,1405.0000000002437,GT,provisional_assumed_short_to_long,0
17.45,94.999999999990763,213.0000000000046,51,52,275,134,192,278,10.58,1419,GT,provisional_assumed_short_to_long,0
17.46,95.999999999996447,213,49.000000000007105,53.999999999992895,275,134,192,278,10.580000000000192,1418.9999999999809,GT,provisional_assumed_short_to_long,0
17.47,95.000000000002842,214.99999999999432,50.999999999994316,52.000000000005684,275,134.99999999999716,192,278,10.589999999999971,1418.0000000000027,GT,provisional_assumed_short_to_long,0
17.48,93.000000000003553,214.00000000000176,49.000000000003553,52,275,134.00000000000176,192,278,10.580000000000018,1417.0000000000018,GT,provisional_assumed_short_to_long,0
17.49,93.999999999999289,213.00000000000071,50.999999999998579,52.999999999999289,275,134,191.00000000000071,278,10.58,1417,GT,provisional_assumed_short_to_long,0
17.50,95,213,51,52,275,135,192,279,10.58,1417,GT,provisional_assumed_short_to_long,0
17.51,95,213.00000000000105,49.000000000002132,52,275,134.00000000000105,192,278.00000000000108,10.580000000000011,1417.9999999999968,GT,provisional_assumed_short_to_long,0
17.52,95,213.99999999997902,50.999999999958078,52,275,134.99999999997902,192,278.99999999997902,10.589999999999964,1414.9999999999948,GT,provisional_assumed_short_to_long,0
17.53,94.000000000019895,214,49.00000000003979,52,275,135,192,279,10.570000000000029,1412.0000000000227,GT,provisional_assumed_short_to_long,0
17.54,94,214,49,53.999999999961631,275,134.00000000001918,192,279,10.58,1419.9999999999964,GT,provisional_assumed_short_to_long,0
17.55,94,214,50.999999999963762,52.000000000036238,275,134.99999999998187,192,278.00000000001813,10.58,1418.9999999999955,GT,provisional_assumed_short_to_long,0
17.56,94.999999999982592,213.00000000001739,49.000000000034817,52,275,134.00000000001739,192.99999999998261,278.99999999998261,10.58,1417.9999999999948,GT,provisional_assumed_short_to_long,0
17.57,95,213.99999999998366,50.999999999967315,52,275,134,192.00000000001634,279,10.580000000000064,1417.0000000000064,GT,provisional_assumed_short_to_long,0
17.58,98.999999999938893,214,51,53.999999999969447,275,134,192,279,10.589999999999925,1417.9999999999925,GT,provisional_assumed_short_to_long,0
17.59,101.9999999999563,214,51,52.000000000029132,275,134.99999999998545,192.99999999998545,279,10.580000000000082,1417,GT,provisional_assumed_short_to_long,0
17.60,102,213.0000000000135,49.000000000027001,52.9999999999865,275.99999999998647,135,193,279,10.59,1417,GT,provisional_assumed_short_to_long,0
17.61,102.99999999998721,213.99999999998721,50.99999999997442,53.99999999998721,276,135,193,279,10.590000000000099,1416.9999999999402,GT,provisional_assumed_short_to_long,0
17.62,101.00000000002345,214.99999999998829,49.000000000023448,52.000000000023448,276,135.99999999998829,193,279,10.600000000000055,1410.9999999999945,GT,provisional_assumed_short_to_long,0
17.63,101.99999999998899,214.00000000001103,49,52.999999999988987,276,136,193,279,10.605000000000057,1410.4999999999941,GT,provisional_assumed_short_to_long,0
17.64,102.99999999999005,214,50.999999999980105,52.000000000009948,276,136.99999999999005,193,279,10.609999999999872,1409.9999999999743,GT,provisional_assumed_short_to_long,0
17.65,103,214,51,53.999999999982236,276.99999999999113,137,193.99999999999113,279,10.600000000000138,1408.0000000000416,GT,provisional_assumed_short_to_long,0
17.66,103.99999999999183,214.99999999999181,50.000000000008171,54,277,137,194,279,10.609999999999999,1411,GT,provisional_assumed_short_to_long,0
17.67,103.00000000000711,214.00000000000711,50,52.000000000014211,277,137,194,279,10.609999999999843,1410.9999999999843,GT,provisional_assumed_short_to_long,0
17.68,103.99999999999361,214,50.999999999993605,52.999999999993605,277,137,194,279,10.600000000000163,1410,GT,provisional_assumed_short_to_long,0
17.69,103.00000000000533,213.00000000000534,50.000000000005329,53.999999999994671,277,137,194,279,10.609999999999912,1410.0000000000261,GT,provisional_assumed_short_to_long,0
17.70,103.99999999999538,213.9999999999954,50.999999999995381,52.000000000009237,277,137,194,279,10.604999999999908,1411.5000000000273,GT,provisional_assumed_short_to_long,0
17.71,103.00000000000355,214,49.000000000007105,53.999999999992895,277,137,194,279,10.599999999999232,1413,GT,provisional_assumed_short_to_long,0
17.72,100.00000000000853,214,49.999999999997158,52.000000000005684,277,137,194,279.99999999999716,10.560000000000114,1413,GT,provisional_assumed_short_to_long,0
17.73,102.99999999999467,214,51.999999999996447,53.999999999996447,277,137.99999999999824,194,280,10.56,1412.0000000000018,GT,provisional_assumed_short_to_long,0
17.74,102.00000000000071,214.99999999999929,50.000000000001421,54.999999999999289,277.99999999999932,137.00000000000071,194,280,10.550000000000008,1412.9999999999993,GT,provisional_assumed_short_to_long,0
17.75,102,215,51,53,277,138,194,279,10.550000000000001,1411,GT,provisional_assumed_short_to_long,0
17.76,101.50000000000514,215,50.500000000005151,53.999999999989697,277,138,194,279.49999999999483,10.539999999999999,1411.9999999999984,GT,provisional_assumed_short_to_long,0
17.77,101.00000000001049,215,50.000000000010481,54.999999999979039,277,138,194,279.99999999998954,10.539999999999999,1410.4999999999973,GT,provisional_assumed_short_to_long,0
17.78,101,215.9999999999801,50.999999999980105,55,277,138,194,279.0000000000199,10.539999999999999,1409.000000000003,GT,provisional_assumed_short_to_long,0
17.79,102.99999999996163,216,51,53.000000000038369,277,137.00000000001918,194,279.99999999998079,10.54000000000007,1409.9999999999857,GT,provisional_assumed_short_to_long,0
17.80,101.00000000003624,216,50.000000000018119,54.999999999963762,277,137,193.00000000001813,280,10.560000000000278,1405.9999999999768,GT,provisional_assumed_short_to_long,0
17.81,103.99999999994778,216,50.999999999982592,54.000000000017408,277.99999999998261,137.99999999998261,193,279.00000000001739,10.619999999999999,1400.9999999999948,GT,provisional_assumed_short_to_long,0
17.82,104,216,51,53.000000000016342,277.00000000001637,137.00000000001634,193,279.99999999998363,10.619999999999999,1400.0000000000127,GT,provisional_assumed_short_to_long,0
17.83,103.00000000001528,215.00000000001529,51,53.999999999984723,276.00000000001529,137,192.00000000001529,280,10.619999999999962,1401.9999999999925,GT,provisional_assumed_short_to_long,0
17.84,102.00000000001457,215.99999999998545,49.000000000029132,54,276,137,192.99999999998545,280,10.614999999999959,1400.9999999999918,GT,provisional_assumed_short_to_long,0
17.85,102,214.000000000027,50.999999999972999,53.0000000000135,276,137,193,279.00000000001353,10.609999999999907,1399.9999999999907,GT,provisional_assumed_short_to_long,0
17.86,102,214.99999999998721,49.00000000002558,53.99999999998721,276,137,192.00000000001279,279,10.6,1398.99999999999,GT,provisional_assumed_short_to_long,0
17.87,101.00000000001172,215,50.999999999976552,53.000000000011724,276,136.00000000001171,192,279,10.59999999999989,1397.999999999967,GT,provisional_assumed_short_to_long,0
17.88,101,215.99999999998897,51,53.999999999988987,276,136,192,279.99999999998897,10.589999999999883,1394.9999999999766,GT,provisional_assumed_short_to_long,0
17.89,101,216,50.000000000009948,54,276,136,192,279.00000000000995,10.579999999999872,1392.9999999999873,GT,provisional_assumed_short_to_long,0
17.90,101,215.00000000000887,50.999999999991118,53.000000000008882,276,136,192,279,10.57,1392,GT,provisional_assumed_short_to_long,0
17.91,101.99999999999183,215,51,53.999999999991829,276,136,192,279,10.57,1392,GT,provisional_assumed_short_to_long,0
17.92,102,215,50.000000000007105,52.000000000014211,276,136,192,279,10.57,1392,GT,provisional_assumed_short_to_long,0
17.93,101.00000000000639,215,49.000000000006395,52.999999999993605,276,136,192,279.99999999999363,10.57,1392,GT,provisional_assumed_short_to_long,0
17.94,101,215,49,53.999999999994671,276,136,192,279.00000000000534,10.57,1392.0000000000175,GT,provisional_assumed_short_to_long,0
17.95,101,215,49.999999999995381,52.000000000009237,276,136,192.9999999999954,279,10.57,1393,GT,provisional_assumed_short_to_long,0
17.96,100.00000000000355,215,50.999999999996447,53.999999999992895,276,136,193,279,10.57,1392.9999999999809,GT,provisional_assumed_short_to_long,0
17.97,95.000000000014211,215.99999999999716,51,54,276,136,192.00000000000284,279,10.57,1392.0000000000027,GT,provisional_assumed_short_to_long,0
17.98,95,216,51,52.000000000003553,276,136,192,279,10.565000000000008,1392.4999999999991,GT,provisional_assumed_short_to_long,0
17.99,94.000000000000711,216.99999999999929,51,52,276,136,192,279,10.560000000000004,1392.9999999999995,GT,provisional_assumed_short_to_long,0
18.00,95,215,49,54,277,137,192,279,10.56,1392,GT,provisional_assumed_short_to_long,0
18.01,95,215.99999999999895,49.000000000002132,53.999999999997868,276.00000000000108,137,192.00000000000105,279.00000000000108,10.57,1392.000000000002,GT,provisional_assumed_short_to_long,0
18.02,95,215.00000000002098,50.999999999958078,52.000000000041922,276.99999999997902,137,192.99999999997902,279.99999999997902,10.569999999999983,1394.0000000000052,GT,provisional_assumed_short_to_long,0
18.03,95,215,51,52.999999999980105,277,137,192.0000000000199,280,10.559999999999944,1397.0000000000057,GT,provisional_assumed_short_to_long,0
18.04,95,215.99999999998082,49.000000000038369,52.000000000019185,277,137,192.99999999998082,279.00000000001921,10.540000000000035,1398.9999999999964,GT,provisional_assumed_short_to_long,0
18.05,95.999999999981881,215.00000000001813,49,52,277,137,193,279,10.550000000000001,1398.0000000000023,GT,provisional_assumed_short_to_long,0
18.06,96,215.99999999998261,49,52,277,137.99999999998261,193,279.99999999998261,10.550000000000001,1398.5000000000027,GT,provisional_assumed_short_to_long,0
18.07,100.99999999991829,215.00000000001634,49,52,277,138,193.99999999998366,280,10.550000000000001,1399,GT,provisional_assumed_short_to_long,0
18.08,102.99999999996945,215.99999999998471,49,53.999999999969447,277,138,194,280.99999999998471,10.550000000000001,1398.999999999985,GT,provisional_assumed_short_to_long,0
18.09,102.00000000001457,216,50.999999999970868,54,277,138,193.00000000001455,281.99999999998545,10.550000000000001,1397.0000000000164,GT,provisional_assumed_short_to_long,0
18.10,102.9999999999865,216,51,52.000000000027001,277,138.9999999999865,193.9999999999865,282,10.550000000000185,1399.0000000000184,GT,provisional_assumed_short_to_long,0
18.11,103,216,51,52.99999999998721,277,138.00000000001279,194,282.99999999998721,10.569999999999901,1401.0000000000398,GT,provisional_assumed_short_to_long,0
18.12,103.99999999998828,216,51,53.999999999988276,277,138.99999999998829,193.00000000001171,283.99999999998829,10.55999999999989,1405.0000000000441,GT,provisional_assumed_short_to_long,0
18.13,104,216.99999999998897,51,54,277,139,193.49999999999449,284.49999999999449,10.549999999999883,1408.9999999999882,GT,provisional_assumed_short_to_long,0
18.14,104,217.99999999999005,51,54,277,139,193.99999999999503,284.999999999995,10.540000000000127,1408,GT,provisional_assumed_short_to_long,0
18.15,105.99999999998224,218,50.000000000008882,54,277,139,193.00000000000887,285,10.550000000000139,1407.9999999999861,GT,provisional_assumed_short_to_long,0
18.16,106.99999999999183,218,49.000000000008171,54,277,139,193.99999999999181,285,10.56,1406.9999999999854,GT,provisional_assumed_short_to_long,0
18.17,107,218.99999999999289,50.999999999985789,53.000000000007105,277,139,193.00000000000711,285,10.559999999999844,1405.9999999999532,GT,provisional_assumed_short_to_long,0
18.18,106.00000000000639,219.99999999999361,49.00000000001279,53.999999999993605,277,139,193.99999999999361,285.99999999999363,10.550000000000001,1402.9999999999509,GT,provisional_assumed_short_to_long,0
18.19,107.99999999998934,219.00000000000534,49,53.000000000005329,277,139,193.00000000000534,286,10.549999999999827,1400.0000000001742,GT,provisional_assumed_short_to_long,0
18.20,108,219,50.999999999990763,53,277,139,193,286,10.539999999999818,1410.0000000001812,GT,provisional_assumed_short_to_long,0
18.21,108,219.99999999999645,50.000000000003553,53.999999999996447,277,139,193,286,10.529999999999999,1419.9999999999616,GT,provisional_assumed_short_to_long,0
18.22,108,221.99999999999432,50,52.000000000005684,277,139,193.99999999999716,286,10.529999999999999,1418.0000000000057,GT,provisional_assumed_short_to_long,0
18.23,108,220.00000000000355,50.999999999998224,53.999999999996447,277,138.00000000000176,193.00000000000176,286,10.529999999999999,1417.0000000000018,GT,provisional_assumed_short_to_long,0
18.24,108,219.00000000000071,49.000000000001421,52.000000000001421,277,138,193,286,10.529999999999999,1417,GT,provisional_assumed_short_to_long,0
18.25,108,220,51,53,277,138,193,286,10.529999999999999,1416,GT,provisional_assumed_short_to_long,0
18.26,107,220,49.000000000001066,53.999999999998934,277.99999999999892,138,193,286,10.529999999999999,1414.9999999999989,GT,provisional_assumed_short_to_long,0
18.27,107,220,49.999999999979039,53.000000000020961,277.00000000002098,138,193,286,10.530000000000017,1413.9999999999982,GT,provisional_assumed_short_to_long,0
18.28,107.9999999999801,219.0000000000199,49.000000000019895,53,277,138.9999999999801,193,286,10.539999999999999,1412.9999999999857,GT,provisional_assumed_short_to_long,0
18.29,107.00000000001918,220.99999999996163,49,53.999999999980815,277,138.00000000001918,193,286,10.54000000000007,1408.0000000000462,GT,provisional_assumed_short_to_long,0
18.30,107,221,50.999999999963762,52.000000000036238,277.99999999998187,138,193.99999999998187,286.99999999998187,10.56,1420.9999999999907,GT,provisional_assumed_short_to_long,0
18.31,107,221,49.000000000034817,53.999999999965183,278,138,193.00000000001739,287,10.56,1418.9999999999948,GT,provisional_assumed_short_to_long,0
18.32,107,221,50.999999999967315,53.000000000016342,278,138.99999999998366,193,287,10.560000000000032,1418,GT,provisional_assumed_short_to_long,0
18.33,107,220.00000000001529,51,53.999999999984723,278,139,193.99999999998471,287,10.565000000000037,1418,GT,provisional_assumed_short_to_long,0
18.34,104.0000000000437,220,49.000000000029132,53.000000000014566,278,139,193.00000000001455,287,10.569999999999919,1417.9999999999836,GT,provisional_assumed_short_to_long,0
18.35,104.9999999999865,220.9999999999865,49.9999999999865,53,278,139,193.9999999999865,287,10.560000000000093,1416,GT,provisional_assumed_short_to_long,0
18.36,105.99999999998721,220.00000000001279,49.00000000001279,54.99999999997442,278,139,194,287,10.57,1415.9999999999502,GT,provisional_assumed_short_to_long,0
18.37,106,220.99999999998829,49,55,278,139.99999999998829,194,287,10.56999999999989,1410.9999999999891,GT,provisional_assumed_short_to_long,0
18.38,106,222.99999999997797,49.999999999988987,54.000000000011013,278.99999999998897,140.99999999998897,194.99999999998897,287,10.560000000000118,1410.0000000000234,GT,provisional_assumed_short_to_long,0
18.39,106.99999999999005,223,50.999999999990052,54.999999999990052,280.9999999999801,141,194.00000000000995,287.99999999999005,10.570000000000128,1411.9999999999743,GT,provisional_assumed_short_to_long,0
18.40,107,223.99999999999113,51,55,281,141,194.99999999999113,288,10.579999999999931,1409.9999999999861,GT,provisional_assumed_short_to_long,0
18.41,107,224.99999999999181,50.000000000008171,54.000000000008171,281.99999999999181,141,195,289.99999999998363,10.574999999999928,1408.9999999999854,GT,provisional_assumed_short_to_long,0
18.42,107.99999999999289,225.99999999999289,58.999999999936051,54.999999999992895,282,141.99999999999289,195,290.99999999999289,10.57,1407.9999999999843,GT,provisional_assumed_short_to_long,0
18.43,107.00000000000639,226.99999999999361,63.999999999968026,55,282,142,195,291.99999999999363,10.57,1406.9999999999836,GT,provisional_assumed_short_to_long,0
18.44,109.99999999998401,227.99999999999466,61.000000000015987,54.000000000005329,282.99999999999466,143.99999999998934,195.99999999999466,292.99999999999466,10.57,1405.9999999999825,GT,provisional_assumed_short_to_long,0
18.45,110.99999999999538,228,70.999999999953815,54.999999999995381,283,144,196,293.9999999999954,10.569999999999819,1404.9999999999638,GT,provisional_assumed_short_to_long,0
18.46,106.00000000001776,228,72.999999999992895,54.000000000003553,283.99999999999648,144,196.99999999999645,294,10.560000000000192,1402.9999999999809,GT,provisional_assumed_short_to_long,0
18.47,109.99999999998863,228.99999999999716,73,54.999999999997158,284,144,197,294.99999999999716,10.570000000000086,1401.9999999999914,GT,provisional_assumed_short_to_long,0
18.48,113.99999999999289,229,70.000000000005329,54.000000000001776,284,144.99999999999824,197,295.99999999999824,10.579999999999982,1401.0000000000018,GT,provisional_assumed_short_to_long,0
18.49,115.99999999999858,229,70.999999999999289,54,284,145,197.99999999999929,295.00000000000068,10.589999999999993,1397.0000000000027,GT,provisional_assumed_short_to_long,0
18.50,119,230,72,55,284,145,198,295,10.6,1396,GT,provisional_assumed_short_to_long,0
18.51,119,230.49999999999486,71.500000000005144,54.500000000005151,284.49999999999483,145,198.49999999999486,295,10.59,1396.999999999998,GT,provisional_assumed_short_to_long,0
18.52,119,230.99999999998951,71.000000000010488,54.000000000010481,284.99999999998954,145,198.99999999998951,295,10.59,1394.9999999999875,GT,provisional_assumed_short_to_long,0
18.53,119,231,71,54,285,145,199,295,10.590000000000014,1388.0000000000057,GT,provisional_assumed_short_to_long,0
18.54,119.99999999998082,231,68.000000000057554,54.999999999980815,285,145,198.00000000001918,295.99999999998079,10.595000000000017,1390.000000000007,GT,provisional_assumed_short_to_long,0
18.55,120.99999999998188,231.99999999998187,68.999999999981881,54.000000000018119,285,145,198.99999999998187,296,10.600000000000046,1392,GT,provisional_assumed_short_to_long,0
18.56,121,232.99999999998261,70.999999999965183,54.999999999982592,285,145.99999999998261,199.99999999998261,296,10.609999999999999,1392,GT,provisional_assumed_short_to_long,0
18.57,121,233.99999999998366,71.999999999983658,55,285,146,199.00000000001634,296,10.609999999999935,1392.0000000000064,GT,provisional_assumed_short_to_long,0
18.58,121,233.00000000001529,71.000000000015277,54.000000000015277,285,146,199,296,10.6,1392.999999999985,GT,provisional_assumed_short_to_long,0
18.59,121,233,71,54.999999999985434,285,146,199,296,10.600000000000081,1391.0000000000082,GT,provisional_assumed_short_to_long,0
18.60,121.9999999999865,233.9999999999865,66.000000000067502,54.0000000000135,285,146,199,296,10.609999999999907,1391.9999999999768,GT,provisional_assumed_short_to_long,0
18.61,121.00000000001279,234,59.000000000089528,54,285,145.00000000001279,199,296,10.5999999999999,1389.4999999999752,GT,provisional_assumed_short_to_long,0
18.62,121,234,50.000000000105516,55.999999999976552,285,145,198.00000000001171,296,10.59000000000011,1387.000000000055,GT,provisional_assumed_short_to_long,0
18.63,121,234,50,54.000000000022027,285,145,198,296,10.599999999999648,1392.0000000000234,GT,provisional_assumed_short_to_long,0
18.64,121.99999999999005,234.99999999999005,50,55.999999999980105,285,145,198,296,10.57,1394.0000000000257,GT,provisional_assumed_short_to_long,0
18.65,120.00000000001776,234.00000000000887,51.999999999982236,54.000000000017764,285,145,198,296.99999999999113,10.57,1395.9999999999861,GT,provisional_assumed_short_to_long,0
18.66,120,234,50.000000000016342,55.999999999983658,285,145,198.99999999999181,297,10.569999999999855,1394.9999999999563,GT,provisional_assumed_short_to_long,0
18.67,120.99999999999289,234,50,55.000000000007105,285,145,199,297,10.56,1391.9999999999686,GT,provisional_assumed_short_to_long,0
18.68,121.99999999999361,234.99999999999361,51.99999999998721,54.000000000006395,285,145,199,297,10.560000000000164,1389.9999999999918,GT,provisional_assumed_short_to_long,0
18.69,122,235,50.000000000010658,55.999999999989342,285,145,199,297,10.570000000000174,1389.4999999999914,GT,provisional_assumed_short_to_long,0
18.70,122,235.9999999999954,51.999999999990763,56,285,145,199.9999999999954,297,10.58,1389,GT,provisional_assumed_short_to_long,0
18.71,122,236,50.000000000007105,54.000000000007105,285,145,199.00000000000355,297,10.580000000000192,1388.9999999999809,GT,provisional_assumed_short_to_long,0
18.72,122.99999999999716,237.99999999999432,50,55.999999999994316,285,145,200.99999999999432,297,10.589999999999971,1388.0000000000027,GT,provisional_assumed_short_to_long,0
18.73,123,237.00000000000176,51.999999999996447,56,285,145.99999999999824,201,297,10.649999999999894,1380.0000000000141,GT,provisional_assumed_short_to_long,0
18.74,123.99999999999929,236.00000000000071,52,55.000000000000711,285,146,200.00000000000071,297.99999999999932,10.659999999999993,1380.9999999999993,GT,provisional_assumed_short_to_long,0
18.75,123,238,51,56,285,146,200,298,10.66,1380,GT,provisional_assumed_short_to_long,0
18.76,124,237,50,55.999999999998934,286,146,201,298,10.66,1379,GT,provisional_assumed_short_to_long,0
18.77,124,237,50,55.000000000020961,286,146,201,298,10.66,1379,GT,provisional_assumed_short_to_long,0
18.78,124,237.9999999999801,50.999999999980105,55.999999999980105,286,146,201,298,10.66,1378.999999999997,GT,provisional_assumed_short_to_long,0
18.79,124,238,50.000000000019185,55.000000000019185,286,146,201,298,10.659999999999965,1377.9999999999964,GT,provisional_assumed_short_to_long,0
18.80,124,238,50,55.999999999981881,286,146,201,298,10.649999999999816,1376.9999999999629,GT,provisional_assumed_short_to_long,0
18.81,124.99999999998259,237.00000000001739,51.999999999965183,54.000000000034817,286,146.99999999998261,201,298,10.610000000000053,1369,GT,provisional_assumed_short_to_long,0
18.82,125,237,50.000000000032685,54.999999999983658,286.99999999998363,146.00000000001634,201,298,10.619999999999935,1368.9999999999936,GT,provisional_assumed_short_to_long,0
18.83,125.99999999998472,237.99999999998471,50,55.999999999984723,286.00000000001529,146.99999999998471,201.99999999998471,298,10.609999999999925,1367.9999999999925,GT,provisional_assumed_short_to_long,0
18.84,126.99999999998543,238,51.999999999970868,55.000000000014566,286.99999999998545,147,202.99999999998545,298.99999999998545,10.600000000000081,1367.0000000000246,GT,provisional_assumed_short_to_long,0
18.85,127,238,50.000000000027001,55,287,147,202.0000000000135,299,10.609999999999999,1370.0000000000093,GT,provisional_assumed_short_to_long,0
18.86,126.00000000001279,238,51.99999999997442,55.99999999998721,287,147,202,298.00000000001279,10.609999999999999,1371,GT,provisional_assumed_short_to_long,0
18.87,126,238,51.000000000011724,54.000000000023448,287,147,202.99999999998829,298,10.61000000000011,1371,GT,provisional_assumed_short_to_long,0
18.88,126,238,50.500000000005507,54.999999999988987,287,147,202.50000000000551,298.49999999999449,10.619999999999941,1370.9999999999941,GT,provisional_assumed_short_to_long,0
18.89,126,238,50.000000000004974,55.999999999990052,287,147,202.00000000000497,298.999999999995,10.614999999999934,1370.4999999999936,GT,provisional_assumed_short_to_long,0
18.90,126,238,50,56,287,147.99999999999113,202,299,10.609999999999861,1370,GT,provisional_assumed_short_to_long,0
18.91,126.99999999999183,238.99999999999181,51.999999999983658,55.000000000008171,287,148,202.99999999999181,299,10.600000000000145,1370,GT,provisional_assumed_short_to_long,0
18.92,127,239,50.000000000014211,55.999999999992895,287,148,202.00000000000711,299,10.609999999999843,1370.0000000000314,GT,provisional_assumed_short_to_long,0
18.93,127,239,51.99999999998721,54.00000000001279,287,148,202.99999999999361,298.00000000000637,10.600000000000163,1372,GT,provisional_assumed_short_to_long,0
18.94,127.99999999999467,239,55.999999999978684,54.999999999994671,287.99999999999466,148,203,298.99999999999466,10.609999999999825,1372.0000000000175,GT,provisional_assumed_short_to_long,0
18.95,128,239,56,55.999999999995381,288,148,203,299,10.6,1373,GT,provisional_assumed_short_to_long,0
18.96,129.99999999999289,239,65.999999999964473,55.000000000003553,288,148,203,299,10.6,1373,GT,provisional_assumed_short_to_long,0
18.97,130.99999999999716,239,65.000000000002842,55,288,148.99999999999716,203,299,10.6,1373,GT,provisional_assumed_short_to_long,0
18.98,130.00000000000176,239,64.000000000001776,54.000000000001776,288,149,203.99999999999824,299,10.609999999999982,1374.9999999999964,GT,provisional_assumed_short_to_long,0
18.99,130.99999999999929,239,63.000000000000711,55.999999999998579,288,149.99999999999929,203.00000000000071,299,10.609999999999999,1375.9999999999993,GT,provisional_assumed_short_to_long,0
19.00,131,239,64,64,288,150,203,300,10.6,1377,GT,provisional_assumed_short_to_long,0
19.01,132.00000000000105,239,62.00000000001279,69.000000000007461,289,151.00000000000105,203.00000000000105,300,10.599999999999989,1378.0000000000011,GT,provisional_assumed_short_to_long,0
19.02,132.99999999997902,239,73.999999999748468,75.999999999853273,289,151.99999999997902,203.99999999997902,300,10.589999999999947,1379.0000000000125,GT,provisional_assumed_short_to_long,0
19.03,133,239,73.000000000019895,76.999999999980105,289.9999999999801,152,204,300.9999999999801,10.560000000000029,1385.999999999997,GT,provisional_assumed_short_to_long,0
19.04,133,239,73.999999999980815,75.000000000038369,290,152,204,301,10.570000000000036,1384.9999999999964,GT,provisional_assumed_short_to_long,0
19.05,133.99999999998187,239,73.000000000018119,77.999999999945643,290.99999999998187,152,204.99999999998187,301,10.579999999999954,1383.9999999999955,GT,provisional_assumed_short_to_long,0
19.06,133.00000000001739,239,73,76.000000000034817,291,152.99999999998261,203.00000000003482,301,10.57,1383,GT,provisional_assumed_short_to_long,0
19.07,133,239.99999999998366,73.999999999983658,76.999999999983658,291,153.99999999998366,203.99999999998366,301,10.57,1383,GT,provisional_assumed_short_to_long,0
19.08,133.99999999998471,240.99999999998471,74.999999999984723,77.999999999984723,291,154.99999999998471,204,301.99999999998471,10.57,1383,GT,provisional_assumed_short_to_long,0
19.09,134.99999999998545,241.99999999998545,74.000000000014566,77.000000000014566,291,154.00000000001455,203.00000000001455,302,10.57,1383,GT,provisional_assumed_short_to_long,0
19.10,135,242,74.9999999999865,78.999999999972999,291.99999999998647,154.9999999999865,203.9999999999865,302.99999999998647,10.57,1383,GT,provisional_assumed_short_to_long,0
19.11,133.00000000002558,242,73.00000000002558,78.00000000001279,292,155.99999999998721,204,302.00000000001279,10.569999999999901,1383,GT,provisional_assumed_short_to_long,0
19.12,132.00000000001171,242,73,77.000000000011724,292,155.00000000001171,204,302,10.560000000000331,1383.000000000055,GT,provisional_assumed_short_to_long,0
19.13,132,242,72.000000000011013,77.999999999988987,292,155,204,302.99999999998897,10.589999999999648,1388.0000000000468,GT,provisional_assumed_short_to_long,0
19.14,131.00000000000995,242,72.999999999990052,78,292,155.99999999999005,204.99999999999005,302.00000000000995,10.559999999999873,1392.0000000000127,GT,provisional_assumed_short_to_long,0
19.15,131.99999999999113,242,73.999999999991118,77.000000000008882,292,155.00000000000887,205,302.99999999999113,10.550000000000139,1392.9999999999723,GT,provisional_assumed_short_to_long,0
19.16,132,242,74,77.999999999991829,292,155,205,303,10.56,1391.0000000000073,GT,provisional_assumed_short_to_long,0
19.17,132.99999999999289,242.99999999999289,74.999999999992895,77.000000000007105,292,155.99999999999289,204.00000000000711,303,10.56,1391.5000000000077,GT,provisional_assumed_short_to_long,0
19.18,132.00000000000639,242.00000000000639,74.000000000006395,76.000000000006395,292,156,204.99999999999361,303,10.56,1392,GT,provisional_assumed_short_to_long,0
19.19,130.00000000001066,242,73.000000000005329,77.999999999989342,292,156,205,303,10.56,1392,GT,provisional_assumed_short_to_long,0
19.20,130,242.9999999999954,73,76.000000000009237,292.9999999999954,156,205,302.0000000000046,10.56,1391.9999999999818,GT,provisional_assumed_short_to_long,0
19.21,130.99999999999645,241.00000000000711,71.000000000007105,77.999999999992895,293,156.99999999999645,205,302,10.559999999999233,1391.0000000002879,GT,provisional_assumed_short_to_long,0
19.22,131,241.99999999999716,71.999999999997158,76.000000000005684,293,156.00000000000284,204.00000000000284,302,10.520000000000113,1405.9999999999573,GT,provisional_assumed_short_to_long,0
19.23,131.49999999999912,242,72,76.499999999999119,292.50000000000091,156.49999999999912,204,302.49999999999909,10.52,1406,GT,provisional_assumed_short_to_long,0
19.24,131.99999999999966,242,72,76.999999999999645,292.00000000000034,156.99999999999966,204,302.99999999999966,10.515000000000004,1406.9999999999993,GT,provisional_assumed_short_to_long,0
19.25,131,243,72,77,293,157,204,303,10.51,1408,GT,provisional_assumed_short_to_long,0
19.26,131,242.99999999999895,72,76,293,157,204.00000000000105,303,10.509999999999978,1407.9999999999989,GT,provisional_assumed_short_to_long,0
19.27,131,242.00000000002098,72,76,293,157,204.99999999997902,303,10.49,1407.0000000000018,GT,provisional_assumed_short_to_long,0
19.28,131,242.9999999999801,72,75.000000000019895,293,157,205,303,10.49,1408,GT,provisional_assumed_short_to_long,0
19.29,131,243,72,75,293,157,205,303,10.490000000000071,1408.0000000000284,GT,provisional_assumed_short_to_long,0
19.30,131,242.00000000001813,72,75.999999999981881,293,156.00000000001813,205,303,10.51,1416.0000000000184,GT,provisional_assumed_short_to_long,0
19.31,131,242,71.000000000017408,76,292.00000000001739,156.99999999998261,204.00000000001739,303,10.509999999999973,1419.9999999999973,GT,provisional_assumed_short_to_long,0
19.32,131,241.00000000001634,72.999999999967315,75.000000000016342,292.99999999998363,157,204,303,10.504999999999967,1419.4999999999968,GT,provisional_assumed_short_to_long,0
19.33,130.00000000001529,240.00000000001529,72.000000000015277,71.000000000061107,293,157,204,303,10.499999999999925,1419,GT,provisional_assumed_short_to_long,0
19.34,130,238.00000000002913,72,75.999999999927169,293,157,204.99999999998545,303,10.489999999999919,1419.0000000000082,GT,provisional_assumed_short_to_long,0
19.35,130,238,72,75.0000000000135,293,157,205,303,10.480000000000093,1420,GT,provisional_assumed_short_to_long,0
19.36,130,237.00000000001279,72,76.99999999997442,293,157,204.00000000001279,303,10.489999999999901,1419.99999999998,GT,provisional_assumed_short_to_long,0
19.37,129.00000000001171,236.00000000001171,72.999999999988276,76.000000000011724,293,157,204.99999999998829,303,10.479999999999945,1418.0000000000109,GT,provisional_assumed_short_to_long,0
19.38,129,234.00000000002203,73,77.999999999977973,293,156.00000000001103,205,303,10.474999999999941,1419.0000000000118,GT,provisional_assumed_short_to_long,0
19.39,128.00000000000995,234,73,73.000000000049738,293,156.99999999999005,205,303,10.470000000000129,1420.0000000000512,GT,provisional_assumed_short_to_long,0
19.40,127.00000000000888,233.00000000000887,73.999999999991118,69.000000000035527,292.00000000000887,157,204.00000000000887,303,10.479999999999862,1424,GT,provisional_assumed_short_to_long,0
19.41,127,233.99999999999181,73.000000000008171,69.999999999991829,292.99999999999181,157,204,302.00000000000819,10.469999999999855,1423.9999999999709,GT,provisional_assumed_short_to_long,0
19.42,127,234,73,69.000000000007105,292.00000000000711,157,204,302,10.460000000000001,1422.0000000000157,GT,provisional_assumed_short_to_long,0
19.43,126.00000000000639,233.00000000000639,73,68.000000000006395,292,156.00000000000639,204,302,10.459999999999837,1422.9999999999673,GT,provisional_assumed_short_to_long,0
19.44,126,232.00000000000534,73.999999999994671,70.999999999984013,292,156,204,302,10.450000000000173,1421.0000000000175,GT,provisional_assumed_short_to_long,0
19.45,126,231.0000000000046,72.000000000009237,71,292,156,204,302,10.460000000000001,1421.9999999999818,GT,provisional_assumed_short_to_long,0
19.46,124.00000000000711,231,72,69.000000000007105,292,156.99999999999645,204,302,10.460000000000001,1420.9999999999923,GT,provisional_assumed_short_to_long,0
19.47,124.99999999999716,230.00000000000284,72.999999999997158,67.000000000005684,292,156.00000000000284,204.99999999999716,302,10.460000000000001,1420.0000000000027,GT,provisional_assumed_short_to_long,0
19.48,125,230,72.000000000001776,71.999999999991118,292,156,205,302,10.469999999999983,1416.000000000007,GT,provisional_assumed_short_to_long,0
19.49,125,230,72,67.000000000003553,292,156,205,302,10.470000000000001,1416,GT,provisional_assumed_short_to_long,0
19.50,125,230,71,62,293,156,204,302,10.470000000000001,1413,GT,provisional_assumed_short_to_long,0
19.51,124,228.00000000000105,71.000000000001066,62.999999999992539,292,156,204.00000000000105,302,10.469999999999995,1412.9999999999995,GT,provisional_assumed_short_to_long,0
19.52,124,228.99999999997902,71.999999999979039,56.000000000146727,292,156,204.99999999997902,302,10.464999999999993,1412.4999999999991,GT,provisional_assumed_short_to_long,0
19.53,122.00000000003979,227.00000000003979,69.000000000059686,54.00000000003979,292,156,205,302,10.460000000000001,1411.9999999999943,GT,provisional_assumed_short_to_long,0
19.54,122,227,76.999999999846523,55.999999999961631,292,156,204.00000000001918,302,10.459999999999965,1409.999999999993,GT,provisional_assumed_short_to_long,0
19.55,120.00000000003624,227,75.000000000036238,54.000000000036238,292,156,204,302,10.449999999999861,1408.0000000000093,GT,provisional_assumed_short_to_long,0
19.56,119.00000000001741,227,75.999999999982592,54.999999999982592,292,156,204,302,10.42,1409.9999999999948,GT,provisional_assumed_short_to_long,0
19.57,118.50000000000817,227,76.499999999991829,55.499999999991829,292,156,204.49999999999181,302,10.419999999999424,1408.9999999996803,GT,provisional_assumed_short_to_long,0
19.58,118.00000000000765,227,76.999999999992355,55.999999999992362,292,156,204.99999999999235,302,10.329999999999925,1358.9999999999777,GT,provisional_assumed_short_to_long,0
19.59,116.00000000002913,227,76.000000000014566,56,292,156.99999999998545,204.00000000001455,302.99999999998545,10.320000000000041,1355.9999999999877,GT,provisional_assumed_short_to_long,0
19.60,115.0000000000135,227.9999999999865,76,56,292,157,204,303,10.325000000000045,1354.4999999999861,GT,provisional_assumed_short_to_long,0
19.61,115,228,76.499999999993605,55.00000000001279,292,157,204.49999999999361,303,10.33,1353.00000000001,GT,provisional_assumed_short_to_long,0
19.62,115,228,76.999999999994145,54.000000000011724,292,157,204.99999999999415,303,10.32999999999978,1353.9999999994384,GT,provisional_assumed_short_to_long,0
19.63,114.00000000001101,228,77,54.999999999988987,292,157,205,303,10.310000000000821,1302.9999999999297,GT,provisional_assumed_short_to_long,0
19.64,112.0000000000199,228.99999999999005,76.000000000009948,55,292,157,204.00000000000995,303,10.380000000000001,1296.9999999999873,GT,provisional_assumed_short_to_long,0
19.65,111.00000000000888,229,76,54.000000000008882,292,156.00000000000887,204.99999999999113,303,10.380000000000001,1296.0000000000277,GT,provisional_assumed_short_to_long,0
19.66,111,229,75.000000000008171,54.999999999991829,292,156.99999999999181,203.00000000001634,303,10.379999999999855,1298,GT,provisional_assumed_short_to_long,0
19.67,110.00000000000711,229,75,55,292,156.00000000000711,203,303,10.369999999999845,1298,GT,provisional_assumed_short_to_long,0
19.68,110,229,76.99999999998721,54.000000000006395,292,156,203,303,10.359999999999999,1297.9999999999673,GT,provisional_assumed_short_to_long,0
19.69,110,229.99999999999466,76.000000000005329,54.999999999994671,292,156,202.00000000000534,302.00000000000534,10.359999999999477,1295.9999999999304,GT,provisional_assumed_short_to_long,0
19.70,110.99999999999538,230,78.999999999986144,54.000000000004619,292,156,202.9999999999954,302,10.329999999999638,1291.9999999999275,GT,provisional_assumed_short_to_long,0
19.71,111,230,78.000000000003553,54.999999999996447,292,156,203,302,10.31,1288,GT,provisional_assumed_short_to_long,0
19.72,111.99999999999716,230,79.999999999994316,54.000000000002842,292,156,203,302,10.31,1288,GT,provisional_assumed_short_to_long,0
19.73,113.99999999999645,230,79.000000000001776,54.999999999998224,292,156,202.00000000000176,302,10.31,1288,GT,provisional_assumed_short_to_long,0
19.74,114,230,77.000000000001421,54.000000000000711,291.00000000000068,156,202.99999999999929,302,10.31,1288,GT,provisional_assumed_short_to_long,0
19.75,114,230,77,55,291,156,203,302,10.31,1289,GT,provisional_assumed_short_to_long,0
19.76,114.00000000000107,231,75,54.999999999998934,291,155,202.99999999999895,302,10.300000000000011,1289.0000000000032,GT,provisional_assumed_short_to_long,0
19.77,114.99999999997904,231,75,54.000000000020961,291,155,202.00000000002098,302,10.31,1291.9999999999964,GT,provisional_assumed_short_to_long,0
19.78,116.99999999996021,231,70.000000000099476,54.999999999980105,291,155,202,302,10.31,1290,GT,provisional_assumed_short_to_long,0
19.79,117,231,71.999999999961631,54.000000000019185,291,154.00000000001918,202,302,10.310000000000036,1290,GT,provisional_assumed_short_to_long,0
19.80,117,231,58.000000000253664,54.999999999981881,291,154,201.00000000001813,302,10.320000000000023,1290,GT,provisional_assumed_short_to_long,0
19.81,117.99999999998259,231,63.99999999989555,55.999999999982592,290.00000000001739,154,201,301.00000000001739,10.325000000000028,1290,GT,provisional_assumed_short_to_long,0
19.82,117.00000000001634,231,52.00000000019611,56,290,153.00000000001634,200.00000000001634,301,10.329999999999936,1290.0000000000064,GT,provisional_assumed_short_to_long,0
19.83,117,230.00000000001529,50.000000000030553,54.000000000030553,289.00000000001529,152.00000000001529,200,301,10.32,1291.0000000000223,GT,provisional_assumed_short_to_long,0
19.84,117,229.00000000001455,50.999999999985434,55.999999999970868,289.99999999998545,152,200,301,10.319999999999837,1294.0000000000327,GT,provisional_assumed_short_to_long,0
19.85,117,227.000000000027,51.9999999999865,55.0000000000135,289.00000000001353,152.9999999999865,200,300.00000000001353,10.300000000000001,1297.9999999999907,GT,provisional_assumed_short_to_long,0
19.86,117,227,52,55.99999999998721,289.99999999998721,152.00000000001279,199.00000000001279,299.00000000001279,10.3000000000002,1296.9999999999702,GT,provisional_assumed_short_to_long,0
19.87,117,226.00000000001171,52,54.000000000023448,290,152,199.99999999998829,299,10.32,1294,GT,provisional_assumed_short_to_long,0
19.88,116.00000000001101,226.99999999998897,50.000000000022027,54,289.00000000001103,152,200,299,10.32,1294,GT,provisional_assumed_short_to_long,0
19.89,116.99999999999005,226.00000000000995,50,55.999999999980105,289.99999999999005,151.00000000000995,200,299,10.320000000000256,1294.0000000000127,GT,provisional_assumed_short_to_long,0
19.90,116.00000000000888,225.00000000000887,50,54.000000000017764,289.00000000000887,151,200,299,10.340000000001385,1295.0000000013717,GT,provisional_assumed_short_to_long,0
19.91,116,225,50.999999999991829,54,289,151,200,299,10.439999999999854,1394,GT,provisional_assumed_short_to_long,0
19.92,116,225,51.999999999992895,54,289,151,200,299,10.430000000000312,1394.0000000000939,GT,provisional_assumed_short_to_long,0
19.93,115.00000000000639,225.99999999999361,50.00000000001279,54.999999999993605,289,150.00000000000639,199.00000000000639,299,10.449999999999836,1400,GT,provisional_assumed_short_to_long,0
19.94,115.99999999999467,226,51.999999999989342,54.000000000005329,289,150,199.99999999999466,299,10.44,1400.0000000000175,GT,provisional_assumed_short_to_long,0
19.95,116.99999999999538,226,52,54.999999999995381,289,150,199.0000000000046,299,10.44,1401.0000000000182,GT,provisional_assumed_short_to_long,0
19.96,117,226,52,53.000000000007105,289,150,199.99999999999645,299,10.440000000000191,1401.9999999999809,GT,provisional_assumed_short_to_long,0
19.97,117,226.99999999999716,51.000000000002842,53.999999999997158,289,150,200,299,10.449999999999971,1401.0000000000027,GT,provisional_assumed_short_to_long,0
19.98,117,226.00000000000176,51,55.999999999996447,288.00000000000176,150,200,299,10.459999999999983,1401,GT,provisional_assumed_short_to_long,0
19.99,117,226,51,55.000000000000711,288,150,200,299,10.460000000000001,1400.0000000000007,GT,provisional_assumed_short_to_long,0
20.00,117,226,51,54,288,150,201,299,10.42,1417,GT,provisional_assumed_short_to_long,0
20.01,116.99999999999893,227,50,55.999999999998934,288,150,200.00000000000105,298.00000000000108,10.42,1415.0000000000011,GT,provisional_assumed_short_to_long,0
20.02,116.00000000002096,227,50,55.000000000020961,288,150,200.99999999997902,298.99999999997902,10.42,1416.0000000000018,GT,provisional_assumed_short_to_long,0
20.03,116,227,50,55,288,150,201,299,10.420000000000057,1416.9999999999914,GT,provisional_assumed_short_to_long,0
20.04,117.99999999996163,227.99999999998082,50,54.000000000019185,288,150,200.00000000001918,299,10.439999999999928,1414.0000000000036,GT,provisional_assumed_short_to_long,0
20.05,118,227.00000000001813,50.999999999981881,55.999999999963762,288,150,200,299,10.420000000000046,1415,GT,provisional_assumed_short_to_long,0
20.06,118,227,50.000000000017408,55.000000000017408,288.99999999998261,150,200.99999999998261,299,10.43,1415,GT,provisional_assumed_short_to_long,0
20.07,118,227,50,54.000000000016342,288.00000000001637,150,201,299,10.430000000000064,1414.9999999999743,GT,provisional_assumed_short_to_long,0
20.08,118,227,50.999999999984723,55.999999999969447,288,150.99999999998471,201,299,10.440000000000037,1411.0000000000448,GT,provisional_assumed_short_to_long,0
20.09,118,227,51,55.000000000014566,288,150.00000000001455,200.00000000001455,299,10.445000000000039,1417.0000000000491,GT,provisional_assumed_short_to_long,0
20.10,118.9999999999865,227.9999999999865,50.0000000000135,54.0000000000135,288.99999999998647,150.9999999999865,200.9999999999865,299,10.449999999999999,1422.9999999999907,GT,provisional_assumed_short_to_long,0
20.11,119,228,51.99999999997442,55.99999999997442,289,150.00000000001279,201,299,10.450000000000099,1422.00000000001,GT,provisional_assumed_short_to_long,0
20.12,119,228,51.000000000011724,54.000000000023448,288.00000000001171,150.99999999998829,201,299,10.460000000000001,1423,GT,provisional_assumed_short_to_long,0
20.13,119,228,51,54,288.99999999998897,151,201,299,10.459999999999884,1423.0000000000118,GT,provisional_assumed_short_to_long,0
20.14,119,228.99999999999005,50.000000000009948,55.999999999980105,289,151,201,299,10.449999999999999,1423.9999999999873,GT,provisional_assumed_short_to_long,0
20.15,119,229,51.999999999982236,55.000000000008882,289,151,201,299,10.449999999999999,1422.9999999999793,GT,provisional_assumed_short_to_long,0
20.16,119.99999999999183,229,52,54.000000000008171,289.99999999999181,151,201,299,10.449999999999999,1421.4999999999782,GT,provisional_assumed_short_to_long,0
20.17,120,228.00000000000711,50.000000000014211,55.999999999985789,290,151,201,299,10.449999999999999,1420.0000000000157,GT,provisional_assumed_short_to_long,0
20.18,120.99999999999361,228,51.99999999998721,54.00000000001279,289.00000000000637,151,201,299,10.449999999999672,1420.9999999998693,GT,provisional_assumed_short_to_long,0
20.19,121,228.99999999999466,50.000000000010658,55.999999999989342,289,151,201,299,10.430000000000522,1413.0000000001742,GT,provisional_assumed_short_to_long,0
20.20,121.99999999999538,229,51.999999999990763,54.000000000009237,289,151,201,298.0000000000046,10.460000000000001,1422.9999999999818,GT,provisional_assumed_short_to_long,0
20.21,122.99999999999645,229,51.000000000003553,54.999999999996447,289,151,201.99999999999645,298.99999999999648,10.460000000000001,1421.9999999999616,GT,provisional_assumed_short_to_long,0
20.22,123,229,50.000000000002842,55.999999999997158,289,150.00000000000284,201.00000000000284,299,10.460000000000001,1420.0000000000057,GT,provisional_assumed_short_to_long,0
20.23,123,229,51.999999999996447,54.000000000003553,289.99999999999824,150.99999999999824,201,299,10.455000000000009,1419.5000000000009,GT,provisional_assumed_short_to_long,0
20.24,123,229,51.000000000000711,54.999999999999289,289.00000000000068,151.99999999999929,201.99999999999929,299,10.450000000000003,1419.0000000000005,GT,provisional_assumed_short_to_long,0
20.25,123,230,51,56,289,152,201,299,10.460000000000001,1419,GT,provisional_assumed_short_to_long,0
20.26,123,229,50.000000000002132,54.000000000002132,289.99999999999892,151.99999999999895,201.00000000000105,299.99999999999892,10.470000000000011,1414.9999999999957,GT,provisional_assumed_short_to_long,0
20.27,123,229,51.999999999958078,55.999999999958078,289.00000000002098,151.00000000002098,201.99999999997902,299.00000000002098,10.48,1411.0000000000018,GT,provisional_assumed_short_to_long,0
20.28,122.0000000000199,229.9999999999801,51.000000000019895,56,289,151.9999999999801,201.0000000000199,299.9999999999801,10.48,1412,GT,provisional_assumed_short_to_long,0
20.29,122,229.50000000000961,50.500000000009592,55.500000000009592,289,152,201,300,10.480000000000036,1412,GT,provisional_assumed_short_to_long,0
20.30,122,229.00000000000907,50.000000000009059,55.000000000009059,289,152,201,300,10.489999999999954,1411.9999999999977,GT,provisional_assumed_short_to_long,0
20.31,122,229,51.999999999965183,55.999999999982592,289,151.00000000001739,201,300,10.479999999999947,1411.4999999999973,GT,provisional_assumed_short_to_long,0
20.32,122,229,51.000000000016342,54.000000000032685,289.99999999998363,151,201,299.00000000001637,10.470000000000065,1411.0000000000064,GT,provisional_assumed_short_to_long,0
20.33,121.00000000001528,228.00000000001529,50.000000000015277,54,289.00000000001529,151,201,299,10.480000000000075,1411.999999999985,GT,provisional_assumed_short_to_long,0
20.34,121.49999999999272,228,50.499999999992717,54.499999999992717,289.49999999999272,151,201,299.49999999999272,10.489999999999837,1409.9999999999836,GT,provisional_assumed_short_to_long,0
20.35,121.99999999999325,228,50.99999999999325,54.99999999999325,289.99999999999324,151,201,299.99999999999324,10.470000000000001,1408.0000000000093,GT,provisional_assumed_short_to_long,0
20.36,122,228.99999999998721,51.99999999998721,55.99999999998721,290,151,201,300,10.470000000000001,1409.000000000005,GT,provisional_assumed_short_to_long,0
20.37,122,229,50.000000000023448,54.000000000023448,289.00000000001171,151,201,299.00000000001171,10.470000000000001,1409.5000000000055,GT,provisional_assumed_short_to_long,0
20.38,122,229,50.999999999988987,54.999999999988987,289,151,201,299,10.469999999999649,1410.0000000000352,GT,provisional_assumed_short_to_long,0
20.39,121.00000000000995,229,50.000000000009948,55.999999999990052,289,151,201.99999999999005,299,10.439999999999872,1412.9999999999873,GT,provisional_assumed_short_to_long,0
20.40,121.99999999999112,229,50.999999999991118,54.000000000017764,289,151,201.00000000000887,299,10.430000000000138,1411.9999999999861,GT,provisional_assumed_short_to_long,0
20.41,122,229.99999999999181,50.000000000008171,54,289,150.00000000000819,201,299,10.44,1410.9999999999418,GT,provisional_assumed_short_to_long,0
20.42,122.99999999999289,229.00000000000711,50.999999999992895,55.999999999985789,289,150,201,299,10.44,1406.9999999999532,GT,provisional_assumed_short_to_long,0
20.43,123,229,50.000000000006395,56,289,150.99999999999361,201,299.99999999999363,10.44000000000049,1403.9999999998529,GT,provisional_assumed_short_to_long,0
20.44,122.00000000000533,229,51.999999999989342,55.000000000005329,289,151,201,300,10.470000000000523,1395,GT,provisional_assumed_short_to_long,0
20.45,122,228.0000000000046,51.000000000004619,54.000000000004619,289,151,201,300,10.500000000000544,1395,GT,provisional_assumed_short_to_long,0
20.46,121.00000000000355,228.99999999999645,51,55.999999999992895,289.99999999999648,151,201,300,10.529999999999808,1395.0000000000191,GT,provisional_assumed_short_to_long,0
20.47,121,229,50.000000000002842,56,289.00000000000284,151,201.99999999999716,300,10.520000000000028,1395.9999999999973,GT,provisional_assumed_short_to_long,0
20.48,121.99999999999822,229,50,56,289,151,202,300,10.52,1395.0000000000018,GT,provisional_assumed_short_to_long,0
20.49,122.99999999999929,229.99999999999929,50,56,289,151,202,300,10.52,1394.0000000000007,GT,provisional_assumed_short_to_long,0
20.50,124,231,50,56,289,151,202,300,10.52,1393,GT,provisional_assumed_short_to_long,0
20.51,123.99999999999893,229.99999999999895,50,55.999999999997868,289,151,201.00000000000105,300,10.514999999999993,1391.9999999999989,GT,provisional_assumed_short_to_long,0
20.52,123.00000000002096,229.00000000002098,50,54.000000000041922,289,151,201.99999999997902,300,10.51,1390.9999999999948,GT,provisional_assumed_short_to_long,0
20.53,123.9999999999801,229,49.000000000019895,54.999999999980105,289.9999999999801,151,201.0000000000199,300,10.509999999999915,1387.99999999998,GT,provisional_assumed_short_to_long,0
20.54,123.00000000001918,229,50.999999999961631,54.000000000019185,289.00000000001921,151,201,300,10.48,1381.0000000000036,GT,provisional_assumed_short_to_long,0
20.55,123,228.00000000001813,50.000000000018119,55.999999999963762,289,150.00000000001813,201,300,10.48,1381.9999999999907,GT,provisional_assumed_short_to_long,0
20.56,123,228.99999999998261,50.999999999982592,56,289,150.99999999998261,201,300,10.48,1380.0000000000052,GT,provisional_assumed_short_to_long,0
20.57,123,228.00000000001634,51,54.000000000032685,289,150.00000000001634,200.00000000001634,300,10.479999999999968,1381.0000000000032,GT,provisional_assumed_short_to_long,0
20.58,123,228.99999999998471,49.000000000030553,55.999999999969447,289,150,200.99999999998471,300,10.474999999999962,1381.5000000000036,GT,provisional_assumed_short_to_long,0
20.59,123,229,50.999999999970868,56,289,150,201,300,10.470000000000082,1381.9999999999836,GT,provisional_assumed_short_to_long,0
20.60,123,230.999999999973,51,56,289,150,201,300,10.479999999999908,1380.0000000000277,GT,provisional_assumed_short_to_long,0
20.61,123,230.00000000001279,51,54.00000000002558,289,150,201,300,10.470000000000001,1382.99999999999,GT,provisional_assumed_short_to_long,0
20.62,123.99999999998828,230,51,55.999999999976552,289,150,201,300,10.470000000000111,1382,GT,provisional_assumed_short_to_long,0
20.63,123.00000000001101,230,49.000000000022027,56,289,150,201.99999999998897,300,10.479999999999883,1381.9999999999297,GT,provisional_assumed_short_to_long,0
20.64,123.49999999999503,230,49,55.000000000009948,289,150,201.50000000000497,300,10.470000000000256,1376.0000000000896,GT,provisional_assumed_short_to_long,0
20.65,123.99999999999557,230,49,54.000000000008882,289,150,201.00000000000443,300,10.49,1383,GT,provisional_assumed_short_to_long,0
20.66,123.00000000000817,229.00000000000819,50.999999999983658,54.999999999991829,289,150,201.99999999999181,300,10.49,1383,GT,provisional_assumed_short_to_long,0
20.67,123,229.99999999999289,51,55.999999999992895,289,150.99999999999289,201.00000000000711,300,10.49,1383.0000000000157,GT,provisional_assumed_short_to_long,0
20.68,123,230,49.00000000001279,54.00000000001279,289,150.00000000000639,201,300,10.49,1384,GT,provisional_assumed_short_to_long,0
20.69,123.99999999999467,229.00000000000534,49,55.999999999989342,289,150,201,300,10.489999999999826,1384.0000000000523,GT,provisional_assumed_short_to_long,0
20.70,125.99999999999076,229.9999999999954,50.999999999990763,56,289,150,201,300,10.479999999999819,1387.0000000000182,GT,provisional_assumed_short_to_long,0
20.71,126,230,50.000000000003553,55.000000000003553,289,150.99999999999645,201,300,10.470000000000097,1388,GT,provisional_assumed_short_to_long,0
20.72,125.00000000000284,230,50,55.999999999997158,289,151,201,300,10.475000000000044,1388,GT,provisional_assumed_short_to_long,0
20.73,125,230,50.999999999998224,54.000000000003553,289,151,201,300,10.479999999999992,1388,GT,provisional_assumed_short_to_long,0
20.74,125.99999999999929,230.99999999999929,49.000000000001421,55.999999999998579,289,151,201,300.99999999999932,10.48,1386.0000000000014,GT,provisional_assumed_short_to_long,0
20.75,127,231,49,56,289,151,201,301,10.48,1386,GT,provisional_assumed_short_to_long,0
20.76,127.00000000000107,231.00000000000105,50.000000000001066,54.000000000002132,290,151,201,301,10.470000000000022,1386.0000000000011,GT,provisional_assumed_short_to_long,0
20.77,127.99999999997904,231.99999999997902,50.999999999979039,55.999999999958078,290,151,201,301,10.490000000000018,1387.0000000000018,GT,provisional_assumed_short_to_long,0
20.78,128,232,51,54.00000000003979,290,151,201.9999999999801,301,10.500000000000028,1388.0000000000057,GT,provisional_assumed_short_to_long,0
20.79,128,232,51,54.999999999980815,289.00000000001921,151.99999999998082,201.00000000001918,301.99999999998079,10.509999999999982,1390.0000000000089,GT,provisional_assumed_short_to_long,0
20.80,127.00000000001812,232,51,55.999999999981881,289.99999999998187,151.00000000001813,201,302,10.504999999999978,1392.5000000000116,GT,provisional_assumed_short_to_long,0
20.81,127,232,51,54.000000000034817,289.00000000001739,151.99999999998261,201.99999999998261,302,10.499999999999893,1395.0000000000052,GT,provisional_assumed_short_to_long,0
20.82,127,232.99999999998366,51,54.999999999983658,289,152,201.00000000001634,302,10.480000000000064,1396.0000000000064,GT,provisional_assumed_short_to_long,0
20.83,127,233,51,55.999999999984723,289,152,201,302,10.49,1396.9999999999925,GT,provisional_assumed_short_to_long,0
20.84,127,233,51,56,289,152.99999999998545,201,302,10.49,1395.9999999999918,GT,provisional_assumed_short_to_long,0
20.85,127,233.9999999999865,51,55.0000000000135,289,152.0000000000135,201.9999999999865,302,10.490000000000046,1395.0000000000045,GT,provisional_assumed_short_to_long,0
20.86,127,233.00000000001279,49.00000000002558,54.00000000001279,289,152,201.00000000001279,302,10.495000000000051,1395.500000000005,GT,provisional_assumed_short_to_long,0
20.87,127,233,50.999999999976552,55.999999999976552,289,152.99999999998829,201,302,10.5,1395.9999999999559,GT,provisional_assumed_short_to_long,0
20.88,127,233,50.000000000011013,55.000000000011013,289.99999999998897,153,201,302,10.500000000000117,1392,GT,provisional_assumed_short_to_long,0
20.89,127.99999999999005,233,50.999999999990052,55,289.00000000000995,153,201,302,10.509999999999488,1392.0000000002046,GT,provisional_assumed_short_to_long,0
20.90,128,233,50.000000000008882,54.000000000008882,289,153,201,302,10.470000000000001,1407.9999999999723,GT,provisional_assumed_short_to_long,0
20.91,128,233.99999999999181,50.999999999991829,55.999999999983658,289.99999999999181,153,201,302,10.470000000000146,1406.0000000000146,GT,provisional_assumed_short_to_long,0
20.92,128,234,50.000000000007105,54.000000000014211,290,152.00000000000711,201,302,10.479999999999844,1406.9999999999843,GT,provisional_assumed_short_to_long,0
20.93,128,234,50.999999999993605,54.999999999993605,290,152,201,302,10.470000000000082,1406,GT,provisional_assumed_short_to_long,0
20.94,128,234,51,64.999999999946709,289.00000000000534,152,201.99999999999466,302,10.475000000000087,1406,GT,provisional_assumed_short_to_long,0
20.95,128,233.0000000000046,50.000000000004619,56.000000000041567,289,152,201.0000000000046,302,10.479999999999819,1405.9999999999818,GT,provisional_assumed_short_to_long,0
20.96,128,233,50,56,289,152,201,302,10.470000000000001,1405,GT,provisional_assumed_short_to_long,0
20.97,128,233,50.999999999997158,55.000000000002842,289,152,201,302,10.470000000000001,1405,GT,provisional_assumed_short_to_long,0
20.98,128,233,50.000000000001776,54.500000000000888,289,151.50000000000088,201.49999999999912,302,10.479999999999983,1404.0000000000018,GT,provisional_assumed_short_to_long,0
20.99,128,233,49.000000000000711,54.000000000000355,289,151.00000000000034,201.99999999999966,302,10.489999999999993,1400.0000000000027,GT,provisional_assumed_short_to_long,0
21.00,127,232,51,56,289,151,201,302,10.460000000000001,1403,GT,provisional_assumed_short_to_long,0
21.01,127.00000000000107,232.99999999999895,50.999999999997868,55.999999999998934,289,151,201.99999999999895,302,10.480000000000022,1408.0000000000052,GT,provisional_assumed_short_to_long,0
21.02,127.99999999997904,232.00000000002098,49.000000000041922,55.000000000020961,289,151,201.00000000002098,302,10.5,1413,GT,provisional_assumed_short_to_long,0
21.03,128,232,50.99999999996021,55.999999999980105,289,151,201,301.0000000000199,10.5,1413.000000000003,GT,provisional_assumed_short_to_long,0
21.04,127.00000000001918,232.99999999998082,49.000000000038369,56,289,151,201,301,10.500000000000036,1413.9999999999893,GT,provisional_assumed_short_to_long,0
21.05,127.99999999998188,233,49.999999999981881,56,289,151,201.99999999998187,301.99999999998187,10.509999999999954,1411,GT,provisional_assumed_short_to_long,0
21.06,128,233,50,55.000000000017408,289,150.00000000001739,201.00000000001739,302,10.5,1410.9999999999948,GT,provisional_assumed_short_to_long,0
21.07,127.00000000001634,233,50,54.000000000016342,289,150.99999999998366,201,302,10.5,1410,GT,provisional_assumed_short_to_long,0
21.08,127,233,50,55.999999999969447,289,151,201,302,10.5,1410,GT,provisional_assumed_short_to_long,0
21.09,127,233,49.000000000014566,56,289,151,201,301.00000000001455,10.5,1409.9999999999673,GT,provisional_assumed_short_to_long,0
21.10,127,232.0000000000135,49.9999999999865,55.0000000000135,289,151,201,301.99999999998647,10.500000000000185,1406.0000000000277,GT,provisional_assumed_short_to_long,0
21.11,127,233.99999999997442,50,55.99999999998721,289,151,201,301.00000000001279,10.520000000000099,1408.99999999998,GT,provisional_assumed_short_to_long,0
21.12,127.99999999998828,234,50,56,289,151,201,301,10.529999999999889,1406.9999999999891,GT,provisional_assumed_short_to_long,0
21.13,128,234.99999999998897,49.000000000011013,56,289.99999999998897,151.99999999998897,201,301,10.52,1406,GT,provisional_assumed_short_to_long,0
21.14,128,235,49.999999999990052,55.000000000009948,289.00000000000995,152,201.99999999999005,301.99999999999005,10.52,1406,GT,provisional_assumed_short_to_long,0
21.15,128,235,50,64.999999999911182,289.99999999999113,152,201.00000000000887,301.00000000000887,10.519999999999861,1405.9999999999307,GT,provisional_assumed_short_to_long,0
21.16,128,235,50,67.999999999975486,290,152.99999999999181,201,301.99999999999181,10.510000000000145,1400.9999999999854,GT,provisional_assumed_short_to_long,0
21.17,,,,,,,,,,,GT,provisional_assumed_short_to_long,1
