time_seconds,FMG_channel_1,FMG_channel_2,FMG_channel_3,FMG_channel_4,FMG_channel_5,FMG_channel_6,FMG_channel_7,FMG_channel_8,CoP,vGRF,provisional_phase,label_status,signal_missing,FMG_channel_1_imputed,FMG_channel_2_imputed,FMG_channel_3_imputed,FMG_channel_4_imputed,FMG_channel_5_imputed,FMG_channel_6_imputed,FMG_channel_7_imputed,FMG_channel_8_imputed,CoP_imputed,vGRF_imputed
0.00,75,22,48,0,138,211,121,81,15.609563934273453,1692.0010070661033,QS,model_assisted_not_ground_truth,0,0,0,0,0,0,0,0,0,1,1
0.01,74,21.999999999998181,49,0,139,211,123.99999999999909,80.000000000001819,15.620000000000017,1694.0000000000045,QS,model_assisted_not_ground_truth,0,0,0,0,0,0,0,0,0,0,0
0.02,74,20.000000000003638,48.999999999998181,0,138.99999999999818,211,123.00000000000364,81.999999999998181,15.640000000000018,1698.9900000000146,QS,model_assisted_not_ground_truth,0,0,0,0,0,0,0,0,0,0,0
0.03,74,21.999999999997272,48.000000000002728,0,138.00000000000546,211,124.99999999998909,81.000000000002728,15.650000000000027,1706.99000000003,QS,model_assisted_not_ground_truth,0,0,0,0,0,0,0,0,0,0,0
0.04,74,21,49,0,139.99999999999636,211,120.99999999999636,82,15.66,1717.9899999999855,QS,model_assisted_not_ground_truth,0,0,0,0,0,0,0,0,0,0,0
0.05,74,21.000000000004547,49.000000000004547,0,139,211,120.00000000000909,82,15.659999999999977,1713.99,QS,model_assisted_not_ground_truth,0,0,0,0,0,0,0,0,0,0,0
0.06,74,22,49.999999999994543,0,139,211,122,82,15.654999999999973,1713.99,QS,model_assisted_not_ground_truth,0,0,0,0,0,0,0,0,0,0,0
0.07,74,22,48.999999999993634,0,139.00000000000637,211,122.00000000001273,81.999999999993634,15.650000000000128,1713.9899999999745,QS,model_assisted_not_ground_truth,0,0,0,0,0,0,0,0,0,0,0
0.08,74,22,48.000000000007276,0,139.99999999999272,211,124,80.999999999992724,15.67,1709.9900000000291,QS,model_assisted_not_ground_truth,0,0,0,0,0,0,0,0,0,0,0
0.09,73.999999999991815,21.999999999991815,49,0,139,211,124.00000000000819,80.000000000016371,15.669999999999918,1713.9900000000082,QS,model_assisted_not_ground_truth,0,0,0,0,0,0,0,0,0,0,0
0.10,73,21.000000000009095,49,0,139.00000000000909,211,124.99999999996362,82,15.660000000000091,1715.0000000000091,QS,model_assisted_not_ground_truth,0,0,0,0,0,0,0,0,0,0,0
0.11,73.000000000010004,22,48.999999999989996,0,140,211,121.00000000001,82,15.6699999999994,1715.9899999995698,QS,model_assisted_not_ground_truth,0,0,0,0,0,0,0,0,0,0,0
0.12,74,22,48.000000000010914,0,140,211,122.00000000002183,82,15.609999999999781,1672.9899999999457,QS,model_assisted_not_ground_truth,0,0,0,0,0,0,0,0,0,0,0
0.13,74,21.999999999988177,49,0,140,211,124,82,15.59,1668.0100000000236,QS,model_assisted_not_ground_truth,0,0,0,0,0,0,0,0,0,0,0
0.14,74,21.000000000012733,48.999999999987267,0,139.99999999998727,211,124,82,15.59,1670.0150000000256,QS,model_assisted_not_ground_truth,0,0,0,0,0,0,0,0,0,0,0
0.15,74,22,48,0,139,211.00000000001364,123.99999999995907,82,15.59,1672.0200000000821,QS,model_assisted_not_ground_truth,0,0,0,0,0,0,0,0,0,0,0
0.16,74,21.999999999985448,48.000000000014552,0,139.00000000001455,211.99999999998545,121.00000000005821,82.000000000014552,15.59,1678.0299999999709,QS,model_assisted_not_ground_truth,0,0,0,0,0,0,0,0,0,0,0
0.17,74,21.000000000015461,49,0,140.00000000001546,211,125.00000000001546,83,15.59,1676.030000000093,QS,model_assisted_not_ground_truth,0,0,0,0,0,0,0,0,0,0,0
0.18,74,21.999999999983629,49,0,141,211.00000000001637,126,83,15.59,1682.0399999999618,QS,model_assisted_not_ground_truth,0,0,0,0,0,0,0,0,0,0,0
0.19,74,21.000000000005457,49,0,141,211.99999999999454,126,83,15.59,1683.0499999999945,QS,model_assisted_not_ground_truth,0,0,0,0,0,0,0,0,0,0,0
0.20,74,19.000000000009091,48.000000000004547,0,140.00000000000455,212,126.99999999999545,83,15.594999999999978,1683.0549999999998,QS,model_assisted_not_ground_truth,0,0,0,0,0,0,0,0,0,0,0
0.21,74,19.999999999996362,48,0,140,212,125.00000000000728,83,15.599999999999982,1683.0599999999999,QS,model_assisted_not_ground_truth,0,0,0,0,0,0,0,0,0,0,0
0.22,74,20.999999999997272,48.999999999997272,0,140.99999999999727,212,126.99999999999454,83,15.609999999999973,1686.0599999999918,QS,model_assisted_not_ground_truth,0,0,0,0,0,0,0,0,0,0,0
0.23,74,21,48.000000000001819,0,141,212,125.00000000000364,83,15.619999999999981,1690.0599999999927,QS,model_assisted_not_ground_truth,0,0,0,0,0,0,0,0,0,0,0
0.24,74.999999999999091,21,48.999999999999091,0,140.00000000000091,212,124.00000000000091,83,15.600000000000017,1684.0700000000054,QS,model_assisted_not_ground_truth,0,0,0,0,0,0,0,0,0,0,0
0.25,74,21,49,0,141,212,125,83,15.619999999999999,1681.04,QS,model_assisted_not_ground_truth,0,0,0,0,0,0,0,0,0,0,0
0.26,74.999999999999091,21,49.000000000000909,0,140.99999999999909,212,125.99999999999909,83,15.630000000000001,1684.0300000000009,QS,model_assisted_not_ground_truth,0,0,0,0,0,0,0,0,0,0,0
0.27,74.000000000001819,21,49.999999999998181,0,140.00000000000182,212,124.99999999999636,83,15.630000000000001,1685.0350000000019,QS,model_assisted_not_ground_truth,0,0,0,0,0,0,0,0,0,0,0
0.28,74.999999999997272,20.999999999997268,49,0,141,212.00000000000273,123.00000000000273,83,15.630000000000001,1686.0400000000136,QS,model_assisted_not_ground_truth,0,0,0,0,0,0,0,0,0,0,0
0.29,74,20.000000000001819,49,0,141,213,123.99999999999818,83.000000000001819,15.630000000000074,1691.04,QS,model_assisted_not_ground_truth,0,0,0,0,0,0,0,0,0,0,0
0.30,74,20.500000000002274,49,0,141,213,123.49999999999773,83.500000000002274,15.649999999999954,1691.0300000000091,QS,model_assisted_not_ground_truth,0,0,0,0,0,0,0,0,0,0,0
0.31,74.000000000005457,21,49,0,141,213,123,84,15.640000000000109,1693.0300000000655,QS,model_assisted_not_ground_truth,0,0,0,0,0,0,0,0,0,0,0
0.32,74.999999999993634,20.999999999993634,49,0,141,213,123.0000000000191,84.000000000006366,15.659999999999872,1705.0299999999108,QS,model_assisted_not_ground_truth,0,0,0,0,0,0,0,0,0,0,0
0.33,74,20.000000000007276,49,0,140.99999999999272,213.00000000000728,126,84.999999999992724,15.639999999999855,1691.024999999898,QS,model_assisted_not_ground_truth,0,0,0,0,0,0,0,0,0,0,0
0.34,74,20.999999999991811,49,0,140,213.99999999999181,126.00000000000819,84,15.620000000000244,1677.0200000002376,QS,model_assisted_not_ground_truth,0,0,0,0,0,0,0,0,0,0,0
0.35,74,20,49,0,140.00000000000909,213,126.99999999999091,84,15.64999999999991,1706.0399999999545,QS,model_assisted_not_ground_truth,0,0,0,0,0,0,0,0,0,0,0
0.36,74,20,49,0,141,213.00000000001,126.00000000001,84,15.640000000000001,1701.04000000007,QS,model_assisted_not_ground_truth,0,0,0,0,0,0,0,0,0,0,0
0.37,74,20,49,0,141,214.00000000001091,127.00000000001091,84,15.640000000000109,1708.0500000000109,QS,model_assisted_not_ground_truth,0,0,0,0,0,0,0,0,0,0,0
0.38,74,20,49,0,141.00000000001182,215,127.99999999997635,84,15.650000000000356,1709.0600000002012,QS,model_assisted_not_ground_truth,0,0,0,0,0,0,0,0,0,0,0
0.39,74,20,49,0,142,215,126.00000000001273,84.000000000012733,15.67999999999949,1726.0699999998471,QS,model_assisted_not_ground_truth,0,0,0,0,0,0,0,0,0,0,0
0.40,74,20,49,0,141.99999999998636,215,126.99999999998636,85,15.639999999999933,1714.0700000000204,QS,model_assisted_not_ground_truth,0,0,0,0,0,0,0,0,0,0,0
0.41,74,20,49,0,141.00000000001455,215.00000000001455,126.00000000001455,85,15.634999999999929,1715.5750000000219,QS,model_assisted_not_ground_truth,0,0,0,0,0,0,0,0,0,0,0
0.42,74,20,49,0,142,215.99999999998454,127,85,15.630000000000001,1717.0799999999999,QS,model_assisted_not_ground_truth,0,0,0,0,0,0,0,0,0,0,0
0.43,74,20,49,0,142,215,126.99999999998363,85.000000000016371,15.630000000000001,1717.0799999999999,QS,model_assisted_not_ground_truth,0,0,0,0,0,0,0,0,0,0,0
0.44,74,20,49,0,142,215,126.00000000000546,85.999999999994543,15.600000000000163,1687.0600000001637,QS,model_assisted_not_ground_truth,0,0,0,0,0,0,0,0,0,0,0
0.45,74,20.999999999995453,49.999999999995453,0,142,215,125.00000000000455,86,15.619999999999909,1718.079999999859,QS,model_assisted_not_ground_truth,0,0,0,0,0,0,0,0,0,0,0
0.46,74,20.000000000003634,50,0,141.00000000000364,215,126.99999999999272,86,15.619999999999999,1718.5799999999981,QS,model_assisted_not_ground_truth,0,0,0,0,0,0,0,0,0,0,0
0.47,74,20.999999999997275,49.000000000002728,0,141,215,125.00000000000546,86,15.619999999999999,1719.0799999999986,QS,model_assisted_not_ground_truth,0,0,0,0,0,0,0,0,0,0,0
0.48,74,21,49,0,141,215,127.99999999999454,86,15.610000000000017,1691.0500000000509,QS,model_assisted_not_ground_truth,0,0,0,0,0,0,0,0,0,0,0
0.49,74,20.000000000000909,49,0,141.99999999999909,215,127.00000000000091,86,15.639999999999974,1708.0499999999845,QS,model_assisted_not_ground_truth,0,0,0,0,0,0,0,0,0,0,0
0.50,74,21,49,0,141,216,126,86,15.630000000000001,1712.0599999999999,QS,model_assisted_not_ground_truth,0,0,0,0,0,0,0,0,0,0,0
0.51,74,20.000000000000909,49.999999999999091,0,141.99999999999909,216,125.00000000000182,86,15.630000000000027,1717.0600000000072,QS,model_assisted_not_ground_truth,0,0,0,0,0,0,0,0,0,0,0
0.52,74,21,49.000000000001819,0,141,216,127,86,15.659999999999945,1725.0699999999799,QS,model_assisted_not_ground_truth,0,0,0,0,0,0,0,0,0,0,0
0.53,74,20.999999999997268,50,0,141.00000000000273,216,127,86,15.630000000000015,1714.0700000000068,QS,model_assisted_not_ground_truth,0,0,0,0,0,0,0,0,0,0,0
0.54,74,20.000000000003642,49.999999999996355,0,142,216,127.00000000000364,86.000000000003638,15.635000000000019,1716.570000000009,QS,model_assisted_not_ground_truth,0,0,0,0,0,0,0,0,0,0,0
0.55,74,20.999999999995449,49.000000000004555,0,142,216.00000000000455,128.00000000000455,87,15.640000000000001,1719.0699999999908,QS,model_assisted_not_ground_truth,0,0,0,0,0,0,0,0,0,0,0
0.56,74,20.000000000005464,49.999999999994536,0,141.99999999999454,217,129.00000000000546,87.00000000003277,15.639999999999946,1717.0699999999999,QS,model_assisted_not_ground_truth,0,0,0,0,0,0,0,0,0,0,0
0.57,74,21,49,0,141.00000000000637,217,129.99999999999363,92.999999999993634,15.630000000000001,1717.0700000000127,QS,model_assisted_not_ground_truth,0,0,0,0,0,0,0,0,0,0,0
0.58,74,20.999999999992728,49,0,142,217,129.00000000000728,92,15.630000000000074,1719.0800000000218,QS,model_assisted_not_ground_truth,0,0,0,0,0,0,0,0,0,0,0
0.59,74,20.000000000008182,49,0,142,217,130.00000000001637,92.000000000008185,15.640000000000001,1722.0699999999877,QS,model_assisted_not_ground_truth,0,0,0,0,0,0,0,0,0,0,0
0.60,74,20.999999999990909,49,0,142.00000000000909,217,131.99999999998181,92.999999999990905,15.640000000000001,1720.5749999999864,QS,model_assisted_not_ground_truth,0,0,0,0,0,0,0,0,0,0,0
0.61,74,20,49,0,142.99999999999,217,129.99999999999,92.000000000010004,15.6399999999994,1719.0799999997098,QS,model_assisted_not_ground_truth,0,0,0,0,0,0,0,0,0,0,0
0.62,74,20,49,0,142,217.00000000001091,129.00000000005457,92.999999999989086,15.580000000000219,1690.0800000001636,QS,model_assisted_not_ground_truth,0,0,0,0,0,0,0,0,0,0,0
0.63,74,20,49,0,142,218,133.99999999997635,92,15.6,1705.0800000000118,QS,model_assisted_not_ground_truth,0,0,0,0,0,0,0,0,0,0,0
0.64,74,20.000000000012733,49,0,142,217.99999999998727,131.99999999997453,92.000000000012733,15.6,1706.0800000000129,QS,model_assisted_not_ground_truth,0,0,0,0,0,0,0,0,0,0,0
0.65,74,21,49.000000000013642,0,142,217,130.00000000004093,92.999999999986358,15.600000000000136,1707.0900000000681,QS,model_assisted_not_ground_truth,0,0,0,0,0,0,0,0,0,0,0
0.66,74,21.000000000014555,50,0,142,217.00000000001455,132.99999999994179,92,15.609999999999927,1712.0900000000145,QS,model_assisted_not_ground_truth,0,0,0,0,0,0,0,0,0,0,0
0.67,74,21.999999999984535,49.999999999984531,0,142.00000000001546,218.00000000001546,129.00000000001546,92.000000000015461,15.604999999999979,1713.090000000004,QS,model_assisted_not_ground_truth,0,0,0,0,0,0,0,0,0,0,0
0.68,74,21,49,0,143,219,130.00000000001637,92.999999999983629,15.600000000000032,1714.0899999999936,QS,model_assisted_not_ground_truth,0,0,0,0,0,0,0,0,0,0,0
0.69,74,21,49,0,143,219,130.99999999999454,92.000000000005457,15.6,1719.0899999999726,QS,model_assisted_not_ground_truth,0,0,0,0,0,0,0,0,0,0,0
0.70,74,21,49,0,142.00000000000455,219,131,92,15.619999999999909,1727.0899999999635,QS,model_assisted_not_ground_truth,0,0,0,0,0,0,0,0,0,0,0
0.71,74,21,49,0,142.99999999999636,219.99999999999636,129.00000000000728,92.999999999996362,15.580000000000146,1707.0900000000727,QS,model_assisted_not_ground_truth,0,0,0,0,0,0,0,0,0,0,0
0.72,74,21,49.999999999997272,0,143,220,129.99999999999727,92.000000000002728,15.58,1704.0900000000081,QS,model_assisted_not_ground_truth,0,0,0,0,0,0,0,0,0,0,0
0.73,74,20.000000000001819,49.000000000001819,0,142.00000000000182,220,130.99999999999818,92.999999999998181,15.57500000000001,1705.0899999999981,QS,model_assisted_not_ground_truth,0,0,0,0,0,0,0,0,0,0,0
0.74,74,20.999999999999091,49,0,142,220.99999999999909,130.00000000000091,93,15.570000000000006,1706.089999999999,QS,model_assisted_not_ground_truth,0,0,0,0,0,0,0,0,0,0,0
0.75,74,21,50,0,143,221,129,93,15.57,1704.0899999999999,QS,model_assisted_not_ground_truth,0,0,0,0,0,0,0,0,0,0,0
0.76,74.999999999999091,18.000000000002732,49.999999999999091,0,144,221,134,93.000000000000909,15.550000000000027,1700.1000000000072,QS,model_assisted_not_ground_truth,0,0,0,0,0,0,0,0,0,0,0
0.77,74.000000000001819,20.999999999996358,49,0,144.00000000000364,221,134.00000000000182,94,15.579999999999963,1708.0900000000054,QS,model_assisted_not_ground_truth,0,0,0,0,0,0,0,0,0,0,0
0.78,75,19.000000000005464,49,0,145.99999999999727,221.00000000000273,135.00000000000273,94,15.560000000000027,1711.1000000000026,QS,model_assisted_not_ground_truth,0,0,0,0,0,0,0,0,0,0,0
0.79,75,20.999999999989075,49,0,145,222,135.99999999999272,94,15.570000000000018,1712.1000000000035,QS,model_assisted_not_ground_truth,0,0,0,0,0,0,0,0,0,0,0
0.80,75.000000000004547,18,49,0,145,222.00000000000455,134.00000000001364,94,15.575000000000022,1713.1000000000045,QS,model_assisted_not_ground_truth,0,0,0,0,0,0,0,0,0,0,0
0.81,76,18.000000000005464,49.000000000005464,0,145.00000000000546,223,136.99999999998909,94,15.58000000000011,1714.1000000000051,QS,model_assisted_not_ground_truth,0,0,0,0,0,0,0,0,0,0,0
0.82,76,18.999999999993626,49.999999999993626,0,146,223,135.00000000001913,94,15.599999999999808,1715.0699999999681,QS,model_assisted_not_ground_truth,0,0,0,0,0,0,0,0,0,0,0
0.83,76,18,49,0,145.99999999999272,223,138,94,15.570000000000073,1710.0900000000945,QS,model_assisted_not_ground_truth,0,0,0,0,0,0,0,0,0,0,0
0.84,76,17.999999999991818,49,0,145.00000000000819,223.00000000000819,138,94,15.58,1723.0899999999344,QS,model_assisted_not_ground_truth,0,0,0,0,0,0,0,0,0,0,0
0.85,75.999999999990905,17.000000000018186,49.000000000009095,0,146,223.99999999999091,138,94.000000000009095,15.579999999999819,1715.0800000000002,QS,model_assisted_not_ground_truth,0,0,0,0,0,0,0,0,0,0,0
0.86,75,19.000000000040014,50,0,145.99999999999,223.00000000001,137.99999999999,94.999999999989996,15.56,1715.1000000001,QS,model_assisted_not_ground_truth,0,0,0,0,0,0,0,0,0,0,0
0.87,75,23,50,0,145,223.99999999998909,137.00000000001091,94,15.56,1725.1100000000217,QS,model_assisted_not_ground_truth,0,0,0,0,0,0,0,0,0,0,0
0.88,75,22.999999999988177,50,0,144.99999999998818,223,138,94,15.56,1727.1150000000237,QS,model_assisted_not_ground_truth,0,0,0,0,0,0,0,0,0,0,0
0.89,75,22,50,0,144.00000000001273,223,138.00000000001273,94,15.560000000000128,1729.1200000000254,QS,model_assisted_not_ground_truth,0,0,0,0,0,0,0,0,0,0,0
0.90,75,22,50,0,145,223.00000000001364,138.99999999995907,94,15.569999999999864,1731.1200000000138,QS,model_assisted_not_ground_truth,0,0,0,0,0,0,0,0,0,0,0
0.91,75.000000000014552,22,50,0,145.00000000001455,224,135.99999999998545,94.000000000014552,15.56,1732.1299999999856,QS,model_assisted_not_ground_truth,0,0,0,0,0,0,0,0,0,0,0
0.92,76,21.999999999992266,50,0,146.00000000000773,224,135.00000000001546,94.999999999992269,15.56,1731.1300000000001,QS,model_assisted_not_ground_truth,0,0,0,0,0,0,0,0,0,0,0
0.93,76,21.499999999997495,50,0,146.5000000000025,224,136.000000000005,94.499999999997499,15.56,1731.1300000000001,QS,model_assisted_not_ground_truth,0,0,0,0,0,0,0,0,0,0,0
0.94,76,21.000000000002725,50,0,146.99999999999727,224,136.99999999999454,94.000000000002728,15.56,1731.1300000000001,QS,model_assisted_not_ground_truth,0,0,0,0,0,0,0,0,0,0,0
0.95,75.000000000004547,22.999999999990919,49.00000000000454,0,147.99999999999545,224,136.00000000000455,94.999999999995453,15.56,1735.1299999999819,QS,model_assisted_not_ground_truth,0,0,0,0,0,0,0,0,0,0,0
0.96,75,23,49.999999999996362,0,148,224.99999999999636,139.99999999998545,93.000000000007276,15.569999999999965,1728.1000000000256,QS,model_assisted_not_ground_truth,0,0,0,0,0,0,0,0,0,0,0
0.97,75.999999999997272,23,49.000000000002728,0,147.00000000000273,224.00000000000273,140,93,15.57,1727.1000000000026,QS,model_assisted_not_ground_truth,0,0,0,0,0,0,0,0,0,0,0
0.98,75.000000000001819,22.000000000001819,49,0,146.00000000000182,224,137.00000000000546,93,15.57,1733.109999999989,QS,model_assisted_not_ground_truth,0,0,0,0,0,0,0,0,0,0,0
0.99,75,22,49,0,147.99999999999818,224.99999999999909,138.99999999999818,92.000000000000909,15.57,1734.119999999999,QS,model_assisted_not_ground_truth,0,0,0,0,0,0,0,0,0,0,0
1.00,76,22,49,0,148,225,141,92,15.57,1732.1199999999999,QS,model_assisted_not_ground_truth,0,0,0,0,0,0,0,0,0,0,0
1.01,75.000000000000909,22,50,0,149,225.00000000000091,139.99999999999909,92.000000000001819,15.564999999999996,1733.6200000000013,QS,model_assisted_not_ground_truth,0,0,0,0,0,0,0,0,0,0,0
1.02,75.999999999998181,22.000000000001823,49.999999999998181,0,149,226,139,94.000000000001819,15.560000000000018,1735.1200000000163,QS,model_assisted_not_ground_truth,0,0,0,0,0,0,0,0,0,0,0
1.03,75,23,49.000000000002728,0,149.00000000000273,226,139,95,15.570000000000027,1744.1299999999235,QS,model_assisted_not_ground_truth,0,0,0,0,0,0,0,0,0,0,0
1.04,75,22.999999999996358,49.999999999996355,0,149.99999999999272,226.00000000000364,139,95,15.580000000000073,1716.0600000000509,QS,model_assisted_not_ground_truth,0,0,0,0,0,0,0,0,0,0,0
1.05,75.000000000004547,22,49.000000000004555,0,148.00000000000909,227,139.00000000000455,95,15.600000000000046,1730.0500000000272,QS,model_assisted_not_ground_truth,0,0,0,0,0,0,0,0,0,0,0
1.06,75.999999999994543,22,49.999999999994536,0,150,226.99999999999454,140,95,15.610000000000026,1736.0500000000109,QS,model_assisted_not_ground_truth,0,0,0,0,0,0,0,0,0,0,0
1.07,75,22.000000000006374,49,0,150.00000000000637,226.00000000000637,140,95,15.61500000000003,1738.0500000000127,QS,model_assisted_not_ground_truth,0,0,0,0,0,0,0,0,0,0,0
1.08,75,22.999999999992717,49,0,150.99999999999272,227,140,95,15.619999999999926,1740.05,QS,model_assisted_not_ground_truth,0,0,0,0,0,0,0,0,0,0,0
1.09,75,22,49,0,149.9999999999836,227.00000000000819,140.00000000000819,95.0000000000082,15.609999999999999,1740.0600000000163,QS,model_assisted_not_ground_truth,0,0,0,0,0,0,0,0,0,0,0
1.10,75,22.000000000009106,49,0,148.00000000000909,228,141,95.999999999954483,15.609999999999999,1742.0599999999727,QS,model_assisted_not_ground_truth,0,0,0,0,0,0,0,0,0,0,0
1.11,75,22.999999999989985,49.000000000010012,0,149,228,141.00000000001,91.000000000050065,15.6099999999999,1739.06000000006,QS,model_assisted_not_ground_truth,0,0,0,0,0,0,0,0,0,0,0
1.12,75,22,50,0,149,228,141.99999999998909,96,15.6,1745.0599999999999,QS,model_assisted_not_ground_truth,0,0,0,0,0,0,0,0,0,0,0
1.13,75,22.000000000011834,49.999999999988162,0,149,227.99999999998818,140.99999999998818,95.999999999988162,15.6,1745.069999999994,QS,model_assisted_not_ground_truth,0,0,0,0,0,0,0,0,0,0,0
1.14,75,22.999999999987253,49.000000000012747,0,149.00000000001273,227,140.00000000001273,95,15.6,1744.5699999999936,QS,model_assisted_not_ground_truth,0,0,0,0,0,0,0,0,0,0,0
1.15,75,22,50,0,149.99999999998636,227.00000000001364,141,95,15.599999999999863,1744.0699999999865,QS,model_assisted_not_ground_truth,0,0,0,0,0,0,0,0,0,0,0
1.16,75,22,49.999999999985455,0,149.00000000002908,227.99999999998545,141.00000000001455,95,15.589999999999854,1743.080000000029,QS,model_assisted_not_ground_truth,0,0,0,0,0,0,0,0,0,0,0
1.17,74.999999999984539,22,49.000000000015454,0,150.99999999998454,227,141.99999999995364,95.000000000015461,15.58,1745.0800000000309,QS,model_assisted_not_ground_truth,0,0,0,0,0,0,0,0,0,0,0
1.18,74,22,49.999999999983636,0,150,227,139.00000000001637,95.999999999983629,15.58,1747.0799999999872,QS,model_assisted_not_ground_truth,0,0,0,0,0,0,0,0,0,0,0
1.19,74,22,49.000000000005464,0,150,227,139.99999999999454,95.000000000005457,15.530000000000273,1696.0500000002787,QS,model_assisted_not_ground_truth,0,0,0,0,0,0,0,0,0,0,0
1.20,74.999999999995453,22,49.999999999995445,0,149.00000000000455,227,140.99999999999545,95,15.534999999999977,1697.5499999999931,QS,model_assisted_not_ground_truth,0,0,0,0,0,0,0,0,0,0,0
1.21,75,22,50,0,150.99999999999272,227,141.99999999999636,95,15.539999999999981,1699.0499999999945,QS,model_assisted_not_ground_truth,0,0,0,0,0,0,0,0,0,0,0
1.22,75,22,49.000000000002728,0,149.00000000000546,227,141.00000000000273,95,15.539999999999999,1711.0499999999672,QS,model_assisted_not_ground_truth,0,0,0,0,0,0,0,0,0,0,0
1.23,75,22,49.999999999998181,0,149.99999999999818,227.99999999999818,141,95.999999999998181,15.549999999999983,1716.0399999999909,QS,model_assisted_not_ground_truth,0,0,0,0,0,0,0,0,0,0,0
1.24,75,22,50,0,150,228,140.00000000000091,92.000000000003638,15.550000000000001,1716.05,QS,model_assisted_not_ground_truth,0,0,0,0,0,0,0,0,0,0,0
1.25,75,22,50,0,149,228,141,96,15.56,1717.05,QS,model_assisted_not_ground_truth,0,0,0,0,0,0,0,0,0,0,0
1.26,75,22,49.999999999999091,0,149.99999999999818,227.00000000000091,141.99999999999818,96,15.55000000000001,1718.0600000000027,QS,model_assisted_not_ground_truth,0,0,0,0,0,0,0,0,0,0,0
1.27,75,22,49.000000000001819,0,148.00000000000182,228,140.00000000000182,96,15.56,1721.0599999999999,QS,model_assisted_not_ground_truth,0,0,0,0,0,0,0,0,0,0,0
1.28,75,22,50,0,149,228,141.00000000000273,96.000000000002728,15.56,1721.0599999999999,QS,model_assisted_not_ground_truth,0,0,0,0,0,0,0,0,0,0,0
1.29,75,22,49.999999999996355,0,149.00000000000364,228,141.99999999999636,96.999999999996362,15.56,1721.0599999999963,QS,model_assisted_not_ground_truth,0,0,0,0,0,0,0,0,0,0,0
1.30,75,22,49,0,149.99999999999545,228,140.99999999999545,96,15.559999999999954,1720.0600000000227,QS,model_assisted_not_ground_truth,0,0,0,0,0,0,0,0,0,0,0
1.31,75,21.999999999978151,49,0,149,228,140.00000000000546,96,15.549999999999672,1725.0599999997214,QS,model_assisted_not_ground_truth,0,0,0,0,0,0,0,0,0,0,0
1.32,75,18,49,0,149,228,141,95.999999999980886,15.489999999999872,1674.050000000032,QS,model_assisted_not_ground_truth,0,0,0,0,0,0,0,0,0,0,0
1.33,75,18.000000000021849,49.000000000007283,0,148.99999999999272,228,141.00000000000728,93.000000000014566,15.470000000000001,1679.0900000000254,QS,model_assisted_not_ground_truth,0,0,0,0,0,0,0,0,0,0,0
1.34,75,21.000000000008193,49.999999999991807,0,148,228,141.9999999999836,95,15.470000000000001,1682.5950000000287,QS,model_assisted_not_ground_truth,0,0,0,0,0,0,0,0,0,0,0
1.35,75,22,49,0,148,228,139.99999999998178,95,15.46999999999991,1686.1000000000365,QS,model_assisted_not_ground_truth,0,0,0,0,0,0,0,0,0,0,0
1.36,75,21.999999999959943,49.000000000010012,0,148.00000000001,228,138.00000000001,95.000000000010019,15.460000000000202,1690.1200000000201,QS,model_assisted_not_ground_truth,0,0,0,0,0,0,0,0,0,0,0
1.37,75.000000000010928,18.000000000043698,50,0,149.00000000001091,228,139.00000000003277,95.999999999989072,15.480000000000111,1692.1300000000329,QS,model_assisted_not_ground_truth,0,0,0,0,0,0,0,0,0,0,0
1.38,76,22.000000000011834,49.999999999988162,0,150,228,141.99999999998818,95,15.490000000000119,1695.1300000000474,QS,model_assisted_not_ground_truth,0,0,0,0,0,0,0,0,0,0,0
1.39,75.999999999987253,22.999999999987253,49.000000000012747,0,149.99999999998727,228,140.99999999998727,95.000000000012747,15.499999999999744,1699.1299999999492,QS,model_assisted_not_ground_truth,0,0,0,0,0,0,0,0,0,0,0
1.40,75.000000000013657,22.000000000013657,49.999999999986343,0,148.99999999998636,228,139.99999999998636,96,15.48,1695.1400000000069,QS,model_assisted_not_ground_truth,0,0,0,0,0,0,0,0,0,0,0
1.41,75.999999999985462,22.99999999992728,49,0,148,228,139.00000000001455,95.999999999985462,15.48,1695.6400000000074,QS,model_assisted_not_ground_truth,0,0,0,0,0,0,0,0,0,0,0
1.42,75.000000000015461,18,49.000000000015454,0,148,228,140.00000000001546,95,15.48,1696.1400000000156,QS,model_assisted_not_ground_truth,0,0,0,0,0,0,0,0,0,0,0
1.43,76,18.000000000081823,49.999999999983636,0,148,228,141,95.000000000016371,15.48,1697.1399999999937,QS,model_assisted_not_ground_truth,0,0,0,0,0,0,0,0,0,0,0
1.44,76,22.999999999972687,49.000000000005464,0,148,228,141,95.999999999994543,15.489999999999945,1690.1100000000383,QS,model_assisted_not_ground_truth,0,0,0,0,0,0,0,0,0,0,0
1.45,75.000000000004547,22.000000000004551,49,0,148,227.00000000000455,140.00000000000455,95.000000000004547,15.499999999999954,1697.1099999999681,QS,model_assisted_not_ground_truth,0,0,0,0,0,0,0,0,0,0,0
1.46,75,22,49,0,148,227.99999999999636,141.99999999999272,95,15.5,1704.0999999999744,QS,model_assisted_not_ground_truth,0,0,0,0,0,0,0,0,0,0,0
1.47,75.999999999997272,18.000000000010925,49,0,147.00000000000273,228,140.00000000000546,95,15.504999999999987,1703.6050000000012,QS,model_assisted_not_ground_truth,0,0,0,0,0,0,0,0,0,0,0
1.48,75.000000000001819,22.999999999990898,49,0,147,228,140.99999999999818,95,15.509999999999991,1703.1100000000008,QS,model_assisted_not_ground_truth,0,0,0,0,0,0,0,0,0,0,0
1.49,75.999999999999091,23,49,0,147.99999999999909,228,140.00000000000091,95,15.51,1705.0999999999981,QS,model_assisted_not_ground_truth,0,0,0,0,0,0,0,0,0,0,0
1.50,76,23,49,0,147,228,139,96,15.51,1704.1099999999999,QS,model_assisted_not_ground_truth,0,0,0,0,0,0,0,0,0,0,0
1.51,76,22.000000000000909,49.000000000000909,0,147,227.99999999999909,139.00000000000182,95.000000000000909,15.509999999999991,1704.1099999999981,QS,model_assisted_not_ground_truth,0,0,0,0,0,0,0,0,0,0,0
1.52,76,23,49.999999999998181,0,147,227,141.00000000000182,95.999999999998181,15.5,1702.1099999999781,QS,model_assisted_not_ground_truth,0,0,0,0,0,0,0,0,0,0,0
1.53,76,23,49,0,147,227,141.99999999999727,95,15.500000000000014,1690.1000000000272,QS,model_assisted_not_ground_truth,0,0,0,0,0,0,0,0,0,0,0
1.54,76,23,49,0,147,227,140.99999999999636,95,15.505000000000019,1700.1100000000363,QS,model_assisted_not_ground_truth,0,0,0,0,0,0,0,0,0,0,0
1.55,76,22.999999999995449,49,0,146.99999999999545,227,139.99999999999545,95.000000000004547,15.509999999999954,1710.1200000000365,QS,model_assisted_not_ground_truth,0,0,0,0,0,0,0,0,0,0,0
1.56,75.999999999994543,22.000000000005464,49.000000000005464,0,146,227,139.00000000000546,95.999999999994543,15.499999999999945,1718.1399999999892,QS,model_assisted_not_ground_truth,0,0,0,0,0,0,0,0,0,0,0
1.57,75,22.999999999974509,49.999999999993626,0,145.99999999999363,226.99999999999363,140.00000000000637,95.000000000006366,15.490000000000064,1716.1500000000256,QS,model_assisted_not_ground_truth,0,0,0,0,0,0,0,0,0,0,0
1.58,75.00000000000729,19,49,0,145.00000000000728,226,141,96,15.5,1720.1499999999855,QS,model_assisted_not_ground_truth,0,0,0,0,0,0,0,0,0,0,0
1.59,76,19,49,0,145.99999999999181,226,140.99999999999181,96,15.5,1718.1500000000165,QS,model_assisted_not_ground_truth,0,0,0,0,0,0,0,0,0,0,0
1.60,76,19.000000000009106,49,0,145.00000000001822,226,140,96,15.5,1720.1500000000092,QS,model_assisted_not_ground_truth,0,0,0,0,0,0,0,0,0,0,0
1.61,76,20,49,0,147,226,139.99999999999,96,15.5,1721.1500000000101,QS,model_assisted_not_ground_truth,0,0,0,0,0,0,0,0,0,0,0
1.62,76,20.000000000032774,49.000000000010928,0,146.99999999998909,226,139.00000000002186,95.999999999989072,15.49999999999989,1722.1499999999892,QS,model_assisted_not_ground_truth,0,0,0,0,0,0,0,0,0,0,0
1.63,76,23,49.999999999988162,0,146.00000000001182,225.99999999998818,141,95,15.49,1721.1499999997748,QS,model_assisted_not_ground_truth,0,0,0,0,0,0,0,0,0,0,0
1.64,76,22.999999999987253,49,0,146.99999999998727,225.00000000001273,141,95,15.490000000000128,1702.1200000002038,QS,model_assisted_not_ground_truth,0,0,0,0,0,0,0,0,0,0,0
1.65,76,22,49.000000000013657,0,146,226,141,95,15.500000000000137,1718.1300000000683,QS,model_assisted_not_ground_truth,0,0,0,0,0,0,0,0,0,0,0
1.66,76,22.000000000014566,49.999999999985434,0,146.00000000001458,226,141,95,15.51,1723.1299999999856,QS,model_assisted_not_ground_truth,0,0,0,0,0,0,0,0,0,0,0
1.67,76,23,49.000000000015454,0,147,226,141,95,15.51,1722.129999999996,QS,model_assisted_not_ground_truth,0,0,0,0,0,0,0,0,0,0,0
1.68,76,23,49.999999999983636,0,146.99999999998363,226,140.99999999998363,95,15.51,1721.1300000000065,QS,model_assisted_not_ground_truth,0,0,0,0,0,0,0,0,0,0,0
1.69,76,23,49.000000000005464,0,146.00000000000546,226,140.00000000000546,95,15.51,1717.1400000000219,QS,model_assisted_not_ground_truth,0,0,0,0,0,0,0,0,0,0,0
1.70,76,22.000000000004551,49.999999999995445,0,146,226,140.99999999999545,95,15.51,1724.1399999999683,QS,model_assisted_not_ground_truth,0,0,0,0,0,0,0,0,0,0,0
1.71,75.000000000003638,19.000000000010925,50,0,146.99999999999636,224.00000000000728,141.99999999999636,95,15.500000000000036,1720.1400000000147,QS,model_assisted_not_ground_truth,0,0,0,0,0,0,0,0,0,0,0
1.72,74.000000000002728,19,49.000000000002728,0,146.00000000000273,225.99999999999454,139.00000000000819,94.000000000002728,15.5,1721.1399999999974,QS,model_assisted_not_ground_truth,0,0,0,0,0,0,0,0,0,0,0
1.73,74,22.999999999992717,49,0,146,225.00000000000182,139.99999999999818,94.999999999998181,15.490000000000018,1721.1500000000001,QS,model_assisted_not_ground_truth,0,0,0,0,0,0,0,0,0,0,0
1.74,74,23,49,0,145.00000000000091,225,140.99999999999909,95,15.499999999999991,1725.1499999999965,QS,model_assisted_not_ground_truth,0,0,0,0,0,0,0,0,0,0,0
1.75,74,20,49,0,146,225,141,95,15.51,1729.1500000000001,QS,model_assisted_not_ground_truth,0,0,0,0,0,0,0,0,0,0,0
1.76,74.999999999999091,20.000000000002732,49.999999999999091,0,146,225,138.00000000000273,94.000000000000909,15.44,1688.1500000000001,QS,model_assisted_not_ground_truth,0,0,0,0,0,0,0,0,0,0,0
1.77,74,23,49,0,146,225,140.99999999999818,95,15.44,1688.1499999999946,QS,model_assisted_not_ground_truth,0,0,0,0,0,0,0,0,0,0,0
1.78,74.000000000002728,22.999999999991807,49,0,146,225,140,95.000000000002728,15.44,1685.1500000000028,QS,model_assisted_not_ground_truth,0,0,0,0,0,0,0,0,0,0,0
1.79,75,19.999999999996358,49,0,146,225,139.99999999999636,96,15.44,1686.1500000000583,QS,model_assisted_not_ground_truth,0,0,0,0,0,0,0,0,0,0,0
1.80,74.999999999995453,19.000000000018208,49,0,146.00000000000909,225,139,95.999999999995453,15.440000000000046,1702.1500000000137,QS,model_assisted_not_ground_truth,0,0,0,0,0,0,0,0,0,0,0
1.81,74,22.999999999978151,49.000000000005464,0,147.99999999999454,224.99999999999454,139,95,15.450000000000054,1705.1500000000165,QS,model_assisted_not_ground_truth,0,0,0,0,0,0,0,0,0,0,0
1.82,74.000000000006366,19.000000000025491,49.999999999993626,0,147,224,139.00000000000637,94.999999999993634,15.460000000000001,1708.1500000000192,QS,model_assisted_not_ground_truth,0,0,0,0,0,0,0,0,0,0,0
1.83,74.99999999999271,23,49.000000000007283,0,146.99999999998542,224,140,94,15.460000000000001,1711.1600000000292,QS,model_assisted_not_ground_truth,0,0,0,0,0,0,0,0,0,0,0
1.84,74.0000000000082,23,50,0,145.0000000000164,224,140.00000000000819,94.000000000016385,15.460000000000001,1715.1600000000083,QS,model_assisted_not_ground_truth,0,0,0,0,0,0,0,0,0,0,0
1.85,75,23,49.999999999990898,0,147,224,140.99999999999091,95.999999999990891,15.460000000000001,1716.1600000000456,QS,model_assisted_not_ground_truth,0,0,0,0,0,0,0,0,0,0,0
1.86,75,23,49.000000000010012,0,147.00000000001,224,140,95.000000000010019,15.459999999999901,1721.1599999999701,QS,model_assisted_not_ground_truth,0,0,0,0,0,0,0,0,0,0,0
1.87,75,23,49.999999999989072,0,148,224,139.99999999998909,95.999999999989072,15.449999999999999,1718.1599999999946,QS,model_assisted_not_ground_truth,0,0,0,0,0,0,0,0,0,0,0
1.88,75,23,49,0,147.99999999998818,224,139,95,15.449999999999999,1717.6599999999942,QS,model_assisted_not_ground_truth,0,0,0,0,0,0,0,0,0,0,0
1.89,75,22.999999999987253,49,0,147.00000000001273,223.99999999998727,139,95,15.449999999999362,1717.1599999997197,QS,model_assisted_not_ground_truth,0,0,0,0,0,0,0,0,0,0,0
1.90,75,22,49,0,147.99999999998636,223,138.99999999998636,94.999999999986343,15.4,1695.1700000000001,QS,model_assisted_not_ground_truth,0,0,0,0,0,0,0,0,0,0,0
1.91,75,22,49.000000000014566,0,147.00000000001458,223.00000000001458,138,94.000000000029132,15.400000000000146,1695.1700000001019,QS,model_assisted_not_ground_truth,0,0,0,0,0,0,0,0,0,0,0
1.92,75,21.999999999969091,49.999999999984546,0,148,224,138.00000000003092,95.999999999984539,15.410000000000155,1702.1700000000465,QS,model_assisted_not_ground_truth,0,0,0,0,0,0,0,0,0,0,0
1.93,74.999999999983629,20.000000000032728,49,0,148,224,139.99999999998363,95,15.419999999999936,1705.169999999981,QS,model_assisted_not_ground_truth,0,0,0,0,0,0,0,0,0,0,0
1.94,74.000000000005457,21.999999999989075,49,0,148,224,139.00000000000546,95,15.424999999999972,1707.6749999999863,QS,model_assisted_not_ground_truth,0,0,0,0,0,0,0,0,0,0,0
1.95,74.999999999995453,22,49.999999999995445,0,148,224,138.00000000000455,95,15.429999999999977,1710.1799999999887,QS,model_assisted_not_ground_truth,0,0,0,0,0,0,0,0,0,0,0
1.96,75,22,49.000000000003638,0,147.00000000000364,223.00000000000364,138.99999999999636,95,15.420000000000037,1713.1799999999891,QS,model_assisted_not_ground_truth,0,0,0,0,0,0,0,0,0,0,0
1.97,75,22.999999999997268,49.999999999997272,0,147,223,138.00000000000273,95,15.429999999999973,1716.1799999999919,QS,model_assisted_not_ground_truth,0,0,0,0,0,0,0,0,0,0,0
1.98,75,23,49.000000000001819,0,147.99999999999818,223,138,95.999999999998181,15.439999999999982,1713.1400000000056,QS,model_assisted_not_ground_truth,0,0,0,0,0,0,0,0,0,0,0
1.99,75,23,49.999999999999091,0,148,223,138.99999999999909,95.000000000000909,15.430000000000009,1711.1500000000019,QS,model_assisted_not_ground_truth,0,0,0,0,0,0,0,0,0,0,0
2.00,75,23,50,0,148,223,138,96,15.43,1711.1800000000001,QS,model_assisted_not_ground_truth,0,0,0,0,0,0,0,0,0,0,0
2.01,75,22.000000000000934,49.000000000000931,0,147,223,138.99999999999906,95,15.43,1722.1900000000014,QS,model_assisted_not_ground_truth,0,0,0,0,0,0,0,0,0,0,0
2.02,75,22.999999999998177,50,0,147,223,138,95,15.43,1723.6950000000029,QS,model_assisted_not_ground_truth,0,0,0,0,0,0,0,0,0,0,0
2.03,75,22,50,0,147,223,138.00000000000276,95.000000000002757,15.429999999999971,1725.2000000000082,QS,model_assisted_not_ground_truth,0,0,0,0,0,0,0,0,0,0,0
2.04,75,22,49.999999999996355,0,147,223,139.00000000000364,96,15.42,1728.21,QS,model_assisted_not_ground_truth,0,0,0,0,0,0,0,0,0,0,0
2.05,75,22.00000000000453,49.000000000004533,0,147.00000000000452,223,139.99999999999548,96,15.419999999999909,1728.2099999999321,QS,model_assisted_not_ground_truth,0,0,0,0,0,0,0,0,0,0,0
2.06,74.999999999994543,23.000000000010925,49.999999999994536,0,147.99999999999454,223,139,95.999999999994543,15.39999999999989,1713.2099999999728,QS,model_assisted_not_ground_truth,0,0,0,0,0,0,0,0,0,0,0
2.07,74.000000000006352,24.999999999993648,49,0,147.00000000000634,223,139,95,15.380000000000191,1708.2200000000507,QS,model_assisted_not_ground_truth,0,0,0,0,0,0,0,0,0,0,0
2.08,74.99999999999271,23.999999999992717,49,0,148,223,138.99999999999272,95.00000000000729,15.410000000000219,1716.2000000000583,QS,model_assisted_not_ground_truth,0,0,0,0,0,0,0,0,0,0,0
2.09,74,23.000000000016342,49.000000000008171,0,147.99999999999181,223,138.00000000000819,96.000000000008171,15.439999999999918,1724.1799999999673,QS,model_assisted_not_ground_truth,0,0,0,0,0,0,0,0,0,0,0
2.10,74.000000000009109,24.999999999972687,49.999999999990898,0,147,223,139,96.999999999990891,15.43,1720.1800000000367,QS,model_assisted_not_ground_truth,0,0,0,0,0,0,0,0,0,0,0
2.11,75,22.000000000009994,49.00000000000999,0,147.00000000001,223,139,96,15.430000000000099,1724.1900000000801,QS,model_assisted_not_ground_truth,0,0,0,0,0,0,0,0,0,0,0
2.12,74.999999999989072,23,49.999999999989072,0,147.99999999998909,223,139,96,15.439999999999889,1732.1899999999237,QS,model_assisted_not_ground_truth,0,0,0,0,0,0,0,0,0,0,0
2.13,74.000000000011809,23,49.000000000011816,0,147,223,139,96,15.429999999999881,1725.2000000000355,QS,model_assisted_not_ground_truth,0,0,0,0,0,0,0,0,0,0,0
2.14,75,22.999999999949019,49.999999999987253,0,147,223,139,96.000000000012747,15.42,1728.2000000000064,QS,model_assisted_not_ground_truth,0,0,0,0,0,0,0,0,0,0,0
2.15,75,19,49,0,147.00000000001364,223,139,96.999999999986372,15.42,1728.7000000000069,QS,model_assisted_not_ground_truth,0,0,0,0,0,0,0,0,0,0,0
2.16,75,19.000000000014566,49.000000000014566,0,147.99999999998542,223,138.99999999998542,96,15.419999999999854,1729.1999999999857,QS,model_assisted_not_ground_truth,0,0,0,0,0,0,0,0,0,0,0
2.17,75,20.000000000046363,49.999999999984546,0,147.00000000001546,223,138.00000000001546,95.999999999969091,15.41,1728.2100000000464,QS,model_assisted_not_ground_truth,0,0,0,0,0,0,0,0,0,0,0
2.18,75,23,49.000000000016385,0,148,223,139,94.000000000016385,15.41,1731.2099999999809,QS,model_assisted_not_ground_truth,0,0,0,0,0,0,0,0,0,0,0
2.19,75,23,49.999999999994536,0,148,223,139,94.999999999994543,15.41,1700.1400000001697,QS,model_assisted_not_ground_truth,0,0,0,0,0,0,0,0,0,0,0
2.20,75,23,49.000000000004533,0,147.00000000000452,223,139,93.000000000009067,15.439999999999863,1713.119999999941,QS,model_assisted_not_ground_truth,0,0,0,0,0,0,0,0,0,0,0
2.21,75,23,49.999999999996362,0,147.99999999999636,223,139,93.999999999996362,15.449999999999964,1723.1199999999635,QS,model_assisted_not_ground_truth,0,0,0,0,0,0,0,0,0,0,0
2.22,74.000000000002714,19.000000000010836,49.000000000002707,0,148,223,139,94.999999999997286,15.459999999999974,1733.1199999999728,QS,model_assisted_not_ground_truth,0,0,0,0,0,0,0,0,0,0,0
2.23,74.999999999998181,22.999999999992717,49.999999999998181,0,148,223,138.00000000000182,95,15.469999999999983,1738.1199999999908,QS,model_assisted_not_ground_truth,0,0,0,0,0,0,0,0,0,0,0
2.24,75,23,49.000000000000888,0,148,223,138,95,15.479999999999992,1735.1200000000026,QS,model_assisted_not_ground_truth,0,0,0,0,0,0,0,0,0,0,0
2.25,74,20,49,0,148,223,139,95,15.48,1738.1199999999999,QS,model_assisted_not_ground_truth,0,0,0,0,0,0,0,0,0,0,0
2.26,75,20,49.999999999999069,0,148,224,137.00000000000188,95.000000000000938,15.479999999999992,1736.1199999999999,QS,model_assisted_not_ground_truth,0,0,0,0,0,0,0,0,0,0,0
2.27,75,20,49.000000000001819,0,147.99999999999818,224,139,96,15.470000000000001,1736.1200000000072,QS,model_assisted_not_ground_truth,0,0,0,0,0,0,0,0,0,0,0
2.28,75,20,50,0,147.00000000000276,224,139,96,15.469999999999931,1740.1199999999408,QS,model_assisted_not_ground_truth,0,0,0,0,0,0,0,0,0,0,0
2.29,75,20.000000000005464,50,0,148,224,139,96,15.44499999999991,1718.6099999999215,QS,model_assisted_not_ground_truth,0,0,0,0,0,0,0,0,0,0,0
2.30,75,21.50000000000686,50,0,148,224,139,96,15.420000000000092,1697.1000000000181,QS,model_assisted_not_ground_truth,0,0,0,0,0,0,0,0,0,0,0
2.31,74.999999999994543,22.999999999983611,50,0,148,224,139.00000000000546,96.000000000005457,15.440000000000055,1701.0800000000381,QS,model_assisted_not_ground_truth,0,0,0,0,0,0,0,0,0,0,0
2.32,74.000000000006352,20,50,0,148.00000000000634,224,140,97,15.450000000000063,1708.0800000000381,QS,model_assisted_not_ground_truth,0,0,0,0,0,0,0,0,0,0,0
2.33,75,20,50,0,148.99999999999272,224,140.00000000000728,97,15.460000000000074,1714.0799999999927,QS,model_assisted_not_ground_truth,0,0,0,0,0,0,0,0,0,0,0
2.34,75,19.999999999991829,50,0,148,224,140.99999999999181,97,15.470000000000082,1713.0799999999917,QS,model_assisted_not_ground_truth,0,0,0,0,0,0,0,0,0,0,0
2.35,75,19.000000000036415,50.000000000009102,0,148.00000000000909,224.00000000000909,140.00000000000909,97.000000000009109,15.47999999999991,1712.0800000000181,QS,model_assisted_not_ground_truth,0,0,0,0,0,0,0,0,0,0,0
2.36,75,23.000000000009994,50.99999999999001,0,148.99999999999,225,141.00000000001,98,15.4700000000001,1714.0799999999999,QS,model_assisted_not_ground_truth,0,0,0,0,0,0,0,0,0,0,0
2.37,75.000000000010928,24,49.999999999989072,0,148.00000000001091,225,142,98,15.48,1714.0800000000218,QS,model_assisted_not_ground_truth,0,0,0,0,0,0,0,0,0,0,0
2.38,76,23.999999999988187,49,0,149,225,141.99999999997638,98,15.479999999999881,1716.0799999999883,QS,model_assisted_not_ground_truth,0,0,0,0,0,0,0,0,0,0,0
2.39,76,23,49.000000000012747,0,149.00000000001273,225,140,98.000000000012747,15.470000000000001,1715.0900000000254,QS,model_assisted_not_ground_truth,0,0,0,0,0,0,0,0,0,0,0
2.40,76,23,49.999999999986365,0,149.99999999998636,225,140.00000000001364,99,15.469999999999182,1717.0899999993862,QS,model_assisted_not_ground_truth,0,0,0,0,0,0,0,0,0,0,0
2.41,76,22.999999999956302,49.000000000014566,0,149,225.00000000001458,141,99,15.409999999999854,1672.0800000000293,QS,model_assisted_not_ground_truth,0,0,0,0,0,0,0,0,0,0,0
2.42,76,20.000000000046363,49.999999999984546,0,149,226,140.99999999998454,99,15.399999999999959,1674.1000000000081,QS,model_assisted_not_ground_truth,0,0,0,0,0,0,0,0,0,0,0
2.43,76,23,49.000000000016385,0,149.0000000000164,226.0000000000164,140,99,15.390000000000065,1676.1199999999872,QS,model_assisted_not_ground_truth,0,0,0,0,0,0,0,0,0,0,0
2.44,76,23,49.999999999994536,0,149.99999999999454,226.99999999999454,140,99,15.390000000000001,1683.1399999999617,QS,model_assisted_not_ground_truth,0,0,0,0,0,0,0,0,0,0,0
2.45,76,23,49.000000000004533,0,150,227,140,99,15.390000000000001,1688.1499999999774,QS,model_assisted_not_ground_truth,0,0,0,0,0,0,0,0,0,0,0
2.46,76,23,49.999999999996362,0,150.99999999999636,227,140,99.999999999996362,15.380000000000038,1691.1499999999892,QS,model_assisted_not_ground_truth,0,0,0,0,0,0,0,0,0,0,0
2.47,76,22.000000000002707,49.000000000002707,0,151,227,140,100,15.389999999999974,1687.1700000000108,QS,model_assisted_not_ground_truth,0,0,0,0,0,0,0,0,0,0,0
2.48,76,22.999999999998181,49,0,149.00000000000364,227,139.00000000000182,100,15.390000000000001,1690.1699999999946,QS,model_assisted_not_ground_truth,0,0,0,0,0,0,0,0,0,0,0
2.49,76,23,49,0,150.99999999999824,227.99999999999912,139.99999999999912,100,15.390000000000001,1693.1699999999973,QS,model_assisted_not_ground_truth,0,0,0,0,0,0,0,0,0,0,0
2.50,76,23,49,0,152,228,141,100,15.4,1696.1700000000001,QS,model_assisted_not_ground_truth,0,0,0,0,0,0,0,0,0,0,0
2.51,76.000000000000938,20.0000000000028,49,0,151.00000000000094,229,141,101.00000000000094,15.370000000000028,1689.1800000000019,QS,model_assisted_not_ground_truth,0,0,0,0,0,0,0,0,0,0,0
2.52,77,23.000000000001823,49.000000000001819,0,152,229,141.00000000000182,102.00000000000182,15.400000000000018,1691.1400000000074,QS,model_assisted_not_ground_truth,0,0,0,0,0,0,0,0,0,0,0
2.53,77,24,50,0,152.00000000000276,229,142,103,15.41,1695.1400000000056,QS,model_assisted_not_ground_truth,0,0,0,0,0,0,0,0,0,0,0
2.54,77,24,49.999999999996355,0,153,229,142.00000000000364,102.99999999999636,15.410000000000018,1697.1400000000037,QS,model_assisted_not_ground_truth,0,0,0,0,0,0,0,0,0,0,0
2.55,77,24,49.000000000004576,0,153.00000000000458,229,143,102,15.415000000000022,1698.1400000000046,QS,model_assisted_not_ground_truth,0,0,0,0,0,0,0,0,0,0,0
2.56,77,24,50,0,154,229,142.99999999999454,102.00000000000546,15.42,1699.1399999999946,QS,model_assisted_not_ground_truth,0,0,0,0,0,0,0,0,0,0,0
2.57,77,23.999999999993648,49.999999999993648,0,153.99999999999366,229,142.0000000000127,103,15.419999999999936,1698.1400000000319,QS,model_assisted_not_ground_truth,0,0,0,0,0,0,0,0,0,0,0
2.58,76.99999999999271,22.999999999978151,49,0,153,229,143.99999999998542,102.99999999999271,15.41,1703.1400000000001,QS,model_assisted_not_ground_truth,0,0,0,0,0,0,0,0,0,0,0
2.59,76,20,49,0,153.00000000000819,229,142,102,15.409999999999755,1703.1399999998039,QS,model_assisted_not_ground_truth,0,0,0,0,0,0,0,0,0,0,0
2.60,76.000000000009109,20.000000000018208,49.000000000009102,0,153.99999999999091,229,142.00000000002731,102.0000000000182,15.380000000000184,1679.1300000002643,QS,model_assisted_not_ground_truth,0,0,0,0,0,0,0,0,0,0,0
2.61,77,22.000000000009994,50,0,153.00000000001,229,144.99999999999,104.00000000002997,15.4,1708.1600000000451,QS,model_assisted_not_ground_truth,0,0,0,0,0,0,0,0,0,0,0
2.62,77,23,49.999999999989072,0,154,229.00000000001091,144.00000000002186,107.00000000001093,15.4,1712.6700000000494,QS,model_assisted_not_ground_truth,0,0,0,0,0,0,0,0,0,0,0
2.63,77,23,49,0,154,230.00000000001182,146,108,15.4,1717.1800000000119,QS,model_assisted_not_ground_truth,0,0,0,0,0,0,0,0,0,0,0
2.64,77,22.999999999961762,49,0,154,231,146,108,15.4,1718.1800000000385,QS,model_assisted_not_ground_truth,0,0,0,0,0,0,0,0,0,0,0
2.65,77,20.000000000040902,49,0,154,231,146.00000000001364,108,15.399999999999864,1721.1900000000276,QS,model_assisted_not_ground_truth,0,0,0,0,0,0,0,0,0,0,0
2.66,77,23,49.000000000014566,0,153.99999999998542,231,146.99999999997087,108,15.390000000000146,1723.1999999999707,QS,model_assisted_not_ground_truth,0,0,0,0,0,0,0,0,0,0,0
2.67,77,22.999999999984546,49.999999999984546,0,153.00000000001546,231.00000000001546,145.00000000001546,108,15.4,1721.190000000031,QS,model_assisted_not_ground_truth,0,0,0,0,0,0,0,0,0,0,0
2.68,77,22.000000000016385,49,0,154,232,145.9999999999836,108.00000000001639,15.4,1723.1900000000101,QS,model_assisted_not_ground_truth,0,0,0,0,0,0,0,0,0,0,0
2.69,77,22.999999999994536,49,0,154,232,145.00000000000546,108.99999999999454,15.4,1725.1899999999891,QS,model_assisted_not_ground_truth,0,0,0,0,0,0,0,0,0,0,0
2.70,77.999999999995467,23,49.999999999995467,0,154,232,145.99999999999548,110.99999999999093,15.409999999999954,1723.1900000000091,QS,model_assisted_not_ground_truth,0,0,0,0,0,0,0,0,0,0,0
2.71,77.000000000003638,23,49.000000000003638,0,154,231.00000000000364,146,111.99999999999636,15.400000000000038,1700.160000000084,QS,model_assisted_not_ground_truth,0,0,0,0,0,0,0,0,0,0,0
2.72,77,23,49,0,153.0000000000027,231.9999999999973,143.00000000000813,113.99999999999459,15.419999999999945,1715.1599999999594,QS,model_assisted_not_ground_truth,0,0,0,0,0,0,0,0,0,0,0
2.73,77.999999999998181,23,49,0,153.99999999999818,232,142.00000000000182,114,15.429999999999982,1721.1599999999892,QS,model_assisted_not_ground_truth,0,0,0,0,0,0,0,0,0,0,0
2.74,78.999999999999119,23,49,0,153.00000000000088,231.00000000000088,145.99999999999645,114.99999999999912,15.43,1723.1699999999983,QS,model_assisted_not_ground_truth,0,0,0,0,0,0,0,0,0,0,0
2.75,79,23,49,0,155,232,146,115,15.44,1723.1700000000001,QS,model_assisted_not_ground_truth,0,0,0,0,0,0,0,0,0,0,0
2.76,79,23,49.999999999999069,0,154.99999999999906,232,146.99999999999721,115.00000000000094,15.44,1724.170000000001,QS,model_assisted_not_ground_truth,0,0,0,0,0,0,0,0,0,0,0
2.77,79,23,49.000000000001819,0,154.00000000000182,232,144,115.99999999999818,15.44,1725.1699999999983,QS,model_assisted_not_ground_truth,0,0,0,0,0,0,0,0,0,0,0
2.78,79,23,49.999999999997243,0,155,232,144,115.00000000000276,15.439999999999971,1724.1700000000001,QS,model_assisted_not_ground_truth,0,0,0,0,0,0,0,0,0,0,0
2.79,79,23,49,0,154.99999999999636,232,144,116.00000000000364,15.430000000000037,1724.1700000000001,QS,model_assisted_not_ground_truth,0,0,0,0,0,0,0,0,0,0,0
2.80,79,23,49,0,154.00000000000458,232,144,117.00000000000458,15.439999999999953,1724.1700000000046,QS,model_assisted_not_ground_truth,0,0,0,0,0,0,0,0,0,0,0
2.81,79,23,49,0,155,232,143.99999999999454,117.99999999999454,15.429999999999945,1725.1750000000056,QS,model_assisted_not_ground_truth,0,0,0,0,0,0,0,0,0,0,0
2.82,79,23,49,0,155,232,143.0000000000127,117.00000000000635,15.42,1726.1799999999619,QS,model_assisted_not_ground_truth,0,0,0,0,0,0,0,0,0,0,0
2.83,79,23,49.000000000007283,0,155,232,144.99999999998542,118,15.419999999999563,1720.1799999997452,QS,model_assisted_not_ground_truth,0,0,0,0,0,0,0,0,0,0,0
2.84,79,23,49.999999999991829,0,155,232,143.00000000000819,118,15.360000000000081,1685.1800000000164,QS,model_assisted_not_ground_truth,0,0,0,0,0,0,0,0,0,0,0
2.85,79,23,49,0,155,232.00000000000909,144,118,15.37000000000009,1687.1700000000731,QS,model_assisted_not_ground_truth,0,0,0,0,0,0,0,0,0,0,0
2.86,79,23,49.00000000000999,0,155,232.99999999999,144.00000000001,117.99999999999001,15.380000000000202,1695.1800000001399,QS,model_assisted_not_ground_truth,0,0,0,0,0,0,0,0,0,0,0
2.87,79,23,49.999999999989072,0,155,232,145,117,15.40000000000011,1709.1800000000546,QS,model_assisted_not_ground_truth,0,0,0,0,0,0,0,0,0,0,0
2.88,79,23.000000000011813,49,0,154.99999999998818,232.00000000001182,145.00000000001182,116.99999999998819,15.410000000000059,1714.1800000000296,QS,model_assisted_not_ground_truth,0,0,0,0,0,0,0,0,0,0,0
2.89,79,23.999999999987253,49,0,154.00000000001273,232.99999999998727,145.99999999997451,116.00000000001275,15.415000000000063,1716.6800000000319,QS,model_assisted_not_ground_truth,0,0,0,0,0,0,0,0,0,0,0
2.90,79,23,49,0,155,232,144.00000000001364,117.00000000001363,15.420000000000137,1719.180000000041,QS,model_assisted_not_ground_truth,0,0,0,0,0,0,0,0,0,0,0
2.91,79,23,49,0,155,232.00000000001458,144.99999999997087,118,15.429999999999708,1722.1800000000148,QS,model_assisted_not_ground_truth,0,0,0,0,0,0,0,0,0,0,0
2.92,79,23,49,0,155,232.99999999998454,143.00000000001546,118,15.41,1723.1899999999691,QS,model_assisted_not_ground_truth,0,0,0,0,0,0,0,0,0,0,0
2.93,79,23,49,0,154.9999999999836,232.0000000000164,144,118,15.41,1721.1900000000128,QS,model_assisted_not_ground_truth,0,0,0,0,0,0,0,0,0,0,0
2.94,79,23,49,0,154.00000000000546,232.99999999999454,144,118,15.419999999999945,1724.1899999999837,QS,model_assisted_not_ground_truth,0,0,0,0,0,0,0,0,0,0,0
2.95,79,23,49,0,154.99999999999548,232.00000000000452,144,117.00000000000453,15.415000000000022,1723.1850000000047,QS,model_assisted_not_ground_truth,0,0,0,0,0,0,0,0,0,0,0
2.96,79,23,49,0,155,232.99999999999636,144.99999999999636,117,15.410000000000018,1722.1800000000037,QS,model_assisted_not_ground_truth,0,0,0,0,0,0,0,0,0,0,0
2.97,79,23.999999999997293,49,0,155,232.0000000000027,145,117,15.370000000000108,1700.1900000000596,QS,model_assisted_not_ground_truth,0,0,0,0,0,0,0,0,0,0,0
2.98,79,23.000000000001819,49,0,155,232,142.00000000000546,117,15.389999999999965,1704.1899999999928,QS,model_assisted_not_ground_truth,0,0,0,0,0,0,0,0,0,0,0
2.99,79,23,49,0,155,232,142.99999999999912,117,15.390000000000001,1711.1899999999939,QS,model_assisted_not_ground_truth,0,0,0,0,0,0,0,0,0,0,0
3.00,78,23,49,0,154,232,143,116,15.41,1713.1900000000001,QS,model_assisted_not_ground_truth,0,0,0,0,0,0,0,0,0,0,0
3.01,78,23,49,0,154.99999999999906,232,145,114.99999999999814,15.409999999999995,1718.1899999999991,QS,model_assisted_not_ground_truth,0,0,0,0,0,0,0,0,0,0,0
3.02,77.999999999998181,23,49,0,154,231.99999999999818,145.00000000000364,112.99999999999818,15.40499999999999,1717.1899999999982,QS,model_assisted_not_ground_truth,0,0,0,0,0,0,0,0,0,0,0
3.03,77.000000000002757,23,49,0,154,231.00000000000276,147.00000000000276,111.99999999999724,15.400000000000055,1716.1900000000137,QS,model_assisted_not_ground_truth,0,0,0,0,0,0,0,0,0,0,0
3.04,78,23,49,0,153.99999999999636,231.99999999999636,147.99999999999636,110.99999999999271,15.42,1721.170000000011,QS,model_assisted_not_ground_truth,0,0,0,0,0,0,0,0,0,0,0
3.05,78,23,49,0,153.00000000000458,231,146.99999999999542,109.00000000000458,15.42,1724.1800000000092,QS,model_assisted_not_ground_truth,0,0,0,0,0,0,0,0,0,0,0
3.06,78,23,49,0,153.99999999999454,231.00000000000546,146,109.99999999998907,15.419999999999945,1726.1799999999837,QS,model_assisted_not_ground_truth,0,0,0,0,0,0,0,0,0,0,0
3.07,78,23,49.000000000006395,0,152.99999999999361,231.99999999999361,145.99999999999361,108,15.41,1723.1900000000385,QS,model_assisted_not_ground_truth,0,0,0,0,0,0,0,0,0,0,0
3.08,78,23,50,0,151.99999999999272,231,145,108,15.409999999999963,1729.210000000011,QS,model_assisted_not_ground_truth,0,0,0,0,0,0,0,0,0,0,0
3.09,78,23,50,0,151.00000000000819,231,145.00000000000819,108,15.404999999999959,1730.7150000000124,QS,model_assisted_not_ground_truth,0,0,0,0,0,0,0,0,0,0,0
3.10,78,23,50,0,151.99999999998178,230.99999999999091,145.99999999998178,107.99999999999089,15.400000000000091,1732.2199999999818,QS,model_assisted_not_ground_truth,0,0,0,0,0,0,0,0,0,0,0
3.11,78,23,50,0,150,230,144.00000000001,107.00000000000999,15.409999999999901,1730.21000000003,QS,model_assisted_not_ground_truth,0,0,0,0,0,0,0,0,0,0,0
3.12,78,23,50,0,149.99999999997814,230,145,107.99999999998907,15.399999999999782,1733.2200000000221,QS,model_assisted_not_ground_truth,0,0,0,0,0,0,0,0,0,0,0
3.13,78,23,50,0,148,229.99999999998818,145,106.99999999998819,15.38000000000012,1735.2299999999882,QS,model_assisted_not_ground_truth,0,0,0,0,0,0,0,0,0,0,0
3.14,78,23,49.999999999993626,0,148,229,145.00000000000637,106.00000000000637,15.389999999999619,1734.2299999998343,QS,model_assisted_not_ground_truth,0,0,0,0,0,0,0,0,0,0,0
3.15,78,23,49.499999999993186,0,148,229,145.50000000000682,106.50000000000682,15.360000000000273,1721.2300000000544,QS,model_assisted_not_ground_truth,0,0,0,0,0,0,0,0,0,0,0
3.16,78,23,49.000000000014566,0,147.99999999998542,229,145.99999999998542,107,15.38000000000029,1725.210000000058,QS,model_assisted_not_ground_truth,0,0,0,0,0,0,0,0,0,0,0
3.17,78,23,50,0,147.00000000000773,229,145,107,15.4,1729.1900000000467,QS,model_assisted_not_ground_truth,0,0,0,0,0,0,0,0,0,0,0
3.18,78,23,50,0,147.5000000000025,229,145,107,15.4,1732.1999999999809,QS,model_assisted_not_ground_truth,0,0,0,0,0,0,0,0,0,0,0
3.19,78,23,50,0,147.99999999999727,229,145,107,15.4,1736.2099999999782,QS,model_assisted_not_ground_truth,0,0,0,0,0,0,0,0,0,0,0
3.20,78,23,50,0,148,229,144.00000000000452,107,15.390000000000047,1736.21,QS,model_assisted_not_ground_truth,0,0,0,0,0,0,0,0,0,0,0
3.21,77.000000000003638,23,49.000000000003638,0,147.00000000000364,229,144,105.00000000000728,15.380000000000038,1737.2199999999964,QS,model_assisted_not_ground_truth,0,0,0,0,0,0,0,0,0,0,0
3.22,77.999999999997286,19.000000000010836,49.999999999997293,0,147.9999999999973,229,144.9999999999973,104.00000000000271,15.380000000000001,1736.7200000000014,QS,model_assisted_not_ground_truth,0,0,0,0,0,0,0,0,0,0,0
3.23,77.000000000001819,21.999999999994536,50,0,148,229,144.00000000000182,104.99999999999818,15.380000000000001,1736.2200000000009,QS,model_assisted_not_ground_truth,0,0,0,0,0,0,0,0,0,0,0
3.24,77,22.499999999999556,49.500000000000441,0,147.50000000000045,228.50000000000045,143.00000000000088,105,15.380000000000001,1738.2199999999982,QS,model_assisted_not_ground_truth,0,0,0,0,0,0,0,0,0,0,0
3.25,77,23,49,0,147,228,142,105,15.380000000000001,1737.22,QS,model_assisted_not_ground_truth,0,0,0,0,0,0,0,0,0,0,0
3.26,77,23,49.000000000000931,0,147,228.00000000000094,141.99999999999721,105,15.360000000000046,1737.2299999999962,QS,model_assisted_not_ground_truth,0,0,0,0,0,0,0,0,0,0,0
3.27,77,23,49.999999999998181,0,147,229,139.00000000000546,105,15.409999999999982,1733.1499999999874,QS,model_assisted_not_ground_truth,0,0,0,0,0,0,0,0,0,0,0
3.28,77,22.999999999997247,49,0,147.00000000000276,229,142.00000000000827,105.00000000000276,15.400000000000041,1726.1400000000249,QS,model_assisted_not_ground_truth,0,0,0,0,0,0,0,0,0,0,0
3.29,77,22.000000000003642,49,0,147.99999999999636,228.99999999999636,145,106,15.415000000000054,1735.1400000000328,QS,model_assisted_not_ground_truth,0,0,0,0,0,0,0,0,0,0,0
3.30,77,23,49,0,147,228.00000000000458,145,106,15.429999999999954,1744.1400000000322,QS,model_assisted_not_ground_truth,0,0,0,0,0,0,0,0,0,0,0
3.31,77,23,49,0,147,229,144.9999999999836,106,15.420000000000055,1751.1499999999783,QS,model_assisted_not_ground_truth,0,0,0,0,0,0,0,0,0,0,0
3.32,77,23,49,0,147,228.99999999999361,142.00000000002558,106,15.429999999999936,1747.1400000000065,QS,model_assisted_not_ground_truth,0,0,0,0,0,0,0,0,0,0,0
3.33,77,22.999999999992717,49,0,147.00000000000728,228,145.99999999999272,106,15.419999999999927,1748.1400000000001,QS,model_assisted_not_ground_truth,0,0,0,0,0,0,0,0,0,0,0
3.34,77,22.000000000008171,49.000000000008171,0,148,228,144.99999999999181,106,15.410000000000082,1748.1500000000165,QS,model_assisted_not_ground_truth,0,0,0,0,0,0,0,0,0,0,0
3.35,76.999999999990891,23,49.999999999990898,0,147.99999999999091,228.00000000000909,144.00000000000909,105.99999999999089,15.42,1750.1500000000092,QS,model_assisted_not_ground_truth,0,0,0,0,0,0,0,0,0,0,0
3.36,76.00000000000999,23,49,0,147,229,144.99999999998002,105,15.42,1751.1500000000101,QS,model_assisted_not_ground_truth,0,0,0,0,0,0,0,0,0,0,0
3.37,77,23,49,0,147,228.99999999998909,142.99999999998909,105.00000000001093,15.41999999999989,1752.1499999999673,QS,model_assisted_not_ground_truth,0,0,0,0,0,0,0,0,0,0,0
3.38,77,23,49,0,147,228.00000000001182,142,106,15.410000000000119,1749.1500000000119,QS,model_assisted_not_ground_truth,0,0,0,0,0,0,0,0,0,0,0
3.39,77,23,49,0,147,229,142.00000000005099,106,15.419999999999618,1750.1499999994387,QS,model_assisted_not_ground_truth,0,0,0,0,0,0,0,0,0,0,0
3.40,77,23,49,0,147.00000000001364,229,145.99999999998636,106,15.389999999999592,1706.1100000000961,QS,model_assisted_not_ground_truth,0,0,0,0,0,0,0,0,0,0,0
3.41,77,23,49,0,147.99999999998542,229,145,106,15.360000000000218,1713.1600000000071,QS,model_assisted_not_ground_truth,0,0,0,0,0,0,0,0,0,0,0
3.42,77,23,49,0,147,228.99999999998454,145.00000000001546,106,15.37500000000006,1713.6400000000019,QS,model_assisted_not_ground_truth,0,0,0,0,0,0,0,0,0,0,0
3.43,77,23,49,0,147,228.0000000000164,145.9999999999836,106,15.389999999999905,1714.1199999999969,GI,model_assisted_not_ground_truth,0,0,0,0,0,0,0,0,0,0,0
3.44,77,23,49,0,147,228.99999999999454,145.00000000000546,106,15.40999999999989,1720.0999999999672,GI,model_assisted_not_ground_truth,0,0,0,0,0,0,0,0,0,0,0
3.45,77,23,49,0,147,229,145.99999999999548,106,15.41,1722.1099999999908,GI,model_assisted_not_ground_truth,0,0,0,0,0,0,0,0,0,0,0
3.46,77,23,49.999999999996362,0,147,229,146,106,15.45999999999982,1720.1000000000072,GI,model_assisted_not_ground_truth,0,0,0,0,0,0,0,0,0,0,0
3.47,77,22.000000000002707,49.000000000002707,0,147.9999999999973,229,145.0000000000027,106,15.450000000000026,1722.0999999999945,GI,model_assisted_not_ground_truth,0,0,0,0,0,0,0,0,0,0,0
3.48,77,22.999999999998181,49.999999999998181,0,148,229,141.00000000000728,106.99999999999818,15.459999999999983,1725.0999999999945,GI,model_assisted_not_ground_truth,0,0,0,0,0,0,0,0,0,0,0
3.49,77,23,50,0,146.00000000000176,229,142.99999999999824,107,15.460000000000001,1725.0999999999999,GI,model_assisted_not_ground_truth,0,0,0,0,0,0,0,0,0,0,0
3.50,77,23,49,0,147,229,145,107,15.460000000000001,1725.0999999999999,GI,model_assisted_not_ground_truth,0,0,0,0,0,0,0,0,0,0,0
3.51,77,23,49.000000000000931,0,146.00000000000188,229,146,107,15.410000000000046,1687.0900000000315,GI,model_assisted_not_ground_truth,0,0,0,0,0,0,0,0,0,0,0
3.52,77.000000000001819,23,50.000000000001819,0,148,229,146,107.00000000000182,15.460000000000019,1721.0999999999999,GI,model_assisted_not_ground_truth,0,0,0,0,0,0,0,0,0,0,0
3.53,78,23,50.999999999994493,0,148,229,145.99999999999724,107.99999999999724,15.469999999999835,1721.0899999998844,GI,model_assisted_not_ground_truth,0,0,0,0,0,0,0,0,0,0,0
3.54,78,22.999999999996358,49,0,148,229,145,107.00000000000364,15.409999999999963,1679.1100000000181,GI,model_assisted_not_ground_truth,0,0,0,0,0,0,0,0,0,0,0
3.55,78,22.000000000004576,49.000000000004576,0,148.00000000000458,229.00000000000458,145,107.99999999999542,15.4,1684.1300000000208,GI,model_assisted_not_ground_truth,0,0,0,0,0,0,0,0,0,0,0
3.56,78,23,49.999999999994536,0,148.99999999999454,230,144.99999999999454,107.00000000000546,15.4,1688.6400000000247,GI,model_assisted_not_ground_truth,0,0,0,0,0,0,0,0,0,0,0
3.57,78,23.000000000006395,49,0,148,230,144.00000000001279,108,15.4,1693.1500000000258,GI,model_assisted_not_ground_truth,0,0,0,0,0,0,0,0,0,0,0
3.58,78,23.999999999992717,49,0,148,230,145.99999999998542,108,15.400000000000146,1697.1599999999928,GI,model_assisted_not_ground_truth,0,0,0,0,0,0,0,0,0,0,0
3.59,77.999999999991829,23,49.000000000016342,0,148.00000000000819,230,144.00000000000819,108,15.42,1696.170000000041,GI,model_assisted_not_ground_truth,0,0,0,0,0,0,0,0,0,0,0
3.60,77,23,50.999999999981789,0,149,230,145.00000000000909,108.00000000000911,15.419999999999909,1701.1700000000001,GI,model_assisted_not_ground_truth,0,0,0,0,0,0,0,0,0,0,0
3.61,77.00000000000999,23,49.00000000000999,0,149,230,146,108.99999999999001,15.410000000000201,1701.1700000000201,GI,model_assisted_not_ground_truth,0,0,0,0,0,0,0,0,0,0,0
3.62,78,23,49.999999999989072,0,149,230,145.99999999998909,108,15.42999999999989,1703.1699999999782,GI,model_assisted_not_ground_truth,0,0,0,0,0,0,0,0,0,0,0
3.63,77.999999999988191,23,49,0,148.99999999998818,230,145.00000000001182,108,15.419999999999881,1701.1749999999765,GI,model_assisted_not_ground_truth,0,0,0,0,0,0,0,0,0,0,0
3.64,77.000000000012747,23,49,0,148,230,146,108,15.410000000000256,1699.1799999999614,GI,model_assisted_not_ground_truth,0,0,0,0,0,0,0,0,0,0,0
3.65,78,23,49.000000000013635,0,148.00000000001364,230,146,108.00000000001363,15.430000000000136,1696.1400000000956,GI,model_assisted_not_ground_truth,0,0,0,0,0,0,0,0,0,0,0
3.66,78,23,50,0,148.99999999998542,230.00000000001458,146,109,15.440000000000291,1703.1400000000583,GI,model_assisted_not_ground_truth,0,0,0,0,0,0,0,0,0,0,0
3.67,78,23,49.999999999984546,0,148,230.99999999998454,146,108.99999999998454,15.460000000000001,1707.1300000000003,GI,model_assisted_not_ground_truth,0,0,0,0,0,0,0,0,0,0,0
3.68,78,23,49,0,148.0000000000164,230.0000000000164,146,108,15.460000000000001,1707.1400000000001,GI,model_assisted_not_ground_truth,0,0,0,0,0,0,0,0,0,0,0
3.69,78,23,49,0,148.99999999999454,230.99999999999454,146,108,15.460000000000001,1707.6399999999974,GI,model_assisted_not_ground_truth,0,0,0,0,0,0,0,0,0,0,0
3.70,77.000000000004533,23,49,0,149,231,145.00000000000452,108.99999999999547,15.460000000000001,1708.1399999999978,GI,model_assisted_not_ground_truth,0,0,0,0,0,0,0,0,0,0,0
3.71,77.999999999996362,23,49,0,149,230.00000000000364,145.99999999999636,109,15.450000000000035,1709.1399999999965,GI,model_assisted_not_ground_truth,0,0,0,0,0,0,0,0,0,0,0
3.72,77.000000000002714,23,50.999999999994586,0,149,230,146,109,15.430000000000053,1700.1300000000244,GI,model_assisted_not_ground_truth,0,0,0,0,0,0,0,0,0,0,0
3.73,77,23,50.000000000001819,0,149,230,145.00000000000182,109,15.449999999999964,1701.1299999999983,GI,model_assisted_not_ground_truth,0,0,0,0,0,0,0,0,0,0,0
3.74,77.999999999999119,23,49.000000000000888,0,149,230,145,108.00000000000088,15.449999999999999,1714.1499999999885,GI,model_assisted_not_ground_truth,0,0,0,0,0,0,0,0,0,0,0
3.75,78,23,50,0,149,230,147,109,15.449999999999999,1722.1700000000001,GI,model_assisted_not_ground_truth,0,0,0,0,0,0,0,0,0,0,0
3.76,78,23,49,0,149.99999999999906,231,146,108,15.449999999999999,1722.1750000000002,GI,model_assisted_not_ground_truth,0,0,0,0,0,0,0,0,0,0,0
3.77,78,23,49.000000000001819,0,149.00000000000182,231,146.00000000000182,108,15.449999999999999,1722.1800000000055,GI,model_assisted_not_ground_truth,0,0,0,0,0,0,0,0,0,0,0
3.78,78,23,50,0,150,231,147,108,15.449999999999971,1725.1800000000248,GI,model_assisted_not_ground_truth,0,0,0,0,0,0,0,0,0,0,0
3.79,77.999999999996362,23,49.999999999996355,0,150,231,146.99999999999272,108.00000000000364,15.439999999999962,1734.1899999999891,GI,model_assisted_not_ground_truth,0,0,0,0,0,0,0,0,0,0,0
3.80,77.000000000004576,23,49,0,150,231,145.00000000000458,109,15.43,1731.1899999999955,GI,model_assisted_not_ground_truth,0,0,0,0,0,0,0,0,0,0,0
3.81,78,23,49.000000000005464,0,149.99999999999454,231,146,109,15.43,1730.1899999999891,GI,model_assisted_not_ground_truth,0,0,0,0,0,0,0,0,0,0,0
3.82,78,23,49.999999999993605,0,149.00000000000639,231.00000000000639,146.00000000000639,109,15.429999999999968,1728.1900000000032,GI,model_assisted_not_ground_truth,0,0,0,0,0,0,0,0,0,0,0
3.83,78.00000000000729,23,49,0,150.00000000000728,232,147,109.00000000000729,15.424999999999963,1728.6950000000038,GI,model_assisted_not_ground_truth,0,0,0,0,0,0,0,0,0,0,0
3.84,79,23,49,0,151,232,147.00000000000819,109.99999999999183,15.419999999999918,1729.1999999997709,GI,model_assisted_not_ground_truth,0,0,0,0,0,0,0,0,0,0,0
3.85,79,23,49,0,151.00000000000909,232.00000000000909,148,109,15.410000000000091,1701.1600000001367,GI,model_assisted_not_ground_truth,0,0,0,0,0,0,0,0,0,0,0
3.86,79,23,49,0,152.00000000001,233,147.99999999999,109.00000000000999,15.420000000000099,1716.1600000001001,GI,model_assisted_not_ground_truth,0,0,0,0,0,0,0,0,0,0,0
3.87,79,23,49,0,153,233,146.99999999997814,110,15.43000000000011,1726.1700000000328,GI,model_assisted_not_ground_truth,0,0,0,0,0,0,0,0,0,0,0
3.88,79,23.000000000011813,49,0,153,233,145.00000000002362,110,15.44,1729.1700000000237,GI,model_assisted_not_ground_truth,0,0,0,0,0,0,0,0,0,0,0
3.89,79,23.999999999987253,49.000000000012747,0,153,233,147,110.00000000001275,15.44,1731.1699999999873,GI,model_assisted_not_ground_truth,0,0,0,0,0,0,0,0,0,0,0
3.90,79,23,49.999999999986365,0,153.00000000001364,233.00000000001364,146.99999999998636,110.99999999998637,15.44,1730.1699999999864,GI,model_assisted_not_ground_truth,0,0,0,0,0,0,0,0,0,0,0
3.91,79,23,49,0,153.99999999998542,233.99999999998542,146.00000000002913,110,15.440000000000145,1729.1699999999855,GI,model_assisted_not_ground_truth,0,0,0,0,0,0,0,0,0,0,0
3.92,79,23,49,0,153,233,147.99999999998454,110,15.449999999999999,1728.170000000031,GI,model_assisted_not_ground_truth,0,0,0,0,0,0,0,0,0,0,0
3.93,79,23.000000000016385,49,0,153.0000000000164,233,147.0000000000164,110,15.449999999999999,1730.1699999999873,GI,model_assisted_not_ground_truth,0,0,0,0,0,0,0,0,0,0,0
3.94,79,23.999999999994536,49,0,153.99999999999454,233,147.99999999999454,110,15.449999999999999,1735.1699999999728,SSSW,model_assisted_not_ground_truth,0,0,0,0,0,0,0,0,0,0,0
3.95,79,23.00000000000453,49,0,154,233.99999999999548,148,110,15.449999999999999,1735.1800000000001,SSSW,model_assisted_not_ground_truth,0,0,0,0,0,0,0,0,0,0,0
3.96,79,23,49.999999999996362,0,153.00000000000364,234,146.00000000000728,109.00000000000364,15.449999999999999,1735.1800000000001,SSSW,model_assisted_not_ground_truth,0,0,0,0,0,0,0,0,0,0,0
3.97,79,23,49.000000000002707,0,153,234,148.99999999999187,109.99999999999729,15.449999999999999,1735.1800000000001,SSSW,model_assisted_not_ground_truth,0,0,0,0,0,0,0,0,0,0,0
3.98,79,23,49.999999999998181,0,153,234,147.00000000000364,110,15.380000000000129,1701.1800000000619,SSSW,model_assisted_not_ground_truth,0,0,0,0,0,0,0,0,0,0,0
3.99,79,23,49.000000000000888,0,153.99999999999912,234,147.99999999999912,110,15.370000000000008,1726.1799999999778,SSSW,model_assisted_not_ground_truth,0,0,0,0,0,0,0,0,0,0,0
4.00,79,23,49,0,154,234,148,110,15.4,1741.1900000000001,SSSW,model_assisted_not_ground_truth,0,0,0,0,0,0,0,0,0,0,0
4.01,79,23,49.999999999999112,0,154,234,148,110,15.41,1745.1800000000001,SSSW,model_assisted_not_ground_truth,0,0,0,0,0,0,0,0,0,0,0
4.02,79,23.000000000001865,49,0,154.00000000000188,234.00000000000188,147.99999999999628,110,15.41,1745.180000000001,SSSW,model_assisted_not_ground_truth,0,0,0,0,0,0,0,0,0,0,0
4.03,79,24,49,0,155.00000000000276,235,146.00000000000276,110,15.41,1745.6800000000014,SSSW,model_assisted_not_ground_truth,0,0,0,0,0,0,0,0,0,0,0
4.04,79,23.999999999996358,49,0,156,235,147.00000000000364,110,15.41,1746.1800000000073,SSSW,model_assisted_not_ground_truth,0,0,0,0,0,0,0,0,0,0,0
4.05,79,23,49,0,156,235.00000000001813,148,110,15.410000000000046,1748.1900000000137,SSSW,model_assisted_not_ground_truth,0,0,0,0,0,0,0,0,0,0,0
4.06,79,23,49.000000000011013,0,156.00000000000551,239,148.00000000000551,110,15.42000000000011,1751.1799999999175,SSSW,model_assisted_not_ground_truth,0,0,0,0,0,0,0,0,0,0,0
4.07,79,23,50.999999999993605,0,157,238.99999999999361,148.99999999998721,110,15.439999999999872,1736.1900000001087,SSSW,model_assisted_not_ground_truth,0,0,0,0,0,0,0,0,0,0,0
4.08,79,23.000000000007283,50,0,156.99999999999272,238.00000000000728,147.00000000001458,110,15.42,1753.1800000000037,SSSW,model_assisted_not_ground_truth,0,0,0,0,0,0,0,0,0,0,0
4.09,79,24,50,0,156,239,149,110,15.42,1753.6800000000042,SSSW,model_assisted_not_ground_truth,0,0,0,0,0,0,0,0,0,0,0
4.10,79,24,50,0,156.00000000000907,239,149,110,15.420000000000272,1754.179999999837,SSSW,model_assisted_not_ground_truth,0,0,0,0,0,0,0,0,0,0,0
4.11,79,24,49.99999999998996,0,156.99999999998997,239,148.99999999998997,110,15.449999999999598,1736.1799999997593,SSSW,model_assisted_not_ground_truth,0,0,0,0,0,0,0,0,0,0,0
4.12,79.000000000010928,24.000000000010925,49.000000000010928,0,156.00000000001091,239,148,110,15.410000000000219,1712.1900000000765,SSSW,model_assisted_not_ground_truth,0,0,0,0,0,0,0,0,0,0,0
4.13,79.999999999988191,24.999999999988187,50,0,157,239.00000000001182,148,110,15.429999999999763,1719.1800000002836,SSSW,model_assisted_not_ground_truth,0,0,0,0,0,0,0,0,0,0,0
4.14,79,24,50,0,156.9999999999873,240,148.0000000000127,110.0000000000127,15.410000000000254,1743.1900000000255,SSSW,model_assisted_not_ground_truth,0,0,0,0,0,0,0,0,0,0,0
4.15,79.000000000013685,24.000000000082068,50,0,156.00000000001367,240,149,111.00000000001369,15.43,1745.1900000000137,SSSW,model_assisted_not_ground_truth,0,0,0,0,0,0,0,0,0,0,0
4.16,79.999999999985434,30,50,0,157.00000000001458,240,148.99999999998542,112,15.430000000000073,1746.1800000000073,SSSW,model_assisted_not_ground_truth,0,0,0,0,0,0,0,0,0,0,0
4.17,79,30.000000000015454,50,0,158,240,147.99999999998454,112,15.43500000000002,1746.6800000000021,SSSW,model_assisted_not_ground_truth,0,0,0,0,0,0,0,0,0,0,0
4.18,79,31,50,0,158,240,147.00000000003268,112,15.439999999999968,1747.1799999999969,SSSW,model_assisted_not_ground_truth,0,0,0,0,0,0,0,0,0,0,0
4.19,79,31,50,0,158,240,148.99999999998917,112,15.430000000000053,1746.1900000000055,SSSW,model_assisted_not_ground_truth,0,0,0,0,0,0,0,0,0,0,0
4.20,79,31,50,0,157.00000000000452,240,147.00000000000907,112,15.459999999999866,1749.1499999999867,SSSW,model_assisted_not_ground_truth,0,0,0,0,0,0,0,0,0,0,0
4.21,79,31,50,0,158.99999999999272,240,148.99999999999272,112.99999999999636,15.440000000000072,1747.1700000000073,SSSW,model_assisted_not_ground_truth,0,0,0,0,0,0,0,0,0,0,0
4.22,79,31,50,0,159,240,145.00000000001103,112.00000000000276,15.44,1759.1899999999669,SSSW,model_assisted_not_ground_truth,0,0,0,0,0,0,0,0,0,0,0
4.23,79.999999999998224,31,50,0,158.00000000000176,240,149.99999999999113,112.99999999999822,15.44499999999999,1759.6949999999993,SSSW,model_assisted_not_ground_truth,0,0,0,0,0,0,0,0,0,0,0
4.24,80,30.000000000000888,50,0,158,240,149.00000000000088,113,15.449999999999996,1760.1999999999996,SSSW,model_assisted_not_ground_truth,0,0,0,0,0,0,0,0,0,0,0
4.25,79,24,49,0,159,241,147,113,15.44,1765.21,SSSW,model_assisted_not_ground_truth,0,0,0,0,0,0,0,0,0,0,0
4.26,79,26.50000000000222,49,0,159,240.49999999999955,147.50000000000045,113,15.409999999999991,1790.2099999999912,SSSW,model_assisted_not_ground_truth,0,0,0,0,0,0,0,0,0,0,0
4.27,79.000000000001862,29,49.000000000001869,0,159,240,147.9999999999944,113,15.400000000000057,1780.2100000000094,SSSW,model_assisted_not_ground_truth,0,0,0,0,0,0,0,0,0,0,0
4.28,79.999999999997243,29.00000000000826,49.999999999997243,0,159,240,145.00000000000276,113,15.430000000000055,1785.1700000000083,SSSW,model_assisted_not_ground_truth,0,0,0,0,0,0,0,0,0,0,0
4.29,79.000000000001819,32,49,0,159.00000000000182,240.00000000000182,146.00000000000364,112.99999999999818,15.450000000000127,1788.1699999999637,SSSW,model_assisted_not_ground_truth,0,0,0,0,0,0,0,0,0,0,0
4.30,79.50000000000226,32,49,0,159.50000000000227,240.50000000000227,147.00000000000452,112.49999999999774,15.485000000000158,1778.1599999999548,SSSW,model_assisted_not_ground_truth,0,0,0,0,0,0,0,0,0,0,0
4.31,80,32,49.000000000005507,0,160,241,148.00000000000551,111.99999999999449,15.520000000000275,1768.1499999999889,SSSW,model_assisted_not_ground_truth,0,0,0,0,0,0,0,0,0,0,0
4.32,80,32,50,0,160,240.99999999999361,148.99999999997442,111,15.57,1766.1300000000258,SSSW,model_assisted_not_ground_truth,0,0,0,0,0,0,0,0,0,0,0
4.33,79.99999999999271,32,50,0,159.99999999999272,240.00000000000728,145.00000000002186,110.99999999997814,15.570000000000219,1770.1299999999928,SSSW,model_assisted_not_ground_truth,0,0,0,0,0,0,0,0,0,0,0
4.34,79.000000000004093,32,50,0,159,241,148.00000000000409,108.00000000000817,15.600000000000163,1769.1300000000326,SSSW,model_assisted_not_ground_truth,0,0,0,0,0,0,0,0,0,0,0
4.35,79.500000000004576,32,50,0,159,241,148.50000000000458,109.00000000000915,15.620000000000092,1773.1099999999906,SSSW,model_assisted_not_ground_truth,0,0,0,0,0,0,0,0,0,0,0
4.36,80,32,50,0,159,240.99999999998997,149,110.00000000001003,15.630000000000853,1772.0999999998994,SSSW,model_assisted_not_ground_truth,0,0,0,0,0,0,0,0,0,0,0
4.37,79.999999999989072,32,49.999999999989072,0,159,240,149,110.99999999998907,15.715000000000929,1762.0949999998907,SSSW,model_assisted_not_ground_truth,0,0,0,0,0,0,0,0,0,0,0
4.38,79.000000000011809,31.999999999988187,49.000000000011816,0,159.00000000001182,240,149.00000000002362,110,15.799999999998228,1752.0900000002125,SSSW,model_assisted_not_ground_truth,0,0,0,0,0,0,0,0,0,0,0
4.39,80,31,50,0,159.9999999999873,240,150.99999999997459,110,15.649999999999872,1770.0900000000761,SSSW,model_assisted_not_ground_truth,0,0,0,0,0,0,0,0,0,0,0
4.40,80,31,49.999999999986322,0,159.00000000001367,240.00000000001367,148.99999999997263,109.99999999997264,15.640000000000137,1776.0899999999178,SSSW,model_assisted_not_ground_truth,0,0,0,0,0,0,0,0,0,0,0
4.41,80,31.000000000014566,49.000000000014566,0,160,241,147,108.00000000002913,15.650000000000729,1770.089999999853,SSSW,model_assisted_not_ground_truth,0,0,0,0,0,0,0,0,0,0,0
4.42,80,32,49.999999999984546,0,160,241,147.00000000003092,109.99999999995363,15.700000000000076,1760.0100000001237,SSSW,model_assisted_not_ground_truth,0,0,0,0,0,0,0,0,0,0,0
4.43,80,31.999999999983658,49,0,160,240.99999999998366,149.00000000001634,107,15.705000000000025,1768.0100000000398,SSSW,model_assisted_not_ground_truth,0,0,0,0,0,0,0,0,0,0,0
4.44,80,31.000000000005418,49,0,160,240.00000000000543,149.99999999999457,107,15.709999999999974,1776.0099999999566,SSSW,model_assisted_not_ground_truth,0,0,0,0,0,0,0,0,0,0,0
4.45,80,31,49.999999999995467,0,160.99999999999548,240.99999999999548,147.00000000001359,106.00000000000453,15.879999999999232,1762.0100000000634,SSSW,model_assisted_not_ground_truth,0,0,0,0,0,0,0,0,0,0,0
4.46,80,31,50,0,160.00000000000364,240.00000000000364,148.99999999999272,104.00000000000728,15.899999999999928,1764.9999999999891,SSSW,model_assisted_not_ground_truth,0,0,0,0,0,0,0,0,0,0,0
4.47,80,31,49.000000000002757,0,160,240.99999999999724,151.99999999999173,104,15.909999999999972,1764.0000000000027,SSSW,model_assisted_not_ground_truth,0,0,0,0,0,0,0,0,0,0,0
4.48,79.000000000001776,31,49,0,160.99999999999824,240.00000000000176,151.00000000000176,104.99999999999822,15.91,1765.9999999999964,SSSW,model_assisted_not_ground_truth,0,0,0,0,0,0,0,0,0,0,0
4.49,79.999999999999119,31.999999999999112,49,0,160.00000000000088,240.99999999999912,149.00000000000176,105,15.919999999999991,1766.9999999999991,SSSW,model_assisted_not_ground_truth,0,0,0,0,0,0,0,0,0,0,0
4.50,79,29,49,0,160,240,149,105,15.91,1768,SSSW,model_assisted_not_ground_truth,0,0,0,0,0,0,0,0,0,0,0
4.51,80,31.000000000000888,49.999999999999112,0,160,241,149.99999999999912,105.9999999999991,15.915000000000004,1768.9950000000008,SSSW,model_assisted_not_ground_truth,0,0,0,0,0,0,0,0,0,0,0
4.52,80,32,49,0,159.99999999999628,241,149.00000000000188,105.00000000000374,15.91999999999998,1769.99,SSSW,model_assisted_not_ground_truth,0,0,0,0,0,0,0,0,0,0,0
4.53,80,31.99999999999174,49.000000000002757,0,158.00000000000551,241,150,106.99999999999449,15.910000000000029,1770,SSSW,model_assisted_not_ground_truth,0,0,0,0,0,0,0,0,0,0,0
4.54,80,29,49.999999999996355,0,160,241,150,105,15.919999999999854,1769.9899999998288,SSSW,model_assisted_not_ground_truth,0,0,0,0,0,0,0,0,0,0,0
4.55,80,29.000000000013589,49,0,160,241,149.99999999999548,105,15.879999999999978,1722.9699999999841,SSSW,model_assisted_not_ground_truth,0,0,0,0,0,0,0,0,0,0,0
4.56,80,31.999999999994493,49,0,160.00000000000551,241,149.00000000000551,104.99999999999449,15.874999999999972,1719.4649999999808,SSSW,model_assisted_not_ground_truth,0,0,0,0,0,0,0,0,0,0,0
4.57,80,31.000000000006395,49.00000000001279,0,161,240.99999999999361,149.99999999999361,104,15.870000000000063,1715.9600000000191,SSSW,model_assisted_not_ground_truth,0,0,0,0,0,0,0,0,0,0,0
4.58,80,32,50.999999999985434,0,161,240,148.99999999999272,104,15.880000000000001,1718.9600000000146,SSSW,model_assisted_not_ground_truth,0,0,0,0,0,0,0,0,0,0,0
4.59,80,32,49.000000000008171,0,160.99999999999181,240,148.00000000000819,104.00000000000817,15.880000000000082,1720.9600000000898,SSSW,model_assisted_not_ground_truth,0,0,0,0,0,0,0,0,0,0,0
4.60,80,32,50,0,160.00000000000915,240,149.0000000000183,104.99999999999085,15.890000000000093,1731.9600000000642,SSSW,model_assisted_not_ground_truth,0,0,0,0,0,0,0,0,0,0,0
4.61,80,31.999999999989964,49.99999999998996,0,161,240,150.99999999998997,104,15.900000000000102,1738.96000000002,SSSW,model_assisted_not_ground_truth,0,0,0,0,0,0,0,0,0,0,0
4.62,80,31,49.000000000010928,0,160.99999999998909,240,150,104,15.91000000000011,1740.9599999999891,SSSW,model_assisted_not_ground_truth,0,0,0,0,0,0,0,0,0,0,0
4.63,80,31.000000000011813,50,0,160,240,149.99999999997638,104.00000000002363,15.92,1739.96,SSSW,model_assisted_not_ground_truth,0,0,0,0,0,0,0,0,0,0,0
4.64,80,32,49.999999999987295,0,160.0000000000127,240,148.0000000000127,105.9999999999873,15.92,1739.96,SSSW,model_assisted_not_ground_truth,0,0,0,0,0,0,0,0,0,0,0
4.65,80,31.999999999986322,49.000000000013678,0,160.99999999998633,240,149.00000000004104,105,15.92,1739.9600000000137,SSSW,model_assisted_not_ground_truth,0,0,0,0,0,0,0,0,0,0,0
4.66,80,30.999999999970868,50,0,160.00000000001458,240.00000000001458,151.99999999995629,105,15.92,1740.9599999999564,SSSW,model_assisted_not_ground_truth,0,0,0,0,0,0,0,0,0,0,0
4.67,80,29.000000000046363,50,0,161.00000000001546,241,148.99999999998454,105.00000000003091,15.919999999999845,1737.9599999999537,SSSW,model_assisted_not_ground_truth,0,0,0,0,0,0,0,0,0,0,0
4.68,80,32.000000000016342,49.999999999983658,0,162,241,148.00000000003268,106.99999999998366,15.910000000000064,1734.9600000000191,SSSW,model_assisted_not_ground_truth,0,0,0,0,0,0,0,0,0,0,0
4.69,80,32.999999999994586,49.000000000005414,0,162,241,149.99999999998917,106.00000000000541,15.740000000000922,1752.9599999999025,SSSW,model_assisted_not_ground_truth,0,0,0,0,0,0,0,0,0,0,0
4.70,80,31.000000000009059,49.999999999995467,0,162.99999999999548,241,150.99999999999548,106,15.725000000000069,1719.4600000001517,SSSW,model_assisted_not_ground_truth,0,0,0,0,0,0,0,0,0,0,0
4.71,80,32.999999999992717,49.000000000003638,0,162.00000000000364,241,151.99999999999636,106.99999999999636,15.710000000000056,1685.9600000001219,SSSW,model_assisted_not_ground_truth,0,0,0,0,0,0,0,0,0,0,0
4.72,80,32.000000000002757,49.999999999997243,0,162.99999999999724,241,151.00000000000276,107.99999999999724,15.67000000000011,1690.9899999999861,SSSW,model_assisted_not_ground_truth,0,0,0,0,0,0,0,0,0,0,0
4.73,80,32.999999999998224,50.999999999998224,0,162.00000000000176,241,151,108.99999999999822,15.650000000000036,1695.0199999999929,SSSW,model_assisted_not_ground_truth,0,0,0,0,0,0,0,0,0,0,0
4.74,80,30.000000000002665,49.000000000001776,0,162.99999999999912,241,148.00000000000267,108.00000000000088,15.620000000000026,1700.0399999999954,SSSW,model_assisted_not_ground_truth,0,0,0,0,0,0,0,0,0,0,0
4.75,80,33,50,0,162,241,151,109,15.609999999999999,1699.0599999999999,SSSW,model_assisted_not_ground_truth,0,0,0,0,0,0,0,0,0,0,0
4.76,80,31,50,0,160.99999999999912,239.99999999999912,148.00000000000179,108,15.589999999999977,1698.0700000000008,SSSW,model_assisted_not_ground_truth,0,0,0,0,0,0,0,0,0,0,0
4.77,80,30.999999999998135,49.999999999998131,0,160.00000000000372,238.99999999999253,150,108,15.564999999999953,1699.0900000000017,SSSW,model_assisted_not_ground_truth,0,0,0,0,0,0,0,0,0,0,0
4.78,80,30.000000000002753,49.000000000005507,0,161.99999999999724,235,150.00000000000276,108,15.539999999999916,1700.110000000011,SSSW,model_assisted_not_ground_truth,0,0,0,0,0,0,0,0,0,0,0
4.79,80,31,50.999999999996355,0,161,235.00000000000364,150.99999999999272,108.00000000000729,15.51,1704.1299999999819,SSSW,model_assisted_not_ground_truth,0,0,0,0,0,0,0,0,0,0,0
4.80,80,31,49.999999999995467,0,161,236.00000000001359,149.00000000000452,110.00000000000453,15.509999999999909,1699.1199999999908,SSSW,model_assisted_not_ground_truth,0,0,0,0,0,0,0,0,0,0,0
4.81,80,31,49.000000000005507,0,161,239.00000000000551,150,111,15.49,1697.1100000000386,SSSW,model_assisted_not_ground_truth,0,0,0,0,0,0,0,0,0,0,0
4.82,80,31,49.999999999993605,0,161,240,149.99999999999361,111,15.489999999999936,1704.120000000019,SSSW,model_assisted_not_ground_truth,0,0,0,0,0,0,0,0,0,0,0
4.83,80,31,49.000000000014566,0,161,240.00000000000728,149.00000000000728,111,15.480000000000038,1707.1200000000035,SSSW,model_assisted_not_ground_truth,0,0,0,0,0,0,0,0,0,0,0
4.84,80,31,50.999999999991829,0,161,241,149.99999999998366,110.99999999999183,15.485000000000042,1707.620000000004,SSSW,model_assisted_not_ground_truth,0,0,0,0,0,0,0,0,0,0,0
4.85,80,31,49.999999999990848,0,161,241,148.00000000000915,110.00000000000915,15.489999999999817,1708.1199999999817,SSSW,model_assisted_not_ground_truth,0,0,0,0,0,0,0,0,0,0,0
4.86,80,31,49.00000000001004,0,161,241.00000000001003,149.00000000002007,111,15.470000000000001,1706.1200000000099,SSSW,model_assisted_not_ground_truth,0,0,0,0,0,0,0,0,0,0,0
4.87,80,31,49.999999999989072,0,161,241.99999999998909,150.99999999998909,111,15.469999999999891,1707.1200000000108,SSSW,model_assisted_not_ground_truth,0,0,0,0,0,0,0,0,0,0,0
4.88,80,30.999999999988187,49,0,161,241.00000000001182,149.99999999998818,110.99999999998819,15.459999999999882,1708.1200000000001,SSSW,model_assisted_not_ground_truth,0,0,0,0,0,0,0,0,0,0,0
4.89,80,30.000000000012701,49.000000000012705,0,161.0000000000127,241.9999999999873,149.0000000000127,110.0000000000127,15.449999999999491,1708.1299999997714,SSSW,model_assisted_not_ground_truth,0,0,0,0,0,0,0,0,0,0,0
4.90,80,31,49.999999999986322,0,162,241.00000000001367,150,111,15.410000000000137,1690.1200000001641,SSSW,model_assisted_not_ground_truth,0,0,0,0,0,0,0,0,0,0,0
4.91,80,31,49.000000000014566,0,162,241.99999999998542,150,111,15.420000000000146,1702.130000000175,SSSW,model_assisted_not_ground_truth,0,0,0,0,0,0,0,0,0,0,0
4.92,80,31,50,0,162,241,150,111.00000000003091,15.429999999999691,1714.140000000124,SSSW,model_assisted_not_ground_truth,0,0,0,0,0,0,0,0,0,0,0
4.93,80,31,49.999999999983658,0,162,241.00000000001634,150,113,15.410000000000128,1722.1599999999487,SSSW,model_assisted_not_ground_truth,0,0,0,0,0,0,0,0,0,0,0
4.94,80,31,49.000000000005414,0,162,241.99999999999457,150,113,15.41,1723.1799999999946,SSSW,model_assisted_not_ground_truth,0,0,0,0,0,0,0,0,0,0,0
4.95,80,31.99999999999547,49.999999999995467,0,161.00000000000452,241.00000000000452,150,113,15.390000000000091,1724.1799999999955,SSSW,model_assisted_not_ground_truth,0,0,0,0,0,0,0,0,0,0,0
4.96,80,31.000000000003642,49.000000000003638,0,161,241,149.00000000000364,113,15.390000000000001,1727.1799999999891,SSSW,model_assisted_not_ground_truth,0,0,0,0,0,0,0,0,0,0,0
4.97,80,31,49,0,161,241.99999999999724,150.99999999999449,113.99999999999724,15.375000000000041,1726.6850000000013,SSSW,model_assisted_not_ground_truth,0,0,0,0,0,0,0,0,0,0,0
4.98,80,31.999999999998224,49,0,161,242,150.00000000000176,114.99999999999822,15.360000000000026,1726.190000000001,SSSW,model_assisted_not_ground_truth,0,0,0,0,0,0,0,0,0,0,0
4.99,80,32,49,0,161,242,149.00000000000088,115,15.350000000000009,1727.1999999999991,SSSW,model_assisted_not_ground_truth,0,0,0,0,0,0,0,0,0,0,0
5.00,80,32,50,0,161,241,151,114,15.33,1729.21,SSSW,model_assisted_not_ground_truth,0,0,0,0,0,0,0,0,0,0,0
5.01,80,31.000000000000888,49.999999999999112,0,158.99999999999378,241,147.00000000000179,114,15.26999999999992,1716.2200000000159,SSSW,model_assisted_not_ground_truth,0,0,0,0,0,0,0,0,0,0,0
5.02,80,31.999999999998135,49.000000000001869,0,152,241,149.00000000000188,113.9999999999944,15.179999999999868,1734.2099999999964,SSSW,model_assisted_not_ground_truth,0,0,0,0,0,0,0,0,0,0,0
5.03,80,30.999999999997247,49.999999999997243,0,151.99999999999724,241,149.99999999999724,111.00000000000551,15.109999999999889,1732.2200000000055,SSSW,model_assisted_not_ground_truth,0,0,0,0,0,0,0,0,0,0,0
5.04,80,29.999999999996358,49.000000000003645,0,151,240.99999999998178,148.99999999999272,112.99999999999271,15.069999999999855,1734.2250000000074,SSSW,model_assisted_not_ground_truth,0,0,0,0,0,0,0,0,0,0,0
5.05,79.999999999990933,29.000000000009059,50,0,150.99999999999548,236,147.00000000000452,111.00000000001359,15.029999999999772,1736.2300000000589,SSSW,model_assisted_not_ground_truth,0,0,0,0,0,0,0,0,0,0,0
5.06,78,31,50,0,149.99999999998897,235.99999999999449,147.99999999997246,113.99999999998899,14.979999999999725,1749.2500000000828,SSSW,model_assisted_not_ground_truth,0,0,0,0,0,0,0,0,0,0,0
5.07,78,31,49.999999999993605,0,147.99999999998721,235,143.00000000000639,111.99999999998082,14.929999999999616,1764.2700000000066,SSSW,model_assisted_not_ground_truth,0,0,0,0,0,0,0,0,0,0,0
5.08,78,31.000000000007283,49,0,145.99999999999272,234.99999999999272,143.99999999996359,109.00000000002186,14.869999999999562,1765.3000000000293,SSSW,model_assisted_not_ground_truth,0,0,0,0,0,0,0,0,0,0,0
5.09,78,32.000000000008171,49.000000000008171,0,145,233.99999999999181,139.00000000000819,111.99999999996732,14.809999999999265,1769.320000000049,SSSW,model_assisted_not_ground_truth,0,0,0,0,0,0,0,0,0,0,0
5.10,78,33,50.000000000009152,0,144.99999999999085,233,139.9999999999817,107.9999999999451,14.719999999999725,1775.3400000001282,SSSW,model_assisted_not_ground_truth,0,0,0,0,0,0,0,0,0,0,0
5.11,78,32.999999999979927,50.999999999979927,0,144,233,138.00000000002007,101.99999999996989,14.689999999999699,1789.3550000001405,SSSW,model_assisted_not_ground_truth,0,0,0,0,0,0,0,0,0,0,0
5.12,78,31,49.000000000010928,0,144,232.99999999997814,139.99999999990169,98.999999999956302,14.659999999998689,1803.3700000000219,SSSW,model_assisted_not_ground_truth,0,0,0,0,0,0,0,0,0,0,0
5.13,78,31,50,0,144,231,131.00000000003544,94.999999999929116,14.539999999999054,1805.3900000002839,SSSW,model_assisted_not_ground_truth,0,0,0,0,0,0,0,0,0,0,0
5.14,78,31.000000000025402,50,0,143.9999999999873,230.9999999999873,134.0000000000127,89,14.459999999998857,1829.4200000002543,SSSW,model_assisted_not_ground_truth,0,0,0,0,0,0,0,0,0,0,0
5.15,78,32.999999999986322,50,0,143,229.99999999998633,134.99999999997263,88.999999999931603,14.3699999999974,1849.4399999997404,SSSW,model_assisted_not_ground_truth,0,0,0,0,0,0,0,0,0,0,0
5.16,78,32,50,0,142.99999999998542,228.99999999997087,132.99999999994174,83.999999999956302,14.179999999999708,1830.4500000002552,SSSW,model_assisted_not_ground_truth,0,0,0,0,0,0,0,0,0,0,0
5.17,77.999999999969091,32.000000000046363,50,0,142,226.99999999996908,129.00000000010817,81.000000000015461,14.159999999999918,1847.9650000000715,SSSW,model_assisted_not_ground_truth,0,0,0,0,0,0,0,0,0,0,0
5.18,76.000000000016342,35.000000000016342,50,0,141.99999999993463,224.99999999998366,135.99999999998366,82,14.140000000000128,1865.4799999998879,SSSW,model_assisted_not_ground_truth,0,0,0,0,0,0,0,0,0,0,0
5.19,76.999999999994586,35.999999999994586,50,0,138.00000000002166,224.00000000000543,135.00000000000543,82,14.060000000000434,1897.5099999998265,SSSW,model_assisted_not_ground_truth,0,0,0,0,0,0,0,0,0,0,0
5.20,77,36,50,0,134.00000000001813,224,136.99999999999093,79.000000000013586,13.990000000000318,1920.5299999998956,SSSW,model_assisted_not_ground_truth,0,0,0,0,0,0,0,0,0,0,0
5.21,77,35.000000000003638,50,0,132.00000000000728,224,133.00000000001455,79,13.8800000000004,1954.549999999876,SSSW,model_assisted_not_ground_truth,0,0,0,0,0,0,0,0,0,0,0
5.22,77,36.999999999994493,50,0,132,224,133.99999999999724,77.000000000005514,13.770000000000302,1988.5599999999063,SSSW,model_assisted_not_ground_truth,0,0,0,0,0,0,0,0,0,0,0
5.23,76.000000000001776,37.999999999998224,50,0,132.99999999999824,224.99999999999824,133.00000000000176,77.999999999998224,13.720000000000088,1993.5699999999911,SSSW,model_assisted_not_ground_truth,0,0,0,0,0,0,0,0,0,0,0
5.24,75.000000000000881,39.999999999998224,50,0,134.99999999999824,225,135.99999999999733,76.000000000001776,13.670000000000044,1998.5799999999954,SSSW,model_assisted_not_ground_truth,0,0,0,0,0,0,0,0,0,0,0
5.25,77,42,49,0,136,228,141,78,13.6,2015.5899999999999,SSSW,model_assisted_not_ground_truth,0,0,0,0,0,0,0,0,0,0,0
5.26,77.000000000000895,42.000000000000888,49.000000000000888,0,138.00000000000179,230.00000000000088,141.00000000000355,78.000000000000895,13.549999999999956,2039.6000000000231,SSSW,model_assisted_not_ground_truth,0,0,0,0,0,0,0,0,0,0,0
5.27,78.000000000003737,42.999999999998131,49.99999999999627,0,140.0000000000056,231.00000000001305,145.0000000000056,79.000000000001862,13.499999999999925,2065.6200000000276,SSSW,model_assisted_not_ground_truth,0,0,0,0,0,0,0,0,0,0,0
5.28,80,42.000000000002757,48.000000000002757,0,143.00000000000276,238.00000000000827,148.00000000000276,80.000000000002757,13.459999999999972,2080.610000000022,SSSW,model_assisted_not_ground_truth,0,0,0,0,0,0,0,0,0,0,0
5.29,80,42.999999999996355,49.000000000003645,0,144.00000000000728,241.00000000001091,149,81.000000000003638,13.450000000000017,2088.6200000000199,SSSW,model_assisted_not_ground_truth,0,0,0,0,0,0,0,0,0,0,0
5.30,80,41.999999999995467,49.999999999995467,0,146.00000000000907,244.00000000000907,149.0000000000453,82.000000000009067,13.455000000000023,2094.1150000000248,SSSW,model_assisted_not_ground_truth,0,0,0,0,0,0,0,0,0,0,0
5.31,80,41.000000000005507,48.999999999994493,0,148,246,159.00000000002203,84.000000000005514,13.460000000000166,2099.610000000072,SSSW,model_assisted_not_ground_truth,0,0,0,0,0,0,0,0,0,0,0
5.32,80,41.999999999993605,48,0,148,246.00000000000639,163.00000000003197,84.999999999993605,13.49,2112.6300000000515,SSSW,model_assisted_not_ground_truth,0,0,0,0,0,0,0,0,0,0,0
5.33,80,41.000000000007283,48,0,147.99999999998542,247.00000000000728,168.00000000002913,84.00000000000729,13.490000000000219,2120.6400000000144,SSSW,model_assisted_not_ground_truth,0,0,0,0,0,0,0,0,0,0,0
5.34,80,42.000000000024514,47.999999999991829,0,146.00000000000819,248,171.99999999998366,84.999999999991829,13.520000000000081,2122.6399999999835,SSSW,model_assisted_not_ground_truth,0,0,0,0,0,0,0,0,0,0,0
5.35,80,44.999999999963407,47.000000000009152,0,146.99999999997254,247.99999999999085,169.99999999999085,84,13.530000000000275,2120.6399999999817,SSSW,model_assisted_not_ground_truth,0,0,0,0,0,0,0,0,0,0,0
5.36,80,41,48,0,144,247,168.99999999995984,83.999999999989967,13.56,2118.6399999999244,SSSW,model_assisted_not_ground_truth,0,0,0,0,0,0,0,0,0,0,0
5.37,80,40.999999999967223,47.999999999989072,0,143.99999999998909,247,164.99999999998909,82.999999999989072,13.56,2111.1349999999179,SSSW,model_assisted_not_ground_truth,0,0,0,0,0,0,0,0,0,0,0
5.38,80,37.999999999988184,47,0,142.99999999998818,246.99999999998818,164.00000000002362,81.999999999976367,13.560000000000828,2103.6300000000588,SSSW,model_assisted_not_ground_truth,0,0,0,0,0,0,0,0,0,0,0
5.39,80,36.999999999987295,47,0,141.9999999999873,246,165.99999999994918,80.000000000025409,13.630000000000637,2108.5900000000001,SSSW,model_assisted_not_ground_truth,0,0,0,0,0,0,0,0,0,0,0
5.40,80,35.999999999917932,47,0,141,246,162.00000000001367,82.000000000054712,13.68000000000041,2108.5899999998223,SSSW,model_assisted_not_ground_truth,0,0,0,0,0,0,0,0,0,0,0
5.41,80,30,47.000000000014566,0,141,246,163,85.999999999985434,13.71000000000102,2095.5799999999708,SSSW,model_assisted_not_ground_truth,0,0,0,0,0,0,0,0,0,0,0
5.42,80,30.000000000077272,47.999999999984546,0,141.00000000001546,245.99999999998454,163.00000000004636,85.000000000015461,13.780000000000618,2093.5799999999381,SSSW,model_assisted_not_ground_truth,0,0,0,0,0,0,0,0,0,0,0
5.43,80,34.99999999986926,47.000000000016342,0,141.99999999996732,245,165.99999999996732,86.000000000032685,13.819999999999744,2089.5800000000254,SSSW,model_assisted_not_ground_truth,0,0,0,0,0,0,0,0,0,0,0
5.44,80,27.000000000043343,47.999999999994586,0,140.00000000001083,245,164.00000000001083,87.999999999989171,13.849999999999838,2087.5700000000106,SSSW,model_assisted_not_ground_truth,0,0,0,0,0,0,0,0,0,0,0
5.45,80,27.99999999999547,47.000000000004533,0,139.00000000000452,245,165.99999999999093,88,13.879999999999864,2085.560000000009,SSSW,model_assisted_not_ground_truth,0,0,0,0,0,0,0,0,0,0,0
5.46,80,31.999999999985434,47,0,139,245.99999999999636,157.00000000003277,88.999999999996362,13.90999999999989,2060.5100000000916,SSSW,model_assisted_not_ground_truth,0,0,0,0,0,0,0,0,0,0,0
5.47,80,32.999999999997243,47.999999999997243,0,138.00000000000276,246,169.99999999996422,85.000000000011013,14.029999999999669,2080.459999999945,SSSW,model_assisted_not_ground_truth,0,0,0,0,0,0,0,0,0,0,0
5.48,80,31.000000000003553,46.000000000003553,0,138,246.99999999999824,164.00000000001066,84.000000000001776,14.109999999999857,2085.4399999999914,SSSW,model_assisted_not_ground_truth,0,0,0,0,0,0,0,0,0,0,0
5.49,80,31.999999999999112,46.999999999999112,0,138,247,168.99999999999557,85.999999999998224,14.179999999999938,2085.4299999999998,SSSW,model_assisted_not_ground_truth,0,0,0,0,0,0,0,0,0,0,0
5.50,80,29,46,0,139,248,167,85,14.220000000000001,2089.4299999999998,SSSW,model_assisted_not_ground_truth,0,0,0,0,0,0,0,0,0,0,0
5.51,80.000000000001776,16.000000000001776,46,0,138.99999999999912,248.00000000000179,159.99999999999733,88.000000000003553,14.260000000000037,2089.4249999999997,SSSW,model_assisted_not_ground_truth,0,0,0,0,0,0,0,0,0,0,0
5.52,82.000000000001862,18.000000000005596,46.000000000001869,0,138,250.00000000000372,157.00000000000188,92.000000000007461,14.300000000000132,2089.4200000000019,SSSW,model_assisted_not_ground_truth,0,0,0,0,0,0,0,0,0,0,0
5.53,83,21.000000000002753,46.999999999994493,0,137.99999999999724,252,158.00000000000276,96.000000000011013,14.370000000000219,2090.3999999999478,SSSW,model_assisted_not_ground_truth,0,0,0,0,0,0,0,0,0,0,0
5.54,83,21.999999999981792,45,0,136.99999999998542,251.99999999998909,159.00000000003277,99.999999999989072,14.450000000000328,2071.369999999934,SSSW,model_assisted_not_ground_truth,0,0,0,0,0,0,0,0,0,0,0
5.55,83,16.999999999981881,45,0,133.00000000000907,248.99999999999093,167.99999999996376,96.999999999995467,14.540000000000408,2053.3100000000045,SSSW,model_assisted_not_ground_truth,0,0,0,0,0,0,0,0,0,0,0
5.56,83.000000000011013,13.000000000055067,45,0,135.00000000001651,247,159.99999999998349,96.00000000006608,14.630000000000415,2054.299999999992,SSSW,model_assisted_not_ground_truth,0,0,0,0,0,0,0,0,0,0,0
5.57,84.999999999993605,22.99999999998721,45.000000000006395,0,138.00000000002558,246.99999999996163,157.00000000001918,108.00000000005116,14.70500000000048,2052.7799999999907,SSSW,model_assisted_not_ground_truth,0,0,0,0,0,0,0,0,0,0,0
5.58,84.00000000000729,21.000000000021849,45.999999999992717,0,142,241.00000000000728,160.00000000004371,116.00000000005826,14.780000000000873,2051.2600000000657,SSSW,model_assisted_not_ground_truth,0,0,0,0,0,0,0,0,0,0,0
5.59,84.999999999991829,23.999999999967315,45,0,142.00000000001634,242.00000000004903,166.00000000000819,124.00000000015525,14.900000000001226,2060.2400000000321,SSSW,model_assisted_not_ground_truth,0,0,0,0,0,0,0,0,0,0,0
5.60,84.000000000018304,19.999999999972555,45,0,144.00000000000915,248.00000000000915,166.99999999991766,143.00000000011892,15.050000000001191,2064.179999999661,SSSW,model_assisted_not_ground_truth,0,0,0,0,0,0,0,0,0,0,0
5.61,86,17.000000000010036,44.999999999979927,0,145.00000000002007,248.99999999998997,158.00000000011039,156.00000000013048,15.180000000001908,2027.1299999999094,SSSW,model_assisted_not_ground_truth,0,0,0,0,0,0,0,0,0,0,0
5.62,86,17.999999999989075,43,0,146.99999999998909,248.00000000002186,169,169.00000000010925,15.370000000003168,2018.0800000002505,SSSW,model_assisted_not_ground_truth,0,0,0,0,0,0,0,0,0,0,0
5.63,85.999999999988191,17.000000000011813,43.000000000011816,0,146.00000000005906,250.00000000002362,169.00000000005906,179.00000000007088,15.660000000002126,2041.0100000000343,SSSW,model_assisted_not_ground_truth,0,0,0,0,0,0,0,0,0,0,0
5.64,85,18.00000000013971,44.000000000012705,0,151.00000000003811,252,173.99999999994918,185.0000000000762,15.84000000000127,2043.9100000000185,SSSW,model_assisted_not_ground_truth,0,0,0,0,0,0,0,0,0,0,0
5.65,85.000000000013685,29,44.999999999986322,0,154.00000000005471,252.00000000004104,170.00000000004104,191.00000000004104,15.940000000001367,2045.3600000000199,SSSW,model_assisted_not_ground_truth,0,0,0,0,0,0,0,0,0,0,0
5.66,86,29,43.999999999985434,0,158.00000000007284,254.99999999992716,173.00000000002913,194.00000000005826,16.040000000002912,2046.8099999998381,SSSW,model_assisted_not_ground_truth,0,0,0,0,0,0,0,0,0,0,0
5.67,86,28.999999999984546,43,0,163.00000000004636,250.00000000006182,174.99999999987637,198.00000000003092,16.240000000002006,2035.6899999998914,SSSW,model_assisted_not_ground_truth,0,0,0,0,0,0,0,0,0,0,0
5.68,86.000000000016342,27.999999999967315,43.000000000016342,0,166.00000000004903,253.99999999996732,167.00000000003268,200.00000000004903,16.36999999999917,2028.6500000000451,SSSW,model_assisted_not_ground_truth,0,0,0,0,0,0,0,0,0,0,0
5.69,86.999999999994586,26.000000000010836,43.999999999994586,0,168.99999999998374,252.00000000001083,168.99999999998917,202.99999999998374,16.529999999999134,2017.56000000006,SSSW,model_assisted_not_ground_truth,0,0,0,0,0,0,0,0,0,0,0
5.70,89.999999999986414,28.999999999986411,44.999999999995467,0,170.99999999999093,251.00000000000452,170.99999999999093,203,16.584999999999752,2013.0400000000204,SSSW,model_assisted_not_ground_truth,0,0,0,0,0,0,0,0,0,0,0
5.71,90.999999999996362,31.999999999989075,44.000000000003638,0,178.99999999997087,252.99999999999272,173.99999999998909,212.99999999996359,16.639999999999802,2008.5200000000164,SSSW,model_assisted_not_ground_truth,0,0,0,0,0,0,0,0,0,0,0
5.72,90.000000000002757,33.999999999994493,41.000000000008257,0,189.9999999999697,254.99999999999449,173.00000000000276,215.99999999999173,16.729999999999752,1992.4700000000441,SSSW,model_assisted_not_ground_truth,0,0,0,0,0,0,0,0,0,0,0
5.73,91.999999999996447,29.000000000008882,41,0,201.99999999997868,253.00000000000355,179.99999999998755,219.99999999999289,16.849999999999788,1945.4700000000835,SSSW,model_assisted_not_ground_truth,0,0,0,0,0,0,0,0,0,0,0
5.74,92,31.999999999997335,41,0,208.99999999999378,254.99999999999824,180.99999999999912,222.99999999999733,17.009999999999859,1907.4700000000337,SSSW,model_assisted_not_ground_truth,0,0,0,0,0,0,0,0,0,0,0
5.75,90,27,40,0,212,256,180,219,17.039999999999999,1886.4400000000001,SSSW,model_assisted_not_ground_truth,0,0,0,0,0,0,0,0,0,0,0
5.76,86.999999999999105,27.000000000000888,36,0,212,251.99999999999557,178.99999999999289,218.99999999999733,17.040000000000017,1846.4399999999948,SSSW,model_assisted_not_ground_truth,0,0,0,0,0,0,0,0,0,0,0
5.77,85.999999999990678,28.00000000000373,36.000000000001869,0,211.9999999999776,246.99999999997576,170.9999999999888,215.9999999999888,17.05999999999997,1840.4299999999628,SSSW,model_assisted_not_ground_truth,0,0,0,0,0,0,0,0,0,0,0
5.78,80.999999999988987,30,37,0,199.99999999993668,233.99999999995043,164.9999999999697,209.9999999999697,17.044999999999959,1820.439999999945,SSSW,model_assisted_not_ground_truth,0,0,0,0,0,0,0,0,0,0,0
5.79,76.999999999985434,30,36.999999999996355,0,176.99999999993082,215.99999999995265,153.99999999995265,198.99999999995629,17.030000000000001,1800.4499999998288,SSSW,model_assisted_not_ground_truth,0,0,0,0,0,0,0,0,0,0,0
5.80,72.999999999972815,30.000000000009059,36.000000000004533,0,157.9999999999547,202.99999999995018,140.99999999991846,186.99999999993204,17.029999999999866,1753.419999999837,SSSW,model_assisted_not_ground_truth,0,0,0,0,0,0,0,0,0,0,0
5.81,66.99999999993392,31.99999999998348,36.999999999994493,0,147.99999999992289,191.99999999995043,123.00000000002203,171.99999999990638,16.999999999999833,1717.4199999997909,SSSW,model_assisted_not_ground_truth,0,0,0,0,0,0,0,0,0,0,0
5.82,55,29.000000000019185,35.999999999993605,0,133.99999999996803,183,126.99999999990408,154.99999999992966,16.969999999999679,1679.4199999996101,SSSW,model_assisted_not_ground_truth,0,0,0,0,0,0,0,0,0,0,0
5.83,54.999999999992717,32.000000000029132,35.000000000007283,0,128.99999999995629,182.99999999999272,111.99999999994174,143.99999999995629,16.919999999999821,1618.4299999998727,SSSW,model_assisted_not_ground_truth,0,0,0,0,0,0,0,0,0,0,0
5.84,54,35.999999999959144,36.000000000016342,0,122.99999999995097,181.99999999999181,103.99999999982023,137.99999999994279,16.894999999999797,1600.9349999998572,SSSW,model_assisted_not_ground_truth,0,0,0,0,0,0,0,0,0,0,0
5.85,54,30.999999999954259,38,0,116.99999999991766,180.99999999997254,82.000000000009152,130.99999999989021,16.869999999999543,1583.4399999997534,SSSW,model_assisted_not_ground_truth,0,0,0,0,0,0,0,0,0,0,0
5.86,53.99999999998996,25.999999999969891,38.00000000001004,0,108,177.99999999997993,82.999999999889596,118.99999999987956,16.819999999999297,1556.4699999996994,SLT,model_assisted_not_ground_truth,0,0,0,0,0,0,0,0,0,0,0
5.87,53,23.000000000021849,39.000000000021849,0,107.99999999992353,175.99999999998909,72.000000000010928,106.9999999998689,16.749999999999343,1526.5199999996726,SLT,model_assisted_not_ground_truth,0,0,0,0,0,0,0,0,0,0,0
5.88,53,25,41,0,100.99999999989369,175.00000000001182,72.999999999952749,95.000000000023633,16.689999999999412,1496.5399999996457,SLT,model_assisted_not_ground_truth,0,0,0,0,0,0,0,0,0,0,0
5.89,53.000000000012705,25,41.000000000038106,0,92,176.00000000002541,68.999999999885688,96.999999999949196,16.639999999999237,1466.559999999492,SLT,model_assisted_not_ground_truth,0,0,0,0,0,0,0,0,0,0,0
5.90,53.999999999986322,25,43.999999999986322,0,92.000000000013685,177.99999999997263,59.999999999904254,92.999999999863221,16.580000000000137,1426.570000000082,SLT,model_assisted_not_ground_truth,0,0,0,0,0,0,0,0,0,0,0
5.91,53,24.999999999898037,43.000000000014566,0,92.999999999941735,175.99999999992716,52.999999999927169,82.999999999854339,16.589999999999854,1432.5700000000072,SLT,model_assisted_not_ground_truth,0,0,0,0,0,0,0,0,0,0,0
5.92,53,17.999999999969091,43.999999999984546,0,89.000000000030909,170.99999999983001,47.999999999938183,72.999999999938183,16.579999999999959,1433.0750000000021,SLT,model_assisted_not_ground_truth,0,0,0,0,0,0,0,0,0,0,0
5.93,52.99999999993463,16,43.000000000049027,0,90.99999999993463,160.00000000004903,43.999999999967315,68.99999999986926,16.570000000000064,1433.5799999999967,SLT,model_assisted_not_ground_truth,0,0,0,0,0,0,0,0,0,0,0
5.94,49.000000000021672,16,45.999999999983743,0,87.000000000021672,162.99999999998374,42.000000000010836,61.000000000043343,16.579999999999945,1430.5800000000161,SLT,model_assisted_not_ground_truth,0,0,0,0,0,0,0,0,0,0,0
5.95,48.000000000004533,16,46,0,82.000000000022652,158.00000000002265,42.999999999995467,55.000000000027178,16.579999999999998,1436.5799999999726,SLT,model_assisted_not_ground_truth,0,0,0,0,0,0,0,0,0,0,0
5.96,48.999999999996362,16.999999999996358,46.999999999996362,0,82.999999999996362,151.00000000002549,42.000000000003638,50.000000000018204,16.570000000000036,1430.5800000000218,SLT,model_assisted_not_ground_truth,0,0,0,0,0,0,0,0,0,0,0
5.97,48.000000000002757,15.000000000005507,45.000000000005507,0,83,152.99999999999449,42,45.00000000001377,16.540000000000081,1409.5800000000577,SLT,model_assisted_not_ground_truth,0,0,0,0,0,0,0,0,0,0,0
5.98,48,24.999999999982236,45.999999999998224,0,83.999999999998224,145.00000000001421,41.000000000001776,44.000000000001776,16.535000000000011,1411.5849999999964,SLT,model_assisted_not_ground_truth,0,0,0,0,0,0,0,0,0,0,0
5.99,48,25,46,0,84,146.99999999999824,41,44.999999999999112,16.530000000000005,1413.5899999999981,SLT,model_assisted_not_ground_truth,0,0,0,0,0,0,0,0,0,0,0
6.00,48,33,44,0,85,144,41,46,16.530000000000001,1415.5899999999999,SLT,model_assisted_not_ground_truth,0,0,0,0,0,0,0,0,0,0,0
6.01,47.999999999999112,34.000000000006217,46,0,88.000000000004448,143,41,46,16.530000000000012,1415.5899999999981,SLT,model_assisted_not_ground_truth,0,0,0,0,0,0,0,0,0,0,0
6.02,46.999999999998131,40.999999999990671,45.99999999998694,0,93.000000000005599,143,41,46,16.539999999999981,1413.5800000000017,SLT,model_assisted_not_ground_truth,0,0,0,0,0,0,0,0,0,0,0
6.03,46,36.000000000022027,39.000000000002757,0,96.000000000005514,143.00000000000827,40.999999999994493,45.999999999994493,16.530000000000001,1414.590000000022,SLT,model_assisted_not_ground_truth,0,0,0,0,0,0,0,0,0,0,0
6.04,46,43.999999999989072,39.999999999992717,0,98.000000000010928,145.99999999998909,39.000000000003645,44.000000000025494,16.530000000000001,1422.599999999989,SLT,model_assisted_not_ground_truth,0,0,0,0,0,0,0,0,0,0,0
6.05,46.000000000013593,41.000000000031712,37.999999999986407,0,100.99999999998641,142.99999999999093,40,51.000000000009059,16.530000000000001,1419.5949999999864,SLT,model_assisted_not_ground_truth,0,0,0,0,0,0,0,0,0,0,0
6.06,48.999999999988987,48,35.00000000001652,0,98,141.00000000001103,40,53.000000000005507,16.530000000000058,1416.5900000000549,SLT,model_assisted_not_ground_truth,0,0,0,0,0,0,0,0,0,0,0
6.07,47.000000000006395,48.000000000006395,38.000000000019185,0,97.999999999993605,143.00000000001918,40,54.000000000019185,16.539999999999999,1426.5999999999999,SLT,model_assisted_not_ground_truth,0,0,0,0,0,0,0,0,0,0,0
6.08,47.999999999963585,49.000000000043698,41,0,96.999999999978144,145.99999999998542,40,57.000000000072831,16.539999999999999,1426.6000000000363,SLT,model_assisted_not_ground_truth,0,0,0,0,0,0,0,0,0,0,0
6.09,43,55.000000000073541,41.000000000008171,0,94.000000000049027,144.00000000001634,40,67.000000000008171,16.539999999999836,1431.6099999999101,SLT,model_assisted_not_ground_truth,0,0,0,0,0,0,0,0,0,0,0
6.10,43,63.999999999945111,41.999999999981704,0,100.00000000002744,146,39.999999999990848,68.000000000036593,16.52,1420.6100000000913,SLT,model_assisted_not_ground_truth,0,0,0,0,0,0,0,0,0,0,0
6.11,43.00000000001004,57.99999999998996,40,0,103.00000000004015,145.99999999997993,39.00000000001004,72.000000000100371,16.51999999999995,1430.6099999999046,SLT,model_assisted_not_ground_truth,0,0,0,0,0,0,0,0,0,0,0
6.12,43.999999999978151,56.999999999945373,40,0,107,144.00000000001091,39.999999999989072,82.000000000087397,16.514999999999947,1421.1099999998962,SLT,model_assisted_not_ground_truth,0,0,0,0,0,0,0,0,0,0,0
6.13,42,51.999999999988184,39.999999999988184,0,107.00000000001181,144.99999999997638,39,90.000000000165386,16.510000000000119,1411.6100000000115,SLT,model_assisted_not_ground_truth,0,0,0,0,0,0,0,0,0,0,0
6.14,42.00000000001279,51.000000000076739,39.00000000002558,0,108.00000000006395,142.99999999996163,39,104.00000000008953,16.52,1412.5900000001536,SLT,model_assisted_not_ground_truth,0,0,0,0,0,0,0,0,0,0,0
6.15,43,56.999999999904254,41.000000000027356,0,113.00000000001369,139.99999999997263,39,111.00000000010942,16.520000000000138,1424.6000000000408,SLT,model_assisted_not_ground_truth,0,0,0,0,0,0,0,0,0,0,0
6.16,42.999999999956302,49.999999999956302,42.999999999985434,0,114.00000000002913,137.99999999992716,39,119.00000000010196,16.529999999999855,1427.5999999999563,SLT,model_assisted_not_ground_truth,0,0,0,0,0,0,0,0,0,0,0
6.17,40.000000000015454,47,42,0,116.00000000003091,132.99999999993818,38.999999999984546,126.00000000017,16.520000000000078,1424.6100000000076,SLT,model_assisted_not_ground_truth,0,0,0,0,0,0,0,0,0,0,0
6.18,41,46.999999999967315,42,0,118.00000000001634,129,37.999999999967315,137.00000000003268,16.525000000000027,1425.1100000000024,SLT,model_assisted_not_ground_truth,0,0,0,0,0,0,0,0,0,0,0
6.19,41,45.000000000010836,42,0,118.99999999999459,129,36.000000000010836,138.99999999998917,16.529999999999973,1425.6099999999972,SLT,model_assisted_not_ground_truth,0,0,0,0,0,0,0,0,0,0,0
6.20,41,47.999999999986414,42.999999999995467,0,119.99999999999547,126.00000000001359,35.000000000004533,139.99999999999548,16.520000000000046,1377.5600000002175,SLT,model_assisted_not_ground_truth,0,0,0,0,0,0,0,0,0,0,0
6.21,41,45.000000000010928,44.999999999992717,0,118.00000000000728,127.99999999999272,35,141.99999999999272,16.539999999999928,1400.5599999999163,SLT,model_assisted_not_ground_truth,0,0,0,0,0,0,0,0,0,0,0
6.22,41,44.000000000002757,44.000000000002757,0,118.99999999999724,129.99999999999449,35,148.99999999998073,16.569999999999919,1417.5599999999531,SLT,model_assisted_not_ground_truth,0,0,0,0,0,0,0,0,0,0,0
6.23,41,47.999999999992895,44.999999999998224,0,124.99999999998934,135.99999999998934,36.999999999996447,162.99999999997513,16.560000000000016,1413.560000000007,SLT,model_assisted_not_ground_truth,0,0,0,0,0,0,0,0,0,0,0
6.24,41,55.999999999992895,45,0,134.99999999999113,136.99999999999912,38.999999999998224,166.99999999999645,16.559999999999999,1422.569999999992,SLT,model_assisted_not_ground_truth,0,0,0,0,0,0,0,0,0,0,0
6.25,45,60,47,0,143,135,39,179,16.59,1424.5699999999999,SLT,model_assisted_not_ground_truth,0,0,0,0,0,0,0,0,0,0,0
6.26,54.000000000003553,57.000000000013323,45.000000000000888,0,153.00000000001154,139.00000000000622,40,198.00000000001509,16.584999999999994,1427.0700000000022,SLT,model_assisted_not_ground_truth,0,0,0,0,0,0,0,0,0,0,0
6.27,58.000000000007461,72.000000000014921,45.999999999998131,0,166.00000000002052,146.00000000003544,40.00000000000373,215.00000000004664,16.579999999999998,1429.5700000000018,SLT,model_assisted_not_ground_truth,0,0,0,0,0,0,0,0,0,0,0
6.28,62.000000000046811,80.000000000044054,45.000000000002757,0,177.00000000004405,165.0000000000413,42.000000000011013,240.00000000007711,16.579999999999888,1430.5699999999422,SLT,model_assisted_not_ground_truth,0,0,0,0,0,0,0,0,0,0,0
6.29,79.000000000021856,96.000000000003638,46,0,193.00000000005826,180.00000000007284,46.00000000004006,268.00000000003644,16.539999999999452,1409.5700000001639,SLT,model_assisted_not_ground_truth,0,0,0,0,0,0,0,0,0,0,0
6.30,85.000000000126832,97.000000000113246,46.000000000013593,0,209.00000000005437,200.00000000012685,57.000000000095127,278.00000000011778,16.389999999999503,1454.5999999996964,SLT,model_assisted_not_ground_truth,0,0,0,0,0,0,0,0,0,0,0
6.31,113.0000000001597,122.00000000006608,49,0,221.00000000005508,228.0000000001707,78.000000000159702,304.00000000009913,16.279999999999063,1387.5900000001022,SLT,model_assisted_not_ground_truth,0,0,0,0,0,0,0,0,0,0,0
6.32,142.00000000023661,134.00000000007034,49.000000000076739,0,231.00000000010871,259.0000000001599,107.00000000007674,322.00000000009595,16.109999999998912,1406.1600000001188,SLT,model_assisted_not_ground_truth,0,0,0,0,0,0,0,0,0,0,0
6.33,179.00000000016024,145.00000000014566,61.000000000211209,0,248.00000000013111,284.00000000016024,119.00000000020393,337.00000000014569,15.939999999990386,1424.7300000007388,SLT,model_assisted_not_ground_truth,0,0,0,0,0,0,0,0,0,0,0
6.34,201.00000000015527,165.00000000018795,90.000000000187939,0,266.00000000006537,306.00000000004906,147.00000000027782,357.00000000013893,14.619999999996567,1526.1700000022659,SLT,model_assisted_not_ground_truth,0,0,0,0,0,0,0,0,0,0,0
6.35,220.00000000010064,188.00000000006403,113.00000000017381,0,274.00000000019213,312.00000000014637,181.00000000015552,374.00000000015552,14.199999999997621,1803.4600000006963,SLT,model_assisted_not_ground_truth,0,0,0,0,0,0,0,0,0,0,0
6.36,231.0000000000301,195.00000000009032,132.00000000012045,0,295.00000000010039,328.00000000007026,198.00000000002007,391,13.939999999998996,1879.5700000003521,SLT,model_assisted_not_ground_truth,0,0,0,0,0,0,0,0,0,0,0
6.37,234.00000000002186,204.00000000003277,144,0,305.00000000002183,335.00000000004371,200.00000000004371,390.99999999992355,13.839999999999344,1914.6600000002845,SLT,model_assisted_not_ground_truth,0,0,0,0,0,0,0,0,0,0,0
6.38,235.99999999997638,206.99999999997638,144.00000000001182,0,307.00000000003541,339.00000000001182,203.99999999997638,383.99999999984641,13.779999999999763,1940.7000000001656,SLT,model_assisted_not_ground_truth,0,0,0,0,0,0,0,0,0,0,0
6.39,233.99999999999361,204.99999999994884,144.99999999997442,0,309.99999999999358,339.99999999999358,202.00000000003837,370.99999999991047,13.759999999999744,1954.7100000001792,SLT,model_assisted_not_ground_truth,0,0,0,0,0,0,0,0,0,0,0
6.40,233.49999999999315,200.99999999994529,142.99999999997266,0,309.49999999999318,339.49999999999318,205.00000000004104,363.99999999990428,13.739999999999453,1968.7199999994243,SLT,model_assisted_not_ground_truth,0,0,0,0,0,0,0,0,0,0,0
6.41,232.99999999986889,196.99999999989802,140.99999999997087,0,308.99999999997084,338.99999999995629,208,356.99999999982521,13.69999999999898,1926.6300000004526,SLT,model_assisted_not_ground_truth,0,0,0,0,0,0,0,0,0,0,0
6.42,223.99999999987637,189.99999999989183,138.99999999996908,0,307.00000000001546,336.00000000001546,207.99999999993818,344.99999999975273,13.629999999998146,1957.6900000008354,SLT,model_assisted_not_ground_truth,0,0,0,0,0,0,0,0,0,0,0
6.43,215.99999999996732,182.9999999998856,136.99999999980389,0,307.99999999991832,336.999999999951,203.99999999995097,328.99999999986926,13.510000000000767,2011.7499999996544,SLT,model_assisted_not_ground_truth,0,0,0,0,0,0,0,0,0,0,0
6.44,214.00000000001083,176.00000000003791,125.00000000006501,0,303.00000000002711,334.00000000001626,201.00000000001626,321.00000000004331,13.430000000000433,2067.7799999996964,SLT,model_assisted_not_ground_truth,0,0,0,0,0,0,0,0,0,0,0
6.45,212.00000000000907,172.00000000001813,114.00000000004982,0,306.99999999998187,329.00000000002262,202.99999999999093,314.00000000003172,13.420000000000044,2074.7749999999683,SLT,model_assisted_not_ground_truth,0,0,0,0,0,0,0,0,0,0,0
6.46,204.00000000002913,166.00000000002186,104.00000000003641,0,298.0000000000328,325.00000000001455,198.00000000001822,300.00000000005099,13.410000000000036,2081.7699999999745,SLT,model_assisted_not_ground_truth,0,0,0,0,0,0,0,0,0,0,0
6.47,198.00000000001651,157.00000000002478,96.000000000022027,0,289.00000000002478,321.00000000001103,195.00000000000827,295.00000000001376,13.439999999999916,2128.8299999998703,SLT,model_assisted_not_ground_truth,0,0,0,0,0,0,0,0,0,0,0
6.48,191.00000000001245,150.00000000001245,80.000000000028422,0,282.00000000001245,319.00000000000352,195,278.00000000003018,13.509999999999875,2137.7399999999839,SLT,model_assisted_not_ground_truth,0,0,0,0,0,0,0,0,0,0,0
6.49,187.00000000000355,145.00000000000443,64.000000000014211,0,283.99999999999824,312.0000000000062,192.00000000000267,273.00000000000443,13.579999999999938,2137.73,SLT,model_assisted_not_ground_truth,0,0,0,0,0,0,0,0,0,0,0
6.50,189,131,62,0,273,310,189,264,13.66,2136.71,SLT,model_assisted_not_ground_truth,0,0,0,0,0,0,0,0,0,0,0
6.51,179.99999999998224,121.00000000000178,60.999999999995559,0,273.99999999999557,306.99999999999557,185.00000000000088,258.99999999999824,13.720000000000054,2103.6800000000017,SLT,model_assisted_not_ground_truth,0,0,0,0,0,0,0,0,0,0,0
6.52,159.99999999998602,122.99999999997296,55.999999999998131,0,268.99999999999443,301.99999999999068,185.99999999999628,256.99999999998693,13.780000000000111,2105.6650000000036,SLT,model_assisted_not_ground_truth,0,0,0,0,0,0,0,0,0,0,0
6.53,152.49999999997934,108.49999999996008,54.999999999997243,0,265.99999999999176,296.99999999998624,183.99999999999449,249.99999999998073,13.840000000000359,2107.6500000000274,SLT,model_assisted_not_ground_truth,0,0,0,0,0,0,0,0,0,0,0
6.54,144.99999999997814,94.00000000000729,53.999999999996355,0,262.99999999999636,291.99999999995993,181.99999999999272,242.99999999997814,13.970000000000438,2117.6399999999599,SLT,model_assisted_not_ground_truth,0,0,0,0,0,0,0,0,0,0,0
6.55,138.99999999995924,95.999999999990933,53,0,261.99999999996828,280.99999999998641,180.00000000001813,236.99999999994563,14.09000000000059,2106.5999999999817,SLT,model_assisted_not_ground_truth,0,0,0,0,0,0,0,0,0,0,0
6.56,129.99999999997246,93.99999999996696,52.999999999994493,0,254.99999999997246,278,183.99999999996695,224.99999999989538,14.220000000000661,2102.5599999999613,SLT,model_assisted_not_ground_truth,0,0,0,0,0,0,0,0,0,0,0
6.57,124.99999999994884,87.999999999980815,52,0,249.99999999996163,277.99999999998079,177.99999999998721,205.99999999998082,14.340000000000831,2095.5199999999613,SLT,model_assisted_not_ground_truth,0,0,0,0,0,0,0,0,0,0,0
6.58,116.9999999999126,84.999999999978144,51.999999999992717,0,243.9999999999126,274.99999999997084,175.99999999997814,202.99999999982521,14.470000000000438,2089.4599999999746,SLT,model_assisted_not_ground_truth,0,0,0,0,0,0,0,0,0,0,0
6.59,104.99999999995914,81.999999999975486,50.999999999991829,0,231.99999999987742,270.99999999993463,173.00000000000819,178.9999999999101,14.530000000000491,2085.9399999999714,SLT,model_assisted_not_ground_truth,0,0,0,0,0,0,0,0,0,0,0
6.60,99.999999999945103,78.999999999908511,50.000000000009152,0,216.99999999987193,262.99999999991769,173.99999999997254,167.99999999993597,14.590000000001098,2082.4199999999082,SLT,model_assisted_not_ground_truth,0,0,0,0,0,0,0,0,0,0,0
6.61,93.999999999969887,68.999999999879563,50.999999999979927,0,202.99999999992974,253.99999999993977,171.00000000005019,161.00000000001003,14.710000000001306,2072.3600000000902,SLT,model_assisted_not_ground_truth,0,0,0,0,0,0,0,0,0,0,0
6.62,90.999999999945373,56.999999999978151,49,0,195.99999999993446,248,175.99999999994537,161.99999999995629,14.840000000001202,2081.3500000001959,SLT,model_assisted_not_ground_truth,0,0,0,0,0,0,0,0,0,0,0
6.63,86.000000000011809,54.999999999988184,49,0,189.99999999995273,248,171.00000000002362,158.00000000001182,14.950000000000944,2099.3099999997389,SLT,model_assisted_not_ground_truth,0,0,0,0,0,0,0,0,0,0,0
6.64,87.000000000038369,53.99999999998721,48.999999999961631,0,186,248.00000000001279,173.0000000001279,159.00000000002558,15.030000000001278,2077.2099999997045,SLT,model_assisted_not_ground_truth,0,0,0,0,0,0,0,0,0,0,0
6.65,90.000000000041041,53,46.000000000054712,0,185.99999999998633,249.00000000006838,183.00000000009575,161.00000000005471,15.130000000000685,2054.1000000000204,SLT,model_assisted_not_ground_truth,0,0,0,0,0,0,0,0,0,0,0
6.66,93.000000000058265,53.000000000014566,49.999999999985434,0,185.00000000010198,254.00000000007284,189.99999999992716,165.00000000004371,15.180000000000728,2055.5800000000213,SLT,model_assisted_not_ground_truth,0,0,0,0,0,0,0,0,0,0,0
6.67,97.000000000092726,54,49.000000000015454,0,192.00000000001546,259.00000000003092,185.00000000027819,167.99999999996908,15.230000000001082,2057.0600000001077,SLT,model_assisted_not_ground_truth,0,0,0,0,0,0,0,0,0,0,0
6.68,103.00000000019611,54.000000000032685,50,0,192.99999999993463,261.00000000013074,203.00000000003268,166.00000000006537,15.299999999999553,2064.0299999999556,SLT,model_assisted_not_ground_truth,0,0,0,0,0,0,0,0,0,0,0
6.69,114.99999999993499,55.999999999989164,50,0,189.00000000002166,268.99999999995669,204.99999999998917,169.99999999997834,15.349999999999728,2066.0199999999891,SLT,model_assisted_not_ground_truth,0,0,0,0,0,0,0,0,0,0,0
6.70,130.99999999992752,57.999999999990941,50.999999999995467,0,195.99999999996828,273.99999999997738,205,174.99999999997735,15.379999999999864,2072.0099999999729,SLT,model_assisted_not_ground_truth,0,0,0,0,0,0,0,0,0,0,0
6.71,134.99999999998545,62.999999999981796,51.999999999996362,0,195.00000000000364,273.00000000000364,218.99999999994901,185.99999999995995,15.529999999999454,2081.0499999999674,SLT,model_assisted_not_ground_truth,0,0,0,0,0,0,0,0,0,0,0
6.72,138.99999999998897,66.999999999988987,52,0,201.99999999998073,275.99999999999176,217.00000000000551,194.99999999997522,15.579999999999863,2072.020000000025,SLT,model_assisted_not_ground_truth,0,0,0,0,0,0,0,0,0,0,0
6.73,139.99999999999824,69.999999999994671,52.999999999998224,0,202.99999999999824,277.99999999999648,223.99999999998755,209.99999999997334,15.594999999999974,2075.0199999999945,SLT,model_assisted_not_ground_truth,0,0,0,0,0,0,0,0,0,0,0
6.74,153.99999999998755,76.999999999993776,53,0,212.99999999999113,280.99999999999733,231.99999999999289,218.99999999999201,15.609999999999985,2078.0199999999973,SLT,model_assisted_not_ground_truth,0,0,0,0,0,0,0,0,0,0,0
6.75,182,83,53,0,218,287,235,226,15.640000000000001,2083.02,SLT,model_assisted_not_ground_truth,0,0,0,0,0,0,0,0,0,0,0
6.76,185.00000000001245,91.000000000005329,54.000000000000888,0,221.00000000000978,297.00000000001069,240.00000000000978,237.00000000000443,15.660000000000027,2100.0200000000082,SLT,model_assisted_not_ground_truth,0,0,0,0,0,0,0,0,0,0,0
6.77,199,97.000000000005599,55.00000000000373,0,232.00000000000747,308.99999999999812,251.00000000001492,242.00000000001492,15.690000000000074,2109.0200000000241,SLT,model_assisted_not_ground_truth,0,0,0,0,0,0,0,0,0,0,0
6.78,199.00000000003305,100.00000000000826,57.000000000002757,0,236.00000000005508,308.00000000001103,259.00000000000273,250.00000000003305,15.730000000000139,2122.010000000058,SLT,model_assisted_not_ground_truth,0,0,0,0,0,0,0,0,0,0,0
6.79,211.00000000001091,103.00000000000729,58.000000000007283,0,256.0000000000328,312.00000000001091,260.00000000001455,262.00000000004007,15.780000000000127,2143.0000000000182,SLT,model_assisted_not_ground_truth,0,0,0,0,0,0,0,0,0,0,0
6.80,214.00000000002717,105.00000000001812,60.000000000009059,0,265.0000000000453,315.00000000003172,264.00000000002717,273.00000000003627,15.815000000000158,2147.9800000000228,SLT,model_assisted_not_ground_truth,0,0,0,0,0,0,0,0,0,0,0
6.81,220.00000000002203,109.00000000001101,62,0,275.00000000000551,321.99999999998346,269.99999999999449,281.00000000001654,15.85000000000033,2152.9600000000273,SLT,model_assisted_not_ground_truth,0,0,0,0,0,0,0,0,0,0,0
6.82,224.00000000003837,111.00000000001918,62.00000000001279,0,275.99999999998721,319.00000000000642,269.00000000000642,283.99999999999358,15.910000000000512,2157.9499999999935,SLT,model_assisted_not_ground_truth,0,0,0,0,0,0,0,0,0,0,0
6.83,229.99999999998542,113.99999999997814,64,0,274.00000000000728,319.99999999997817,270,283.00000000004371,15.990000000000656,2156.9199999999928,SLT,model_assisted_not_ground_truth,0,0,0,0,0,0,0,0,0,0,0
6.84,228.00000000003268,110.99999999995097,64,0,275.00000000004087,317.00000000004087,269.99999999999181,289.00000000000819,16.080000000000734,2155.8899999999835,SLT,model_assisted_not_ground_truth,0,0,0,0,0,0,0,0,0,0,0
6.85,231.99999999997254,105.00000000004574,63.999999999990848,0,280.00000000000915,321.99999999995424,269,290.00000000000915,16.170000000001007,2153.8599999998714,SLT,model_assisted_not_ground_truth,0,0,0,0,0,0,0,0,0,0,0
6.86,228.99999999994981,109.99999999998997,62.999999999979927,0,281.00000000003013,316.99999999989961,268.99999999995987,291.00000000001006,16.280000000000705,2139.7999999999397,SLT,model_assisted_not_ground_truth,0,0,0,0,0,0,0,0,0,0,0
6.87,223.99999999986889,108.99999999982521,60.999999999989072,0,284,306.99999999997817,264.99999999995629,291.9999999999672,16.350000000000765,2133.7549999999342,SLT,model_assisted_not_ground_truth,0,0,0,0,0,0,0,0,0,0,0
6.88,211.99999999991732,92.999999999917307,59.999999999952749,0,283.99999999995276,304.99999999985823,260.99999999995276,288.99999999990547,16.420000000002009,2127.7099999996435,SLT,model_assisted_not_ground_truth,0,0,0,0,0,0,0,0,0,0,0
6.89,204.99999999996163,85.999999999769784,55.99999999997442,0,279.99999999993605,292.99999999989768,256.99999999991047,280.99999999989768,16.590000000001663,2097.5299999998206,SLT,model_assisted_not_ground_truth,0,0,0,0,0,0,0,0,0,0,0
6.90,201.99999999990425,67.999999999904247,53.999999999986322,0,274.99999999990428,284.99999999991792,249.99999999990425,272.99999999990428,16.72000000000082,2083.4899999999448,SLT,model_assisted_not_ground_truth,0,0,0,0,0,0,0,0,0,0,0
6.91,194.99999999983976,60.999999999825206,53,0,267.99999999995629,278.99999999995629,242.99999999994174,265.99999999978149,16.780000000002769,2079.4799999991551,SLT,model_assisted_not_ground_truth,0,0,0,0,0,0,0,0,0,0,0
6.92,183.99999999989183,48.999999999953637,52.999999999953637,0,265.00000000001546,275.99999999989183,238.99999999973727,250.99999999978363,16.970000000000461,2021.4599999996678,SSLW,model_assisted_not_ground_truth,0,0,0,0,0,0,0,0,0,0,0
6.93,176.99999999972218,45.999999999885603,49.999999999967315,0,265.99999999990195,268.99999999980389,221.99999999980389,236.9999999998856,17.000000000000149,1999.9599999998932,SSLW,model_assisted_not_ground_truth,0,0,0,0,0,0,0,0,0,0,0
6.94,160.00000000009211,39.000000000037929,48.000000000010836,0,260.00000000003251,257.00000000006503,210.00000000006503,230.00000000003791,17.029999999999838,1978.4600000001165,SSLW,model_assisted_not_ground_truth,0,0,0,0,0,0,0,0,0,0,0
6.95,147.00000000005889,37.000000000009059,45.000000000013586,0,243.00000000007699,247.0000000000453,205.00000000002265,216.00000000006341,17.030000000000001,1933.450000000204,SSLW,model_assisted_not_ground_truth,0,0,0,0,0,0,0,0,0,0,0
6.96,123.0000000000874,36.000000000003638,45.999999999996362,0,219.0000000000874,227.00000000007282,185.00000000007282,207.00000000003277,17.030000000000001,1886.4400000001713,SSLW,model_assisted_not_ground_truth,0,0,0,0,0,0,0,0,0,0,0
6.97,102.00000000005782,38.999999999991743,45.000000000002757,0,183.00000000009913,202.00000000006884,173.00000000003303,183.00000000006608,17.020000000000028,1869.4500000000469,SSLW,model_assisted_not_ground_truth,0,0,0,0,0,0,0,0,0,0,0
6.98,81.000000000037303,38.000000000001776,41.000000000007105,0,162.00000000003729,186.00000000002842,153.00000000003553,163.00000000003553,17.010000000000019,1827.4500000000746,SSLW,model_assisted_not_ground_truth,0,0,0,0,0,0,0,0,0,0,0
6.99,78.000000000002672,35.000000000002665,41,0,142.00000000001776,179.00000000000622,127.00000000002309,128.00000000003109,17.000000000000007,1790.440000000033,SSLW,model_assisted_not_ground_truth,0,0,0,0,0,0,0,0,0,0,0
7.00,73,35,37,0,131,164,113,118,16.984999999999999,1772.4400000000001,SSLW,model_assisted_not_ground_truth,0,0,0,0,0,0,0,0,0,0,0
7.01,71.999999999997328,28.999999999992006,40.000000000002665,0,108.99999999999822,160.99999999999466,98.999999999985789,110.99999999999822,16.969999999999935,1754.4399999998934,SSLW,model_assisted_not_ground_truth,0,0,0,0,0,0,0,0,0,0,0
7.02,69,20,42.999999999998131,0,107.00000000000374,155.00000000000372,82.999999999985079,108.99999999999814,16.899999999999832,1634.4399999999218,SSLW,model_assisted_not_ground_truth,0,0,0,0,0,0,0,0,0,0,0
7.03,69.000000000011013,19.99999999999174,41.999999999997243,0,108.99999999999449,156.99999999999173,74.999999999994486,108.00000000000276,16.80999999999986,1592.4999999999395,SSLW,model_assisted_not_ground_truth,0,0,0,0,0,0,0,0,0,0,0
7.04,72.999999999996362,16.999999999956302,41.000000000003645,0,106.99999999997814,153.99999999998542,73.00000000000729,108.99999999996358,16.759999999999856,1570.5299999998945,SSLW,model_assisted_not_ground_truth,0,0,0,0,0,0,0,0,0,0,0
7.05,72,5.0000000000045297,41.999999999990941,0,100.99999999997735,149.99999999998641,74.999999999959229,98.999999999922991,16.719999999999771,1541.5499999998278,SSLW,model_assisted_not_ground_truth,0,0,0,0,0,0,0,0,0,0,0
7.06,71.999999999922906,6,40.000000000022027,0,95.999999999961446,146.99999999996695,65.99999999993392,81.999999999939419,16.66999999999992,1503.5699999999283,SSLW,model_assisted_not_ground_truth,0,0,0,0,0,0,0,0,0,0,0
7.07,57.999999999961631,6.0000000000063949,44.00000000001279,0,88.999999999993605,140.99999999994884,53.999999999968026,70.999999999929656,16.654999999999905,1490.5699999999167,SSLW,model_assisted_not_ground_truth,0,0,0,0,0,0,0,0,0,0,0
7.08,51.999999999992717,7.0000000000145661,45.999999999985434,0,87.999999999978144,132.99999999991988,48.999999999978151,59.999999999912603,16.639999999999709,1477.5699999995993,SSLW,model_assisted_not_ground_truth,0,0,0,0,0,0,0,0,0,0,0
7.09,51,9.000000000032685,44.000000000008171,0,84.999999999959144,122,45.999999999975486,47.999999999950973,16.600000000000083,1422.5500000004006,SSLW,model_assisted_not_ground_truth,0,0,0,0,0,0,0,0,0,0,0
7.10,50.999999999954255,12.999999999972555,44.999999999990848,0,79.999999999963407,121.99999999995426,42.999999999990848,41.999999999990848,16.609999999999999,1471.5800000000274,SSLW,model_assisted_not_ground_truth,0,0,0,0,0,0,0,0,0,0,0
7.11,45.99999999998996,10.000000000010036,44.000000000020073,0,75.999999999939774,117.00000000003011,41.99999999998996,41,16.609999999999999,1474.5899999999799,SSLW,model_assisted_not_ground_truth,0,0,0,0,0,0,0,0,0,0,0
7.12,45,11,46,0,69.999999999978144,120.00000000001093,41,41.000000000010928,16.609999999999889,1472.5899999999672,SSLW,model_assisted_not_ground_truth,0,0,0,0,0,0,0,0,0,0,0
7.13,45,10.999999999988187,46.000000000011816,0,68.000000000035442,120.99999999991731,41,41.999999999976374,16.599999999999941,1469.5899999999644,SSLW,model_assisted_not_ground_truth,0,0,0,0,0,0,0,0,0,0,0
7.14,45,10.000000000115108,46.99999999998721,0,71,114.00000000002558,41,40,16.594999999999935,1466.5899999999615,SSLW,model_assisted_not_ground_truth,0,0,0,0,0,0,0,0,0,0,0
7.15,45,19.000000000041034,46,0,71.000000000027356,116.00000000001369,41,40.000000000013678,16.589999999999588,1463.589999999562,SSLW,model_assisted_not_ground_truth,0,0,0,0,0,0,0,0,0,0,0
7.16,44.999999999985434,22.000000000014566,46,0,73.000000000014566,117.00000000005826,41,41,16.559999999999999,1431.5799999998542,SSLW,model_assisted_not_ground_truth,0,0,0,0,0,0,0,0,0,0,0
7.17,44.000000000015454,23,46,0,74.000000000030909,121,41,41,16.559999999999999,1421.5700000003558,SSLW,model_assisted_not_ground_truth,0,0,0,0,0,0,0,0,0,0,0
7.18,45,23.000000000081712,45.99999999993463,0,76.000000000016342,121.00000000004903,41,41,16.559999999999999,1444.5999999998526,SSLW,model_assisted_not_ground_truth,0,0,0,0,0,0,0,0,0,0,0
7.19,45,27.999999999972911,42.000000000021672,0,76.999999999994586,123.99999999998374,41,41,16.569999999999947,1437.5800000000379,SSLW,model_assisted_not_ground_truth,0,0,0,0,0,0,0,0,0,0,0
7.20,45,32.999999999977348,41.000000000004533,0,77.999999999995467,126.99999999998641,39.000000000009059,41,16.57,1442.0849999999796,SSLW,model_assisted_not_ground_truth,0,0,0,0,0,0,0,0,0,0,0
7.21,45,35.999999999989072,41.999999999996362,0,79.999999999992724,127,39,41.999999999996362,16.57,1446.5899999999835,SSLW,model_assisted_not_ground_truth,0,0,0,0,0,0,0,0,0,0,0
7.22,44.000000000002757,40.99999999998623,42,0,80.999999999997243,126.00000000000276,39,42,16.57,1447.5899999999972,SSLW,model_assisted_not_ground_truth,0,0,0,0,0,0,0,0,0,0,0
7.23,44.999999999998224,37.000000000007105,41.000000000001776,0,81,126,39,42.999999999998224,16.57,1446.5900000000017,SSLW,model_assisted_not_ground_truth,0,0,0,0,0,0,0,0,0,0,0
7.24,44.000000000000888,38.999999999998224,40.000000000000888,0,82.999999999998224,124.00000000000178,39.999999999999112,43,16.560000000000009,1445.6000000000008,SSLW,model_assisted_not_ground_truth,0,0,0,0,0,0,0,0,0,0,0
7.25,44,41,39,0,80,126,40,49,16.559999999999999,1446.5999999999999,SSLW,model_assisted_not_ground_truth,0,0,0,0,0,0,0,0,0,0,0
7.26,44,40.000000000000888,43.999999999999112,0,86,129.00000000000088,40,52.000000000001776,16.56999999999999,1444.5899999999999,SSLW,model_assisted_not_ground_truth,0,0,0,0,0,0,0,0,0,0,0
7.27,43.999999999998131,40.99999999999627,42.999999999998131,0,86.000000000003737,130.00000000000372,40,54.000000000005599,16.559999999999942,1444.5999999999524,SSLW,model_assisted_not_ground_truth,0,0,0,0,0,0,0,0,0,0,0
7.28,43,39.000000000005507,42.000000000005507,0,88,132.00000000001651,40,57.00000000001377,16.529999999999916,1419.0999999999297,SSLW,model_assisted_not_ground_truth,0,0,0,0,0,0,0,0,0,0,0
7.29,43,41.000000000018211,44.000000000003645,0,88,138.00000000000728,40,62.000000000021849,16.50000000000011,1393.600000000109,SSLW,model_assisted_not_ground_truth,0,0,0,0,0,0,0,0,0,0,0
7.30,43,46.000000000018119,44.999999999981881,0,88.000000000027185,140,40,68.000000000022652,16.529999999999955,1423.6000000002084,SSLW,model_assisted_not_ground_truth,0,0,0,0,0,0,0,0,0,0,0
7.31,42.999999999994493,49.999999999972466,41.000000000011013,0,94.000000000016527,139.99999999997797,40,73.000000000044054,16.520000000000056,1469.6400000001543,SSLW,model_assisted_not_ground_truth,0,0,0,0,0,0,0,0,0,0,0
7.32,42,45,43.000000000006395,0,97.00000000002558,135.99999999994245,40,81.000000000031974,16.530000000000065,1497.6500000000065,SSLW,model_assisted_not_ground_truth,0,0,0,0,0,0,0,0,0,0,0
7.33,42,45,44.000000000007283,0,101.00000000002186,126.99999999999271,39.999999999992717,86.000000000065555,16.539999999999999,1498.6500000000074,SSLW,model_assisted_not_ground_truth,0,0,0,0,0,0,0,0,0,0,0
7.34,42,45.000000000008171,44.999999999991829,0,104.00000000004903,125.9999999998856,38.999999999991829,95.000000000016342,16.539999999999999,1499.6500000000083,SSLW,model_assisted_not_ground_truth,0,0,0,0,0,0,0,0,0,0,0
7.35,41.999999999990848,46.000000000009152,44.000000000009152,0,109.99999999989022,111.99999999996341,37.999999999972552,97.000000000036593,16.539999999999999,1500.650000000046,SSLW,model_assisted_not_ground_truth,0,0,0,0,0,0,0,0,0,0,0
7.36,41.00000000001004,46.999999999969887,45.00000000001004,0,97.999999999989967,107.99999999997992,34.99999999998996,100.99999999992974,16.539999999999598,1505.6599999991968,SSLW,model_assisted_not_ground_truth,0,0,0,0,0,0,0,0,0,0,0
7.37,41.999999999989072,43.999999999989072,46.000000000010928,0,96.999999999978144,106.0000000000437,34,94.000000000054627,16.50000000000011,1425.6200000001857,SSLW,model_assisted_not_ground_truth,0,0,0,0,0,0,0,0,0,0,0
7.38,41.000000000023626,43.000000000035442,47.000000000011816,0,94.999999999976367,110.00000000005906,34.000000000011816,99.000000000082693,16.510000000000002,1442.6200000000117,SSLW,model_assisted_not_ground_truth,0,0,0,0,0,0,0,0,0,0,0
7.39,43,45.99999999998721,47.99999999998721,0,93.000000000102318,115.00000000001279,35,106.00000000015348,16.510000000000002,1443.6199999998976,SSLW,model_assisted_not_ground_truth,0,0,0,0,0,0,0,0,0,0,0
7.40,42.999999999986322,45.000000000041034,47,0,101,115.99999999998631,35,117.99999999998631,16.510000000000002,1435.6200000000615,SSLW,model_assisted_not_ground_truth,0,0,0,0,0,0,0,0,0,0,0
7.41,42,47.999999999985434,47.000000000014566,0,101.00000000010196,114.99999999997087,35.000000000043698,117.00000000017479,16.510000000000002,1440.1250000000657,SSLW,model_assisted_not_ground_truth,0,0,0,0,0,0,0,0,0,0,0
7.42,42.000000000030909,47.000000000030909,47.999999999984546,0,107.99999999996909,113.00000000003091,38.000000000015454,129.00000000035544,16.510000000000002,1444.630000000031,SSLW,model_assisted_not_ground_truth,0,0,0,0,0,0,0,0,0,0,0
7.43,43.999999999983658,49.000000000032685,46.999999999967315,0,106.00000000019611,115.0000000001144,39.000000000032685,152.0000000005393,16.510000000000002,1446.6299999999874,SSLW,model_assisted_not_ground_truth,0,0,0,0,0,0,0,0,0,0,0
7.44,43.000000000005414,50.999999999989164,45.000000000010836,0,117.99999999993499,121.99999999996207,40.999999999989164,184.9999999998212,16.510000000000002,1409.5900000002007,SSLW,model_assisted_not_ground_truth,0,0,0,0,0,0,0,0,0,0,0
7.45,43,54.999999999981881,45,0,119.99999999999093,132.99999999995018,41,198.99999999993659,16.539999999999864,1446.5999999998323,SSLW,model_assisted_not_ground_truth,0,0,0,0,0,0,0,0,0,0,0
7.46,50.999999999970868,65.99999999995994,47.999999999989072,0,132.99999999995265,153.99999999992352,41.999999999996362,233.99999999987256,16.500000000000146,1449.629999999989,SSLW,model_assisted_not_ground_truth,0,0,0,0,0,0,0,0,0,0,0
7.47,62.99999999996696,88.999999999936676,49.999999999994493,0,146.99999999996146,173.99999999994492,43.999999999994493,253.99999999994492,16.270000000000632,1410.6200000001072,SSLW,model_assisted_not_ground_truth,0,0,0,0,0,0,0,0,0,0,0
7.48,78.999999999971578,104.99999999997158,50,0,181.99999999993781,193.99999999996447,56.999999999976907,271.99999999996805,16.13500000000024,1379.655000000055,SSLW,model_assisted_not_ground_truth,0,0,0,0,0,0,0,0,0,0,0
7.49,99.999999999981355,114.99999999999112,50,0,202.99999999998136,238.99999999996004,65.999999999992013,296.99999999997777,16.000000000000121,1348.6900000000276,SSLW,model_assisted_not_ground_truth,0,0,0,0,0,0,0,0,0,0,0
7.50,131,142,53,0,226,266,100,328,15.119999999999999,1468.97,SSLW,model_assisted_not_ground_truth,0,0,0,0,0,0,0,0,0,0,0
7.51,172.00000000001776,154.00000000001776,66.000000000029317,0,252.00000000001955,290.00000000000978,126.00000000001954,344.00000000000801,14.559999999999681,1678.2200000001274,SSLW,model_assisted_not_ground_truth,0,0,0,0,0,0,0,0,0,0,0
7.52,192.00000000001864,174.00000000002612,99.000000000029843,0,274.00000000002609,301.00000000002052,148.00000000002797,353.00000000002052,14.199999999999756,1821.4900000001251,SSLW,model_assisted_not_ground_truth,0,0,0,0,0,0,0,0,0,0,0
7.53,202.00000000001376,188.00000000001103,115.0000000000358,0,288.00000000000551,312.00000000000273,163.00000000001103,363.99999999998346,14.069999999999972,1888.5900000000329,SSLW,model_assisted_not_ground_truth,0,0,0,0,0,0,0,0,0,0,0
7.54,207.00000000000728,192,128.00000000000546,0,290.00000000000182,313.00000000000546,167.00000000000728,357.99999999998545,14.059999999999963,1900.6050000000437,SSLW,model_assisted_not_ground_truth,0,0,0,0,0,0,0,0,0,0,0
7.55,209.00000000000907,192,129.50000000000679,0,290.50000000000227,314.50000000000682,169.00000000000907,353.99999999998187,14.04999999999991,1912.6200000001088,SSLW,model_assisted_not_ground_truth,0,0,0,0,0,0,0,0,0,0,0
7.56,210.99999999995595,191.99999999998897,130.99999999996695,0,291.00000000001103,316,171.00000000003305,349.99999999993389,14.029999999999889,1936.640000000127,SSLW,model_assisted_not_ground_truth,0,0,0,0,0,0,0,0,0,0,0
7.57,202.99999999996163,189.99999999995524,124.99999999991687,0,293.00000000001279,315.99999999998721,176.99999999999361,337.99999999992326,14.00999999999936,1959.6699999998141,SSLW,model_assisted_not_ground_truth,0,0,0,0,0,0,0,0,0,0,0
7.58,196.99999999997814,182.99999999994174,111.99999999993445,0,294.99999999996356,313.99999999999272,176.00000000000728,325.99999999989802,13.909999999999782,1930.5800000001236,SSLW,model_assisted_not_ground_truth,0,0,0,0,0,0,0,0,0,0,0
7.59,193.99999999995913,174.99999999995097,102.99999999995914,0,289.99999999993463,313,176.99999999999181,311.99999999991013,13.879999999999511,1947.5700000002862,SSLW,model_assisted_not_ground_truth,0,0,0,0,0,0,0,0,0,0,0
7.60,188.9999999999817,168.99999999996339,97.999999999844476,0,281.9999999999817,312.9999999999817,176.0000000000183,301.00000000000915,13.819999999999817,1982.6100000005124,SSLW,model_assisted_not_ground_truth,0,0,0,0,0,0,0,0,0,0,0
7.61,186.99999999997993,165,80.999999999879563,0,280.00000000001006,311.00000000001006,177.9999999999699,301.99999999995987,13.799999999999951,2038.6300000003671,SSLW,model_assisted_not_ground_truth,0,0,0,0,0,0,0,0,0,0,0
7.62,184.99999999990169,164.9999999999126,68.999999999950845,0,280.99999999998363,311.99999999995629,175.00000000000546,297.99999999984158,13.794999999999945,2075.2050000003997,SSLW,model_assisted_not_ground_truth,0,0,0,0,0,0,0,0,0,0,0
7.63,175.99999999989367,156.9999999999055,64.499999999946837,0,279.49999999998226,307.99999999995276,175.50000000000591,283.49999999982873,13.78999999999988,2111.7799999993608,SSLW,model_assisted_not_ground_truth,0,0,0,0,0,0,0,0,0,0,0
7.64,166.99999999994884,148.99999999988489,59.99999999998721,0,277.9999999998721,303.99999999994884,176,268.99999999976978,13.780000000000511,2057.6700000000769,SSLW,model_assisted_not_ground_truth,0,0,0,0,0,0,0,0,0,0,0
7.65,162.99999999987691,139.99999999956231,58.999999999917932,0,267.99999999983584,299.99999999994526,176.00000000004104,250.99999999967173,13.820000000001095,2063.6700000000415,SSLW,model_assisted_not_ground_truth,0,0,0,0,0,0,0,0,0,0,0
7.66,153.99999999986889,107.99999999985434,53,0,256.00000000004371,296,178.99999999997087,226.99999999997087,13.900000000000874,2066.679999999898,SSLW,model_assisted_not_ground_truth,0,0,0,0,0,0,0,0,0,0,0
7.67,144.99999999992272,98,53,0,258.99999999998454,295.99999999996908,176.99999999998454,225.00000000002319,13.960000000000619,2059.6799999999921,SSLW,model_assisted_not_ground_truth,0,0,0,0,0,0,0,0,0,0,0
7.68,139.99999999997513,98,53,0,257.999999999995,293.99999999999005,175.99999999999503,226.50000000000745,14.000000000000199,2059.1749999999975,SSLW,model_assisted_not_ground_truth,0,0,0,0,0,0,0,0,0,0,0
7.69,135.00000000002709,98,53,0,257.0000000000054,292.00000000001086,175.00000000000543,227.99999999999187,14.039999999999782,2058.6700000000028,SSLW,model_assisted_not_ground_truth,0,0,0,0,0,0,0,0,0,0,0
7.70,129.00000000002717,98,53,0,257,286.00000000002717,175,224.00000000001813,14.089999999999772,2049.670000000041,SSLW,model_assisted_not_ground_truth,0,0,0,0,0,0,0,0,0,0,0
7.71,123.00000000002186,92.000000000021856,53.999999999996362,0,252.00000000001822,285.00000000000364,179.99999999998178,218.00000000002186,14.159999999999744,2039.6600000000365,SSLW,model_assisted_not_ground_truth,0,0,0,0,0,0,0,0,0,0,0
7.72,123,92.999999999997243,53.000000000002757,0,244.00000000002203,281.00000000001103,186.99999999998073,211.00000000001927,14.249999999999751,2021.6000000000497,SSLW,model_assisted_not_ground_truth,0,0,0,0,0,0,0,0,0,0,0
7.73,115.00000000001421,87.000000000010658,52.000000000001776,0,234.00000000001776,280.00000000000176,184.00000000000534,190.00000000003729,14.359999999999804,2010.5800000000195,SSLW,model_assisted_not_ground_truth,0,0,0,0,0,0,0,0,0,0,0
7.74,110.00000000000443,81.000000000005329,52,0,229.00000000000443,281.99999999999824,183.00000000000088,178.00000000001066,14.439999999999928,2003.5700000000061,SSLW,model_assisted_not_ground_truth,0,0,0,0,0,0,0,0,0,0,0
7.75,100,67,52,0,226,276,182,174,14.469999999999999,1994.0549999999998,SSLW,model_assisted_not_ground_truth,0,0,0,0,0,0,0,0,0,0,0
7.76,96.999999999999105,52.999999999996447,52,0,218.99999999998667,264.99999999999289,186.00000000000711,166.99999999999289,14.500000000000062,1984.5399999999911,SSLW,model_assisted_not_ground_truth,0,0,0,0,0,0,0,0,0,0,0
7.77,95.999999999998138,48.999999999992539,51.99999999999627,0,203.9999999999888,256.99999999999443,193.99999999999628,158.99999999999628,14.570000000000057,1974.529999999985,SSLW,model_assisted_not_ground_truth,0,0,0,0,0,0,0,0,0,0,0
7.78,94.99999999998623,45,50,0,197.99999999999173,254.00000000000551,191.99999999999173,157.00000000000276,14.600000000000165,1966.5199999999888,SSLW,model_assisted_not_ground_truth,0,0,0,0,0,0,0,0,0,0,0
7.79,90.000000000018204,45,50,0,194.99999999997451,255.99999999999636,189,158.00000000000364,14.660000000000037,1962.5099999999015,SSLW,model_assisted_not_ground_truth,0,0,0,0,0,0,0,0,0,0,0
7.80,95.000000000009067,44.999999999990941,50.000000000004533,0,187.99999999997735,255,189.00000000000907,159.00000000000452,14.670000000000204,1935.5000000000316,SSLW,model_assisted_not_ground_truth,0,0,0,0,0,0,0,0,0,0,0
7.81,97.000000000027541,43.000000000011013,50.999999999988987,0,183.00000000000551,255.00000000001651,191.00000000004405,159.99999999997797,14.715000000000249,1942.4900000000384,SSLW,model_assisted_not_ground_truth,0,0,0,0,0,0,0,0,0,0,0
7.82,102.00000000003837,44.99999999997442,49,0,183.99999999996803,258.00000000005116,198.99999999998721,155.99999999998721,14.760000000000511,1949.4799999999743,SSLW,model_assisted_not_ground_truth,0,0,0,0,0,0,0,0,0,0,0
7.83,108.0000000000437,41.000000000029132,49.000000000007283,0,179.00000000000728,266.00000000003644,197.00000000002913,153.99999999999272,14.84000000000051,1945.460000000051,SSLW,model_assisted_not_ground_truth,0,0,0,0,0,0,0,0,0,0,0
7.84,114.00000000007354,44.999999999967315,50,0,180.00000000003268,271,201.00000000003268,153.00000000008171,14.910000000000572,1952.4400000000244,SSLW,model_assisted_not_ground_truth,0,0,0,0,0,0,0,0,0,0,0
7.85,123.0000000000183,41.000000000009152,50.000000000009152,0,184.00000000009149,271.00000000000915,204.99999999997254,163.00000000007319,14.980000000000825,1955.4299999999996,SSLW,model_assisted_not_ground_truth,0,0,0,0,0,0,0,0,0,0,0
7.86,125.00000000007026,42.000000000060218,51.00000000001004,0,194,272.00000000004013,202.00000000002007,171.00000000008029,15.070000000000904,1955.3900000002809,SSLW,model_assisted_not_ground_truth,0,0,0,0,0,0,0,0,0,0,0
7.87,132.00000000013111,47.999999999989072,52,0,194,275.99999999998909,204.00000000004371,179.00000000012017,15.160000000000274,1983.3600000000652,SSLW,model_assisted_not_ground_truth,0,0,0,0,0,0,0,0,0,0,0
7.88,143.99999999998818,47.000000000035442,52,0,194.00000000007088,275.00000000004724,208.000000000189,190.0000000000945,15.185000000000295,1989.3400000000706,SSLW,model_assisted_not_ground_truth,0,0,0,0,0,0,0,0,0,0,0
7.89,143.00000000035811,50.000000000038369,52,0,200.00000000010232,279.00000000002558,224,198.00000000016627,15.210000000001152,1995.3200000001018,SSLW,model_assisted_not_ground_truth,0,0,0,0,0,0,0,0,0,0,0
7.90,171.00000000001367,53.00000000006839,52,0,208.00000000013679,281.00000000002734,224.00000000006838,211.00000000012309,15.300000000001779,2003.2799999997258,SSLW,model_assisted_not_ground_truth,0,0,0,0,0,0,0,0,0,0,0
7.91,172.00000000010198,58.000000000072831,52,0,218.00000000007284,283.00000000008743,229.00000000016024,220.00000000014566,15.430000000002039,1983.2300000003343,SSLW,model_assisted_not_ground_truth,0,0,0,0,0,0,0,0,0,0,0
7.92,179.00000000026273,63.000000000061817,52,0,223.00000000015456,289.00000000017002,240.00000000012363,230.00000000009274,15.570000000003864,2006.1699999998293,SSLW,model_assisted_not_ground_truth,0,0,0,0,0,0,0,0,0,0,0
7.93,196.00000000009859,67.00000000013145,52.000000000016428,0,233.00000000016431,300.00000000009857,248.00000000008217,236.00000000032861,15.819999999998423,1995.1200000000695,SSLW,model_assisted_not_ground_truth,0,0,0,0,0,0,0,0,0,0,0
7.94,201.99999999996749,74.999999999956657,52.999999999994586,0,242.99999999994583,305.99999999996749,252.99999999997291,255.99999999989166,15.959999999999242,2004.0699999999515,SSLW,model_assisted_not_ground_truth,0,0,0,0,0,0,0,0,0,0,0
7.95,204.99999999998641,75,53,0,252.9999999999547,312.99999999996828,253.99999999999548,260.99999999997738,16.004999999999797,2013.5349999999571,SSLW,model_assisted_not_ground_truth,0,0,0,0,0,0,0,0,0,0,0
7.96,213.99999999996723,87.999999999952664,53.999999999996362,0,256.99999999998545,313.99999999999636,261.9999999999709,269.9999999999672,16.049999999999837,2022.9999999999654,SSLW,model_assisted_not_ground_truth,0,0,0,0,0,0,0,0,0,0,0
7.97,212.00000000000551,82.000000000016513,54.999999999997243,0,260.99999999998897,314.99999999999727,261.00000000000273,271.99999999999449,16.129999999999779,2035.9499999999643,SSLW,model_assisted_not_ground_truth,0,0,0,0,0,0,0,0,0,0,0
7.98,213.99999999999645,83.999999999996447,55,0,268.99999999998579,314.00000000000176,262.99999999999648,272.99999999999824,16.229999999999823,2051.9199999999719,SSLW,model_assisted_not_ground_truth,0,0,0,0,0,0,0,0,0,0,0
7.99,218.99999999999557,81.000000000002672,55,0,275.9999999999938,308.00000000000534,262.00000000000091,273,16.29999999999994,2072.8899999999812,SSLW,model_assisted_not_ground_truth,0,0,0,0,0,0,0,0,0,0,0
8.00,216,82,55,0,286,303,265,277,16.370000000000001,2116.8699999999999,SSLW,model_assisted_not_ground_truth,0,0,0,0,0,0,0,0,0,0,0
8.01,209.99999999999912,83.999999999997328,54.000000000000888,0,291.00000000000887,294.99999999999824,262.00000000000091,283.99999999999824,16.510000000000069,2103.7199999999866,SSLW,model_assisted_not_ground_truth,0,0,0,0,0,0,0,0,0,0,0
8.02,208.99999999999821,81.000000000005329,54.999999999998224,0,301,292.99999999999642,263,282.00000000000358,16.585000000000136,2089.1249999999741,SSLW,model_assisted_not_ground_truth,0,0,0,0,0,0,0,0,0,0,0
8.03,207.99999999998667,84,54,0,301,290.99999999998403,263,283.99999999999199,16.660000000000561,2074.5299999999388,SSLW,model_assisted_not_ground_truth,0,0,0,0,0,0,0,0,0,0,0
8.04,202.99999999998508,83.999999999981341,54,0,301.00000000000745,284.99999999999255,262.9999999999888,280.99999999998505,16.870000000000449,2051.4699999999848,SSLW,model_assisted_not_ground_truth,0,0,0,0,0,0,0,0,0,0,0
8.05,198.99999999998613,78.999999999963052,54,0,302.99999999999073,282.99999999998613,259.99999999995845,276.99999999994918,16.990000000000276,2047.4599999999539,SSLW,model_assisted_not_ground_truth,0,0,0,0,0,0,0,0,0,0,0
8.06,195.99999999992289,70.999999999961446,53.999999999988987,0,300.99999999994492,279.99999999995043,250.99999999995595,265.99999999986233,17.050000000000111,2037.460000000011,SSLW,model_assisted_not_ground_truth,0,0,0,0,0,0,0,0,0,0,0
8.07,181.99999999994884,63.999999999910472,52,0,290.99999999992963,270.99999999991684,242.99999999990408,240.99999999985292,17.070000000000032,2039.4399999999841,SSLW,model_assisted_not_ground_truth,0,0,0,0,0,0,0,0,0,0,0
8.08,173.99999999986161,49.999999999963585,52,0,279.99999999991991,257.99999999992718,227.99999999989802,217.99999999983248,17.075000000000035,2036.9399999999819,SSLW,model_assisted_not_ground_truth,0,0,0,0,0,0,0,0,0,0,0
8.09,154.99999999986926,44.999999999975486,51.999999999959144,0,268.99999999976302,247.99999999983658,213.9999999998856,194.99999999980389,17.08000000000008,2034.4399999997058,SSLW,model_assisted_not_ground_truth,0,0,0,0,0,0,0,0,0,0,0
8.10,138.9999999997282,41.999999999972822,46.999999999990941,0,239.99999999976444,227.99999999983692,199.99999999989129,170.99999999982788,17.089999999999907,1998.429999999719,SSLW,model_assisted_not_ground_truth,0,0,0,0,0,0,0,0,0,0,0
8.11,108.99999999971152,38.99999999996021,45.999999999970157,0,213.99999999969162,209.99999999984084,187.99999999971152,151.99999999961204,17.079999999999998,1967.4199999994928,SSLW,model_assisted_not_ground_truth,0,0,0,0,0,0,0,0,0,0,0
8.12,79.999999999955946,34.999999999955946,43.000000000011013,0,182.99999999979073,193.99999999987884,158.9999999997687,113.00000000003304,17.079999999999227,1916.419999998315,SSLW,model_assisted_not_ground_truth,0,0,0,0,0,0,0,0,0,0,0
8.13,75.999999999952394,30.999999999857181,43.999999999964295,0,163.99999999978576,182.99999999989288,137.99999999980957,116.00000000015473,17.009999999999764,1763.4099999996192,SSLW,model_assisted_not_ground_truth,0,0,0,0,0,0,0,0,0,0,0
8.14,72.00000000001279,18.999999999910472,40.99999999998721,0,145.99999999980815,173.99999999988489,121.99999999983373,129.00000000016627,16.989999999999871,1731.4099999998209,SSLW,model_assisted_not_ground_truth,0,0,0,0,0,0,0,0,0,0,0
8.15,73.000000000027356,11.999999999917932,40.000000000041034,0,130.99999999989058,164.99999999990425,108.99999999980851,142.00000000008208,16.979999999999862,1717.4099999998086,SSLW,model_assisted_not_ground_truth,0,0,0,0,0,0,0,0,0,0,0
8.16,75.000000000014566,5.9999999999126032,43,0,122.99999999976694,158.00000000002913,94.999999999766942,147.99999999981063,16.969999999999416,1703.4099999994028,SSLW,model_assisted_not_ground_truth,0,0,0,0,0,0,0,0,0,0,0
8.17,76.000000000015461,0,43,0,106.99999999993818,159.99999999979909,78.999999999984539,134.99999999993818,16.929999999999382,1662.4099999993355,SSLW,model_assisted_not_ground_truth,0,0,0,0,0,0,0,0,0,0,0
8.18,76.999999999967315,0,43,0,102.99999999982023,146.9999999998856,77.999999999689493,130.99999999980389,16.890000000000256,1619.410000000275,SSLW,model_assisted_not_ground_truth,0,0,0,0,0,0,0,0,0,0,0
8.19,75.000000000011013,0,43,0,92.000000000060567,140.00000000003854,59.000000000104627,119.00000000006608,16.810000000000439,1582.4700000002035,SSLW,model_assisted_not_ground_truth,0,0,0,0,0,0,0,0,0,0,0
8.20,72.000000000013856,2.9999999999861444,43,0,90.000000000009237,132.00000000003695,52.00000000003233,102.00000000007851,16.690000000000556,1500.5200000003786,SSLW,model_assisted_not_ground_truth,0,0,0,0,0,0,0,0,0,0,0
8.21,64.000000000028422,3,43.999999999996447,0,84.000000000021316,128.00000000001421,44.000000000028422,89.000000000046185,16.650000000000141,1492.5400000000284,SSLW,model_assisted_not_ground_truth,0,0,0,0,0,0,0,0,0,0,0
8.22,51.000000000034639,3.9999999999973355,43.000000000002665,0,81.000000000007987,110.00000000004796,42.000000000005329,71.000000000047962,16.630000000000052,1482.0450000000278,SSLW,model_assisted_not_ground_truth,0,0,0,0,0,0,0,0,0,0,0
8.23,47.000000000007105,3.0000000000017764,45.999999999994671,0,76.000000000008882,103.00000000001243,42,52.000000000033751,16.610000000000035,1471.5500000000186,SSLW,model_assisted_not_ground_truth,0,0,0,0,0,0,0,0,0,0,0
8.24,45.000000000001776,4.9999999999982236,46.999999999999112,0,74.000000000001776,110.99999999999289,41.000000000000888,43.000000000007994,16.600000000000009,1468.5600000000027,SSLW,model_assisted_not_ground_truth,0,0,0,0,0,0,0,0,0,0,0
8.25,45,6,43,0,72,116,41,43,16.59,1466.5699999999999,SSLW,model_assisted_not_ground_truth,0,0,0,0,0,0,0,0,0,0,0
8.26,45,7.0000000000008882,45.000000000000888,0,72.000000000002672,114,40.000000000000888,41.999999999999112,16.619999999999965,1504.569999999967,SSLW,model_assisted_not_ground_truth,0,0,0,0,0,0,0,0,0,0,0
8.27,45,8,45.999999999994671,0,75,114.00000000000178,41,40.999999999992895,16.579999999999981,1467.5699999999929,SSLW,model_assisted_not_ground_truth,0,0,0,0,0,0,0,0,0,0,0
8.28,45,8,43.000000000007994,0,75.000000000005329,115.000000000008,40.999999999997335,37.000000000007994,16.569999999999961,1463.5799999999799,SSLW,model_assisted_not_ground_truth,0,0,0,0,0,0,0,0,0,0,0
8.29,44.999999999992539,8.0000000000037303,45.99999999999627,0,77.000000000003737,118.00000000000374,40.00000000000373,40,16.554999999999943,1456.079999999972,SSLW,model_assisted_not_ground_truth,0,0,0,0,0,0,0,0,0,0,0
8.30,43,9.0000000000415668,45,0,77.999999999986144,119,41,40.000000000004619,16.539999999999999,1448.5800000000138,SSLW,model_assisted_not_ground_truth,0,0,0,0,0,0,0,0,0,0,0
8.31,43.000000000011013,17.999999999977973,44.999999999972466,0,74.999999999994486,119.00000000001101,40.999999999994493,41,16.540000000000056,1451.580000000022,SSLW,model_assisted_not_ground_truth,0,0,0,0,0,0,0,0,0,0,0
8.32,45,14.000000000083134,40.000000000006395,0,73.999999999980815,121.00000000000639,40.000000000006395,41,16.549999999999937,1455.5899999999936,SSLW,model_assisted_not_ground_truth,0,0,0,0,0,0,0,0,0,0,0
8.33,45,27.000000000007283,40.999999999985434,0,71.00000000000729,122.00000000001457,41,41.000000000014566,16.539999999999999,1454.5899999999999,SSLW,model_assisted_not_ground_truth,0,0,0,0,0,0,0,0,0,0,0
8.34,44.999999999983658,28.000000000040856,38.999999999991829,0,72,124,40.999999999991829,43,16.540000000000081,1454.5900000000038,SSLW,model_assisted_not_ground_truth,0,0,0,0,0,0,0,0,0,0,0
8.35,43,33.000000000027178,37.999999999990941,0,72,124.00000000001812,40.000000000009059,42.999999999972822,16.55000000000009,1455.0750000000044,SSLW,model_assisted_not_ground_truth,0,0,0,0,0,0,0,0,0,0,0
8.36,43,36.000000000019895,37.00000000003979,0,72,126.0000000000199,40.999999999980105,40.000000000019895,16.559999999999601,1455.5599999999206,SSLW,model_assisted_not_ground_truth,0,0,0,0,0,0,0,0,0,0,0
8.37,43,38.000000000022027,40.999999999955946,0,71.999999999988987,128.00000000001103,39,42.000000000121148,16.52000000000022,1447.5900000001652,SSLW,model_assisted_not_ground_truth,0,0,0,0,0,0,0,0,0,0,0
8.38,43,40.000000000023803,36.999999999976197,0,71,129.00000000009521,39,53.000000000023803,16.539999999999878,1462.6000000000358,SSLW,model_assisted_not_ground_truth,0,0,0,0,0,0,0,0,0,0,0
8.39,42.99999999998721,41.999999999961631,35.000000000076739,0,71.000000000051159,137,39,55.000000000076739,16.530000000000001,1465.6099999999999,SSLW,model_assisted_not_ground_truth,0,0,0,0,0,0,0,0,0,0,0
8.40,42,39.00000000006839,41.000000000013678,0,74.999999999972644,137.00000000002737,39,61.000000000027356,16.529999999999863,1465.6099999999726,SSLW,model_assisted_not_ground_truth,0,0,0,0,0,0,0,0,0,0,0
8.41,42,43.999999999985434,42,0,73,139,39,63.000000000131095,16.52,1463.6199999999926,SSLW,model_assisted_not_ground_truth,0,0,0,0,0,0,0,0,0,0,0
8.42,42,42.999999999984546,42,0,73.000000000061817,139.00000000003092,39,72.000000000185452,16.52,1463.1199999999978,SSLW,model_assisted_not_ground_truth,0,0,0,0,0,0,0,0,0,0,0
8.43,42,42.000000000049027,41.999999999967315,0,77.000000000032685,140.99999999995097,39,84.000000000016342,16.52,1462.6200000000031,SSLW,model_assisted_not_ground_truth,0,0,0,0,0,0,0,0,0,0,0
8.44,42,44.99999999998348,40.000000000011013,0,78.999999999988987,138.00000000001651,39,84.999999999994486,16.52,1463.6199999999944,SSLW,model_assisted_not_ground_truth,0,0,0,0,0,0,0,0,0,0,0
8.45,42,45.999999999995381,40.999999999995381,0,83.999999999976907,130.00000000003695,39,94.999999999953815,16.529999999999955,1447.590000000074,SSLW,model_assisted_not_ground_truth,0,0,0,0,0,0,0,0,0,0,0
8.46,42,44.000000000007105,41,0,99.999999999943157,125.00000000001776,39,97.999999999989342,16.539999999999964,1477.5999999998933,SSLW,model_assisted_not_ground_truth,0,0,0,0,0,0,0,0,0,0,0
8.47,41.000000000002665,46.999999999992006,41,0,103.99999999998934,105.00000000005329,39,99.999999999994671,16.520000000000053,1453.6000000000638,SSLW,model_assisted_not_ground_truth,0,0,0,0,0,0,0,0,0,0,0
8.48,36.000000000008882,47,41.999999999998224,0,102.00000000000355,105,39,101.99999999999645,16.52,1450.6100000000051,SSLW,model_assisted_not_ground_truth,0,0,0,0,0,0,0,0,0,0,0
8.49,36,47,42.999999999999112,0,102.99999999999912,108.99999999999645,34.000000000004441,107.99999999999467,16.52,1451.1049999999996,SSLW,model_assisted_not_ground_truth,0,0,0,0,0,0,0,0,0,0,0
8.50,41,51,43,0,100,111,35,114,16.52,1451.5999999999999,SSLW,model_assisted_not_ground_truth,0,0,0,0,0,0,0,0,0,0,0
8.51,42.000000000000888,49,45,0,107.00000000000622,116.00000000000267,35.000000000000888,110.00000000001243,16.510000000000012,1450.6099999999776,SSLW,model_assisted_not_ground_truth,0,0,0,0,0,0,0,0,0,0,0
8.52,43,49.000000000003553,45,0,114.00000000001066,119.00000000000355,36.000000000003553,124.00000000003197,16.520000000000035,1425.5700000000265,SSLW,model_assisted_not_ground_truth,0,0,0,0,0,0,0,0,0,0,0
8.53,43,51.000000000007994,45,0,120.00000000003197,121.00000000001333,38.000000000007994,142.00000000003732,16.540000000000028,1440.570000000032,SSLW,model_assisted_not_ground_truth,0,0,0,0,0,0,0,0,0,0,0
8.54,43,54.00000000000373,45.00000000000373,0,132.00000000006716,126.00000000002612,41,156.00000000007461,16.55000000000004,1452.5700000000297,SSLW,model_assisted_not_ground_truth,0,0,0,0,0,0,0,0,0,0,0
8.55,43.000000000018474,55.000000000013856,46,0,150.00000000003695,133.00000000008777,41,176.00000000013856,16.560000000000024,1460.5699999999999,SSLW,model_assisted_not_ground_truth,0,0,0,0,0,0,0,0,0,0,0
8.56,47.000000000035797,58.000000000022027,46.000000000008264,0,158.00000000001927,152.0000000000303,41,206.00000000009362,16.565000000000026,1460.575,SSLW,model_assisted_not_ground_truth,0,0,0,0,0,0,0,0,0,0,0
8.57,53.500000000041567,62.00000000002558,47.500000000009592,0,161.5000000000224,157.50000000003519,41,223.00000000010871,16.569999999999744,1460.5800000000386,SSLW,model_assisted_not_ground_truth,0,0,0,0,0,0,0,0,0,0,0
8.58,60.000000000029132,66.000000000101963,48.999999999985434,0,165.00000000010198,163.00000000013111,41.000000000050981,240.0000000000874,16.529999999998179,1466.6099999996723,SSLW,model_assisted_not_ground_truth,0,0,0,0,0,0,0,0,0,0,0
8.59,64.000000000155254,80.000000000212452,47.000000000008171,0,179.00000000019611,181.0000000002043,48.000000000040856,252.00000000015527,16.27999999999567,1421.6199999992491,SSLW,model_assisted_not_ground_truth,0,0,0,0,0,0,0,0,0,0,0
8.60,83.000000000181188,106.00000000016307,48.000000000009059,0,203.00000000015402,206.00000000035331,53.000000000208367,271.00000000017212,15.7499999999894,1329.7400000018242,SSLW,model_assisted_not_ground_truth,0,0,0,0,0,0,0,0,0,0,0
8.61,103.00000000028848,124.000000000189,49.000000000009948,0,220.00000000019895,245.00000000030838,76.000000000407852,290.00000000017906,14.579999999995325,1531.0900000026782,SSLW,model_assisted_not_ground_truth,0,0,0,0,0,0,0,0,0,0,0
8.62,132.00000000039648,143.00000000017621,50.000000000143174,0,240.00000000037446,276.0000000002313,117.00000000019824,308.0000000002313,14.109999999998017,1800.3300000005017,SSLW,model_assisted_not_ground_truth,0,0,0,0,0,0,0,0,0,0,0
8.63,168.0000000000833,159.00000000019043,63.000000000238032,0,274.00000000021424,297.00000000014285,135.00000000030946,329.00000000024994,13.929999999997857,1845.8900000005422,SSLW,model_assisted_not_ground_truth,0,0,0,0,0,0,0,0,0,0,0
8.64,175.0000000001279,175.00000000008953,83.000000000268585,0,292.00000000010232,309.00000000007674,161.00000000003837,349.99999999996163,13.749999999999233,1891.4500000004998,SSLW,model_assisted_not_ground_truth,0,0,0,0,0,0,0,0,0,0,0
8.65,185.00000000005471,182.00000000005471,104.00000000005471,0,300.00000000002734,315.00000000002734,164.00000000005471,347,13.689999999999863,1930.53000000011,SSLW,model_assisted_not_ground_truth,0,0,0,0,0,0,0,0,0,0,0
8.66,188.99999999998542,186.00000000001458,108.00000000005826,0,302.00000000001455,317.00000000002916,168.00000000007284,346.99999999975239,13.680000000000582,1938.5700000002478,SSLW,model_assisted_not_ground_truth,0,0,0,0,0,0,0,0,0,0,0
8.67,187.99999999995364,186.99999999993818,112.00000000009273,0,303,319.00000000003092,173.00000000006182,329.99999999976819,13.720000000000619,1955.590000000278,SSLW,model_assisted_not_ground_truth,0,0,0,0,0,0,0,0,0,0,0
8.68,185,182.99999999983658,117.99999999986926,0,302.99999999996732,320.99999999998369,177.00000000004903,314.99999999986926,13.759999999999744,1973.5899999998849,SSLW,model_assisted_not_ground_truth,0,0,0,0,0,0,0,0,0,0,0
8.69,185,173.00000000005508,110.00000000004405,0,301.00000000001103,320.00000000000551,179.99999999998349,307.00000000004405,13.769999999999945,1984.094999999942,SSLW,model_assisted_not_ground_truth,0,0,0,0,0,0,0,0,0,0,0
8.70,183.00000000000887,172.00000000000443,103.00000000003109,0,290.00000000004883,318.00000000000887,179.00000000000443,287.00000000008879,13.779999999999955,1994.5999999999533,SSLW,model_assisted_not_ground_truth,0,0,0,0,0,0,0,0,0,0,0
8.71,177.00000000002132,166.00000000002132,90.000000000046185,0,279.00000000003911,316.00000000000711,181.99999999998934,278.00000000003195,13.740000000000142,2053.6299999997905,SSLW,model_assisted_not_ground_truth,0,0,0,0,0,0,0,0,0,0,0
8.72,174.00000000000799,158.00000000002132,81.000000000023988,0,277.00000000000534,315.00000000000267,183.99999999999466,273.0000000000133,13.640000000000267,2051.6800000000048,SSLW,model_assisted_not_ground_truth,0,0,0,0,0,0,0,0,0,0,0
8.73,166.00000000001421,152.00000000001066,70.00000000001954,0,273.00000000000711,312.00000000000534,184.99999999999824,270.00000000000534,13.659999999999965,2082.6999999999448,SSLW,model_assisted_not_ground_truth,0,0,0,0,0,0,0,0,0,0,0
8.74,156.00000000000887,143.00000000000799,62.000000000007105,0,268.00000000000443,309.00000000000267,185,247.00000000002044,13.769999999999902,2151.7799999999388,SSLW,model_assisted_not_ground_truth,0,0,0,0,0,0,0,0,0,0,0
8.75,150,127,56,0,267,302,180,224,13.880000000000001,2139.75,SSLW,model_assisted_not_ground_truth,0,0,0,0,0,0,0,0,0,0,0
8.76,148.99999999999289,107.99999999999022,54.999999999997335,0,263.99999999999022,296.99999999999466,175.99999999999912,211.99999999998755,13.970000000000059,2167.729999999995,SSLW,model_assisted_not_ground_truth,0,0,0,0,0,0,0,0,0,0,0
8.77,140.99999999999645,96.999999999998224,52.000000000003553,0,252.99999999999466,290.99999999999113,174.99999999999821,197.99999999996803,14.035000000000116,2162.2149999999901,SSLW,model_assisted_not_ground_truth,0,0,0,0,0,0,0,0,0,0,0
8.78,138.99999999998136,95.999999999981341,53.999999999997335,0,249.999999999984,285.99999999998931,173.99999999999466,179.99999999996803,14.100000000000346,2156.6999999998316,SSLW,model_assisted_not_ground_truth,0,0,0,0,0,0,0,0,0,0,0
8.79,131.99999999997388,89.000000000018659,53,0,243.9999999999888,281.99999999999625,171.99999999997016,168.0000000000112,14.230000000000336,2093.5900000000115,SSLW,model_assisted_not_ground_truth,0,0,0,0,0,0,0,0,0,0,0
8.80,124.99999999998153,93.999999999981526,53,0,240.99999999995381,280.99999999999073,164.00000000001387,170.99999999997229,14.320000000000324,2096.5799999999167,SSLW,model_assisted_not_ground_truth,0,0,0,0,0,0,0,0,0,0,0
8.81,120.99999999996696,89.999999999972459,52.999999999988987,0,230.99999999998349,279.00000000001103,166.99999999998349,164.99999999999449,14.390000000000166,2078.5399999999777,SSLW,model_assisted_not_ground_truth,0,0,0,0,0,0,0,0,0,0,0
8.82,114.99999999996163,84.999999999865707,51,0,228,280.99999999998079,164.00000000003197,163.99999999998721,14.420000000000192,2074.5249999999746,SSLW,model_assisted_not_ground_truth,0,0,0,0,0,0,0,0,0,0,0
8.83,108.99999999996358,63.999999999963585,51,0,227.99999999994174,277.99999999991257,169.00000000000728,161.99999999993446,14.4500000000008,2070.5099999999493,SSLW,model_assisted_not_ground_truth,0,0,0,0,0,0,0,0,0,0,0
8.84,103.99999999997549,58.99999999993463,51,0,219.99999999987742,265.99999999991826,170.00000000000819,152.9999999998856,14.560000000000572,2063.4999999999263,SSLW,model_assisted_not_ground_truth,0,0,0,0,0,0,0,0,0,0,0
8.85,100.9999999999547,50.999999999981881,51,0,204.99999999986412,255.99999999999093,170.9999999999547,139,14.630000000000544,2054.4800000002997,SSLW,model_assisted_not_ground_truth,0,0,0,0,0,0,0,0,0,0,0
8.86,95.99999999996021,48.99999999996021,51.000000000009948,0,189.99999999994031,254.99999999990052,166.00000000002984,138.99999999996021,14.690000000000696,2087.5399999998904,SSLW,model_assisted_not_ground_truth,0,0,0,0,0,0,0,0,0,0,0
8.87,91.999999999955946,45,51.999999999977973,0,183.99999999996695,244.99999999992289,169.00000000002203,134.99999999994492,14.76000000000044,2076.5299999999561,SSLW,model_assisted_not_ground_truth,0,0,0,0,0,0,0,0,0,0,0
8.88,88.000000000011909,45,50,0,180.99999999998809,237.99999999997618,170.99999999997618,129.99999999985718,14.800000000000239,2072.5199999999522,SSLW,model_assisted_not_ground_truth,0,0,0,0,0,0,0,0,0,0,0
8.89,88.999999999948841,44.99999999997442,50.00000000001279,0,179.99999999998721,236.00000000001279,168.99999999998721,118.00000000016627,14.819999999999872,2068.5099999996673,SSLW,model_assisted_not_ground_truth,0,0,0,0,0,0,0,0,0,0,0
8.90,84.999999999986315,42.999999999993157,50.999999999972644,0,178.99999999994529,236.99999999998633,168.00000000001367,131.00000000000685,14.809999999999864,2042.4899999996442,SSLW,model_assisted_not_ground_truth,0,0,0,0,0,0,0,0,0,0,0
8.91,83.999999999985434,42.499999999992717,48.999999999970868,0,174.99999999994174,235.99999999998545,169.00000000001455,131.50000000000728,14.800000000000438,2016.4700000006267,SSLW,model_assisted_not_ground_truth,0,0,0,0,0,0,0,0,0,0,0
8.92,83.000000000100457,41.999999999984546,47.000000000015454,0,170.99999999994591,235.00000000006955,169.99999999999227,132.00000000003089,14.829999999999691,2059.48999999952,SSLW,model_assisted_not_ground_truth,0,0,0,0,0,0,0,0,0,0,0
8.93,89.50000000003233,40.999999999995026,48.000000000004974,0,167.49999999998261,239.5000000000224,169.4999999999975,134.00000000000995,14.810000000000128,2028.4600000001985,SSLW,model_assisted_not_ground_truth,0,0,0,0,0,0,0,0,0,0,0
8.94,95.999999999964203,40.000000000005507,48.999999999994493,0,164.00000000001927,243.99999999997522,169.00000000000276,135.99999999998897,14.780000000000165,2023.4600000000275,SSLW,model_assisted_not_ground_truth,0,0,0,0,0,0,0,0,0,0,0
8.95,103.99999999996447,38.000000000008882,49,0,159.0000000000222,248.9999999999778,182.99999999993781,134.00000000000887,14.770000000000044,2022.4700000000043,SSLW,model_assisted_not_ground_truth,0,0,0,0,0,0,0,0,0,0,0
8.96,109.49999999998046,38,49.499999999998224,0,166.49999999997334,254.99999999997868,188.99999999997868,141.99999999997158,14.784999999999947,2027.9499999999805,SSLW,model_assisted_not_ground_truth,0,0,0,0,0,0,0,0,0,0,0
8.97,114.99999999998535,38,49.999999999998664,0,173.99999999998002,260.99999999998403,194.99999999998403,149.99999999997868,14.799999999999962,2033.4299999999855,SSLW,model_assisted_not_ground_truth,0,0,0,0,0,0,0,0,0,0,0
8.98,120.99999999998934,46.999999999984013,50.999999999998224,0,174.99999999999824,265.99999999999113,201.99999999998755,177.99999999995026,14.790000000000017,2036.4499999999946,SSLW,model_assisted_not_ground_truth,0,0,0,0,0,0,0,0,0,0,0
8.99,127.99999999999378,47.999999999999112,50.000000000000888,0,185.99999999999022,272.9999999999938,202.99999999999912,187.99999999999113,14.780000000000008,2061.4899999999775,SSLW,model_assisted_not_ground_truth,0,0,0,0,0,0,0,0,0,0,0
9.00,132,52,51,0,187,272,213,200,14.800000000000001,2083.5,SSLW,model_assisted_not_ground_truth,0,0,0,0,0,0,0,0,0,0,0
9.01,128.00000000001421,53.000000000001776,51,0,192.00000000000799,274.00000000000358,218.00000000000534,202.00000000001066,14.850000000000044,2067.3800000000001,SSLW,model_assisted_not_ground_truth,0,0,0,0,0,0,0,0,0,0,0
9.02,144.00000000003021,55.000000000010658,51,0,201.00000000000179,278.00000000000176,224.00000000000711,214.00000000001066,14.900000000000054,2067.3700000000044,SSLW,model_assisted_not_ground_truth,0,0,0,0,0,0,0,0,0,0,0
9.03,161.00000000000267,61.000000000007994,51,0,202.00000000001066,279.00000000000801,228,220.00000000002132,14.930000000000081,2069.8550000000068,SSLW,model_assisted_not_ground_truth,0,0,0,0,0,0,0,0,0,0,0
9.04,162.00000000002612,64.000000000003737,51,0,206.00000000006341,282.00000000000745,228.00000000001864,228.0000000000224,14.960000000000337,2072.3400000000188,SSLW,model_assisted_not_ground_truth,0,0,0,0,0,0,0,0,0,0,0
9.05,169.00000000002311,65.000000000004619,51.000000000004619,0,223.00000000002311,284.00000000002308,233.00000000000463,234.00000000006006,15.050000000000463,2077.3099999999213,SSLW,model_assisted_not_ground_truth,0,0,0,0,0,0,0,0,0,0,0
9.06,174.00000000003854,66.000000000011013,52,0,228.00000000002203,289.00000000002751,234.00000000001651,247.00000000002754,15.150000000000716,2060.230000000071,SSLW,model_assisted_not_ground_truth,0,0,0,0,0,0,0,0,0,0,0
9.07,181.00000000000639,67.999999999993605,51.999999999993605,0,232.00000000005116,293.99999999998721,237.00000000005116,251.99999999999361,15.28000000000115,2073.1500000000315,SSLW,model_assisted_not_ground_truth,0,0,0,0,0,0,0,0,0,0,0
9.08,182.00000000001458,66.999999999956302,51,0,240.00000000002913,291.99999999997084,244.99999999997814,250.99999999997087,15.460000000000948,2078.0899999999674,SSLW,model_assisted_not_ground_truth,0,0,0,0,0,0,0,0,0,0,0
9.09,184,60.999999999991829,51.000000000008171,0,244.00000000003268,287.9999999999755,242.00000000003268,247.00000000004087,15.590000000001062,2073.5649999999632,SSLW,model_assisted_not_ground_truth,0,0,0,0,0,0,0,0,0,0,0
9.10,184.00000000000907,59.999999999963762,52,0,248.00000000003624,284.99999999994566,245.99999999994563,252.00000000000907,15.72000000000145,2069.0400000000445,SSLW,model_assisted_not_ground_truth,0,0,0,0,0,0,0,0,0,0,0
9.11,185,55.999999999980105,52,0,252.00000000007958,278.99999999995026,240.0000000000199,252.99999999996021,15.880000000001194,2073.9500000000689,SSLW,model_assisted_not_ground_truth,0,0,0,0,0,0,0,0,0,0,0
9.12,184.99999999996695,53.999999999988987,52.000000000011013,0,260,274.00000000004405,242.00000000002203,248.99999999998897,16.000000000001432,2080.8999999996799,SSLW,model_assisted_not_ground_truth,0,0,0,0,0,0,0,0,0,0,0
9.13,182,53,53,0,260.00000000004763,277.99999999997618,244.00000000002382,248.00000000002382,16.130000000001786,2051.8399999999278,SSLW,model_assisted_not_ground_truth,0,0,0,0,0,0,0,0,0,0,0
9.14,182.00000000001279,52.99999999998721,52.99999999998721,0,264,275.99999999993605,245.99999999997442,249.99999999998721,16.280000000002687,2045.7699999997294,SSLW,model_assisted_not_ground_truth,0,0,0,0,0,0,0,0,0,0,0
9.15,182.99999999995896,52,52.000000000013678,0,264.00000000002734,270.99999999995896,244,248.99999999994529,16.490000000002325,2024.6099999997114,SSLW,model_assisted_not_ground_truth,0,0,0,0,0,0,0,0,0,0,0
9.16,180.00000000001458,51.999999999854339,52.999999999985434,0,266,267.99999999997084,243.9999999999126,244.99999999992716,16.66000000000211,2003.5199999995334,SSLW,model_assisted_not_ground_truth,0,0,0,0,0,0,0,0,0,0,0
9.17,180.99999999984544,41.999999999969091,52.000000000015454,0,265.99999999995362,265.99999999995362,237.99999999984544,239.99999999984544,16.805000000000593,1971.4849999998692,SSLW,model_assisted_not_ground_truth,0,0,0,0,0,0,0,0,0,0,0
9.18,170.99999999982023,39.99999999986926,52.999999999918288,0,262.99999999990195,262.99999999990195,227.99999999985292,229.99999999975486,16.949999999999072,1939.4500000002049,SSLW,model_assisted_not_ground_truth,0,0,0,0,0,0,0,0,0,0,0
9.19,160.00000000006057,32.000000000044054,48.000000000027534,0,257.00000000003303,257.00000000003303,219.00000000004957,215.00000000008259,17.019999999999612,1902.4500000002038,SSLW,model_assisted_not_ground_truth,0,0,0,0,0,0,0,0,0,0,0
9.20,149.00000000004886,31.000000000004441,47.000000000004441,0,246.00000000004886,249.00000000003553,208.00000000004886,191.00000000010658,17.029999999999959,1878.4400000001067,SSLW,model_assisted_not_ground_truth,0,0,0,0,0,0,0,0,0,0,0
9.21,124.00000000008882,26.000000000017764,45.000000000007105,0,230.00000000005684,232.0000000000604,195.00000000004619,168.00000000008171,17.039999999999964,1856.4300000000783,SSLW,model_assisted_not_ground_truth,0,0,0,0,0,0,0,0,0,0,0
9.22,108.00000000004263,26,42.000000000007994,0,201.00000000007728,209.00000000006128,174.00000000005596,147.00000000005596,17.03000000000003,1806.4300000001333,SSLW,model_assisted_not_ground_truth,0,0,0,0,0,0,0,0,0,0,0
9.23,83.000000000044409,28.999999999994671,41.000000000001776,0,175.00000000004619,194.00000000002666,154.00000000003553,112.00000000006217,17.015000000000029,1784.9300000000383,SSLW,model_assisted_not_ground_truth,0,0,0,0,0,0,0,0,0,0,0
9.24,73.000000000008882,25.000000000003553,42.999999999998224,0,153.00000000001955,177.00000000001509,133.00000000001864,101.00000000000978,17.000000000000014,1763.4300000000192,SSLW,model_assisted_not_ground_truth,0,0,0,0,0,0,0,0,0,0,0
9.25,62,29,41,0,138,168,127,99,16.989999999999998,1728.4200000000001,SSLW,model_assisted_not_ground_truth,0,0,0,0,0,0,0,0,0,0,0
9.26,59.000000000003553,18,42.000000000000888,0,122.99999999998845,158.99999999999821,112.99999999998934,108.000000000008,16.959999999999983,1688.4199999999955,SSLW,model_assisted_not_ground_truth,0,0,0,0,0,0,0,0,0,0,0
9.27,63.000000000003553,17.99999999998046,42.999999999998224,0,109.99999999998757,156.99999999998579,100.99999999997158,117.00000000000355,16.93999999999993,1683.4199999998882,SSLW,model_assisted_not_ground_truth,0,0,0,0,0,0,0,0,0,0,0
9.28,65.000000000002672,6.9999999999946709,42.000000000002665,0,102.99999999998934,148.99999999999733,84.999999999968026,118.99999999998134,16.899999999999757,1620.4199999998937,SSLW,model_assisted_not_ground_truth,0,0,0,0,0,0,0,0,0,0,0
9.29,66.00000000001306,4.9999999999906741,43,0,98.999999999988802,147.99999999998508,72.999999999985079,111.99999999997762,16.809999999999867,1580.4799999999404,SSLW,model_assisted_not_ground_truth,0,0,0,0,0,0,0,0,0,0,0
9.30,69.500000000016172,2.4999999999884537,43,0,95.999999999986144,143.99999999998153,68.999999999981526,105.99999999997229,16.774999999999835,1564.5049999999262,SSLW,model_assisted_not_ground_truth,0,0,0,0,0,0,0,0,0,0,0
9.31,72.999999999939419,5.5067062021457848e-12,43,0,92.999999999977973,139.99999999996695,64.999999999928406,99.999999999961446,16.739999999999448,1548.5299999997358,SSLW,model_assisted_not_ground_truth,0,0,0,0,0,0,0,0,0,0,0
9.32,61.999999999942446,1.0000000000127898,43,0,88.99999999998721,133.99999999994245,51.999999999968026,92.999999999859313,16.639999999999809,1500.5699999998658,SSLW,model_assisted_not_ground_truth,0,0,0,0,0,0,0,0,0,0,0
9.33,52.999999999985434,3.0000000000364153,43.000000000014566,0,86.999999999963578,124.99999999989804,46.999999999970868,70.999999999898037,16.609999999999779,1479.5799999999417,SSLW,model_assisted_not_ground_truth,0,0,0,0,0,0,0,0,0,0,0
9.34,50.999999999959144,8,44.999999999983658,0,81.999999999975486,110.99999999997549,43,56.999999999877431,16.579999999999753,1471.5899999997466,SSLW,model_assisted_not_ground_truth,0,0,0,0,0,0,0,0,0,0,0
9.35,46,8.0000000000996536,42.999999999990941,0,78.999999999963762,108.00000000005436,42.999999999981881,42,16.550000000000093,1440.5800000000997,SSLW,model_assisted_not_ground_truth,0,0,0,0,0,0,0,0,0,0,0
9.36,45.999999999990052,18.999999999990052,42,0,74.99999999996021,114.00000000012932,41,42,16.559999999999949,1451.5899999999999,SSLW,model_assisted_not_ground_truth,0,0,0,0,0,0,0,0,0,0,0
9.37,44.999999999988987,17.99999999993392,42.000000000011013,0,70.999999999944933,126.99999999993392,41,42,16.554999999999943,1451.595,SSLW,model_assisted_not_ground_truth,0,0,0,0,0,0,0,0,0,0,0
9.38,44,12,43,0,66.000000000011909,120.99999999991668,41,42.000000000011902,16.54999999999988,1451.599999999976,SSLW,model_assisted_not_ground_truth,0,0,0,0,0,0,0,0,0,0,0
9.39,44,12,43.00000000001279,0,67.000000000051159,113.99999999998721,41,43,16.539999999999999,1449.5999999999999,SSLW,model_assisted_not_ground_truth,0,0,0,0,0,0,0,0,0,0,0
9.40,44.000000000013678,11.999999999986322,43.999999999986322,0,71.000000000054712,113.00000000002736,40.999999999972644,42.999999999972644,16.539999999999999,1449.5999999999726,SSLW,model_assisted_not_ground_truth,0,0,0,0,0,0,0,0,0,0,0
9.41,44.999999999927169,11.000000000131095,43,0,75.000000000014566,115.00000000002913,39.000000000029132,41,16.539999999999999,1447.6000000000147,SSLW,model_assisted_not_ground_truth,0,0,0,0,0,0,0,0,0,0,0
9.42,40.000000000030909,19.999999999984546,43,0,75.999999999976822,117.00000000000773,40.999999999992276,41,16.539999999999999,1448.6100000000154,SSLW,model_assisted_not_ground_truth,0,0,0,0,0,0,0,0,0,0,0
9.43,42.000000000009948,18.999999999995026,43,0,74.499999999992539,117.50000000000249,40.499999999997513,41,16.539999999999999,1449.6100000000049,SSLW,model_assisted_not_ground_truth,0,0,0,0,0,0,0,0,0,0,0
9.44,43.999999999988987,18.000000000005507,43,0,73.000000000008257,117.99999999999724,40.000000000002757,41,16.539999999999999,1450.6099999999944,SSLW,model_assisted_not_ground_truth,0,0,0,0,0,0,0,0,0,0,0
9.45,43.000000000004441,23.999999999973355,44.999999999991118,0,75.99999999998667,121.99999999998224,39.000000000004441,39.000000000008882,16.539999999999999,1447.6100000000133,SSLW,model_assisted_not_ground_truth,0,0,0,0,0,0,0,0,0,0,0
9.46,42.000000000003553,30.999999999975131,40.000000000017764,0,76,120.00000000000711,39,40.999999999992895,16.460000000000285,1398.6100000001741,SSLW,model_assisted_not_ground_truth,0,0,0,0,0,0,0,0,0,0,0
9.47,42.999999999997335,31,40.999999999997335,0,73.000000000007987,123.99999999998934,39,42.999999999994671,16.489999999999917,1415.6099999999547,SSLW,model_assisted_not_ground_truth,0,0,0,0,0,0,0,0,0,0,0
9.48,43.999999999998224,37.999999999987566,44.999999999992895,0,72.000000000001776,123.00000000000178,39,43.999999999998224,16.499999999999982,1429.6199999999751,SSLW,model_assisted_not_ground_truth,0,0,0,0,0,0,0,0,0,0,0
9.49,43.000000000000888,38.999999999999112,41.000000000003553,972.99999999913575,72.999999999999119,125.99999999999733,39,44.999999999999112,16.509999999999991,1435.6199999999947,SSLW,model_assisted_not_ground_truth,0,0,0,0,0,0,0,0,0,0,0
9.50,43,39,39,976,73,131,39,46,16.510000000000002,1437.6199999999999,SSLW,model_assisted_not_ground_truth,0,0,0,0,0,0,0,0,0,0,0
9.51,42.999999999999112,41,44,977,72,130.00000000000355,39,51.000000000002665,16.504999999999995,1437.1199999999994,SSLW,model_assisted_not_ground_truth,0,0,0,0,0,0,0,0,0,0,0
9.52,42,41.000000000001776,44.000000000001776,977,72.000000000005329,134.00000000000179,39,54.000000000003553,16.500000000000018,1436.6200000000051,SSLW,model_assisted_not_ground_truth,0,0,0,0,0,0,0,0,0,0,0
9.53,42,42,44.999999999997335,977,75.000000000005329,135,38.999999999997335,56.000000000018652,16.509999999999973,1439.6199999999919,SSLW,model_assisted_not_ground_truth,0,0,0,0,0,0,0,0,0,0,0
9.54,42,41.999999999985079,44.00000000000373,977,77.000000000011198,135.00000000001864,38.00000000000373,63.000000000018652,16.5,1436.6199999999999,SSLW,model_assisted_not_ground_truth,0,0,0,0,0,0,0,0,0,0,0
9.55,41.999999999995381,38.000000000018474,44.999999999990763,977,80.000000000027711,139.99999999999537,39,68.000000000009237,16.5,1436.6200000000044,SSLW,model_assisted_not_ground_truth,0,0,0,0,0,0,0,0,0,0,0
9.56,40.999999999994493,42.00000000003304,43.000000000011013,976.99999999462545,86.000000000005514,138.99999999996146,39,70.000000000022027,16.49999999999989,1437.6199999999146,SSLW,model_assisted_not_ground_truth,0,0,0,0,0,0,0,0,0,0,0
9.57,40,47.99999999997442,44.99999999997442,0.99999999999360512,87.000000000070344,131.99999999998082,39,74.000000000006395,16.479999999999873,1422.1199999999008,SSLW,model_assisted_not_ground_truth,0,0,0,0,0,0,0,0,0,0,0
9.58,40,44.000000000014566,41,0,98.000000000036422,128.99999999992716,39,75.000000000014566,16.460000000000001,1406.6200000000363,SSLW,model_assisted_not_ground_truth,0,0,0,0,0,0,0,0,0,0,0
9.59,40.000000000004086,45.999999999995914,41,0,103.00000000003268,118.99999999997956,39,77.000000000008171,16.460000000000083,1411.6300000002125,SSLW,model_assisted_not_ground_truth,0,0,0,0,0,0,0,0,0,0,0
9.60,40.500000000004533,45.499999999995467,41,0,107.00000000003624,116.49999999997735,39,78.000000000009067,16.469999999999999,1437.6299999998371,SSLW,model_assisted_not_ground_truth,0,0,0,0,0,0,0,0,0,0,0
9.61,41,44.99999999996021,41.000000000009948,0,110.99999999995026,113.99999999990052,38.99999999996021,78.999999999990052,16.469999999999999,1419.6300000000201,SSLW,model_assisted_not_ground_truth,0,0,0,0,0,0,0,0,0,0,0
9.62,41,41.00000000003304,42.000000000044054,0,105.99999999998899,104.00000000015419,35,78.000000000176215,16.470000000000109,1421.6300000000222,SSLW,model_assisted_not_ground_truth,0,0,0,0,0,0,0,0,0,0,0
9.63,41.000000000023803,43.999999999964295,46.000000000011902,0,105.00000000015473,118.00000000008332,35.000000000035705,94.000000000119016,16.48,1423.6300000000001,SSLW,model_assisted_not_ground_truth,0,0,0,0,0,0,0,0,0,0,0
9.64,43,41.00000000002558,47.00000000001279,0,118.00000000014069,125.00000000001279,38.00000000002558,104.00000000019185,16.479999999999936,1423.6300000000065,SSLW,model_assisted_not_ground_truth,0,0,0,0,0,0,0,0,0,0,0
9.65,43,43.000000000027356,48,0,129.00000000021885,126.00000000015046,40,119.0000000002462,16.47499999999993,1424.1300000000069,SSLW,model_assisted_not_ground_truth,0,0,0,0,0,0,0,0,0,0,0
9.66,43,45.000000000087397,48,0,145.00000000017479,137.0000000000874,40.000000000014566,137.00000000077202,16.47000000000029,1424.6300000000438,SSLW,model_assisted_not_ground_truth,0,0,0,0,0,0,0,0,0,0,0
9.67,43.000000000007724,51.000000000061817,48,0,157.00000000006955,143.00000000010817,41.000000000007724,190.00000000021635,16.489999999999846,1427.6200000001238,SSLW,model_assisted_not_ground_truth,0,0,0,0,0,0,0,0,0,0,0
9.68,43.500000000002487,55.000000000019895,48,0,161.5000000000224,150.00000000003482,41.500000000002487,204.00000000006963,16.480000000000064,1435.6399999999487,SSLW,model_assisted_not_ground_truth,0,0,0,0,0,0,0,0,0,0,0
9.69,43.999999999997243,58.999999999977973,48,0,165.99999999997522,156.99999999996146,41.999999999997243,217.99999999992292,16.450000000000166,1437.6599999999889,SSLW,model_assisted_not_ground_truth,0,0,0,0,0,0,0,0,0,0,0
9.70,58.999999999933387,69.999999999951143,48,0,174.99999999996004,175.99999999991562,42.999999999995559,249.99999999985789,16.260000000000844,1438.6799999999955,SSLW,model_assisted_not_ground_truth,0,0,0,0,0,0,0,0,0,0,0
9.71,66.999999999971578,101.99999999988631,47.000000000003553,0,191.9999999999396,198.99999999991829,46.999999999985789,275.99999999990763,16.075000000000657,1383.2150000001971,SSLW,model_assisted_not_ground_truth,0,0,0,0,0,0,0,0,0,0,0
9.72,94.999999999925393,118.9999999999547,48.999999999994671,0,216.99999999993338,227.99999999992272,71.99999999993338,292.9999999999547,15.890000000000494,1327.7500000001478,SSLW,model_assisted_not_ground_truth,0,0,0,0,0,0,0,0,0,0,0
9.73,121.99999999995204,143.99999999995561,49,0,229.99999999997692,266.99999999993071,105.9999999999396,307.99999999997334,14.860000000001829,1463.1099999997596,SSLW,model_assisted_not_ground_truth,0,0,0,0,0,0,0,0,0,0,0
9.74,152.99999999997246,157.99999999998755,55.999999999993783,0,244.99999999998667,293.99999999997601,135.99999999997334,318.99999999999022,14.05000000000072,1685.4299999998027,SSLW,model_assisted_not_ground_truth,0,0,0,0,0,0,0,0,0,0,0
9.75,182,174,83,0,280,315,167,337,13.68,1940.6800000000001,SSLW,model_assisted_not_ground_truth,0,0,0,0,0,0,0,0,0,0,0
9.76,192.00000000000088,190.00000000000179,107.00000000000978,0,303.00000000000358,320.00000000000176,178.00000000001066,350.99999999999824,13.469999999999992,2019.8000000000241,SSLW,model_assisted_not_ground_truth,0,0,0,0,0,0,0,0,0,0,0
9.77,193.00000000000355,192.00000000000355,118.00000000000178,0,307.00000000001597,322.00000000000358,190.0000000000089,348.99999999999113,13.460000000000036,2046.850000000007,SSLW,model_assisted_not_ground_truth,0,0,0,0,0,0,0,0,0,0,0
9.78,195.00000000000799,194.00000000000267,119.00000000000267,0,316.00000000000267,324.00000000001597,195.00000000001333,343.99999999994935,13.480000000000054,2050.7900000000104,SSLW,model_assisted_not_ground_truth,0,0,0,0,0,0,0,0,0,0,0
9.79,197.99999999999253,194.99999999998508,120.00000000001492,0,316.99999999998505,330,200.0000000000224,324.99999999993656,13.499999999999888,2054.7300000000673,SSLW,model_assisted_not_ground_truth,0,0,0,0,0,0,0,0,0,0,0
9.80,195.99999999998153,190.99999999997689,123.99999999998153,0,312.99999999997692,329.99999999997692,205.99999999997689,307.99999999996766,13.470000000000001,2072.750000000171,SSLW,model_assisted_not_ground_truth,0,0,0,0,0,0,0,0,0,0,0
9.81,191.99999999997797,185.99999999997246,119.99999999998347,0,307.99999999990638,324.99999999997249,200.99999999999449,300.99999999992843,13.469999999999725,2109.7599999999561,SSLW,model_assisted_not_ground_truth,0,0,0,0,0,0,0,0,0,0,0
9.82,188.00000000002558,180.99999999996803,116.99999999998082,0,290.99999999998721,319.99999999999358,199.99999999998721,287.99999999998079,13.419999999999936,2101.7300000001469,SSLW,model_assisted_not_ground_truth,0,0,0,0,0,0,0,0,0,0,0
9.83,191.99999999994901,175.99999999996359,113.99999999994901,0,288.99999999998545,319.00000000001455,198.00000000005826,284.99999999997084,13.41,2124.7300000000655,SSLW,model_assisted_not_ground_truth,0,0,0,0,0,0,0,0,0,0,0
9.84,184.99999999995097,170.99999999992644,106.99999999986109,0,287,320.99999999999181,206.00000000001634,280.99999999994282,13.41,2133.7350000000733,SSLW,model_assisted_not_ground_truth,0,0,0,0,0,0,0,0,0,0,0
9.85,178.99999999987315,161.99999999987315,89.999999999918458,0,286.99999999997283,319.9999999999547,208.00000000002717,273.99999999989126,13.410000000000363,2142.7400000001176,SSLW,model_assisted_not_ground_truth,0,0,0,0,0,0,0,0,0,0,0
9.86,164.99999999995026,147.99999999988063,80.999999999910472,0,283.99999999991047,314.9999999999801,210.99999999993037,261.99999999972147,13.450000000000298,2155.7300000004993,SSLW,model_assisted_not_ground_truth,0,0,0,0,0,0,0,0,0,0,0
9.87,159.99999999991189,135.99999999984581,71.999999999944933,0,274.99999999992292,312.99999999992292,203.99999999996695,234.00000000001103,13.480000000001212,2205.9099999998898,SSLW,model_assisted_not_ground_truth,0,0,0,0,0,0,0,0,0,0,0
9.88,151.99999999989288,121.99999999978577,66.99999999992859,0,267.99999999998812,305.99999999995237,201,234.99999999979767,13.590000000001309,2195.8999999998214,SSLW,model_assisted_not_ground_truth,0,0,0,0,0,0,0,0,0,0,0
9.89,142.99999999998721,103.99999999992326,60.999999999923261,0,267.00000000001279,301.99999999993605,201.00000000002558,217.99999999988489,13.700000000001534,2180.8699999997434,SSLW,model_assisted_not_ground_truth,0,0,0,0,0,0,0,0,0,0,0
9.90,141.99999999990425,98.000000000027356,54.999999999986322,0,267.99999999989058,296.99999999984954,202.99999999993162,208.99999999993162,13.820000000001505,2160.8299999988076,SSLW,model_assisted_not_ground_truth,0,0,0,0,0,0,0,0,0,0,0
9.91,134.9999999999126,99.999999999956302,54,0,259.99999999988347,285.99999999994174,197.99999999997087,203.99999999989802,13.930000000000801,2073.6499999997013,SSLW,model_assisted_not_ground_truth,0,0,0,0,0,0,0,0,0,0,0
9.92,128.99999999981455,96.999999999860904,53.999999999984546,0,251.9999999998609,281.99999999996908,196.00000000001546,196.99999999990726,13.985000000000223,2053.1349999999161,SSLW,model_assisted_not_ground_truth,0,0,0,0,0,0,0,0,0,0,0
9.93,116.99999999998366,87.999999999836575,52.999999999983658,0,242.99999999991829,279.99999999993463,196.99999999998366,190.99999999980389,14.039999999999647,2032.6200000001311,SSLW,model_assisted_not_ground_truth,0,0,0,0,0,0,0,0,0,0,0
9.94,116.00000000000551,78.000000000055067,52.000000000005507,0,238.00000000002754,276.00000000002206,196.00000000000551,179.00000000006608,14.149999999999395,2038.6199999999669,SSLW,model_assisted_not_ground_truth,0,0,0,0,0,0,0,0,0,0,0
9.95,109.00000000003109,65.000000000057724,51.000000000004441,0,232.00000000002666,275.00000000000443,199.99999999998224,172.00000000003109,14.249999999999556,2022.6200000000708,SSLW,model_assisted_not_ground_truth,0,0,0,0,0,0,0,0,0,0,0
9.96,108.00000000000355,62.000000000010658,51,0,228.00000000001421,270.00000000001774,200,160.00000000004263,14.349999999999644,2010.5900000000427,SSLW,model_assisted_not_ground_truth,0,0,0,0,0,0,0,0,0,0,0
9.97,107.00000000000267,55.000000000018652,51,0,217.0000000000293,264.00000000001597,198.00000000000534,160.99999999999733,14.394999999999879,2002.0850000000225,SSLW,model_assisted_not_ground_truth,0,0,0,0,0,0,0,0,0,0,0
9.98,106.00000000000178,51.000000000007105,50.000000000001776,0,198.00000000003376,253.00000000001955,198.99999999999824,146.00000000002666,14.43999999999992,1993.5800000000149,SSLW,model_assisted_not_ground_truth,0,0,0,0,0,0,0,0,0,0,0
9.99,104.00000000000178,47.000000000003553,50.999999999999112,0,188.00000000000887,251.00000000000176,192.00000000000622,145.00000000000088,14.519999999999929,1984.5500000000079,SSLW,model_assisted_not_ground_truth,0,0,0,0,0,0,0,0,0,0,0
10.00,102,46,50,0,187,252,190,150,14.6,1977.52,SSLW,model_assisted_not_ground_truth,0,0,0,0,0,0,0,0,0,0,0
10.01,101.00000000000178,44.000000000000888,50.999999999998224,0,182.99999999999912,248,187,143.99999999999821,14.640000000000036,2018.5800000000036,SSLW,model_assisted_not_ground_truth,0,0,0,0,0,0,0,0,0,0,0
10.02,103.00000000000888,44.999999999991118,49.000000000003553,0,181.99999999998934,248.00000000001776,187.00000000001066,142.00000000000711,14.680000000000017,2022.5700000000052,SSLW,model_assisted_not_ground_truth,0,0,0,0,0,0,0,0,0,0,0
10.03,108.000000000008,40.000000000010658,50.999999999997335,0,175.99999999997334,257.99999999999466,192.99999999998136,146.00000000001333,14.690000000000053,2025.5600000000131,SSLW,model_assisted_not_ground_truth,0,0,0,0,0,0,0,0,0,0,0
10.04,111.00000000000746,43.999999999992539,50,0,166.00000000000747,256.00000000000745,186.00000000004476,151.00000000002612,14.71000000000002,2030.549999999901,SSLW,model_assisted_not_ground_truth,0,0,0,0,0,0,0,0,0,0,0
10.05,113.00000000006004,41.999999999990763,50.000000000004619,0,168.00000000003234,258.0000000000046,198,158.00000000002311,14.715000000000025,2004.0099999998774,SSLW,model_assisted_not_ground_truth,0,0,0,0,0,0,0,0,0,0,0
10.06,125.99999999995595,40,51.000000000005507,0,175.00000000002754,259.00000000001103,197.99999999998897,163.00000000003854,14.720000000000276,1977.4700000000496,SSLW,model_assisted_not_ground_truth,0,0,0,0,0,0,0,0,0,0,0
10.07,118.00000000005116,40,52,0,180.00000000000639,261,196.00000000001279,170.00000000006395,14.770000000000319,1986.4600000000894,SSLW,model_assisted_not_ground_truth,0,0,0,0,0,0,0,0,0,0,0
10.08,126.00000000006555,40.000000000029132,51.999999999985434,0,181.00000000004371,261.00000000003644,198.00000000004371,180.00000000007284,14.82000000000051,2000.4399999999855,SSLW,model_assisted_not_ground_truth,0,0,0,0,0,0,0,0,0,0,0
10.09,134.99999999995913,44.000000000049027,50.000000000016342,0,187.00000000002453,266.0000000000245,204.00000000001634,190.00000000007356,14.890000000000573,1998.4300000000815,SSLW,model_assisted_not_ground_truth,0,0,0,0,0,0,0,0,0,0,0
10.10,130.00000000008154,49.999999999981881,52,0,190,269.00000000002717,206.00000000007248,199.00000000005437,14.960000000000635,2008.379999999964,SSLW,model_assisted_not_ground_truth,0,0,0,0,0,0,0,0,0,0,0
10.11,139.00000000012932,48.000000000049738,52,0,190.00000000006963,272.00000000005969,214.00000000002984,205.00000000002984,15.030000000000596,2004.3900000000845,SSLW,model_assisted_not_ground_truth,0,0,0,0,0,0,0,0,0,0,0
10.12,152.00000000005508,53.00000000003304,52.000000000011013,0,197.00000000008811,278.00000000006611,217.00000000011013,208.00000000006608,15.090000000000661,2012.8750000000935,SSLW,model_assisted_not_ground_truth,0,0,0,0,0,0,0,0,0,0,0
10.13,157.00000000007142,56.000000000035705,52.999999999988098,0,205.00000000016664,284.0000000000714,227.00000000004761,214.00000000004761,15.150000000001191,2021.360000000047,SSLW,model_assisted_not_ground_truth,0,0,0,0,0,0,0,0,0,0,0
10.14,163.0000000001279,59.00000000001279,52.00000000001279,0,219.00000000006395,290.00000000006395,231.00000000011511,218.00000000005116,15.250000000001407,2025.320000000447,SSLW,model_assisted_not_ground_truth,0,0,0,0,0,0,0,0,0,0,0
10.15,173.00000000016414,60,53,0,224.00000000012309,294.9999999999863,240.00000000002737,222.00000000024622,15.360000000001914,2060.2700000000677,SSLW,model_assisted_not_ground_truth,0,0,0,0,0,0,0,0,0,0,0
10.16,185.00000000004371,60.000000000101963,53,0,233.00000000014566,293.99999999992718,242.00000000005826,240.00000000007284,15.500000000003933,2065.2299999998963,SSLW,model_assisted_not_ground_truth,0,0,0,0,0,0,0,0,0,0,0
10.17,188.00000000015456,67.000000000139096,53,0,243.0000000001391,289.00000000018548,246.00000000001546,245.00000000026273,15.770000000000927,2058.1200000000845,SSLW,model_assisted_not_ground_truth,0,0,0,0,0,0,0,0,0,0,0
10.18,198.00000000004903,76.000000000163425,53,0,252.00000000008171,301.00000000006537,247.00000000016342,262.00000000022879,15.830000000000298,2063.590000000027,SSLW,model_assisted_not_ground_truth,0,0,0,0,0,0,0,0,0,0,0
10.19,200.99999999998349,85.999999999944933,53,0,256.99999999997249,304.99999999997794,256.99999999994492,275.99999999992292,15.88999999999967,2069.0599999999699,SSLW,model_assisted_not_ground_truth,0,0,0,0,0,0,0,0,0,0,0
10.20,210.99999999995561,90.999999999977803,54.999999999991118,0,273.99999999992451,311.99999999996891,257.99999999999557,281.99999999997334,16.029999999999379,2072.9899999999825,SSLW,model_assisted_not_ground_truth,0,0,0,0,0,0,0,0,0,0,0
10.21,219.99999999996803,100.99999999996447,57.999999999989342,0,286.99999999995384,311.00000000000352,263.99999999997868,298.99999999993963,16.169999999999504,2073.9299999999967,SSLW,model_assisted_not_ground_truth,0,0,0,0,0,0,0,0,0,0,0
10.22,227.99999999997868,103.99999999999201,58,0,301.99999999996004,317.99999999998136,265.99999999999466,304.99999999998403,16.319999999999602,2079.869999999984,SSLW,model_assisted_not_ground_truth,0,0,0,0,0,0,0,0,0,0,0
10.23,234.99999999998755,109.99999999998934,59.999999999996447,0,303.99999999999648,317.00000000000176,273.99999999998579,314.99999999998226,16.469999999999732,2075.7400000000071,SSLW,model_assisted_not_ground_truth,0,0,0,0,0,0,0,0,0,0,0
10.24,238.99999999999645,109.00000000000088,60,0,305.99999999999824,318.99999999999824,276.99999999999733,317.99999999999733,16.61999999999987,2037.640000000034,SSLW,model_assisted_not_ground_truth,0,0,0,0,0,0,0,0,0,0,0
10.25,244,106,60,0,310,312,278,320,16.710000000000001,2020.0999999999999,SSLW,model_assisted_not_ground_truth,0,0,0,0,0,0,0,0,0,0,0
10.26,240.99999999999466,98.000000000002672,60.999999999999112,0,311.99999999999909,312.00000000000091,274.99999999999909,318.99999999999733,16.800000000000161,2002.5599999999777,SSLW,model_assisted_not_ground_truth,0,0,0,0,0,0,0,0,0,0,0
10.27,234.99999999998224,100.99999999996625,59.999999999991118,0,310.99999999999466,312.99999999998221,273.99999999998579,315.99999999998221,16.980000000000107,1977.4899999999661,SSLW,model_assisted_not_ground_truth,0,0,0,0,0,0,0,0,0,0,0
10.28,224.99999999993605,81.999999999973355,54.999999999989342,0,307.99999999998931,302.999999999968,265.999999999968,305.99999999997334,17.040000000000081,1958.4799999999893,SSLW,model_assisted_not_ground_truth,0,0,0,0,0,0,0,0,0,0,0
10.29,200.99999999995524,71.999999999958959,50.999999999992539,0,303.99999999995521,290.99999999994776,253.99999999995896,295.99999999992912,17.070000000000039,1954.439999999933,SSLW,model_assisted_not_ground_truth,0,0,0,0,0,0,0,0,0,0,0
10.30,188.99999999994918,60.999999999930722,48.999999999995381,0,291.99999999996766,276.99999999993997,242.99999999993071,276.99999999998613,17.079999999999998,1936.4399999999307,SSLW,model_assisted_not_ground_truth,0,0,0,0,0,0,0,0,0,0,0
10.31,177.99999999983478,45.999999999955946,47.999999999988987,0,284.99999999992843,263.99999999993389,227.99999999992289,273.99999999985681,17.079999999999998,1921.4349999999174,SSLW,model_assisted_not_ground_truth,0,0,0,0,0,0,0,0,0,0,0
10.32,147.99999999986571,37.99999999997442,45.99999999998721,0,271.99999999980173,251.9999999998785,213.99999999995524,247.99999999984652,17.07999999999987,1906.4299999995396,SSLW,model_assisted_not_ground_truth,0,0,0,0,0,0,0,0,0,0,0
10.33,126.99999999983248,34.000000000014566,43.999999999985434,0,240.99999999979607,232.99999999981063,206.99999999981793,223.99999999985434,17.059999999999853,1834.4299999997379,SSLW,model_assisted_not_ground_truth,0,0,0,0,0,0,0,0,0,0,0
10.34,103.99999999977121,35.999999999991829,41.999999999983658,0,212.99999999967315,206.99999999983658,181.99999999984473,203.99999999987742,17.039999999999917,1798.4299999997468,SSLW,model_assisted_not_ground_truth,0,0,0,0,0,0,0,0,0,0,0
10.35,75.999999999963762,34.999999999963762,39.999999999972822,0,172.99999999983692,186.99999999987315,162.99999999971917,188.99999999982788,17.029999999999728,1767.419999999674,SSLW,model_assisted_not_ground_truth,0,0,0,0,0,0,0,0,0,0,0
10.36,71.999999999980105,30.999999999910472,37.000000000009948,0,154.99999999978115,172.99999999989058,131.9999999997911,169.99999999982094,16.999999999999702,1731.4199999996022,SSLW,model_assisted_not_ground_truth,0,0,0,0,0,0,0,0,0,0,0
10.37,70,21.999999999988987,38.000000000011013,0,132.99999999986784,161.99999999993392,110.99999999988987,151.99999999985681,16.969999999999779,1691.4099999997577,SSLW,model_assisted_not_ground_truth,0,0,0,0,0,0,0,0,0,0,0
10.38,69.999999999988091,21,39.000000000023803,0,120.99999999988098,155.99999999989288,100.99999999986908,138.99999999984527,16.949999999999761,1669.4099999997381,SSLW,model_assisted_not_ground_truth,0,0,0,0,0,0,0,0,0,0,0
10.39,69.00000000001279,20.999999999820943,40.99999999998721,0,110.99999999992326,146.99999999994884,89.999999999897682,125.99999999982094,16.929999999999104,1647.4099999989387,SSLW,model_assisted_not_ground_truth,0,0,0,0,0,0,0,0,0,0,0
10.40,70,6.9999999999589662,40,0,104.99999999990425,142.99999999984954,81.999999999931603,111.99999999991793,16.85999999999822,1564.4199999995776,SSLW,model_assisted_not_ground_truth,0,0,0,0,0,0,0,0,0,0,0
10.41,70,3.9999999999708677,40,0,97.999999999854339,131.99999999994174,76.999999999985434,105.99999999989804,16.729999999998689,1533.5299999994327,SSLW,model_assisted_not_ground_truth,0,0,0,0,0,0,0,0,0,0,0
10.42,69.99999999995363,2.0000000000154543,40.000000000015454,0,87.999999999876366,127.9999999998609,75.999999999690914,98.99999999973727,16.639999999999073,1494.5799999993667,SSLW,model_assisted_not_ground_truth,0,0,0,0,0,0,0,0,0,0,0
10.43,66.999999999787548,3.0000000000490274,40.999999999983658,0,79.999999999983658,118.99999999967315,56.000000000049027,81.999999999836575,16.580000000000382,1453.6000000002621,SSLW,model_assisted_not_ground_truth,0,0,0,0,0,0,0,0,0,0,0
10.44,54.000000000071587,5.9999999999834799,40.000000000005507,0,79.000000000005514,99.000000000110134,58.99999999998348,72.000000000055067,16.565000000000083,1449.6050000000218,SSLW,model_assisted_not_ground_truth,0,0,0,0,0,0,0,0,0,0,0
10.45,52.000000000008882,6.9999999999955591,40.999999999995559,0,76.00000000001333,95.000000000017764,45.000000000062172,60.000000000053291,16.550000000000068,1445.6100000000176,SSLW,model_assisted_not_ground_truth,0,0,0,0,0,0,0,0,0,0,0
10.46,52.999999999996447,7.9999999999964473,41.999999999996447,0,76,94.000000000003553,43.000000000007105,48.000000000042633,16.550000000000001,1428.5900000000604,SSLW,model_assisted_not_ground_truth,0,0,0,0,0,0,0,0,0,0,0
10.47,47.000000000015987,14.999999999981348,42.999999999997335,0,75.000000000002672,94,42.000000000002665,42.000000000015987,16.540000000000028,1427.5900000000026,SSLW,model_assisted_not_ground_truth,0,0,0,0,0,0,0,0,0,0,0
10.48,47,15,41.000000000003553,0,68.000000000012434,105.99999999997868,42,42.999999999998224,16.559999999999963,1452.5899999999556,SSLW,model_assisted_not_ground_truth,0,0,0,0,0,0,0,0,0,0,0
10.49,47,15.999999999999112,41.999999999999112,0,65.000000000002672,106.99999999999912,41.000000000000888,43,16.550000000000011,1431.5900000000186,SSLW,model_assisted_not_ground_truth,0,0,0,0,0,0,0,0,0,0,0
10.50,47,15,43,0,66,109,40,43,16.550000000000001,1434.5999999999999,SSLW,model_assisted_not_ground_truth,0,0,0,0,0,0,0,0,0,0,0
10.51,44.000000000002665,15,44,0,64,108.9999999999991,41,42,16.539999999999988,1434.5999999999972,SSLW,model_assisted_not_ground_truth,0,0,0,0,0,0,0,0,0,0,0
10.52,47,15,44,0,64,108.00000000000355,41,42,16.52999999999998,1431.6049999999946,SSLW,model_assisted_not_ground_truth,0,0,0,0,0,0,0,0,0,0,0
10.53,47,15,44,0,64.000000000023988,110.00000000000533,41,41.999999999989342,16.52,1428.610000000032,SSLW,model_assisted_not_ground_truth,0,0,0,0,0,0,0,0,0,0,0
10.54,47,15,44,0,72.999999999988802,112.00000000001492,41,37.99999999999627,16.52,1440.6200000000038,SSLW,model_assisted_not_ground_truth,0,0,0,0,0,0,0,0,0,0,0
10.55,47,15,44,0,69.999999999990763,116.00000000000462,40.999999999995381,37.000000000018474,16.519999999999953,1441.6299999999956,SSLW,model_assisted_not_ground_truth,0,0,0,0,0,0,0,0,0,0,0
10.56,47,15.00000000004956,43.999999999994493,0,68,117.00000000001101,39.999999999994493,40.999999999994493,16.510000000000002,1440.6300000000331,SSLW,model_assisted_not_ground_truth,0,0,0,0,0,0,0,0,0,0,0
10.57,47,24.00000000001279,43.000000000006395,0,68.000000000006395,119.00000000000639,39,39.999999999993605,16.50999999999997,1446.6299999999874,SSLW,model_assisted_not_ground_truth,0,0,0,0,0,0,0,0,0,0,0
10.58,46.999999999992717,26.000000000029132,43.999999999963585,0,69.000000000014566,120,39,39.000000000014566,16.504999999999963,1444.6299999999856,SSLW,model_assisted_not_ground_truth,0,0,0,0,0,0,0,0,0,0,0
10.59,45.999999999991829,30.000000000016342,39.000000000032685,0,71,120.00000000000817,39,40.999999999991829,16.5,1442.6300000000492,SSLW,model_assisted_not_ground_truth,0,0,0,0,0,0,0,0,0,0,0
10.60,45.000000000009059,32.000000000018119,43,0,70.999999999981881,121.00000000006342,39,40.000000000018119,16.499999999999908,1448.6399999997009,SSLW,model_assisted_not_ground_truth,0,0,0,0,0,0,0,0,0,0,0
10.61,45.999999999980105,34.000000000049738,42.999999999990052,0,69.000000000029843,128.0000000000199,39.000000000009948,42.000000000009948,16.490000000000098,1415.6100000001691,SSLW,model_assisted_not_ground_truth,0,0,0,0,0,0,0,0,0,0,0
10.62,43.999999999988987,39.000000000022027,42.00000000003304,0,72.000000000044054,130.00000000003305,40,43.000000000011013,16.50000000000011,1432.620000000077,SSLW,model_assisted_not_ground_truth,0,0,0,0,0,0,0,0,0,0,0
10.63,43.000000000011902,40.999999999988098,44.999999999988098,0,76,133.00000000004761,40.000000000011902,44.000000000023803,16.510000000000002,1439.6200000000356,SSLW,model_assisted_not_ground_truth,0,0,0,0,0,0,0,0,0,0,0
10.64,44.00000000001279,39.99999999997442,44.00000000002558,1.2789769243693436e-11,76,137.00000000005116,41,46.000000000127898,16.510000000000066,1442.6199999999999,SSLW,model_assisted_not_ground_truth,0,0,0,0,0,0,0,0,0,0,0
10.65,44.999999999958966,37.999999999972644,46.000000000013678,1.0000000133496769,76,140.99999999994529,41,56.000000000164135,16.515000000000068,1442.6199999999999,SSLW,model_assisted_not_ground_truth,0,0,0,0,0,0,0,0,0,0,0
10.66,41.999999999985434,36.000000000072831,47,977,76.000000000058265,137.00000000002913,41,68.000000000043698,16.519999999999854,1442.6200000000001,SSLW,model_assisted_not_ground_truth,0,0,0,0,0,0,0,0,0,0,0
10.67,41.000000000015454,41.000000000030909,46.999999999984546,977,80.00000000004637,138.99999999998454,41,71.000000000139096,16.510000000000002,1442.630000000031,SSLW,model_assisted_not_ground_truth,0,0,0,0,0,0,0,0,0,0,0
10.68,42,43.000000000049027,45.999999999983658,977,83.000000000163425,137.99999999993463,41,80.000000000081712,16.510000000000002,1444.6299999999874,SSLW,model_assisted_not_ground_truth,0,0,0,0,0,0,0,0,0,0,0
10.69,42,45.99999999998348,45.000000000005507,977,92.999999999944933,134.00000000002203,41,84.999999999972459,16.519999999999946,1446.6299999999892,SSLW,model_assisted_not_ground_truth,0,0,0,0,0,0,0,0,0,0,0
10.70,42,46.999999999995559,45.999999999995559,977,102.99999999995559,133.00000000000443,39.000000000008882,91.999999999968907,16.52,1447.6299999999956,SSLW,model_assisted_not_ground_truth,0,0,0,0,0,0,0,0,0,0,0
10.71,41.000000000003553,45.000000000007105,43.000000000010658,977,115.99999999995381,131.00000000000711,39,92.999999999996447,16.510000000000037,1447.6400000000001,SSLW,model_assisted_not_ground_truth,0,0,0,0,0,0,0,0,0,0,0
10.72,41,44.000000000002665,44.999999999994671,977,120.99999999998667,128.00000000000799,39,95.999999999992013,16.500000000000028,1439.1400000000228,SSLW,model_assisted_not_ground_truth,0,0,0,0,0,0,0,0,0,0,0
10.73,41,44,46.999999999996447,977,119.00000000000355,128,39,107.99999999997868,16.490000000000016,1430.6400000000151,SSLW,model_assisted_not_ground_truth,0,0,0,0,0,0,0,0,0,0,0
10.74,41.999999999999112,45.999999999998224,47,977,119.99999999999912,129.99999999999824,38.000000000000888,111.99999999999645,16.470000000000017,1417.6400000000117,SSLW,model_assisted_not_ground_truth,0,0,0,0,0,0,0,0,0,0,0
10.75,42,46,47,977,126,134,38,126,16.489999999999998,1432.6400000000001,SSLW,model_assisted_not_ground_truth,0,0,0,0,0,0,0,0,0,0,0
10.76,41.999999999999112,48.000000000000888,47.999999999999112,977,138.00000000001421,136.00000000000179,41,132.00000000001333,16.48,1432.6400000000037,SSLW,model_assisted_not_ground_truth,0,0,0,0,0,0,0,0,0,0,0
10.77,41,49.000000000001776,47,977,154.00000000001245,138.00000000000711,41,147.00000000007995,16.48,1436.6400000000019,SSLW,model_assisted_not_ground_truth,0,0,0,0,0,0,0,0,0,0,0
10.78,41.000000000005329,50.000000000013323,47.000000000002665,976.9999999973968,161.00000000003465,142.00000000003996,41,192.00000000006929,16.480000000000029,1437.6400000000174,SSLW,model_assisted_not_ground_truth,0,0,0,0,0,0,0,0,0,0,0
10.79,43.000000000037303,55.000000000070877,48,0,174.00000000006341,157.00000000007833,41.000000000011191,218.00000000007461,16.490000000000038,1444.1400000000244,SSLW,model_assisted_not_ground_truth,0,0,0,0,0,0,0,0,0,0,0
10.80,53.000000000050804,74.000000000106226,48.000000000009237,0,191.000000000097,178.00000000007853,44.000000000018474,238.00000000016166,16.499999999999861,1450.639999999991,SSLW,model_assisted_not_ground_truth,0,0,0,0,0,0,0,0,0,0,0
10.81,64.000000000137675,97.000000000082608,49.999999999994493,0,212.00000000009362,195.00000000014867,48.000000000099121,273.00000000001654,16.469999999998787,1448.6600000000608,SSLW,model_assisted_not_ground_truth,0,0,0,0,0,0,0,0,0,0,0
10.82,89.000000000102318,112.00000000014708,49.00000000001279,0,229.00000000010871,222.00000000019185,66.000000000179057,276.00000000015348,16.249999999998273,1459.6999999995976,SSLW,model_assisted_not_ground_truth,0,0,0,0,0,0,0,0,0,0,0
10.83,105.00000000016023,135.00000000010925,51.000000000007283,0,246.00000000011653,252.00000000021851,94.000000000174794,300.00000000008743,15.979999999991406,1396.7600000006726,SSLW,model_assisted_not_ground_truth,0,0,0,0,0,0,0,0,0,0,0
10.84,127.00000000021245,150.00000000010624,52.000000000049027,0,262.00000000012255,282.00000000008174,118.00000000012257,312.00000000004087,14.799999999992565,1489.1200000015554,SSLW,model_assisted_not_ground_truth,0,0,0,0,0,0,0,0,0,0,0
10.85,153.00000000017212,163.00000000007248,58.000000000235545,0,277.00000000006344,292.00000000017212,133.0000000002718,317.00000000022646,13.889999999995561,1679.470000001714,SSLW,model_assisted_not_ground_truth,0,0,0,0,0,0,0,0,0,0,0
10.86,172.00000000003979,171.00000000008953,84.000000000159162,0,284.00000000011937,311.00000000002984,163.0000000002089,342.00000000008953,13.399999999999055,1868.6600000005228,SSLW,model_assisted_not_ground_truth,0,0,0,0,0,0,0,0,0,0,0
10.87,176.00000000007711,180.00000000003305,100.00000000006608,0,296.00000000005508,314.00000000005508,184.00000000003305,351,13.304999999998955,1921.2050000005788,SSLW,model_assisted_not_ground_truth,0,0,0,0,0,0,0,0,0,0,0
10.88,183.00000000002382,183.0000000000357,106.00000000005952,0,301.0000000000714,319.00000000002382,187.00000000002382,350.99999999994048,13.209999999999763,1973.7500000008692,SSLW,model_assisted_not_ground_truth,0,0,0,0,0,0,0,0,0,0,0
10.89,185.00000000002558,186,110.99999999997442,0,307.00000000002558,321.00000000003837,189.00000000001279,345.99999999980815,13.190000000000511,2046.7900000004606,SSLW,model_assisted_not_ground_truth,0,0,0,0,0,0,0,0,0,0,0
10.90,187.00000000005471,185.99999999993162,109.00000000001369,0,308.99999999989058,323.99999999995896,190.00000000006838,330.99999999978115,13.230000000000821,2082.8000000003831,SSLW,model_assisted_not_ground_truth,0,0,0,0,0,0,0,0,0,0,0
10.91,190.99999999997087,180.99999999998542,109.9999999999563,0,300.99999999994174,321,194.99999999994174,314.99999999994174,13.290000000000509,2110.79000000008,SSLW,model_assisted_not_ground_truth,0,0,0,0,0,0,0,0,0,0,0
10.92,188.99999999992272,179.99999999998454,106.99999999995363,0,296.99999999992275,320.99999999998454,191.00000000004636,310.99999999984544,13.325000000000141,2116.2900000000222,SSLW,model_assisted_not_ground_truth,0,0,0,0,0,0,0,0,0,0,0
10.93,184.00000000001634,178.9999999998856,103.99999999995097,0,291.99999999983658,319.999999999951,193.99999999996732,300.99999999990195,13.359999999999776,2121.7899999999649,SSLW,model_assisted_not_ground_truth,0,0,0,0,0,0,0,0,0,0,0
10.94,184.99999999999449,172.00000000003854,101.00000000001651,0,282.00000000005508,317.00000000001654,192.00000000001103,295.00000000003303,13.389999999999835,2143.7799999998792,SSLW,model_assisted_not_ground_truth,0,0,0,0,0,0,0,0,0,0,0
10.95,177.00000000003553,162.00000000004439,91.000000000044409,0,282,316.00000000000443,195.99999999998224,288.00000000003109,13.390000000000001,2162.8199999999156,SSLW,model_assisted_not_ground_truth,0,0,0,0,0,0,0,0,0,0,0
10.96,169.00000000002842,157.00000000001776,80.00000000003908,0,282,313.00000000001069,195.00000000000355,282.00000000002132,13.419999999999893,2189.8199999999042,SSLW,model_assisted_not_ground_truth,0,0,0,0,0,0,0,0,0,0,0
10.97,160.00000000002399,149.00000000002132,70.000000000026645,0,279.00000000000801,310.00000000000801,193.00000000000534,265.0000000000453,13.459999999999894,2202.8399999999656,SSLW,model_assisted_not_ground_truth,0,0,0,0,0,0,0,0,0,0,0
10.98,149.00000000001955,137.00000000002132,66.000000000007105,0,271.00000000001421,306.00000000000711,186.00000000001245,256.00000000001597,13.549999999999841,2229.8599999999519,SSLW,model_assisted_not_ground_truth,0,0,0,0,0,0,0,0,0,0,0
10.99,143.00000000000534,112.0000000000222,56.000000000008882,0,266.00000000000443,301.00000000000443,173.00000000001154,238.00000000001597,13.599999999999955,2231.8499999999985,SSLW,model_assisted_not_ground_truth,0,0,0,0,0,0,0,0,0,0,0
11.00,140,104,54,0,262,291,172,222,13.65,2233.8400000000001,SSLW,model_assisted_not_ground_truth,0,0,0,0,0,0,0,0,0,0,0
11.01,130.99999999999733,96.999999999996447,54.000000000000888,0,255.99999999999733,284.00000000000091,171.99999999999466,210.99999999999201,13.830000000000107,2208.7999999999852,SSLW,model_assisted_not_ground_truth,0,0,0,0,0,0,0,0,0,0,0
11.02,127.99999999998934,92.999999999994671,55,0,252.99999999998579,284.99999999999466,165.99999999999466,201.99999999998224,13.950000000000248,2191.7699999999695,SSLW,model_assisted_not_ground_truth,0,0,0,0,0,0,0,0,0,0,0
11.03,121.99999999998401,89.999999999994671,54.999999999997335,0,244.99999999996535,282,163.00000000000799,192.00000000000534,14.09000000000032,2174.7399999998179,SSLW,model_assisted_not_ground_truth,0,0,0,0,0,0,0,0,0,0,0
11.04,115.9999999999888,87.999999999977618,53.99999999999627,0,231.99999999999253,282.00000000000745,166,193.99999999993659,14.210000000000448,2106.5299999999406,SSLW,model_assisted_not_ground_truth,0,0,0,0,0,0,0,0,0,0,0
11.05,112.99999999998614,81.999999999944578,52.999999999995381,0,229.99999999995381,283.99999999994458,166.00000000000463,176.99999999997229,14.330000000000139,2090.4999999999677,SSLW,model_assisted_not_ground_truth,0,0,0,0,0,0,0,0,0,0,0
11.06,109.99999999998347,69.999999999944933,51.999999999994493,0,219.99999999996146,271.9999999999394,167.00000000001103,170.99999999997246,14.360000000000166,2083.4849999999615,SSLW,model_assisted_not_ground_truth,0,0,0,0,0,0,0,0,0,0,0
11.07,106.99999999996163,59.999999999923261,51,0,212.99999999993605,260.99999999996163,168.99999999998721,165.99999999996163,14.390000000000704,2076.4699999999548,SSLW,model_assisted_not_ground_truth,0,0,0,0,0,0,0,0,0,0,0
11.08,100.99999999994901,47.999999999970868,51,0,202.99999999988347,254.99999999994901,167.00000000002913,159.99999999995629,14.500000000000583,2069.4499999999343,SSLW,model_assisted_not_ground_truth,0,0,0,0,0,0,0,0,0,0,0
11.09,93.999999999967315,44.000000000008171,51.000000000008171,0,186.99999999993463,247.99999999993463,170.99999999996732,153.99999999989376,14.580000000000327,2060.4300000002545,SSLW,model_assisted_not_ground_truth,0,0,0,0,0,0,0,0,0,0,0
11.10,89.999999999972815,44.999999999981881,51.999999999963762,0,178.9999999999547,239.99999999989129,167.00000000002717,140.99999999999093,14.620000000000543,2091.5799999999635,SSLW,model_assisted_not_ground_truth,0,0,0,0,0,0,0,0,0,0,0
11.11,86.999999999990052,43.000000000009948,48.000000000019895,0,173.99999999997016,228,170.00000000000995,139.99999999999005,14.680000000000398,2087.5599999999499,SSLW,model_assisted_not_ground_truth,0,0,0,0,0,0,0,0,0,0,0
11.12,86.000000000022027,43.99999999996696,50.000000000011013,0,170.99999999998897,228.00000000001103,170.99999999995595,139.00000000003305,14.720000000000221,2082.5399999999945,SSLW,model_assisted_not_ground_truth,0,0,0,0,0,0,0,0,0,0,0
11.13,88.000000000059515,40.999999999964295,51,0,169.99999999994048,229.0000000000357,166.9999999999643,142,14.740000000000238,2082.0349999999939,SSLW,model_assisted_not_ground_truth,0,0,0,0,0,0,0,0,0,0,0
11.14,93.000000000038369,38.000000000038369,50.99999999998721,0,164.99999999996163,232.00000000006395,164.00000000005116,142,14.760000000000639,2081.5299999999233,SSLW,model_assisted_not_ground_truth,0,0,0,0,0,0,0,0,0,0,0
11.15,96,40.999999999945288,50.000000000013678,0,161.99999999997263,237.00000000004104,168,141.99999999993162,14.810000000000548,2075.5099999999452,SSLW,model_assisted_not_ground_truth,0,0,0,0,0,0,0,0,0,0,0
11.16,96.000000000029132,36.999999999985434,51,0,159.99999999997087,240,168.00000000014566,137,14.850000000000291,2071.5000000000582,SSLW,model_assisted_not_ground_truth,0,0,0,0,0,0,0,0,0,0,0
11.17,98.00000000004637,36.000000000015454,51,0,158.00000000003092,240.00000000010817,178.00000000007728,137.00000000032455,14.869999999999536,2075.4999999988549,SSLW,model_assisted_not_ground_truth,0,0,0,0,0,0,0,0,0,0,0
11.18,100.99999999998366,37.000000000049027,50.999999999967315,0,160.00000000003268,247.00000000006537,183,158.00000000031051,14.840000000000192,2001.4000000004739,SSLW,model_assisted_not_ground_truth,0,0,0,0,0,0,0,0,0,0,0
11.19,100.00000000000551,39.99999999998348,49.000000000011013,0,161.99999999998897,250.99999999997797,183,176.99999999989538,14.849999999999945,2011.9049999999422,SSLW,model_assisted_not_ground_truth,0,0,0,0,0,0,0,0,0,0,0
11.20,108.99999999996004,38.000000000008882,49.999999999995559,0,175.99999999993781,251.99999999999557,188.99999999997334,195.99999999991562,14.859999999999955,2022.4099999999535,SSLW,model_assisted_not_ground_truth,0,0,0,0,0,0,0,0,0,0,0
11.21,110.99999999999289,37.000000000003553,50.999999999996447,0,167.00000000003197,255.99999999998579,189,204.99999999996803,14.859999999999999,2040.4099999999362,SSLW,model_assisted_not_ground_truth,0,0,0,0,0,0,0,0,0,0,0
11.22,111.99999999999733,40.999999999989342,50.000000000002665,0,174.99999999997868,258.99999999999199,191.99999999999201,211.99999999998136,14.859999999999999,2091.479999999864,SSLW,model_assisted_not_ground_truth,0,0,0,0,0,0,0,0,0,0,0
11.23,119.99999999998579,42.999999999996447,50,0,179.99999999999113,262.99999999999289,194.99999999999466,226.99999999997334,14.850000000000017,2098.4899999999875,SSLW,model_assisted_not_ground_truth,0,0,0,0,0,0,0,0,0,0,0
11.24,120.99999999999912,45.999999999997335,50,0,183.99999999999645,264.99999999999824,201.99999999999378,234.99999999999289,14.85,2106.4999999999927,SSLW,model_assisted_not_ground_truth,0,0,0,0,0,0,0,0,0,0,0
11.25,124,46,50,0,187,268,206,248,14.84,2104.5,SSLW,model_assisted_not_ground_truth,0,0,0,0,0,0,0,0,0,0,0
11.26,131,47.000000000001776,50.000000000000888,0,190.99999999999912,272.00000000000091,210.00000000000267,258.00000000001245,14.834999999999996,2087.4749999999849,SSLW,model_assisted_not_ground_truth,0,0,0,0,0,0,0,0,0,0,0
11.27,131.00000000004619,49.000000000005329,51,0,190.00000000001245,273.00000000000711,213.00000000001245,272.00000000000176,14.83,2070.4500000000139,SSLW,model_assisted_not_ground_truth,0,0,0,0,0,0,0,0,0,0,0
11.28,157.00000000000534,52,51.000000000002665,0,197.0000000000453,277.00000000001597,220.00000000001864,273.00000000001597,14.830000000000107,2078.4499999999916,SSLW,model_assisted_not_ground_truth,0,0,0,0,0,0,0,0,0,0,0
11.29,159.00000000004849,52.000000000029843,51.99999999999627,0,214.00000000001864,283.00000000000745,227.00000000001492,279.00000000004479,14.870000000000111,2075.4099999999812,SSLW,model_assisted_not_ground_truth,0,0,0,0,0,0,0,0,0,0,0
11.30,172.00000000004619,60.000000000004619,51.000000000004619,0,219.00000000005082,284.99999999998613,231.00000000002771,291.00000000002774,14.900000000000462,2070.4300000001103,SSLW,model_assisted_not_ground_truth,0,0,0,0,0,0,0,0,0,0,0
11.31,182.00000000000551,61.000000000011013,51.999999999988987,0,230.00000000002203,282.00000000001654,236.99999999998897,297.00000000001103,15.000000000000441,2094.3799999999947,SSLW,model_assisted_not_ground_truth,0,0,0,0,0,0,0,0,0,0,0
11.32,183.00000000001279,63,50.000000000006395,0,234.00000000006395,285.00000000001921,235.00000000004476,299.00000000003837,15.080000000000448,2093.380000000051,SSLW,model_assisted_not_ground_truth,0,0,0,0,0,0,0,0,0,0,0
11.33,184.99999999998542,63.000000000014566,50.999999999992717,0,243.99999999998542,288.00000000002916,241.99999999997087,305.00000000000728,15.15000000000051,2101.345000000058,SSLW,model_assisted_not_ground_truth,0,0,0,0,0,0,0,0,0,0,0
11.34,183.00000000001634,64.999999999967315,49.999999999991829,0,242.00000000003268,291.99999999995094,238.00000000002453,305.99999999999181,15.220000000001063,2109.3100000000486,SSLW,model_assisted_not_ground_truth,0,0,0,0,0,0,0,0,0,0,0
11.35,185.00000000003624,60.999999999972822,49.000000000009059,0,246.0000000000453,285.99999999998187,240.99999999996376,304.99999999999096,15.350000000001993,2115.249999999844,SSLW,model_assisted_not_ground_truth,0,0,0,0,0,0,0,0,0,0,0
11.36,188.9999999999801,57.999999999900524,50.000000000009948,0,251.00000000002984,283.99999999999005,237,304,15.570000000002487,2098.0199999997108,SSLW,model_assisted_not_ground_truth,0,0,0,0,0,0,0,0,0,0,0
11.37,186.99999999996695,47.99999999993392,51,0,254,282.99999999993389,237.00000000002203,303.99999999998897,15.820000000001652,2068.950000000043,SSLW,model_assisted_not_ground_truth,0,0,0,0,0,0,0,0,0,0,0
11.38,183.99999999995239,41.999999999964295,51,0,253.9999999999643,276.99999999995237,238.99999999998809,302.9999999999286,15.970000000001905,2072.8899999995469,SSLW,model_assisted_not_ground_truth,0,0,0,0,0,0,0,0,0,0,0
11.39,179.99999999994884,39.00000000002558,51,0,251.00000000001279,272.99999999996163,237.99999999993605,296.99999999994884,16.130000000000638,2034.8299999998653,SSLW,model_assisted_not_ground_truth,0,0,0,0,0,0,0,0,0,0,0
11.40,175.99999999987691,40.99999999993161,50.999999999972644,0,252.00000000001367,270.0000000000137,232.99999999993162,292.99999999993162,16.180000000000682,2024.309999999856,SSLW,model_assisted_not_ground_truth,0,0,0,0,0,0,0,0,0,0,0
11.41,166.99999999992716,36.000000000058265,48.999999999956302,0,252.99999999997087,270.99999999992718,227.9999999999126,288,16.230000000003788,2013.7899999996921,SSLW,model_assisted_not_ground_truth,0,0,0,0,0,0,0,0,0,0,0
11.42,161.99999999990726,39.999999999830003,45.999999999984546,0,251.00000000001546,265.99999999990729,221.99999999989183,287.9999999998609,16.49000000000278,1992.6499999996581,SSLW,model_assisted_not_ground_truth,0,0,0,0,0,0,0,0,0,0,0
11.43,155.99999999980389,29.000000000016342,45.000000000016342,0,251.99999999996732,259.99999999985295,214.99999999990195,278.99999999977121,16.669999999998851,1970.5200000001414,SSLW,model_assisted_not_ground_truth,0,0,0,0,0,0,0,0,0,0,0
11.44,144.00000000006608,29.999999999994493,45.999999999994493,0,250.00000000001103,251.00000000004957,209.00000000003303,265.00000000007708,16.919999999998623,1907.510000000347,SSLW,model_assisted_not_ground_truth,0,0,0,0,0,0,0,0,0,0,0
11.45,133.00000000004886,29.000000000004441,41.000000000022204,0,246.00000000001776,241.00000000004439,205.00000000001776,258.00000000003109,16.999999999999645,1877.4600000001335,SSLW,model_assisted_not_ground_truth,0,0,0,0,0,0,0,0,0,0,0
11.46,126.00000000002487,30.999999999992895,37.000000000014211,0,239.00000000002487,232.00000000003197,204.00000000000355,246.00000000004263,17.009999999999962,1870.9500000000232,SSLW,model_assisted_not_ground_truth,0,0,0,0,0,0,0,0,0,0,0
11.47,116.00000000002665,30.000000000002665,36.000000000002665,0,235.00000000001066,224.00000000002132,196.00000000002132,229.0000000000453,17.019999999999975,1864.4400000000173,SSLW,model_assisted_not_ground_truth,0,0,0,0,0,0,0,0,0,0,0
11.48,97.000000000033751,30,36,0,218.00000000003018,198.00000000004619,194.00000000000355,219.00000000001776,17.029999999999983,1829.4300000000624,SSLW,model_assisted_not_ground_truth,0,0,0,0,0,0,0,0,0,0,0
11.49,81.000000000014211,32.999999999997335,34.000000000001776,0,190.00000000002487,187.00000000000978,174.00000000001776,205.00000000001245,17.02000000000001,1792.430000000033,SSLW,model_assisted_not_ground_truth,0,0,0,0,0,0,0,0,0,0,0
11.50,76,29,35,0,163,178,155,188,17,1770.4300000000001,SSLW,model_assisted_not_ground_truth,0,0,0,0,0,0,0,0,0,0,0
11.51,72.999999999998224,28.999999999997335,34,0,151.99999999998045,166.99999999998846,122.99999999998667,170.99999999998136,16.999999999999972,1736.4199999999655,SSLW,model_assisted_not_ground_truth,0,0,0,0,0,0,0,0,0,0,0
11.52,70.999999999975131,25.999999999989342,34.000000000003553,0,129.99999999997334,153.99999999998934,107.99999999999467,149.99999999998934,16.969999999999928,1697.4199999999414,SSLW,model_assisted_not_ground_truth,0,0,0,0,0,0,0,0,0,0,0
11.53,57,20.000000000005329,36.000000000002665,0,114.99999999997868,147.99999999999466,104.99999999996535,144,16.929999999999946,1664.4199999999455,SSLW,model_assisted_not_ground_truth,0,0,0,0,0,0,0,0,0,0,0
11.54,57.000000000007461,21.999999999917932,37.00000000000373,0,107,145.99999999999253,92,143.99999999999628,16.909999999999926,1643.9199999999237,SSLW,model_assisted_not_ground_truth,0,0,0,0,0,0,0,0,0,0,0
11.55,59.000000000009237,0,38.000000000004619,0,106.99999999998614,144.00000000003234,91.99999999996767,142.99999999994458,16.889999999999723,1623.4199999998154,SSLW,model_assisted_not_ground_truth,0,0,0,0,0,0,0,0,0,0,0
11.56,61.000000000011013,0,38.999999999994493,0,103.99999999997797,151,84.999999999972459,130.99999999998349,16.829999999999391,1583.4499999998134,SSLW,model_assisted_not_ground_truth,0,0,0,0,0,0,0,0,0,0,0
11.57,63.00000000002558,0,38,0,99.99999999997442,150.99999999996163,79.999999999942446,127.99999999994884,16.719999999999487,1549.5499999998276,SSLW,model_assisted_not_ground_truth,0,0,0,0,0,0,0,0,0,0,0
11.58,66.999999999883471,0,37.999999999992717,0,95.999999999934445,144.99999999989802,70.999999999898037,119.99999999994901,16.639999999999819,1522.5899999998726,SSLW,model_assisted_not_ground_truth,0,0,0,0,0,0,0,0,0,0,0
11.59,50.999999999991829,0,37.000000000016342,0,86.99999999993463,130.99999999994279,56.999999999926459,112.99999999990195,16.614999999999796,1505.094999999857,SSLW,model_assisted_not_ground_truth,0,0,0,0,0,0,0,0,0,0,0
11.60,49.999999999954703,0,39,0,79.000000000009067,123.99999999989129,47.999999999954703,100.99999999970103,16.589999999999637,1487.5999999996011,SSLW,model_assisted_not_ground_truth,0,0,0,0,0,0,0,0,0,0,0
11.61,45,9.9475983006504499e-12,39.000000000019895,0,80,111.99999999985079,43,67.999999999910472,16.5500000000001,1443.5900000001791,SSLW,model_assisted_not_ground_truth,0,0,0,0,0,0,0,0,0,0,0
11.62,45,1,40.999999999988987,0,79.99999999996696,96.99999999996696,42.999999999988987,58.999999999801759,16.559999999999889,1461.6000000000881,SSLW,model_assisted_not_ground_truth,0,0,0,0,0,0,0,0,0,0,0
11.63,45,1,39.999999999988098,0,76.999999999857181,93.999999999976197,42,40.999999999988098,16.550000000000239,1469.6099999999524,SSLW,model_assisted_not_ground_truth,0,0,0,0,0,0,0,0,0,0,0
11.64,45,1,39,0,65.00000000002558,92.000000000166267,41.99999999997442,40.000000000038369,16.569999999999872,1465.6099999999872,SSLW,model_assisted_not_ground_truth,0,0,0,0,0,0,0,0,0,0,0
11.65,45,1.0000000000136779,39.000000000013678,0,67.000000000027356,105.00000000005471,40.000000000013678,42.999999999986322,16.559999999999999,1464.6100000000135,SSLW,model_assisted_not_ground_truth,0,0,0,0,0,0,0,0,0,0,0
11.66,44.999999999985434,2,39.999999999985434,0,69.000000000043698,109.0000000000437,41,42.000000000014566,16.559999999999782,1465.6099999999708,SSLW,model_assisted_not_ground_truth,0,0,0,0,0,0,0,0,0,0,0
11.67,44,2,39,0,71.999999999984539,112.00000000001546,41,43,16.544999999999938,1463.6149999999918,SSLW,model_assisted_not_ground_truth,0,0,0,0,0,0,0,0,0,0,0
11.68,44.000000000016342,1.9999999999836575,39.000000000016342,0,71.00000000006537,113.00000000004903,41,42.999999999983658,16.530000000000097,1461.6200000000126,SSLW,model_assisted_not_ground_truth,0,0,0,0,0,0,0,0,0,0,0
11.69,44.999999999994493,1.0000000000055067,39.999999999994493,0,74.999999999977973,115.99999999998349,41,42.000000000005507,16.530000000000001,1460.6200000000053,SSLW,model_assisted_not_ground_truth,0,0,0,0,0,0,0,0,0,0,0
11.70,45,1,40,0,75,120.9999999999778,40.000000000004441,42,16.470000000000265,1414.6200000002041,SSLW,model_assisted_not_ground_truth,0,0,0,0,0,0,0,0,0,0,0
11.71,45,1.9999999999964473,40.999999999996447,0,66.000000000031974,113.00000000002842,40,38.000000000014211,16.499999999999893,1439.619999999911,SSLW,model_assisted_not_ground_truth,0,0,0,0,0,0,0,0,0,0,0
11.72,45,3.9999999999946709,40.000000000002665,0,68.999999999992013,112.00000000000267,40.999999999997335,39.999999999994671,16.509999999999977,1447.6199999999785,SSLW,model_assisted_not_ground_truth,0,0,0,0,0,0,0,0,0,0,0
11.73,43.000000000003553,11.999999999985789,40.999999999998224,0,70.999999999996447,112,38.000000000005329,39.000000000001776,16.510000000000002,1447.6199999999999,SSLW,model_assisted_not_ground_truth,0,0,0,0,0,0,0,0,0,0,0
11.74,42.000000000000888,14.999999999997335,41.999999999999112,0,71.999999999999119,112.99999999999912,38.999999999999112,39.999999999999112,16.510000000000002,1447.6199999999999,SSLW,model_assisted_not_ground_truth,0,0,0,0,0,0,0,0,0,0,0
11.75,44,28,40,0,71,116,39,41,16.510000000000002,1448.6199999999999,SSLW,model_assisted_not_ground_truth,0,0,0,0,0,0,0,0,0,0,0
11.76,45,32,40,0,73,114.00000000000888,39,42.000000000000888,16.509999999999984,1448.6199999999981,SSLW,model_assisted_not_ground_truth,0,0,0,0,0,0,0,0,0,0,0
11.77,44.999999999998224,32.000000000007105,39.999999999998224,0,73,124.00000000000355,39,43.000000000001776,16.489999999999998,1446.6300000000072,SSLW,model_assisted_not_ground_truth,0,0,0,0,0,0,0,0,0,0,0
11.78,43.999999999997335,36.000000000005329,39.000000000002665,0,73.000000000002672,126.000000000008,39,44.000000000023981,16.489999999999917,1450.6299999999308,SSLW,model_assisted_not_ground_truth,0,0,0,0,0,0,0,0,0,0,0
11.79,43,38.00000000000373,40,0,74.000000000014921,129.00000000004476,39,53.000000000011191,16.46000000000004,1424.6300000000169,SSLW,model_assisted_not_ground_truth,0,0,0,0,0,0,0,0,0,0,0
11.80,43.000000000009237,38.999999999986144,40,0,78.000000000004619,141.00000000000924,39,56.000000000018474,16.470000000000049,1429.1300000000208,SSLW,model_assisted_not_ground_truth,0,0,0,0,0,0,0,0,0,0,0
11.81,44.99999999998348,36.000000000022027,40,0,79,143.00000000000551,39,59.999999999988987,16.480000000000057,1433.630000000011,SSLW,model_assisted_not_ground_truth,0,0,0,0,0,0,0,0,0,0,0
11.82,42,40.000000000006395,40.00000000001279,0,79.000000000006395,144.00000000000639,38.999999999993605,58.000000000159872,16.489999999999934,1435.6300000000128,SSLW,model_assisted_not_ground_truth,0,0,0,0,0,0,0,0,0,0,0
11.83,42,41.000000000036415,41.999999999963585,0,80,145.00000000000728,38.000000000007283,83.000000000036422,16.48,1437.6300000000001,SSLW,model_assisted_not_ground_truth,0,0,0,0,0,0,0,0,0,0,0
11.84,41.999999999991829,46,36.999999999991829,0,80.000000000008171,145.99999999995913,39,88.000000000032685,16.48,1437.6300000000247,SSLW,model_assisted_not_ground_truth,0,0,0,0,0,0,0,0,0,0,0
11.85,41,46.000000000009059,36,0,81.000000000009067,140.99999999997283,39,91.999999999981881,16.480000000000093,1440.6299999999819,SSLW,model_assisted_not_ground_truth,0,0,0,0,0,0,0,0,0,0,0
11.86,41,46.999999999970157,35.999999999990052,0,82.000000000009948,137.99999999993037,38.999999999990052,90.000000000069633,16.489999999999998,1438.6200000000995,SSLW,model_assisted_not_ground_truth,0,0,0,0,0,0,0,0,0,0,0
11.87,40.999999999944933,44.000000000011013,35.000000000022027,0,83.00000000006608,130.99999999995595,38,97.00000000003304,16.489999999999998,1448.6300000000222,SSLW,model_assisted_not_ground_truth,0,0,0,0,0,0,0,0,0,0,0
11.88,36,45,37,0,89.000000000035712,126.99999999984527,37.999999999988098,100.00000000014282,16.489999999999998,1450.6350000000239,SSLW,model_assisted_not_ground_truth,0,0,0,0,0,0,0,0,0,0,0
11.89,36,45,37,0,92.00000000001279,113.99999999985931,37,112.00000000007674,16.489999999999998,1452.6400000000258,SSLW,model_assisted_not_ground_truth,0,0,0,0,0,0,0,0,0,0,0
11.90,36,45.000000000027356,37.000000000041034,0,93,102.99999999991793,36.999999999945288,118.00000000004104,16.489999999999998,1454.6400000000137,SSLW,model_assisted_not_ground_truth,0,0,0,0,0,0,0,0,0,0,0
11.91,35.999999999985434,46.999999999956302,40.000000000014566,0,92.999999999970868,96.999999999927169,33,121.00000000001457,16.489999999999998,1455.6400000000001,SSLW,model_assisted_not_ground_truth,0,0,0,0,0,0,0,0,0,0,0
11.92,35.000000000015454,43.999999999984546,41.000000000030909,0,90.999999999907274,92.000000000015461,33.000000000015454,121.99999999998454,16.489999999999998,1455.6399999999846,SSLW,model_assisted_not_ground_truth,0,0,0,0,0,0,0,0,0,0,0
11.93,36,43,43,0,85.000000000081712,93.000000000032685,33.999999999983658,120.99999999996732,16.489999999999998,1454.6400000000065,SSLW,model_assisted_not_ground_truth,0,0,0,0,0,0,0,0,0,0,0
11.94,36,43,43,0,89.999999999972459,94.999999999988987,33.000000000005507,119.00000000001101,16.494999999999973,1478.1549999998706,SSLW,model_assisted_not_ground_truth,0,0,0,0,0,0,0,0,0,0,0
11.95,36,47.999999999977796,43,0,94.999999999977803,96.999999999991118,34.999999999991118,124.99999999997335,16.499999999999979,1501.6699999998957,SSLW,model_assisted_not_ground_truth,0,0,0,0,0,0,0,0,0,0,0
11.96,36,46.000000000007105,44.999999999992895,0,101.99999999997513,95.000000000007105,35,131.99999999997513,16.5,1472.6500000001031,SSLW,model_assisted_not_ground_truth,0,0,0,0,0,0,0,0,0,0,0
11.97,36,46.999999999997335,44.000000000002665,0,109.99999999997868,95,36.999999999994671,150.99999999994938,16.480000000000054,1455.6400000000453,SSLW,model_assisted_not_ground_truth,0,0,0,0,0,0,0,0,0,0,0
11.98,39.999999999992895,50.999999999992895,44.999999999998224,0,111.99999999999645,102.99999999998579,37,169.99999999996624,16.48,1459.649999999993,SSLW,model_assisted_not_ground_truth,0,0,0,0,0,0,0,0,0,0,0
11.99,42.999999999997335,55.999999999995559,45.999999999999112,0,116.99999999999557,109.99999999999378,40.999999999996447,186.99999999998491,16.470000000000006,1453.6500000000053,SSLW,model_assisted_not_ground_truth,0,0,0,0,0,0,0,0,0,0,0
12.00,44,68,46,0,123,119,41,202,16.510000000000002,1453.6099999999999,SSLW,model_assisted_not_ground_truth,0,0,0,0,0,0,0,0,0,0,0
12.01,46.000000000007994,67.000000000004448,47.999999999999112,0,131.00000000001245,125.00000000000267,41.000000000000888,222.00000000001333,16.529999999999998,1469.6099999999967,SSLW,model_assisted_not_ground_truth,0,0,0,0,0,0,0,0,0,0,0
12.02,55.000000000014211,72.000000000008882,46.999999999996447,0,145.00000000001245,128.00000000000179,42,237.00000000002311,16.524999999999991,1466.1099999999938,SSLW,model_assisted_not_ground_truth,0,0,0,0,0,0,0,0,0,0,0
12.03,63.000000000011369,77.00000000003979,45.000000000002842,0,152.00000000002558,129.00000000001705,42.000000000005684,250.00000000001137,16.52,1462.6100000000142,SSLW,model_assisted_not_ground_truth,0,0,0,0,0,0,0,0,0,0,0
12.04,67.00000000002612,91.000000000037303,46.00000000000373,0,161.00000000002984,135.00000000001492,44.00000000000373,254.00000000006716,16.519999999999364,1467.6100000001195,SSLW,model_assisted_not_ground_truth,0,0,0,0,0,0,0,0,0,0,0
12.05,74.000000000036948,101.00000000001847,47.000000000013856,0,169.0000000000739,139.00000000010161,45.000000000050804,272.00000000006469,16.349999999998754,1499.6499999997973,SSLW,model_assisted_not_ground_truth,0,0,0,0,0,0,0,0,0,0,0
12.06,82.000000000104635,105.00000000009362,50.000000000005507,0,185.00000000012116,161.00000000022578,56.000000000159694,286.00000000008259,16.079999999991077,1455.7399999998422,SSLW,model_assisted_not_ground_truth,0,0,0,0,0,0,0,0,0,0,0
12.07,101.00000000019824,122.0000000001279,51.00000000001279,0,207.00000000011511,202.00000000036451,85.000000000172662,301.00000000015348,14.459999999996324,1427.0800000006084,SSLW,model_assisted_not_ground_truth,0,0,0,0,0,0,0,0,0,0,0
12.08,132.0000000003059,142.00000000010198,53.000000000036415,0,225.00000000013839,259.00000000036414,112.00000000026948,325.00000000019662,13.884999999995813,1522.240000000693,SSLW,model_assisted_not_ground_truth,0,0,0,0,0,0,0,0,0,0,0
12.09,174.00000000016342,156.0000000002043,58.000000000236966,0,244.00000000017161,309.00000000010624,149.00000000013074,352.00000000013074,13.309999999996569,1617.4000000013921,SSLW,model_assisted_not_ground_truth,0,0,0,0,0,0,0,0,0,0,0
12.10,194.00000000010871,181.00000000009965,87.000000000090594,0,265.00000000014495,322.00000000008151,164.99999999997283,368.00000000009061,12.889999999998007,1787.7400000005989,SSLW,model_assisted_not_ground_truth,0,0,0,0,0,0,0,0,0,0,0
12.11,206.00000000005969,192.00000000011937,97.000000000109424,0,281.00000000012932,331.00000000006963,161.99999999996021,378.00000000003979,12.670000000000995,1853.8400000007962,SSLW,model_assisted_not_ground_truth,0,0,0,0,0,0,0,0,0,0,0
12.12,212.00000000006608,203.99999999998897,108.00000000009912,0,294.00000000005508,338.00000000005508,158.00000000002203,381.99999999990087,12.770000000001982,1933.8800000009583,SSLW,model_assisted_not_ground_truth,0,0,0,0,0,0,0,0,0,0,0
12.13,218.00000000002382,202.99999999998809,116.99999999985718,0,299.00000000001188,343.00000000002382,159.99999999994048,372.99999999986909,12.950000000002261,2020.8700000004758,SSLW,model_assisted_not_ground_truth,0,0,0,0,0,0,0,0,0,0,0
12.14,219.99999999988489,201.99999999996163,105.00000000001279,0,300.00000000001279,345.00000000002558,155,361.99999999998721,13.140000000000192,2060.8499999998203,SSLW,model_assisted_not_ground_truth,0,0,0,0,0,0,0,0,0,0,0
12.15,210.99999999990425,198.99999999998633,105.99999999987689,0,301.0000000000137,347,155.00000000006838,360.99999999984954,13.155000000000205,2046.8049999998079,SSLW,model_assisted_not_ground_truth,0,0,0,0,0,0,0,0,0,0,0
12.16,204.00000000010198,197.99999999992716,97.000000000043698,0,302.00000000005826,347.00000000004371,160.00000000011653,349.99999999983976,13.169999999999417,2032.7600000008895,SSLW,model_assisted_not_ground_truth,0,0,0,0,0,0,0,0,0,0,0
12.17,211.0000000001391,192.99999999996908,100.00000000007728,0,306.00000000001546,350.00000000007725,168.00000000009274,339.00000000003092,13.129999999998301,2093.8200000006345,SSLW,model_assisted_not_ground_truth,0,0,0,0,0,0,0,0,0,0,0
12.18,220.00000000001634,191.00000000003268,104.99999999998366,0,307.00000000003268,355.00000000001631,174.00000000006537,341.00000000008168,13.020000000000703,2134.8699999997375,SSLW,model_assisted_not_ground_truth,0,0,0,0,0,0,0,0,0,0,0
12.19,220.99999999999449,192.99999999998897,104.00000000000551,0,308.99999999998897,355.99999999999449,177.99999999997797,345.99999999997249,12.900000000000661,2158.9099999998675,SSLW,model_assisted_not_ground_truth,0,0,0,0,0,0,0,0,0,0,0
12.20,213.00000000003553,193.99999999999557,100.00000000001776,0,310.99999999999113,356,179.99999999999113,344.00000000000887,12.890000000000045,2199.9699999998174,SSLW,model_assisted_not_ground_truth,0,0,0,0,0,0,0,0,0,0,0
12.21,206.00000000002487,184.00000000003553,98.000000000007105,0,308.00000000001069,350.00000000002132,180,329.00000000005332,12.894999999999982,2207.4849999999733,SSLW,model_assisted_not_ground_truth,0,0,0,0,0,0,0,0,0,0,0
12.22,193.00000000003465,169.00000000003996,85.000000000034646,0,302.00000000001597,345.0000000000133,170.00000000002666,312.0000000000453,12.899999999999988,2214.99999999998,SSLW,model_assisted_not_ground_truth,0,0,0,0,0,0,0,0,0,0,0
12.23,187.00000000001066,156.00000000002308,73.000000000021316,0,290.00000000002132,339.00000000001069,170,298.0000000000249,13.019999999999786,2259.049999999922,SSLW,model_assisted_not_ground_truth,0,0,0,0,0,0,0,0,0,0,0
12.24,176.00000000000978,143.00000000001154,58.000000000013323,0,276.00000000001245,334.00000000000443,170.99999999999912,292.00000000000534,13.149999999999885,2248.0100000000102,SSLW,model_assisted_not_ground_truth,0,0,0,0,0,0,0,0,0,0,0
12.25,160,136,54,0,275,326,171,284,13.31,2226.96,SSLW,model_assisted_not_ground_truth,0,0,0,0,0,0,0,0,0,0,0
12.26,148.99999999999645,123.99999999998312,52.999999999997335,0,272,319.9999999999938,177.99999999999821,272.99999999998045,13.490000000000213,2180.8299999999608,SSLW,model_assisted_not_ground_truth,0,0,0,0,0,0,0,0,0,0,0
12.27,144.99999999998755,104.99999999997868,50,0,271.99999999999113,312.99999999999466,176.0000000000089,250.99999999999466,13.730000000000169,2136.7599999999725,SSLW,model_assisted_not_ground_truth,0,0,0,0,0,0,0,0,0,0,0
12.28,137.99999999997442,93.000000000005684,50.000000000002842,0,267.00000000000284,309.99999999997442,181,247.99999999996874,13.825000000000269,2121.2399999999561,SSLW,model_assisted_not_ground_truth,0,0,0,0,0,0,0,0,0,0,0
12.29,128.99999999993659,94.999999999981341,51,0,267.99999999999625,300.99999999995521,181.00000000000372,236.99999999992539,13.920000000000783,2105.7199999999175,SSLW,model_assisted_not_ground_truth,0,0,0,0,0,0,0,0,0,0,0
12.30,111.99999999996305,90.000000000018474,51,0,266.99999999994458,288.99999999994918,181.99999999998153,216.99999999992147,14.130000000001017,2083.6599999999444,SSLW,model_assisted_not_ground_truth,0,0,0,0,0,0,0,0,0,0,0
12.31,103.99999999995043,93.999999999906379,50.999999999994493,0,254.99999999993943,278.00000000000551,177.99999999992289,199.9999999998403,14.350000000000826,2071.5999999999553,SSLW,model_assisted_not_ground_truth,0,0,0,0,0,0,0,0,0,0,0
12.32,94.999999999942446,76.999999999910472,50,0,243.99999999985931,278.99999999992963,164.00000000003837,170.99999999993605,14.500000000001343,2063.5299999998529,SSLW,model_assisted_not_ground_truth,0,0,0,0,0,0,0,0,0,0,0
12.33,85.999999999949011,62.999999999898037,49.999999999985434,0,221.9999999999126,267.9999999999053,169.99999999995629,160.99999999988347,14.710000000001312,2040.4600000000144,SSLW,model_assisted_not_ground_truth,0,0,0,0,0,0,0,0,0,0,0
12.34,78.999999999983658,48.999999999975486,48.000000000008171,0,209.99999999987742,254.99999999994279,164.00000000001634,144.99999999990195,14.890000000000859,2042.4200000000531,SSLW,model_assisted_not_ground_truth,0,0,0,0,0,0,0,0,0,0,0
12.35,77,45.999999999990941,49,0,194.99999999991846,247.99999999989129,166.00000000000907,132.99999999977351,14.995000000000951,2048.8950000000586,SSLW,model_assisted_not_ground_truth,0,0,0,0,0,0,0,0,0,0,0
12.36,77,44.999999999980105,49,0,185.99999999987068,235.9999999999801,167.00000000005969,108.0000000000199,15.100000000001293,2055.3699999999694,SSLW,model_assisted_not_ground_truth,0,0,0,0,0,0,0,0,0,0,0
12.37,77.000000000011013,43.000000000011013,49.000000000011013,0,173.00000000001103,233.99999999995595,173.00000000006608,109.99999999993392,15.230000000001212,2052.2999999999552,SSLW,model_assisted_not_ground_truth,0,0,0,0,0,0,0,0,0,0,0
12.38,78,43.999999999916689,49.999999999976197,0,173.99999999983336,230.00000000001191,179.00000000002382,104.00000000003571,15.340000000001547,2048.2299999998922,SSLW,model_assisted_not_ground_truth,0,0,0,0,0,0,0,0,0,0,0
12.39,78.000000000038369,37.00000000001279,48.00000000001279,0,160.00000000010232,231.0000000001279,181.00000000003837,107.00000000002558,15.470000000002942,2039.1799999997309,SSLW,model_assisted_not_ground_truth,0,0,0,0,0,0,0,0,0,0,0
12.40,81.000000000068397,38.000000000027356,49,0,167.99999999990425,241.00000000004104,184.00000000002737,109.00000000004104,15.70000000000123,2018.1299999998207,SSLW,model_assisted_not_ground_truth,0,0,0,0,0,0,0,0,0,0,0
12.41,86.000000000043698,40,49.000000000014566,0,161.00000000007284,244.00000000001458,186,112.00000000026219,15.790000000000436,2005.0199999997812,SSLW,model_assisted_not_ground_truth,0,0,0,0,0,0,0,0,0,0,0
12.42,89.00000000004637,40,50,0,166.00000000001546,245.00000000006182,186,129.99999999998454,15.820000000000121,1990.0049999999387,SSLW,model_assisted_not_ground_truth,0,0,0,0,0,0,0,0,0,0,0
12.43,92.000000000277822,40.000000000081712,50,0,167.00000000009805,249.00000000008171,186.00000000016342,129.0000000001144,15.849999999999808,1974.990000000096,SSLW,model_assisted_not_ground_truth,0,0,0,0,0,0,0,0,0,0,0
12.44,108.99999999990638,44.999999999972466,50,0,172.99999999996697,253.99999999997246,195.99999999994492,135.99999999996146,15.88999999999978,1956.9500000000994,SSLW,model_assisted_not_ground_truth,0,0,0,0,0,0,0,0,0,0,0
12.45,130.99999999990229,51.999999999968914,50,0,185.99999999994228,259.99999999997334,200.9999999999778,154.99999999991562,15.939999999999777,1957.9399999999957,SSLW,model_assisted_not_ground_truth,0,0,0,0,0,0,0,0,0,0,0
12.46,141.99999999996092,52.999999999996447,50,0,197.99999999995737,266.9999999999751,222.99999999992184,171.9999999999396,15.969999999999894,1962.9299999999823,SSLW,model_assisted_not_ground_truth,0,0,0,0,0,0,0,0,0,0,0
12.47,145.99999999998934,57.999999999986677,50.999999999997335,0,212.99999999996004,281.99999999996004,235.99999999996535,194.99999999993872,16.019999999999868,1957.9200000000135,SSLW,model_assisted_not_ground_truth,0,0,0,0,0,0,0,0,0,0,0
12.48,158.99999999997692,62.999999999991118,51.999999999998224,0,216.99999999999289,287.99999999998931,245.99999999998224,204.99999999998224,16.02999999999998,1962.4199999999921,SSLW,model_assisted_not_ground_truth,0,0,0,0,0,0,0,0,0,0,0
12.49,168.99999999999113,63,52,0,222.99999999999466,288.99999999999909,250.99999999999557,221.99999999998491,16.039999999999992,1966.919999999996,SSLW,model_assisted_not_ground_truth,0,0,0,0,0,0,0,0,0,0,0
12.50,186,65,52,0,237,295,258,240,16.079999999999998,1970.8900000000001,SSLW,model_assisted_not_ground_truth,0,0,0,0,0,0,0,0,0,0,0
12.51,188.00000000001333,70.000000000007105,53,0,253.00000000001066,308.00000000000978,267.0000000000062,255.00000000000443,16.129999999999999,1968.8699999999963,SSLW,model_assisted_not_ground_truth,0,0,0,0,0,0,0,0,0,0,0
12.52,203.000000000016,78.000000000015987,53.000000000001776,0,265,319.00000000001069,274.00000000000887,260.00000000002842,16.129999999999999,1964.8700000000035,SSLW,model_assisted_not_ground_truth,0,0,0,0,0,0,0,0,0,0,0
12.53,212.00000000006253,87.000000000031264,54.000000000005684,0,265.00000000002842,325.00000000001421,279.00000000002558,276.00000000006253,16.13000000000017,1966.8900000001024,SSLW,model_assisted_not_ground_truth,0,0,0,0,0,0,0,0,0,0,0
12.54,234.0000000000224,97.999999999992539,56.00000000000373,0,275.00000000002609,330.00000000002609,288.00000000002984,298.0000000000224,16.190000000000243,2002.8900000000206,SSLW,model_assisted_not_ground_truth,0,0,0,0,0,0,0,0,0,0,0
12.55,240.00000000000463,96.00000000003233,57.000000000009237,0,282.00000000004621,337.00000000003234,296.00000000001847,304.00000000003695,16.255000000000301,2008.3800000000253,SSLW,model_assisted_not_ground_truth,0,0,0,0,0,0,0,0,0,0,0
12.56,241.00000000001103,103.00000000003304,59.000000000027534,0,292.00000000004957,344.00000000003854,300.00000000005508,312.00000000004405,16.320000000000551,2013.8700000002145,SSLW,model_assisted_not_ground_truth,0,0,0,0,0,0,0,0,0,0,0
12.57,243.00000000003837,109.00000000003837,64.000000000070344,0,301.00000000010874,351.00000000004479,310.00000000005758,320.00000000002558,16.420000000001217,2052.8400000000438,SSLW,model_assisted_not_ground_truth,0,0,0,0,0,0,0,0,0,0,0
12.58,248.99999999999272,115.00000000002186,75.000000000021856,0,318.00000000008009,357.99999999999272,319.0000000000947,324.0000000000947,16.610000000001822,2059.6599999998393,SSLW,model_assisted_not_ground_truth,0,0,0,0,0,0,0,0,0,0,0
12.59,248,118.00000000004903,78.00000000006537,0,329.00000000008174,356.99999999995913,332.00000000004087,337.00000000004906,16.86000000000049,2037.6100000000895,SSLW,model_assisted_not_ground_truth,0,0,0,0,0,0,0,0,0,0,0
12.60,248.00000000006341,124.00000000001812,86.000000000036238,0,339.00000000006344,351.99999999998187,337.00000000002717,343.00000000000904,16.920000000000364,2048.5700000000816,SSLW,model_assisted_not_ground_truth,0,0,0,0,0,0,0,0,0,0,0
12.61,255.00000000006963,126.00000000004974,90.000000000049738,0,346.00000000005969,350.00000000003979,340.00000000002984,344.00000000007958,16.960000000000498,2057.5499999998456,SSLW,model_assisted_not_ground_truth,0,0,0,0,0,0,0,0,0,0,0
12.62,261.99999999998897,131.00000000008811,95.00000000003304,0,352.00000000005508,354,343.00000000005508,352.00000000008811,17.010000000000552,2042.0249999998291,SSLW,model_assisted_not_ground_truth,0,0,0,0,0,0,0,0,0,0,0
12.63,261.0000000000357,138.99999999989288,98.000000000011909,0,357.00000000002382,354.00000000002382,348.00000000001188,360.00000000011903,17.060000000001189,2026.5000000003092,SSLW,model_assisted_not_ground_truth,0,0,0,0,0,0,0,0,0,0,0
12.64,264.00000000002558,130.00000000003837,98.999999999948841,0,359.00000000002558,355.99999999994884,349.00000000003837,370.00000000005116,17.160000000000512,2052.4899999999611,SSLW,model_assisted_not_ground_truth,0,0,0,0,0,0,0,0,0,0,0
12.65,265.99999999994526,133.00000000005471,94.999999999794824,0,361,351.99999999997266,352.0000000000137,374.00000000006838,17.200000000000273,2049.4599999999587,SSLW,model_assisted_not_ground_truth,0,0,0,0,0,0,0,0,0,0,0
12.66,262,136.99999999989802,79.999999999679545,0,361.00000000001455,349.99999999997084,352.99999999995629,379.00000000002916,17.22000000000029,2046.4499999997086,SSLW,model_assisted_not_ground_truth,0,0,0,0,0,0,0,0,0,0,0
12.67,261.99999999993815,129.99999999993818,57.999999999907274,0,361.99999999996908,347.99999999982998,349.99999999989183,380.99999999996908,17.239999999999846,2026.4399999999459,SSLW,model_assisted_not_ground_truth,0,0,0,0,0,0,0,0,0,0,0
12.68,257.99999999973852,125.99999999995097,51.999999999950973,0,359.99999999990195,336.99999999975489,342.99999999986926,378.99999999978758,17.229999999999947,2022.9399999999825,SSLW,model_assisted_not_ground_truth,0,0,0,0,0,0,0,0,0,0,0
12.69,242.00000000008811,123.00000000001651,49.00000000001652,0,354.00000000003303,322.00000000008259,335.00000000004405,366.00000000007157,17.220000000000056,2019.4400000000194,SSLW,model_assisted_not_ground_truth,0,0,0,0,0,0,0,0,0,0,0
12.70,221.00000000009325,121.00000000000888,47.000000000008882,0,345.00000000003996,300.00000000009771,312.00000000010215,344.00000000009771,17.210000000000043,1997.4400000000978,SSLW,model_assisted_not_ground_truth,0,0,0,0,0,0,0,0,0,0,0
12.71,195.00000000009237,107.00000000004974,46.000000000003553,0,344.00000000000352,284.00000000005684,281.00000000011016,319.00000000008879,17.110000000000355,1948.4300000001742,SSLW,model_assisted_not_ground_truth,0,0,0,0,0,0,0,0,0,0,0
12.72,171.00000000006395,101.00000000001599,42.000000000010658,0,324.00000000005332,271.00000000003462,254.00000000007194,287.00000000008527,17.090000000000053,1891.420000000152,SSLW,model_assisted_not_ground_truth,0,0,0,0,0,0,0,0,0,0,0
12.73,159.00000000002132,92.000000000015987,37.000000000008882,0,301.00000000004087,252.00000000003376,241.00000000002308,258.0000000000515,17.070000000000036,1858.4200000000587,SSLW,model_assisted_not_ground_truth,0,0,0,0,0,0,0,0,0,0,0
12.74,127.00000000002842,87.000000000004434,36.000000000000888,0,273.0000000000249,235.00000000001509,214.00000000002399,215.0000000000382,17.040000000000028,1810.4200000000428,SSLW,model_assisted_not_ground_truth,0,0,0,0,0,0,0,0,0,0,0
12.75,111,66,31,0,230,228,197,190,17.039999999999999,1816.415,SSLW,model_assisted_not_ground_truth,0,0,0,0,0,0,0,0,0,0,0
12.76,93.999999999983118,55.999999999985789,29,0,201.99999999997158,202,171.99999999998224,182.99999999999557,17.039999999999964,1822.4099999999573,SSLW,model_assisted_not_ground_truth,0,0,0,0,0,0,0,0,0,0,0
12.77,74.999999999987566,40.000000000008882,29.000000000005329,0,169.99999999995381,201.99999999997334,151.99999999995913,177.99999999997513,16.999999999999822,1774.4099999997779,SSLW,model_assisted_not_ground_truth,0,0,0,0,0,0,0,0,0,0,0
12.78,68,44.999999999928946,32.000000000008527,0,143.99999999997442,186.99999999997158,128.99999999996874,163.99999999999147,16.899999999999714,1649.4099999998325,SSLW,model_assisted_not_ground_truth,0,0,0,0,0,0,0,0,0,0,0
12.79,68,19.999999999988809,35.00000000000373,0,134.99999999996268,176.99999999997388,117.99999999998508,161.00000000000372,16.799999999999329,1590.4599999996422,SSLW,model_assisted_not_ground_truth,0,0,0,0,0,0,0,0,0,0,0
12.80,68.000000000004619,17,36,0,124.9999999999492,169.99999999996305,113.99999999998153,161.99999999999537,16.619999999999816,1494.5399999998706,SSLW,model_assisted_not_ground_truth,0,0,0,0,0,0,0,0,0,0,0
12.81,69,16.999999999906386,36,0,113.99999999993392,161.99999999997797,110.00000000001653,160.99999999998349,16.579999999999778,1466.5499999998458,SSLW,model_assisted_not_ground_truth,0,0,0,0,0,0,0,0,0,0,0
12.82,68.99999999998721,0,36.000000000006395,0,101.99999999994245,157.99999999994884,112.9999999998785,157.99999999995524,16.539999999999999,1438.5600000000447,SSLW,model_assisted_not_ground_truth,0,0,0,0,0,0,0,0,0,0,0
12.83,67,0,37.000000000007283,0,92.999999999934445,149.99999999996359,93.999999999890747,150.99999999997814,16.539999999999853,1445.569999999876,SSLW,model_assisted_not_ground_truth,0,0,0,0,0,0,0,0,0,0,0
12.84,66.999999999901945,0,38.000000000024514,0,83.999999999967315,144.99999999990195,78.999999999910116,147.99999999983658,16.520000000000081,1428.5700000000652,SSLW,model_assisted_not_ground_truth,0,0,0,0,0,0,0,0,0,0,0
12.85,54.999999999990941,0,41,0,80,132.99999999990035,67.999999999891287,127.99999999990034,16.529999999999728,1436.5499999999188,SSLW,model_assisted_not_ground_truth,0,0,0,0,0,0,0,0,0,0,0
12.86,53.999999999900524,0,40.999999999990052,0,79.999999999950262,121.99999999983089,55.999999999930367,116.99999999972147,16.499999999999901,1427.5799999999902,SSLW,model_assisted_not_ground_truth,0,0,0,0,0,0,0,0,0,0,0
12.87,44,0,40.000000000022027,1.101341240429157e-11,74.999999999955946,104.99999999994493,48.99999999993392,88.999999999757705,16.489999999999888,1426.589999999956,SSLW,model_assisted_not_ground_truth,0,0,0,0,0,0,0,0,0,0,0
12.88,44,0,42.000000000011902,0.99999999998809841,70.999999999892879,99.999999999988091,42.999999999988098,66.999999999750059,16.47999999999994,1422.599999999994,SSLW,model_assisted_not_ground_truth,0,0,0,0,0,0,0,0,0,0,0
12.89,44.00000000001279,1.2789769243693436e-11,43.00000000001279,2.5579538487386871e-11,61.999999999961631,98.999999999923261,41.99999999998721,45.999999999923261,16.474999999999937,1422.0999999999935,SSLW,model_assisted_not_ground_truth,0,0,0,0,0,0,0,0,0,0,0
12.90,45,1,44,1.9999999999726441,59.000000000027356,93.000000000013685,41.000000000013678,39.999999999986322,16.46999999999986,1421.599999999959,SSLW,model_assisted_not_ground_truth,0,0,0,0,0,0,0,0,0,0,0
12.91,44.999999999985434,1.0000000001456613,44,0,61.000000000014566,94.000000000131095,41.999999999956302,38.999999999985434,16.459999999999855,1418.6099999999562,SSLW,model_assisted_not_ground_truth,0,0,0,0,0,0,0,0,0,0,0
12.92,44.000000000015454,11.000000000154543,43.999999999984546,0,62.000000000046363,103.00000000009273,39.000000000030909,37.999999999984546,16.450000000000308,1415.6099999999378,SSLW,model_assisted_not_ground_truth,0,0,0,0,0,0,0,0,0,0,0
12.93,45,20.999999999983658,42.999999999950973,0,65.000000000032685,109.00000000016342,40.999999999983658,37,16.469999999999871,1411.5900000000256,SSLW,model_assisted_not_ground_truth,0,0,0,0,0,0,0,0,0,0,0
12.94,45,20.000000000005507,40.00000000001652,0,66.999999999988987,118.99999999994493,40.000000000005507,37,16.450000000000109,1412.5999999999945,SSLW,model_assisted_not_ground_truth,0,0,0,0,0,0,0,0,0,0,0
12.95,45,30.99999999995115,40.999999999995559,0,67,123.9999999999778,40,37.999999999995559,16.454999999999977,1413.0999999999976,SSLW,model_assisted_not_ground_truth,0,0,0,0,0,0,0,0,0,0,0
12.96,45.999999999996447,35.999999999982236,40.000000000003553,0,67,125.99999999999289,38.000000000007105,38.999999999996447,16.459999999999983,1413.5999999999981,SSLW,model_assisted_not_ground_truth,0,0,0,0,0,0,0,0,0,0,0
12.97,46,40.999999999986677,34.000000000015987,1.9999999999946709,73.999999999981355,123.00000000000799,37.000000000002665,37.000000000005329,16.440000000000055,1410.6100000000079,SSLW,model_assisted_not_ground_truth,0,0,0,0,0,0,0,0,0,0,0
12.98,46,42.999999999996447,33.000000000001776,3.5527136788005009e-12,74.999999999998224,120.00000000000533,35.000000000003553,37,16.440000000000001,1411.6099999999981,SSLW,model_assisted_not_ground_truth,0,0,0,0,0,0,0,0,0,0,0
12.99,45.000000000000888,42.000000000000888,34.999999999998224,975.99999999913314,72.000000000002672,114.00000000000533,35,35.000000000001776,16.440000000000001,1412.609999999999,SSLW,model_assisted_not_ground_truth,0,0,0,0,0,0,0,0,0,0,0
13.00,44,45,33,977,69,116,35,35,16.43,1408.6199999999999,SSLW,model_assisted_not_ground_truth,0,0,0,0,0,0,0,0,0,0,0
13.01,44,44.999999999999112,39.000000000003553,977,69.999999999999105,119.00000000000711,35.000000000000888,36.999999999996447,16.43,1409.6199999999785,SSLW,model_assisted_not_ground_truth,0,0,0,0,0,0,0,0,0,0,0
13.02,44,44,42.999999999996447,976.99999999826628,69,126.99999999999467,36,33.000000000012434,16.43,1385.5899999999572,SSLW,model_assisted_not_ground_truth,0,0,0,0,0,0,0,0,0,0,0
13.03,43.999999999997158,44.000000000005684,41.000000000005684,0.99999999999715783,69.000000000002842,124.00000000000853,35.999999999997158,40.000000000028422,16.430000000000085,1361.5600000001052,SSLW,model_assisted_not_ground_truth,0,0,0,0,0,0,0,0,0,0,0
13.04,43.000000000007461,46.000000000007461,43,0,70,127,35.000000000007461,49.999999999988809,16.459999999999887,1398.5700000001941,SSLW,model_assisted_not_ground_truth,0,0,0,0,0,0,0,0,0,0,0
13.05,44.999999999995381,47.999999999995381,43,0,70.000000000013856,127.00000000000924,37,47.000000000036948,16.429999999999954,1450.6500000000233,SSLW,model_assisted_not_ground_truth,0,0,0,0,0,0,0,0,0,0,0
13.06,43.99999999998348,46.99999999998348,42.999999999994493,0,73.000000000022027,129.00000000006608,37,55.000000000044054,16.420000000000059,1455.6600000000167,SSLW,model_assisted_not_ground_truth,0,0,0,0,0,0,0,0,0,0,0
13.07,41.000000000006395,44.000000000006395,42.00000000001279,0,77.00000000002558,141.00000000000639,37,63.00000000002558,16.429999999999936,1458.660000000013,SSLW,model_assisted_not_ground_truth,0,0,0,0,0,0,0,0,0,0,0
13.08,41.999999999992717,45.000000000021849,43.999999999992717,0,81.000000000021856,141.99999999996359,37,67.000000000050989,16.420000000000037,1460.6700000000146,SSLW,model_assisted_not_ground_truth,0,0,0,0,0,0,0,0,0,0,0
13.09,41,47.999999999991829,42.999999999975486,0,84.000000000049027,136.99999999998366,36.999999999991829,74.000000000081712,16.42500000000004,1462.6700000000164,SSLW,model_assisted_not_ground_truth,0,0,0,0,0,0,0,0,0,0,0
13.10,40.999999999990941,47.000000000009059,40.000000000027178,0,90.000000000054357,134.99999999997283,35.999999999990941,84.000000000045304,16.43,1464.6700000000274,SSLW,model_assisted_not_ground_truth,0,0,0,0,0,0,0,0,0,0,0
13.11,40.000000000009948,47.999999999930367,43.000000000009948,0,96.00000000003979,131.99999999975131,35,89.000000000079581,16.430000000000298,1467.6699999992334,SSLW,model_assisted_not_ground_truth,0,0,0,0,0,0,0,0,0,0,0
13.12,41,41,43.999999999988987,0,100.00000000007709,106.99999999990088,35,97.000000000099121,16.460000000000001,1390.5899999999558,SSLW,model_assisted_not_ground_truth,0,0,0,0,0,0,0,0,0,0,0
13.13,41,41,43,0,107.0000000000238,97.999999999916682,35,106.00000000007141,16.460000000000001,1386.5900000000356,SSLW,model_assisted_not_ground_truth,0,0,0,0,0,0,0,0,0,0,0
13.14,41.00000000001279,41.000000000038369,43.00000000002558,0,108.99999999997442,90.99999999997442,35.00000000002558,112.00000000003837,16.460000000000129,1389.5900000000895,SSLW,model_assisted_not_ground_truth,0,0,0,0,0,0,0,0,0,0,0
13.15,41.999999999986322,44.000000000013678,45.000000000013678,0,107.00000000005471,89.000000000027356,37.000000000013678,115.00000000023253,16.469999999999931,1396.5900000000479,SSLW,model_assisted_not_ground_truth,0,0,0,0,0,0,0,0,0,0,0
13.16,41.000000000014566,45.000000000014566,45.999999999985434,0,111.00000000001457,91.000000000072831,38,132.00000000018937,16.464999999999925,1400.1000000000511,SSLW,model_assisted_not_ground_truth,0,0,0,0,0,0,0,0,0,0,0
13.17,42.000000000015454,46.000000000077272,45.000000000030909,0,112.00000000004637,96.00000000004637,38.000000000030909,145.0000000001391,16.460000000000154,1403.6100000002627,SSLW,model_assisted_not_ground_truth,0,0,0,0,0,0,0,0,0,0,0
13.18,43.000000000016342,51.00000000013074,47,0,115.00000000006537,99.000000000147082,40,154.00000000009805,16.469999999999935,1420.6199999998912,SSLW,model_assisted_not_ground_truth,0,0,0,0,0,0,0,0,0,0,0
13.19,43.999999999994493,58.999999999955946,47,0,118.99999999997797,107.99999999995043,40,159.99999999996697,16.479999999999947,1427.6199999999612,SSLW,model_assisted_not_ground_truth,0,0,0,0,0,0,0,0,0,0,0
13.20,44.999999999995559,65.999999999968907,47.999999999995559,0,121.99999999998667,118.99999999995114,37.000000000013323,179.99999999991118,16.470000000000041,1435.6299999999646,SSLW,model_assisted_not_ground_truth,0,0,0,0,0,0,0,0,0,0,0
13.21,48.999999999985789,74.999999999968026,48.999999999996447,0,130.99999999996803,129.99999999996092,38.999999999992895,214.99999999987566,16.479999999999965,1442.6299999999753,SSLW,model_assisted_not_ground_truth,0,0,0,0,0,0,0,0,0,0,0
13.22,63.999999999960032,77.999999999992013,48.000000000002665,0,153.99999999993872,144.99999999996004,39.999999999997335,234.99999999994671,16.475000000000012,1444.1349999999961,SSLW,model_assisted_not_ground_truth,0,0,0,0,0,0,0,0,0,0,0
13.23,68.999999999991118,87.999999999982236,49.999999999996447,0,172.99999999996624,151.99999999998755,42.999999999994671,254.99999999996447,16.470000000000006,1445.6399999999974,SSLW,model_assisted_not_ground_truth,0,0,0,0,0,0,0,0,0,0,0
13.24,78.999999999991118,99.999999999989342,48.000000000001776,0,186.99999999998755,165.99999999998755,54.999999999989342,275.99999999998136,16.469999999999999,1447.6399999999983,SSLW,model_assisted_not_ground_truth,0,0,0,0,0,0,0,0,0,0,0
13.25,96,112,50,0,204,183,54,292,16.440000000000001,1446.6700000000001,SSLW,model_assisted_not_ground_truth,0,0,0,0,0,0,0,0,0,0,0
13.26,107.00000000002399,131.00000000001421,52.000000000002665,0,222.00000000002311,208.00000000003732,67.000000000015987,317.00000000001864,16.209999999999155,1467.7099999999612,SSLW,model_assisted_not_ground_truth,0,0,0,0,0,0,0,0,0,0,0
13.27,134.0000000000764,147.00000000003021,55.000000000007105,0,248.00000000004263,250.00000000007816,85.00000000005862,338.00000000002842,15.259999999996429,1423.870000000388,SSLW,model_assisted_not_ground_truth,0,0,0,0,0,0,0,0,0,0,0
13.28,177.00000000013358,164.00000000009948,59.000000000099476,0,272.00000000008811,294.0000000000739,118.00000000016485,354.00000000009663,13.249999999998778,1642.3600000002805,SSLW,model_assisted_not_ground_truth,0,0,0,0,0,0,0,0,0,0,0
13.29,224.00000000008208,199.00000000008581,94.00000000010445,0,303.00000000015297,320.00000000009697,176.00000000007833,388.00000000008953,12.819999999998396,1741.0400000003681,SSLW,model_assisted_not_ground_truth,0,0,0,0,0,0,0,0,0,0,0
13.30,246.00000000000463,222.00000000002771,122.00000000005542,0,344.00000000006469,346.00000000002774,197,411.99999999997692,12.389999999998338,1839.7200000004304,SSLW,model_assisted_not_ground_truth,0,0,0,0,0,0,0,0,0,0,0
13.31,247.00000000001103,228.00000000001103,134.00000000001103,0,358.00000000001103,352.00000000002751,197.00000000003305,406.99999999996697,12.029999999999944,1932.9200000003752,SSLW,model_assisted_not_ground_truth,0,0,0,0,0,0,0,0,0,0,0
13.32,249.00000000002558,229.99999999998721,136.00000000005755,0,360.00000000000642,357.00000000001921,203,400.99999999998079,12.020000000002366,2001.0400000012091,SSLW,model_assisted_not_ground_truth,0,0,0,0,0,0,0,0,0,0,0
13.33,252.99999999998542,227.99999999997087,144.99999999994901,0,361,360,203.00000000001458,397.99999999993446,12.390000000001894,2190.1200000003496,SSLW,model_assisted_not_ground_truth,0,0,0,0,0,0,0,0,0,0,0
13.34,250.99999999997141,224,137.99999999998366,0,360.99999999998363,360,205.00000000001225,388.99999999996732,12.650000000000817,2238.1299999997623,SSLW,model_assisted_not_ground_truth,0,0,0,0,0,0,0,0,0,0,0
13.35,247.49999999996828,224,135.99999999998187,0,358.99999999998187,360,206.50000000001359,384.99999999996373,12.75,2209.0300000001816,SSLW,model_assisted_not_ground_truth,0,0,0,0,0,0,0,0,0,0,0
13.36,244.00000000002984,223.99999999995026,134.00000000002984,0,357.00000000002984,360,208.00000000008953,380.999999999811,12.75,2229.0400000001991,SSLW,model_assisted_not_ground_truth,0,0,0,0,0,0,0,0,0,0,0
13.37,246.99999999997797,219.00000000001103,136.99999999995595,0,360,360.00000000002206,217.00000000002203,362.00000000005508,12.74999999999989,2249.0500000002321,SSLW,model_assisted_not_ground_truth,0,0,0,0,0,0,0,0,0,0,0
13.38,244.99999999994048,219.99999999992858,132.9999999999643,0,359.99999999994048,361.9999999999286,219,366.99999999990479,12.740000000000119,2270.1100000001547,SSLW,model_assisted_not_ground_truth,0,0,0,0,0,0,0,0,0,0,0
13.39,239.99999999978257,213.99999999975699,129.99999999982094,0,354.99999999988489,355.99999999994884,219,358.99999999965468,12.75,2283.1199999998462,SSLW,model_assisted_not_ground_truth,0,0,0,0,0,0,0,0,0,0,0
13.40,222.99999999980849,194.99999999975378,115.99999999967173,0,345.99999999989058,351.99999999990428,218.99999999995896,331.99999999963069,12.750000000001641,2271.1099999998219,SSLW,model_assisted_not_ground_truth,0,0,0,0,0,0,0,0,0,0,0
13.41,208.99999999979607,176.9999999996941,91.999999999694111,0,337.99999999989802,344.99999999991257,215.9999999999126,304.99999999985431,12.870000000003495,2258.0699999995763,SSLW,model_assisted_not_ground_truth,0,0,0,0,0,0,0,0,0,0,0
13.42,194.99999999973727,155.99999999970638,70.999999999860904,0,330.99999999970635,338.99999999992275,209.99999999996908,294.99999999982998,13.110000000002163,2228.9799999997445,SSLW,model_assisted_not_ground_truth,0,0,0,0,0,0,0,0,0,0,0
13.43,177.99999999975486,136.99999999973852,61.999999999901945,0,311.99999999988563,333.99999999988563,207.9999999998856,283.99999999993463,13.250000000000696,2212.4299999999175,SSLW,model_assisted_not_ground_truth,0,0,0,0,0,0,0,0,0,0,0
13.44,163.00000000008259,121.00000000008811,56.00000000003304,0,305.00000000003854,327.00000000003854,201.00000000003854,280.00000000002206,13.38999999999923,2195.8800000000911,SSLW,model_assisted_not_ground_truth,0,0,0,0,0,0,0,0,0,0,0
13.45,146.00000000007549,104.00000000007549,52.000000000017764,0,281.00000000010658,322.00000000002223,198.00000000001333,265.00000000006662,13.789999999998223,2115.7600000003558,SSLW,model_assisted_not_ground_truth,0,0,0,0,0,0,0,0,0,0,0
13.46,139.00000000002487,98.000000000021316,51.000000000003553,0,270.00000000003911,313.00000000003195,192.00000000002132,244.00000000007461,14.089999999998934,2105.7500000000355,SSLW,model_assisted_not_ground_truth,0,0,0,0,0,0,0,0,0,0,0
13.47,130.00000000002399,101.99999999998934,51.999999999997335,0,264.00000000001597,306.00000000001864,191.00000000000267,232.00000000003197,14.339999999999334,2058.6300000001256,SSLW,model_assisted_not_ground_truth,0,0,0,0,0,0,0,0,0,0,0
13.48,114.00000000002842,97.000000000008882,51.000000000001776,0,263.00000000000176,291.00000000002666,191.99999999999824,223.00000000001597,14.589999999999556,2036.5500000000393,SSLW,model_assisted_not_ground_truth,0,0,0,0,0,0,0,0,0,0,0
13.49,105.00000000000799,85.000000000010658,50.000000000000888,0,263,276.0000000000133,188.00000000000355,203.00000000001776,14.829999999999787,2018.4900000000162,SSLW,model_assisted_not_ground_truth,0,0,0,0,0,0,0,0,0,0,0
13.50,93,79,49,0,248,279,189,177,14.960000000000001,2004.4450000000002,SSLW,model_assisted_not_ground_truth,0,0,0,0,0,0,0,0,0,0,0
13.51,85.999999999996447,62.999999999998224,50.999999999998224,0,228.99999999998312,269.99999999999022,180.00000000000355,159.99999999997956,15.090000000000142,1990.3999999999769,SSLW,model_assisted_not_ground_truth,0,0,0,0,0,0,0,0,0,0,0
13.52,82,60.999999999987566,48.999999999998224,0,209.99999999998755,258.99999999997868,183.99999999997334,136.9999999999396,15.250000000000391,1964.2999999999695,SSLW,model_assisted_not_ground_truth,0,0,0,0,0,0,0,0,0,0,0
13.53,81.999999999997158,53.999999999985789,48.000000000002842,0,202.99999999996021,246.99999999996874,169.00000000000853,102.99999999989484,15.470000000000512,1947.2099999999373,SSLW,model_assisted_not_ground_truth,0,0,0,0,0,0,0,0,0,0,0
13.54,81.000000000003737,48.999999999970157,49,0,188.99999999995151,235.9999999999888,172.0000000000224,65.999999999944038,15.650000000001082,1925.1700000000035,SSLW,model_assisted_not_ground_truth,0,0,0,0,0,0,0,0,0,0,0
13.55,81.999999999995381,41.000000000004619,48.999999999995381,0,175.99999999996766,232.99999999996305,177.99999999998153,50.999999999986144,15.940000000000438,1926.1099999999212,SSLW,model_assisted_not_ground_truth,0,0,0,0,0,0,0,0,0,0,0
13.56,81,42,48.000000000005507,0,168.99999999992841,225.00000000001103,174.00000000005508,48,16.035000000000522,1909.0899999999062,SSLW,model_assisted_not_ground_truth,0,0,0,0,0,0,0,0,0,0,0
13.57,81.000000000019185,41.999999999993605,48.99999999998721,0,156.00000000003197,227.00000000002558,184.00000000007674,47.999999999993605,16.13000000000115,1892.0699999996921,SSLW,model_assisted_not_ground_truth,0,0,0,0,0,0,0,0,0,0,0
13.58,84.000000000014566,40.999999999992717,47.000000000007283,0,160.99999999993446,231.00000000002913,195.99999999993446,47,16.310000000000219,1843.9299999999268,SSLW,model_assisted_not_ground_truth,0,0,0,0,0,0,0,0,0,0,0
13.59,86.000000000016342,40.000000000016342,47.999999999991829,0,152.00000000004903,235.00000000004903,187.00000000004087,47.00000000006537,16.340000000000408,1833.8700000000815,SSLW,model_assisted_not_ground_truth,0,0,0,0,0,0,0,0,0,0,0
13.60,88.000000000090594,41.999999999972822,47.000000000009059,0,158.00000000000907,241.00000000000907,192.00000000005437,55.000000000135891,16.390000000000544,1843.8500000000449,SSLW,model_assisted_not_ground_truth,0,0,0,0,0,0,0,0,0,0,0
13.61,98.000000000119371,39.000000000009948,48.000000000009948,0,159.00000000009948,242.00000000009948,198.00000000007958,70.000000000198952,16.450000000001094,1848.8199999998603,SSLW,model_assisted_not_ground_truth,0,0,0,0,0,0,0,0,0,0,0
13.62,110.00000000006608,40.00000000006608,49.000000000011013,0,169.00000000011013,252.00000000007711,206.00000000002203,90.000000000176215,16.560000000000109,1834.7800000000659,SSLW,model_assisted_not_ground_truth,0,0,0,0,0,0,0,0,0,0,0
13.63,116.00000000009521,45.999999999988098,50,0,179.00000000013091,259.00000000010709,208.00000000007142,106.00000000036896,16.570000000000118,1840.7750000000713,SSLW,model_assisted_not_ground_truth,0,0,0,0,0,0,0,0,0,0,0
13.64,124.00000000010232,45.00000000001279,50.00000000001279,0,190.00000000015348,268.00000000014069,214.00000000014069,137.00000000039648,16.580000000000766,1846.7700000002042,SSLW,model_assisted_not_ground_truth,0,0,0,0,0,0,0,0,0,0,0
13.65,132.0000000003146,46.000000000082068,51.000000000013678,0,202.00000000016414,279.00000000009572,225.00000000023252,168.00000000028723,16.640000000002189,1862.7399999996437,SSLW,model_assisted_not_ground_truth,0,0,0,0,0,0,0,0,0,0,0
13.66,155.00000000040785,52.000000000072831,52.000000000014566,0,214.00000000029132,286.00000000013108,242.00000000017479,189.00000000027677,16.800000000000875,1836.6900000004218,SSLW,model_assisted_not_ground_truth,0,0,0,0,0,0,0,0,0,0,0
13.67,183.0000000001391,57.000000000185452,53,0,234.00000000034001,295.00000000030911,254.00000000016999,208.00000000032455,16.860000000000309,1865.6400000003864,SSLW,model_assisted_not_ground_truth,0,0,0,0,0,0,0,0,0,0,0
13.68,192.0000000001144,69.000000000179767,53,0,256.00000000017974,315.00000000016342,265.00000000026148,229.00000000035953,16.879999999999871,1890.6299999998403,SSLW,model_assisted_not_ground_truth,0,0,0,0,0,0,0,0,0,0,0
13.69,198.99999999996146,79.999999999939433,53,0,266.9999999999394,324.99999999994492,280.99999999991189,250.99999999987887,16.899999999999892,1904.1199999999258,SSLW,model_assisted_not_ground_truth,0,0,0,0,0,0,0,0,0,0,0
13.70,220.99999999990229,87.999999999964473,57.999999999977796,0,278.99999999994668,333.99999999996004,288.99999999996447,277.99999999988012,16.919999999999913,1917.6099999999401,SSLW,model_assisted_not_ground_truth,0,0,0,0,0,0,0,0,0,0,0
13.71,237.9999999999396,88,59.999999999992895,0,291.99999999995384,337.99999999998579,303.99999999994668,292.99999999994668,16.959999999999859,1945.5599999999006,SSLW,model_assisted_not_ground_truth,0,0,0,0,0,0,0,0,0,0,0
13.72,244.99999999998136,92.99999999998667,61.999999999994671,0,299.99999999997868,339.99999999999466,309.99999999998403,296.99999999998931,16.999999999999893,1969.5299999999361,SSLW,model_assisted_not_ground_truth,0,0,0,0,0,0,0,0,0,0,0
13.73,249.99999999999113,93,64.999999999994671,0,315.99999999997158,349.99999999998226,316.99999999998755,302.99999999998931,17.029999999999948,1984.4999999999734,SSLW,model_assisted_not_ground_truth,0,0,0,0,0,0,0,0,0,0,0
13.74,244.00000000000534,93,68.999999999996447,0,328.99999999998846,345.00000000000443,317.99999999999909,314.99999999998931,17.079999999999956,2012.4599999999753,SSLW,model_assisted_not_ground_truth,0,0,0,0,0,0,0,0,0,0,0
13.75,246,91,68,0,335,341,317,322,17.109999999999999,2037.4400000000001,SSLW,model_assisted_not_ground_truth,0,0,0,0,0,0,0,0,0,0,0
13.76,248.99999999999733,94.999999999991118,62.999999999997335,0,338.00000000000443,330.99999999999289,320.00000000000534,325,17.120000000000005,2055.4400000000032,SSLW,model_assisted_not_ground_truth,0,0,0,0,0,0,0,0,0,0,0
13.77,245.99999999999466,84.999999999996447,59.999999999994671,0,343.00000000000358,322.99999999999824,326.00000000000358,325.00000000000887,17.125000000000007,2058.9400000000064,SSLW,model_assisted_not_ground_truth,0,0,0,0,0,0,0,0,0,0,0
13.78,242.99999999998863,82.999999999997158,56.999999999988631,0,345,321.99999999999716,328.00000000001137,330.00000000000568,17.130000000000027,2062.4399999999773,SSLW,model_assisted_not_ground_truth,0,0,0,0,0,0,0,0,0,0,0
13.79,238.99999999999253,82.000000000018659,52.99999999999627,0,345.00000000001495,320.99999999999625,331.99999999999625,332.00000000003359,17.14000000000004,2054.4399999999591,SSLW,model_assisted_not_ground_truth,0,0,0,0,0,0,0,0,0,0,0
13.80,237,86.999999999981526,51.999999999990763,0,349.00000000001387,319.99999999998153,330.99999999998153,341.00000000003234,17.149999999999952,2043.4299999999678,SSLW,model_assisted_not_ground_truth,0,0,0,0,0,0,0,0,0,0,0
13.81,236.99999999997797,83,50,0,351.99999999998897,315.99999999995595,326.99999999997794,348.00000000000551,17.140000000000001,2036.4299999999478,SSLW,model_assisted_not_ground_truth,0,0,0,0,0,0,0,0,0,0,0
13.82,232.99999999991047,82.99999999997442,49.99999999998721,0,349.99999999992963,307.99999999989768,322.99999999987847,348.99999999991684,17.140000000000001,2026.9299999999394,SSLW,model_assisted_not_ground_truth,0,0,0,0,0,0,0,0,0,0,0
13.83,218.99999999983976,79,47.999999999985434,0,338.99999999993446,291.99999999984703,303.99999999976694,335.99999999986164,17.139999999999926,2017.4299999998909,SSLW,model_assisted_not_ground_truth,0,0,0,0,0,0,0,0,0,0,0
13.84,196.99999999986926,78.999999999877431,45.999999999967315,0,329.99999999977121,270.99999999986107,271.99999999977121,316.99999999976302,17.129999999999836,2002.4299999996651,SSLW,model_assisted_not_ground_truth,0,0,0,0,0,0,0,0,0,0,0
13.85,180.99999999967386,63.999999999873168,41.999999999945643,0,301.99999999972823,253.99999999991846,243.99999999976444,287.99999999954701,17.109999999999907,1961.4299999996829,SSLW,model_assisted_not_ground_truth,0,0,0,0,0,0,0,0,0,0,0
13.86,144.99999999967173,50.000000000019895,35.99999999996021,0,271.99999999971152,244.99999999992042,217.99999999975131,237.99999999955236,17.099999999999504,1926.4299999993434,SSLW,model_assisted_not_ground_truth,0,0,0,0,0,0,0,0,0,0,0
13.87,111.9999999996696,51.999999999955946,31.999999999977973,0,242.99999999970262,236.9999999996806,192.99999999987884,192.99999999974668,17.04999999999967,1860.429999999229,SSLW,model_assisted_not_ground_truth,0,0,0,0,0,0,0,0,0,0,0
13.88,81.999999999857181,47.999999999964295,30,0,215.99999999972627,207.99999999972627,181.99999999972627,169.9999999999167,17.019999999999701,1790.4199999996372,SSLW,model_assisted_not_ground_truth,0,0,0,0,0,0,0,0,0,0,0
13.89,69.999999999948841,45.00000000002558,30.00000000002558,0,192.99999999971863,184.99999999980815,158.99999999964189,162.99999999991047,16.994999999999678,1759.9199999996099,SSLW,model_assisted_not_ground_truth,0,0,0,0,0,0,0,0,0,0,0
13.90,66.000000000027356,46.999999999822187,32.000000000027356,0,170.99999999972644,169.99999999995896,130.99999999991792,155.99999999998633,16.96999999999904,1729.4199999990699,SSLW,model_assisted_not_ground_truth,0,0,0,0,0,0,0,0,0,0,0
13.91,67.999999999839773,33.999999999781508,34,0,150.99999999967955,166.99999999973781,124.99999999998543,154.99999999988347,16.899999999998979,1661.4199999992577,SSLW,model_assisted_not_ground_truth,0,0,0,0,0,0,0,0,0,0,0
13.92,57,19.000000000015454,34,0,128.99999999989183,148.99999999990726,123.99999999993818,146.99999999992272,16.829999999997835,1610.4499999988263,SSLW,model_assisted_not_ground_truth,0,0,0,0,0,0,0,0,0,0,0
13.93,57.00000000019611,19.99999999973852,34.000000000049027,0,121.99999999964047,142.99999999996732,119.99999999982023,141.99999999996732,16.690000000000897,1534.5100000004857,SSLW,model_assisted_not_ground_truth,0,0,0,0,0,0,0,0,0,0,0
13.94,68.99999999993392,4.0000000000881073,36.99999999998348,0,100.00000000012115,141.00000000001103,109.00000000006057,140.00000000001103,16.570000000000661,1433.5400000005559,SSLW,model_assisted_not_ground_truth,0,0,0,0,0,0,0,0,0,0,0
13.95,69.999999999995566,1.0000000000133227,38.999999999991118,0,93.000000000031093,141,111.99999999998667,140,16.530000000000179,1428.560000000022,SSLW,model_assisted_not_ground_truth,0,0,0,0,0,0,0,0,0,0,0
13.96,70,3.5527136788005009e-12,39.999999999996447,0,93,135.00000000002132,86.000000000092371,144.99999999998224,16.510000000000069,1409.5600000000675,SSLW,model_assisted_not_ground_truth,0,0,0,0,0,0,0,0,0,0,0
13.97,70,0,40,0,82.000000000029303,135.99999999999733,81.00000000001333,138.00000000001864,16.490000000000052,1390.5600000000506,SSLW,model_assisted_not_ground_truth,0,0,0,0,0,0,0,0,0,0,0
13.98,52.000000000031974,0,41.999999999996447,0,80.000000000003553,135.00000000000176,67.000000000024869,129.00000000001597,16.499999999999982,1400.5599999999822,SSLW,model_assisted_not_ground_truth,0,0,0,0,0,0,0,0,0,0,0
13.99,47.000000000004441,0,42.999999999999112,0,80,111.00000000002132,59.000000000007105,115.00000000001243,16.490000000000009,1404.5699999999963,SSLW,model_assisted_not_ground_truth,0,0,0,0,0,0,0,0,0,0,0
14.00,44,0,41,0,80,104,49,83,16.510000000000002,1421.5699999999999,SSLW,model_assisted_not_ground_truth,0,0,0,0,0,0,0,0,0,0,0
14.01,46,0,43,0,75.999999999992895,100.0000000000009,43,59.999999999987566,16.509999999999984,1402.5500000000027,SSLW,model_assisted_not_ground_truth,0,0,0,0,0,0,0,0,0,0,0
14.02,46,2.3092638912224259e-11,43.000000000001776,0,68,100.99999999998401,42.999999999996447,45.999999999992895,16.489999999999988,1405.5700000000088,SSLW,model_assisted_not_ground_truth,0,0,0,0,0,0,0,0,0,0,0
14.03,45.999999999997158,13.000000000005684,44.000000000002842,0,68,92.000000000005684,41.000000000002842,41.999999999997158,16.484999999999985,1410.5750000000141,SSLW,model_assisted_not_ground_truth,0,0,0,0,0,0,0,0,0,0,0
14.04,45,14.99999999999627,44.999999999992539,0,68.000000000003737,94.00000000002612,41.99999999999627,41,16.48000000000004,1415.5799999999888,SSLW,model_assisted_not_ground_truth,0,0,0,0,0,0,0,0,0,0,0
14.05,45.000000000004619,14.000000000041567,43.000000000009237,0,69,101.00000000003233,41,40.999999999990763,16.489999999999952,1412.5799999999999,SSLW,model_assisted_not_ground_truth,0,0,0,0,0,0,0,0,0,0,0
14.06,46,23.000000000005507,44.999999999994493,0,69.000000000011013,108.00000000006058,40.999999999988987,38.999999999994493,16.479999999999944,1412.5899999999833,SSLW,model_assisted_not_ground_truth,0,0,0,0,0,0,0,0,0,0,0
14.07,46,24.000000000044764,44,0,71.00000000001279,119.00000000005116,39,38.000000000006395,16.469999999999999,1409.5900000000127,SSLW,model_assisted_not_ground_truth,0,0,0,0,0,0,0,0,0,0,0
14.08,46,31.000000000014566,43.999999999978151,0,73.00000000000729,127,38.999999999985434,39.000000000007283,16.469999999999999,1411.5899999998906,SSLW,model_assisted_not_ground_truth,0,0,0,0,0,0,0,0,0,0,0
14.09,46,33.00000000006537,40.999999999967315,0,74.000000000016342,126.99999999997549,36.999999999991829,39.999999999983658,16.469999999999956,1396.5799999999917,SSLW,model_assisted_not_ground_truth,0,0,0,0,0,0,0,0,0,0,0
14.10,46,41.000000000009059,36.999999999918465,0,76.000000000018119,124,35.999999999990941,38.000000000009059,16.464999999999954,1395.5799999999908,SSLW,model_assisted_not_ground_truth,0,0,0,0,0,0,0,0,0,0,0
14.11,45.999999999990052,42.000000000019895,28.00000000003979,0,77.999999999980105,124.0000000000199,35,38.999999999970157,16.460000000000001,1394.5800000000795,SSLW,model_assisted_not_ground_truth,0,0,0,0,0,0,0,0,0,0,0
14.12,44.999999999988987,43.999999999988987,32.000000000022027,0,76.000000000011013,126.00000000001101,35,36,16.460000000000111,1402.5900000000661,SSLW,model_assisted_not_ground_truth,0,0,0,0,0,0,0,0,0,0,0
14.13,44.000000000011902,43.000000000035705,34.000000000023803,1.1901590823992503e-11,76.999999999988091,126.99999999998809,35.000000000023803,36.000000000047606,16.469999999999878,1408.5899999999524,SSLW,model_assisted_not_ground_truth,0,0,0,0,0,0,0,0,0,0,0
14.14,44.99999999998721,45.99999999998721,35.99999999998721,1.0000000124828148,75.99999999997442,126,36.99999999997442,39.99999999998721,16.459999999999873,1404.5899999999617,SSLW,model_assisted_not_ground_truth,0,0,0,0,0,0,0,0,0,0,0
14.15,44.000000000027356,44.999999999972644,35.000000000027356,977,74.000000000013685,125.99999999997264,35.000000000027356,39.000000000054712,16.449999999999999,1401.5999999999863,SSLW,model_assisted_not_ground_truth,0,0,0,0,0,0,0,0,0,0,0
14.16,45.999999999985434,43.000000000043698,37.000000000043698,977,75,124,37,43.000000000160227,16.45000000000007,1400.6000000000436,SSLW,model_assisted_not_ground_truth,0,0,0,0,0,0,0,0,0,0,0
14.17,44.999999999984546,46.000000000030909,40.000000000030909,976.9999999849166,75,124.00000000006182,37,54.000000000077272,16.45500000000002,1403.6000000000122,SSLW,model_assisted_not_ground_truth,0,0,0,0,0,0,0,0,0,0,0
14.18,43.999999999983658,48.000000000016342,42,1,75.000000000016342,127.99999999991829,37,58.999999999967315,16.459999999999969,1406.5999999999808,SSLW,model_assisted_not_ground_truth,0,0,0,0,0,0,0,0,0,0,0
14.19,43.000000000005507,48.999999999994493,42,1,75.999999999994486,123.00000000002754,37,57.000000000011013,16.440000000000111,1430.6299999998678,SSLW,model_assisted_not_ground_truth,0,0,0,0,0,0,0,0,0,0,0
14.20,43,49,42,4.4408920985006262e-12,75.000000000004434,123,37,62.999999999973355,16.469999999999864,1457.6299999998803,SSLW,model_assisted_not_ground_truth,0,0,0,0,0,0,0,0,0,0,0
14.21,41.000000000007105,45.000000000014211,42.999999999996447,0,77.999999999989342,118.00000000001776,37,69.999999999975131,16.469999999999999,1464.6399999999751,SSLW,model_assisted_not_ground_truth,0,0,0,0,0,0,0,0,0,0,0
14.22,41,44.000000000002665,43,0,78.999999999997328,116.00000000000533,37,75.999999999984013,16.469999999999999,1472.6399999999787,SSLW,model_assisted_not_ground_truth,0,0,0,0,0,0,0,0,0,0,0
14.23,36.000000000008882,41.000000000005329,41.000000000003553,0,81.999999999994671,113.00000000000533,37,84.999999999984013,16.484999999999971,1439.0900000000597,SSLW,model_assisted_not_ground_truth,0,0,0,0,0,0,0,0,0,0,0
14.24,36,41,39.000000000001776,0,84.999999999997328,108.00000000000443,36.000000000000888,88.999999999996447,16.499999999999986,1405.5400000000297,SSLW,model_assisted_not_ground_truth,0,0,0,0,0,0,0,0,0,0,0
14.25,36,36,39,0,85,101,35,89,16.449999999999999,1356.55,SSLW,model_assisted_not_ground_truth,0,0,0,0,0,0,0,0,0,0,0
14.26,36,36.000000000002665,37.000000000002665,0,83.000000000002672,99.999999999991118,34,84.999999999996447,16.440000000000001,1368.5700000000045,SSLW,model_assisted_not_ground_truth,0,0,0,0,0,0,0,0,0,0,0
14.27,36,39,40.000000000003553,0,86.000000000007105,89.999999999991118,33.999999999998224,80.999999999992895,16.440000000000001,1373.580000000007,SSLW,model_assisted_not_ground_truth,0,0,0,0,0,0,0,0,0,0,0
14.28,36.000000000014211,39.000000000005684,42.000000000005684,0,90.000000000017053,84.999999999994316,33,77.000000000019895,16.440000000000058,1377.5800000000113,SSLW,model_assisted_not_ground_truth,0,0,0,0,0,0,0,0,0,0,0
14.29,40.99999999999627,40.99999999999627,44.00000000000373,0,96.000000000029843,82.999999999996263,33.00000000000373,84.000000000018659,16.460000000000001,1381.5800000000036,SSLW,model_assisted_not_ground_truth,0,0,0,0,0,0,0,0,0,0,0
14.30,40.000000000009237,40,45.000000000004619,0,104.00000000004157,81.999999999986144,34.000000000004619,89.000000000041567,16.460000000000001,1382.5850000000046,SSLW,model_assisted_not_ground_truth,0,0,0,0,0,0,0,0,0,0,0
14.31,41.999999999994493,40,46,0,113.00000000003304,79.000000000038554,35.00000000001652,98.000000000082608,16.460000000000058,1383.590000000044,SSLW,model_assisted_not_ground_truth,0,0,0,0,0,0,0,0,0,0,0
14.32,40.999999999980815,40.000000000031974,46.000000000006395,0,119.00000000003837,86.000000000153477,37.999999999993605,113.00000000016627,16.469999999999999,1391.5899999998974,SSLW,model_assisted_not_ground_truth,0,0,0,0,0,0,0,0,0,0,0
14.33,38.000000000029132,45.000000000043698,47.000000000007283,0,125.00000000003642,110.00000000010196,37.000000000021849,139.00000000034231,16.470000000000145,1375.5700000000945,SSLW,model_assisted_not_ground_truth,0,0,0,0,0,0,0,0,0,0,0
14.34,42.000000000024514,51.000000000106226,48,0,130.00000000013893,124.00000000012257,40.000000000008171,186.00000000013074,16.489999999999998,1388.5699999999426,SSLW,model_assisted_not_ground_truth,0,0,0,0,0,0,0,0,0,0,0
14.35,45.000000000126832,64.000000000190255,48,0,147.00000000013588,139.00000000005437,41.000000000036238,202.00000000034427,16.489999999999906,1381.5700000000361,SSLW,model_assisted_not_ground_truth,0,0,0,0,0,0,0,0,0,0,0
14.36,59.000000000049738,85.000000000089528,48.000000000009948,0,162.00000000019895,145.00000000016911,45.000000000099476,240.00000000024869,16.48000000000005,1385.5700000000497,SSLW,model_assisted_not_ground_truth,0,0,0,0,0,0,0,0,0,0,0
14.37,64.000000000121148,94.000000000187228,49,0,182.00000000018724,162.00000000019824,55.000000000132161,265.00000000013216,16.485000000000056,1390.570000000055,SSLW,model_assisted_not_ground_truth,0,0,0,0,0,0,0,0,0,0,0
14.38,75.000000000154728,111.00000000017853,49.000000000023803,0,199.00000000022612,180.00000000033324,67.000000000178531,277.00000000032134,16.489999999996904,1395.5700000001555,SSLW,model_assisted_not_ground_truth,0,0,0,0,0,0,0,0,0,0,0
14.39,88.000000000268585,126.00000000016627,51,0,218.00000000028137,208.00000000056275,82.000000000281375,304.00000000024301,16.229999999991175,1408.6399999988382,SSLW,model_assisted_not_ground_truth,0,0,0,0,0,0,0,0,0,0,0
14.40,109.00000000060183,139.00000000021885,51.00000000006839,0,240.00000000030093,252.00000000039665,104.00000000036931,323.00000000017781,15.539999999970044,1317.7900000028246,SSLW,model_assisted_not_ground_truth,0,0,0,0,0,0,0,0,0,0,0
14.41,153.00000000080115,155.00000000043698,56.000000000276756,0,262.00000000033504,281.00000000056809,131.00000000069917,336.00000000049528,13.349999999987327,1524.3000000035884,SSLW,model_assisted_not_ground_truth,0,0,0,0,0,0,0,0,0,0,0
14.42,208.00000000010817,185.00000000047908,75.000000000309086,0,285.00000000047908,320.0000000003709,179.0000000001391,370.00000000038636,12.479999999995982,1770.660000000961,SSLW,model_assisted_not_ground_truth,0,0,0,0,0,0,0,0,0,0,0
14.43,215,216.00000000006537,95.000000000359535,0,316.00000000014705,344.00000000013074,188.00000000016342,394.99999999998369,12.220000000001663,1832.8299999996023,SSLW,model_assisted_not_ground_truth,0,0,0,0,0,0,0,0,0,0,0
14.44,215,219.99999999997797,116.99999999987885,0,324.99999999995043,351.99999999995595,197.99999999994492,394.00000000000551,12.210000000000054,1891.9549999996743,SSLW,model_assisted_not_ground_truth,0,0,0,0,0,0,0,0,0,0,0
14.45,218.99999999998224,220,127.99999999995114,0,327.9999999999867,353.99999999999113,199.99999999999113,387.00000000003109,12.200000000000044,1951.0799999997373,SSLW,model_assisted_not_ground_truth,0,0,0,0,0,0,0,0,0,0,0
14.46,221.99999999998934,220.99999999999645,129.99999999999289,0,328.99999999999648,355.99999999999289,203.99999999998579,379.00000000002842,12.349999999999467,2099.0899999994745,SSLW,model_assisted_not_ground_truth,0,0,0,0,0,0,0,0,0,0,0
14.47,231.99999999997334,220.00000000000267,131.99999999999466,0,331.99999999999199,356,204,359.00000000005332,12.67999999999912,2166.0799999998212,SSLW,model_assisted_not_ground_truth,0,0,0,0,0,0,0,0,0,0,0
14.48,226.00000000001066,212.00000000001421,117.00000000002665,0,332,356.99999999999824,204,354.00000000000887,12.819999999999752,2156.0200000000177,SSLW,model_assisted_not_ground_truth,0,0,0,0,0,0,0,0,0,0,0
14.49,226.99999999999912,210.00000000000176,117.99999999999912,0,331.00000000000091,357,205.99999999999824,339.0000000000133,12.889999999999938,2170.9899999999866,SSLW,model_assisted_not_ground_truth,0,0,0,0,0,0,0,0,0,0,0
14.50,231,201,122,0,332,357,210,331,12.890000000000001,2217.04,SSLW,model_assisted_not_ground_truth,0,0,0,0,0,0,0,0,0,0,0
14.51,221.99999999999645,200.99999999999733,119.999999999992,0,332.00000000000091,356.99999999999824,210.00000000000622,333.99999999998931,12.895000000000005,2236.0400000000168,SSLW,model_assisted_not_ground_truth,0,0,0,0,0,0,0,0,0,0,0
14.52,217.99999999997868,197.99999999997689,110.99999999999822,0,332.99999999999113,354.99999999999113,217,321.99999999999289,12.900000000000089,2255.0400000000159,SSLW,model_assisted_not_ground_truth,0,0,0,0,0,0,0,0,0,0,0
14.53,205.99999999997158,184.99999999995168,109.99999999995737,0,327.99999999996305,349.9999999999801,216.9999999999801,317.99999999994031,12.950000000000426,2264.0199999999659,SSLW,model_assisted_not_ground_truth,0,0,0,0,0,0,0,0,0,0,0
14.54,195.99999999995151,167.99999999994031,94.999999999932854,0,314.9999999999888,342.99999999996641,209.9999999999888,296.99999999994407,13.100000000000746,2251.9899999999061,SSLW,model_assisted_not_ground_truth,0,0,0,0,0,0,0,0,0,0,0
14.55,182.99999999995842,151.99999999989376,76.999999999949196,0,311.99999999996305,333.99999999995379,206.99999999998153,281.99999999988455,13.300000000000786,2226.9299999997547,SSLW,model_assisted_not_ground_truth,0,0,0,0,0,0,0,0,0,0,0
14.56,173.99999999991741,128.99999999990638,65.999999999955946,0,303.99999999996146,323.99999999996697,203.00000000001103,256.99999999999449,13.4700000000008,2173.8499999999281,SSLW,model_assisted_not_ground_truth,0,0,0,0,0,0,0,0,0,0,0
14.57,158.99999999991047,111.99999999988489,57.99999999998721,0,296.99999999989768,317.99999999996163,204.99999999993605,255.99999999992966,13.615000000000927,2160.8149999999168,SSLW,model_assisted_not_ground_truth,0,0,0,0,0,0,0,0,0,0,0
14.58,144.99999999992716,94,55.999999999978151,0,281,311.99999999997817,194.99999999998542,244.99999999981793,13.760000000001893,2147.7799999999784,SSLW,model_assisted_not_ground_truth,0,0,0,0,0,0,0,0,0,0,0
14.59,134.99999999996732,93.999999999975486,53,0,281.00000000000819,308.99999999988557,193.00000000004903,219.99999999991829,14.020000000001961,2144.7599999996723,SSLW,model_assisted_not_ground_truth,0,0,0,0,0,0,0,0,0,0,0
14.60,130.99999999989129,90.999999999990933,53,0,281.99999999990939,294.99999999985505,198.99999999994563,209.99999999984598,14.26000000000154,2104.6399999997093,SSLW,model_assisted_not_ground_truth,0,0,0,0,0,0,0,0,0,0,0
14.61,118.99999999992042,89.999999999880629,53,0,271.9999999997911,278.99999999993037,193.00000000008953,192.99999999991047,14.430000000002188,2072.5599999998103,SSLW,model_assisted_not_ground_truth,0,0,0,0,0,0,0,0,0,0,0
14.62,110.99999999988987,77.99999999996696,53,0,250.99999999986784,271.99999999995595,201.99999999997797,183.99999999974668,14.650000000002093,2053.4899999996355,SSLW,model_assisted_not_ground_truth,0,0,0,0,0,0,0,0,0,0,0
14.63,100.99999999998809,74.999999999880984,52.999999999976197,0,238.99999999986909,268.00000000001188,199.99999999988097,160.99999999983336,14.840000000001428,2020.4099999999103,SSLW,model_assisted_not_ground_truth,0,0,0,0,0,0,0,0,0,0,0
14.64,99.999999999897682,64.999999999897682,50.99999999997442,0,227.99999999989768,268.99999999991047,190.00000000003837,146.99999999975699,14.960000000001536,2012.8599999999035,SSLW,model_assisted_not_ground_truth,0,0,0,0,0,0,0,0,0,0,0
14.65,91.999999999972644,56.999999999863221,49.000000000013678,0,219.99999999989058,261.99999999989058,193.00000000009575,127.99999999964437,15.080000000002599,2005.3099999998619,SSLW,model_assisted_not_ground_truth,0,0,0,0,0,0,0,0,0,0,0
14.66,90.000000000014566,47,50,0,211.99999999966496,253.99999999992716,199.99999999983976,101.99999999967955,15.270000000002476,1995.2200000000723,SSLW,model_assisted_not_ground_truth,0,0,0,0,0,0,0,0,0,0,0
14.67,91.000000000015461,46.999999999938183,50.000000000015454,0,188.99999999979909,248.99999999992272,188.99999999983001,79.999999999814548,15.440000000004636,2000.1900000000612,SSLW,model_assisted_not_ground_truth,0,0,0,0,0,0,0,0,0,0,0
14.68,91.999999999950973,42.99999999993463,50.999999999983658,0,175.9999999998856,243.99999999993463,178.00000000009805,67.999999999885603,15.739999999998082,2004.1499999999749,SSLW,model_assisted_not_ground_truth,0,0,0,0,0,0,0,0,0,0,0
14.69,89.000000000016513,39.000000000022027,50.000000000005507,0,169.00000000003854,240.00000000002203,183.99999999996697,61.000000000038547,15.849999999999394,2004.0900000000001,SSLW,model_assisted_not_ground_truth,0,0,0,0,0,0,0,0,0,0,0
14.70,93.999999999977803,39,49.000000000004441,0,165.00000000001776,241.99999999999113,185.99999999999113,59.000000000008882,15.969999999999468,1995.0500000000402,SSLW,model_assisted_not_ground_truth,0,0,0,0,0,0,0,0,0,0,0
14.71,93.000000000003553,39,49,0,164.00000000000355,242,188.99999999998934,57.000000000007105,16.024999999999803,1978.0000000000605,SSLW,model_assisted_not_ground_truth,0,0,0,0,0,0,0,0,0,0,0
14.72,91.000000000005329,37.000000000005329,49,0,160.00000000001066,244.99999999999201,189.99999999999733,54.000000000007994,16.079999999999853,1960.9500000000455,SSLW,model_assisted_not_ground_truth,0,0,0,0,0,0,0,0,0,0,0
14.73,93.999999999994671,33.000000000007105,49.999999999998224,0,159.00000000000176,248.99999999999289,189.00000000000176,52.000000000003553,16.149999999999874,1961.9199999999983,SSLW,model_assisted_not_ground_truth,0,0,0,0,0,0,0,0,0,0,0
14.74,101.99999999999289,37.999999999995559,49.000000000000888,0,153.00000000000534,249,182.00000000000622,52.999999999999112,16.189999999999966,1963.8899999999983,SSLW,model_assisted_not_ground_truth,0,0,0,0,0,0,0,0,0,0,0
14.75,111,37,49,0,165,249,185,53,16.280000000000001,1963.8599999999999,SSLW,model_assisted_not_ground_truth,0,0,0,0,0,0,0,0,0,0,0
14.76,116.00000000000711,37.000000000001776,49.000000000001776,0,171.00000000000711,250.00000000000622,187.00000000000622,68.000000000021316,16.320000000000036,1978.8400000000061,SSLW,model_assisted_not_ground_truth,0,0,0,0,0,0,0,0,0,0,0
14.77,124.00000000000888,39.000000000001776,50.999999999998224,0,179.00000000000711,257.00000000000711,194.00000000001955,92.000000000042633,16.360000000000035,1985.8100000000106,SSLW,model_assisted_not_ground_truth,0,0,0,0,0,0,0,0,0,0,0
14.78,129.00000000001421,40.000000000017053,50,0,183.000000000054,261.00000000003695,205.00000000001705,116.00000000006821,16.380000000000056,1991.7950000000169,SSLW,model_assisted_not_ground_truth,0,0,0,0,0,0,0,0,0,0,0
14.79,134.00000000007461,46.000000000011191,50,0,202.00000000004104,274.00000000002984,211.00000000007088,140.00000000010073,16.400000000000112,1997.7800000000334,SSLW,model_assisted_not_ground_truth,0,0,0,0,0,0,0,0,0,0,0
14.80,154.00000000004619,49.000000000004619,50.000000000004619,0,213.00000000004619,282.00000000002774,230.00000000004158,167.00000000009237,16.430000000000231,2006.7699999999213,SSLW,model_assisted_not_ground_truth,0,0,0,0,0,0,0,0,0,0,0
14.81,164.00000000012116,50.00000000006608,51.000000000011013,0,223.00000000008811,288.00000000003854,239.00000000004405,187.00000000009362,16.480000000000441,1989.7200000001483,SSLW,model_assisted_not_ground_truth,0,0,0,0,0,0,0,0,0,0,0
14.82,186.00000000005116,62.000000000102318,53,0,239.0000000001215,295.0000000001279,247.00000000007674,204.0000000001279,16.560000000000766,2016.6600000001465,SSLW,model_assisted_not_ground_truth,0,0,0,0,0,0,0,0,0,0,0
14.83,194.00000000007284,78.000000000109253,53,0,258.00000000008009,315.00000000001455,259.0000000001238,224.00000000020393,16.680000000000838,2039.5499999999233,SSLW,model_assisted_not_ground_truth,0,0,0,0,0,0,0,0,0,0,0
14.84,204.00000000015527,93.000000000016342,53.000000000049027,0,269.0000000001798,317.00000000006537,276.00000000009805,252.00000000018795,16.79500000000094,2029.019999999914,SSLW,model_assisted_not_ground_truth,0,0,0,0,0,0,0,0,0,0,0
14.85,223.00000000018119,95.000000000036238,59.000000000027178,0,291.00000000011778,325.00000000011778,288.00000000010874,275.00000000015399,16.909999999999908,2018.4900000003265,SSLW,model_assisted_not_ground_truth,0,0,0,0,0,0,0,0,0,0,0
14.86,243,99.000000000179057,62.000000000159162,0,304.00000000011937,338.00000000008953,300.00000000010942,292.00000000011937,16.900000000000695,2054.5200000003078,SSLW,model_assisted_not_ground_truth,0,0,0,0,0,0,0,0,0,0,0
14.87,243.00000000011013,117.00000000007709,78.000000000110134,0,316.00000000020924,347.00000000007708,311.00000000018724,304.00000000018724,16.970000000000439,2085.4700000003304,SSLW,model_assisted_not_ground_truth,0,0,0,0,0,0,0,0,0,0,0
14.88,253.00000000007142,124.0000000000238,88.000000000023803,0,335.00000000011903,354.0000000000357,328.00000000008333,321.00000000011903,17.010000000000836,2115.4699999998925,SSLW,model_assisted_not_ground_truth,0,0,0,0,0,0,0,0,0,0,0
14.89,259.00000000010232,126.00000000003837,90.000000000038369,0,345.00000000007674,357.00000000002558,335.00000000005116,331.00000000011511,17.080000000000254,2106.4600000001533,SSLW,model_assisted_not_ground_truth,0,0,0,0,0,0,0,0,0,0,0
14.90,266.99999999993162,129.00000000006838,93.000000000068397,0,351.00000000005474,359.00000000006838,339.00000000005474,340.00000000012312,17.100000000000275,2118.450000000068,SSLW,model_assisted_not_ground_truth,0,0,0,0,0,0,0,0,0,0,0
14.91,262.00000000004371,134.00000000004371,98.000000000014566,0,355.00000000005826,364.00000000002916,343.00000000001455,349,17.120000000000072,2123.4399999996649,SSLW,model_assisted_not_ground_truth,0,0,0,0,0,0,0,0,0,0,0
14.92,265,137.00000000001546,99.000000000015461,0,359.00000000001546,366.00000000003092,344,349.00000000010817,17.125000000000021,2100.4349999999058,SSLW,model_assisted_not_ground_truth,0,0,0,0,0,0,0,0,0,0,0
14.93,264.99999999998369,137.99999999986926,99.99999999993463,0,360.00000000001631,368.00000000001631,343.99999999998369,356.00000000006537,17.129999999999967,2077.4300000001467,SSLW,model_assisted_not_ground_truth,0,0,0,0,0,0,0,0,0,0,0
14.94,264.00000000000551,130.00000000004405,96.000000000022027,0,360.99999999999449,368.99999999999449,343.00000000000551,359.99999999997794,17.129999999999999,2066.4300000000603,SSLW,model_assisted_not_ground_truth,0,0,0,0,0,0,0,0,0,0,0
14.95,261.0000000000133,119.00000000004886,95.000000000004434,0,359.00000000000887,364.00000000002223,343,359.00000000000443,17.219999999999601,2065.4300000000044,SSLW,model_assisted_not_ground_truth,0,0,0,0,0,0,0,0,0,0,0
14.96,256.00000000001774,113.00000000002132,74.000000000074607,0,353.00000000002132,355.00000000003195,339.00000000001421,357.00000000000711,17.219999999999999,2033.4300000001138,SSLW,model_assisted_not_ground_truth,0,0,0,0,0,0,0,0,0,0,0
14.97,246.00000000002666,107.00000000001599,55.000000000050626,0,342.00000000002933,339.00000000004263,322.0000000000453,345.00000000003195,17.219999999999999,2018.9250000000386,SSLW,model_assisted_not_ground_truth,0,0,0,0,0,0,0,0,0,0,0
14.98,231.00000000002666,85.00000000003908,51.000000000007105,0,332.00000000001774,312.00000000004798,296.00000000004616,320.00000000004439,17.219999999999999,2004.4200000000258,SSLW,model_assisted_not_ground_truth,0,0,0,0,0,0,0,0,0,0,0
14.99,203.00000000002487,79.000000000005329,48.000000000002665,0,310.00000000001955,289.00000000002041,267.00000000002575,286.00000000003018,17.110000000000099,1943.4200000000542,SSLW,model_assisted_not_ground_truth,0,0,0,0,0,0,0,0,0,0,0
15.00,174,70,46,0,289,271,241,250,17.100000000000001,1922.4200000000001,SSLW,model_assisted_not_ground_truth,0,0,0,0,0,0,0,0,0,0,0
15.01,136.99999999996803,64.999999999990223,41.999999999996447,0,265.99999999996624,249.99999999998312,208.999999999984,205.99999999998045,17.099999999999966,1885.4099999999539,SSLW,model_assisted_not_ground_truth,0,0,0,0,0,0,0,0,0,0,0
15.02,100.9999999999627,53.999999999989342,37.999999999989342,0,227.99999999994316,230.99999999995202,190.99999999996447,183.99999999998045,17.059999999999928,1833.4099999998757,SSLW,model_assisted_not_ground_truth,0,0,0,0,0,0,0,0,0,0,0
15.03,79.999999999971578,47.99999999997442,31.999999999997158,0,195.99999999994316,203.99999999994031,170.99999999993179,172.99999999998295,17.019999999999914,1763.3999999999091,SSLW,model_assisted_not_ground_truth,0,0,0,0,0,0,0,0,0,0,0
15.04,69.999999999996263,38.999999999973888,31.000000000011191,0,175.99999999992167,182.99999999993284,146.99999999993284,166.99999999998136,16.989999999999888,1731.3999999998807,SSLW,model_assisted_not_ground_truth,0,0,0,0,0,0,0,0,0,0,0
15.05,69.000000000004619,31.999999999958433,34,0,154.99999999995381,164.99999999998613,128.99999999996766,161.99999999998613,16.959999999999955,1699.4000000000001,SSLW,model_assisted_not_ground_truth,0,0,0,0,0,0,0,0,0,0,0
15.06,70.000000000005514,22.99999999993392,34.000000000005507,0,144.99999999989538,161.99999999997246,121.99999999997246,158.99999999998349,16.949999999999172,1699.3999999993616,SSLW,model_assisted_not_ground_truth,0,0,0,0,0,0,0,0,0,0,0
15.07,71.00000000001279,10.999999999929656,35.00000000001279,0,125.99999999997442,156.99999999997442,116.99999999991687,156.00000000000639,16.799999999999041,1583.4599999993161,SSLW,model_assisted_not_ground_truth,0,0,0,0,0,0,0,0,0,0,0
15.08,73.00000000000729,0,37.000000000007283,0,121.99999999989804,152.99999999993446,104.00000000000729,157.00000000001458,16.649999999999196,1476.5199999995268,SSLW,model_assisted_not_ground_truth,0,0,0,0,0,0,0,0,0,0,0
15.09,73.999999999983658,0,38.000000000024514,0,107.99999999986926,143.99999999995097,104.99999999986109,158.99999999993463,16.539999999999957,1411.55,SSLW,model_assisted_not_ground_truth,0,0,0,0,0,0,0,0,0,0,0
15.10,72.000000000009067,0,40.999999999990941,0,91.999999999954696,137.99999999998187,87.999999999855049,150.99999999991846,16.534999999999954,1411.5550000000001,SSLW,model_assisted_not_ground_truth,0,0,0,0,0,0,0,0,0,0,0
15.11,72.999999999980105,0,40.000000000009948,0,86.999999999950262,135.99999999997016,71.999999999940314,141.99999999988063,16.529999999999802,1411.5599999999304,SSLW,model_assisted_not_ground_truth,0,0,0,0,0,0,0,0,0,0,0
15.12,70.999999999845812,0,41,1.101341240429157e-11,81.999999999977973,132.99999999992289,65.999999999911893,129.99999999991189,16.510000000000112,1404.5600000000109,SSLW,model_assisted_not_ground_truth,0,0,0,0,0,0,0,0,0,0,0
15.13,56.999999999976197,0,41.000000000011902,0.99999999998809841,79.999999999976197,125.99999999991668,57.99999999992859,121.99999999980957,16.519999999999762,1405.5599999999167,SSLW,model_assisted_not_ground_truth,0,0,0,0,0,0,0,0,0,0,0
15.14,54.999999999910472,0,41.99999999998721,0,77.99999999997442,118.99999999996163,51.999999999948841,105.9999999996291,16.500000000000256,1398.5599999999997,SSLW,model_assisted_not_ground_truth,0,0,0,0,0,0,0,0,0,0,0
15.15,47.999999999972644,0,41.000000000013678,0,75.999999999917932,115.99999999980851,47.99999999993161,76.999999999726441,16.519999999999587,1398.539999999932,SSLW,model_assisted_not_ground_truth,0,0,0,0,0,0,0,0,0,0,0
15.16,46,0,42.000000000029132,2.9132252166190603e-11,69.999999999868905,101.99999999998543,43,56.999999999766942,16.489999999999998,1393.5700000000729,SSLW,model_assisted_not_ground_truth,0,0,0,0,0,0,0,0,0,0,0
15.17,46,0,43.999999999984546,1.9999999999690914,61.000000000092726,100.99999999993818,42.999999999984546,40.999999999984546,16.489999999999998,1398.5799999999922,SSLW,model_assisted_not_ground_truth,0,0,0,0,0,0,0,0,0,0,0
15.18,45.999999999967315,1.6342482922125583e-11,43,0,67.000000000032685,96.999999999983658,42,39.999999999950973,16.489999999999998,1398.0799999999974,SSLW,model_assisted_not_ground_truth,0,0,0,0,0,0,0,0,0,0,0
15.19,44.000000000011013,0.99999999999449329,43,0,68.999999999988987,96.000000000005514,42,37.00000000001652,16.489999999999998,1397.5800000000027,SSLW,model_assisted_not_ground_truth,0,0,0,0,0,0,0,0,0,0,0
15.20,44,3.9999999999866773,43.999999999995559,0,69,96,41.000000000004441,25.000000000053291,16.470000000000088,1398.5899999999954,SSLW,model_assisted_not_ground_truth,0,0,0,0,0,0,0,0,0,0,0
15.21,45.999999999992895,14.99999999996092,43.000000000003553,0,69.999999999996447,106.99999999996092,41,25.999999999996447,16.460000000000036,1392.5900000000213,SSLW,model_assisted_not_ground_truth,0,0,0,0,0,0,0,0,0,0,0
15.22,45.000000000002665,13.000000000005329,43,0,70,111.99999999998667,41,26.999999999997335,16.460000000000001,1379.5900000000345,SSLW,model_assisted_not_ground_truth,0,0,0,0,0,0,0,0,0,0,0
15.23,45.999999999998224,22.999999999982236,43,0,70.999999999998224,117.99999999998934,41,27,16.469999999999981,1389.5899999999822,SSLW,model_assisted_not_ground_truth,0,0,0,0,0,0,0,0,0,0,0
15.24,45.000000000000888,25.999999999997335,39.000000000003553,0,71,119.99999999999822,41,27.999999999999112,16.469999999999999,1376.5600000000115,SSLW,model_assisted_not_ground_truth,0,0,0,0,0,0,0,0,0,0,0
15.25,46,30,33,0,72,122,40,26,16.460000000000001,1373.5650000000001,SSLW,model_assisted_not_ground_truth,0,0,0,0,0,0,0,0,0,0,0
15.26,45.999999999999112,35.000000000000888,31.000000000002665,0,71.999999999995552,119.99999999999822,39.000000000000888,28,16.449999999999999,1370.5700000000134,SSLW,model_assisted_not_ground_truth,0,0,0,0,0,0,0,0,0,0,0
15.27,45,36.000000000012434,33.999999999998224,5.3290705182055982e-12,66.999999999996447,117.99999999999822,39.999999999998224,27.999999999998224,16.449999999999999,1385.5899999999981,SSLW,model_assisted_not_ground_truth,0,0,0,0,0,0,0,0,0,0,0
15.28,45,42.999999999997158,33.000000000008527,3.0000000027682745,64.999999999991473,117.00000000001421,38.999999999997158,27.00000000002558,16.449999999999999,1384.5899999999885,SSLW,model_assisted_not_ground_truth,0,0,0,0,0,0,0,0,0,0,0
15.29,44.99999999999627,42.000000000011191,36,977,61.99999999999627,122.0000000000112,38.00000000000373,36.000000000007461,16.44999999999996,1380.5900000000149,SSLW,model_assisted_not_ground_truth,0,0,0,0,0,0,0,0,0,0,0
15.30,43.999999999995381,44.999999999981526,36.000000000018474,977,60.999999999995381,124.99999999999076,39.000000000004619,37.999999999976907,16.440000000000001,1384.6000000000045,SSLW,model_assisted_not_ground_truth,0,0,0,0,0,0,0,0,0,0,0
15.31,43,41.000000000011013,40.00000000001652,976.99999999999454,60.000000000011013,123.00000000003304,40,33.000000000005507,16.440000000000001,1385.6000000000054,SSLW,model_assisted_not_ground_truth,0,0,0,0,0,0,0,0,0,0,0
15.32,42.999999999993605,43.000000000006395,42.999999999993605,976.00000000000637,62.00000000001279,129.00000000001279,40,34.00000000002558,16.440000000000065,1386.6000000000447,SSLW,model_assisted_not_ground_truth,0,0,0,0,0,0,0,0,0,0,0
15.33,41.999999999963585,43.999999999992717,42.000000000014566,977,64.000000000021856,131.00000000001458,39.999999999992717,38.000000000072831,16.449999999999854,1393.600000000022,SSLW,model_assisted_not_ground_truth,0,0,0,0,0,0,0,0,0,0,0
15.34,37,43.000000000016342,43.999999999983658,977,67.000000000016342,132.99999999998366,39.000000000008171,48.000000000114397,16.430000000000245,1396.6200000004169,SSLW,model_assisted_not_ground_truth,0,0,0,0,0,0,0,0,0,0,0
15.35,36.999999999990941,44.999999999981881,41.999999999972822,977,69,130.99999999992752,39.999999999990941,62,16.460000000000093,1447.6400000000726,SSLW,model_assisted_not_ground_truth,0,0,0,0,0,0,0,0,0,0,0
15.36,36,42.999999999990052,39,977,69.000000000029843,122.99999999992042,39,62.000000000069633,16.470000000000596,1455.6399999996411,SSLW,model_assisted_not_ground_truth,0,0,0,0,0,0,0,0,0,0,0
15.37,36.000000000011013,41.99999999996696,38.999999999977973,977,72.000000000088107,114.99999999984581,39,69.000000000121148,16.529999999999781,1419.5399999996805,SSLW,model_assisted_not_ground_truth,0,0,0,0,0,0,0,0,0,0,0
15.38,36.999999999988098,38.999999999988098,37.000000000011902,977,80.000000000047606,100.99999999991668,39,79.999999999988091,16.510000000000002,1390.5400000000059,SSLW,model_assisted_not_ground_truth,0,0,0,0,0,0,0,0,0,0,0
15.39,36.00000000001279,37.99999999998721,38.00000000002558,977,83.999999999923261,93.99999999997442,38.99999999998721,79.000000000051159,16.510000000000002,1391.0400000000063,SSLW,model_assisted_not_ground_truth,0,0,0,0,0,0,0,0,0,0,0
15.40,37,37.000000000027356,40.000000000027356,977,77.999999999972644,92.000000000013685,37.999999999986322,82.999999999972644,16.510000000000002,1391.5400000000272,SSLW,model_assisted_not_ground_truth,0,0,0,0,0,0,0,0,0,0,0
15.41,37,38.999999999839773,42.000000000043698,977,76,93.000000000058265,36.999999999956302,81.000000000058265,16.510000000000147,1393.5400000000582,SSLW,model_assisted_not_ground_truth,0,0,0,0,0,0,0,0,0,0,0
15.42,37,27.999999999969091,44.999999999984546,977,76,96.999999999969091,34,85.000000000170004,16.52,1397.5400000000618,SSLW,model_assisted_not_ground_truth,0,0,0,0,0,0,0,0,0,0,0
15.43,37.000000000016342,26.000000000098055,44.000000000016342,976.99999999998363,76.00000000019611,94.999999999983658,34,96.000000000147082,16.52,1401.5399999999745,SSLW,model_assisted_not_ground_truth,0,0,0,0,0,0,0,0,0,0,0
15.44,37.999999999994493,31.99999999996696,44.999999999994493,976.00000000000546,87.99999999993392,94.000000000005514,34,104.99999999995043,16.52,1402.5399999999945,SSLW,model_assisted_not_ground_truth,0,0,0,0,0,0,0,0,0,0,0
15.45,38.999999999995559,49.999999999920064,45.999999999995559,976,102.99999999993338,92.000000000008882,37.999999999982236,100.0000000000222,16.515000000000022,1397.0400000000243,SSLW,model_assisted_not_ground_truth,0,0,0,0,0,0,0,0,0,0,0
15.46,42.999999999985789,50,46,976.99999999999648,113.99999999996092,91.000000000003553,39.999999999992895,111.99999999995737,16.510000000000019,1391.5400000000195,SSLW,model_assisted_not_ground_truth,0,0,0,0,0,0,0,0,0,0,0
15.47,43.999999999997335,51.999999999994671,45.000000000002665,976.00000000000261,119.99999999998401,97.999999999981355,40,139.99999999992539,16.450000000000159,1351.5600000001066,SSLW,model_assisted_not_ground_truth,0,0,0,0,0,0,0,0,0,0,0
15.48,44,51.000000000001776,46.999999999996447,976.99999999999818,125.99999999998934,105.99999999998579,39.000000000001776,164.99999999995561,16.459999999999983,1364.5699999999767,SSLW,model_assisted_not_ground_truth,0,0,0,0,0,0,0,0,0,0,0
15.49,44,53.999999999997335,47,8.6777163232909516e-10,132.99999999999378,120.99999999998667,37.000000000001776,191.99999999997601,16.460000000000001,1364.5699999999999,SSLW,model_assisted_not_ground_truth,0,0,0,0,0,0,0,0,0,0,0
15.50,53,59,47,0,144,132,38,215,16.460000000000001,1364.5699999999999,SSLW,model_assisted_not_ground_truth,0,0,0,0,0,0,0,0,0,0,0
15.51,57.000000000003553,70.000000000017764,47.000000000002665,0,164.0000000000089,145.000000000016,41.000000000002665,223.00000000002666,16.459999999999983,1358.5600000000022,SSLW,model_assisted_not_ground_truth,0,0,0,0,0,0,0,0,0,0,0
15.52,61.000000000012434,90.00000000001954,50,1.735500632095623e-09,174.00000000003376,163.000000000016,44.000000000023093,253.00000000004798,16.439999999999966,1361.0800000000045,SSLW,model_assisted_not_ground_truth,0,0,0,0,0,0,0,0,0,0,0
15.53,68.000000000034106,101.00000000002842,49.999999999994316,976.99999999999716,193.00000000007674,172.00000000009379,57.000000000028422,280.00000000006821,16.419999999999177,1363.6000000000029,SSLW,model_assisted_not_ground_truth,0,0,0,0,0,0,0,0,0,0,0
15.54,80.00000000011191,111.00000000005969,48,976.00000000000375,220.00000000005596,205.00000000014549,67.000000000130569,304.00000000007088,16.129999999996642,1364.6599999995121,SSLW,model_assisted_not_ground_truth,0,0,0,0,0,0,0,0,0,0,0
15.55,110.00000000020783,127.00000000008775,48.000000000023093,977,235.000000000097,244.00000000016627,102.00000000014779,323.00000000006003,15.229999999989655,1233.8500000010922,SSLW,model_assisted_not_ground_truth,0,0,0,0,0,0,0,0,0,0,0
15.56,155.00000000026432,146.00000000019273,53.000000000044054,977,256.00000000015967,280.00000000018173,134.00000000026984,336.00000000019276,12.989999999995209,1470.3500000013182,SSLW,model_assisted_not_ground_truth,0,0,0,0,0,0,0,0,0,0,0
15.57,203.00000000005755,181.00000000014708,61.000000000166267,977,285.00000000012153,313.00000000012153,183.00000000005755,371.00000000015348,12.11999999999904,1709.7400000002631,SSLW,model_assisted_not_ground_truth,0,0,0,0,0,0,0,0,0,0,0
15.58,212.00000000002913,204.00000000000728,87.000000000101963,977,304.00000000008743,332.00000000007282,191.99999999997087,394.99999999995629,11.970000000000146,1750.880000000084,SSLW,model_assisted_not_ground_truth,0,0,0,0,0,0,0,0,0,0,0
15.59,216.00000000001225,204.99999999998366,101.00000000008171,977,316.00000000000409,341.99999999999591,187.99999999998366,388.99999999995094,11.990000000000164,1762.3950000000941,SSLW,model_assisted_not_ground_truth,0,0,0,0,0,0,0,0,0,0,0
15.60,217.50000000001359,202.99999999998187,111.00000000009059,977,316.50000000000455,341.49999999999545,185.99999999998187,382.99999999994566,12.01000000000154,1773.9100000013332,SSLW,model_assisted_not_ground_truth,0,0,0,0,0,0,0,0,0,0,0
15.61,219.0000000000405,200.99999999996962,121.00000000005063,977,317,341.00000000002024,184.00000000003038,376.99999999982788,12.180000000003442,1921.0700000008087,SSLW,model_assisted_not_ground_truth,0,0,0,0,0,0,0,0,0,0,0
15.62,223.00000000004405,198.00000000002203,125.99999999990088,976.99999998923988,317.00000000003303,343.00000000003303,187.00000000001103,359.99999999993389,12.520000000003083,2000.9400000004844,SSLW,model_assisted_not_ground_truth,0,0,0,0,0,0,0,0,0,0,0
15.63,226.99999999995239,200.00000000002382,116.99999999986908,0,320,346,188.00000000004761,353.99999999998812,12.800000000000953,2044.9100000008571,SSLW,model_assisted_not_ground_truth,0,0,0,0,0,0,0,0,0,0,0
15.64,223.00000000003837,201.99999999984652,106.00000000015348,0,320.00000000001279,346,192.00000000011511,352.99999999970584,12.879999999999617,2116.910000000461,SSLW,model_assisted_not_ground_truth,0,0,0,0,0,0,0,0,0,0,0
15.65,225.99999999997263,190.00000000000685,117.99999999997948,0,321,346,201.00000000001367,330.00000000005474,12.84999999999993,2152.9600000002738,SSLW,model_assisted_not_ground_truth,0,0,0,0,0,0,0,0,0,0,0
15.66,223.99999999997087,190.50000000000728,116.49999999997814,0,321,346,202.00000000001455,334.00000000005826,12.844999999999928,2172.9850000002916,SSLW,model_assisted_not_ground_truth,0,0,0,0,0,0,0,0,0,0,0
15.67,221.99999999987637,191.00000000003092,114.99999999989181,0,321.00000000001546,345.99999999996908,203.00000000007728,337.99999999998454,12.840000000000927,2193.0100000004177,SSLW,model_assisted_not_ground_truth,0,0,0,0,0,0,0,0,0,0,0
15.68,213.99999999990195,192.99999999983658,107.99999999998366,0,322.00000000001631,343.999999999951,207.99999999998366,336.99999999977121,12.899999999999617,2220.0199999998272,SSLW,model_assisted_not_ground_truth,0,0,0,0,0,0,0,0,0,0,0
15.69,208.00000000003303,183.00000000005508,107.00000000000551,0,322.99999999999449,341.00000000001654,207.00000000000551,323.00000000007708,12.999999999999449,2225.0099999999729,SSLW,model_assisted_not_ground_truth,0,0,0,0,0,0,0,0,0,0,0
15.70,197.00000000004886,172.00000000004886,93.000000000062172,0,316.00000000003109,335.00000000002666,205.00000000000887,308.00000000006662,13.149999999999334,2208.9600000000714,SSLW,model_assisted_not_ground_truth,0,0,0,0,0,0,0,0,0,0,0
15.71,182.00000000005329,155.0000000000604,77.000000000056843,971.99999999654676,310.00000000002132,327.00000000002842,204.00000000000355,289.00000000006753,13.359999999999253,2170.9100000001349,SSLW,model_assisted_not_ground_truth,0,0,0,0,0,0,0,0,0,0,0
15.72,173.00000000002399,138.0000000000453,69.000000000021316,2.5898998501361348e-09,298.00000000003195,322.0000000000133,201.00000000000799,273.00000000004263,13.454999999999746,2156.8850000000375,SSLW,model_assisted_not_ground_truth,0,0,0,0,0,0,0,0,0,0,0
15.73,155.00000000003197,121.0000000000302,59.000000000017764,0,297.00000000000176,319.00000000000534,199.00000000000355,259.0000000000249,13.549999999999832,2142.8600000000251,SSLW,model_assisted_not_ground_truth,0,0,0,0,0,0,0,0,0,0,0
15.74,145.00000000000887,99.00000000001954,57.000000000001776,0,287.00000000000887,311.00000000000711,194.00000000000443,248.00000000000978,13.80999999999977,2150.8599999999929,SSLW,model_assisted_not_ground_truth,0,0,0,0,0,0,0,0,0,0,0
15.75,138,94,53,0,275,304,197,218,13.99,2073.7199999999998,SSLW,model_assisted_not_ground_truth,0,0,0,0,0,0,0,0,0,0,0
15.76,125.99999999998934,92.999999999991999,53.000000000000888,0,280.9999999999867,288.99999999998931,198.00000000000534,199.99999999999466,14.160000000000178,2055.6799999999794,SSLW,model_assisted_not_ground_truth,0,0,0,0,0,0,0,0,0,0,0
15.77,113.99999999997691,83.999999999985789,53.999999999994671,0,265.999999999968,276.99999999999113,203.99999999999645,193.99999999996092,14.360000000000301,2032.619999999959,SSLW,model_assisted_not_ground_truth,0,0,0,0,0,0,0,0,0,0,0
15.78,100.99999999999716,75.99999999996021,51,0,247.99999999997442,272.00000000001137,201.99999999997442,171.99999999997158,14.530000000000141,2009.5699999999415,SSLW,model_assisted_not_ground_truth,0,0,0,0,0,0,0,0,0,0,0
15.79,99.99999999997388,61.99999999999627,51.00000000000373,0,238.99999999996643,275.99999999995521,193.00000000000372,161.99999999994776,14.580000000000187,1989.0449999999234,SSLW,model_assisted_not_ground_truth,0,0,0,0,0,0,0,0,0,0,0
15.80,93.000000000004619,60.999999999958433,51.999999999995381,0,229.99999999993071,263.99999999998613,193.99999999999537,147.99999999988452,14.630000000000694,1968.5199999999074,SSLW,model_assisted_not_ground_truth,0,0,0,0,0,0,0,0,0,0,0
15.81,93.999999999983473,51.999999999972466,50.999999999994493,0,214.99999999996146,260.99999999996146,193.00000000002754,122.99999999992841,14.78000000000066,1948.480000000033,SSLW,model_assisted_not_ground_truth,0,0,0,0,0,0,0,0,0,0,0
15.82,91.00000000002558,46.999999999993605,50,0,207.99999999989129,253.99999999997442,197.99999999998082,109.99999999999361,14.900000000000896,1954.4800000000639,SSLW,model_assisted_not_ground_truth,0,0,0,0,0,0,0,0,0,0,0
15.83,95.000000000014566,45.999999999949019,50,0,190.99999999991988,250,195,108.99999999994174,15.040000000000655,1964.4699999999341,SSLW,model_assisted_not_ground_truth,0,0,0,0,0,0,0,0,0,0,0
15.84,96.999999999983658,39.000000000016342,49.999999999991829,7.9833029076398666e-09,179.99999999994279,250,195.00000000006537,101.00000000002451,15.130000000000654,1955.4199999999507,SSLW,model_assisted_not_ground_truth,0,0,0,0,0,0,0,0,0,0,0
15.85,94.999999999981881,40.999999999954703,49,976.99999999114891,173.00000000002717,250.0000000000453,203.00000000009061,104.00000000006342,15.210000000000409,1949.3799999998232,SSLW,model_assisted_not_ground_truth,0,0,0,0,0,0,0,0,0,0,0
15.86,93.000000000091134,36.00000000002025,49.000000000010125,0,175.99999999993923,255.00000000009112,213.00000000006077,111.00000000010125,15.255000000000457,1929.8449999998022,SSLW,model_assisted_not_ground_truth,0,0,0,0,0,0,0,0,0,0,0
15.87,102.00000000005507,38.000000000022027,49.999999999988987,0,170.00000000001103,264.00000000005508,218.99999999996695,121.00000000008811,15.300000000000441,1910.3099999999006,SSLW,model_assisted_not_ground_truth,0,0,0,0,0,0,0,0,0,0,0
15.88,107.00000000019043,39.999999999976197,49,0,170.9999999999643,269.00000000001188,215.9999999999167,129.00000000009521,15.340000000000952,1901.2800000002735,SSLW,model_assisted_not_ground_truth,0,0,0,0,0,0,0,0,0,0,0
15.89,122.99999999997442,38.000000000038369,49,0,168.00000000020464,270.00000000001279,209.00000000014069,137.00000000006395,15.42000000000179,1924.2599999994491,SSLW,model_assisted_not_ground_truth,0,0,0,0,0,0,0,0,0,0,0
15.90,121.00000000008207,41,49,0,184.00000000010942,271.00000000005474,220.00000000002737,142.00000000035564,15.560000000001779,1881.1799999999996,SSLW,model_assisted_not_ground_truth,0,0,0,0,0,0,0,0,0,0,0
15.91,127.0000000000437,41.000000000058265,49.000000000029132,0,192.00000000016024,275.00000000010198,222.00000000010198,168.00000000016024,15.690000000001675,1881.1499999998689,SSLW,model_assisted_not_ground_truth,0,0,0,0,0,0,0,0,0,0,0
15.92,130.00000000029362,45.000000000092726,51,0,203.00000000004636,282.00000000006185,229.00000000026273,179.00000000020091,15.805000000000469,1872.1449999999634,SSLW,model_assisted_not_ground_truth,0,0,0,0,0,0,0,0,0,0,0
15.93,149.00000000031051,50.999999999950973,51,0,206.00000000024514,286.00000000008168,246.00000000009805,192.00000000022879,15.919999999999265,1863.1400000000576,SSLW,model_assisted_not_ground_truth,0,0,0,0,0,0,0,0,0,0,0
15.94,167.99999999989538,48.00000000001652,51,0,220.99999999991741,290.99999999997249,251.99999999996697,205.99999999992292,15.999999999999559,1879.0999999999119,SSLW,model_assisted_not_ground_truth,0,0,0,0,0,0,0,0,0,0,0
15.95,173.99999999997334,51.999999999982236,51.999999999995559,0,228.99999999996447,292.99999999999113,260.99999999996004,216.99999999995114,16.089999999999598,1907.0699999998758,SSLW,model_assisted_not_ground_truth,0,0,0,0,0,0,0,0,0,0,0
15.96,185.99999999995737,54.999999999989342,52.999999999996447,0,237.99999999996803,305.99999999995384,266.99999999997868,217,16.219999999999537,1901.9500000000182,SSLW,model_assisted_not_ground_truth,0,0,0,0,0,0,0,0,0,0,0
15.97,188.99999999999201,56.999999999994671,53,0,258.99999999994407,311.99999999998403,275.99999999997601,233.9999999999547,16.359999999999626,1919.9199999999521,SSLW,model_assisted_not_ground_truth,0,0,0,0,0,0,0,0,0,0,0
15.98,198.99999999998224,69.999999999976907,53,0,267.99999999998403,323.99999999997868,281.99999999998931,252.99999999996624,16.479999999999787,1932.8699999999769,SSLW,model_assisted_not_ground_truth,0,0,0,0,0,0,0,0,0,0,0
15.99,211.99999999998846,76.999999999993776,53.999999999999112,0,275.99999999999289,331.99999999999289,289.99999999999289,272.99999999998226,16.544999999999941,1936.8499999999963,SSLW,model_assisted_not_ground_truth,0,0,0,0,0,0,0,0,0,0,0
16.00,222,86,55,0,293,335,295,278,16.609999999999999,1940.8299999999999,SSLW,model_assisted_not_ground_truth,0,0,0,0,0,0,0,0,0,0,0
16.01,222.00000000000534,89.000000000001066,57.000000000001066,0,295.00000000000745,332.00000000000642,303.00000000000216,287.00000000000534,16.700000000000244,1963.7800000000029,SSLW,model_assisted_not_ground_truth,0,0,0,0,0,0,0,0,0,0,0
16.02,226.99999999999645,90,58.000000000001776,0,302.00000000001421,338.00000000001069,305.00000000001069,292.00000000000887,16.930000000000089,1966.6400000000338,SSLW,model_assisted_not_ground_truth,0,0,0,0,0,0,0,0,0,0,0
16.03,225.00000000002558,90.000000000005684,59.000000000002842,0,310.00000000003126,344,311.00000000001137,297.0000000000199,16.980000000000057,1985.5899999999317,SSLW,model_assisted_not_ground_truth,0,0,0,0,0,0,0,0,0,0,0
16.04,234.00000000000711,92.000000000014211,60.000000000010658,0,321.000000000032,343.99999999998931,315.00000000000711,304.00000000004263,17.000000000000053,1961.5900000000177,SSLW,model_assisted_not_ground_truth,0,0,0,0,0,0,0,0,0,0,0
16.05,236.00000000000463,96.000000000023093,63.000000000009237,0,330.00000000003234,340.99999999998613,317.00000000001847,316.00000000001847,17.015000000000072,1966.565000000023,SSLW,model_assisted_not_ground_truth,0,0,0,0,0,0,0,0,0,0,0
16.06,237.00000000002132,101.00000000001066,65.000000000010658,0,337.000000000032,338.00000000002666,321.000000000032,320.00000000001597,17.030000000000161,1971.54000000008,SSLW,model_assisted_not_ground_truth,0,0,0,0,0,0,0,0,0,0,0
16.07,241.00000000003837,102.99999999999361,67.000000000019185,0,343.00000000001279,343.00000000000642,327.00000000002558,323.00000000001279,17.060000000000127,1986.5400000000636,SSLW,model_assisted_not_ground_truth,0,0,0,0,0,0,0,0,0,0,0
16.08,247.00000000003732,101.99999999998508,70.000000000037303,0,345.0000000000224,344.0000000000224,331.00000000001495,325.00000000000745,17.080000000000371,1996.5100000000073,SSLW,model_assisted_not_ground_truth,0,0,0,0,0,0,0,0,0,0,0
16.09,252,99.999999999950973,74.999999999967315,0,347.99999999999181,347.00000000000819,333.00000000000819,326.00000000006537,17.130000000000081,1997.4799999999916,SSLW,model_assisted_not_ground_truth,0,0,0,0,0,0,0,0,0,0,0
16.10,252.00000000001847,93.999999999953815,70.999999999944578,0,347,347.99999999998153,334,334.00000000003695,17.140000000000093,1996.4499999998982,SSLW,model_assisted_not_ground_truth,0,0,0,0,0,0,0,0,0,0,0
16.11,253.9999999999801,88.99999999996021,64.999999999950262,0,347.00000000000995,345.99999999996021,333.99999999996021,338,17.149999999999949,1985.4299999998111,SSLW,model_assisted_not_ground_truth,0,0,0,0,0,0,0,0,0,0,0
16.12,251.99999999985681,84.999999999955946,59.999999999944933,0,347.99999999995595,341.99999999988984,329.99999999994492,337.99999999997794,17.144999999999946,1966.4249999997908,SSLW,model_assisted_not_ground_truth,0,0,0,0,0,0,0,0,0,0,0
16.13,238.99999999981242,80.999999999906208,54.999999999976552,0,343.99999999988273,331.99999999983584,324.99999999981242,335.9999999998945,17.139999999999766,1947.4199999996251,SSLW,model_assisted_not_ground_truth,0,0,0,0,0,0,0,0,0,0,0
16.14,222.99999999971863,72.999999999923261,52.999999999936051,0,333.99999999982094,317.99999999970584,308.99999999966747,326.99999999982094,17.120000000000001,1915.4299999998082,SSLW,model_assisted_not_ground_truth,0,0,0,0,0,0,0,0,0,0,0
16.15,200.99999999972999,66.999999999864997,47.999999999959499,0,319.99999999979747,294.999999999784,282.99999999966246,312.99999999970299,17.119999999999866,1900.4199999996627,SSLW,model_assisted_not_ground_truth,0,0,0,0,0,0,0,0,0,0,0
16.16,180.99999999947562,56.999999999970868,44.999999999985434,0,304.99999999979605,278.99999999973778,257.99999999962125,290.99999999954844,17.109999999999854,1875.4199999996067,SSLW,model_assisted_not_ground_truth,0,0,0,0,0,0,0,0,0,0,0
16.17,144.99999999953104,54.999999999843681,43.999999999953104,0,290.99999999978115,260.9999999996092,231.99999999959357,259.99999999949978,17.099999999999845,1848.4199999996561,SSLW,model_assisted_not_ground_truth,0,0,0,0,0,0,0,0,0,0,0
16.18,114.9999999995751,44.999999999983658,40.999999999967315,0,276.9999999995751,235.99999999965681,205.99999999980389,227.9999999993463,17.090000000000064,1826.4100000001408,SSLW,model_assisted_not_ground_truth,0,0,0,0,0,0,0,0,0,0,0
16.19,89.000000000138556,44.000000000005329,39.000000000010658,0,251.00000000013856,215.00000000011192,194.00000000006395,188.00000000021316,17.075000000000081,1803.4100000001226,SSLW,model_assisted_not_ground_truth,0,0,0,0,0,0,0,0,0,0,0
16.20,76.000000000060041,34.000000000046185,31.000000000036948,0,203.00000000022169,199.0000000000739,174.00000000009237,176.00000000005542,17.060000000000066,1780.4100000001063,SSLW,model_assisted_not_ground_truth,0,0,0,0,0,0,0,0,0,0,0
16.21,70.000000000021316,38.999999999982236,30.000000000003553,0,175.00000000009948,185.00000000004974,157.0000000000604,166.00000000003553,17.010000000000179,1725.4100000001954,SSLW,model_assisted_not_ground_truth,0,0,0,0,0,0,0,0,0,0,0
16.22,68.000000000005684,31.000000000022737,30.999999999997158,0,154.00000000005969,169.00000000004547,142.00000000004263,157.00000000002558,16.960000000000143,1671.4100000001536,SSLW,model_assisted_not_ground_truth,0,0,0,0,0,0,0,0,0,0,0
16.23,56.000000000021316,32.999999999996447,32.999999999996447,0,140.00000000002487,166.00000000000534,129.00000000002308,148.00000000001597,16.890000000000125,1585.4000000001529,SSLW,model_assisted_not_ground_truth,0,0,0,0,0,0,0,0,0,0,0
16.24,56,16.000000000012079,34.999999999998579,0,124.00000000001137,164.00000000000142,117.00000000000853,147.00000000000071,16.82000000000005,1556.4400000000205,SSLW,model_assisted_not_ground_truth,0,0,0,0,0,0,0,0,0,0,0
16.25,67,0,37,0,115,158,111,144,16.690000000000001,1474.49,SSLW,model_assisted_not_ground_truth,0,0,0,0,0,0,0,0,0,0,0
16.26,68,0,39.999999999998934,0,105.99999999998934,152.99999999998934,101.99999999999893,143.99999999999361,16.659999999999968,1454.9949999999792,SSLW,model_assisted_not_ground_truth,0,0,0,0,0,0,0,0,0,0,0
16.27,67.999999999996447,0,39.000000000001776,0,95.999999999984013,142.99999999998755,100.9999999999627,137.999999999984,16.629999999999946,1435.4999999999804,SSLW,model_assisted_not_ground_truth,0,0,0,0,0,0,0,0,0,0,0
16.28,65.999999999971578,0,40.000000000002842,0,86.999999999988631,135.99999999998295,79.999999999980105,128.99999999996305,16.599999999999945,1424.5199999999943,SSLW,model_assisted_not_ground_truth,0,0,0,0,0,0,0,0,0,0,0
16.29,55.999999999996447,0,40.999999999996447,0,82.999999999992895,129.99999999996447,72.999999999975131,115.99999999996803,16.579999999999998,1422.5299999999893,SSLW,model_assisted_not_ground_truth,0,0,0,0,0,0,0,0,0,0,0
16.30,54.99999999996767,0,40.000000000004619,4.6185277824448517e-12,81.000000000013856,119.99999999991225,65.999999999963052,106.99999999989377,16.579999999999814,1419.5299999998383,SSLW,model_assisted_not_ground_truth,0,0,0,0,0,0,0,0,0,0,0
16.31,47.999999999984013,0,41.000000000010658,1,83.999999999968026,100.99999999998934,57.999999999962697,83.99999999988276,16.540000000000052,1384.5200000000532,SSLW,model_assisted_not_ground_truth,0,0,0,0,0,0,0,0,0,0,0
16.32,45,0,43.000000000006395,1.0000000062414074,77.999999999942446,99.00000000002558,50.999999999955236,61.999999999884892,16.550000000000061,1394.525000000064,SSLW,model_assisted_not_ground_truth,0,0,0,0,0,0,0,0,0,0,0
16.33,45,0,44,976.9999999999925,68.999999999947775,103.00000000000746,43.999999999985079,43.999999999970157,16.559999999999924,1404.5300000000523,SSLW,model_assisted_not_ground_truth,0,0,0,0,0,0,0,0,0,0,0
16.34,45,0,44,975.99999999202487,62,104.00000000001634,42,39.999999999975486,16.550000000000082,1411.54,SSLW,model_assisted_not_ground_truth,0,0,0,0,0,0,0,0,0,0,0
16.35,45,4.6185277824448517e-11,44,5.3574922276360275e-10,61.999999999990763,105.99999999996305,42,36.999999999907629,16.559999999999906,1411.5400000000186,SSLW,model_assisted_not_ground_truth,0,0,0,0,0,0,0,0,0,0,0
16.36,44.999999999990052,4.9999999999900524,44,57.999999999432987,61.000000000019895,101.9999999999801,42,26.999999999990052,16.549999999999802,1413.5499999998508,SSLW,model_assisted_not_ground_truth,0,0,0,0,0,0,0,0,0,0,0
16.37,44,4.0000000001982414,44,0.99999999998898659,63.000000000022027,100.00000000007709,41.999999999988987,26,16.530000000000221,1398.5500000001541,SSLW,model_assisted_not_ground_truth,0,0,0,0,0,0,0,0,0,0,0
16.38,44.000000000011724,22.000000000046896,43.999999999988276,0,65.000000000046896,107.00000000005862,40.999999999988276,25.999999999988276,16.549999999999063,1412.5499999992849,SSLW,model_assisted_not_ground_truth,0,0,0,0,0,0,0,0,0,0,0
16.39,45,26.000000000063949,43,0,69.00000000001279,112.00000000002558,40.00000000001279,25.00000000001279,16.470000000000063,1351.5500000001919,SSLW,model_assisted_not_ground_truth,0,0,0,0,0,0,0,0,0,0,0
16.40,45,30.999999999932498,42.9999999999865,0,70.000000000040501,114.0000000000405,41,26.000000000054001,16.475000000000065,1366.5550000002024,SSLW,model_assisted_not_ground_truth,0,0,0,0,0,0,0,0,0,0,0
16.41,45.000000000014566,26.000000000043698,41.999999999941735,0,72.999999999985434,117.0000000000874,40.999999999985434,29.999999999970868,16.480000000000437,1381.5600000002185,SSLW,model_assisted_not_ground_truth,0,0,0,0,0,0,0,0,0,0,0
16.42,45.999999999984368,29.000000000046896,37.999999999906208,0,71.999999999968736,123,39.999999999984368,27.999999999984368,16.510000000000158,1396.5600000000936,SSLW,model_assisted_not_ground_truth,0,0,0,0,0,0,0,0,0,0,0
16.43,45,32.000000000032685,31.999999999967315,1.5966605814916694e-08,69.999999999950973,122.99999999985292,38.999999999983658,26.99999999986926,16.519999999999936,1402.5599999999615,SSLW,model_assisted_not_ground_truth,0,0,0,0,0,0,0,0,0,0,0
16.44,45,33.999999999989342,30.000000000010658,976.99999999479348,67.000000000015987,114.00000000004796,38.000000000005329,19.000000000042633,16.500000000000107,1403.5699999999945,SSLW,model_assisted_not_ground_truth,0,0,0,0,0,0,0,0,0,0,0
16.45,45,34.999999999995381,33.999999999981526,977,67.999999999995381,115.99999999999076,38,25.99999999996767,16.5,1401.5700000000093,SSLW,model_assisted_not_ground_truth,0,0,0,0,0,0,0,0,0,0,0
16.46,44.000000000003553,40.999999999978684,34.999999999996447,977,67.000000000003553,116.99999999999645,38,28.999999999989342,16.5,1404.5699999999892,SSLW,model_assisted_not_ground_truth,0,0,0,0,0,0,0,0,0,0,0
16.47,43.000000000002842,42.999999999994316,35.999999999997158,977,65.000000000005684,118.99999999999432,38.999999999997158,33.999999999985789,16.5,1407.5699999999915,SSLW,model_assisted_not_ground_truth,0,0,0,0,0,0,0,0,0,0,0
16.48,39.000000000007105,39.000000000007105,40.999999999991118,977,65,122.99999999999289,39,36.999999999994671,16.5,1405.5700000000036,SSLW,model_assisted_not_ground_truth,0,0,0,0,0,0,0,0,0,0,0
16.49,41.999999999997868,42.999999999997158,40.000000000000711,977,65.999999999999289,122.00000000000071,38.000000000000711,35.000000000001421,16.47000000000002,1379.5700000000184,SSLW,model_assisted_not_ground_truth,0,0,0,0,0,0,0,0,0,0,0
16.50,39,44,40,977,65,123,40,50,16.460000000000001,1380.5799999999999,SSLW,model_assisted_not_ground_truth,0,0,0,0,0,0,0,0,0,0,0
16.51,38.999999999996803,45,40.000000000001066,977,66.000000000002132,124.0000000000032,40,47.000000000003197,16.480000000000032,1390.58000000008,SSLW,model_assisted_not_ground_truth,0,0,0,0,0,0,0,0,0,0,0
16.52,36,44.999999999996447,40.999999999996447,977,68.000000000001776,126.99999999999289,39.999999999998224,50.000000000012434,16.509999999999991,1465.6200000000035,SSLW,model_assisted_not_ground_truth,0,0,0,0,0,0,0,0,0,0,0
16.53,36,43.000000000002842,38.999999999997158,977,69.000000000002842,122.99999999998295,39.000000000002842,57,16.504999999999988,1467.6250000000057,SSLW,model_assisted_not_ground_truth,0,0,0,0,0,0,0,0,0,0,0
16.54,35.999999999992895,43.999999999985789,38,977,70.000000000007105,116.99999999996092,39.999999999996447,57.000000000007105,16.500000000000036,1469.6299999999965,SSLW,model_assisted_not_ground_truth,0,0,0,0,0,0,0,0,0,0,0
16.55,34,40,38,977,72.000000000013856,105.99999999996305,39,59.00000000003233,16.509999999999909,1468.6299999997552,SSLW,model_assisted_not_ground_truth,0,0,0,0,0,0,0,0,0,0,0
16.56,34,39.999999999989342,38,977,75.000000000005329,97.999999999952038,39,66.000000000031974,16.489999999999998,1415.5900000000372,SSLW,model_assisted_not_ground_truth,0,0,0,0,0,0,0,0,0,0,0
16.57,34,38.000000000019185,38.00000000002558,977,76,88.999999999872102,38.99999999998721,72.00000000001279,16.49000000000019,1422.5999999999997,SSLW,model_assisted_not_ground_truth,0,0,0,0,0,0,0,0,0,0,0
16.58,34,40.999999999940314,41.999999999992539,977,76,69.000000000007461,37.000000000007461,74.000000000074607,16.519999999999886,1422.5700000000074,SSLW,model_assisted_not_ground_truth,0,0,0,0,0,0,0,0,0,0,0
16.59,34,32.999999999959144,41.000000000016342,977,76,69.999999999983658,37.999999999967315,84.000000000016342,16.504999999999875,1423.5850000000082,SSLW,model_assisted_not_ground_truth,0,0,0,0,0,0,0,0,0,0,0
16.60,34.000000000018474,28,43.000000000018474,977,76.000000000036948,68.000000000018474,34,86.000000000129319,16.489999999999998,1424.5999999999444,SSLW,model_assisted_not_ground_truth,0,0,0,0,0,0,0,0,0,0,0
16.61,36,28.000000000079581,44.999999999990052,977,80.000000000009948,69.999999999940314,34.00000000003979,100.00000000003979,16.489999999999899,1418.6000000000597,SSLW,model_assisted_not_ground_truth,0,0,0,0,0,0,0,0,0,0,0
16.62,36.00000000003304,36.000000000055067,44.000000000011013,977,81.000000000055067,64.000000000011013,38.000000000011013,104.00000000002203,16.480000000000111,1424.5999999999999,SSLW,model_assisted_not_ground_truth,0,0,0,0,0,0,0,0,0,0,0
16.63,39.000000000011724,41.00000000005862,45,977,86.000000000140687,65.000000000128964,39.000000000011724,106.00000000023448,16.490000000000116,1424.6000000000352,SSLW,model_assisted_not_ground_truth,0,0,0,0,0,0,0,0,0,0,0
16.64,39.99999999998721,46.00000000002558,44.99999999998721,976.99999998751719,98.000000000115108,76.000000000127898,40.00000000001279,126.0000000002558,16.499999999999872,1427.6000000000001,SSLW,model_assisted_not_ground_truth,0,0,0,0,0,0,0,0,0,0,0
16.65,39.0000000000135,48.000000000040501,44.0000000000135,1.0000000131358036,107.0000000001215,86.000000000270006,40.999999999972999,146.00000000028351,16.489999999999998,1427.6100000000133,SSLW,model_assisted_not_ground_truth,0,0,0,0,0,0,0,0,0,0,0
16.66,40.000000000058265,51.000000000131095,45.000000000014566,974.00000000001455,116.0000000001311,106.0000000001311,39,167.00000000027677,16.490000000000069,1428.6099999999999,SSLW,model_assisted_not_ground_truth,0,0,0,0,0,0,0,0,0,0,0
16.67,44.000000000023448,60.000000000046896,46,975.00000000001558,125.00000000006253,115.00000000000782,39.000000000007816,186.00000000010161,16.495000000000019,1428.6049999999998,SSLW,model_assisted_not_ground_truth,0,0,0,0,0,0,0,0,0,0,0
16.68,45.500000000007461,63.000000000014921,46,976.000000000005,129.0000000000199,115.50000000000249,39.500000000002487,192.50000000003234,16.499999999999968,1428.5999999999999,SSLW,model_assisted_not_ground_truth,0,0,0,0,0,0,0,0,0,0,0
16.69,46.999999999992006,65.999999999984013,46,976.99999999999466,132.99999999997868,115.99999999999733,39.999999999997335,198.99999999996535,16.5,1387.5500000002187,SSLW,model_assisted_not_ground_truth,0,0,0,0,0,0,0,0,0,0,0
16.70,56.999999999953815,66.999999999995381,46,977,144.99999999994458,120.99999999997691,40.999999999995381,221.99999999989376,16.509999999999955,1416.569999999866,SSLW,model_assisted_not_ground_truth,0,0,0,0,0,0,0,0,0,0,0
16.71,60.999999999985789,76.999999999964473,46,977,155.99999999996092,128.99999999997158,41,242.99999999992539,16.290000000000781,1443.6299999999039,SSLW,model_assisted_not_ground_truth,0,0,0,0,0,0,0,0,0,0,0
16.72,63.999999999991473,83.999999999980105,46,977,168.99999999996305,154.9999999999261,42.999999999994316,262.99999999994316,15.840000000001279,1374.7400000001958,SSLW,model_assisted_not_ground_truth,0,0,0,0,0,0,0,0,0,0,0
16.73,72.999999999984013,98.999999999973355,48.999999999994671,976.00000000000182,196.99999999995026,188.9999999999396,56.999999999975131,285.99999999995913,14.880000000001704,1429.4699999999027,SSLW,model_assisted_not_ground_truth,0,0,0,0,0,0,0,0,0,0,0
16.74,97.999999999982236,128.99999999997868,50.999999999998579,976.99999999999932,222.99999999998153,231.99999999996945,85.999999999979394,313.9999999999801,13.920000000000682,1484.1999999999612,SSLW,model_assisted_not_ground_truth,0,0,0,0,0,0,0,0,0,0,0
16.75,151,158,48,977,256,277,131,339,12.699999999999999,1768.6199999999999,SSLW,model_assisted_not_ground_truth,0,0,0,0,0,0,0,0,0,0,0
16.76,203.00000000000321,182.00000000002026,61.000000000019185,977,284.00000000001495,315.00000000001069,168.00000000001492,368.00000000001387,12.279999999999882,1812.790000000047,SSLW,model_assisted_not_ground_truth,0,0,0,0,0,0,0,0,0,0,0
16.77,206.00000000000534,201.00000000000179,79.000000000026645,977,298.00000000001069,325.00000000001069,181.99999999999466,380.99999999998755,12.169999999999876,1856.8700000001031,SSLW,model_assisted_not_ground_truth,0,0,0,0,0,0,0,0,0,0,0
16.78,209.00000000001421,201.99999999997726,94.000000000031264,976.9999999972232,304,331.00000000000568,178.9999999999801,373.99999999992895,12.100000000001137,1915.0000000003611,SSLW,model_assisted_not_ground_truth,0,0,0,0,0,0,0,0,0,0,0
16.79,214.00000000001066,193.99999999998934,104.99999999998224,0,304,333.00000000000711,172,348.99999999999289,12.500000000000764,2042.0100000000921,SSLW,model_assisted_not_ground_truth,0,0,0,0,0,0,0,0,0,0,0
16.80,216.99999999997229,190.99999999999537,99.999999999963052,0,304.0000000000046,334.99999999999073,171.99999999997689,346.99999999994918,12.715000000000993,2067.9200000001197,SSLW,model_assisted_not_ground_truth,0,0,0,0,0,0,0,0,0,0,0
16.81,210.999999999984,190.00000000001066,91.999999999973355,0,305,332.99999999999466,166.99999999999466,335.99999999995737,12.930000000000692,2093.8300000000104,SSLW,model_assisted_not_ground_truth,0,0,0,0,0,0,0,0,0,0,0
16.82,208.00000000004476,191.99999999996163,87.000000000019185,0,305.00000000001279,332.00000000001279,166.00000000006395,327.99999999990405,13.060000000000448,2095.8100000002623,SSLW,model_assisted_not_ground_truth,0,0,0,0,0,0,0,0,0,0,0
16.83,215,185.9999999999776,90.000000000022382,0,307,334,176.00000000002984,312.99999999996271,13.130000000000374,2136.8300000002387,SSLW,model_assisted_not_ground_truth,0,0,0,0,0,0,0,0,0,0,0
16.84,214.99999999995913,183.00000000000819,92.999999999950973,0,307,334.00000000001637,180.00000000004903,308.00000000005718,13.18000000000049,2168.8200000002289,SSLW,model_assisted_not_ground_truth,0,0,0,0,0,0,0,0,0,0,0
16.85,209.99999999987068,183.99999999998153,86.999999999815259,0,307.00000000000927,335.99999999994458,186.00000000004619,315.00000000000927,13.240000000001016,2196.8300000000368,SSLW,model_assisted_not_ground_truth,0,0,0,0,0,0,0,0,0,0,0
16.86,195.99999999986073,181.99999999993037,66.999999999950262,0,307.99999999997016,329.99999999994031,191.00000000003979,315.99999999990052,13.350000000000646,2200.7999999999802,SSLW,model_assisted_not_ground_truth,0,0,0,0,0,0,0,0,0,0,0
16.87,181.99999999988987,174.99999999980176,61.999999999977973,0,304.99999999986784,323.99999999997794,194.99999999994492,305.99999999988984,13.415000000000717,2198.784999999978,SSLW,model_assisted_not_ground_truth,0,0,0,0,0,0,0,0,0,0,0
16.88,171.99999999989447,156.99999999982413,59.99999999994138,0,292.9999999998476,321.99999999997652,189.99999999998826,295.99999999987102,13.480000000002111,2196.7700000002123,SSLW,model_assisted_not_ground_truth,0,0,0,0,0,0,0,0,0,0,0
16.89,162.99999999984652,141.99999999968026,54.99999999997442,0,280.00000000001279,319.99999999993605,188.99999999996163,284.99999999984652,13.66000000000307,2214.8899999996665,SSLW,model_assisted_not_ground_truth,0,0,0,0,0,0,0,0,0,0,0
16.90,150.9999999998245,116.999999999784,52.9999999999865,0,280.999999999919,314.999999999919,185.999999999946,272.999999999838,13.900000000002835,2188.8299999988362,SSLW,model_assisted_not_ground_truth,0,0,0,0,0,0,0,0,0,0,0
16.91,137.99999999983976,100.9999999999563,52,0,274.99999999982521,308.99999999988347,181.99999999995629,260.99999999978149,14.110000000003495,2102.6299999994017,SSLW,model_assisted_not_ground_truth,0,0,0,0,0,0,0,0,0,0,0
16.92,126.99999999992184,97.999999999937472,52.000000000031264,0,262.99999999996874,300.99999999987494,179.00000000003126,245.9999999996092,14.350000000001875,2061.559999999859,SSLW,model_assisted_not_ground_truth,0,0,0,0,0,0,0,0,0,0,0
16.93,121.99999999983658,93.999999999950973,54,0,261.00000000013074,292.99999999986926,180.99999999996732,220.99999999975486,14.470000000000596,2052.5299999999552,SSLW,model_assisted_not_ground_truth,0,0,0,0,0,0,0,0,0,0,0
16.94,112.00000000005329,91.000000000015987,54,0,268.99999999995737,285.00000000004263,179.00000000001066,206.00000000007992,14.58999999999936,2043.5000000000482,SSLW,model_assisted_not_ground_truth,0,0,0,0,0,0,0,0,0,0,0
16.95,106.00000000002771,83.000000000036948,52.000000000009237,0,261.00000000003695,271.00000000006469,181.99999999998613,193.00000000006003,14.739999999999307,2021.4300000001019,SSLW,model_assisted_not_ground_truth,0,0,0,0,0,0,0,0,0,0,0
16.96,100.00000000002132,73.000000000035527,52.999999999996447,0,248.00000000004619,268.00000000001069,182,174.0000000000675,14.91999999999936,2006.3800000000535,SSLW,model_assisted_not_ground_truth,0,0,0,0,0,0,0,0,0,0,0
16.97,93.000000000019895,65.000000000022737,52.000000000002842,0,231.00000000004832,268.99999999999716,182,152.00000000006253,15.079999999999545,1976.3100000000854,SSLW,model_assisted_not_ground_truth,0,0,0,0,0,0,0,0,0,0,0
16.98,87.000000000010658,67.999999999994671,52.999999999998224,0,220.00000000001955,266.00000000000534,181.00000000000176,135.00000000003018,15.249999999999698,1974.2800000000036,SSLW,model_assisted_not_ground_truth,0,0,0,0,0,0,0,0,0,0,0
16.99,84.000000000002132,54.000000000009948,53,0,207.00000000000924,257.00000000000637,177.00000000000284,106.00000000002061,15.389999999999901,1960.22000000001,SSLW,model_assisted_not_ground_truth,0,0,0,0,0,0,0,0,0,0,0
17.00,84,50,51,0,199,251,178,93,15.49,1951.21,SSLW,model_assisted_not_ground_truth,0,0,0,0,0,0,0,0,0,0,0
17.01,85,44.999999999994671,51.999999999997868,0,189.99999999998934,243.99999999999679,186.99999999999574,76.999999999988276,15.630000000000148,1953.7000000000028,SSLW,model_assisted_not_ground_truth,0,0,0,0,0,0,0,0,0,0,0
17.02,85.000000000001776,39.999999999994671,49.999999999998224,0,179.99999999998755,240.99999999999821,182.99999999999821,66.000000000001776,15.770000000000177,1956.1899999999982,SSLW,model_assisted_not_ground_truth,0,0,0,0,0,0,0,0,0,0,0
17.03,85.999999999997158,37.000000000005684,49.000000000002842,0,172.99999999998579,240.00000000000284,182.00000000001137,67.000000000031264,15.870000000000198,1955.1199999999856,SSLW,model_assisted_not_ground_truth,0,0,0,0,0,0,0,0,0,0,0
17.04,85.00000000001954,38.999999999996447,49.999999999998224,0,168.00000000001245,241.00000000002842,186.00000000004442,78.000000000026645,15.94000000000039,1950.0899999998576,SSLW,model_assisted_not_ground_truth,0,0,0,0,0,0,0,0,0,0,0
17.05,90.500000000025409,37.999999999995381,49.499999999997691,0,171.50000000001617,249.00000000003695,198.50000000005772,85.500000000034646,16.050000000000555,1910.0099999998106,SSLW,model_assisted_not_ground_truth,0,0,0,0,0,0,0,0,0,0,0
17.06,96.000000000021316,37,49,0,174.99999999997868,257.00000000001597,210.99999999998934,93.000000000026645,16.170000000000002,1869.0000000000878,SSLW,model_assisted_not_ground_truth,0,0,0,0,0,0,0,0,0,0,0
17.07,100.00000000002558,37,49,0,170.99999999997442,260.00000000001921,208.99999999998721,98.000000000031974,16.170000000000002,1885.4900000001055,SSLW,model_assisted_not_ground_truth,0,0,0,0,0,0,0,0,0,0,0
17.08,104.00000000014175,37.000000000059686,49.000000000007461,0,167.00000000010445,263.00000000005224,207.00000000006716,103.00000000019398,16.170000000000599,1901.9799999999252,SSLW,model_assisted_not_ground_truth,0,0,0,0,0,0,0,0,0,0,0
17.09,123.0000000000572,44.999999999983658,50.000000000008171,0,181.00000000008171,270.00000000001637,216.00000000004087,129.00000000021245,16.250000000000327,1891.9599999999591,SSLW,model_assisted_not_ground_truth,0,0,0,0,0,0,0,0,0,0,0
17.10,130.00000000003695,43.000000000046185,51,0,191.00000000008313,272.00000000006469,221.00000000008313,155.00000000011084,16.290000000000461,1886.9500000001199,SSLW,model_assisted_not_ground_truth,0,0,0,0,0,0,0,0,0,0,0
17.11,134.00000000007958,48.000000000009948,51,0,200.00000000006963,279.00000000003979,230.00000000005969,167.00000000012932,16.340000000000497,1899.9300000001092,SSLW,model_assisted_not_ground_truth,0,0,0,0,0,0,0,0,0,0,0
17.12,142.00000000002203,49.00000000003304,51.000000000011013,0,207.00000000008811,283.00000000003303,236.00000000013216,180.00000000011013,16.390000000000551,1910.9100000001761,SSLW,model_assisted_not_ground_truth,0,0,0,0,0,0,0,0,0,0,0
17.13,144.00000000029311,52,52,0,215.00000000005863,286.00000000005861,248.00000000016414,190.00000000016414,16.440000000000119,1926.8900000001056,SSLW,model_assisted_not_ground_truth,0,0,0,0,0,0,0,0,0,0,0
17.14,169.00000000010232,52.000000000038369,52.00000000001279,0,220.00000000015348,291.0000000001279,262.00000000001279,204.00000000015348,16.450000000000131,1935.8900000001152,SSLW,model_assisted_not_ground_truth,0,0,0,0,0,0,0,0,0,0,0
17.15,176.99999999998613,55,52.999999999986144,0,232.00000000018014,301.00000000002774,263.00000000008316,216.00000000008313,16.460000000000832,1944.8900000011777,SSLW,model_assisted_not_ground_truth,0,0,0,0,0,0,0,0,0,0,0
17.16,176.00000000011653,55.000000000043698,52.000000000029132,0,245.00000000017479,303.00000000005826,269.00000000001455,222.00000000010198,16.520000000000874,2029.8800000001595,SSLW,model_assisted_not_ground_truth,0,0,0,0,0,0,0,0,0,0,0
17.17,184.00000000010942,58,54,0,257.00000000020322,307.00000000023448,270.00000000014069,229.00000000021885,16.580000000001093,2040.8300000001557,SSLW,model_assisted_not_ground_truth,0,0,0,0,0,0,0,0,0,0,0
17.18,191.00000000021245,58.000000000163425,54,0,270.00000000006537,322.00000000008168,279.00000000016342,243.00000000040856,16.649999999999551,2050.7899999999363,SSLW,model_assisted_not_ground_truth,0,0,0,0,0,0,0,0,0,0,0
17.19,203.99999999993071,67.999999999946709,54,0,273.99999999997868,326.99999999997334,288.99999999994668,267.99999999986676,16.689999999999788,2065.7499999999204,SSLW,model_assisted_not_ground_truth,0,0,0,0,0,0,0,0,0,0,0
17.20,219.9999999999261,77.999999999953815,54.999999999995381,0,287.99999999993531,330.99999999998153,295.99999999996766,277.99999999995384,16.759999999999678,2051.6750000000648,SSLW,model_assisted_not_ground_truth,0,0,0,0,0,0,0,0,0,0,0
17.21,223.99999999998579,91.999999999950262,56.999999999992895,0,295.99999999997158,331,302.9999999999751,290.99999999995384,16.82999999999975,2037.6000000000499,SSLW,model_assisted_not_ground_truth,0,0,0,0,0,0,0,0,0,0,0
17.22,227.99999999998863,92,57.999999999997158,0,304.99999999997442,339.99999999997442,306.99999999998863,291,16.999999999999517,2001.5700000001023,SSLW,model_assisted_not_ground_truth,0,0,0,0,0,0,0,0,0,0,0
17.23,232.99999999999113,93.999999999996447,59.999999999996447,0,304.00000000000176,340.99999999999824,310.99999999999289,305.99999999997334,17.019999999999964,2016.5599999999733,SSLW,model_assisted_not_ground_truth,0,0,0,0,0,0,0,0,0,0,0
17.24,238.99999999999574,93.000000000000711,60.999999999999289,0,311.99999999999432,341,318.99999999999432,314.99999999999363,17.049999999999979,2026.5299999999929,SSLW,model_assisted_not_ground_truth,0,0,0,0,0,0,0,0,0,0,0
17.25,239,93,61,0,319,345,322,320,17.079999999999998,2045.51,SSLW,model_assisted_not_ground_truth,0,0,0,0,0,0,0,0,0,0,0
17.26,241.99999999999787,92,62,0,326.00000000000426,348.00000000000108,327.00000000000426,325.00000000000216,17.090000000000011,2031.4999999999936,SSLW,model_assisted_not_ground_truth,0,0,0,0,0,0,0,0,0,0,0
17.27,240.00000000000355,91.999999999998224,61.999999999998224,0,330.00000000000711,348.99999999999824,331.00000000000358,326.99999999999824,17.100000000000016,2025.4849999999894,SSLW,model_assisted_not_ground_truth,0,0,0,0,0,0,0,0,0,0,0
17.28,242.00000000000284,90.999999999991473,60.999999999997158,0,334.00000000000568,347.99999999998863,333,326.00000000000568,17.110000000000056,2019.4700000000028,SSLW,model_assisted_not_ground_truth,0,0,0,0,0,0,0,0,0,0,0
17.29,242.99999999999289,88,59.999999999996447,0,336,343.9999999999751,332.99999999999642,328.0000000000249,17.129999999999999,2020.4499999999325,SSLW,model_assisted_not_ground_truth,0,0,0,0,0,0,0,0,0,0,0
17.30,240.99999999999076,88.000000000004619,58.999999999990763,0,336,336.99999999994918,331.99999999997226,335.0000000000046,17.130000000000045,2001.4499999999352,SSLW,model_assisted_not_ground_truth,0,0,0,0,0,0,0,0,0,0,0
17.31,238.999999999984,88.999999999973355,56.999999999984013,0,335.99999999999466,325.999999999968,325.99999999997334,336.00000000001069,17.139999999999947,1987.4299999999307,SSLW,model_assisted_not_ground_truth,0,0,0,0,0,0,0,0,0,0,0
17.32,235.99999999992966,83.999999999942446,53.999999999993605,0,334.99999999998079,319.99999999997442,320.99999999997442,337.99999999995521,17.129999999999935,1974.4299999996931,SSLW,model_assisted_not_ground_truth,0,0,0,0,0,0,0,0,0,0,0
17.33,224.99999999985079,74.999999999962697,52.999999999977618,0,331.99999999991047,315.99999999990303,316.99999999991792,330.99999999997016,17.119999999999962,1926.4299999999143,SSLW,model_assisted_not_ground_truth,0,0,0,0,0,0,0,0,0,0,0
17.34,204.9999999999101,69.999999999983658,49.999999999983658,0,319.99999999990195,302.99999999986926,305.99999999980389,326.99999999986926,17.114999999999959,1914.9299999999062,SSLW,model_assisted_not_ground_truth,0,0,0,0,0,0,0,0,0,0,0
17.35,193.99999999988916,67.999999999981526,47.999999999990763,0,307.99999999987989,286.99999999990763,281.99999999980599,310.99999999975984,17.109999999999907,1903.4299999997506,SSLW,model_assisted_not_ground_truth,0,0,0,0,0,0,0,0,0,0,0
17.36,181.99999999992042,65.999999999970157,46.999999999950262,0,294.99999999999005,276.99999999985079,260.99999999984084,284.99999999984084,17.100000000000001,1876.4299999999005,SSLW,model_assisted_not_ground_truth,0,0,0,0,0,0,0,0,0,0,0
17.37,173.99999999957046,62.99999999993392,41.999999999944933,0,293.99999999990087,261.99999999986784,244.99999999983478,268.99999999950438,17.099999999999891,1866.4199999996367,SSLW,model_assisted_not_ground_truth,0,0,0,0,0,0,0,0,0,0,0
17.38,134.99999999974207,56.99999999994138,37,0,284.99999999981242,249.99999999981242,229.99999999974207,223.99999999974207,17.089999999999648,1833.4199999995662,SSLW,model_assisted_not_ground_truth,0,0,0,0,0,0,0,0,0,0,0
17.39,112.99999999971863,51.999999999897682,36.999999999936051,0,268.99999999969305,233.9999999997442,207.99999999983373,201.99999999985931,17.059999999999615,1796.4199999995269,SSLW,model_assisted_not_ground_truth,0,0,0,0,0,0,0,0,0,0,0
17.40,90.999999999833733,43.999999999916866,31.999999999986144,0,244.99999999939035,213.99999999988916,194.99999999972289,190.99999999991687,17.029999999999724,1759.4199999996538,SSLW,model_assisted_not_ground_truth,0,0,0,0,0,0,0,0,0,0,0
17.41,78.999999999868905,38.000000000029132,31,0,200.99999999953388,205.99999999976694,174.9999999996941,184.9999999999126,17.009999999999707,1734.4199999996358,SSLW,model_assisted_not_ground_truth,0,0,0,0,0,0,0,0,0,0,0
17.42,69.999999999812417,39.999999999984368,31.000000000015632,0,168.99999999981242,189.99999999970299,153.99999999971863,178.99999999990621,16.989999999999842,1709.4200000003439,SSLW,model_assisted_not_ground_truth,0,0,0,0,0,0,0,0,0,0,0
17.43,58.000000000032685,38.999999999967315,32.000000000016342,0,156.99999999970584,170.99999999998366,135.99999999982023,172.99999999996732,16.980000000000064,1731.4099999998596,SSLW,model_assisted_not_ground_truth,0,0,0,0,0,0,0,0,0,0,0
17.44,59.999999999989342,37.000000000010658,32.999999999994671,0,139.00000000009592,170.00000000000534,125.00000000005862,171.00000000001066,16.930000000000266,1659.4100000003837,SSLW,model_assisted_not_ground_truth,0,0,0,0,0,0,0,0,0,0,0
17.45,57.000000000013856,23.000000000064659,32.000000000004619,0,127.00000000005542,166.00000000001847,115.00000000004619,168.00000000001387,16.770000000000739,1516.4500000006603,SSLW,model_assisted_not_ground_truth,0,0,0,0,0,0,0,0,0,0,0
17.46,57.999999999996447,22.000000000003553,33.999999999992895,0,120.00000000002487,165.00000000000355,110.00000000001776,158.00000000003553,16.630000000000496,1423.5100000003301,SSLW,model_assisted_not_ground_truth,0,0,0,0,0,0,0,0,0,0,0
17.47,56.000000000005684,19.000000000008527,34.999999999997158,0,114.00000000001705,159.00000000001705,96.00000000003979,155.00000000000853,16.595000000000098,1408.5250000000426,SSLW,model_assisted_not_ground_truth,0,0,0,0,0,0,0,0,0,0,0
17.48,56,12.000000000012434,36.999999999996447,0,103.00000000001954,152.00000000001245,101.99999999998934,145.00000000001776,16.560000000000059,1393.5400000000266,SSLW,model_assisted_not_ground_truth,0,0,0,0,0,0,0,0,0,0,0
17.49,50.000000000004263,15.999999999997158,36.000000000000711,0,91.000000000008527,146.00000000000426,92.000000000007105,140.00000000000355,16.540000000000013,1388.5500000000036,SSLW,model_assisted_not_ground_truth,0,0,0,0,0,0,0,0,0,0,0
17.50,46,13,39,0,88,141,72,114,16.48,1336.53,SSLW,model_assisted_not_ground_truth,0,0,0,0,0,0,0,0,0,0,0
17.51,44,15.999999999995737,39.000000000001066,1.0658141036411196e-12,84.999999999995737,138.99999999999574,71.999999999988276,105.99999999997975,16.530000000000022,1378.540000000017,SSLW,model_assisted_not_ground_truth,0,0,0,0,0,0,0,0,0,0,0
17.52,44,12.000000000001776,40.000000000001776,0.99999999999822364,81.000000000001776,135,60.999999999982236,86.999999999968026,16.550000000000001,1394.5499999999911,SSLW,model_assisted_not_ground_truth,0,0,0,0,0,0,0,0,0,0,0
17.53,44,12.999999999982947,41,0,82,135.00000000001137,50.999999999977263,68.99999999996021,16.549999999999958,1389.55,SSLW,model_assisted_not_ground_truth,0,0,0,0,0,0,0,0,0,0,0
17.54,44,7.0000000000035527,41.000000000003553,0,81.999999999971578,139.00000000001066,43,54.999999999975131,16.534999999999947,1389.5550000000001,SSLW,model_assisted_not_ground_truth,0,0,0,0,0,0,0,0,0,0,0
17.55,44,7.9999999999953815,41.999999999995381,4.5123016434486199e-09,73.999999999958433,142.00000000001387,42.999999999995381,47.99999999996767,16.52,1389.5599999999954,SSLW,model_assisted_not_ground_truth,0,0,0,0,0,0,0,0,0,0,0
17.56,44,7.0000000000053291,41,977,64.999999999984013,145,42,40.999999999994671,16.520000000000053,1388.5600000000106,SSLW,model_assisted_not_ground_truth,0,0,0,0,0,0,0,0,0,0,0
17.57,44.000000000006395,8.0000000000063949,41.000000000006395,977,62.00000000002558,145.00000000000639,41.999999999993605,40,16.529999999999745,1390.5599999998274,SSLW,model_assisted_not_ground_truth,0,0,0,0,0,0,0,0,0,0,0
17.58,44.999999999992539,9.0000000000596856,41.999999999985079,977,66.000000000022382,146.00000000000747,41,39.999999999992539,16.489999999999849,1363.5699999999777,SSLW,model_assisted_not_ground_truth,0,0,0,0,0,0,0,0,0,0,0
17.59,44,17.000000000008171,40.000000000008171,977,69.000000000016342,147.00000000003268,41,39.000000000008171,16.470000000000244,1360.5700000001962,SSLW,model_assisted_not_ground_truth,0,0,0,0,0,0,0,0,0,0,0
17.60,44.000000000009237,18.000000000036948,41,977,71.000000000018474,150.99999999999076,41,40,16.5,1384.5700000000231,SSLW,model_assisted_not_ground_truth,0,0,0,0,0,0,0,0,0,0,0
17.61,45,22.000000000089528,41,976.99999999999,73.000000000029843,150.00000000006963,41,39.999999999990052,16.5,1387.0700000000247,SSLW,model_assisted_not_ground_truth,0,0,0,0,0,0,0,0,0,0,0
17.62,45.000000000011013,31.000000000055067,41,976.00000000001103,76.000000000022027,157,40.999999999977973,39.000000000011013,16.49999999999989,1389.5699999999008,SSLW,model_assisted_not_ground_truth,0,0,0,0,0,0,0,0,0,0,0
17.63,46,36.000000000011724,40.99999999994138,977,78,157.00000000007034,38.999999999976552,39.999999999988276,16.490000000000116,1380.5700000001054,SSLW,model_assisted_not_ground_truth,0,0,0,0,0,0,0,0,0,0,0
17.64,45.99999999998721,37.000000000051159,35.999999999961631,976.99999998750434,78.00000000002558,163,36.99999999998721,39.00000000001279,16.5,1389.5700000000511,SSLW,model_assisted_not_ground_truth,0,0,0,0,0,0,0,0,0,0,0
17.65,45,41.000000000055422,33,1.353690493034586e-08,79.999999999986144,162.99999999995842,36.000000000013856,39.999999999986144,16.499999999999861,1393.5700000000002,SSLW,model_assisted_not_ground_truth,0,0,0,0,0,0,0,0,0,0,0
17.66,44.999999999985434,45.000000000087397,32.999999999898037,977,78.999999999941735,159.99999999994174,36.999999999985434,39,16.489999999999998,1393.5800000000509,SSLW,model_assisted_not_ground_truth,0,0,0,0,0,0,0,0,0,0,0
17.67,44.000000000015632,51.000000000046896,26.000000000140687,977,74.999999999953104,155.99999999998437,36,39.000000000031264,16.489999999999998,1397.0800000000149,SSLW,model_assisted_not_ground_truth,0,0,0,0,0,0,0,0,0,0,0
17.68,44.999999999983658,53.999999999967315,35.000000000049027,977,71.999999999967315,154.99999999998366,36.000000000016342,41.000000000081712,16.489999999999998,1400.5799999999776,SSLW,model_assisted_not_ground_truth,0,0,0,0,0,0,0,0,0,0,0
17.69,44.000000000005329,52.000000000010658,37.999999999984013,977,70.000000000010658,154.00000000000534,36.999999999994671,45.999999999973355,16.480000000000054,1392.5800000000427,SSLW,model_assisted_not_ground_truth,0,0,0,0,0,0,0,0,0,0,0
17.70,44.999999999995381,52.999999999995381,38,977,69.000000000004619,154.9999999999954,37,43.000000000013856,16.460000000000093,1369.5800000001061,SSLW,model_assisted_not_ground_truth,0,0,0,0,0,0,0,0,0,0,0
17.71,43.000000000007105,53.999999999996447,36.000000000007105,977,69.999999999996447,155,37,53.99999999996092,16.460000000000001,1383.5899999999501,SSLW,model_assisted_not_ground_truth,0,0,0,0,0,0,0,0,0,0,0
17.72,42.000000000002842,54,35.000000000002842,977,70,154.00000000000284,37,56.999999999991473,16.489999999999913,1393.5899999999715,SSLW,model_assisted_not_ground_truth,0,0,0,0,0,0,0,0,0,0,0
17.73,42,53.000000000001776,37.999999999994671,977,70,152.00000000000355,37,60.999999999992895,16.460000000000054,1397.6099999999929,SSLW,model_assisted_not_ground_truth,0,0,0,0,0,0,0,0,0,0,0
17.74,42,56.999999999997158,38,977,70.999999999999289,147.00000000000355,37,59.000000000001421,16.509999999999966,1471.6299999999476,SSLW,model_assisted_not_ground_truth,0,0,0,0,0,0,0,0,0,0,0
17.75,39,52,38,977,71,138,37,59,16.515000000000001,1456.615,SSLW,model_assisted_not_ground_truth,0,0,0,0,0,0,0,0,0,0,0
17.76,38.000000000001066,50.999999999997868,37.999999999997868,977,72.000000000001066,132.99999999998826,36.999999999998934,59.999999999993605,16.519999999999968,1441.5999999999817,SSLW,model_assisted_not_ground_truth,0,0,0,0,0,0,0,0,0,0,0
17.77,38.999999999996447,49,35.999999999998224,977,73.000000000003553,121.99999999997335,36,53.999999999994671,16.489999999999998,1424.6100000000035,SSLW,model_assisted_not_ground_truth,0,0,0,0,0,0,0,0,0,0,0
17.78,36.999999999997158,48.999999999988631,35.000000000011369,977,75.000000000002842,106.99999999997442,36,50.999999999997158,16.489999999999998,1426.6099999999999,SSLW,model_assisted_not_ground_truth,0,0,0,0,0,0,0,0,0,0,0
17.79,36.000000000010658,45.000000000003553,39.000000000007105,976.99999999653255,76,97.999999999996447,35.999999999996447,50.000000000014211,16.490000000000034,1426.6100000000106,SSLW,model_assisted_not_ground_truth,0,0,0,0,0,0,0,0,0,0,0
17.80,39,45.999999999990763,41,1,76,97.000000000004619,35,53.999999999986144,16.499999999999975,1429.6100000000069,SSLW,model_assisted_not_ground_truth,0,0,0,0,0,0,0,0,0,0,0
17.81,39,43.999999999989342,41.000000000005329,0.99999999999467093,76.000000000005329,98.000000000010658,35,50.999999999973355,16.494999999999973,1431.115000000008,SSLW,model_assisted_not_ground_truth,0,0,0,0,0,0,0,0,0,0,0
17.82,39,41.999999999968026,42.000000000006395,6.3948846218467178e-12,77,99.99999999998721,35.000000000006395,46.00000000001279,16.489999999999998,1432.6199999999742,SSLW,model_assisted_not_ground_truth,0,0,0,0,0,0,0,0,0,0,0
17.83,38.999999999985079,36.999999999970157,43.000000000007461,0.9999999999925393,77.000000000022382,97.999999999977618,36,48.000000000044764,16.489999999999924,1428.6199999999924,SSLW,model_assisted_not_ground_truth,0,0,0,0,0,0,0,0,0,0,0
17.84,37,33.000000000008171,43.999999999983658,0,80,95.000000000008171,36,54.000000000114397,16.48,1427.6199999999999,SSLW,model_assisted_not_ground_truth,0,0,0,0,0,0,0,0,0,0,0
17.85,37,34.000000000018474,42.000000000009237,0,80.000000000018474,96.000000000027711,36.000000000027711,68.000000000064659,16.480000000000185,1427.6199999999442,SSLW,model_assisted_not_ground_truth,0,0,0,0,0,0,0,0,0,0,0
17.86,37,35.999999999990052,43.000000000009948,0,82.000000000019895,99.000000000069633,39,75.000000000198952,16.499999999999801,1421.5999999999901,SSLW,model_assisted_not_ground_truth,0,0,0,0,0,0,0,0,0,0,0
17.87,37.000000000044054,35,43.999999999988987,0,84.000000000022027,106.00000000006608,39.000000000011013,95.000000000165201,16.480000000000111,1420.6100000000329,SSLW,model_assisted_not_ground_truth,0,0,0,0,0,0,0,0,0,0,0
17.88,41,35.00000000005862,43.000000000011724,1.1723955140052316e-11,86.000000000046896,112.0000000000469,40.000000000011724,110.00000000018758,16.489999999999998,1423.6100000000058,SSLW,model_assisted_not_ground_truth,0,0,0,0,0,0,0,0,0,0,0
17.89,41,40.000000000089528,43.99999999998721,0.99999999998721023,90.000000000089528,116.00000000003837,41,126.00000000014069,16.489999999999998,1424.1100000000063,SSLW,model_assisted_not_ground_truth,0,0,0,0,0,0,0,0,0,0,0
17.90,41.000000000013856,47.0000000001247,43.000000000013856,0,97.000000000180123,119.00000000002771,41,137.00000000026327,16.489999999999998,1424.609999999986,SSLW,model_assisted_not_ground_truth,0,0,0,0,0,0,0,0,0,0,0
17.91,42.000000000014566,56.000000000145661,44,0,110.00000000010196,121.00000000002913,41,155.99999999998542,16.489999999999853,1423.6100000000581,SSLW,model_assisted_not_ground_truth,0,0,0,0,0,0,0,0,0,0,0
17.92,43.000000000015632,66.000000000046896,44.000000000023448,0,117.00000000003908,123.00000000005471,41.000000000007816,155.00000000007034,16.480000000000157,1427.6099999999999,SSLW,model_assisted_not_ground_truth,0,0,0,0,0,0,0,0,0,0,0
17.93,44.000000000004974,69.000000000014921,45.500000000007461,0,119.50000000001243,126.50000000001741,41.500000000002487,159.5000000000224,16.489999999999934,1427.6099999999999,SSLW,model_assisted_not_ground_truth,0,0,0,0,0,0,0,0,0,0,0
17.94,44.999999999994671,71.999999999984013,46.999999999992006,0,121.99999999998667,129.99999999998136,41.999999999997335,163.99999999997601,16.489999999999998,1429.6199999999892,SSLW,model_assisted_not_ground_truth,0,0,0,0,0,0,0,0,0,0,0
17.95,48.999999999981526,68.000000000018474,47,0,133.99999999994458,142.99999999993997,42,185.99999999989839,16.405000000000392,1440.1249999999516,SSLW,model_assisted_not_ground_truth,0,0,0,0,0,0,0,0,0,0,0
17.96,58.999999999964473,79.999999999957367,45.000000000007105,0,145.99999999995737,147.99999999998224,42,204.9999999999325,16.320000000000302,1450.6299999999628,SSLW,model_assisted_not_ground_truth,0,0,0,0,0,0,0,0,0,0,0
17.97,61.999999999991473,81.999999999994316,45.999999999997158,0,158.99999999996305,158.99999999996874,44.999999999991473,233.99999999991758,16.160000000000455,1427.7100000000651,SSLW,model_assisted_not_ground_truth,0,0,0,0,0,0,0,0,0,0,0
17.98,64.999999999994671,91.999999999982236,48.999999999994671,0,171.99999999997692,172.99999999997513,50.999999999989342,255.99999999996092,15.260000000001599,1396.9000000000549,SSLW,model_assisted_not_ground_truth,0,0,0,0,0,0,0,0,0,0,0
17.99,75.999999999992184,110.9999999999865,48.000000000000711,0,184.99999999999076,207.99999999997513,62.999999999991473,271.99999999998863,13.560000000001208,1529.3699999999058,SSLW,model_assisted_not_ground_truth,0,0,0,0,0,0,0,0,0,0,0
18.00,114,142,50,0,208,255,102,299,12.66,1704.6300000000001,SSLW,model_assisted_not_ground_truth,0,0,0,0,0,0,0,0,0,0,0
18.01,151.00000000001279,163.00000000002026,49.000000000002132,0,233.00000000002345,295.00000000001387,123.00000000000853,321.00000000000745,12.450000000000111,1754.7400000000148,SSLW,model_assisted_not_ground_truth,0,0,0,0,0,0,0,0,0,0,0
18.02,163.00000000000711,182.00000000000355,51,0,255.00000000001776,308,131,328.00000000001597,12.555000000000186,1768.7100000000248,SSLW,model_assisted_not_ground_truth,0,0,0,0,0,0,0,0,0,0,0
18.03,167.00000000000284,183.99999999998579,51.000000000002842,0,265,308.00000000000853,131.00000000000284,336.99999999998295,12.660000000000768,1782.6800000003896,SSLW,model_assisted_not_ground_truth,0,0,0,0,0,0,0,0,0,0,0
18.04,168.00000000002842,178.99999999999645,52.000000000010658,0,265.00000000000358,311.00000000000358,131.99999999999645,330.99999999997158,12.930000000001563,1919.7400000003981,SSLW,model_assisted_not_ground_truth,0,0,0,0,0,0,0,0,0,0,0
18.05,176.00000000002311,178.00000000000924,55,0,265.9999999999954,312.00000000001387,131.00000000000463,323.0000000000046,13.370000000001385,2031.8200000001054,SSLW,model_assisted_not_ground_truth,0,0,0,0,0,0,0,0,0,0,0
18.06,180.99999999997868,180.00000000002666,55,0,265.00000000001069,315,132.00000000001066,324.000000000032,13.670000000000639,2054.6700000000856,SSLW,model_assisted_not_ground_truth,0,0,0,0,0,0,0,0,0,0,0
18.07,177.00000000001279,185.00000000001279,55.00000000001279,0,267.00000000001279,315.00000000000642,134.00000000005116,330.00000000001921,13.790000000000191,2070.6800000000158,SSLW,model_assisted_not_ground_truth,0,0,0,0,0,0,0,0,0,0,0
18.08,179.00000000005224,186.99999999994031,57.000000000014921,0,269.00000000003729,316.00000000000745,142.0000000000224,332.99999999990303,13.820000000000224,2073.1900000000187,SSLW,model_assisted_not_ground_truth,0,0,0,0,0,0,0,0,0,0,0
18.09,186.00000000004087,179.00000000000819,59.000000000032685,0,274.00000000005718,317,145.00000000010624,320.00000000006537,13.849999999999591,2075.7000000001385,SSLW,model_assisted_not_ground_truth,0,0,0,0,0,0,0,0,0,0,0
18.10,191,180.00000000004619,62.999999999953815,0,281.00000000002774,317,158.00000000005542,327.99999999993531,13.800000000000463,2092.6800000000735,SSLW,model_assisted_not_ground_truth,0,0,0,0,0,0,0,0,0,0,0
18.11,190.99999999999005,184.9999999999801,57.999999999990052,0,283.9999999999801,317.0000000000199,163.99999999999005,320.99999999993037,13.850000000001193,2100.6700000001692,SSLW,model_assisted_not_ground_truth,0,0,0,0,0,0,0,0,0,0,0
18.12,189.99999999985681,182.99999999993392,56.999999999977973,0,281.99999999998897,318.99999999995595,162.99999999991189,313.99999999995595,13.970000000001102,2117.6600000001204,SSLW,model_assisted_not_ground_truth,0,0,0,0,0,0,0,0,0,0,0
18.13,176.99999999992966,176.99999999983586,54.999999999976552,0,280.9999999998945,315.00000000001171,154.99999999990621,309.99999999992963,14.070000000002697,2128.609999999765,SSLW,model_assisted_not_ground_truth,0,0,0,0,0,0,0,0,0,0,0
18.14,170.99999999998721,162.99999999984652,52.99999999998721,0,271.99999999989768,315.99999999993605,146.99999999996163,303.99999999992326,14.300000000003198,2108.5399999995257,SSLW,model_assisted_not_ground_truth,0,0,0,0,0,0,0,0,0,0,0
18.15,169.99999999988916,150.99999999980602,51.999999999972289,0,263.99999999994458,310.99999999994458,143.99999999994458,297.99999999994458,14.550000000001109,2071.4700000000421,SSLW,model_assisted_not_ground_truth,0,0,0,0,0,0,0,0,0,0,0
18.16,161.99999999986889,136.99999999992716,50.000000000014566,0,259.99999999991257,306.99999999995629,139.99999999985434,293.99999999979605,14.630000000001166,2074.5300000000448,SSLW,model_assisted_not_ground_truth,0,0,0,0,0,0,0,0,0,0,0
18.17,152.99999999992184,131.99999999979678,51,0,253.99999999973426,304.00000000001563,129.99999999996874,279.99999999984368,14.71000000000344,2077.5899999995299,SSLW,model_assisted_not_ground_truth,0,0,0,0,0,0,0,0,0,0,0
18.18,147.99999999998366,118.99999999998366,50.999999999983658,0,236.99999999986926,304.99999999996732,127.99999999998366,269.99999999986926,14.929999999998593,2047.5200000001923,SSLW,model_assisted_not_ground_truth,0,0,0,0,0,0,0,0,0,0,0
18.19,147.00000000000534,118.00000000000533,50.000000000005329,0,229.00000000004263,303.00000000001069,127.00000000000533,262.00000000004263,15.149999999998828,1931.350000000619,SSLW,model_assisted_not_ground_truth,0,0,0,0,0,0,0,0,0,0,0
18.20,141.00000000002771,115.00000000001386,50.999999999995381,0,229.9999999999954,300.00000000001387,127,260.00000000000921,15.349999999999076,1916.2800000000695,SSLW,model_assisted_not_ground_truth,0,0,0,0,0,0,0,0,0,0,0
18.21,141.99999999999645,108.00000000002487,50.000000000003553,0,227.00000000001066,299.00000000000352,128.99999999999289,256.00000000001421,15.519999999999396,1888.2300000000996,SSLW,model_assisted_not_ground_truth,0,0,0,0,0,0,0,0,0,0,0
18.22,141.00000000000284,104.00000000001137,50.999999999997158,0,230.99999999998863,296.00000000000853,133.99999999998579,254.00000000000568,15.704999999999474,1874.19500000004,SSLW,model_assisted_not_ground_truth,0,0,0,0,0,0,0,0,0,0,0
18.23,137.00000000000711,100.00000000000711,51.999999999998224,0,231,287.00000000001597,132.00000000000355,241.00000000002308,15.889999999999672,1860.1600000000251,SSLW,model_assisted_not_ground_truth,0,0,0,0,0,0,0,0,0,0,0
18.24,135.00000000000142,100,50.000000000001421,0,231,285.00000000000142,135.99999999999716,241,16.029999999999902,1833.1100000000192,SSLW,model_assisted_not_ground_truth,0,0,0,0,0,0,0,0,0,0,0
18.25,128,96,50,0,232,284,133,229,16.129999999999999,1823.05,SSLW,model_assisted_not_ground_truth,0,0,0,0,0,0,0,0,0,0,0
18.26,120.99999999999787,92.999999999990408,49.999999999998934,0,226.99999999999466,277.99999999999466,137,225.99999999999466,16.19000000000014,1879.0900000000031,SSLW,model_assisted_not_ground_truth,0,0,0,0,0,0,0,0,0,0,0
18.27,118.99999999999112,83.999999999989342,49,0,221.99999999998755,272.99999999999466,136.99999999999821,220.99999999998934,16.320000000000107,1882.050000000007,SSLW,model_assisted_not_ground_truth,0,0,0,0,0,0,0,0,0,0,0
18.28,113.99999999997158,77.999999999982947,49.000000000002842,0,214.99999999998863,269.99999999998579,135.99999999999432,214.99999999998579,16.380000000000084,1886.0200000000098,SSLW,model_assisted_not_ground_truth,0,0,0,0,0,0,0,0,0,0,0
18.29,103.99999999998224,71.999999999982236,49.999999999996447,0,210.99999999998579,264.99999999998931,134.00000000001066,209.99999999998579,16.410000000000107,1889.4900000000123,SSLW,model_assisted_not_ground_truth,0,0,0,0,0,0,0,0,0,0,0
18.30,98.999999999986144,66.999999999972289,49,0,206.99999999998153,261.99999999998613,137,205.99999999997689,16.440000000000232,1892.9600000000182,SSLW,model_assisted_not_ground_truth,0,0,0,0,0,0,0,0,0,0,0
18.31,95.999999999989342,60.999999999957367,49,0,202.99999999995202,258.99999999999466,137.00000000002132,200.99999999997334,16.490000000000158,1896.9200000000267,SSLW,model_assisted_not_ground_truth,0,0,0,0,0,0,0,0,0,0,0
18.32,94.000000000006395,52.999999999955236,49.000000000006395,0,193.99999999998082,257.99999999999358,141.00000000001918,195.99999999998721,16.520000000000127,1901.8999999997695,SSLW,model_assisted_not_ground_truth,0,0,0,0,0,0,0,0,0,0,0
18.33,94.999999999992539,45.999999999992539,50,0,190.9999999999776,256.99999999999255,144.00000000005969,193.99999999998508,16.540000000000074,1865.8399999999103,SSLW,model_assisted_not_ground_truth,0,0,0,0,0,0,0,0,0,0,0
18.34,94,44.999999999983658,50,0,187.99999999995097,256,152.00000000002453,192.00000000000819,16.550000000000125,1853.8300000000447,SSLW,model_assisted_not_ground_truth,0,0,0,0,0,0,0,0,0,0,0
18.35,94.000000000018474,42.999999999990763,50,0,181.99999999995381,256.00000000001847,154.99999999996305,193.00000000006466,16.56500000000014,1859.3200000000506,SSLW,model_assisted_not_ground_truth,0,0,0,0,0,0,0,0,0,0,0
18.36,96,42.000000000009948,50,0,176.99999999996021,258.0000000000199,151,200.00000000000995,16.580000000000197,1864.8100000001093,SSLW,model_assisted_not_ground_truth,0,0,0,0,0,0,0,0,0,0,0
18.37,96,42.999999999988987,50,0,172.99999999996695,260.00000000001103,151.00000000006608,201.00000000007711,16.600000000000332,1875.810000000077,SSLW,model_assisted_not_ground_truth,0,0,0,0,0,0,0,0,0,0,0
18.38,96.00000000005862,41.999999999976552,50,0,169.99999999998826,261,157.0000000000469,208.0000000000469,16.629999999999999,1882.8000000000939,SSLW,model_assisted_not_ground_truth,0,0,0,0,0,0,0,0,0,0,0
18.39,101.00000000003837,39.99999999997442,50,0,168.99999999996163,260.99999999996163,161.00000000003837,212.00000000006395,16.630000000000255,1890.7999999999997,SSLW,model_assisted_not_ground_truth,0,0,0,0,0,0,0,0,0,0,0
18.40,104.00000000005542,37.999999999916866,49.999999999986144,0,165.99999999991687,258.00000000001387,163.99999999998613,217.00000000006929,16.650000000000137,1890.7800000001803,SSLW,model_assisted_not_ground_truth,0,0,0,0,0,0,0,0,0,0,0
18.41,107.99999999998543,31.999999999927169,49.000000000014566,0,159.9999999999126,259,163.00000000002913,221.99999999989802,16.660000000000146,1903.7900000001312,SSLW,model_assisted_not_ground_truth,0,0,0,0,0,0,0,0,0,0,0
18.42,106.99999999998437,27.000000000046896,49.999999999984368,0,154.00000000001563,258.99999999998437,165.00000000002345,214.99999999996092,16.670000000000044,1912.7900000000384,SSLW,model_assisted_not_ground_truth,0,0,0,0,0,0,0,0,0,0,0
18.43,105.99999999999503,30.000000000014921,48.999999999995026,0,155.00000000000497,257.999999999995,166.50000000000745,212.49999999998755,16.679999999999936,1921.7899999999424,SSLW,model_assisted_not_ground_truth,0,0,0,0,0,0,0,0,0,0,0
18.44,105.00000000000533,32.999999999984013,48.000000000005329,0,155.99999999999466,257.00000000000534,167.99999999999201,210.00000000001333,16.670000000000055,1920.7900000000052,SSLW,model_assisted_not_ground_truth,0,0,0,0,0,0,0,0,0,0,0
18.45,108.99999999998153,33,48,0,156,256.0000000000046,168.9999999999954,209.0000000000046,16.679999999999954,1921.7899999999954,SSLW,model_assisted_not_ground_truth,0,0,0,0,0,0,0,0,0,0,0
18.46,106.00000000001066,25.000000000028422,48.999999999996447,0,156.99999999999645,256,168.00000000000355,202.00000000002487,16.689999999999966,1923.7799999999929,SSLW,model_assisted_not_ground_truth,0,0,0,0,0,0,0,0,0,0,0
18.47,107.99999999999432,23.000000000005684,48.000000000002842,0,157,252.00000000001137,170.99999999999147,198.00000000001137,16.680000000000028,1922.7800000000029,SSLW,model_assisted_not_ground_truth,0,0,0,0,0,0,0,0,0,0,0
18.48,109.99999999999645,28.999999999989342,48.999999999998224,0,157,251.00000000000176,171,191.00000000001245,16.684999999999992,1923.2799999999991,SSLW,model_assisted_not_ground_truth,0,0,0,0,0,0,0,0,0,0,0
18.49,113.99999999999716,27.000000000001421,49,0,157.99999999999929,249.00000000000142,171,190.00000000000071,16.689999999999998,1923.7799999999995,SSLW,model_assisted_not_ground_truth,0,0,0,0,0,0,0,0,0,0,0
18.50,118,31,49,0,158,252,172,191,16.699999999999999,1922.77,SSLW,model_assisted_not_ground_truth,0,0,0,0,0,0,0,0,0,0,0
18.51,114.99999999999893,29.999999999995737,48.000000000001066,0,161.00000000000108,249,170,180.99999999999039,16.710000000000001,1920.7699999999988,SSLW,model_assisted_not_ground_truth,0,0,0,0,0,0,0,0,0,0,0
18.52,113.99999999999645,26.000000000014211,49,0,162,249.00000000000179,169.99999999999821,171.99999999999821,16.710000000000001,1919.769999999975,SSLW,model_assisted_not_ground_truth,0,0,0,0,0,0,0,0,0,0,0
18.53,111.99999999999432,34.000000000005684,49,0,162.00000000000568,250.00000000000853,168.99999999999432,170.99999999996589,16.710000000000086,1905.7500000000027,SSLW,model_assisted_not_ground_truth,0,0,0,0,0,0,0,0,0,0,0
18.54,109.99999999999645,36,49.000000000003553,0,163.99999999999645,252.99999999999645,167.00000000000711,158.99999999998224,16.739999999999998,1906.7200000000196,SSLW,model_assisted_not_ground_truth,0,0,0,0,0,0,0,0,0,0,0
18.55,109.00000000000462,36.000000000006928,50,0,162.99999999999307,252.0000000000023,168.99999999999076,153.99999999995151,16.739999999999998,1912.2200000000255,SSLW,model_assisted_not_ground_truth,0,0,0,0,0,0,0,0,0,0,0
18.56,110.00000000000533,37.500000000007994,50,0,161.49999999999201,252.50000000000267,166.99999999998934,143.49999999994404,16.740000000000691,1917.7199999998986,SSLW,model_assisted_not_ground_truth,0,0,0,0,0,0,0,0,0,0,0
18.57,110.99999999996163,39.00000000002558,50.000000000006395,0,160,253.00000000001918,164.99999999997442,132.99999999994884,16.870000000000065,1898.7100000000639,SSLW,model_assisted_not_ground_truth,0,0,0,0,0,0,0,0,0,0,0
18.58,104.99999999995524,42.999999999992539,50.999999999985079,0,159.99999999998508,256,160.99999999993284,124.99999999973141,16.879999999999104,1908.7,SSLW,model_assisted_not_ground_truth,0,0,0,0,0,0,0,0,0,0,0
18.59,98.999999999971394,42.000000000004086,49.000000000004086,0,157.99999999999181,255.99999999999591,151.99999999998366,88.99999999993463,16.760000000000819,1908.6899999997549,SSLW,model_assisted_not_ground_truth,0,0,0,0,0,0,0,0,0,0,0
18.60,95.49999999996767,42.500000000004619,49.500000000004619,0,156.99999999999076,255.4999999999954,149.99999999998153,80.999999999926104,16.859999999999907,1878.6899999998891,SSLW,model_assisted_not_ground_truth,0,0,0,0,0,0,0,0,0,0,0
18.61,91.999999999930367,43.00000000003979,49.999999999990052,0,155.99999999997016,254.99999999989058,148.00000000005969,72.999999999741362,16.849999999999952,1866.6899999997413,SSLW,model_assisted_not_ground_truth,0,0,0,0,0,0,0,0,0,0,0
18.62,84.999999999955946,46.999999999955946,49,0,152.99999999998897,243.99999999994492,153.99999999993392,47.000000000011013,16.844999999999946,1840.6699999997136,SSLW,model_assisted_not_ground_truth,0,0,0,0,0,0,0,0,0,0,0
18.63,80.999999999988276,43.000000000035172,49.000000000011724,0,151.99999999997655,238.99999999990621,148.00000000002345,47.999999999976552,16.839999999999883,1814.6499999998241,SSLW,model_assisted_not_ground_truth,0,0,0,0,0,0,0,0,0,0,0
18.64,79.99999999997442,46,49.99999999998721,0,149.99999999991047,230.99999999996163,150.00000000005116,46,16.829999999999998,1799.6399999998594,SSLW,model_assisted_not_ground_truth,0,0,0,0,0,0,0,0,0,0,0
18.65,77.999999999958433,46.000000000013856,48.999999999986144,0,143,228.00000000001387,153.99999999991687,46.000000000013856,16.82999999999986,1788.6299999997091,SSLW,model_assisted_not_ground_truth,0,0,0,0,0,0,0,0,0,0,0
18.66,74.999999999985434,47.000000000043698,48,0,143.00000000005826,228.9999999999126,148.00000000004371,47,16.819999999999709,1767.6199999996502,SSLW,model_assisted_not_ground_truth,0,0,0,0,0,0,0,0,0,0,0
18.67,74,50.000000000031264,47.999999999984368,0,147.00000000006253,223.00000000003126,150.9999999999531,46.999999999953104,16.799999999999923,1743.6199999999217,SSLW,model_assisted_not_ground_truth,0,0,0,0,0,0,0,0,0,0,0
18.68,73.999999999983658,52.000000000016342,46.999999999983658,0,150.99999999995097,224.99999999996732,148,44,16.794999999999973,1738.6199999999751,SSLW,model_assisted_not_ground_truth,0,0,0,0,0,0,0,0,0,0,0
18.69,73.000000000005329,52.999999999994671,46.000000000005329,0,148.00000000001597,223.00000000001066,148,44,16.790000000000028,1733.6200000000265,SSLW,model_assisted_not_ground_truth,0,0,0,0,0,0,0,0,0,0,0
18.70,73.999999999995381,54.999999999990763,45.000000000004619,0,143.00000000002308,223.9999999999954,144.00000000001847,44,16.730000000000278,1760.699999999875,SSLW,model_assisted_not_ground_truth,0,0,0,0,0,0,0,0,0,0,0
18.71,72.000000000007105,54.000000000003553,45,0,141.00000000000711,220.00000000001421,139.00000000001776,44.999999999996447,16.610000000000426,1779.7099999999325,SSLW,model_assisted_not_ground_truth,0,0,0,0,0,0,0,0,0,0,0
18.72,72,52.000000000005684,41.000000000011369,974.99999999722888,138.00000000000853,219.00000000000284,138.00000000000284,43.000000000005684,16.60000000000003,1766.7100000000369,SSLW,model_assisted_not_ground_truth,0,0,0,0,0,0,0,0,0,0,0
18.73,69.000000000005329,48.000000000007105,40.000000000001776,975.99999999999818,132.00000000001066,218.00000000000176,127.00000000001954,43.999999999998224,16.709999999999805,1730.7100000000639,SSLW,model_assisted_not_ground_truth,0,0,0,0,0,0,0,0,0,0,0
18.74,69.999999999999289,46.000000000001421,40,973.00000000000216,125.00000000000497,214.00000000000284,124.00000000000213,44,16.690000000000015,1714.7100000000114,SSLW,model_assisted_not_ground_truth,0,0,0,0,0,0,0,0,0,0,0
18.75,64,47,40,977,123,211,127,44,16.68,1695.71,SSLW,model_assisted_not_ground_truth,0,0,0,0,0,0,0,0,0,0,0
18.76,64,45.999999999996803,38.999999999998934,1.0413003792573739e-09,117.99999999999361,200.99999999999679,117.99999999998934,44,16.604999999999919,1699.2100000000037,SSLW,model_assisted_not_ground_truth,0,0,0,0,0,0,0,0,0,0,0
18.77,63.999999999975131,42.999999999998224,37.999999999994671,977,112,197.99999999999821,108.00000000000178,43.999999999998224,16.530000000000197,1702.709999999938,SSLW,model_assisted_not_ground_truth,0,0,0,0,0,0,0,0,0,0,0
18.78,50.000000000002842,42,35.000000000002842,976.99999999722604,111.99999999999716,196.99999999999147,108.999999999946,43.000000000002842,16.639999999999574,1667.7100000000114,SSLW,model_assisted_not_ground_truth,0,0,0,0,0,0,0,0,0,0,0
18.79,50.999999999989342,42.000000000003553,36,1.0000000034674486,111,193.99999999998934,89.999999999968026,44,16.490000000000425,1671.709999999865,SSLW,model_assisted_not_ground_truth,0,0,0,0,0,0,0,0,0,0,0
18.80,47.999999999995381,42.999999999990763,35.999999999997691,976.99999999999534,110.99999999999768,190.99999999999537,80.999999999988447,43.999999999997691,16.609999999999907,1633.7099999996487,SSLW,model_assisted_not_ground_truth,0,0,0,0,0,0,0,0,0,0,0
18.81,46.999999999994671,40.999999999989342,35.499999999997335,975.99999999999466,110.49999999999733,189.99999999999466,78.49999999998667,43.499999999997335,16.589999999999893,1557.6699999998962,SSLW,model_assisted_not_ground_truth,0,0,0,0,0,0,0,0,0,0,0
18.82,46.000000000006395,39.000000000006395,35.000000000006395,975.00000000001285,109.99999999999361,188.99999999998082,75.999999999993605,43.000000000006395,16.569999999999872,1538.1649999998754,SSLW,model_assisted_not_ground_truth,0,0,0,0,0,0,0,0,0,0,0
18.83,47,40.000000000022382,35.999999999992539,977,108.99999999997762,185.99999999997016,74.999999999985079,43.999999999992539,16.549999999999777,1518.6599999997838,SSLW,model_assisted_not_ground_truth,0,0,0,0,0,0,0,0,0,0,0
18.84,47,42.999999999975486,35.000000000008171,976.99999999999181,105.99999999999183,181.99999999996732,72.999999999959144,43.000000000008171,16.52,1489.6699999997793,SSLW,model_assisted_not_ground_truth,0,0,0,0,0,0,0,0,0,0,0
18.85,47,39.999999999976907,36,975.99999999996771,105,178,67.999999999995381,44,16.51999999999963,1462.6499999998987,SSLW,model_assisted_not_ground_truth,0,0,0,0,0,0,0,0,0,0,0
18.86,47,37.499999999975131,36,972.49999999996521,105,178,67.499999999995026,44,16.479999999999901,1451.6700000000301,SSLW,model_assisted_not_ground_truth,0,0,0,0,0,0,0,0,0,0,0
18.87,47.000000000011013,35.000000000055067,35.999999999988987,968.99999998933902,105,178.00000000002203,67.000000000044054,43.999999999977973,16.469999999999999,1454.679999999956,SSLW,model_assisted_not_ground_truth,0,0,0,0,0,0,0,0,0,0,0
18.88,47.999999999988276,40.000000000023448,35.000000000011724,0.99999999998827604,105.00000000001172,180.00000000001174,71,42.000000000023448,16.469999999999999,1450.6799999999882,SSLW,model_assisted_not_ground_truth,0,0,0,0,0,0,0,0,0,0,0
18.89,47,41.999999999961631,36,0,106.00000000001279,181.00000000001279,71.00000000001279,43.99999999998721,16.469999999999999,1449.6799999999873,SSLW,model_assisted_not_ground_truth,0,0,0,0,0,0,0,0,0,0,0
18.90,47,39.000000000013856,36,1.3273648846746505e-08,107,182.00000000002771,71.999999999986144,43.000000000013856,16.469999999999722,1448.6799999999726,SSLW,model_assisted_not_ground_truth,0,0,0,0,0,0,0,0,0,0,0
18.91,47,40.000000000029132,36,958.00000000027671,107.00000000001457,184.00000000004371,71.000000000029132,44.000000000014566,16.449999999999999,1446.6900000000001,SSLW,model_assisted_not_ground_truth,0,0,0,0,0,0,0,0,0,0,0
18.92,47,42.000000000046896,36,977,108.00000000001563,187.00000000003126,73,45,16.450000000000312,1446.6899999998432,SSLW,model_assisted_not_ground_truth,0,0,0,0,0,0,0,0,0,0,0
18.93,47,45.000000000008171,36.000000000008171,977,109.00000000000817,189.00000000003268,72.999999999991829,45.000000000008171,16.469999999999871,1436.6600000000642,SSLW,model_assisted_not_ground_truth,0,0,0,0,0,0,0,0,0,0,0
18.94,47,45.50000000000302,36.50000000000302,977,109.50000000000301,191.00000000001208,72.499999999996987,45.50000000000302,16.450000000000106,1432.6700000000214,SSLW,model_assisted_not_ground_truth,0,0,0,0,0,0,0,0,0,0,0
18.95,47,45.999999999997691,36.999999999997691,977,109.9999999999977,192.99999999999076,72.000000000002302,45.999999999997691,16.449999999999999,1436.6749999999815,SSLW,model_assisted_not_ground_truth,0,0,0,0,0,0,0,0,0,0,0
18.96,47,45.000000000003553,37.999999999996447,976.00000000000352,110,195.99999999998934,70.000000000007105,49.999999999985789,16.449999999999999,1440.6799999999857,SSLW,model_assisted_not_ground_truth,0,0,0,0,0,0,0,0,0,0,0
18.97,47,45.999999999997158,38.999999999997158,976.99999999999716,111.99999999999432,204.99999999997442,73.999999999988631,51.999999999994316,16.449999999999999,1437.6800000000085,SSLW,model_assisted_not_ground_truth,0,0,0,0,0,0,0,0,0,0,0
18.98,47,43.000000000005329,39,977,112,208.99999999999289,74,61.999999999982236,16.449999999999999,1436.6800000000019,SSLW,model_assisted_not_ground_truth,0,0,0,0,0,0,0,0,0,0,0
18.99,47,43.999999999999289,39,977,112.49999999999964,209.99999999999929,72.500000000001066,67.999999999995737,16.449999999999999,1437.6799999999994,SSLW,model_assisted_not_ground_truth,0,0,0,0,0,0,0,0,0,0,0
19.00,47,45,39,977,113,211,71,74,16.449999999999999,1387.6199999999999,SSLW,model_assisted_not_ground_truth,0,0,0,0,0,0,0,0,0,0,0
19.01,47.000000000001066,47.000000000002132,39.000000000001066,977,117.00000000000213,218.00000000000213,82.999999999992539,84.000000000009592,16.450000000000031,1386.6100000000372,SSLW,model_assisted_not_ground_truth,0,0,0,0,0,0,0,0,0,0,0
19.02,47.999999999998224,49.000000000003553,40.000000000001776,977,119.00000000000355,220.00000000000355,76.000000000001776,93.000000000010658,16.480000000000018,1421.6200000000124,SSLW,model_assisted_not_ground_truth,0,0,0,0,0,0,0,0,0,0,0
19.03,47.000000000002842,50.999999999997158,40.999999999997158,977,121.00000000000568,222.00000000000284,77.000000000005684,99.000000000011369,16.49000000000003,1428.6200000000199,SSLW,model_assisted_not_ground_truth,0,0,0,0,0,0,0,0,0,0,0
19.04,48,50.000000000001776,40.000000000003553,977,123.00000000000355,223,79.000000000001776,103.00000000000888,16.500000000000071,1435.6199999999928,SSLW,model_assisted_not_ground_truth,0,0,0,0,0,0,0,0,0,0,0
19.05,48,50.500000000002309,41.000000000004619,977,124.00000000000462,223,79.500000000002302,105.50000000001154,16.519999999999953,1433.6199999999999,SSLW,model_assisted_not_ground_truth,0,0,0,0,0,0,0,0,0,0,0
19.06,48,51,41.999999999994671,977,125.00000000001599,223.00000000000534,79.999999999962697,108.00000000007461,16.509999999999948,1433.6300000000053,SSLW,model_assisted_not_ground_truth,0,0,0,0,0,0,0,0,0,0,0
19.07,48,51,41.000000000006395,977,128.00000000001918,224.00000000000639,73.000000000076739,122.00000000003837,16.5,1434.6299999999874,SSLW,model_assisted_not_ground_truth,0,0,0,0,0,0,0,0,0,0,0
19.08,48,51.000000000007461,42,977,131.00000000000747,225.00000000000747,84.999999999955236,128.00000000006716,16.499999999999961,1432.6299999999926,SSLW,model_assisted_not_ground_truth,0,0,0,0,0,0,0,0,0,0,0
19.09,48,52,42,977,132.00000000001634,226,79.000000000138911,137.00000000008171,16.494999999999958,1431.6299999999919,SSLW,model_assisted_not_ground_truth,0,0,0,0,0,0,0,0,0,0,0
19.10,48.000000000009237,52.000000000018474,42.000000000018474,977,134.00000000001847,226.00000000001847,96.000000000055422,147.00000000001847,16.489999999999721,1430.6299999994733,SSLW,model_assisted_not_ground_truth,0,0,0,0,0,0,0,0,0,0,0
19.11,49.000000000089528,54.000000000009948,44,976.99999999995021,136.00000000002984,228.0000000000199,101.99999999997016,149.00000000004974,16.460000000000001,1373.6000000002387,SSLW,model_assisted_not_ground_truth,0,0,0,0,0,0,0,0,0,0,0
19.12,58,55.000000000011013,44.000000000011013,971.99999998929491,139.00000000002203,230,99.000000000055067,154.00000000013216,16.460000000000221,1397.610000000099,SSLW,model_assisted_not_ground_truth,0,0,0,0,0,0,0,0,0,0,0
19.13,58.000000000035172,56.000000000011724,45,0,141.00000000005863,230.00000000003519,104.00000000007034,166.00000000005863,16.479999999998359,1406.6100000003282,SSLW,model_assisted_not_ground_truth,0,0,0,0,0,0,0,0,0,0,0
19.14,61.000000000019185,57.000000000019185,45.000000000006395,0,146.00000000004476,233.00000000001918,110,171.00000000004476,16.339999999999232,1434.6200000009223,SSLW,model_assisted_not_ground_truth,0,0,0,0,0,0,0,0,0,0,0
19.15,62.500000000020783,58.500000000020783,45.500000000006928,0,149.50000000004849,234.50000000002078,110,174.50000000004849,16.27999999999993,1506.750000000111,SSLW,model_assisted_not_ground_truth,0,0,0,0,0,0,0,0,0,0,0
19.16,64.000000000014566,60,46,0,153.00000000005826,236.00000000004371,110.0000000000874,178.00000000002913,16.274999999999928,1514.7600000001166,SSLW,model_assisted_not_ground_truth,0,0,0,0,0,0,0,0,0,0,0
19.17,64.999999999984368,60.000000000031264,46.000000000031264,0,157.00000000001563,239.00000000001563,116.00000000001563,180.00000000007816,16.27,1522.7700000001407,SSLW,model_assisted_not_ground_truth,0,0,0,0,0,0,0,0,0,0,0
19.18,64.000000000016342,61.999999999967315,47.999999999983658,0,158.00000000003268,240.00000000001634,117.00000000004903,185.00000000008171,16.27,1531.7799999999424,SSLW,model_assisted_not_ground_truth,0,0,0,0,0,0,0,0,0,0,0
19.19,64.999999999994671,60.000000000010658,47.000000000005329,0,159.99999999998934,240.99999999999466,119.99999999998401,189.99999999997334,16.260000000000055,1544.7799999999306,SSLW,model_assisted_not_ground_truth,0,0,0,0,0,0,0,0,0,0,0
19.20,65,60.999999999995381,48.999999999990763,0,160.9999999999954,241.9999999999954,120.99999999999538,194.99999999997692,16.250000000000046,1479.6800000003007,SSLW,model_assisted_not_ground_truth,0,0,0,0,0,0,0,0,0,0,0
19.21,65.999999999996447,59.000000000007105,48.000000000003553,0,161,242.99999999999645,116.00000000001776,193.00000000000711,16.240000000000034,1563.8099999997009,SSLW,model_assisted_not_ground_truth,0,0,0,0,0,0,0,0,0,0,0
19.22,66,57.000000000005684,48.999999999997158,0,162.99999999999432,243,115.00000000000284,196.99999999998863,16.210000000000086,1577.8299999999601,SSLW,model_assisted_not_ground_truth,0,0,0,0,0,0,0,0,0,0,0
19.23,66,57,49.999999999998224,0,163,243.99999999999824,119.99999999999112,196.00000000000176,16.229999999999965,1552.7900000000445,SSLW,model_assisted_not_ground_truth,0,0,0,0,0,0,0,0,0,0,0
19.24,66.999999999999289,57,49.000000000000711,0,164.99999999999858,244,119.00000000000071,196,16.249999999999986,1527.7500000000177,SSLW,model_assisted_not_ground_truth,0,0,0,0,0,0,0,0,0,0,0
19.25,67,54,49,0,164,245,123,198,16.239999999999998,1527.77,SSLW,model_assisted_not_ground_truth,0,0,0,0,0,0,0,0,0,0,0
19.26,68,55.000000000002132,49.000000000001066,0,165.00000000000426,246.00000000000108,128.00000000000108,201.99999999999892,16.20999999999999,1539.7800000000118,SSLW,model_assisted_not_ground_truth,0,0,0,0,0,0,0,0,0,0,0
19.27,67.999999999998224,56.999999999992895,49.999999999998224,0,168.99999999999645,247.00000000000179,128.99999999998755,201,16.199999999999964,1550.7900000000143,SSLW,model_assisted_not_ground_truth,0,0,0,0,0,0,0,0,0,0,0
19.28,67.000000000002842,53.000000000002842,49.000000000002842,0,167.00000000000568,248.00000000000853,122.00000000002274,201.00000000000853,16.179999999999971,1558.8000000000113,SSLW,model_assisted_not_ground_truth,0,0,0,0,0,0,0,0,0,0,0
19.29,68.000000000003553,53.999999999996447,49.999999999996447,0,169,251.00000000000711,129.99999999998579,204.00000000000355,16.169999999999966,1562.8100000000143,SSLW,model_assisted_not_ground_truth,0,0,0,0,0,0,0,0,0,0,0
19.30,69.000000000009237,53,49.000000000009237,0,169,253.00000000000463,126.00000000004157,205.00000000001387,16.1599999999994,1566.8199999998014,SSLW,model_assisted_not_ground_truth,0,0,0,0,0,0,0,0,0,0,0
19.31,70.999999999994671,53.000000000005329,50.999999999994671,0,169.00000000000534,254.00000000000534,135.000000000016,208.00000000002132,16.030000000000054,1523.8300000001705,SSLW,model_assisted_not_ground_truth,0,0,0,0,0,0,0,0,0,0,0
19.32,70.000000000006395,54,50,0,170,255.00000000000639,137.99999999998082,212,16.039999999999871,1555.8500000001343,SSLW,model_assisted_not_ground_truth,0,0,0,0,0,0,0,0,0,0,0
19.33,71.000000000007461,53.999999999992539,50.000000000007461,0,170,256.00000000000745,135.00000000003732,212.00000000000747,16.019999999998507,1576.8800000002911,SSLW,model_assisted_not_ground_truth,0,0,0,0,0,0,0,0,0,0,0
19.34,72,53.000000000008171,50.999999999991829,0,170.00000000000819,257.00000000001637,140,213.00000000000819,15.819999999999755,1615.8900000000413,SSLW,model_assisted_not_ground_truth,0,0,0,0,0,0,0,0,0,0,0
19.35,72.000000000009237,54,50,0,171.00000000002771,259,140.00000000005542,214.00000000001847,15.789999999999353,1620.9200000003334,SSLW,model_assisted_not_ground_truth,0,0,0,0,0,0,0,0,0,0,0
19.36,73.000000000009948,54.000000000009948,50.000000000009948,0,174.00000000002984,259.00000000000995,145.9999999999801,216.00000000000995,15.719999999999603,1657.000000000254,SSLW,model_assisted_not_ground_truth,0,0,0,0,0,0,0,0,0,0,0
19.37,74,55.000000000011013,51,0,176.99999999998897,260.00000000005508,143.99999999998897,217.00000000003305,15.679999999999559,1682.5250000002811,SSLW,model_assisted_not_ground_truth,0,0,0,0,0,0,0,0,0,0,0
19.38,74.000000000011724,56.000000000023448,50.999999999988276,0,176.00000000001174,264.99999999998829,143.00000000005863,220.00000000003519,15.639999999999649,1708.0500000001059,SSLW,model_assisted_not_ground_truth,0,0,0,0,0,0,0,0,0,0,0
19.39,75,58.00000000001279,50.00000000001279,0,177.00000000001279,264.00000000002558,148.00000000005116,223.00000000002558,15.609999999999488,1717.0800000000897,SSLW,model_assisted_not_ground_truth,0,0,0,0,0,0,0,0,0,0,0
19.40,75.000000000013856,58.999999999972289,51,0,178.00000000001387,266,152.00000000001387,225.00000000001387,15.569999999998892,1724.099999999584,SSLW,model_assisted_not_ground_truth,0,0,0,0,0,0,0,0,0,0,0
19.41,76.000000000029132,56.999999999985434,51,0,178.99999999998542,266.00000000001455,152.99999999998542,226.00000000002913,15.49,1694.0800000003353,SSLW,model_assisted_not_ground_truth,0,0,0,0,0,0,0,0,0,0,0
19.42,78.000000000015632,56.000000000031264,51,0,178,266.99999999998437,152,228,15.489999999999766,1717.109999999765,SSLW,model_assisted_not_ground_truth,0,0,0,0,0,0,0,0,0,0,0
19.43,79,58.000000000049027,51,0,178.00000000001634,266,151.99999999998366,228.0000000001144,15.474999999999927,1702.0849999999252,SSLW,model_assisted_not_ground_truth,0,0,0,0,0,0,0,0,0,0,0
19.44,79,60.999999999984013,51,0,178.99999999999466,266,151.00000000000534,234.99999999996271,15.460000000000081,1687.06000000008,SSLW,model_assisted_not_ground_truth,0,0,0,0,0,0,0,0,0,0,0
19.45,80.999999999990763,55.000000000027711,51,0,179.9999999999954,266,152.99999999999076,235.9999999999954,15.420000000000185,1706.0799999999122,SSLW,model_assisted_not_ground_truth,0,0,0,0,0,0,0,0,0,0,0
19.46,81,59.999999999982236,51,0,179.00000000000355,266.99999999999648,154.99999999999289,241.99999999997868,15.400000000000071,1712.0999999999785,SSLW,model_assisted_not_ground_truth,0,0,0,0,0,0,0,0,0,0,0
19.47,81.999999999997158,59.000000000002842,51,0,179,267,159.99999999998579,241.00000000000284,15.350000000000142,1718.1199999999828,SSLW,model_assisted_not_ground_truth,0,0,0,0,0,0,0,0,0,0,0
19.48,82,56.000000000005329,51,0,178.00000000000176,267,165.99999999998934,242.99999999999645,15.320000000000054,1725.1299999999876,SSLW,model_assisted_not_ground_truth,0,0,0,0,0,0,0,0,0,0,0
19.49,82.999999999999289,55.000000000000711,51,975.99999999930651,178.99999999999929,266.00000000000068,160.00000000000426,243,15.310000000000008,1732.1499999999951,SSLW,model_assisted_not_ground_truth,0,0,0,0,0,0,0,0,0,0,0
19.50,83,56,51,976,178,266,163,243,15.300000000000001,1736.1600000000001,SSLW,model_assisted_not_ground_truth,0,0,0,0,0,0,0,0,0,0,0
19.51,82,56.999999999997868,51.000000000001066,976,178,265.99999999999892,165.99999999999892,241.99999999999574,15.27999999999998,1737.1650000000011,SSLW,model_assisted_not_ground_truth,0,0,0,0,0,0,0,0,0,0,0
19.52,82,54.999999999992895,52,976.00000000000182,177.99999999999821,265,165.00000000000355,237.99999999999821,15.259999999999946,1738.1700000001033,SSLW,model_assisted_not_ground_truth,0,0,0,0,0,0,0,0,0,0,0
19.53,82,50.999999999994316,51.999999999997158,977,176.99999999999716,265,166.99999999999432,237,15.229999999999858,1796.2400000000428,SSLW,model_assisted_not_ground_truth,0,0,0,0,0,0,0,0,0,0,0
19.54,82,49.000000000007105,51,976.99999999999648,176,265,165.00000000000355,236.99999999999645,15.179999999999858,1811.2600000000746,SSLW,model_assisted_not_ground_truth,0,0,0,0,0,0,0,0,0,0,0
19.55,82,50.999999999986144,50.999999999995381,976,175.99999999999076,264.9999999999954,166.00000000000463,235.99999999998613,15.139999999999723,1832.2700000001662,SSLW,model_assisted_not_ground_truth,0,0,0,0,0,0,0,0,0,0,0
19.56,82,47.999999999989342,50.000000000005329,976,173.99999999999466,264,166.99999999998934,233,15.079999999999973,1868.2800000000159,SSLW,model_assisted_not_ground_truth,0,0,0,0,0,0,0,0,0,0,0
19.57,82,46.000000000006395,51,976,173,263.99999999998721,165.00000000000639,232.99999999999361,15.074999999999967,1871.2800000000191,SSLW,model_assisted_not_ground_truth,0,0,0,0,0,0,0,0,0,0,0
19.58,82,46.999999999992539,51,976,173,262,165.99999999999253,232,15.069999999999776,1874.2799999999927,SSLW,model_assisted_not_ground_truth,0,0,0,0,0,0,0,0,0,0,0
19.59,82,46.000000000008171,51,976,172.99999999999181,262,164.99999999996732,232,15.039999999999836,1873.2900000000407,SSLW,model_assisted_not_ground_truth,0,0,0,0,0,0,0,0,0,0,0
19.60,82,47,51,976,172.00000000000924,262,161.00000000001847,231.99999999999076,15.02,1878.2799999993615,SSLW,model_assisted_not_ground_truth,0,0,0,0,0,0,0,0,0,0,0
19.61,82.000000000009948,46.999999999970157,51,976,173,262,163,230.99999999999005,15.019999999999701,1809.1599999999505,SSLW,model_assisted_not_ground_truth,0,0,0,0,0,0,0,0,0,0,0
19.62,83,43.999999999988987,51,976,173,261.99999999998897,163.00000000001103,229.99999999998897,14.99,1804.1700000001106,SSLW,model_assisted_not_ground_truth,0,0,0,0,0,0,0,0,0,0,0
19.63,82.999999999988276,43.000000000011724,51,976,173,260.99999999998829,164,228.99999999998826,14.989999999999648,1814.200000000998,SSLW,model_assisted_not_ground_truth,0,0,0,0,0,0,0,0,0,0,0
19.64,82.00000000001279,43.99999999998721,51,976.00000000001285,172.99999999998721,259.99999999998721,163.99999999997442,228,14.959999999999745,1899.320000000032,SSLW,model_assisted_not_ground_truth,0,0,0,0,0,0,0,0,0,0,0
19.65,83,42.999999999958433,51,977,172.00000000001387,258.99999999998613,162,227.99999999994458,14.939999999999724,1901.8300000000347,SSLW,model_assisted_not_ground_truth,0,0,0,0,0,0,0,0,0,0,0
19.66,83,39.999999999970868,51.000000000014566,976.99999999998545,172.99999999998542,257.99999999998545,162,223.99999999998542,14.920000000000146,1904.3400000001748,SSLW,model_assisted_not_ground_truth,0,0,0,0,0,0,0,0,0,0,0
19.67,82.999999999984368,38.000000000031264,51.999999999984368,976,172,257,161.99999999998437,222.9999999999531,14.930000000000469,1916.3399999992791,SSLW,model_assisted_not_ground_truth,0,0,0,0,0,0,0,0,0,0,0
19.68,82.000000000016342,40,51,976,171.99999999998366,257,161.00000000001634,220.00000000001634,14.959999999999809,1870.2300000002949,SSLW,model_assisted_not_ground_truth,0,0,0,0,0,0,0,0,0,0,0
19.69,82.999999999994671,40,51,976,171.00000000000534,257,161.99999999999466,220.99999999999466,14.979999999999894,1863.2200000000373,SSLW,model_assisted_not_ground_truth,0,0,0,0,0,0,0,0,0,0,0
19.70,82.000000000004619,38.000000000009237,51,976,172.99999999999076,257,159.00000000001387,218.00000000001387,14.984999999999978,1862.7200000000023,SSLW,model_assisted_not_ground_truth,0,0,0,0,0,0,0,0,0,0,0
19.71,82.999999999996447,38,50.000000000003553,976,172.00000000000355,257,159,218.99999999999645,14.989999999999982,1862.2200000000018,SSLW,model_assisted_not_ground_truth,0,0,0,0,0,0,0,0,0,0,0
19.72,82.000000000002842,36.000000000005684,50,976,172,256.00000000000284,160.99999999999432,220.99999999999432,15.009999999999943,1880.2299999999489,SSLW,model_assisted_not_ground_truth,0,0,0,0,0,0,0,0,0,0,0
19.73,82,35.000000000001776,50.999999999998224,976.99999999999818,171.00000000000176,256,158.00000000000534,221.99999999999824,15.01,1872.2200000000144,GT,model_assisted_not_ground_truth,0,0,0,0,0,0,0,0,0,0,0
19.74,82,35,50.000000000000711,976.00000000000068,171,256,158,221.00000000000071,15.029999999999985,1882.219999999993,GT,model_assisted_not_ground_truth,0,0,0,0,0,0,0,0,0,0,0
19.75,82,35,50,976,170,256,156,219,15.039999999999999,1885.22,GT,model_assisted_not_ground_truth,0,0,0,0,0,0,0,0,0,0,0
19.76,82,33,49.999999999998934,976.99999999999898,170,255.99999999999892,159,215.99999999999892,15.060000000000011,1885.2200000000043,GT,model_assisted_not_ground_truth,0,0,0,0,0,0,0,0,0,0,0
19.77,82,33.000000000001776,49,976.00000000000182,170.00000000000179,254.99999999999821,159,215.00000000000179,15.070000000000018,1889.2200000000043,GT,model_assisted_not_ground_truth,0,0,0,0,0,0,0,0,0,0,0
19.78,82,33.999999999997158,49,977,171.00000000000284,254,159.00000000000284,215.99999999999432,15.080000000000028,1891.7150000000072,GT,model_assisted_not_ground_truth,0,0,0,0,0,0,0,0,0,0,0
19.79,81.999999999996447,33.000000000003553,49,976.99999999999648,171.99999999998579,254,160,214,15.09,1894.2100000000144,GT,model_assisted_not_ground_truth,0,0,0,0,0,0,0,0,0,0,0
19.80,80.999999999995381,34,49,976,168,254,160,213.99999999999076,15.089999999999815,1898.2099999998984,GT,model_assisted_not_ground_truth,0,0,0,0,0,0,0,0,0,0,0
19.81,80,33.999999999994671,49,976.00000000000534,168.00000000000534,254,159.999999999984,212,15.049999999999894,1876.2099999998561,GT,model_assisted_not_ground_truth,0,0,0,0,0,0,0,0,0,0,0
19.82,80,33,49,977,169.00000000000639,254,157.00000000001279,212.00000000001918,15.030000000000127,1849.2200000000767,GT,model_assisted_not_ground_truth,0,0,0,0,0,0,0,0,0,0,0
19.83,80,33.000000000029843,49,976.9999999999925,170.00000000001492,254,159.00000000001492,214.99999999999253,15.050000000000374,1861.2100000001642,GT,model_assisted_not_ground_truth,0,0,0,0,0,0,0,0,0,0,0
19.84,80.000000000008171,37,49.000000000008171,976.00000000000819,171.99999999998366,254,160.99999999998366,214.00000000001634,15.099999999999959,1883.2099999999837,GT,model_assisted_not_ground_truth,0,0,0,0,0,0,0,0,0,0,0
19.85,81,36.999999999990763,49.999999999990763,976.99999999999079,170,254,159.00000000000924,216,15.094999999999953,1881.2099999999816,GT,model_assisted_not_ground_truth,0,0,0,0,0,0,0,0,0,0,0
19.86,81.000000000009948,35.999999999970157,49,976.00000000001,170.0000000000199,254,159.99999999999005,216.00000000000995,15.09,1879.2099999999502,GT,model_assisted_not_ground_truth,0,0,0,0,0,0,0,0,0,0,0
19.87,82,33.000000000055067,49,977,172,254.00000000001103,159,217,15.09,1874.2100000001101,GT,model_assisted_not_ground_truth,0,0,0,0,0,0,0,0,0,0,0
19.88,82,38,49,977,172,255,159.00000000001174,217,15.090000000000234,1884.2100000000585,GT,model_assisted_not_ground_truth,0,0,0,0,0,0,0,0,0,0,0
19.89,82,38,49,977,172,255,159.99999999998721,217.00000000001279,15.110000000000127,1889.2000000000512,GT,model_assisted_not_ground_truth,0,0,0,0,0,0,0,0,0,0,0
19.90,82,37.999999999944578,49.000000000013856,977,171.99999999998613,255,159.00000000004158,218,15.120000000000276,1893.2000000000278,GT,model_assisted_not_ground_truth,0,0,0,0,0,0,0,0,0,0,0
19.91,82,34.000000000014566,49.999999999985434,977,171,255,161.99999999997087,218,15.140000000000146,1895.1999999999928,GT,model_assisted_not_ground_truth,0,0,0,0,0,0,0,0,0,0,0
19.92,82,34.999999999992184,49.000000000007816,977,170.99999999999218,255,160.00000000000782,218,15.150000000000043,1894.699999999998,GT,model_assisted_not_ground_truth,0,0,0,0,0,0,0,0,0,0,0
19.93,82,34.499999999997513,49.500000000002487,977,170.4999999999975,255,160.5000000000025,218,15.159999999999936,1894.2000000000032,GT,model_assisted_not_ground_truth,0,0,0,0,0,0,0,0,0,0,0
19.94,82,34.000000000002665,49.999999999997335,977,170.00000000000267,255,160.99999999999733,218,15.16,1897.1999999999841,GT,model_assisted_not_ground_truth,0,0,0,0,0,0,0,0,0,0,0
19.95,82.999999999995381,36.999999999986144,49.000000000004619,977,171.99999999999076,255,161,216.00000000000924,15.169999999999954,1897.2,GT,model_assisted_not_ground_truth,0,0,0,0,0,0,0,0,0,0,0
19.96,83,37.999999999996447,49,976.00000000000352,170.00000000000711,255,158.00000000001066,216.99999999999645,15.17,1897.2,GT,model_assisted_not_ground_truth,0,0,0,0,0,0,0,0,0,0,0
19.97,83,35.000000000008527,49.999999999997158,976,170,255.99999999999716,159.99999999999432,216.00000000000284,15.179999999999971,1892.1900000000144,GT,model_assisted_not_ground_truth,0,0,0,0,0,0,0,0,0,0,0
19.98,82.000000000001776,36.999999999996447,49.000000000001776,976,170,256,160.99999999999824,215.00000000000176,15.189999999999982,1894.1899999999964,GT,model_assisted_not_ground_truth,0,0,0,0,0,0,0,0,0,0,0
19.99,82.999999999999289,37,49,974.00000000000136,170.99999999999929,255.00000000000071,161,215.99999999999929,15.19,1895.6899999999989,GT,model_assisted_not_ground_truth,0,0,0,0,0,0,0,0,0,0,0
20.00,83,40,50,976,174,256,162,215,15.19,1897.1900000000001,GT,model_assisted_not_ground_truth,0,0,0,0,0,0,0,0,0,0,0
20.01,83,39.999999999998934,49.000000000001066,977,174.00000000000108,255.99999999999892,164,218.00000000000108,15.209999999999958,1894.1899999999735,GT,model_assisted_not_ground_truth,0,0,0,0,0,0,0,0,0,0,0
20.02,83,39.000000000003553,50,977,175,255.00000000000179,164.00000000000179,219.00000000000179,15.170000000000018,1869.1900000000107,GT,model_assisted_not_ground_truth,0,0,0,0,0,0,0,0,0,0,0
20.03,83,41.000000000002842,49.999999999997158,977,175,256,164.99999999999432,219.99999999999716,15.180000000000085,1875.190000000003,GT,model_assisted_not_ground_truth,0,0,0,0,0,0,0,0,0,0,0
20.04,83,42,49.000000000003553,977,174.99999999999289,256,163.00000000000355,219.00000000000355,15.210000000000001,1876.1899999999964,GT,model_assisted_not_ground_truth,0,0,0,0,0,0,0,0,0,0,0
20.05,82.999999999995381,42.000000000004619,50,976.99999999999534,172.99999999999537,256,163.99999999998153,220,15.210000000000001,1875.1899999999955,GT,model_assisted_not_ground_truth,0,0,0,0,0,0,0,0,0,0,0
20.06,82,42.999999999994671,49.999999999994671,976,172.00000000000534,256,160.00000000000534,219.99999999998934,15.210000000000001,1874.1899999999894,GT,model_assisted_not_ground_truth,0,0,0,0,0,0,0,0,0,0,0
20.07,82.000000000006395,42,49.000000000006395,976,173,256,161.00000000000639,218,15.210000000000065,1872.1900000000192,GT,model_assisted_not_ground_truth,0,0,0,0,0,0,0,0,0,0,0
20.08,83,42.000000000007461,49.999999999992539,975.9999999999925,172.99999999999253,256,162.00000000001492,218,15.22000000000015,1875.1900000000001,GT,model_assisted_not_ground_truth,0,0,0,0,0,0,0,0,0,0,0
20.09,83,43,49.000000000008171,975.00000000000819,172.00000000000819,256,163.99999999998366,218,15.24,1875.1900000000082,GT,model_assisted_not_ground_truth,0,0,0,0,0,0,0,0,0,0,0
20.10,82.999999999990763,43,50,975.99999999999079,172.99999999999076,256,162.00000000000924,218,15.240000000000093,1876.1899999999814,GT,model_assisted_not_ground_truth,0,0,0,0,0,0,0,0,0,0,0
20.11,82.000000000009948,43,49.999999999990052,975.0000000000199,172,256,162.99999999999005,218.00000000000995,15.24999999999995,1874.1799999999753,GT,model_assisted_not_ground_truth,0,0,0,0,0,0,0,0,0,0,0
20.12,83,43,49.000000000011013,977,172.00000000001103,256,161.99999999998897,219.00000000002203,15.244999999999944,1871.6799999999726,GT,model_assisted_not_ground_truth,0,0,0,0,0,0,0,0,0,0,0
20.13,82.999999999988276,43,50,977,172.99999999998826,256,160.99999999996481,220.99999999998826,15.240000000000469,1869.1800000000701,GT,model_assisted_not_ground_truth,0,0,0,0,0,0,0,0,0,0,0
20.14,82.00000000001279,43,50,977,172.00000000001279,256,158.00000000006395,219.99999999997442,15.279999999999871,1875.1499999998723,GT,model_assisted_not_ground_truth,0,0,0,0,0,0,0,0,0,0,0
20.15,83,43.000000000027711,50.000000000013856,977,173,256,163.00000000001387,218,15.270000000000138,1865.1600000001665,GT,model_assisted_not_ground_truth,0,0,0,0,0,0,0,0,0,0,0
20.16,82.999999999985434,44.999999999970868,50.999999999985434,977,173,256,163.99999999995629,218.00000000004371,15.280000000000291,1877.1699999999707,GT,model_assisted_not_ground_truth,0,0,0,0,0,0,0,0,0,0,0
20.17,82.000000000015632,43.000000000015632,50.000000000015632,977,173,256.00000000001563,161.00000000001563,221.00000000001563,15.299999999999844,1875.1499999999064,GT,model_assisted_not_ground_truth,0,0,0,0,0,0,0,0,0,0,0
20.18,83,44,50.999999999983658,977,173.00000000004903,257,161.99999999998366,222,15.290000000000063,1869.1600000000383,GT,model_assisted_not_ground_truth,0,0,0,0,0,0,0,0,0,0,0
20.19,83,44,50.000000000005329,977,175.99999999998403,257,161.00000000000534,222,15.289999999999999,1869.6649999999975,GT,model_assisted_not_ground_truth,0,0,0,0,0,0,0,0,0,0,0
20.20,83,44,50,977,175.0000000000046,257,161.9999999999954,221.0000000000046,15.289999999999999,1870.1699999999978,GT,model_assisted_not_ground_truth,0,0,0,0,0,0,0,0,0,0,0
20.21,83,44,50.999999999996447,977,175,257,162.99999999999645,221.99999999999645,15.289999999999999,1876.1799999999787,GT,model_assisted_not_ground_truth,0,0,0,0,0,0,0,0,0,0,0
20.22,82.000000000002842,44,50.000000000002842,977,173.00000000000568,257,163.99999999999716,222.99999999999716,15.299999999999972,1879.1899999999914,GT,model_assisted_not_ground_truth,0,0,0,0,0,0,0,0,0,0,0
20.23,82.999999999998224,44,50,976.00000000000182,173.99999999999824,257,163.00000000000176,223,15.300000000000001,1877.1900000000037,GT,model_assisted_not_ground_truth,0,0,0,0,0,0,0,0,0,0,0
20.24,83,44,50.999999999999289,976.99999999999932,173.00000000000071,257,162.00000000000071,223.99999999999929,15.300000000000001,1877.2,GT,model_assisted_not_ground_truth,0,0,0,0,0,0,0,0,0,0,0
20.25,83,44,50,977,173,257,163,223,15.300000000000001,1879.1900000000001,GT,model_assisted_not_ground_truth,0,0,0,0,0,0,0,0,0,0,0
20.26,83,45,50.999999999998934,977,175.99999999999679,258,161.00000000000321,224,15.300000000000001,1879.1900000000001,GT,model_assisted_not_ground_truth,0,0,0,0,0,0,0,0,0,0,0
20.27,83,44.999999999998224,50,977,173.00000000000355,258,164,224,15.300000000000001,1879.1899999999875,GT,model_assisted_not_ground_truth,0,0,0,0,0,0,0,0,0,0,0
20.28,83,44.000000000002842,50.000000000002842,977,174.99999999999432,258,164,224,15.300000000000029,1872.2000000000144,GT,model_assisted_not_ground_truth,0,0,0,0,0,0,0,0,0,0,0
20.29,83,44.999999999996447,50.999999999996447,977,173.00000000001066,258,164,224.00000000000355,15.310000000000036,1877.1999999999537,GT,model_assisted_not_ground_truth,0,0,0,0,0,0,0,0,0,0,0
20.30,83,44.000000000002309,50,977,176,258,164,224.99999999999537,15.320000000000046,1864.170000000023,GT,model_assisted_not_ground_truth,0,0,0,0,0,0,0,0,0,0,0
20.31,83,44.500000000002665,50,977,176,258,164,223.99999999999466,15.33,1869.1500000000162,GT,model_assisted_not_ground_truth,0,0,0,0,0,0,0,0,0,0,0
20.32,83,45,50,977,176.00000000000639,258,164,223.00000000000639,15.33,1872.160000000016,GT,model_assisted_not_ground_truth,0,0,0,0,0,0,0,0,0,0,0
20.33,83,45.000000000007461,50,977,176.99999999998508,258,163.99999999999253,223.99999999999253,15.33,1874.6650000000188,GT,model_assisted_not_ground_truth,0,0,0,0,0,0,0,0,0,0,0
20.34,83,46,50.000000000008171,977,174.99999999999181,258,163.00000000000819,222.99999999999181,15.33,1877.1700000000164,GT,model_assisted_not_ground_truth,0,0,0,0,0,0,0,0,0,0,0
20.35,83,46,50.999999999990763,977,173.99999999999076,258,164.00000000000924,221.99999999998153,15.33,1879.1700000000185,GT,model_assisted_not_ground_truth,0,0,0,0,0,0,0,0,0,0,0
20.36,83,45.999999999990052,50,977,173.0000000000199,258.00000000000995,164.99999999999005,220.00000000002984,15.33,1881.1699999999901,GT,model_assisted_not_ground_truth,0,0,0,0,0,0,0,0,0,0,0
20.37,83,45,50.000000000011013,977,175.00000000001103,259,164.00000000002203,222.99999999998897,15.32999999999989,1880.170000000011,GT,model_assisted_not_ground_truth,0,0,0,0,0,0,0,0,0,0,0
20.38,83,45,50.999999999988276,977,176,259,165.99999999998826,222.00000000001174,15.320000000000118,1881.1699999999651,GT,model_assisted_not_ground_truth,0,0,0,0,0,0,0,0,0,0,0
20.39,83,44.99999999998721,50,977,176.00000000001279,259,164.99999999997442,223,15.33,1878.1800000000064,GT,model_assisted_not_ground_truth,0,0,0,0,0,0,0,0,0,0,0
20.40,83.000000000013856,44.000000000013856,50.000000000013856,977,177,259,163,222.99999999998613,15.33,1878.6800000000069,GT,model_assisted_not_ground_truth,0,0,0,0,0,0,0,0,0,0,0
20.41,83.999999999985434,45,50.999999999985434,977,176.99999999995629,259,163.00000000001458,222,15.33,1879.1799999999855,GT,model_assisted_not_ground_truth,0,0,0,0,0,0,0,0,0,0,0
20.42,83,45,50.000000000015632,977,174.00000000003126,258.99999999998437,164,222,15.33,1878.1800000000312,GT,model_assisted_not_ground_truth,0,0,0,0,0,0,0,0,0,0,0
20.43,83,45,50.999999999983658,977,175.99999999998366,258.00000000001631,164,221.99999999995097,15.33,1880.1799999999873,GT,model_assisted_not_ground_truth,0,0,0,0,0,0,0,0,0,0,0
20.44,83,45,50.000000000005329,977,175.00000000000534,258.99999999999466,164,219.00000000001597,15.320000000000054,1883.1799999999841,GT,model_assisted_not_ground_truth,0,0,0,0,0,0,0,0,0,0,0
20.45,83,45,50,977,175.9999999999954,258.0000000000046,164,219,15.32,1885.1799999999907,GT,model_assisted_not_ground_truth,0,0,0,0,0,0,0,0,0,0,0
20.46,83,42.000000000010658,50.999999999996447,977,174.00000000000711,258,164.99999999999645,218.00000000000355,15.32,1882.1800000000108,GT,model_assisted_not_ground_truth,0,0,0,0,0,0,0,0,0,0,0
20.47,83,42.999999999997158,51,977,174,257.00000000000284,164.00000000000284,218,15.324999999999985,1883.1799999999971,GT,model_assisted_not_ground_truth,0,0,0,0,0,0,0,0,0,0,0
20.48,83,44.999999999996447,51,977,173.00000000000176,257.99999999999824,164.99999999999824,218,15.329999999999991,1884.1799999999982,GT,model_assisted_not_ground_truth,0,0,0,0,0,0,0,0,0,0,0
20.49,83.999999999999289,43.000000000001421,50.000000000000711,977,173,258,165.99999999999929,219.99999999999858,15.320000000000007,1883.1800000000007,GT,model_assisted_not_ground_truth,0,0,0,0,0,0,0,0,0,0,0
20.50,84,42,51,977,175,258,166,219,15.300000000000001,1872.1800000000001,GT,model_assisted_not_ground_truth,0,0,0,0,0,0,0,0,0,0,0
20.51,83.000000000001066,42.999999999998934,50,977,173.00000000000426,258,165.99999999999787,219,15.34,1862.0900000000042,GT,model_assisted_not_ground_truth,0,0,0,0,0,0,0,0,0,0,0
20.52,84,42.000000000003553,50,977,176.99999999999821,257.99999999999824,164.00000000000179,219,15.339999999999911,1866.0899999999983,GT,model_assisted_not_ground_truth,0,0,0,0,0,0,0,0,0,0,0
20.53,83.999999999997158,43.999999999997158,50,977,176,257.00000000000284,164.99999999999716,218.99999999999716,15.290000000000042,1865.1800000000258,GT,model_assisted_not_ground_truth,0,0,0,0,0,0,0,0,0,0,0
20.54,83,43,50,977,175.99999999999645,257.99999999999642,164.00000000000355,218.00000000000355,15.305000000000053,1874.1800000000321,GT,model_assisted_not_ground_truth,0,0,0,0,0,0,0,0,0,0,0
20.55,83,43,50,977,175,257,165,219.00000000000463,15.320000000000046,1883.1799999998934,GT,model_assisted_not_ground_truth,0,0,0,0,0,0,0,0,0,0,0
20.56,83,43,50.000000000005329,977,175.00000000000534,257.00000000000534,164.99999999997868,219.99999999999466,15.33000000000016,1860.1000000000745,GT,model_assisted_not_ground_truth,0,0,0,0,0,0,0,0,0,0,0
20.57,83,43,50.999999999993605,977,175.99999999998721,258,161.00000000001279,219,15.360000000000063,1874.0900000000447,GT,model_assisted_not_ground_truth,0,0,0,0,0,0,0,0,0,0,0
20.58,83.000000000007461,43.000000000007461,50,977,174.00000000000747,258,163.00000000000747,219.00000000000747,15.369999999999999,1881.0900000000522,GT,model_assisted_not_ground_truth,0,0,0,0,0,0,0,0,0,0,0
20.59,84,44,50,977,175.00000000000819,258,164,219.99999999999181,15.37000000000004,1888.0900000000163,GT,model_assisted_not_ground_truth,0,0,0,0,0,0,0,0,0,0,0
20.60,83.999999999990763,43.999999999990763,50,977,175.99999999999076,257.99999999999073,163.99999999999076,219,15.375000000000046,1890.0900000000183,GT,model_assisted_not_ground_truth,0,0,0,0,0,0,0,0,0,0,0
20.61,83,43,50,977,175.0000000000199,257,163.00000000000995,218.99999999999005,15.380000000000001,1892.0900000000199,GT,model_assisted_not_ground_truth,0,0,0,0,0,0,0,0,0,0,0
20.62,83,43.000000000022027,50,977,176.99999999998897,257.00000000001103,164.00000000001103,218.00000000001103,15.380000000000001,1894.089999999989,GT,model_assisted_not_ground_truth,0,0,0,0,0,0,0,0,0,0,0
20.63,83,44.999999999976552,50,977,176,257.99999999998829,165,219.00000000001174,15.380000000000001,1893.0899999999647,GT,model_assisted_not_ground_truth,0,0,0,0,0,0,0,0,0,0,0
20.64,83,43.00000000001279,50,977,175.99999999998721,257,164.99999999997442,220,15.379999999999873,1890.0900000000127,GT,model_assisted_not_ground_truth,0,0,0,0,0,0,0,0,0,0,0
20.65,83.000000000013856,43.999999999986144,50,977,175.00000000001387,257.00000000001387,163,219.99999999997229,15.370000000000138,1891.089999999986,GT,model_assisted_not_ground_truth,0,0,0,0,0,0,0,0,0,0,0
20.66,84,43.000000000029132,50.000000000014566,977,175.99999999998542,258,163.00000000001458,218,15.379999999999855,1890.0899999999999,GT,model_assisted_not_ground_truth,0,0,0,0,0,0,0,0,0,0,0
20.67,83.999999999984368,44.999999999984368,51,977,175,258,164.00000000001563,218.00000000001563,15.370000000000077,1890.0899999999922,GT,model_assisted_not_ground_truth,0,0,0,0,0,0,0,0,0,0,0
20.68,83,44,50.999999999983658,977,175.00000000003268,258,165.00000000001634,219,15.375000000000025,1889.5899999999974,GT,model_assisted_not_ground_truth,0,0,0,0,0,0,0,0,0,0,0
20.69,83,44,50.000000000005329,977,176.99999999998934,258,165.99999999999466,219,15.379999999999974,1889.0900000000026,GT,model_assisted_not_ground_truth,0,0,0,0,0,0,0,0,0,0,0
20.70,83.999999999995381,44,50,977,177,257.0000000000046,165.0000000000046,219,15.380000000000001,1887.0900000000092,GT,model_assisted_not_ground_truth,0,0,0,0,0,0,0,0,0,0,0
20.71,83.000000000003553,43.000000000003553,50,977,176.00000000000355,257,165,218.00000000000355,15.370000000000035,1890.0899999999892,GT,model_assisted_not_ground_truth,0,0,0,0,0,0,0,0,0,0,0
20.72,83,43.999999999997158,50,977,176.99999999999716,257,164.00000000000284,217.00000000000284,15.369999999999999,1890.0899999999999,GT,model_assisted_not_ground_truth,0,0,0,0,0,0,0,0,0,0,0
20.73,83,43.000000000001776,50,977,175.00000000000355,257,164.99999999999824,218.99999999999645,15.369999999999999,1890.0899999999999,GT,model_assisted_not_ground_truth,0,0,0,0,0,0,0,0,0,0,0
20.74,83,43,50,977,174.00000000000071,257,163.00000000000142,218.00000000000071,15.369999999999999,1889.0900000000006,GT,model_assisted_not_ground_truth,0,0,0,0,0,0,0,0,0,0,0
20.75,83,43,50,977,177,257,161,219,15.369999999999999,1889.5899999999999,GT,model_assisted_not_ground_truth,0,0,0,0,0,0,0,0,0,0,0
20.76,83.000000000001066,43.999999999998934,50.000000000001066,977,175.99999999999892,257,162.00000000000213,219.00000000000108,15.369999999999989,1890.0899999999979,GT,model_assisted_not_ground_truth,0,0,0,0,0,0,0,0,0,0,0
20.77,84,43.000000000001776,51,977,175,257,164.00000000000179,220,15.359999999999999,1888.089999999984,GT,model_assisted_not_ground_truth,0,0,0,0,0,0,0,0,0,0,0
20.78,83.999999999997158,44.000000000002842,50.999999999997158,977,174.99999999999432,257,164.99999999999716,220,15.359999999999857,1879.0899999998749,GT,model_assisted_not_ground_truth,0,0,0,0,0,0,0,0,0,0,0
20.79,83,44.999999999996447,50,977,173.00000000000355,257,163.99999999999645,219.99999999999645,15.310000000000036,1835.0599999999999,GT,model_assisted_not_ground_truth,0,0,0,0,0,0,0,0,0,0,0
20.80,83,44,50,977,173.99999999999537,257,163.00000000000463,219.00000000000463,15.32000000000007,1835.0500000000161,GT,model_assisted_not_ground_truth,0,0,0,0,0,0,0,0,0,0,0
20.81,83,44,50,977,173.00000000001066,257,163.99999999999466,220,15.335000000000079,1838.5450000000185,GT,model_assisted_not_ground_truth,0,0,0,0,0,0,0,0,0,0,0
20.82,83,44,50,977,174.99999999999361,257,163,220.00000000000639,15.349999999999936,1842.0400000000063,GT,model_assisted_not_ground_truth,0,0,0,0,0,0,0,0,0,0,0
20.83,83.000000000007461,44,50.000000000007461,977,174.00000000000747,257,163,221.00000000000747,15.339999999999701,1843.0499999998806,GT,model_assisted_not_ground_truth,0,0,0,0,0,0,0,0,0,0,0
20.84,84,43.999999999991829,50.999999999991829,977,175.00000000000819,257.00000000000819,163.00000000000819,221.99999999999181,15.300000000000164,1827.0500000000816,GT,model_assisted_not_ground_truth,0,0,0,0,0,0,0,0,0,0,0
20.85,83.999999999990763,43.000000000009237,50,977,175.99999999999076,258,164.00000000000924,221.00000000001847,15.32,1837.0500000000739,GT,model_assisted_not_ground_truth,0,0,0,0,0,0,0,0,0,0,0
20.86,83,44,50.000000000009948,977,175,258,165.00000000000995,223,15.3200000000001,1845.0500000000397,GT,model_assisted_not_ground_truth,0,0,0,0,0,0,0,0,0,0,0
20.87,83.000000000011013,44,51,977,175,258,166,223,15.33,1849.0500000000329,GT,model_assisted_not_ground_truth,0,0,0,0,0,0,0,0,0,0,0
20.88,84,44.000000000011724,50.999999999988276,977,174.99999999998826,258,166,222.99999999998826,15.33,1852.0499999999706,GT,model_assisted_not_ground_truth,0,0,0,0,0,0,0,0,0,0,0
20.89,84,44.99999999998721,50,977,174.00000000001279,258,165.99999999998721,222,15.33,1849.5499999999679,GT,model_assisted_not_ground_truth,0,0,0,0,0,0,0,0,0,0,0
20.90,84,44,50,977,175.00000000001387,258,165,222,15.329999999999862,1847.0499999999722,GT,model_assisted_not_ground_truth,0,0,0,0,0,0,0,0,0,0,0
20.91,84,44,50.000000000014566,977,176,258,165,222.00000000001458,15.320000000000146,1845.0500000000436,GT,model_assisted_not_ground_truth,0,0,0,0,0,0,0,0,0,0,0
20.92,84,44,50.999999999984368,977,175.99999999996874,258.00000000001563,165,223.00000000001563,15.33,1848.0499999999843,GT,model_assisted_not_ground_truth,0,0,0,0,0,0,0,0,0,0,0
20.93,84,44,50,977,174.00000000001634,258.99999999998369,165,224,15.33,1847.0500000000063,GT,model_assisted_not_ground_truth,0,0,0,0,0,0,0,0,0,0,0
20.94,84,44,50,977,174.99999999999466,258.00000000000534,165,224,15.339999999999947,1847.05,GT,model_assisted_not_ground_truth,0,0,0,0,0,0,0,0,0,0,0
20.95,84,44.499999999997691,50,977,175,258.49999999999767,165.9999999999954,224,15.349999999999953,1845.0500000000093,GT,model_assisted_not_ground_truth,0,0,0,0,0,0,0,0,0,0,0
20.96,84,44.999999999998224,50,977,175,258.99999999999824,166.99999999999645,224,15.359999999999964,1843.050000000007,GT,model_assisted_not_ground_truth,0,0,0,0,0,0,0,0,0,0,0
20.97,84,45,50,977,175.99999999999716,258.00000000000284,166.00000000000284,224,15.350000000000028,1842.0600000000027,GT,model_assisted_not_ground_truth,0,0,0,0,0,0,0,0,0,0,0
20.98,84,45,50.999999999998224,977,175.00000000000176,258.99999999999824,166,224,15.340000000000018,1844.0599999999963,GT,model_assisted_not_ground_truth,0,0,0,0,0,0,0,0,0,0,0
20.99,84,45.999999999999289,51,977,174.00000000000071,259,165.00000000000071,223.00000000000071,15.330000000000007,1842.0600000000013,GT,model_assisted_not_ground_truth,0,0,0,0,0,0,0,0,0,0,0
21.00,84,45,50,977,175,259,166,224,15.33,1841.0599999999999,GT,model_assisted_not_ground_truth,0,0,0,0,0,0,0,0,0,0,0
21.01,84,46.999999999998934,50,977,176,258,165.99999999999892,223.00000000000108,15.33,1840.0599999999995,GT,model_assisted_not_ground_truth,0,0,0,0,0,0,0,0,0,0,0
21.02,84,46,50,977,175.99999999999912,258,165.00000000000088,224,15.33,1839.559999999999,GT,model_assisted_not_ground_truth,0,0,0,0,0,0,0,0,0,0,0
21.03,84,46,50,977,175.49999999999858,258,165.50000000000142,224,15.330000000000028,1839.0599999999886,GT,model_assisted_not_ground_truth,0,0,0,0,0,0,0,0,0,0,0
21.04,84,46,50,977,174.99999999999645,258,166.00000000000711,224,15.339999999999964,1835.0600000000036,GT,model_assisted_not_ground_truth,0,0,0,0,0,0,0,0,0,0,0
21.05,84,46,50,977,174.00000000000924,257.9999999999954,167.99999999999076,223.99999999999076,15.329999999999769,1836.0599999997874,GT,model_assisted_not_ground_truth,0,0,0,0,0,0,0,0,0,0,0
21.06,84,46,50.000000000005329,977,176.00000000000534,257.00000000000534,166.00000000000534,222.00000000000534,15.279999999999839,1790.0499999999843,GT,model_assisted_not_ground_truth,0,0,0,0,0,0,0,0,0,0,0
21.07,84,46,51.000000000006395,977,176.99999999998082,258,166.99999999998721,222.99999999999361,15.250000000000064,1787.0900000000831,GT,model_assisted_not_ground_truth,0,0,0,0,0,0,0,0,0,0,0
21.08,84,46,51.999999999985079,977,174.00000000001492,257.99999999999255,165.00000000001492,222,15.260000000000074,1800.1100000000895,GT,model_assisted_not_ground_truth,0,0,0,0,0,0,0,0,0,0,0
21.09,84,46.000000000008171,50.000000000008171,977,176,257,166.99999999997547,221.99999999999181,15.270000000000081,1812.1200000000981,GT,model_assisted_not_ground_truth,0,0,0,0,0,0,0,0,0,0,0
21.10,84,47,51,977,175.99999999999076,257,164,220.99999999998153,15.279999999999907,1824.1299999999171,GT,model_assisted_not_ground_truth,0,0,0,0,0,0,0,0,0,0,0
21.11,84,47,51,977,174.99999999999005,257,164.00000000002984,219,15.269999999999801,1815.1399999998907,GT,model_assisted_not_ground_truth,0,0,0,0,0,0,0,0,0,0,0
21.12,84,47,51,977,174.00000000001103,257,166.99999999997797,219.00000000001103,15.25000000000011,1804.1399999998789,GT,model_assisted_not_ground_truth,0,0,0,0,0,0,0,0,0,0,0
21.13,84,47.000000000011724,51,977,174.99999999998826,257,165.00000000001174,220.00000000001174,15.26,1793.1400000000822,GT,model_assisted_not_ground_truth,0,0,0,0,0,0,0,0,0,0,0
21.14,84,48,50.99999999998721,977,174,257,165.99999999998721,221,15.259999999999744,1800.1500000000003,GT,model_assisted_not_ground_truth,0,0,0,0,0,0,0,0,0,0,0
21.15,84,48,50,977,174.00000000002771,257,164.99999999998613,220.99999999998613,15.240000000000069,1800.1599999999933,GT,model_assisted_not_ground_truth,0,0,0,0,0,0,0,0,0,0,0
21.16,84,48.000000000014566,50.000000000014566,977,175.99999999998542,257,164.00000000002913,220,15.245000000000072,1799.6599999999928,GT,model_assisted_not_ground_truth,0,0,0,0,0,0,0,0,0,0,0
21.17,84,49,51,977,175,257,165.9999999999531,220.00000000003126,15.25,1799.1599999998275,GT,model_assisted_not_ground_truth,0,0,0,0,0,0,0,0,0,0,0
21.18,84,49.000000000016342,51,977,175,257.00000000001631,163.00000000006537,222.00000000001634,15.25,1788.1200000000704,GT,model_assisted_not_ground_truth,0,0,0,0,0,0,0,0,0,0,0
21.19,84,49.999999999994671,51,977,175,257.99999999999466,166.99999999997868,222.99999999999466,15.25,1794.1199999999678,GT,model_assisted_not_ground_truth,0,0,0,0,0,0,0,0,0,0,0
21.20,84,50,51.999999999995381,977,174.0000000000046,257.0000000000046,167,223.9999999999954,15.269999999999907,1800.1199999999722,GT,model_assisted_not_ground_truth,0,0,0,0,0,0,0,0,0,0,0
21.21,83.000000000003553,50,51.000000000003553,977,174,257,165.00000000000711,224.99999999999645,15.279999999999964,1797.1200000000106,GT,model_assisted_not_ground_truth,0,0,0,0,0,0,0,0,0,0,0
21.22,83.999999999997158,51.999999999994316,51,977,174,257.99999999999716,165.99999999999716,225,15.270000000000028,1796.1200000000026,GT,model_assisted_not_ground_truth,0,0,0,0,0,0,0,0,0,0,0
21.23,84,52.999999999998224,51,977,174.99999999999824,257.00000000000176,166.99999999999824,225.99999999999824,15.27,1796.1199999999999,GT,model_assisted_not_ground_truth,0,0,0,0,0,0,0,0,0,0,0
21.24,84,53.999999999999289,51,977,176.99999999999858,257.99999999999932,162.00000000000355,226,15.27,1796.1199999999999,GT,model_assisted_not_ground_truth,0,0,0,0,0,0,0,0,0,0,0
21.25,84,55,52,977,176,259,165,226,15.27,1793.1199999999999,GT,model_assisted_not_ground_truth,0,0,0,0,0,0,0,0,0,0,0
21.26,83.999999999998934,55,51.000000000001066,977,175.00000000000321,259.00000000000108,164.00000000000213,223.00000000000426,15.279999999999989,1795.1199999999999,GT,model_assisted_not_ground_truth,0,0,0,0,0,0,0,0,0,0,0
21.27,83.000000000003553,55.000000000001776,52,977,177.99999999999466,260,165.9999999999911,227,15.269999999999946,1795.1199999999467,GT,model_assisted_not_ground_truth,0,0,0,0,0,0,0,0,0,0,0
21.28,85,56.000000000005684,51.999999999997158,977,175.00000000000284,260.00000000000284,161.00000000000853,227.00000000000284,15.240000000000043,1765.110000000034,GT,model_assisted_not_ground_truth,0,0,0,0,0,0,0,0,0,0,0
21.29,85.000000000003553,57.999999999996447,51.000000000003553,977,176,261,164.00000000001421,228.00000000000355,15.255000000000052,1777.1150000000425,GT,model_assisted_not_ground_truth,0,0,0,0,0,0,0,0,0,0,0
21.30,86.000000000009237,57,52,977,176.00000000001387,261,167.99999999999076,229.00000000000463,15.27,1789.1200000000092,GT,model_assisted_not_ground_truth,0,0,0,0,0,0,0,0,0,0,0
21.31,88,57.000000000005329,52,977,178.99999999999466,261,166.00000000000534,230.00000000000534,15.270000000000053,1791.1300000000053,GT,model_assisted_not_ground_truth,0,0,0,0,0,0,0,0,0,0,0
21.32,88,58.00000000002558,52,977,178.00000000001279,261.00000000000642,167.00000000001918,231,15.279999999999999,1792.1300000000322,GT,model_assisted_not_ground_truth,0,0,0,0,0,0,0,0,0,0,0
21.33,88.000000000022382,62.000000000014921,52,977,180,262.00000000000745,170,231.00000000001492,15.280000000000074,1797.1500000000299,GT,model_assisted_not_ground_truth,0,0,0,0,0,0,0,0,0,0,0
21.34,90.999999999991829,64.000000000040856,52.000000000008171,977,180,263.00000000001637,170.00000000003268,233.00000000002453,15.289999999999836,1801.1500000000085,GT,model_assisted_not_ground_truth,0,0,0,0,0,0,0,0,0,0,0
21.35,90.000000000009237,69.000000000027711,53,977,180.00000000001847,265.00000000000927,173.99999999997229,236.00000000000924,15.27,1802.1699999999955,GT,model_assisted_not_ground_truth,0,0,0,0,0,0,0,0,0,0,0
21.36,91,72.00000000003979,52.999999999990052,976.99999999995021,182.00000000000995,266.00000000000995,171.00000000002984,237.0000000000199,15.27,1801.6699999999951,GT,model_assisted_not_ground_truth,0,0,0,0,0,0,0,0,0,0,0
21.37,91.000000000011013,76,52.000000000011013,971.99999999986778,183,267,174.00000000001103,239,15.269999999999889,1801.1700000000001,GT,model_assisted_not_ground_truth,0,0,0,0,0,0,0,0,0,0,0
21.38,92.000000000011724,76.000000000011724,52.999999999988276,959.999999988745,182.99999999998826,267.00000000001171,174.99999999998826,239.00000000001174,15.259999999999765,1801.1799999997418,GT,model_assisted_not_ground_truth,0,0,0,0,0,0,0,0,0,0,0
21.39,93,77.00000000001279,52,0,182.00000000001279,268,174.00000000002558,240,15.240000000000128,1779.1400000001281,GT,model_assisted_not_ground_truth,0,0,0,0,0,0,0,0,0,0,0
21.40,93.000000000027711,78.000000000013856,52,0,183,268,176,240,15.250000000000139,1789.1499999999446,GT,model_assisted_not_ground_truth,0,0,0,0,0,0,0,0,0,0,0
21.41,95,79.000000000029132,52,0,183,268,176.00000000001458,240,15.259999999999563,1785.1399999997964,GT,model_assisted_not_ground_truth,0,0,0,0,0,0,0,0,0,0,0
21.42,95,81.000000000015632,52,0,183.00000000001563,268.00000000001563,177,240.00000000001563,15.230000000000157,1771.1500000001251,GT,model_assisted_not_ground_truth,0,0,0,0,0,0,0,0,0,0,0
21.43,95.000000000016342,82.000000000098055,52,0,184.00000000004903,269.00000000001631,176.99999999995097,241.00000000001634,15.24000000000005,1779.1500000000399,GT,model_assisted_not_ground_truth,0,0,0,0,0,0,0,0,0,0,0
21.44,95.999999999994671,87.999999999968026,52,0,186.99999999998403,269.99999999999466,174.00000000001597,241.99999999999466,15.249999999999947,1787.1499999999573,GT,model_assisted_not_ground_truth,0,0,0,0,0,0,0,0,0,0,0
21.45,96,87.000000000004619,52.999999999995381,0,187,270,175.99999999999076,242,15.259999999999954,1791.1499999999817,GT,model_assisted_not_ground_truth,0,0,0,0,0,0,0,0,0,0,0
21.46,96,90.999999999985789,53,0,187.99999999999645,270,173.00000000001066,243.99999999999289,15.299999999999859,1772.1600000000676,GT,model_assisted_not_ground_truth,0,0,0,0,0,0,0,0,0,0,0
21.47,96,91.999999999997158,53,0,188,269.00000000000284,173.99999999999716,242.00000000000568,15.339999999999886,1782.1599999999717,GT,model_assisted_not_ground_truth,0,0,0,0,0,0,0,0,0,0,0
21.48,96,94.999999999994671,52.000000000001776,0,188.99999999999824,269,176.99999999999466,242.99999999999824,15.300000000000072,1771.1700000000196,GT,model_assisted_not_ground_truth,0,0,0,0,0,0,0,0,0,0,0
21.49,96.999999999999289,92.000000000002132,52.999999999999289,0,189.99999999999929,269.99999999999932,174.00000000000213,243.99999999999929,15.300000000000001,1771.1700000000001,GT,model_assisted_not_ground_truth,0,0,0,0,0,0,0,0,0,0,0
21.50,96,93,52,0,189,270,172,245,15.300000000000001,1772.6700000000001,GT,model_assisted_not_ground_truth,0,0,0,0,0,0,0,0,0,0,0
21.51,95.999999999998934,91.000000000001066,52,0,189.99999999999892,270.00000000000108,176.99999999999574,246,15.29999999999999,1774.1700000000001,GT,model_assisted_not_ground_truth,0,0,0,0,0,0,0,0,0,0,0
21.52,95.000000000001776,92,52.000000000001776,0,189.00000000000179,271,173.0000000000089,246,15.29000000000007,1774.1699999999628,GT,model_assisted_not_ground_truth,0,0,0,0,0,0,0,0,0,0,0
21.53,95.999999999997158,92.000000000002842,52.999999999997158,0,190,271,177.99999999999716,245.99999999999716,15.329999999999972,1753.170000000003,GT,model_assisted_not_ground_truth,0,0,0,0,0,0,0,0,0,0,0
21.54,94.999999999996447,93.000000000007105,52,0,190.00000000000355,271,176.99999999998934,245,15.319999999999681,1754.1699999998402,GT,model_assisted_not_ground_truth,0,0,0,0,0,0,0,0,0,0,0
21.55,93.999999999995381,95.000000000004619,52,0,191,271,174.00000000000924,245.00000000000463,15.230000000000093,1709.1800000000555,GT,model_assisted_not_ground_truth,0,0,0,0,0,0,0,0,0,0,0
21.56,93,95.999999999994671,52,0,190.99999999999466,271,176.00000000004263,246,15.25000000000008,1721.1800000000374,GT,model_assisted_not_ground_truth,0,0,0,0,0,0,0,0,0,0,0
21.57,92.999999999993605,95,52,0,189.99999999999361,271,183.99999999999361,246,15.265000000000096,1728.1800000000449,GT,model_assisted_not_ground_truth,0,0,0,0,0,0,0,0,0,0,0
21.58,92.000000000007461,94.999999999977618,52,0,188.99999999998508,271,183,245.99999999999253,15.279999999999999,1735.1799999999926,GT,model_assisted_not_ground_truth,0,0,0,0,0,0,0,0,0,0,0
21.59,92.999999999983658,92.000000000016342,52,0,186.99999999999181,270.99999999999181,183,244.99999999999181,15.280000000000081,1734.1800000000164,GT,model_assisted_not_ground_truth,0,0,0,0,0,0,0,0,0,0,0
21.60,90.999999999990763,94.000000000009237,52,0,186,270.00000000000927,182.99999999994458,244.00000000001847,15.289999999999999,1736.1800000000001,GT,model_assisted_not_ground_truth,0,0,0,0,0,0,0,0,0,0,0
21.61,90,94.999999999890576,52,0,186,271,177.00000000009948,245.99999999999005,15.289999999999999,1736.1800000000599,GT,model_assisted_not_ground_truth,0,0,0,0,0,0,0,0,0,0,0
21.62,89.999999999988987,83.999999999988987,52,0,186,271,186.99999999987884,245.00000000001103,15.289999999999999,1742.1799999999891,GT,model_assisted_not_ground_truth,0,0,0,0,0,0,0,0,0,0,0
21.63,89,82.999999999988276,52,0,185.99999999998826,270.99999999998829,176.00000000001174,245.99999999998826,15.289999999999999,1741.1800000000412,GT,model_assisted_not_ground_truth,0,0,0,0,0,0,0,0,0,0,0
21.64,89,81.99999999998721,52,0,185,270.00000000001279,176.99999999991047,244.99999999998721,15.289999999999999,1744.685000000045,GT,model_assisted_not_ground_truth,0,0,0,0,0,0,0,0,0,0,0
21.65,89,80.999999999986144,52,0,185,271,170.00000000005542,244,15.290000000000138,1748.1900000000001,GT,model_assisted_not_ground_truth,0,0,0,0,0,0,0,0,0,0,0
21.66,89,79.999999999985434,52.000000000014566,0,184.99999999998542,270.99999999998545,174.00000000004371,244.00000000001458,15.300000000000001,1748.1900000000001,GT,model_assisted_not_ground_truth,0,0,0,0,0,0,0,0,0,0,0
21.67,89,79,53,0,184,270.00000000001563,176.99999999993747,244.99999999998437,15.299999999999688,1748.1899999999689,GT,model_assisted_not_ground_truth,0,0,0,0,0,0,0,0,0,0,0
21.68,88.999999999983658,78.999999999950973,53,0,184,270.99999999998369,173.00000000006537,244.00000000003268,15.280000000000127,1746.1900000000128,GT,model_assisted_not_ground_truth,0,0,0,0,0,0,0,0,0,0,0
21.69,88.000000000005329,76.000000000015987,53,0,184,270.00000000000534,176.99999999997868,245.99999999998934,15.260000000000106,1725.1900000001119,GT,model_assisted_not_ground_truth,0,0,0,0,0,0,0,0,0,0,0
21.70,87.000000000004619,76,52.000000000004619,0,184,270,174.00000000001387,245.0000000000046,15.26,1729.6899999999794,GT,model_assisted_not_ground_truth,0,0,0,0,0,0,0,0,0,0,0
21.71,87,75.000000000003553,52,0,183.00000000000355,270,173.00000000000355,244.00000000000355,15.26,1734.1899999999841,GT,model_assisted_not_ground_truth,0,0,0,0,0,0,0,0,0,0,0
21.72,87,74.000000000002842,52.999999999997158,0,183,270,173.99999999999716,244,15.250000000000028,1731.1900000000087,GT,model_assisted_not_ground_truth,0,0,0,0,0,0,0,0,0,0,0
21.73,87,73.000000000001776,53,0,183,269.00000000000176,174.99999999999824,242.00000000000355,15.259999999999982,1730.1900000000019,GT,model_assisted_not_ground_truth,0,0,0,0,0,0,0,0,0,0,0
21.74,87,72.000000000000711,53,0,182.00000000000071,269,173.00000000000142,243.99999999999858,15.269999999999992,1733.189999999998,GT,model_assisted_not_ground_truth,0,0,0,0,0,0,0,0,0,0,0
21.75,86,70,53,0,182,268,174,246,15.27,1736.1900000000001,GT,model_assisted_not_ground_truth,0,0,0,0,0,0,0,0,0,0,0
21.76,87.000000000001066,69,53.000000000001066,0,181.00000000000213,268,172.00000000000108,244.99999999999892,15.289999999999999,1741.1900000000001,GT,model_assisted_not_ground_truth,0,0,0,0,0,0,0,0,0,0,0
21.77,87.999999999994671,69.000000000001776,53.999999999998224,0,182.99999999999645,268,172.99999999999645,244.00000000000179,15.289999999999999,1741.1900000000019,GT,model_assisted_not_ground_truth,0,0,0,0,0,0,0,0,0,0,0
21.78,85,70,53,0,181,268,171.00000000000284,245,15.289999999999999,1742.1900000000028,GT,model_assisted_not_ground_truth,0,0,0,0,0,0,0,0,0,0,0
21.79,85,69.999999999996447,53,0,181.00000000000711,268,172.00000000000711,244.99999999999645,15.290000000000035,1743.1900000000035,GT,model_assisted_not_ground_truth,0,0,0,0,0,0,0,0,0,0,0
21.80,85,69,53,0,183,268,173.99999999999076,243.99999999999537,15.299999999999955,1744.1800000000048,GT,model_assisted_not_ground_truth,0,0,0,0,0,0,0,0,0,0,0
21.81,85,69,53,0,183,267.99999999999466,172,243.00000000000534,15.289999999999999,1745.1899999999948,GT,model_assisted_not_ground_truth,0,0,0,0,0,0,0,0,0,0,0
21.82,85,68.999999999993605,53,0,182.99999999999361,267,171.99999999998721,243.99999999998721,15.290000000000191,1744.1899999999935,GT,model_assisted_not_ground_truth,0,0,0,0,0,0,0,0,0,0,0
21.83,85,68.000000000007461,53,0,182.00000000000747,267,170.00000000002984,242.00000000001492,15.319999999999926,1743.1499999999778,GT,model_assisted_not_ground_truth,0,0,0,0,0,0,0,0,0,0,0
21.84,85,68.999999999991829,53,0,183.00000000000819,267,173.99999999999181,244,15.309999999999919,1740.1649999999756,GT,model_assisted_not_ground_truth,0,0,0,0,0,0,0,0,0,0,0
21.85,85,68.000000000009237,53,0,183.99999999999076,267,173,244,15.300000000000093,1737.1800000001388,GT,model_assisted_not_ground_truth,0,0,0,0,0,0,0,0,0,0,0
21.86,85,69,53,0,182.99999999999005,267,173.00000000000995,244,15.309999999999901,1752.1900000000301,GT,model_assisted_not_ground_truth,0,0,0,0,0,0,0,0,0,0,0
21.87,85,68.999999999988987,53,0,182.00000000002203,267,173.99999999998897,244.00000000001103,15.300000000000111,1755.2000000000112,GT,model_assisted_not_ground_truth,0,0,0,0,0,0,0,0,0,0,0
21.88,85,68.000000000011724,53,0,184,267.00000000001171,173.00000000001174,245,15.31,1756.21,GT,model_assisted_not_ground_truth,0,0,0,0,0,0,0,0,0,0,0
21.89,85.00000000001279,69.00000000001279,53,0,183.99999999998721,267.99999999998721,173.99999999998721,245,15.31,1756.2100000000257,GT,model_assisted_not_ground_truth,0,0,0,0,0,0,0,0,0,0,0
21.90,86.000000000013856,69.999999999986144,53,0,183.00000000001387,267,173.00000000002771,245,15.31,1758.2099999999862,GT,model_assisted_not_ground_truth,0,0,0,0,0,0,0,0,0,0,0
21.91,87.000000000029132,69,53,0,183.99999999998542,267,174.99999999998542,244.99999999998542,15.31,1757.2100000000073,GT,model_assisted_not_ground_truth,0,0,0,0,0,0,0,0,0,0,0
21.92,89,69,53,0,183.00000000001563,267,174.00000000006253,244.00000000001563,15.31,1757.7150000000022,GT,model_assisted_not_ground_truth,0,0,0,0,0,0,0,0,0,0,0
21.93,89,69.00000000013074,53,0,183.99999999998366,267.00000000001631,177.99999999996732,245.00000000001634,15.31,1758.2199999999968,GT,model_assisted_not_ground_truth,0,0,0,0,0,0,0,0,0,0,0
21.94,89,76.999999999957367,53,0,183.00000000000534,267.99999999999466,176.00000000001066,245.99999999999466,15.31,1761.2199999999841,GT,model_assisted_not_ground_truth,0,0,0,0,0,0,0,0,0,0,0
21.95,88.000000000004619,73.000000000018474,53,0,183.9999999999954,268,176,246,15.339999999999861,1755.170000000028,GT,model_assisted_not_ground_truth,0,0,0,0,0,0,0,0,0,0,0
21.96,87.000000000003553,73,53,0,184,268.99999999999648,174.00000000000711,246.99999999999645,15.310000000000107,1750.1800000000178,GT,model_assisted_not_ground_truth,0,0,0,0,0,0,0,0,0,0,0
21.97,87.999999999997158,73.999999999997158,53.999999999997158,0,184.99999999999716,268.00000000000284,176.99999999999147,247,15.319999999999972,1755.1799999999857,GT,model_assisted_not_ground_truth,0,0,0,0,0,0,0,0,0,0,0
21.98,88,76.999999999994671,53.000000000001776,0,185.99999999999824,268.99999999999824,178.99999999999645,248.99999999999645,15.32,1757.6849999999956,GT,model_assisted_not_ground_truth,0,0,0,0,0,0,0,0,0,0,0
21.99,89.999999999998579,77,53,0,185.00000000000071,269,178.00000000000071,248.00000000000071,15.32,1760.1899999999982,GT,model_assisted_not_ground_truth,0,0,0,0,0,0,0,0,0,0,0
22.00,89,79,53,0,186,269,178,248,15.33,1758.1900000000001,GT,model_assisted_not_ground_truth,0,0,0,0,0,0,0,0,0,0,0
22.01,90,80.000000000001066,53,0,187,270,177.00000000000108,247,15.329999999999989,1759.189999999998,GT,model_assisted_not_ground_truth,0,0,0,0,0,0,0,0,0,0,0
22.02,90.000000000003553,81.000000000021316,53,0,187.00000000000179,270,177.99999999999821,247.00000000000179,15.320000000000018,1757.1900000000019,GT,model_assisted_not_ground_truth,0,0,0,0,0,0,0,0,0,0,0
22.03,92,92.999999999988631,52.999999999997158,0,187.99999999999432,269.99999999999716,177.00000000000853,247.99999999999716,15.329999999999943,1758.1900000000001,GT,model_assisted_not_ground_truth,0,0,0,0,0,0,0,0,0,0,0
22.04,91.999999999996447,89,52.000000000003553,0,186.00000000000711,269,180.00000000001421,247,15.31,1758.2000000000019,GT,model_assisted_not_ground_truth,0,0,0,0,0,0,0,0,0,0,0
22.05,91.000000000004619,89.000000000009237,52.999999999995381,0,188,269.0000000000046,184.00000000001847,247,15.31,1758.7000000000023,GT,model_assisted_not_ground_truth,0,0,0,0,0,0,0,0,0,0,0
22.06,92,90.999999999994671,52.000000000005329,0,188.00000000000534,270,187.999999999984,247,15.310000000000054,1759.1999999998557,GT,model_assisted_not_ground_truth,0,0,0,0,0,0,0,0,0,0,0
22.07,92,90.000000000019185,53.000000000006395,0,188.99999999999361,270.00000000000642,185.00000000002558,247,15.319999999999936,1732.1199999999999,GT,model_assisted_not_ground_truth,0,0,0,0,0,0,0,0,0,0,0
22.08,92,92.999999999962697,53.999999999992539,0,188.00000000000747,271,188.99999999999253,247.00000000000747,15.309999999999926,1732.1300000000749,GT,model_assisted_not_ground_truth,0,0,0,0,0,0,0,0,0,0,0
22.09,92.000000000008171,88.000000000040856,53,0,188.99999999999181,271,187.99999999999181,247.99999999999181,15.300000000000246,1742.1699999999914,GT,model_assisted_not_ground_truth,0,0,0,0,0,0,0,0,0,0,0
22.10,93,92.999999999981526,53,0,188.00000000000924,270.99999999999073,187,247.00000000000924,15.330000000000185,1741.1100000001293,GT,model_assisted_not_ground_truth,0,0,0,0,0,0,0,0,0,0,0
22.11,93,90.999999999980105,53,0,189,270,186.99999999997016,247.99999999999005,15.35,1755.1100000000995,GT,model_assisted_not_ground_truth,0,0,0,0,0,0,0,0,0,0,0
22.12,93,89,53,0,188.99999999998897,270.00000000003303,183.99999999993392,247,15.35,1765.1100000000331,GT,model_assisted_not_ground_truth,0,0,0,0,0,0,0,0,0,0,0
22.13,92.999999999988276,88.999999999988276,53,0,188,272.99999999998829,178.00000000007034,247,15.35,1768.115000000035,GT,model_assisted_not_ground_truth,0,0,0,0,0,0,0,0,0,0,0
22.14,92,87.99999999997442,53,0,188,272.00000000001279,184.00000000002558,247.00000000001279,15.35,1771.119999999936,GT,model_assisted_not_ground_truth,0,0,0,0,0,0,0,0,0,0,0
22.15,92,86,53,0,188.00000000002771,272.99999999997226,186.00000000001387,248,15.349999999999584,1766.1200000000831,GT,model_assisted_not_ground_truth,0,0,0,0,0,0,0,0,0,0,0
22.16,91.999999999985434,85.999999999927169,53,0,189.99999999995629,271.00000000001455,187,247.99999999998542,15.319999999999563,1772.1300000000149,GT,model_assisted_not_ground_truth,0,0,0,0,0,0,0,0,0,0,0
22.17,90.999999999984368,80.999999999984368,53.000000000015632,0,187,272,186.99999999996874,247.00000000001563,15.289999999999843,1773.1400000000783,GT,model_assisted_not_ground_truth,0,0,0,0,0,0,0,0,0,0,0
22.18,90,79.999999999983658,53.999999999983658,1.5917578366150319e-08,187,271.99999999996732,185.00000000003268,247.99999999998366,15.280000000000063,1778.149999999968,GT,model_assisted_not_ground_truth,0,0,0,0,0,0,0,0,0,0,0
22.19,90,79.000000000005329,53.000000000005329,973.99999999480951,187,270.00000000001069,186.99999999998934,247.00000000000534,15.275000000000027,1778.1500000000001,GT,model_assisted_not_ground_truth,0,0,0,0,0,0,0,0,0,0,0
22.20,90,75.000000000018474,53.999999999995381,974.99999999999534,188.99999999999076,270.9999999999954,187,247,15.270000000000023,1778.1500000000001,GT,model_assisted_not_ground_truth,0,0,0,0,0,0,0,0,0,0,0
22.21,90,75,53.000000000003553,975,189,271.99999999999648,186.00000000000355,247.99999999999645,15.260000000000035,1779.1499999999965,GT,model_assisted_not_ground_truth,0,0,0,0,0,0,0,0,0,0,0
22.22,90,74.000000000002842,53,975,188.00000000000284,272,186,247.00000000000284,15.250000000000028,1780.1499999999974,GT,model_assisted_not_ground_truth,0,0,0,0,0,0,0,0,0,0,0
22.23,90,71.000000000005329,53,975.99999999999818,188,272,186,246.00000000000176,15.25,1781.1599999999983,GT,model_assisted_not_ground_truth,0,0,0,0,0,0,0,0,0,0,0
22.24,89.000000000000711,70.000000000000711,53,976,188.99999999999929,272,186,246.99999999999929,15.170000000000057,1726.120000000039,GT,model_assisted_not_ground_truth,0,0,0,0,0,0,0,0,0,0,0
22.25,88,69,53,977,190,272,186,248,15.18,1732.1099999999999,GT,model_assisted_not_ground_truth,0,0,0,0,0,0,0,0,0,0,0
22.26,88,68,53,977,189.99999999999787,271.99999999999784,182.00000000000426,247.00000000000213,15.19000000000001,1739.6100000000079,GT,model_assisted_not_ground_truth,0,0,0,0,0,0,0,0,0,0,0
22.27,88,67.999999999998224,53.000000000001776,977,188,270,186,248.99999999999821,15.199999999999982,1747.1100000000497,GT,model_assisted_not_ground_truth,0,0,0,0,0,0,0,0,0,0,0
22.28,87.999999999997158,67.000000000002842,53.999999999997158,977,187.99999999999716,270,185.99999999999432,247.99999999999716,15.190000000000056,1775.1099999999401,GT,model_assisted_not_ground_truth,0,0,0,0,0,0,0,0,0,0,0
22.29,87.000000000007105,67.999999999996447,53,977,187,270,183.99999999999645,247,15.210000000000001,1754.1099999999963,GT,model_assisted_not_ground_truth,0,0,0,0,0,0,0,0,0,0,0
22.30,88.999999999986144,67,53,977,186.99999999999076,270,182.99999999999076,246.99999999999537,15.210000000000047,1753.1100000000138,GT,model_assisted_not_ground_truth,0,0,0,0,0,0,0,0,0,0,0
22.31,86,66.999999999994671,53,977,184.99999999999466,269.99999999999466,180.999999999984,246,15.220000000000107,1756.109999999984,GT,model_assisted_not_ground_truth,0,0,0,0,0,0,0,0,0,0,0
22.32,85.999999999993605,66,52.999999999993605,977,184,269,177.99999999998082,245.99999999998721,15.239999999999904,1753.1200000000767,GT,model_assisted_not_ground_truth,0,0,0,0,0,0,0,0,0,0,0
22.33,85.000000000007461,66,52.000000000007461,977,183.99999999999253,268.99999999999255,175.00000000003732,244,15.224999999999888,1765.1200000000895,GT,model_assisted_not_ground_truth,0,0,0,0,0,0,0,0,0,0,0
22.34,86,66,52.999999999991829,977,183,268,179.99999999998366,243.99999999999181,15.210000000000083,1777.1199999999999,GT,model_assisted_not_ground_truth,0,0,0,0,0,0,0,0,0,0,0
22.35,86,66,52.000000000009237,977,182.99999999998153,267.99999999999073,177.99999999999076,242.99999999998153,15.220000000000093,1777.1199999998059,GT,model_assisted_not_ground_truth,0,0,0,0,0,0,0,0,0,0,0
22.36,86,66,52.999999999990052,977,181,267,176.99999999999005,241.00000000000995,15.229999999999801,1756.1200000001691,GT,model_assisted_not_ground_truth,0,0,0,0,0,0,0,0,0,0,0
22.37,85.999999999988987,65.999999999988987,52,977,181,267,176.00000000001103,242,15.210000000000111,1773.1200000000658,GT,model_assisted_not_ground_truth,0,0,0,0,0,0,0,0,0,0,0
22.38,85,65,52,977,181,267,176.99999999998826,241.99999999998826,15.220000000000001,1779.1099999999999,GT,model_assisted_not_ground_truth,0,0,0,0,0,0,0,0,0,0,0
22.39,85,65,52,977,181,266.99999999998721,176.00000000001279,241,15.219999999999553,1779.1099999995652,GT,model_assisted_not_ground_truth,0,0,0,0,0,0,0,0,0,0,0
22.40,85,65,52,977,181,266,176.99999999991687,240.99999999998613,15.184999999999516,1745.1249999995291,GT,model_assisted_not_ground_truth,0,0,0,0,0,0,0,0,0,0,0
22.41,85,64.999999999985434,52,977,181,266,170.9999999999126,240,15.15,1711.1400000001315,GT,model_assisted_not_ground_truth,0,0,0,0,0,0,0,0,0,0,0
22.42,85,64,52,977,180.99999999998437,265.99999999998437,164.99999999998437,239.99999999996874,15.149999999999688,1720.1700000004066,GT,model_assisted_not_ground_truth,0,0,0,0,0,0,0,0,0,0,0
22.43,85,64,52,977,180.00000000001634,265,164.00000000004903,237.99999999996732,15.130000000000129,1746.1799999998336,GT,model_assisted_not_ground_truth,0,0,0,0,0,0,0,0,0,0,0
22.44,85,64,52,977,180.99999999999466,265,166.99999999998403,236.00000000001066,15.179999999999733,1727.1900000001012,GT,model_assisted_not_ground_truth,0,0,0,0,0,0,0,0,0,0,0
22.45,85,64,52,977,181,265,167,236.9999999999954,15.160000000000093,1747.1999999999077,GT,model_assisted_not_ground_truth,0,0,0,0,0,0,0,0,0,0,0
22.46,85,64,52,977,181,264.00000000000352,165.00000000000711,237,15.189999999999893,1730.2000000000605,GT,model_assisted_not_ground_truth,0,0,0,0,0,0,0,0,0,0,0
22.47,85,64.999999999997158,52,977,181,262.00000000000568,165.99999999999716,237,15.194999999999986,1730.6999999999987,GT,model_assisted_not_ground_truth,0,0,0,0,0,0,0,0,0,0,0
22.48,85,65,52,977,179.00000000000355,262.99999999999824,165.00000000000176,234.00000000000534,15.19999999999999,1731.1999999999991,GT,model_assisted_not_ground_truth,0,0,0,0,0,0,0,0,0,0,0
22.49,85,64.000000000000711,52,977,179.99999999999929,262.00000000000068,164.00000000000071,234.99999999999929,15.219999999999986,1715.1500000000115,GT,model_assisted_not_ground_truth,0,0,0,0,0,0,0,0,0,0,0
22.50,85,63,52,977,178,261,165,236,15.24,1716.1400000000001,GT,model_assisted_not_ground_truth,0,0,0,0,0,0,0,0,0,0,0
22.51,85,63.000000000001066,52,977,178.99999999999787,261,165,234.99999999999892,15.260000000000042,1716.1400000000044,GT,model_assisted_not_ground_truth,0,0,0,0,0,0,0,0,0,0,0
22.52,85,63.999999999998224,52,977,177,260.99999999999824,164.99999999999821,234.00000000000179,15.300000000000054,1720.1400000000071,GT,model_assisted_not_ground_truth,0,0,0,0,0,0,0,0,0,0,0
22.53,84.999999999997158,62.999999999997158,52,977,177,260,163.99999999999716,234.99999999999716,15.330000000000043,1724.1199999999899,GT,model_assisted_not_ground_truth,0,0,0,0,0,0,0,0,0,0,0
22.54,84.000000000003553,62.000000000003553,52,976.99999999999648,177,260,162.99999999999645,233.99999999999645,15.345000000000052,1720.6249999999875,GT,model_assisted_not_ground_truth,0,0,0,0,0,0,0,0,0,0,0
22.55,85,63,52,976.00000000000466,177.00000000000463,260,162.00000000000924,233.00000000000463,15.360000000000092,1717.1299999999862,GT,model_assisted_not_ground_truth,0,0,0,0,0,0,0,0,0,0,0
22.56,85,63,52.000000000005329,977,177.99999999999466,260,164.00000000001066,233.99999999999466,15.380000000000054,1714.1200000000158,GT,model_assisted_not_ground_truth,0,0,0,0,0,0,0,0,0,0,0
22.57,84.999999999993605,63,52.999999999993605,977,177,260,165.99999999998721,232.99999999999361,15.390000000000256,1717.1199999999742,GT,model_assisted_not_ground_truth,0,0,0,0,0,0,0,0,0,0,0
22.58,84,63,52,977,177,260,164.00000000000747,232,15.430000000000224,1713.1099999999776,GT,model_assisted_not_ground_truth,0,0,0,0,0,0,0,0,0,0,0
22.59,84,63.000000000008171,51.999999999991829,977,177,259.99999999999181,164.99999999998366,231.99999999998366,15.460000000000246,1710.1099999999672,GT,model_assisted_not_ground_truth,0,0,0,0,0,0,0,0,0,0,0
22.60,83.999999999990763,63.999999999990763,51.000000000009237,977,177.00000000000924,259,163.00000000000924,230.00000000000924,15.490000000000277,1706.104999999963,GT,model_assisted_not_ground_truth,0,0,0,0,0,0,0,0,0,0,0
22.61,82.999999999990052,63.000000000019895,52,977,178,258.99999999999005,163.9999999999801,230.99999999996021,15.520000000000199,1702.0999999998505,GT,model_assisted_not_ground_truth,0,0,0,0,0,0,0,0,0,0,0
22.62,82,65,52,977,178.00000000001103,257.99999999998897,161.99999999997797,227,15.54000000000044,1687.0800000001761,GT,model_assisted_not_ground_truth,0,0,0,0,0,0,0,0,0,0,0
22.63,82,64.999999999988276,51.999999999988276,977,178.99999999996481,256.99999999996481,160,226.99999999998826,15.580000000000352,1703.0900000000236,GT,model_assisted_not_ground_truth,0,0,0,0,0,0,0,0,0,0,0
22.64,82,64,51.00000000001279,977,176.00000000002558,253.99999999998721,160.00000000003837,225.99999999997442,15.610000000000511,1705.099999999974,GT,model_assisted_not_ground_truth,0,0,0,0,0,0,0,0,0,0,0
22.65,82,64.000000000013856,51.999999999986144,977,178,252.99999999998613,162.99999999995842,224,15.650000000000277,1703.0799999999722,GT,model_assisted_not_ground_truth,0,0,0,0,0,0,0,0,0,0,0
22.66,81.999999999970868,65,51.000000000014566,977,177.99999999995629,252,160.00000000002913,224,15.670000000000291,1701.0799999999708,GT,model_assisted_not_ground_truth,0,0,0,0,0,0,0,0,0,0,0
22.67,80,65,52,977,175,252,161.99999999998437,224.00000000001563,15.690000000000087,1699.0749999999914,GT,model_assisted_not_ground_truth,0,0,0,0,0,0,0,0,0,0,0
22.68,80,65,52.000000000016342,977,175.00000000001634,252,161.00000000001634,225,15.709999999999873,1697.0700000000127,GT,model_assisted_not_ground_truth,0,0,0,0,0,0,0,0,0,0,0
22.69,80,65,52.999999999994671,977,175.99999999999466,252,161.99999999999466,225,15.719999999999947,1700.069999999984,GT,model_assisted_not_ground_truth,0,0,0,0,0,0,0,0,0,0,0
22.70,79.500000000002302,64.500000000002302,52.500000000002309,977,176,252,161.0000000000046,225.4999999999977,15.729999999999954,1698.0700000000093,GT,model_assisted_not_ground_truth,0,0,0,0,0,0,0,0,0,0,0
22.71,79.000000000001776,64.000000000001776,52.000000000001776,977,176,252,160.00000000000355,225.99999999999824,15.739999999999965,1700.0599999999929,GT,model_assisted_not_ground_truth,0,0,0,0,0,0,0,0,0,0,0
22.72,79.999999999997158,64,52,977,176.99999999999716,252,159.00000000000284,226.99999999999716,15.74,1700.05,GT,model_assisted_not_ground_truth,0,0,0,0,0,0,0,0,0,0,0
22.73,79.000000000001776,64,52,977,176.00000000000176,252,160.99999999999645,227.99999999999824,15.730000000000018,1661.0200000000693,GT,model_assisted_not_ground_truth,0,0,0,0,0,0,0,0,0,0,0
22.74,79,63.000000000000711,52,977,176,251.00000000000071,161.99999999999929,228,15.919999999999865,1649.0100000000086,GT,model_assisted_not_ground_truth,0,0,0,0,0,0,0,0,0,0,0
22.75,79,64,52,977,175,252,161,228,15.934999999999999,1653.0050000000001,GT,model_assisted_not_ground_truth,0,0,0,0,0,0,0,0,0,0,0
22.76,79.000000000001066,63.999999999997868,52,977,176,250.99999999999892,159,226.99999999999892,15.949999999999999,1656.9999999999989,GT,model_assisted_not_ground_truth,0,0,0,0,0,0,0,0,0,0,0
22.77,79.999999999999105,61.999999999998224,52.000000000000888,977,175.99999999999912,250,159.00000000000088,225.99999999999912,15.949999999999982,1655.9900000000089,GT,model_assisted_not_ground_truth,0,0,0,0,0,0,0,0,0,0,0
22.78,79.499999999998579,60.999999999997158,52.500000000001421,977,175.49999999999858,250,159.50000000000142,225.49999999999858,15.939999999999971,1661.0099999999375,GT,model_assisted_not_ground_truth,0,0,0,0,0,0,0,0,0,0,0
22.79,78.999999999996447,60.000000000003553,52.999999999996447,977,175,249.99999999999645,159.99999999999645,224.99999999999645,15.930000000000142,1638.9900000000355,GT,model_assisted_not_ground_truth,0,0,0,0,0,0,0,0,0,0,0
22.80,78,61,52.000000000004619,977,175,248.99999999999537,158.99999999999537,223.99999999999537,15.97000000000007,1648.9700000000184,GT,model_assisted_not_ground_truth,0,0,0,0,0,0,0,0,0,0,0
22.81,78,61.000000000005329,52.999999999994671,977,175,247.99999999998934,158,223,15.985000000000081,1652.9650000000213,GT,model_assisted_not_ground_truth,0,0,0,0,0,0,0,0,0,0,0
22.82,78,61.999999999993605,52.000000000006395,977,175,245.99999999999361,157.99999999999361,222.99999999999361,16.000000000000064,1656.9600000000191,GT,model_assisted_not_ground_truth,0,0,0,0,0,0,0,0,0,0,0
22.83,78,61,53,977,174.99999999999253,245,157.00000000000747,222.00000000000747,16.010000000000076,1659.9600000000223,GT,model_assisted_not_ground_truth,0,0,0,0,0,0,0,0,0,0,0
22.84,78,60.999999999991829,53,977,174,245,157.99999999999181,222.99999999998366,16.020000000000081,1662.96,GT,model_assisted_not_ground_truth,0,0,0,0,0,0,0,0,0,0,0
22.85,78,60,52.999999999981526,977,174.00000000000924,245,157,221,16.030000000000186,1662.9600000000185,GT,model_assisted_not_ground_truth,0,0,0,0,0,0,0,0,0,0,0
22.86,78,60,51.000000000009948,977,174.9999999999801,245,157.00000000000995,220.99999999999005,16.0500000000001,1664.9499999999603,GT,model_assisted_not_ground_truth,0,0,0,0,0,0,0,0,0,0,0
22.87,78,59.999999999988987,52,977,173,245,157.99999999995595,220,16.059999999999999,1660.949999999978,GT,model_assisted_not_ground_truth,0,0,0,0,0,0,0,0,0,0,0
22.88,77.999999999988276,59.000000000011724,51.999999999988276,977,173,244.99999999998826,154.00000000001174,220.00000000001174,16.060000000000116,1658.9499999999882,GT,model_assisted_not_ground_truth,0,0,0,0,0,0,0,0,0,0,0
22.89,77,59.99999999998721,51.00000000001279,977,173,243.99999999998721,155.00000000001279,220.99999999997442,16.070000000000128,1657.9449999999872,GT,model_assisted_not_ground_truth,0,0,0,0,0,0,0,0,0,0,0
22.90,77,58.999999999972289,52,977,173,242.99999999998613,155.99999999995842,218.99999999998613,16.079999999999998,1656.9399999999862,GT,model_assisted_not_ground_truth,0,0,0,0,0,0,0,0,0,0,0
22.91,77,57,52,977,173.00000000002913,242,153,218,16.08000000000029,1655.9399999999855,GT,model_assisted_not_ground_truth,0,0,0,0,0,0,0,0,0,0,0
22.92,77.000000000015632,57.000000000031264,52,977,174.9999999999531,242,153.00000000001563,217.99999999998437,16.100000000000314,1654.9400000000001,GT,model_assisted_not_ground_truth,0,0,0,0,0,0,0,0,0,0,0
22.93,77.999999999983658,59.000000000016342,52,977,171.99999999998366,241.99999999996732,154.00000000003268,216.99999999998366,16.119999999999873,1654.9400000000001,GT,model_assisted_not_ground_truth,0,0,0,0,0,0,0,0,0,0,0
22.94,77.000000000005329,59.999999999994671,52,977,171.00000000000534,240.00000000001066,155.99999999998934,216.00000000000534,16.120000000000001,1653.9300000000055,GT,model_assisted_not_ground_truth,0,0,0,0,0,0,0,0,0,0,0
22.95,77,60,52,977,170.0000000000046,240,153.00000000001387,215.0000000000046,16.124999999999979,1652.9300000000046,GT,model_assisted_not_ground_truth,0,0,0,0,0,0,0,0,0,0,0
22.96,77,59.000000000003553,51.000000000003553,977,168.00000000000711,240,154.99999999999289,214.00000000000355,16.129999999999981,1651.9300000000037,GT,model_assisted_not_ground_truth,0,0,0,0,0,0,0,0,0,0,0
22.97,77,58.000000000002842,51.999999999997158,977,167.00000000000284,240,151.00000000001137,212.00000000000568,16.149999999999942,1650.930000000003,GT,model_assisted_not_ground_truth,0,0,0,0,0,0,0,0,0,0,0
22.98,77,58.999999999998224,52,977,167,240,151,210.00000000000355,16.10000000000009,1598.9300000000924,GT,model_assisted_not_ground_truth,0,0,0,0,0,0,0,0,0,0,0
22.99,76.000000000000711,59,52,977,166.00000000000071,239.00000000000071,149.00000000000142,206.00000000000284,16.129999999999978,1618.919999999986,GT,model_assisted_not_ground_truth,0,0,0,0,0,0,0,0,0,0,0
23.00,76,60,52,977,165,239,148,206,16.140000000000001,1607.9100000000001,GT,model_assisted_not_ground_truth,0,0,0,0,0,0,0,0,0,0,0
23.01,76,59,52,977,164.99999999999892,238,149.99999999999892,205,16.140000000000043,1605.910000000014,GT,model_assisted_not_ground_truth,0,0,0,0,0,0,0,0,0,0,0
23.02,76,59.000000000001776,51.999999999998224,977,163.99999999999821,238,149.00000000000534,205.00000000000179,16.18,1618.9000000000028,GT,model_assisted_not_ground_truth,0,0,0,0,0,0,0,0,0,0,0
23.03,76,59.999999999997158,51.000000000002842,977,162.99999999999716,238,151.99999999999147,205.99999999999716,16.18,1620.4000000000044,GT,model_assisted_not_ground_truth,0,0,0,0,0,0,0,0,0,0,0
23.04,76,59.000000000003553,52.000000000003553,977,162,238,148.99999999996803,204.99999999999645,16.180000000000106,1621.9000000000215,GT,model_assisted_not_ground_truth,0,0,0,0,0,0,0,0,0,0,0
23.05,76,60,52.999999999995381,977,161.99999999999537,238,140,203.99999999999076,16.210000000000001,1627.8999999999862,GT,model_assisted_not_ground_truth,0,0,0,0,0,0,0,0,0,0,0
23.06,76,60,52,977,160.99999999998934,238,140.00000000000534,202.00000000000534,16.210000000000054,1624.8899999999842,GT,model_assisted_not_ground_truth,0,0,0,0,0,0,0,0,0,0,0
23.07,76.612648684978197,59.960570944165639,52.151952654530142,955.81134216751525,161.42359586860712,237.86114509769467,139.89984392447187,201.1231785371827,16.210005380526308,1631.2489188087297,GT,model_assisted_not_ground_truth,0,1,1,1,1,1,1,1,1,1,1
