time_seconds,FMG_channel_1,FMG_channel_2,FMG_channel_3,FMG_channel_4,FMG_channel_5,FMG_channel_6,FMG_channel_7,FMG_channel_8,CoP,vGRF,provisional_phase,label_status,signal_missing,FMG_channel_1_imputed,FMG_channel_2_imputed,FMG_channel_3_imputed,FMG_channel_4_imputed,FMG_channel_5_imputed,FMG_channel_6_imputed,FMG_channel_7_imputed,FMG_channel_8_imputed,CoP_imputed,vGRF_imputed
0.00,0,28,36,41,166,54,67,40,8.3800000000000008,829,QS,model_assisted_not_ground_truth,0,0,0,0,0,0,0,0,0,0,0
0.01,0,28,34.000000000001819,40,166.99999999999909,54,67,39.999999999999091,8.2800000000000455,834.99999999999636,QS,model_assisted_not_ground_truth,0,0,0,0,0,0,0,0,0,0,0
0.02,0,28,36,40,166,54,67,39.000000000001819,8.3299999999991989,830.99999999993088,QS,model_assisted_not_ground_truth,0,0,0,0,0,0,0,0,0,0,0
0.03,0,28,35.999999999994543,40.000000000002728,166,53.999999999997272,67,40,7.8899999999999455,792.99999999996726,QS,model_assisted_not_ground_truth,0,0,0,0,0,0,0,0,0,0,0
0.04,0,28,34.000000000007276,41,166,53.000000000003638,66.999999999992724,40,7.8700000000014185,780.99999999995998,QS,model_assisted_not_ground_truth,0,0,0,0,0,0,0,0,0,0,0
0.05,0,28,36,40.999999999995453,166,54,65.000000000009095,40,8.2600000000000229,769.99999999999318,QS,model_assisted_not_ground_truth,0,0,0,0,0,0,0,0,0,0,0
0.06,0,28,36,40.000000000005457,166,53.999999999994543,67,39.999999999994543,8.2650000000000272,768.49999999999181,QS,model_assisted_not_ground_truth,0,0,0,0,0,0,0,0,0,0,0
0.07,0,28,36,40.999999999994998,166,53.000000000005002,67,39.000000000005002,8.2700000000001275,766.99999999999363,QS,model_assisted_not_ground_truth,0,0,0,0,0,0,0,0,0,0,0
0.08,0,28,36,40.000000000004093,165.00000000000409,53.999999999995907,66.000000000004093,42.999999999983629,8.2900000000002176,765.99999999999272,QS,model_assisted_not_ground_truth,0,0,0,0,0,0,0,0,0,0,0
0.09,0,27.000000000003183,34.000000000006366,40,165.99999999999682,54,66.999999999996817,41.000000000006366,8.3200000000010643,765.0000000001146,QS,model_assisted_not_ground_truth,0,0,0,0,0,0,0,0,0,0,0
0.10,0,27,35.999999999995453,40,166,54,66.000000000002274,41.999999999997726,8.4499999999997044,778.99999999996817,QS,model_assisted_not_ground_truth,0,0,0,0,0,0,0,0,0,0,0
0.11,0,27,36,40,166,53.000000000001364,66,42,8.2300000000003006,746.00000000004502,QS,model_assisted_not_ground_truth,0,0,0,0,0,0,0,0,0,0,0
0.12,0,27,36,40,165.00000000000045,53,66,42.999999999999545,8.2300000000000004,744.00000000000091,QS,model_assisted_not_ground_truth,0,0,0,0,0,0,0,0,0,0,0
0.13,0,27,35.999999999999091,40,165.00000000000045,53.000000000000455,66.000000000000455,42.000000000000455,8.0899999999999821,742.99999999999727,QS,model_assisted_not_ground_truth,0,0,0,0,0,0,0,0,0,0,0
0.14,0,27,34,40,166,54,67,43,8.0499999999999456,736.99999999999181,QS,model_assisted_not_ground_truth,0,0,0,0,0,0,0,0,0,0,0
0.15,0,27,34.000000000004547,40,165.99999999999773,54,66.999999999997726,43,8.0100000000000904,731.00000000000227,QS,model_assisted_not_ground_truth,0,0,0,0,0,0,0,0,0,0,0
0.16,0,26.999999999996817,35.999999999996817,39.999999999996817,165.00000000000318,54,66.000000000003183,43,8.0500000000000966,732.00000000000955,QS,model_assisted_not_ground_truth,0,0,0,0,0,0,0,0,0,0,0
0.17,0,26.000000000004093,35.000000000004093,39.000000000004093,166,54,67,43,8.0800000000019647,735.00000000006548,QS,model_assisted_not_ground_truth,0,0,0,0,0,0,0,0,0,0,0
0.18,0,27,36,40,166,54,67,43,8.5599999999998513,750.99999999997499,QS,model_assisted_not_ground_truth,0,0,0,0,0,0,0,0,0,0,0
0.19,0,27,36,40,166,54,67,42.999999999994088,8.5299999999999994,745.99999999997044,QS,model_assisted_not_ground_truth,0,0,0,0,0,0,0,0,0,0,0
0.20,0,27,36,40,166,54,67,42.000000000004547,8.5299999999991805,741.00000000019782,QS,model_assisted_not_ground_truth,0,0,0,0,0,0,0,0,0,0,0
0.21,0,27,35.000000000003638,40,166.99999999999636,54,67,42.999999999996362,8.4099999999998847,769.99999999996135,QS,model_assisted_not_ground_truth,0,0,0,0,0,0,0,0,0,0,0
0.22,0,27,35.999999999997272,40,166.00000000000273,54,67,43,8.3949999999999569,764.99999999998522,QS,model_assisted_not_ground_truth,0,0,0,0,0,0,0,0,0,0,0
0.23,0,27,36.999999999998181,40,166,54,67,43.999999999998181,8.3800000000000274,760.00000000000909,QS,model_assisted_not_ground_truth,0,0,0,0,0,0,0,0,0,0,0
0.24,0,27,36.000000000000909,40,166,54,67,43.000000000000909,8.5499999999998462,781.99999999997999,QS,model_assisted_not_ground_truth,0,0,0,0,0,0,0,0,0,0,0
0.25,0,27,35.5,40,166,54,67,42.5,8.5800000000000001,762,QS,model_assisted_not_ground_truth,0,0,0,0,0,0,0,0,0,0,0
0.26,0,26.999999999999091,35,39.999999999999091,166,54,67,42.000000000000909,8.4799999999999827,814,QS,model_assisted_not_ground_truth,0,0,0,0,0,0,0,0,0,0,0
0.27,0,26,35.000000000001819,39,166.00000000000182,54,67,43,8.4599999999999831,813.99999999998727,QS,model_assisted_not_ground_truth,0,0,0,0,0,0,0,0,0,0,0
0.28,0,26.000000000002732,35.999999999997272,39.000000000002728,166.99999999999727,54,66.999999999997272,43,8.4500000000011735,807.00000000006287,QS,model_assisted_not_ground_truth,0,0,0,0,0,0,0,0,0,0,0
0.29,0,27,35.000000000003638,40,166.00000000000364,54,66.000000000003638,43,8.8799999999997468,829.99999999993997,QS,model_assisted_not_ground_truth,0,0,0,0,0,0,0,0,0,0,0
0.30,0,27,36,40,167,54,67,43,8.8099999999996825,813.49999999992497,QS,model_assisted_not_ground_truth,0,0,0,0,0,0,0,0,0,0,0
0.31,0,27,36,40,166.99999999999454,54,67,43.000000000005457,8.7400000000003271,797.00000000037653,QS,model_assisted_not_ground_truth,0,0,0,0,0,0,0,0,0,0,0
0.32,0,27,36,40,166.000000000005,54,67,43.999999999994998,8.7999999999995548,865.9999999999427,QS,model_assisted_not_ground_truth,0,0,0,0,0,0,0,0,0,0,0
0.33,0,27,36,40,166,54,67,43.000000000004093,8.7300000000002917,857.00000000006548,QS,model_assisted_not_ground_truth,0,0,0,0,0,0,0,0,0,0,0
0.34,0,27,36,40,166,54,67,43,8.769999999999591,865.99999999986903,QS,model_assisted_not_ground_truth,0,0,0,0,0,0,0,0,0,0,0
0.35,0,27,36.999999999997726,40,166,54,67,43.999999999997726,8.7200000000001143,850.00000000003638,QS,model_assisted_not_ground_truth,0,0,0,0,0,0,0,0,0,0,0
0.36,0,27,36.000000000001364,40,166,54,67,43.000000000001364,8.8199999999998635,878.99999999996044,GI,model_assisted_not_ground_truth,0,0,0,0,0,0,0,0,0,0,0
0.37,0,27,34.000000000000909,40,166,54,67,43.999999999999545,8.8100000000000058,875.00000000000182,GI,model_assisted_not_ground_truth,0,0,0,0,0,0,0,0,0,0,0
0.38,0,27,34.000000000000909,40,165.99999999999955,54,66.999999999999545,43,8.7549999999999741,878.50000000000159,GI,model_assisted_not_ground_truth,0,0,0,0,0,0,0,0,0,0,0
0.39,0,27,36,40,165,54,66,42.999999999998636,8.6999999999999442,881.99999999999045,GI,model_assisted_not_ground_truth,0,0,0,0,0,0,0,0,0,0,0
0.40,0,27,35.999999999995445,40,165.00000000000227,54,66,42.000000000002274,8.6600000000001369,874.99999999999091,GI,model_assisted_not_ground_truth,0,0,0,0,0,0,0,0,0,0,0
0.41,0,27,34,40,165.99999999999682,54,66.000000000003183,43,8.7200000000001285,871.00000000000318,GI,model_assisted_not_ground_truth,0,0,0,0,0,0,0,0,0,0,0
0.42,0,27,34.000000000008185,40,165,54,66.999999999995907,43,8.7599999999995095,871.99999999996726,GI,model_assisted_not_ground_truth,0,0,0,0,0,0,0,0,0,0,0
0.43,0,27,35.999999999994998,40,165,54,66,43,8.6399999999994499,863.999999999995,GI,model_assisted_not_ground_truth,0,0,0,0,0,0,0,0,0,0,0
0.44,0,27,35.000000000005912,40,165.00000000000591,54,66,42.999999999994088,8.5300000000008858,862.9999999998463,GI,model_assisted_not_ground_truth,0,0,0,0,0,0,0,0,0,0,0
0.45,0,27,35.999999999995453,40,165.99999999999545,54,66,42.000000000004547,8.6799999999998292,837.00000000001705,GI,model_assisted_not_ground_truth,0,0,0,0,0,0,0,0,0,0,0
0.46,0,27,36,40,166,54,66,42.999999999996362,8.6549999999998075,839.50000000001933,GI,model_assisted_not_ground_truth,0,0,0,0,0,0,0,0,0,0,0
0.47,0,26.000000000002725,34.00000000000545,40,165.00000000000273,54,66.999999999997272,43,8.6299999999992227,842.00000000009504,GI,model_assisted_not_ground_truth,0,0,0,0,0,0,0,0,0,0,0
0.48,0,26.999999999998181,35.999999999996362,40,165,54,66.000000000001819,43.999999999998181,8.5400000000001626,852.99999999997999,GI,model_assisted_not_ground_truth,0,0,0,0,0,0,0,0,0,0,0
0.49,0,27,34.000000000001819,40,165,54,66.999999999999091,42.000000000001819,8.4900000000000464,844.00000000000819,GI,model_assisted_not_ground_truth,0,0,0,0,0,0,0,0,0,0,0
0.50,0,27,34,40,165,54,66,43,8.3300000000000001,832,GI,model_assisted_not_ground_truth,0,0,0,0,0,0,0,0,0,0,0
0.51,0,27,34.000000000001819,40,165,54,66.999999999999091,43,8.2699999999999996,833.99999999999818,GI,model_assisted_not_ground_truth,0,0,0,0,0,0,0,0,0,0,0
0.52,0,27,35.999999999996355,40,165.00000000000182,54,66,43,8.269999999999845,831.99999999998727,GI,model_assisted_not_ground_truth,0,0,0,0,0,0,0,0,0,0,0
0.53,0,27,34.000000000005464,40,165.99999999999727,54,66.000000000002728,43,8.1849999999997678,824.9999999999809,GI,model_assisted_not_ground_truth,0,0,0,0,0,0,0,0,0,0,0
0.54,0,27,35.999999999996355,40,165,54,66.999999999996362,43,8.0999999999991985,817.99999999989802,GI,model_assisted_not_ground_truth,0,0,0,0,0,0,0,0,0,0,0
0.55,0,27,35,40,165,54,66,43,7.8800000000006376,789.99999999990894,GI,model_assisted_not_ground_truth,0,0,0,0,0,0,0,0,0,0,0
0.56,0,27,35.000000000005464,40,165,54,66,42.999999999994536,8.0199999999967222,769.99999999970498,GI,model_assisted_not_ground_truth,0,0,0,0,0,0,0,0,0,0,0
0.57,0,27,35.999999999995005,40,165,54,66,42.000000000004995,7.4200000000063726,716.00000000039506,GI,model_assisted_not_ground_truth,0,0,0,0,0,0,0,0,0,0,0
0.58,0,26.000000000004096,34.000000000008193,40,165,53.0000000000041,66,42.9999999999959,8.4199999999999999,778.00000000000728,GI,model_assisted_not_ground_truth,0,0,0,0,0,0,0,0,0,0,0
0.59,0,26.999999999996813,34,40,165.99999999999682,53.999999999996817,66,43,8.4199999999992627,778.99999999987722,GI,model_assisted_not_ground_truth,0,0,0,0,0,0,0,0,0,0,0
0.60,0,27,35.999999999995445,40,166.99999999999773,54,66,43,8.3300000000002044,764.00000000003411,GI,model_assisted_not_ground_truth,0,0,0,0,0,0,0,0,0,0,0
0.61,0,27,35.000000000001364,40,166.00000000000136,54,66.999999999998636,43,8.2600000000000957,755.00000000001228,GI,model_assisted_not_ground_truth,0,0,0,0,0,0,0,0,0,0,0
0.62,0,27,35.999999999999545,40,165.00000000000045,54,66.000000000000455,43,8.1900000000000315,746.00000000000409,GI,model_assisted_not_ground_truth,0,0,0,0,0,0,0,0,0,0,0
0.63,0,27,35.000000000000455,40,166.99999999999955,54,66,43,8.2099999999998694,744.99999999999181,GI,model_assisted_not_ground_truth,0,0,0,0,0,0,0,0,0,0,0
0.64,0,26.999999999998636,35.999999999998636,40,165.99999999999864,54,66.000000000001364,42.999999999998636,7.9200000000000816,727.00000000000136,GI,model_assisted_not_ground_truth,0,0,0,0,0,0,0,0,0,0,0
0.65,0,26,35,40,165.00000000000227,54,66.999999999997726,42.000000000002274,7.9800000000000457,728.00000000001592,GI,model_assisted_not_ground_truth,0,0,0,0,0,0,0,0,0,0,0
0.66,0,26.000000000003187,35.000000000003183,40,166.00000000000637,54,66.000000000003183,43,8.0000000000006057,735.00000000000318,GI,model_assisted_not_ground_truth,0,0,0,0,0,0,0,0,0,0,0
0.67,0,27,36,40,167.99999999999181,54,66.999999999995907,43,8.1900000000013105,736.00000000004911,GI,model_assisted_not_ground_truth,0,0,0,0,0,0,0,0,0,0,0
0.68,0,27,36,40,166.000000000005,54,66.000000000005002,43,8.5100000000000247,747.99999999999,GI,model_assisted_not_ground_truth,0,0,0,0,0,0,0,0,0,0,0
0.69,0,27,35.999999999988162,40,166.99999999999409,54,66.999999999994088,43,8.515000000000029,745.99999999998818,GI,model_assisted_not_ground_truth,0,0,0,0,0,0,0,0,0,0,0
0.70,0,27,34.000000000009081,40,166.00000000000455,54,66.000000000004547,43,8.5199999999999321,743.99999999997954,GI,model_assisted_not_ground_truth,0,0,0,0,0,0,0,0,0,0,0
0.71,0,27,35.999999999992717,40,166,54,66,43,8.509999999998918,741.00000000019315,GI,model_assisted_not_ground_truth,0,0,0,0,0,0,0,0,0,0,0
0.72,0,27,36,39.000000000002728,166,54,66,43,8.3699999999999992,765.9999999999568,GI,model_assisted_not_ground_truth,0,0,0,0,0,0,0,0,0,0,0
0.73,0,27,34.000000000003638,39.999999999998181,166.99999999999818,54,66.999999999998181,43.999999999998181,8.3699999999999992,761.00000000000909,GI,model_assisted_not_ground_truth,0,0,0,0,0,0,0,0,0,0,0
0.74,0,27,34,40,166.00000000000091,54,66.000000000000909,42.000000000001819,8.5199999999998628,778.99999999998363,GI,model_assisted_not_ground_truth,0,0,0,0,0,0,0,0,0,0,0
0.75,0,27,36,40,166,54,67,43,8.6099999999999994,758,GI,model_assisted_not_ground_truth,0,0,0,0,0,0,0,0,0,0,0
0.76,0,27,36,40,166.00000000000091,54,67,42.999999999999091,8.4399999999999995,817.99999999999409,GI,model_assisted_not_ground_truth,0,0,0,0,0,0,0,0,0,0,0
0.77,0,27,35.999999999996355,40,166.99999999999818,54,67,42.000000000001819,8.4399999999999995,811.49999999998818,GI,model_assisted_not_ground_truth,0,0,0,0,0,0,0,0,0,0,0
0.78,0,27,34.000000000005464,40,166.00000000000546,54,67,42.999999999997272,8.4400000000010369,805.00000000004366,GI,model_assisted_not_ground_truth,0,0,0,0,0,0,0,0,0,0,0
0.79,0,27,36,40,167.99999999999272,54,67,42.000000000003645,8.8199999999997445,820.99999999989802,GI,model_assisted_not_ground_truth,0,0,0,0,0,0,0,0,0,0,0
0.80,0,27,36,40,166.00000000000227,54,67,43,8.7500000000000462,793.00000000032321,GI,model_assisted_not_ground_truth,0,0,0,0,0,0,0,0,0,0,0
0.81,0,27,36,40,166.49999999999989,54,67,43,8.7599999999998364,863.9999999999618,GI,model_assisted_not_ground_truth,0,0,0,0,0,0,0,0,0,0,0
0.82,0,27,36,40,166.9999999999975,54,67,43,8.7299999999993627,856.99999999993622,GI,model_assisted_not_ground_truth,0,0,0,0,0,0,0,0,0,0,0
0.83,0,27,34.000000000008171,40,167.99999999999591,54,67,43,8.6300000000007291,847.0000000000947,GI,model_assisted_not_ground_truth,0,0,0,0,0,0,0,0,0,0,0
0.84,0,27,34,40,167.00000000000318,54,67,43,8.7300000000003681,859.99999999997954,GI,model_assisted_not_ground_truth,0,0,0,0,0,0,0,0,0,0,0
0.85,0,27,35.999999999995445,40,167,54,67,43,8.7750000000001531,857.49999999999147,GI,model_assisted_not_ground_truth,0,0,0,0,0,0,0,0,0,0,0
0.86,0,27,36,40,166.00000000000136,54,67,43,8.8199999999999381,855.00000000000341,GI,model_assisted_not_ground_truth,0,0,0,0,0,0,0,0,0,0,0
0.87,0,27,36,40,166.99999999999955,54,67,43,8.8100000000000058,880.99999999998818,GI,model_assisted_not_ground_truth,0,0,0,0,0,0,0,0,0,0,0
0.88,0,26.000000000000455,34.000000000000909,40,166.00000000000045,53.000000000000455,67,43,8.6799999999999944,882.99999999999864,GI,model_assisted_not_ground_truth,0,0,0,0,0,0,0,0,0,0,0
0.89,0,26.999999999998636,36,39.999999999998636,167,54,67,43,8.670000000000055,879.99999999999181,GI,model_assisted_not_ground_truth,0,0,0,0,0,0,0,0,0,0,0
0.90,0,26.000000000002277,35.999999999995445,39.000000000002274,167,54,67,43,8.710000000000047,873.99999999999773,GI,model_assisted_not_ground_truth,0,0,0,0,0,0,0,0,0,0,0
0.91,0,27,34.000000000006374,40,167,54,67,43,8.7299999999999685,873,SSSW,model_assisted_not_ground_truth,0,0,0,0,0,0,0,0,0,0,0
0.92,0,27,36,40,167,54,67,43,8.7199999999999598,873,SSSW,model_assisted_not_ground_truth,0,0,0,0,0,0,0,0,0,0,0
0.93,0,27,35.999999999989988,40,167,54,67,43,8.709999999998999,872.99999999996498,SSSW,model_assisted_not_ground_truth,0,0,0,0,0,0,0,0,0,0,0
0.94,0,26.999999999994081,34,39.999999999994081,167,54,67,43,8.5100000000000584,865.99999999997044,SSSW,model_assisted_not_ground_truth,0,0,0,0,0,0,0,0,0,0,0
0.95,0,26.00000000000454,34,39.00000000000454,167,54,67,43,8.5200000000003406,860.99999999990439,SSSW,model_assisted_not_ground_truth,0,0,0,0,0,0,0,0,0,0,0
0.96,0,26,34,39.999999999996362,166.00000000000364,54,67,43,8.570000000000233,846.99999999997681,SSSW,model_assisted_not_ground_truth,0,0,0,0,0,0,0,0,0,0,0
0.97,0,26,34,39.000000000002728,166.99999999999727,54,67,43,8.599999999998877,844.00000000001728,SSSW,model_assisted_not_ground_truth,0,0,0,0,0,0,0,0,0,0,0
0.98,0,26.999999999998181,34,39.999999999998181,168.99999999999636,54,67,43,8.4700000000002369,845.99999999999636,SSSW,model_assisted_not_ground_truth,0,0,0,0,0,0,0,0,0,0,0
0.99,0,27,34,40,166.00000000000273,54,67,43,8.4600000000000097,846,SSSW,model_assisted_not_ground_truth,0,0,0,0,0,0,0,0,0,0,0
1.00,0,27,36,40,166,54,67,43,8.2300000000000004,838,SSSW,model_assisted_not_ground_truth,0,0,0,0,0,0,0,0,0,0,0
1.01,0,27,35.999999999998181,40,167,53.999999999999091,67,42,8.2500000000000178,835.49999999999773,SSSW,model_assisted_not_ground_truth,0,0,0,0,0,0,0,0,0,0,0
1.02,0,27,34.000000000003645,40,167.00000000000182,53.000000000001819,67,42.000000000001819,8.2699999999995804,832.99999999994725,SSSW,model_assisted_not_ground_truth,0,0,0,0,0,0,0,0,0,0,0
1.03,0,27,35.999999999994536,40,168,54,67,43,8.0399999999973222,803.99999999983345,SSSW,model_assisted_not_ground_truth,0,0,0,0,0,0,0,0,0,0,0
1.04,0,27,34.000000000007283,40,167.99999999999636,54,66.999999999996362,42.999999999996355,7.06000000000284,743.00000000017485,SSSW,model_assisted_not_ground_truth,0,0,0,0,0,0,0,0,0,0,0
1.05,0,27,36,40,167,54,66,42,7.8400000000015018,790.99999999992258,SSSW,model_assisted_not_ground_truth,0,0,0,0,0,0,0,0,0,0,0
1.06,0,27,35.999999999989079,40,166.99999999999454,54,66,42.000000000005464,8.1700000000002735,773.99999999995634,SSSW,model_assisted_not_ground_truth,0,0,0,0,0,0,0,0,0,0,0
1.07,0,27,34.00000000000999,40,166.000000000005,54,66,42.999999999995005,8.2200000000007662,766,SSSW,model_assisted_not_ground_truth,0,0,0,0,0,0,0,0,0,0,0
1.08,0,27,35.999999999991829,40,166.99999999999591,54,66,43,8.3400000000001455,766.00000000004729,SSSW,model_assisted_not_ground_truth,0,0,0,0,0,0,0,0,0,0,0
1.09,0,27,36,40,166.00000000000318,54,65.000000000003169,43,8.3600000000000509,772.50000000001626,SSSW,model_assisted_not_ground_truth,0,0,0,0,0,0,0,0,0,0,0
1.10,0,27,34.000000000004533,40,166.99999999999773,54,65.99999999999774,42.000000000002267,8.3799999999999564,778.99999999998522,SSSW,model_assisted_not_ground_truth,0,0,0,0,0,0,0,0,0,0,0
1.11,0,27,35.999999999997293,40,166.00000000000136,54,65.00000000000135,42.999999999998643,8.3700000000000134,779.99999999999864,SSSW,model_assisted_not_ground_truth,0,0,0,0,0,0,0,0,0,0,0
1.12,0,27,36,40,166.99999999999955,54,65,43,8.360000000000003,769.00000000000489,SSSW,model_assisted_not_ground_truth,0,0,0,0,0,0,0,0,0,0,0
1.13,0,26.999999999999535,34.000000000000931,39.999999999999531,166,54,62.9999999999972,43,8.1299999999999777,741.99999999999864,SSSW,model_assisted_not_ground_truth,0,0,0,0,0,0,0,0,0,0,0
1.14,0,26.000000000001378,35.999999999997243,39.000000000001378,166,54,56.999999999998622,43,8.0799999999997656,738.99999999998352,SSSW,model_assisted_not_ground_truth,0,0,0,0,0,0,0,0,0,0,0
1.15,0,27,34.000000000004576,40,166,54,56,43,7.9100000000000232,727.00000000000455,SSSW,model_assisted_not_ground_truth,0,0,0,0,0,0,0,0,0,0,0
1.16,0,27,36,40,166,54,56,43.000000000003176,7.9200000000000319,729.00000000000637,SSSW,model_assisted_not_ground_truth,0,0,0,0,0,0,0,0,0,0,0
1.17,0,27,36,40,165.99999999999591,54,56,43.999999999995914,7.9300000000001223,731,SSSW,model_assisted_not_ground_truth,0,0,0,0,0,0,0,0,0,0,0
1.18,0,27,36,40,165.000000000005,54,56,42.999999999995005,7.9599999999975015,730.99999999978013,SSSW,model_assisted_not_ground_truth,0,0,0,0,0,0,0,0,0,0,0
1.19,0,27,35.999999999994095,40,165.99999999999409,54,56,42.000000000011809,7.4600000000059064,687.0000000003248,SSSW,model_assisted_not_ground_truth,0,0,0,0,0,0,0,0,0,0,0
1.20,0,27,35.000000000004555,40,165.00000000000455,54,56,43.999999999990898,8.4599999999990469,742.00000000017042,SSSW,model_assisted_not_ground_truth,0,0,0,0,0,0,0,0,0,0,0
1.21,0,26.000000000003642,34.000000000003638,39.000000000003638,165,54,56,43.000000000003638,8.3200000000000003,766.99999999997681,SSSW,model_assisted_not_ground_truth,0,0,0,0,0,0,0,0,0,0,0
1.22,0,26.999999999997268,35.999999999994536,39.999999999997272,168.99999999998909,54,56,43.999999999997272,8.3200000000000003,763.99999999997408,SSSW,model_assisted_not_ground_truth,0,0,0,0,0,0,0,0,0,0,0
1.23,0,27,36,40,167.00000000000364,54,56,43.000000000001819,8.3200000000000003,761.00000000000546,SSSW,model_assisted_not_ground_truth,0,0,0,0,0,0,0,0,0,0,0
1.24,0,27,34.000000000001819,40,167,54,56,43,8.3249999999999957,763.49999999999773,SSSW,model_assisted_not_ground_truth,0,0,0,0,0,0,0,0,0,0,0
1.25,0,27,34,40,168,54,56,43,8.3300000000000001,766,SSSW,model_assisted_not_ground_truth,0,0,0,0,0,0,0,0,0,0,0
1.26,0,27,36,40,167,54,56,43.000000000000909,8.4599999999999191,762.00000000005184,SSSW,model_assisted_not_ground_truth,0,0,0,0,0,0,0,0,0,0,0
1.27,0,26.999999999998177,35.999999999996355,39.999999999998181,167.00000000000182,54,56,43.999999999998181,8.370000000000017,818.99999999998363,SSSW,model_assisted_not_ground_truth,0,0,0,0,0,0,0,0,0,0,0
1.28,0,26.000000000002732,34.000000000005464,39.000000000002728,168,54,55.999999999997272,43,8.3799999999999741,809.99999999998363,SSSW,model_assisted_not_ground_truth,0,0,0,0,0,0,0,0,0,0,0
1.29,0,27,36,40,168,54,55.000000000003645,43,8.3700000000014558,804.00000000007287,SSSW,model_assisted_not_ground_truth,0,0,0,0,0,0,0,0,0,0,0
1.30,0,27,36,40,167.99999999999545,54,56,43,8.769999999999909,823.99999999994543,SSSW,model_assisted_not_ground_truth,0,0,0,0,0,0,0,0,0,0,0
1.31,0,27,36,40,167,54,56,43,8.7499999999997815,811.99999999992349,SSSW,model_assisted_not_ground_truth,0,0,0,0,0,0,0,0,0,0,0
1.32,0,27,36,40,167,54,56,43,8.7100000000000968,798.00000000020077,SSSW,model_assisted_not_ground_truth,0,0,0,0,0,0,0,0,0,0,0
1.33,0,27,36,40,166.00000000000409,54,56,43,8.7250000000001098,829.50000000022942,SSSW,model_assisted_not_ground_truth,0,0,0,0,0,0,0,0,0,0,0
1.34,0,26.000000000003176,34.000000000006352,40,166,54,56,43,8.7399999999997551,861.00000000004093,SSSW,model_assisted_not_ground_truth,0,0,0,0,0,0,0,0,0,0,0
1.35,0,26,34,39.000000000002267,166,54,56,43,8.7100000000000684,865.99999999998863,SSSW,model_assisted_not_ground_truth,0,0,0,0,0,0,0,0,0,0,0
1.36,0,26.999999999998646,34,39.999999999998643,166.99999999999864,54,56,42.000000000001357,8.6600000000000676,853.00000000001762,SSSW,model_assisted_not_ground_truth,0,0,0,0,0,0,0,0,0,0,0
1.37,0,27,34.999999999999559,40,167.49999999999977,54,56,42.49999999999978,8.7699999999999498,880.99999999998761,SSSW,model_assisted_not_ground_truth,0,0,0,0,0,0,0,0,0,0,0
1.38,0,27,35.999999999999069,40,167.99999999999955,54,55.999999999999531,42.999999999999531,8.7299999999999489,875.0000000000033,SSSW,model_assisted_not_ground_truth,0,0,0,0,0,0,0,0,0,0,0
1.39,0,27,34.000000000002757,40,167,54,55.000000000001378,42.000000000002757,8.6199999999999992,881.99999999999932,SSSW,model_assisted_not_ground_truth,0,0,0,0,0,0,0,0,0,0,0
1.40,0,27,36,40,167.00000000000227,54,56,43.999999999997712,8.6199999999999992,881.49999999999886,SSSW,model_assisted_not_ground_truth,0,0,0,0,0,0,0,0,0,0,0
1.41,0,27,36,40,167.99999999999366,54,56,43,8.6199999999999033,880.99999999999045,SSSW,model_assisted_not_ground_truth,0,0,0,0,0,0,0,0,0,0,0
1.42,0,27,35.999999999991829,40,166.00000000000409,54,55.999999999995914,43,8.5900000000003267,877.99999999997544,SSSW,model_assisted_not_ground_truth,0,0,0,0,0,0,0,0,0,0,0
1.43,0,26.999999999995005,34.00000000000999,39.999999999995005,167,54,55.000000000004995,43,8.6699999999998507,871.99999999997499,SSSW,model_assisted_not_ground_truth,0,0,0,0,0,0,0,0,0,0,0
1.44,0,26.000000000005905,35.999999999988191,39.000000000005905,167.00000000000591,54,55.999999999994095,43,8.6399999999988193,866.99999999997044,SSSW,model_assisted_not_ground_truth,0,0,0,0,0,0,0,0,0,0,0
1.45,0,26.999999999995449,34.000000000009102,39.999999999995445,167.99999999999545,54,55.000000000004555,43,8.4400000000004773,861.99999999988415,SSSW,model_assisted_not_ground_truth,0,0,0,0,0,0,0,0,0,0,0
1.46,0,27,34,40,167.00000000000364,54,55.999999999996362,43,8.5100000000000389,844.99999999999227,SSSW,model_assisted_not_ground_truth,0,0,0,0,0,0,0,0,0,0,0
1.47,0,27,35.999999999994536,40,167,54,56,43,8.5150000000000148,843.99999999999704,SSSW,model_assisted_not_ground_truth,0,0,0,0,0,0,0,0,0,0,0
1.48,0,27,36,40,168.99999999999636,54,56,43,8.5199999999999907,843.00000000000182,SSSW,model_assisted_not_ground_truth,0,0,0,0,0,0,0,0,0,0,0
1.49,0,27,36,40,168.00000000000091,53.000000000000909,55.000000000000909,42.000000000000909,8.5599999999999632,836.00000000000637,SSSW,model_assisted_not_ground_truth,0,0,0,0,0,0,0,0,0,0,0
1.50,0,27,36,40,167,54,56,43,7.6399999999999997,797,SSSW,model_assisted_not_ground_truth,0,0,0,0,0,0,0,0,0,0,0
1.51,0,27,34,40,167,54,56,43,7.6499999999999551,794.99999999999181,SSSW,model_assisted_not_ground_truth,0,0,0,0,0,0,0,0,0,0,0
1.52,0,27,34,40,167,54,55.999999999998181,43,7.5999999999997447,785.99999999999454,SSSW,model_assisted_not_ground_truth,0,0,0,0,0,0,0,0,0,0,0
1.53,0,27,34,40,167,54,55,43,7.4600000000018571,783.0000000001038,SSSW,model_assisted_not_ground_truth,0,0,0,0,0,0,0,0,0,0,0
1.54,0,27,34.000000000007283,40.000000000003645,167,54,55.000000000003645,43,8.1399999999978512,820.99999999984891,SSSW,model_assisted_not_ground_truth,0,0,0,0,0,0,0,0,0,0,0
1.55,0,27,36,40.999999999995445,166.99999999999545,54,56,43,7.5499999999973149,779.49999999981105,SSSW,model_assisted_not_ground_truth,0,0,0,0,0,0,0,0,0,0,0
1.56,0,27,35.999999999989079,40,166,54,55.999999999994536,43,6.9600000000007647,737.9999999998962,SSSW,model_assisted_not_ground_truth,0,0,0,0,0,0,0,0,0,0,0
1.57,0,27,34.00000000000999,40,166,54,55.000000000004995,43,7.100000000001593,718.99999999994907,SSSW,model_assisted_not_ground_truth,0,0,0,0,0,0,0,0,0,0,0
1.58,0,27,34.999999999995914,40,167.99999999999181,54,55,43,7.3500000000013106,711.00000000008015,SSSW,model_assisted_not_ground_truth,0,0,0,0,0,0,0,0,0,0,0
1.59,0,27,34.000000000003176,40,168,54,55.999999999996824,43.999999999996824,7.530000000006555,722.00000000040143,SSSW,model_assisted_not_ground_truth,0,0,0,0,0,0,0,0,0,0,0
1.60,0,27,35.999999999995467,40,168.99999999999773,54,55.000000000002267,43.000000000002267,8.3299999999981882,770.99999999988904,SSSW,model_assisted_not_ground_truth,0,0,0,0,0,0,0,0,0,0,0
1.61,0,26.000000000001354,34.000000000002707,39.000000000001357,169,54,55.999999999998643,43,7.5300000000010838,721.00000000006776,SSSW,model_assisted_not_ground_truth,0,0,0,0,0,0,0,0,0,0,0
1.62,0,26.999999999999556,34,39.999999999999559,168.00000000000045,54,56,43,7.240000000000129,685.00000000001603,SSSW,model_assisted_not_ground_truth,0,0,0,0,0,0,0,0,0,0,0
1.63,0,26.000000000000465,36,39.000000000000469,168.99999999999955,54,56,43,7.2800000000001335,684.00000000000819,SSSW,model_assisted_not_ground_truth,0,0,0,0,0,0,0,0,0,0,0
1.64,0,27,35.999999999997243,40,168,54,56,43,7.5650000000003921,701.5000000000241,SSSW,model_assisted_not_ground_truth,0,0,0,0,0,0,0,0,0,0,0
1.65,0,27,34,40,168,54,56,43,7.8500000000001826,718.99999999998397,SSSW,model_assisted_not_ground_truth,0,0,0,0,0,0,0,0,0,0,0
1.66,0,27,34.000000000006395,40,168,54,56,43,7.9299999999999038,712.00000000005116,SSSW,model_assisted_not_ground_truth,0,0,0,0,0,0,0,0,0,0,0
1.67,0,27,36,40,168.00000000000409,54,56.000000000012257,43,7.9000000000001638,727.99999999998363,SSSW,model_assisted_not_ground_truth,0,0,0,0,0,0,0,0,0,0,0
1.68,0,27,36,40,168.999999999995,54,59,43,7.9400000000024482,724.00000000007992,SSSW,model_assisted_not_ground_truth,0,0,0,0,0,0,0,0,0,0,0
1.69,0,27,35.999999999988191,40,167.99999999999409,54,59,43,8.4299999999999997,739.99999999995271,SSSW,model_assisted_not_ground_truth,0,0,0,0,0,0,0,0,0,0,0
1.70,0,27,34.000000000009102,40,167.00000000000455,54,59,43,8.4299999999998967,732.00000000001364,SSSW,model_assisted_not_ground_truth,0,0,0,0,0,0,0,0,0,0,0
1.71,0,27,35.999999999992717,40,168.99999999999272,54,61.999999999989072,43,8.4149999999998837,734.00000000001546,SSSW,model_assisted_not_ground_truth,0,0,0,0,0,0,0,0,0,0,0
1.72,0,27,36,40,168.00000000000273,54,62,43,8.3999999999993964,736.00000000025909,SSSW,model_assisted_not_ground_truth,0,0,0,0,0,0,0,0,0,0,0
1.73,0,27,34.000000000003638,40,168,54,62.999999999998181,43,8.330000000000128,765.99999999994543,SSSW,model_assisted_not_ground_truth,0,0,0,0,0,0,0,0,0,0,0
1.74,0,26.000000000000909,34,39.000000000000909,168.99999999999909,54,63,43,8.2700000000000546,754.00000000001091,SSSW,model_assisted_not_ground_truth,0,0,0,0,0,0,0,0,0,0,0
1.75,0,27,36,40,168,54,63,43,8.4299999999999997,773,SSSW,model_assisted_not_ground_truth,0,0,0,0,0,0,0,0,0,0,0
1.76,0,27,36,40,167,54,62.999999999999091,43,8.4399999999998894,752.00000000005275,SSSW,model_assisted_not_ground_truth,0,0,0,0,0,0,0,0,0,0,0
1.77,0,27,36,40,167.00000000000182,54,62,43,8.3200000000000909,809.99999999997817,SSSW,model_assisted_not_ground_truth,0,0,0,0,0,0,0,0,0,0,0
1.78,0,27,36,39.999999999997272,168.00000000000546,54,62,42.999999999997272,8.3700000000005588,798.00000000003001,SSSW,model_assisted_not_ground_truth,0,0,0,0,0,0,0,0,0,0,0
1.79,0,27,35.999999999992717,39.000000000003645,169.99999999999272,54,62,42.000000000007283,8.5750000000007454,809.00000000004002,SSSW,model_assisted_not_ground_truth,0,0,0,0,0,0,0,0,0,0,0
1.80,0,27,34.000000000009102,40,168.00000000000909,54,62.000000000004555,43.999999999995445,8.779999999999772,819.99999999987256,SSSW,model_assisted_not_ground_truth,0,0,0,0,0,0,0,0,0,0,0
1.81,0,27,36,40,169.99999999998909,54,63.000000000005464,43,8.7300000000000555,792.00000000038233,SSSW,model_assisted_not_ground_truth,0,0,0,0,0,0,0,0,0,0,0
1.82,0,27,36,40,168.00000000001,54,63.999999999995005,43,8.7400000000000002,861.9999999999809,SSSW,model_assisted_not_ground_truth,0,0,0,0,0,0,0,0,0,0,0
1.83,0,27,35.000000000004086,40,168,54,64,43,8.7399999999991991,858.99999999994907,SSSW,model_assisted_not_ground_truth,0,0,0,0,0,0,0,0,0,0,0
1.84,0,26.000000000003176,35.999999999996824,39.000000000003176,168,54,64.999999999996831,43,8.6300000000004928,852.0000000000656,SSSW,model_assisted_not_ground_truth,0,0,0,0,0,0,0,0,0,0,0
1.85,0,26.999999999997733,36,39.999999999997733,168,54,65,43,8.6899999999998627,859.99999999998192,SSSW,model_assisted_not_ground_truth,0,0,0,0,0,0,0,0,0,0,0
1.86,0,27,35.000000000001357,40,167.00000000000136,54,65,43,8.6000000000001222,837.00000000003115,SSSW,model_assisted_not_ground_truth,0,0,0,0,0,0,0,0,0,0,0
1.87,0,27,35.999999999999559,40,167,54,65,43,8.6899999999999586,857.49999999999091,SSSW,model_assisted_not_ground_truth,0,0,0,0,0,0,0,0,0,0,0
1.88,0,26.999999999999535,36,40,167.99999999999955,54,65.000000000000469,43,8.7799999999999763,877.99999999999534,SSSW,model_assisted_not_ground_truth,0,0,0,0,0,0,0,0,0,0,0
1.89,0,26.000000000001378,36,40,167,54,66,43,8.7299999999998761,868.00000000001376,SSSW,model_assisted_not_ground_truth,0,0,0,0,0,0,0,0,0,0,0
1.90,0,27,36,40,167,54,66,42.999999999997712,8.6399999999999082,877.99999999997942,SSSW,model_assisted_not_ground_truth,0,0,0,0,0,0,0,0,0,0,0
1.91,0,27,36,40,167,54,66,42.000000000003197,8.6000000000002554,869.00000000000318,SSSW,model_assisted_not_ground_truth,0,0,0,0,0,0,0,0,0,0,0
1.92,0,27,36,40,167,54,66,43,8.6800000000000406,869.99999999999181,SSSW,model_assisted_not_ground_truth,0,0,0,0,0,0,0,0,0,0,0
1.93,0,27,35.999999999995005,40,167,54,66,43,8.6899999999983013,867.99999999993008,SSSW,model_assisted_not_ground_truth,0,0,0,0,0,0,0,0,0,0,0
1.94,0,27,35.000000000005905,40,167,54,66,42.999999999994095,8.3500000000004135,854.00000000000887,SSSW,model_assisted_not_ground_truth,0,0,0,0,0,0,0,0,0,0,0
1.95,0,27,35.999999999995445,40,167,54,66,42.000000000004555,8.4200000000004778,855.50000000001023,SSSW,model_assisted_not_ground_truth,0,0,0,0,0,0,0,0,0,0,0
1.96,0,27,36,40,166.00000000000364,54,66,42.999999999996362,8.4900000000003875,856.9999999998995,SSSW,model_assisted_not_ground_truth,0,0,0,0,0,0,0,0,0,0,0
1.97,0,27,35.000000000002728,40,167.99999999999454,54,66,43,8.5400000000001715,843.99999999993088,SSSW,model_assisted_not_ground_truth,0,0,0,0,0,0,0,0,0,0,0
1.98,0,27,35.999999999998181,40,167.00000000000182,54,66,43,8.5599999999999632,836.00000000001455,SSSW,model_assisted_not_ground_truth,0,0,0,0,0,0,0,0,0,0,0
1.99,0,27,35.000000000000909,40,167,54,65.000000000000909,43,8.4600000000000914,844.99999999999181,SSSW,model_assisted_not_ground_truth,0,0,0,0,0,0,0,0,0,0,0
2.00,0,27,36,40,167,54,66,42,7.6399999999999997,789,SSSW,model_assisted_not_ground_truth,0,0,0,0,0,0,0,0,0,0,0
2.01,0,27,36,40,167,54,66,43,7.690000000000504,782.00000000004388,SSSW,model_assisted_not_ground_truth,0,0,0,0,0,0,0,0,0,0,0
2.02,0,27,35.999999999998181,40,167.00000000000182,54,66,43,8.2300000000000271,828.99999999999363,SSSW,model_assisted_not_ground_truth,0,0,0,0,0,0,0,0,0,0,0
2.03,0,27,35.000000000002757,40,167.99999999999724,54,66,43,8.2450000000000419,825.49999999999034,SSSW,model_assisted_not_ground_truth,0,0,0,0,0,0,0,0,0,0,0
2.04,0,27,35.999999999996355,40,166.99999999999636,54,66,42.999999999996355,8.2599999999983602,821.99999999986528,SSSW,model_assisted_not_ground_truth,0,0,0,0,0,0,0,0,0,0,0
2.05,0,27,35.000000000004533,40,166.00000000000907,54,66,42.000000000004533,7.809999999999909,784.99999999991394,SSSW,model_assisted_not_ground_truth,0,0,0,0,0,0,0,0,0,0,0
2.06,0,26.999999999994539,35.999999999994536,39.999999999994536,168,54,66,43,7.79000000000224,765.99999999995634,SSSW,model_assisted_not_ground_truth,0,0,0,0,0,0,0,0,0,0,0
2.07,0,26.000000000005016,35.000000000005016,39.000000000005016,168,54,66,43,8.1999999999996174,757.9999999999111,SSSW,model_assisted_not_ground_truth,0,0,0,0,0,0,0,0,0,0,0
2.08,0,26.999999999995914,34.000000000004086,39.999999999995914,168,54,66,43,8.1400000000017485,744.00000000017485,SSSW,model_assisted_not_ground_truth,0,0,0,0,0,0,0,0,0,0,0
2.09,0,27,35.999999999993605,40,168,54,66,43,8.3799999999997965,767.99999999996328,SSSW,model_assisted_not_ground_truth,0,0,0,0,0,0,0,0,0,0,0
2.10,0,27,35.000000000002267,40,167.00000000000227,54,66,43,8.3549999999999152,763.49999999998465,SSSW,model_assisted_not_ground_truth,0,0,0,0,0,0,0,0,0,0,0
2.11,0,27,35.999999999998622,40,167,54,66,43,8.3300000000000338,759.00000000000614,SSSW,model_assisted_not_ground_truth,0,0,0,0,0,0,0,0,0,0,0
2.12,0,27,35.000000000000441,40,167,54,66,43,8.1200000000000934,729.0000000000133,SSSW,model_assisted_not_ground_truth,0,0,0,0,0,0,0,0,0,0,0
2.13,0,27,35.999999999999552,40,167,54,66,43,8.1299999999998676,728.9999999999925,SSSW,model_assisted_not_ground_truth,0,0,0,0,0,0,0,0,0,0,0
2.14,0,27,35.000000000001378,40,167,54,66,43,7.8300000000001519,712.00000000001103,SSSW,model_assisted_not_ground_truth,0,0,0,0,0,0,0,0,0,0,0
2.15,0,27,35.999999999997733,40,167,54,66,43,7.9400000000000457,719.99999999999091,SSSW,model_assisted_not_ground_truth,0,0,0,0,0,0,0,0,0,0,0
2.16,0,27,35.000000000003197,40,167.00000000000321,54,66,43,7.959999999999936,716.00000000001921,SSSW,model_assisted_not_ground_truth,0,0,0,0,0,0,0,0,0,0,0
2.17,0,27,35.999999999995914,40,167.99999999999591,54,66,42.999999999995914,7.9400000000005111,721.99999999999795,SSSW,model_assisted_not_ground_truth,0,0,0,0,0,0,0,0,0,0,0
2.18,0,27,35.000000000005016,40,167,54,66,42.000000000005016,8.0650000000006266,721.4999999999975,SSSW,model_assisted_not_ground_truth,0,0,0,0,0,0,0,0,0,0,0
2.19,0,27,36,40,167,54,66,42.999999999994095,8.1900000000018895,721.00000000009447,SSSW,model_assisted_not_ground_truth,0,0,0,0,0,0,0,0,0,0,0
2.20,0,27,36,40,167,54,66,42.000000000004533,8.509999999999863,736.99999999992474,SSSW,model_assisted_not_ground_truth,0,0,0,0,0,0,0,0,0,0,0
2.21,0,26.000000000003642,35.000000000003638,40,167,53.000000000003638,66,42.999999999996362,8.4899999999989948,726.000000000255,SSSW,model_assisted_not_ground_truth,0,0,0,0,0,0,0,0,0,0,0
2.22,0,26.999999999997293,34.000000000002707,40,169.99999999999187,53.999999999997293,66,43,8.3599999999998271,758.99999999996533,SSSW,model_assisted_not_ground_truth,0,0,0,0,0,0,0,0,0,0,0
2.23,0,27,35.999999999996362,40,168.00000000000364,54,66,43,8.3400000000000354,755.00000000000728,SSSW,model_assisted_not_ground_truth,0,0,0,0,0,0,0,0,0,0,0
2.24,0,27,35.000000000000888,40,167.00000000000088,54,66,43,8.2900000000000436,745.00000000000887,SSSW,model_assisted_not_ground_truth,0,0,0,0,0,0,0,0,0,0,0
2.25,0,27,35,40,167,54,66,43,8.4900000000000002,764,SSSW,model_assisted_not_ground_truth,0,0,0,0,0,0,0,0,0,0,0
2.26,0,27,35.999999999998131,40,168.99999999999812,54,66,43,8.5699999999999257,749.00000000002331,SSSW,model_assisted_not_ground_truth,0,0,0,0,0,0,0,0,0,0,0
2.27,0,27,34.000000000003645,40,166.99999999999818,54,66,42.999999999998181,8.4899999999998546,774.00000000004547,SSSW,model_assisted_not_ground_truth,0,0,0,0,0,0,0,0,0,0,0
2.28,0,27,36,40,166.00000000000276,54,66,42.000000000002757,8.4100000000011015,799.00000000006332,SSSW,model_assisted_not_ground_truth,0,0,0,0,0,0,0,0,0,0,0
2.29,0,26.999999999996358,35.999999999996355,39.999999999996355,167,54,66,43,8.8100000000000378,821.99999999994168,SSSW,model_assisted_not_ground_truth,0,0,0,0,0,0,0,0,0,0,0
2.30,0,26.000000000004576,35.000000000004576,39.000000000004576,166.99999999999542,54,66,43,8.819999999999542,805.99999999989484,SSSW,model_assisted_not_ground_truth,0,0,0,0,0,0,0,0,0,0,0
2.31,0,27,35.999999999994536,40,166.00000000000546,54,66,43,8.7200000000001641,783.00000000040416,SSSW,model_assisted_not_ground_truth,0,0,0,0,0,0,0,0,0,0,0
2.32,0,27,35.000000000005016,40,166.99999999999497,54,66,43,8.7499999999998721,856.99999999996828,SSSW,model_assisted_not_ground_truth,0,0,0,0,0,0,0,0,0,0,0
2.33,0,27,35.999999999995914,40,167.99999999999591,54,66,43,8.7300000000000733,852.0000000000291,SSSW,model_assisted_not_ground_truth,0,0,0,0,0,0,0,0,0,0,0
2.34,0,27,36,40,166.00000000000639,54,66,43,8.7400000000000251,856.00000000001,SSSW,model_assisted_not_ground_truth,0,0,0,0,0,0,0,0,0,0,0
2.35,0,27,36,38.000000000004533,167.99999999999548,54,66,42.000000000002267,8.7499999999999769,859.99999999999091,SSSW,model_assisted_not_ground_truth,0,0,0,0,0,0,0,0,0,0,0
2.36,0,27,36,39.999999999997243,167.00000000000136,54,66,43.999999999997243,8.6700000000001101,842.00000000002478,SSSW,model_assisted_not_ground_truth,0,0,0,0,0,0,0,0,0,0,0
2.37,0,27,36,40,166.00000000000045,54,66,43.000000000000441,8.8199999999999328,875.99999999998488,SSSW,model_assisted_not_ground_truth,0,0,0,0,0,0,0,0,0,0,0
2.38,0,27,35.999999999999552,40,167.00000000000045,54,65.999999999999559,43,8.7399999999999771,863.00000000000671,SSSW,model_assisted_not_ground_truth,0,0,0,0,0,0,0,0,0,0,0
2.39,0,26.999999999998622,35,39.999999999998622,167.99999999999864,54,65.000000000001378,43,8.6899999999999444,877.99999999998897,SSSW,model_assisted_not_ground_truth,0,0,0,0,0,0,0,0,0,0,0
2.40,0,26.000000000002267,35,39.000000000002267,167,54,66,43,8.650000000000114,869.99999999998863,SSSW,model_assisted_not_ground_truth,0,0,0,0,0,0,0,0,0,0,0
2.41,0,27,35,40,167.00000000000321,54,66,43,8.7000000000000153,864.99999999999523,SSSW,model_assisted_not_ground_truth,0,0,0,0,0,0,0,0,0,0,0
2.42,0,27,35.000000000004086,40,167.99999999999591,54,66.000000000004093,43,8.7050000000000196,863.49999999999386,SSSW,model_assisted_not_ground_truth,0,0,0,0,0,0,0,0,0,0,0
2.43,0,27,36,40,166.9999999999975,54,66.999999999997485,42.999999999997492,8.709999999998546,861.99999999992474,SSSW,model_assisted_not_ground_truth,0,0,0,0,0,0,0,0,0,0,0
2.44,0,27,36,40,166.49999999999989,54,66.499999999999886,42.499999999999886,8.4200000000004138,847.00000000004729,SSSW,model_assisted_not_ground_truth,0,0,0,0,0,0,0,0,0,0,0
2.45,0,27,36,40,166.00000000000227,54,66.00000000000226,42.000000000002267,8.4900000000004106,854.99999999986323,SSSW,model_assisted_not_ground_truth,0,0,0,0,0,0,0,0,0,0,0
2.46,0,27,35.000000000003638,40,167.99999999999272,54,66.999999999996362,42,8.5500000000002334,835.00000000000773,SSSW,model_assisted_not_ground_truth,0,0,0,0,0,0,0,0,0,0,0
2.47,0,27,35,40,168,54,66.000000000002714,42.999999999997293,8.5800000000002594,835.9999999999394,SSSW,model_assisted_not_ground_truth,0,0,0,0,0,0,0,0,0,0,0
2.48,0,27,35,40,166.00000000000364,54,66,43,8.6099999999999444,829.00000000001273,SSSW,model_assisted_not_ground_truth,0,0,0,0,0,0,0,0,0,0,0
2.49,0,27,35,40,166,54,66.999999999999119,43,8.4500000000001414,836.99999999999295,SSSW,model_assisted_not_ground_truth,0,0,0,0,0,0,0,0,0,0,0
2.50,0,27,36,40,168,54,65,43,8.2599999999999998,817,SSSW,model_assisted_not_ground_truth,0,0,0,0,0,0,0,0,0,0,0
2.51,0,27,35.999999999999069,40,167.99999999999906,54,67,43,8.2499999999999911,821.00000000000375,SSSW,model_assisted_not_ground_truth,0,0,0,0,0,0,0,0,0,0,0
2.52,0,27,35.000000000001819,40.000000000001819,167,54,67,43,8.2399999999999096,824.99999999997635,SSSW,model_assisted_not_ground_truth,0,0,0,0,0,0,0,0,0,0,0
2.53,0,27,36,40.999999999997243,167,54,67,43.000000000002757,8.1899999999990349,811.99999999993122,SSSW,model_assisted_not_ground_truth,0,0,0,0,0,0,0,0,0,0,0
2.54,0,27,35.999999999996355,40,167,54,67,43.999999999996355,7.839999999999927,786.99999999997817,SSSW,model_assisted_not_ground_truth,0,0,0,0,0,0,0,0,0,0,0
2.55,0,26.999999999995424,35.000000000004576,40,167,53.999999999995424,67,43,7.8200000000012357,780.9999999999817,SSSW,model_assisted_not_ground_truth,0,0,0,0,0,0,0,0,0,0,0
2.56,0,26.000000000005461,36,40,167.00000000000546,53.000000000005464,67,43.000000000005464,8.0900000000006003,776.99999999987983,SSSW,model_assisted_not_ground_truth,0,0,0,0,0,0,0,0,0,0,0
2.57,0,26.999999999994984,36,40,167.99999999999497,53.999999999994984,67,43.999999999994984,8.2000000000001894,754.99999999999363,SSSW,model_assisted_not_ground_truth,0,0,0,0,0,0,0,0,0,0,0
2.58,0,27,36,40,168,54,67,42.000000000008171,8.2300000000002171,753.99999999999272,SSSW,model_assisted_not_ground_truth,0,0,0,0,0,0,0,0,0,0,0
2.59,0,27,35.000000000003197,40,168.99999999999682,54,67,42.999999999996803,8.2600000000009803,753.00000000011437,SSSW,model_assisted_not_ground_truth,0,0,0,0,0,0,0,0,0,0,0
2.60,0,27,35.999999999997733,40.999999999997733,168.00000000000227,54,67,43,8.379999999999729,766.99999999996828,SSSW,model_assisted_not_ground_truth,0,0,0,0,0,0,0,0,0,0,0
2.61,0,27,34.000000000002757,40.000000000001378,168,54,67,43,8.1000000000003851,728.00000000005366,SSSW,model_assisted_not_ground_truth,0,0,0,0,0,0,0,0,0,0,0
2.62,0,27,35.999999999999112,40,169.99999999999912,54,67,43,8.1899999999999586,732.99999999999773,SSSW,model_assisted_not_ground_truth,0,0,0,0,0,0,0,0,0,0,0
2.63,0,27,35.999999999999552,40.000000000000448,169,54,67,43,7.9100000000000135,717.99999999999773,SSSW,model_assisted_not_ground_truth,0,0,0,0,0,0,0,0,0,0,0
2.64,0,27,35.000000000001378,40.999999999998622,168.99999999999864,54,67,43,7.9400000000000146,713.00000000000068,SSSW,model_assisted_not_ground_truth,0,0,0,0,0,0,0,0,0,0,0
2.65,0,27,36,40,168.00000000000227,54,67,43,7.9500000000000224,713.50000000000114,SSSW,model_assisted_not_ground_truth,0,0,0,0,0,0,0,0,0,0,0
2.66,0,27,35.999999999993605,40,168.99999999999361,54,67,43,7.9600000000000319,714.00000000001921,SSSW,model_assisted_not_ground_truth,0,0,0,0,0,0,0,0,0,0,0
2.67,0,26.999999999995914,34.000000000008171,40,167,54,67,43.000000000004086,7.9700000000015523,720.00000000002046,SSSW,model_assisted_not_ground_truth,0,0,0,0,0,0,0,0,0,0,0
2.68,0,26,35.999999999994984,40,167.00000000000503,54,67,43.999999999994984,8.3500000000008026,725.00000000005014,SSSW,model_assisted_not_ground_truth,0,0,0,0,0,0,0,0,0,0,0
2.69,0,26.000000000005905,35.000000000005905,40,168.00000000000591,54,67,43,8.5099999999991134,735.00000000012994,SSSW,model_assisted_not_ground_truth,0,0,0,0,0,0,0,0,0,0,0
2.70,0,26.99999999999547,35.999999999995467,40,168.99999999999548,54,67,43,8.3599999999998627,756.99999999995214,SSSW,model_assisted_not_ground_truth,0,0,0,0,0,0,0,0,0,0,0
2.71,0,27,36,40,168.00000000000364,54,67,43,8.3399999999990726,749.99999999995362,SSSW,model_assisted_not_ground_truth,0,0,0,0,0,0,0,0,0,0,0
2.72,0,27,36,40,169.99999999999457,54,67,43,8.2200000000024254,744.0000000001819,SSSW,model_assisted_not_ground_truth,0,0,0,0,0,0,0,0,0,0,0
2.73,0,27,35.000000000001819,40.999999999998181,168.00000000000364,54,67,43,8.4999999999994902,764.9999999999618,SSSW,model_assisted_not_ground_truth,0,0,0,0,0,0,0,0,0,0,0
2.74,0,27,35.999999999999112,39.000000000001776,167.00000000000088,54,67,43,8.5249999999999773,756.5000000000075,SSSW,model_assisted_not_ground_truth,0,0,0,0,0,0,0,0,0,0,0
2.75,0,27,36,41,168,54,67,42,8.5500000000000007,748,SSSW,model_assisted_not_ground_truth,0,0,0,0,0,0,0,0,0,0,0
2.76,0,26.999999999999066,36,40,167.00000000000094,54,67,43.000000000000931,8.4299999999999997,808.99999999998977,SSSW,model_assisted_not_ground_truth,0,0,0,0,0,0,0,0,0,0,0
2.77,0,26.000000000001823,36,40,167.99999999999818,54,67,43.999999999998181,8.4300000000007103,798.00000000002547,SSSW,model_assisted_not_ground_truth,0,0,0,0,0,0,0,0,0,0,0
2.78,0,26.999999999997247,35.999999999994493,39.999999999997243,167,54,67,43.000000000002757,8.8199999999998351,811.99999999992292,SSSW,model_assisted_not_ground_truth,0,0,0,0,0,0,0,0,0,0,0
2.79,0,26.000000000003642,34.000000000007283,39.000000000007283,167.00000000000364,54,67,43.999999999996355,8.7600000000001454,784.00000000026216,SSSW,model_assisted_not_ground_truth,0,0,0,0,0,0,0,0,0,0,0
2.80,0,27,35.999999999995424,40.999999999995424,168,54,67,43,8.7999999999990397,855.99999999989939,SSSW,model_assisted_not_ground_truth,0,0,0,0,0,0,0,0,0,0,0
2.81,0,27,35.000000000005464,40,168,54,67,43,8.5900000000004635,834.00000000006287,SSSW,model_assisted_not_ground_truth,0,0,0,0,0,0,0,0,0,0,0
2.82,0,27,35.999999999994984,40,168,54,67,43,8.6750000000005389,845.50000000007299,SSSW,model_assisted_not_ground_truth,0,0,0,0,0,0,0,0,0,0,0
2.83,0,27,36,40,168,54,67,43,8.7599999999995628,856.99999999988347,SSSW,model_assisted_not_ground_truth,0,0,0,0,0,0,0,0,0,0,0
2.84,0,26.000000000003197,34.000000000006395,40,168,53.000000000003197,67,43,8.7000000000003261,840.99999999997544,SSSW,model_assisted_not_ground_truth,0,0,0,0,0,0,0,0,0,0,0
2.85,0,26.999999999997733,35.999999999995467,40,166.00000000000452,53.999999999997733,67,43.999999999997733,8.7399999999999096,838.00000000000682,SSSW,model_assisted_not_ground_truth,0,0,0,0,0,0,0,0,0,0,0
2.86,0,27,36,40,166,54,66.000000000001378,42.000000000002757,8.8299999999998757,871.99999999995316,SSSW,model_assisted_not_ground_truth,0,0,0,0,0,0,0,0,0,0,0
2.87,0,27,36,40.999999999999559,166.99999999999955,54,66,42.999999999999559,8.6600000000000747,874.99999999999864,SSSW,model_assisted_not_ground_truth,0,0,0,0,0,0,0,0,0,0,0
2.88,0,27,36,40,166.99999999999955,54,66.999999999999559,43,8.6700000000000177,872.99999999999648,SSSW,model_assisted_not_ground_truth,0,0,0,0,0,0,0,0,0,0,0
2.89,0,26.999999999998622,35.999999999997243,40,166.00000000000136,54,66,43.000000000001378,8.7100000000000009,864.99999999999795,SSSW,model_assisted_not_ground_truth,0,0,0,0,0,0,0,0,0,0,0
2.90,0,26.00000000000453,34.000000000004533,40,167,54,65.999999999977348,43.999999999997733,8.7100000000000009,863.49999999999659,SSSW,model_assisted_not_ground_truth,0,0,0,0,0,0,0,0,0,0,0
2.91,0,28,36,40,167,54,56,43,8.7099999999993614,861.99999999998397,SSSW,model_assisted_not_ground_truth,0,0,0,0,0,0,0,0,0,0,0
2.92,0,28,36,40,167,54,56,43,8.5099999999999589,856.99999999999591,SSSW,model_assisted_not_ground_truth,0,0,0,0,0,0,0,0,0,0,0
2.93,0,27.99999999999498,36,40,167,54,56,43.000000000005016,8.500000000000302,855.99999999986949,SSSW,model_assisted_not_ground_truth,0,0,0,0,0,0,0,0,0,0,0
2.94,0,27.000000000005905,36,40.000000000005905,167,54,55.999999999994095,43.999999999994095,8.5600000000000005,830.00000000003547,SSSW,model_assisted_not_ground_truth,0,0,0,0,0,0,0,0,0,0,0
2.95,0,27.99999999999547,36,40.999999999995467,167,54,55.000000000004533,43.000000000004533,8.5600000000002066,835.99999999995896,SSSW,model_assisted_not_ground_truth,0,0,0,0,0,0,0,0,0,0,0
2.96,0,28,36,40.000000000003638,167,54,55.999999999996362,42.000000000003638,8.5899999999993817,830.00000000003092,SSSW,model_assisted_not_ground_truth,0,0,0,0,0,0,0,0,0,0,0
2.97,0,28,34.000000000005414,40,167,54,55.000000000002707,42.999999999997293,8.5099999999997618,834.00000000001194,SSSW,model_assisted_not_ground_truth,0,0,0,0,0,0,0,0,0,0,0
2.98,0,27.000000000001819,35.999999999996362,40,167.99999999999818,54,55,43,8.4300000000001454,837.99999999999272,SSSW,model_assisted_not_ground_truth,0,0,0,0,0,0,0,0,0,0,0
2.99,0,27.999999999999112,34.000000000001776,40,168.99999999999912,54,55,43,8.4100000000000179,829.00000000000796,SSSW,model_assisted_not_ground_truth,0,0,0,0,0,0,0,0,0,0,0
3.00,0,27,36,40,168,54,55,44,7.54,747,SSSW,model_assisted_not_ground_truth,0,0,0,0,0,0,0,0,0,0,0
3.01,0,29,36,40,166.00000000000094,54,55,42,8.2299999999996079,816.9999999999701,SSSW,model_assisted_not_ground_truth,0,0,0,0,0,0,0,0,0,0,0
3.02,0,29,36,40,167,54,55,42.000000000001819,7.8099999999999996,784.99999999999272,SSSW,model_assisted_not_ground_truth,0,0,0,0,0,0,0,0,0,0,0
3.03,0,29,36,40,167.00000000000276,54,55,43,7.8100000000000822,780.99999999994498,SSSW,model_assisted_not_ground_truth,0,0,0,0,0,0,0,0,0,0,0
3.04,0,29,36,40,168,54,55,43,7.8400000000006376,760.99999999998909,SSSW,model_assisted_not_ground_truth,0,0,0,0,0,0,0,0,0,0,0
3.05,0,29,35.999999999990848,40,168,54,55,43,8.0150000000007999,757.99999999998624,SSSW,model_assisted_not_ground_truth,0,0,0,0,0,0,0,0,0,0,0
3.06,0,29,34,40,168,54,55,43,8.1900000000001629,754.99999999996726,SSSW,model_assisted_not_ground_truth,0,0,0,0,0,0,0,0,0,0,0
3.07,0,29,34,40,168,54,55,43,8.2200000000010238,749.00000000011516,SSSW,model_assisted_not_ground_truth,0,0,0,0,0,0,0,0,0,0,0
3.08,0,29,34,40,167.00000000000409,54,55,43,8.3799999999991996,766.99999999989075,SSSW,model_assisted_not_ground_truth,0,0,0,0,0,0,0,0,0,0,0
3.09,0,29,34,40,167.99999999999682,54,55,43,8.2699999999989373,751.99999999981208,SSSW,model_assisted_not_ground_truth,0,0,0,0,0,0,0,0,0,0,0
3.10,0,29,34,40,168,54,55,43.999999999997733,8.1400000000002954,729.00000000005207,SSSW,model_assisted_not_ground_truth,0,0,0,0,0,0,0,0,0,0,0
3.11,0,29,35.999999999997243,40,168.99999999999864,54,55,43.000000000001378,7.9600000000002478,726.00000000000409,SSSW,model_assisted_not_ground_truth,0,0,0,0,0,0,0,0,0,0,0
3.12,0,28.000000000000444,36,39.000000000000441,169,54,55,43.999999999999559,7.900000000000027,717.00000000000398,SSSW,model_assisted_not_ground_truth,0,0,0,0,0,0,0,0,0,0,0
3.13,0,29,35.999999999999112,40,168.99999999999912,54,55,43,7.9050000000000029,716.49999999999977,SSSW,model_assisted_not_ground_truth,0,0,0,0,0,0,0,0,0,0,0
3.14,0,29,34,40,167.00000000000136,54,55,43,7.9100000000000277,715.99999999999727,SSSW,model_assisted_not_ground_truth,0,0,0,0,0,0,0,0,0,0,0
3.15,0,29,34.000000000004533,40,168,54,55.000000000002267,43,7.9300000000000228,714.00000000001808,SSSW,model_assisted_not_ground_truth,0,0,0,0,0,0,0,0,0,0,0
3.16,0,29,35.999999999996803,40,167.99999999999679,54,55.999999999996803,43,7.9400000000012154,722.00000000000318,SSSW,model_assisted_not_ground_truth,0,0,0,0,0,0,0,0,0,0,0
3.17,0,29,35.000000000004086,40.000000000004086,167,54,55,43,8.320000000000654,723.00000000004081,SSSW,model_assisted_not_ground_truth,0,0,0,0,0,0,0,0,0,0,0
3.18,0,28.99999999999498,36,40.99999999998996,167,54,55,43,8.479999999998947,733.00000000011039,SSSW,model_assisted_not_ground_truth,0,0,0,0,0,0,0,0,0,0,0
3.19,0,28.000000000005905,35.999999999988191,39.000000000011809,167,54,55,43.000000000005905,8.2700000000003548,754.99999999997635,SSSW,model_assisted_not_ground_truth,0,0,0,0,0,0,0,0,0,0,0
3.20,0,28.99999999999547,34.000000000009059,40.999999999990941,167,54,55,43.999999999995467,8.3300000000003429,751.00000000005468,SSSW,model_assisted_not_ground_truth,0,0,0,0,0,0,0,0,0,0,0
3.21,0,29,35.999999999992717,41,167.99999999999636,54,55,43.000000000003638,8.3800000000003863,759.00000000006185,SSSW,model_assisted_not_ground_truth,0,0,0,0,0,0,0,0,0,0,0
3.22,0,29,36,40.000000000002707,168,54,55,43,8.4300000000003461,766.99999999996533,SSSW,model_assisted_not_ground_truth,0,0,0,0,0,0,0,0,0,0,0
3.23,0,29,36,40.499999999999091,167.50000000000091,54,55,42.500000000000909,8.4699999999999278,763.00000000000728,SSSW,model_assisted_not_ground_truth,0,0,0,0,0,0,0,0,0,0,0
3.24,0,29,36,40.999999999999559,167.00000000000045,54,55,42.000000000000441,8.539999999999937,745.00000000001603,SSSW,model_assisted_not_ground_truth,0,0,0,0,0,0,0,0,0,0,0
3.25,0,29,35,41,167,54,55,42.5,8.4199999999999999,812,SSSW,model_assisted_not_ground_truth,0,0,0,0,0,0,0,0,0,0,0
3.26,0,29,34.000000000001869,41,167,54,55,43,8.4000000000003645,797.0000000000158,SSSW,model_assisted_not_ground_truth,0,0,0,0,0,0,0,0,0,0,0
3.27,0,28.999999999996358,35.999999999996355,41,167,54,55.000000000001819,43.000000000001819,8.7899999999999441,813.99999999995271,SSSW,model_assisted_not_ground_truth,0,0,0,0,0,0,0,0,0,0,0
3.28,0,27.000000000005507,34,41,167,54,56,44,8.760000000000014,788.00000000009641,SSSW,model_assisted_not_ground_truth,0,0,0,0,0,0,0,0,0,0,0
3.29,0,29,34.000000000007283,41,167.00000000000728,54,55.999999999996355,43.999999999996355,8.7650000000000183,823.00000000012744,SSSW,model_assisted_not_ground_truth,0,0,0,0,0,0,0,0,0,0,0
3.30,0,29,35.999999999990848,41,168.99999999999542,54,55.000000000004576,43,8.7699999999994507,857.99999999992679,SSSW,model_assisted_not_ground_truth,0,0,0,0,0,0,0,0,0,0,0
3.31,0,29,34.000000000010921,40.999999999994536,167.99999999999454,54,56,43,8.650000000000329,842.00000000004911,SSSW,model_assisted_not_ground_truth,0,0,0,0,0,0,0,0,0,0,0
3.32,0,29,35.999999999990052,40.000000000004974,167.00000000000497,54,56,43,8.7099999999997451,850.99999999993599,SSSW,model_assisted_not_ground_truth,0,0,0,0,0,0,0,0,0,0,0
3.33,0,28.000000000004086,34.000000000008171,40.999999999995914,167.99999999999591,54,56,43,8.6700000000000728,840.99999999994168,SSSW,model_assisted_not_ground_truth,0,0,0,0,0,0,0,0,0,0,0
3.34,0,28,34,41,167.00000000000318,53.000000000003197,56,43,8.6800000000011437,833.00000000033504,SSSW,model_assisted_not_ground_truth,0,0,0,0,0,0,0,0,0,0,0
3.35,0,28,35.999999999995467,41,167.99999999999773,53.999999999997733,56,43,8.8199999999996841,873.99999999990712,SSSW,model_assisted_not_ground_truth,0,0,0,0,0,0,0,0,0,0,0
3.36,0,28,36,41,168,54,56,43,8.7600000000000833,864.00000000001376,SSSW,model_assisted_not_ground_truth,0,0,0,0,0,0,0,0,0,0,0
3.37,0,28,34.000000000000888,41,168,54,56,43,8.7100000000000222,867.99999999999818,SSSW,model_assisted_not_ground_truth,0,0,0,0,0,0,0,0,0,0,0
3.38,0,28,36,41,167.99999999999955,54,56.000000000000448,43,8.6599999999999646,871.99999999999159,SSSW,model_assisted_not_ground_truth,0,0,0,0,0,0,0,0,0,0,0
3.39,0,27.999999999998622,35.999999999997243,40.999999999998622,167.00000000000276,54,57.000000000005507,43.000000000001378,8.5800000000001795,853.00000000001376,SSSW,model_assisted_not_ground_truth,0,0,0,0,0,0,0,0,0,0,0
3.40,0,27,34,40,168.99999999999773,54,61.000000000002267,43.999999999997733,8.709999999999253,862.99999999997056,SSSW,model_assisted_not_ground_truth,0,0,0,0,0,0,0,0,0,0,0
3.41,0,27,34.000000000006395,40,168.00000000000321,54,62.000000000003197,43.000000000003197,8.3800000000003845,850,SSSW,model_assisted_not_ground_truth,0,0,0,0,0,0,0,0,0,0,0
3.42,0,27.000000000004086,36,40.000000000004086,168.99999999999591,54,63,43.999999999995914,8.5000000000000409,850,SSSW,model_assisted_not_ground_truth,0,0,0,0,0,0,0,0,0,0,0
3.43,0,28,36,41,168,54,63,43,8.5100000000000495,849.99999999989961,SSSW,model_assisted_not_ground_truth,0,0,0,0,0,0,0,0,0,0,0
3.44,0,28,36,41,168.00000000000591,54,63.000000000005905,43,8.520000000000147,830.00000000001182,SSSW,model_assisted_not_ground_truth,0,0,0,0,0,0,0,0,0,0,0
3.45,0,28,36,41,168.99999999999548,54,63.999999999995467,43,8.5450000000001705,832.00000000001364,SSSW,model_assisted_not_ground_truth,0,0,0,0,0,0,0,0,0,0,0
3.46,0,28,36,41,169,54,64,43,8.5700000000003094,833.99999999995362,SSSW,model_assisted_not_ground_truth,0,0,0,0,0,0,0,0,0,0,0
3.47,0,28,36,39.000000000005414,169,54,64,43,8.6099999999983545,828.00000000007799,SSSW,model_assisted_not_ground_truth,0,0,0,0,0,0,0,0,0,0,0
3.48,0,28,35.000000000001819,40.999999999996362,169.99999999999818,54,64,43.999999999998181,8.4200000000003463,836.99999999998363,SSSW,model_assisted_not_ground_truth,0,0,0,0,0,0,0,0,0,0,0
3.49,0,28,35.999999999999112,41,169.00000000000088,54,64,43.000000000000888,8.3700000000000436,827.00000000000887,SSSW,model_assisted_not_ground_truth,0,0,0,0,0,0,0,0,0,0,0
3.50,0,28,36,41,169,54,65,43,7.46,774,SSSW,model_assisted_not_ground_truth,0,0,0,0,0,0,0,0,0,0,0
3.51,0,28,36,40.000000000000931,168,54,65,42.999999999999069,8.1299999999996828,808.99999999997385,SSSW,model_assisted_not_ground_truth,0,0,0,0,0,0,0,0,0,0,0
3.52,0,28,35.999999999999091,41,168.00000000000091,54,65,42.000000000000909,7.7900000000000276,780.99999999997726,SSSW,model_assisted_not_ground_truth,0,0,0,0,0,0,0,0,0,0,0
3.53,0,28,35.499999999998622,41,168.50000000000136,54,65,42.500000000001378,7.8050000000000415,768.49999999996555,SSSW,model_assisted_not_ground_truth,0,0,0,0,0,0,0,0,0,0,0
3.54,0,28,34.999999999996355,40.999999999996355,169,54,65,43.000000000003645,7.820000000001202,755.99999999998909,SSSW,model_assisted_not_ground_truth,0,0,0,0,0,0,0,0,0,0,0
3.55,0,27.999999999995424,34,40.000000000004576,168.99999999999542,54,65,44,8.1500000000001833,753.00000000000455,SSSW,model_assisted_not_ground_truth,0,0,0,0,0,0,0,0,0,0,0
3.56,0,27.000000000005461,34,41,168,54,65,43.999999999989079,8.1900000000009836,754.00000000006014,SSSW,model_assisted_not_ground_truth,0,0,0,0,0,0,0,0,0,0,0
3.57,0,27.999999999995026,34,41,168,54,65,42.000000000009948,8.3699999999999992,765.00000000000637,SSSW,model_assisted_not_ground_truth,0,0,0,0,0,0,0,0,0,0,0
3.58,0,27.000000000004086,34,40.000000000004086,168.99999999999591,54,65,42.999999999995914,8.3699999999982513,765.99999999975239,SSSW,model_assisted_not_ground_truth,0,0,0,0,0,0,0,0,0,0,0
3.59,0,27.999999999996803,35.999999999993605,40.999999999996803,169,54,65,42.000000000003197,8.1299999999999599,731.99999999997954,SSSW,model_assisted_not_ground_truth,0,0,0,0,0,0,0,0,0,0,0
3.60,0,28,36,40.000000000002267,169,54,65,42.999999999997733,8.1249999999999822,729.49999999999147,SSSW,model_assisted_not_ground_truth,0,0,0,0,0,0,0,0,0,0,0
3.61,0,28,36,40,169,54,65,43.999999999998622,8.1200000000000063,727.00000000000341,SSSW,model_assisted_not_ground_truth,0,0,0,0,0,0,0,0,0,0,0
3.62,0,28,34.000000000000888,40.999999999999559,169.99999999999955,54,65,43.000000000000441,7.8400000000001242,711.00000000000705,SSSW,model_assisted_not_ground_truth,0,0,0,0,0,0,0,0,0,0,0
3.63,0,28,36,40.000000000000448,170,54,66,43,7.9200000000000088,714.00000000000307,SSSW,model_assisted_not_ground_truth,0,0,0,0,0,0,0,0,0,0,0
3.64,0,28,36,41,170,54,66,43,7.9400000000000421,721.00000000000136,SSSW,model_assisted_not_ground_truth,0,0,0,0,0,0,0,0,0,0,0
3.65,0,28,36,40.999999999997733,170,54,66,43,7.9699999999999767,721.99999999998636,SSSW,model_assisted_not_ground_truth,0,0,0,0,0,0,0,0,0,0,0
3.66,0,28,35.999999999993605,40.000000000003197,169.99999999999679,54,66,43,7.9600000000017266,716.00000000006071,SSSW,model_assisted_not_ground_truth,0,0,0,0,0,0,0,0,0,0,0
3.67,0,28,34.000000000008171,41,169.00000000000409,54,66,43,8.5000000000000213,734.99999999998363,SSSW,model_assisted_not_ground_truth,0,0,0,0,0,0,0,0,0,0,0
3.68,0,28,36,40.999999999994984,169.99999999999497,54,66,43,8.5050000000000257,730.99999999997988,SSSW,model_assisted_not_ground_truth,0,0,0,0,0,0,0,0,0,0,0
3.69,0,27.999999999994095,36,40,169,54,66,43.000000000005905,8.5099999999989961,727.00000000017133,SSSW,model_assisted_not_ground_truth,0,0,0,0,0,0,0,0,0,0,0
3.70,0,27.00000000000453,36,40,169,54,66,43.999999999995467,8.3399999999997938,755.99999999993156,SSSW,model_assisted_not_ground_truth,0,0,0,0,0,0,0,0,0,0,0
3.71,0,27.999999999996358,36,40.999999999996362,169,54,66,43.000000000003638,8.3099999999995369,745.99999999996908,SSSW,model_assisted_not_ground_truth,0,0,0,0,0,0,0,0,0,0,0
3.72,0,28,36,41,168.0000000000027,54,66,43,8.2500000000020783,742.00000000019918,SSSW,model_assisted_not_ground_truth,0,0,0,0,0,0,0,0,0,0,0
3.73,0,28,36,40.000000000001819,168.99999999999818,54,66,43,8.4899999999995632,764.99999999995816,SSSW,model_assisted_not_ground_truth,0,0,0,0,0,0,0,0,0,0,0
3.74,0,28,34.000000000001776,40,169.99999999999912,54,66,43,8.4999999999999911,757.00000000000705,SSSW,model_assisted_not_ground_truth,0,0,0,0,0,0,0,0,0,0,0
3.75,0,27,35,39,170,54,66,44,8.4000000000000004,809,SSSW,model_assisted_not_ground_truth,0,0,0,0,0,0,0,0,0,0,0
3.76,0,28,35.999999999998131,41,169.00000000000188,54,66,43,8.4000000000000004,805.4999999999967,SSSW,model_assisted_not_ground_truth,0,0,0,0,0,0,0,0,0,0,0
3.77,0,28,34.000000000001819,41,170.99999999999818,54,66,43,8.4000000000008193,802.00000000003638,SSSW,model_assisted_not_ground_truth,0,0,0,0,0,0,0,0,0,0,0
3.78,0,27.999999999997247,34.999999999997243,40.999999999997243,169.99999999999724,54,66,43.000000000002757,8.8499999999997794,821.9999999999394,SSSW,model_assisted_not_ground_truth,0,0,0,0,0,0,0,0,0,0,0
3.79,0,27,34.000000000007283,40.000000000003645,169,54,66,43.999999999996355,8.7700000000000369,800.00000000020395,SSSW,model_assisted_not_ground_truth,0,0,0,0,0,0,0,0,0,0,0
3.80,0,27.000000000004576,35.999999999990848,41,169,54,66,43,8.7799999999998164,855.9999999999726,SSSW,model_assisted_not_ground_truth,0,0,0,0,0,0,0,0,0,0,0
3.81,0,28,34,41,169.00000000000546,54,66,43,8.7400000000000553,850.00000000004911,SSSW,model_assisted_not_ground_truth,0,0,0,0,0,0,0,0,0,0,0
3.82,0,28,34,41,169.99999999999503,54,66,43,8.7499999999994884,858.99999999987847,SSSW,model_assisted_not_ground_truth,0,0,0,0,0,0,0,0,0,0,0
3.83,0,28,35.999999999991829,40.000000000004086,169.00000000000409,54,66,42.000000000004086,8.6700000000005097,840.00000000012017,SSSW,model_assisted_not_ground_truth,0,0,0,0,0,0,0,0,0,0,0
3.84,0,28,36,40.999999999996803,169.99999999999682,54,66,42.999999999996803,8.7400000000001743,856.50000000004104,SSSW,model_assisted_not_ground_truth,0,0,0,0,0,0,0,0,0,0,0
3.85,0,28,36,41,170,54,66,43,8.8099999999998424,872.9999999999626,SSSW,model_assisted_not_ground_truth,0,0,0,0,0,0,0,0,0,0,0
3.86,0,28,34.000000000002757,40.000000000001378,169.00000000000136,54,66,43,8.7900000000000276,869.00000000000546,SSSW,model_assisted_not_ground_truth,0,0,0,0,0,0,0,0,0,0,0
3.87,0,28,35.999999999999112,40.999999999999559,170.99999999999912,54,66,42.000000000000441,8.7700000000000085,862.00000000000307,SSSW,model_assisted_not_ground_truth,0,0,0,0,0,0,0,0,0,0,0
3.88,0,28,34,40.999999999999552,170.99999999999912,54,66,43.000000000000448,8.6599999999999913,871.99999999999818,SSSW,model_assisted_not_ground_truth,0,0,0,0,0,0,0,0,0,0,0
3.89,0,28,34,40.000000000001378,169.00000000000412,54,66,43.999999999998622,8.6400000000000965,867.99999999999591,SSSW,model_assisted_not_ground_truth,0,0,0,0,0,0,0,0,0,0,0
3.90,0,27.999999999997733,34,40.999999999995467,172,54,66,43.000000000002267,8.7099999999999334,864.99999999998863,SSSW,model_assisted_not_ground_truth,0,0,0,0,0,0,0,0,0,0,0
3.91,0,27.000000000003197,34,39.000000000006395,171.99999999998721,54,66,43.999999999996803,8.679999999999696,859.99999999999045,SSSW,model_assisted_not_ground_truth,0,0,0,0,0,0,0,0,0,0,0
3.92,0,27.999999999995914,34.000000000008171,40.999999999991829,168.00000000000819,54,66,43.000000000004086,8.5849999999996118,856.99999999998772,SSSW,model_assisted_not_ground_truth,0,0,0,0,0,0,0,0,0,0,0
3.93,0,27.00000000000502,36,39.00000000001004,170.00000000000503,54,66,43.999999999994984,8.4900000000001512,853.99999999992974,SSSW,model_assisted_not_ground_truth,0,0,0,0,0,0,0,0,0,0,0
3.94,0,28,36,41,170.99999999999409,54,66,42.999999999994095,8.5200000000001772,839.99999999997635,SSSW,model_assisted_not_ground_truth,0,0,0,0,0,0,0,0,0,0,0
3.95,0,28,36,41,170.00000000000452,54,66,42.000000000004533,8.5500000000002068,836,SSSW,model_assisted_not_ground_truth,0,0,0,0,0,0,0,0,0,0,0
3.96,0,27.000000000003642,36,41,170,53.000000000003638,66,42.999999999996362,8.5800000000001546,835.99999999993815,SSSW,model_assisted_not_ground_truth,0,0,0,0,0,0,0,0,0,0,0
3.97,0,27.999999999997293,36,41,169.0000000000027,53.999999999997293,66,43,8.5999999999983547,828.00000000006924,SSSW,model_assisted_not_ground_truth,0,0,0,0,0,0,0,0,0,0,0
3.98,0,27.000000000001819,35.000000000001819,39.000000000003638,169,54,66,43.999999999998181,8.4100000000003465,835.99999999998545,SSSW,model_assisted_not_ground_truth,0,0,0,0,0,0,0,0,0,0,0
3.99,0,27.999999999999112,35.999999999999112,40.999999999998224,169,54,66,43.000000000000888,8.419999999999991,833.50000000000227,SSSW,model_assisted_not_ground_truth,0,0,0,0,0,0,0,0,0,0,0
4.00,0,28,36,41,171,54,66,43,8.4299999999999997,831,SSSW,model_assisted_not_ground_truth,0,0,0,0,0,0,0,0,0,0,0
4.01,0,28,36,41,168.99999999999912,54,66,43,7.4500000000007107,773.00000000004002,SSSW,model_assisted_not_ground_truth,0,0,0,0,0,0,0,0,0,0,0
4.02,0,28,35.99999999999627,41,168.00000000000188,54,66,42.999999999998131,8.2499999999991598,817.99999999993281,SSSW,model_assisted_not_ground_truth,0,0,0,0,0,0,0,0,0,0,0
4.03,0,28,34,41,169,54,66,42.000000000002757,7.8000000000000274,781.99999999998624,SSSW,model_assisted_not_ground_truth,0,0,0,0,0,0,0,0,0,0,0
4.04,0,28,34.000000000003645,41,169,54,66,43,7.8100000000000724,776.99999999994168,SSSW,model_assisted_not_ground_truth,0,0,0,0,0,0,0,0,0,0,0
4.05,0,28,34.999999999995467,41,169.00000000000452,54,66.000000000004533,43,7.8300000000016761,760.99999999996373,SSSW,model_assisted_not_ground_truth,0,0,0,0,0,0,0,0,0,0,0
4.06,0,28,34.000000000011013,41,170,54,67,43,8.2000000000000544,752.99999999998352,SSSW,model_assisted_not_ground_truth,0,0,0,0,0,0,0,0,0,0,0
4.07,0,28,35.999999999990052,41,170,54,67,43,8.2100000000005444,750.00000000004161,SSSW,model_assisted_not_ground_truth,0,0,0,0,0,0,0,0,0,0,0
4.08,0,28,35.000000000004086,41,168.00000000000819,54,67,43,8.2950000000006199,756.50000000004729,SSSW,model_assisted_not_ground_truth,0,0,0,0,0,0,0,0,0,0,0
4.09,0,27.000000000003197,35.999999999996803,40.000000000003197,169.99999999999361,54,67,43.999999999996803,8.3799999999997556,762.99999999998363,SSSW,model_assisted_not_ground_truth,0,0,0,0,0,0,0,0,0,0,0
4.10,0,27.999999999997691,34.000000000004619,40.999999999997691,169.0000000000023,54,67,43.000000000002309,8.3500000000000689,761.00000000000466,SSSW,model_assisted_not_ground_truth,0,0,0,0,0,0,0,0,0,0,0
4.11,0,28,35.999999999997335,41,168.00000000000134,54,67,43,8.1300000000002939,727.00000000004525,SSSW,model_assisted_not_ground_truth,0,0,0,0,0,0,0,0,0,0,0
4.12,0,28,35.000000000000441,41,168,54,67,43,8.1000000000000121,725.00000000000091,SSSW,model_assisted_not_ground_truth,0,0,0,0,0,0,0,0,0,0,0
4.13,0,28,35.000000000000448,41,169,54,67,43,7.890000000000013,713.00000000000091,SSSW,model_assisted_not_ground_truth,0,0,0,0,0,0,0,0,0,0,0
4.14,0,28,35.999999999998664,41,169,54,67,43,7.920000000000007,714.99999999999795,SSSW,model_assisted_not_ground_truth,0,0,0,0,0,0,0,0,0,0,0
4.15,0,28,34.999999999997691,41,169,54,67,43,7.9250000000000114,713.49999999999659,SSSW,model_assisted_not_ground_truth,0,0,0,0,0,0,0,0,0,0,0
4.16,0,28,34.000000000006395,41,169,54,67,42.999999999996803,7.9300000000000317,712.00000000001921,SSSW,model_assisted_not_ground_truth,0,0,0,0,0,0,0,0,0,0,0
4.17,0,28,35.999999999991829,41,169.00000000000409,54,67,42.000000000004086,7.9400000000008584,717.99999999999591,SSSW,model_assisted_not_ground_truth,0,0,0,0,0,0,0,0,0,0,0
4.18,0,27.999999999995026,34,41,170.00000000000497,54,67,43.000000000004974,8.1500000000016417,717.00000000006969,SSSW,model_assisted_not_ground_truth,0,0,0,0,0,0,0,0,0,0,0
4.19,0,27.000000000005951,34.000000000005947,41,170.99999999998809,54,67,43.999999999988098,8.4800000000001194,730.9999999999643,SSSW,model_assisted_not_ground_truth,0,0,0,0,0,0,0,0,0,0,0
4.20,0,27.99999999999547,34.999999999995467,41,169.00000000000907,54,67,42.000000000009059,8.4999999999991793,725.0000000000889,SSSW,model_assisted_not_ground_truth,0,0,0,0,0,0,0,0,0,0,0
4.21,0,27.000000000003642,35.999999999996362,40.000000000003638,169.99999999999636,54,67,43.999999999992717,8.3799999999980681,738.00000000000773,SSSW,model_assisted_not_ground_truth,0,0,0,0,0,0,0,0,0,0,0
4.22,0,27.999999999997247,34.000000000005507,40.999999999997243,170,54,67,44,8.1300000000015942,739.00000000007321,SSSW,model_assisted_not_ground_truth,0,0,0,0,0,0,0,0,0,0,0
4.23,0,28,35.999999999996447,41,170,54,67,44,8.3150000000007225,747.5000000000332,SSSW,model_assisted_not_ground_truth,0,0,0,0,0,0,0,0,0,0,0
4.24,0,28,34.000000000001776,41,170,54,67,44,8.4999999999998366,755.9999999999925,SSSW,model_assisted_not_ground_truth,0,0,0,0,0,0,0,0,0,0,0
4.25,0,28,36,41,171,54,67,43,8.5500000000000007,739,SSSW,model_assisted_not_ground_truth,0,0,0,0,0,0,0,0,0,0,0
4.26,0,28,36,41,171,54,67,43.000000000000888,8.4299999999999375,808.99999999998931,SSSW,model_assisted_not_ground_truth,0,0,0,0,0,0,0,0,0,0,0
4.27,0,28,35.999999999998131,41,171.00000000000188,54,67,44,8.3600000000008201,797.00000000004104,SSSW,model_assisted_not_ground_truth,0,0,0,0,0,0,0,0,0,0,0
4.28,0,28,35,41,172,54,67,44,8.7999999999999723,818.99999999994213,SSSW,model_assisted_not_ground_truth,0,0,0,0,0,0,0,0,0,0,0
4.29,0,27.999999999998177,35.000000000001819,40.999999999998181,171.99999999999818,53.999999999998181,67,44,8.7899999999999618,798.00000000020759,SSSW,model_assisted_not_ground_truth,0,0,0,0,0,0,0,0,0,0,0
4.30,0,27.499999999997733,35.500000000002267,40.499999999997733,171.49999999999773,53.499999999997733,67,44,8.7799999999998182,854.99999999998192,SSSW,model_assisted_not_ground_truth,0,0,0,0,0,0,0,0,0,0,0
4.31,0,27.000000000005507,35.999999999994493,40.000000000005507,171,53.000000000005507,67,44,8.7399999999997782,850.99999999997794,SSSW,model_assisted_not_ground_truth,0,0,0,0,0,0,0,0,0,0,0
4.32,0,27.999999999995026,35.000000000004974,40.999999999995026,171,53.999999999995026,67,44,8.700000000000319,847.00000000007674,SSSW,model_assisted_not_ground_truth,0,0,0,0,0,0,0,0,0,0,0
4.33,0,28,35.999999999995914,41,171,54,67,44,8.7499999999994174,858.99999999989075,SSSW,model_assisted_not_ground_truth,0,0,0,0,0,0,0,0,0,0,0
4.34,0,28,36,41,170.00000000000318,54,67,43.000000000003197,8.6699999999998365,843.999999999902,SSSW,model_assisted_not_ground_truth,0,0,0,0,0,0,0,0,0,0,0
4.35,0,28,36,41,170,54,67,43.999999999997783,8.6500000000000448,832.0000000000266,SSSW,model_assisted_not_ground_truth,0,0,0,0,0,0,0,0,0,0,0
4.36,0,28,36,41,170.99999999999866,54,67,44,8.8899999999996808,856.99999999996669,SSSW,model_assisted_not_ground_truth,0,0,0,0,0,0,0,0,0,0,0
4.37,0,28,35.000000000000441,41,170.00000000000045,54,67,44,8.8000000000000398,865.99999999999602,SSSW,model_assisted_not_ground_truth,0,0,0,0,0,0,0,0,0,0,0
4.38,0,28,36,41,171.00000000000045,54,67,44,8.6599999999999948,872.00000000000045,SSSW,model_assisted_not_ground_truth,0,0,0,0,0,0,0,0,0,0,0
4.39,0,28,35.999999999997335,41,172,54,67,44,8.6500000000000412,872.99999999999397,SSSW,model_assisted_not_ground_truth,0,0,0,0,0,0,0,0,0,0,0
4.40,0,28,34.000000000004619,41,171.9999999999977,54,67,44,8.6800000000000708,868.49999999998965,SSSW,model_assisted_not_ground_truth,0,0,0,0,0,0,0,0,0,0,0
4.41,0,28,35.999999999996803,41,170.99999999999679,54,67,44,8.7100000000000009,863.99999999999045,SSSW,model_assisted_not_ground_truth,0,0,0,0,0,0,0,0,0,0,0
4.42,0,28,35.000000000004086,40.999999999995914,170.00000000000819,54,67,44,8.7099999999990612,860.99999999997135,SSSW,model_assisted_not_ground_truth,0,0,0,0,0,0,0,0,0,0,0
4.43,0,28,35.999999999990052,40.000000000004974,171.99999999999503,54,67,43.999999999990052,8.4800000000001994,853.99999999996521,SSSW,model_assisted_not_ground_truth,0,0,0,0,0,0,0,0,0,0,0
4.44,0,28,34.000000000011902,41,171,54,67,42.000000000011902,8.5200000000002376,846.99999999985721,SSSW,model_assisted_not_ground_truth,0,0,0,0,0,0,0,0,0,0,0
4.45,0,28,35.999999999990941,41,171,54,67,43.999999999990941,8.5599999999998637,823.00000000007526,SSSW,model_assisted_not_ground_truth,0,0,0,0,0,0,0,0,0,0,0
4.46,0,28,36,41,171,54,67,44,8.5400000000001928,833.99999999998454,SSSW,model_assisted_not_ground_truth,0,0,0,0,0,0,0,0,0,0,0
4.47,0,28,34.000000000005507,41,171.99999999999724,54,67,44,8.5650000000000723,831.99999999999409,SSSW,model_assisted_not_ground_truth,0,0,0,0,0,0,0,0,0,0,0
4.48,0,28,34,41,172,54,67,44,8.5899999999999554,830.00000000000352,SSSW,model_assisted_not_ground_truth,0,0,0,0,0,0,0,0,0,0,0
4.49,0,28,35.999999999998224,40.000000000000888,170.00000000000176,54,67,43.000000000000888,7.6500000000008352,786.00000000003911,SSSW,model_assisted_not_ground_truth,0,0,0,0,0,0,0,0,0,0,0
4.50,0,28,32,40,170,54,67,44,8.4800000000000004,833,SSSW,model_assisted_not_ground_truth,0,0,0,0,0,0,0,0,0,0,0
4.51,0,28,34.000000000000888,41,171.00000000000088,54,67,44,8.2199999999993256,824.99999999995202,SSSW,model_assisted_not_ground_truth,0,0,0,0,0,0,0,0,0,0,0
4.52,0,28,35.000000000001869,41,171.99999999999812,54,67,44,7.4600000000006714,771.0000000000224,SSSW,model_assisted_not_ground_truth,0,0,0,0,0,0,0,0,0,0,0
4.53,0,27.999999999997247,35.999999999994493,40.999999999997243,170.99999999999724,54,67,44,7.8199999999999585,782.99999999998352,SSSW,model_assisted_not_ground_truth,0,0,0,0,0,0,0,0,0,0,0
4.54,0,27,34.000000000007283,40.000000000003645,170.00000000000364,54,67,44,7.8049999999999455,776.99999999997817,SSSW,model_assisted_not_ground_truth,0,0,0,0,0,0,0,0,0,0,0
4.55,0,27.00000000000453,36,41,171,54,67,44,7.7900000000017666,770.99999999988677,SSSW,model_assisted_not_ground_truth,0,0,0,0,0,0,0,0,0,0,0
4.56,0,28,36,41,171,54,66.9999999999945,44,8.1799999999999997,746.00000000001103,SSSW,model_assisted_not_ground_truth,0,0,0,0,0,0,0,0,0,0,0
4.57,0,28,36,41,171,54,66.000000000004974,44,8.1800000000001276,748.00000000000637,SSSW,model_assisted_not_ground_truth,0,0,0,0,0,0,0,0,0,0,0
4.58,0,28,36,41,171,54,66.999999999995907,44,8.2000000000011646,749.00000000008743,SSSW,model_assisted_not_ground_truth,0,0,0,0,0,0,0,0,0,0,0
4.59,0,28,35.000000000003197,40.000000000003197,171,54,66.000000000003197,44,8.3600000000000811,761.00000000000819,SSSW,model_assisted_not_ground_truth,0,0,0,0,0,0,0,0,0,0,0
4.60,0,28,35.999999999997783,40.999999999997783,171.99999999999778,54,66.999999999997783,44,8.3699999999999761,761.99999999999773,SSSW,model_assisted_not_ground_truth,0,0,0,0,0,0,0,0,0,0,0
4.61,0,28,35.000000000001336,41,172,54,67,44,8.1000000000003602,725.00000000004934,SSSW,model_assisted_not_ground_truth,0,0,0,0,0,0,0,0,0,0,0
4.62,0,28,35.999999999999559,41,171.00000000000045,54,66.000000000000441,44,8.1149999999999931,725.49999999999977,SSSW,model_assisted_not_ground_truth,0,0,0,0,0,0,0,0,0,0,0
4.63,0,28,34.000000000000888,41,171.99999999999955,54,67,44,8.1300000000000061,726.00000000000091,SSSW,model_assisted_not_ground_truth,0,0,0,0,0,0,0,0,0,0,0
4.64,0,28,35.999999999997335,41,171,54,66.999999999998664,44,8.1399999999996666,727.99999999997863,SSSW,model_assisted_not_ground_truth,0,0,0,0,0,0,0,0,0,0,0
4.65,0,28,34.000000000004619,40.999999999997691,171,54,66.000000000002316,44,7.8900000000000459,711.99999999999534,SSSW,model_assisted_not_ground_truth,0,0,0,0,0,0,0,0,0,0,0
4.66,0,28,35.999999999996803,40.000000000003197,171.00000000000321,54,67,43.999999999996803,7.9100000000000321,710.0000000000224,SSSW,model_assisted_not_ground_truth,0,0,0,0,0,0,0,0,0,0,0
4.67,0,28,35.000000000004086,41,171.99999999999591,54,66.999999999995907,43.000000000004086,7.9200000000002859,717.00000000000409,SSSW,model_assisted_not_ground_truth,0,0,0,0,0,0,0,0,0,0,0
4.68,0,28,35.999999999990052,41,171.00000000000497,54,66,43.999999999995026,7.9900000000024871,718.00000000007958,SSSW,model_assisted_not_ground_truth,0,0,0,0,0,0,0,0,0,0,0
4.69,0,27.999999999994049,34.000000000011902,40.999999999988098,171.99999999999406,54,66,43.000000000005947,8.4900000000000002,733.99999999995839,SSSW,model_assisted_not_ground_truth,0,0,0,0,0,0,0,0,0,0,0
4.70,0,27.00000000000453,35.999999999990941,39.000000000009059,171.00000000000452,54,66,43.999999999995467,8.4899999999994531,727.0000000000889,SSSW,model_assisted_not_ground_truth,0,0,0,0,0,0,0,0,0,0,0
4.71,0,27.999999999996358,36,39.999999999996362,171,54,66.999999999996362,43.000000000003638,8.409999999999382,740.0000000001005,SSSW,model_assisted_not_ground_truth,0,0,0,0,0,0,0,0,0,0,0
4.72,0,27.000000000002753,36,39.000000000002757,171,54,66.000000000002757,43.999999999997243,8.3300000000002576,752.99999999990519,SSSW,model_assisted_not_ground_truth,0,0,0,0,0,0,0,0,0,0,0
4.73,0,27.999999999998224,34.000000000003553,39.999999999998224,171,54,66.999999999998224,43.000000000001776,8.3599999999999461,742.00000000001955,SSSW,model_assisted_not_ground_truth,0,0,0,0,0,0,0,0,0,0,0
4.74,0,28,34,40,170.00000000000088,54,66.000000000000881,42.000000000000888,8.4699999999999029,764.99999999997954,SSSW,model_assisted_not_ground_truth,0,0,0,0,0,0,0,0,0,0,0
4.75,0,28,36,40,171,54,66,44,8.5399999999999991,744,SSSW,model_assisted_not_ground_truth,0,0,0,0,0,0,0,0,0,0,0
4.76,0,28,34.000000000001776,40,170.00000000000088,54,66.000000000000895,43.999999999998224,8.4199999999999822,801.00000000000443,SSSW,model_assisted_not_ground_truth,0,0,0,0,0,0,0,0,0,0,0
4.77,0,28,36,40.000000000001869,170.99999999999812,54,67,42.000000000001869,8.4000000000000004,805.99999999998886,SSSW,model_assisted_not_ground_truth,0,0,0,0,0,0,0,0,0,0,0
4.78,0,28,36,41,170.00000000000551,54,67,43.000000000002757,8.4000000000000004,799.99999999998352,SSSW,model_assisted_not_ground_truth,0,0,0,0,0,0,0,0,0,0,0
4.79,0,28,36,40.999999999996355,171.99999999999636,54,67,43.999999999996355,8.400000000001457,794.00000000005832,SSSW,model_assisted_not_ground_truth,0,0,0,0,0,0,0,0,0,0,0
4.80,0,28,36,40.000000000004533,171,54,66.999999999995467,43.000000000004533,8.7999999999999101,809.9999999999003,SSSW,model_assisted_not_ground_truth,0,0,0,0,0,0,0,0,0,0,0
4.81,0,28,35.999999999988987,41,171,54,66,44,8.7799999999998342,788.00000000035243,SSSW,model_assisted_not_ground_truth,0,0,0,0,0,0,0,0,0,0,0
4.82,0,28,34.000000000009948,41,171,54,66,44,8.7499999999998721,851.99999999996157,SSSW,model_assisted_not_ground_truth,0,0,0,0,0,0,0,0,0,0,0
4.83,0,27.000000000004086,35.999999999991829,41,171,54,66.999999999995907,44,8.7300000000000004,846.00000000007287,SSSW,model_assisted_not_ground_truth,0,0,0,0,0,0,0,0,0,0,0
4.84,0,27,36,39.000000000006395,170.00000000000318,54,67,44,8.7299999999995102,855.99999999985289,SSSW,model_assisted_not_ground_truth,0,0,0,0,0,0,0,0,0,0,0
4.85,0,27.99999999999778,36,40.999999999995559,170,54,66.000000000002217,43.000000000002217,8.6700000000001332,838.00000000004002,SSSW,model_assisted_not_ground_truth,0,0,0,0,0,0,0,0,0,0,0
4.86,0,28,36,40.000000000001336,170.99999999999866,54,66,43.999999999998664,8.6949999999999665,834.00000000000534,SSSW,model_assisted_not_ground_truth,0,0,0,0,0,0,0,0,0,0,0
4.87,0,28,34.000000000000888,40,171.99999999999955,54,66.999999999999559,44,8.71999999999999,830.00000000000182,SSSW,model_assisted_not_ground_truth,0,0,0,0,0,0,0,0,0,0,0
4.88,0,28,35.000000000000448,39.000000000000888,171,54,66.999999999999559,43.999999999999552,8.7999999999999918,869.99999999999739,SSSW,model_assisted_not_ground_truth,0,0,0,0,0,0,0,0,0,0,0
4.89,0,28,36,41,171.00000000000134,54,66.000000000001336,43.000000000001336,8.7799999999998395,864.00000000001069,SSSW,model_assisted_not_ground_truth,0,0,0,0,0,0,0,0,0,0,0
4.90,0,27.999999999997691,35.999999999997691,40.999999999997691,171.99999999999307,54,66.999999999997684,44,8.6599999999998847,871.99999999998613,SSSW,model_assisted_not_ground_truth,0,0,0,0,0,0,0,0,0,0,0
4.91,0,27.000000000003197,35.000000000003197,40,169,54,66,43.999999999996803,8.6100000000002233,865.99999999998079,SSSW,model_assisted_not_ground_truth,0,0,0,0,0,0,0,0,0,0,0
4.92,0,28,35.999999999995914,40,169.00000000000409,54,66,42.999999999995914,8.6799999999997137,859.99999999995919,SSSW,model_assisted_not_ground_truth,0,0,0,0,0,0,0,0,0,0,0
4.93,0,28,35,40.000000000004974,170,54,66,42.000000000004974,8.6099999999990544,849.999999999995,SSSW,model_assisted_not_ground_truth,0,0,0,0,0,0,0,0,0,0,0
4.94,0,28,35,41,170.00000000000594,54,66.000000000005954,43,8.4200000000002984,848.99999999994941,SSSW,model_assisted_not_ground_truth,0,0,0,0,0,0,0,0,0,0,0
4.95,0,28,35,41,170.99999999999548,54,66.999999999995467,43,8.4700000000003417,840.49999999994191,SSSW,model_assisted_not_ground_truth,0,0,0,0,0,0,0,0,0,0,0
4.96,0,28,35.999999999996362,41,171,54,67,43,8.5199999999999996,831.99999999998454,SSSW,model_assisted_not_ground_truth,0,0,0,0,0,0,0,0,0,0,0
4.97,0,28,35.000000000002757,41,170.00000000000276,54,67,43,8.5200000000004295,829.99999999998272,SSSW,model_assisted_not_ground_truth,0,0,0,0,0,0,0,0,0,0,0
4.98,0,27.000000000001776,34.000000000001776,41,170,54,67,43.999999999998224,8.5699999999999115,828.00000000000352,SSSW,model_assisted_not_ground_truth,0,0,0,0,0,0,0,0,0,0,0
4.99,0,27.999999999999112,35.999999999998224,40.000000000000888,170,54,67,44,8.5600000000000094,825.00000000000261,SSSW,model_assisted_not_ground_truth,0,0,0,0,0,0,0,0,0,0,0
5.00,0,28,36,41,170,54,67,42,7.5700000000000003,777,SSSW,model_assisted_not_ground_truth,0,0,0,0,0,0,0,0,0,0,0
5.01,0,28,35.000000000000888,41,170,54,67,43,8.4399999999995554,819.99999999997829,SSSW,model_assisted_not_ground_truth,0,0,0,0,0,0,0,0,0,0,0
5.02,0,28,36,41,170,54,67,43,7.9399999999990669,795.4999999999543,SSSW,model_assisted_not_ground_truth,0,0,0,0,0,0,0,0,0,0,0
5.03,0,28,36,40.999999999997243,170,54,67,43,7.4400000000000004,770.99999999997794,SSSW,model_assisted_not_ground_truth,0,0,0,0,0,0,0,0,0,0,0
5.04,0,28,36,39.999999999996355,170,54,67,42.999999999996355,7.4400000000010564,763.0000000000291,SSSW,model_assisted_not_ground_truth,0,0,0,0,0,0,0,0,0,0,0
5.05,0,28,35.999999999990941,39.000000000009059,170,54,67,42.000000000009059,7.7300000000008158,770.99999999989132,SSSW,model_assisted_not_ground_truth,0,0,0,0,0,0,0,0,0,0,0
5.06,0,28,34.000000000011013,41,170.00000000000551,54,67,43.999999999994493,7.9100000000014319,747.00000000002206,SSSW,model_assisted_not_ground_truth,0,0,0,0,0,0,0,0,0,0,0
5.07,0,28,35.999999999990052,41,170.99999999999503,54,67,43.000000000004974,8.1699999999999999,751,SSSW,model_assisted_not_ground_truth,0,0,0,0,0,0,0,0,0,0,0
5.08,0,28,34.000000000008171,40.000000000004086,170.00000000000409,54,67,43,8.1700000000001083,750.99999999997817,SSSW,model_assisted_not_ground_truth,0,0,0,0,0,0,0,0,0,0,0
5.09,0,28,35.999999999993605,40.999999999996803,169.00000000000318,54,67,43,8.1850000000000378,747.9999999999925,SSSW,model_assisted_not_ground_truth,0,0,0,0,0,0,0,0,0,0,0
5.10,0,27.00000000000222,34.000000000004441,40.000000000002217,169.99999999999778,54,67,43.999999999997783,8.1999999999999655,745.00000000000671,SSSW,model_assisted_not_ground_truth,0,0,0,0,0,0,0,0,0,0,0
5.11,0,27.499999999999332,34,40.499999999999332,170,54,66.500000000000668,43.000000000001336,8.3699999999997736,763.99999999997465,SSSW,model_assisted_not_ground_truth,0,0,0,0,0,0,0,0,0,0,0
5.12,0,27.99999999999978,34,40.99999999999978,170,54,66.000000000000227,42.000000000000441,8.1700000000000887,733.00000000001376,SSSW,model_assisted_not_ground_truth,0,0,0,0,0,0,0,0,0,0,0
5.13,0,28,35.000000000000448,40.000000000000448,169.00000000000045,54,67,43,7.2500000000002931,677.00000000001774,SSSW,model_assisted_not_ground_truth,0,0,0,0,0,0,0,0,0,0,0
5.14,0,28,36,41,170,54,66.999999999998664,43,7.9099999999999868,716.99999999999068,SSSW,model_assisted_not_ground_truth,0,0,0,0,0,0,0,0,0,0,0
5.15,0,27.999999999997691,36,40.999999999995381,169.9999999999977,54,66,43.000000000002309,7.9000000000000004,710.00000000001853,SSSW,model_assisted_not_ground_truth,0,0,0,0,0,0,0,0,0,0,0
5.16,0,27.000000000003197,36,39.000000000006395,169.00000000000321,54,66.000000000003197,44,7.9000000000000163,717.99999999999841,SSSW,model_assisted_not_ground_truth,0,0,0,0,0,0,0,0,0,0,0
5.17,0,28,36,41,169.99999999999591,54,66.999999999995907,43.999999999995914,7.9050000000000207,717.49999999999795,SSSW,model_assisted_not_ground_truth,0,0,0,0,0,0,0,0,0,0,0
5.18,0,28,35.999999999995026,41,169,54,66,43,7.9100000000001991,716.99999999999,SSSW,model_assisted_not_ground_truth,0,0,0,0,0,0,0,0,0,0,0
5.19,0,28,35,41,169,54,66,43,7.9499999999969653,714.99999999974409,SSSW,model_assisted_not_ground_truth,0,0,0,0,0,0,0,0,0,0,0
5.20,0,28,35,41,169,54,66,43,7.4400000000071129,672.00000000037619,SSSW,model_assisted_not_ground_truth,0,0,0,0,0,0,0,0,0,0,0
5.21,0,28,35.999999999996362,41,169.99999999999636,54,66,43,8.4799999999989186,727.00000000020862,SSSW,model_assisted_not_ground_truth,0,0,0,0,0,0,0,0,0,0,0
5.22,0,28,34.000000000005507,41,170,54,65.000000000002757,43,8.3399999999996552,753.99999999991383,SSSW,model_assisted_not_ground_truth,0,0,0,0,0,0,0,0,0,0,0
5.23,0,28.999999999998224,34.999999999998224,41,170,54,56.000000000015987,43,8.3000000000000718,744.00000000001774,SSSW,model_assisted_not_ground_truth,0,0,0,0,0,0,0,0,0,0,0
5.24,0,29,35.999999999999112,40.000000000000888,170,54,56,43,8.4799999999998406,765.99999999998045,SSSW,model_assisted_not_ground_truth,0,0,0,0,0,0,0,0,0,0,0
5.25,0,29,35,40,170,54,56,44,8.5099999999999998,742,SSSW,model_assisted_not_ground_truth,0,0,0,0,0,0,0,0,0,0,0
5.26,0,28.000000000000888,35.000000000000888,40.999999999999112,170.00000000000088,54,56,44,8.5200000000000085,739.99999999999818,SSSW,model_assisted_not_ground_truth,0,0,0,0,0,0,0,0,0,0,0
5.27,0,29,36,40.000000000001869,170.99999999999812,54,56,44,8.5299999999997187,738.00000000012687,SSSW,model_assisted_not_ground_truth,0,0,0,0,0,0,0,0,0,0,0
5.28,0,28.999999999997247,36,40.999999999997243,170,54,56,44,8.3800000000000292,805.99999999997522,SSSW,model_assisted_not_ground_truth,0,0,0,0,0,0,0,0,0,0,0
5.29,0,28.000000000003642,36,40.000000000003645,170,54,56,43.999999999996355,8.39000000000153,797.00000000006924,SSSW,model_assisted_not_ground_truth,0,0,0,0,0,0,0,0,0,0,0
5.30,0,29,36,41,170,54,56,43.000000000004533,8.8099999999997731,815.9999999999003,SSSW,model_assisted_not_ground_truth,0,0,0,0,0,0,0,0,0,0,0
5.31,0,29,36,40.999999999994493,170,54,56,43.999999999994493,8.7600000000000549,794.00000000033037,SSSW,model_assisted_not_ground_truth,0,0,0,0,0,0,0,0,0,0,0
5.32,0,29,36,40.000000000004974,170,54,56,43.000000000004974,8.7699999999999356,853.99999999995521,SSSW,model_assisted_not_ground_truth,0,0,0,0,0,0,0,0,0,0,0
5.33,0,29,36,40,170,54,56,43,8.7599999999994171,846.99999999998181,SSSW,model_assisted_not_ground_truth,0,0,0,0,0,0,0,0,0,0,0
5.34,0,29,35.000000000003197,40.999999999996803,170.99999999999682,54,56,43.999999999996803,8.6799999999998008,844.49999999999375,SSSW,model_assisted_not_ground_truth,0,0,0,0,0,0,0,0,0,0,0
5.35,0,29,35.999999999997783,41,170.00000000000222,54,56,43.000000000002217,8.6000000000001773,842.00000000000557,SSSW,model_assisted_not_ground_truth,0,0,0,0,0,0,0,0,0,0,0
5.36,0,29,34.000000000002665,41,170,54,56,43.999999999998664,8.749999999999801,855.99999999998136,SSSW,model_assisted_not_ground_truth,0,0,0,0,0,0,0,0,0,0,0
5.37,0,28.50000000000022,34,40.50000000000022,170.49999999999977,54,56,44,8.6900000000000261,848.00000000000352,SSSW,model_assisted_not_ground_truth,0,0,0,0,0,0,0,0,0,0,0
5.38,0,28.000000000000444,34.000000000000448,40.000000000000448,171,54,56,44,8.6800000000000495,830.00000000001683,SSSW,model_assisted_not_ground_truth,0,0,0,0,0,0,0,0,0,0,0
5.39,0,29,35.000000000001336,41,171,54,56,43.999999999997335,8.7899999999998393,867.99999999998272,SSSW,model_assisted_not_ground_truth,0,0,0,0,0,0,0,0,0,0,0
5.40,0,29,35.999999999997691,40.999999999997691,170.9999999999977,54,56,42.000000000004619,8.6699999999999875,855.00000000001967,SSSW,model_assisted_not_ground_truth,0,0,0,0,0,0,0,0,0,0,0
5.41,0,29,35.000000000003197,40.000000000003197,169.99999999999679,54,56,43.999999999996803,8.6649999999999849,863.50000000002717,SSSW,model_assisted_not_ground_truth,0,0,0,0,0,0,0,0,0,0,0
5.42,0,29,36,41,169.00000000000409,54,56,43,8.6600000000001636,871.99999999995509,SSSW,model_assisted_not_ground_truth,0,0,0,0,0,0,0,0,0,0,0
5.43,0,29,36,41,169.99999999999503,54,56,43,8.7000000000000988,860.999999999995,SSSW,model_assisted_not_ground_truth,0,0,0,0,0,0,0,0,0,0,0
5.44,0,29,35.999999999988098,41,169.00000000001191,54,56,43,8.7199999999985724,859.9999999999643,SSSW,model_assisted_not_ground_truth,0,0,0,0,0,0,0,0,0,0,0
5.45,0,29,34.000000000009059,41,170.99999999999093,54,56,43,8.4799999999999311,853.9999999999726,SSSW,model_assisted_not_ground_truth,0,0,0,0,0,0,0,0,0,0,0
5.46,0,29.999999999996358,34,40.000000000003638,171,54,56,43.999999999996362,8.4700000000001552,849.99999999997681,SSSW,model_assisted_not_ground_truth,0,0,0,0,0,0,0,0,0,0,0
5.47,0,30,35.999999999994493,40,170.00000000000276,54,56,44,8.4900000000003448,846.99999999993111,SSSW,model_assisted_not_ground_truth,0,0,0,0,0,0,0,0,0,0,0
5.48,0,30,34.000000000003553,40.999999999998224,170,54,56,44,8.5299999999999283,839.00000000001421,SSSW,model_assisted_not_ground_truth,0,0,0,0,0,0,0,0,0,0,0
5.49,0,29.000000000000888,34,40.000000000000888,169.00000000000088,54,56,44,8.5449999999999875,834.50000000000398,SSSW,model_assisted_not_ground_truth,0,0,0,0,0,0,0,0,0,0,0
5.50,0,29,34,41,170,54,56,44,8.5600000000000005,830,SSSW,model_assisted_not_ground_truth,0,0,0,0,0,0,0,0,0,0,0
5.51,0,29.000000000000888,36,40.000000000000888,170,54,56,44,8.4899999999992541,839.99999999994759,SSSW,model_assisted_not_ground_truth,0,0,0,0,0,0,0,0,0,0,0
5.52,0,30,36,41,169.99999999999812,54,56,43.999999999998131,7.6499999999995527,780.99999999999625,SSSW,model_assisted_not_ground_truth,0,0,0,0,0,0,0,0,0,0,0
5.53,0,30,36,41,169.00000000000276,53.999999999997243,56,43.000000000002757,7.4100000000001378,778.99999999998067,SSSW,model_assisted_not_ground_truth,0,0,0,0,0,0,0,0,0,0,0
5.54,0,30,35.999999999992717,41,169.99999999999636,53.000000000003645,56,44,7.4599999999995266,771.99999999993804,SSSW,model_assisted_not_ground_truth,0,0,0,0,0,0,0,0,0,0,0
5.55,0,29.99999999999547,34.000000000009059,40.999999999990941,169,54,56,44,7.330000000001065,755.00000000005889,SSSW,model_assisted_not_ground_truth,0,0,0,0,0,0,0,0,0,0,0
5.56,0,29.000000000005507,36,39.000000000011013,169,54,56,44,7.5650000000012945,768.00000000007162,SSSW,model_assisted_not_ground_truth,0,0,0,0,0,0,0,0,0,0,0
5.57,0,29.999999999995026,36,40.999999999990052,169,54,56,44,7.7999999999946281,780.99999999964189,SSSW,model_assisted_not_ground_truth,0,0,0,0,0,0,0,0,0,0,0
5.58,0,30,34.000000000008171,41,169,54,56,44,6.9600000000004369,724.99999999985437,SSSW,model_assisted_not_ground_truth,0,0,0,0,0,0,0,0,0,0,0
5.59,0,30,34,41,169,54,56,44,7.0200000000027778,704.99999999996737,SSSW,model_assisted_not_ground_truth,0,0,0,0,0,0,0,0,0,0,0
5.60,0,30.99999999999778,35.999999999995559,41,169,54,56,44,7.3599999999992454,701.00000000000887,SSSW,model_assisted_not_ground_truth,0,0,0,0,0,0,0,0,0,0,0
5.61,0,30.000000000001332,36,41,168.00000000000134,54,56,44,8.2899999999987593,751.99999999993202,SSSW,model_assisted_not_ground_truth,0,0,0,0,0,0,0,0,0,0,0
5.62,0,30.999999999999556,36,41,168.99999999999955,54,56,44,8.3799999999999599,762.99999999999511,SSSW,model_assisted_not_ground_truth,0,0,0,0,0,0,0,0,0,0,0
5.63,0,29.000000000000888,35.999999999999552,41,168,54,56,44,8.070000000000018,718.00000000000227,SSSW,model_assisted_not_ground_truth,0,0,0,0,0,0,0,0,0,0,0
5.64,0,31,35.000000000001336,40.999999999998664,168.00000000000134,54,56,44,8.1099999999997934,722.99999999998602,SSSW,model_assisted_not_ground_truth,0,0,0,0,0,0,0,0,0,0,0
5.65,0,31,36,40.000000000002309,168.9999999999977,54,56,44,7.9549999999996412,712.49999999997578,SSSW,model_assisted_not_ground_truth,0,0,0,0,0,0,0,0,0,0,0
5.66,0,30.999999999993605,36,40.999999999993605,168.00000000000321,54,56,44,7.8000000000002556,702.00000000000318,SSSW,model_assisted_not_ground_truth,0,0,0,0,0,0,0,0,0,0,0
5.67,0,29.000000000008171,35.999999999995914,39.000000000008171,169,54,56,44,7.8800000000001633,703.00000000001637,SSSW,model_assisted_not_ground_truth,0,0,0,0,0,0,0,0,0,0,0
5.68,0,31,35.000000000004974,41,169,54,56,44,7.9199999999998507,707.0000000000299,SSSW,model_assisted_not_ground_truth,0,0,0,0,0,0,0,0,0,0,0
5.69,0,31,36,40.999999999994053,169.00000000000594,54,56,44,7.8900000000002377,713,SSSW,model_assisted_not_ground_truth,0,0,0,0,0,0,0,0,0,0,0
5.70,0,31,36,40.000000000004533,169.99999999999548,54,56,44,7.9300000000038295,713.0000000001163,SSSW,model_assisted_not_ground_truth,0,0,0,0,0,0,0,0,0,0,0
5.71,0,31,34.000000000007283,40.999999999996362,170,54,56,44,8.4899999999999221,729.99999999996908,SSSW,model_assisted_not_ground_truth,0,0,0,0,0,0,0,0,0,0,0
5.72,0,31,34,41,170,54,56,44,8.4799999999993982,726.00000000012494,SSSW,model_assisted_not_ground_truth,0,0,0,0,0,0,0,0,0,0,0
5.73,0,30.000000000001776,35.999999999996447,41,170.99999999999824,54,56,44,8.4099999999997266,740.50000000005662,SSSW,model_assisted_not_ground_truth,0,0,0,0,0,0,0,0,0,0,0
5.74,0,30.999999999999112,36,41,170.00000000000088,54,56,44,8.340000000000062,754.99999999998715,SSSW,model_assisted_not_ground_truth,0,0,0,0,0,0,0,0,0,0,0
5.75,0,31,35,41,170,54,56,44,8.2899999999999991,744,SSSW,model_assisted_not_ground_truth,0,0,0,0,0,0,0,0,0,0,0
5.76,0,31,36,40.000000000000888,170.99999999999912,54,56,44,8.3200000000001157,737.00000000002308,SSSW,model_assisted_not_ground_truth,0,0,0,0,0,0,0,0,0,0,0
5.77,0,31,35.99999999999627,41,170,54,56,44,8.4500000000000934,762.99999999996453,SSSW,model_assisted_not_ground_truth,0,0,0,0,0,0,0,0,0,0,0
5.78,0,30.999999999997247,34.000000000005507,40.999999999997243,170.00000000000551,54,56,44,8.4999999999997247,744.00000000017076,SSSW,model_assisted_not_ground_truth,0,0,0,0,0,0,0,0,0,0,0
5.79,0,30.000000000003642,35.999999999992717,40.000000000003645,171.99999999999272,54,56,44.000000000003645,8.3999999999999631,805.99999999995998,SSSW,model_assisted_not_ground_truth,0,0,0,0,0,0,0,0,0,0,0
5.80,0,31,34.000000000009059,41,170,54,56,44.999999999995467,8.390000000000974,795.00000000003854,SSSW,model_assisted_not_ground_truth,0,0,0,0,0,0,0,0,0,0,0
5.81,0,31,35.999999999988987,41,170,54,56,44,8.6050000000011835,803.50000000004684,SSSW,model_assisted_not_ground_truth,0,0,0,0,0,0,0,0,0,0,0
5.82,0,31,34.000000000009948,41,170,54,56,44,8.8199999999996805,811.99999999982731,SSSW,model_assisted_not_ground_truth,0,0,0,0,0,0,0,0,0,0,0
5.83,0,31,35.999999999991829,41,170,53.000000000004086,56,44,8.7699999999998539,785.00000000045884,SSSW,model_assisted_not_ground_truth,0,0,0,0,0,0,0,0,0,0,0
5.84,0,30.000000000003197,35.000000000003197,39.000000000006395,170.99999999999682,53.999999999996803,56,44,8.7499999999993463,847.99999999996737,SSSW,model_assisted_not_ground_truth,0,0,0,0,0,0,0,0,0,0,0
5.85,0,30.99999999999778,35,40.999999999995559,171,54,56,44,8.6700000000001776,844.00000000000887,SSSW,model_assisted_not_ground_truth,0,0,0,0,0,0,0,0,0,0,0
5.86,0,31,35,41,170.00000000000134,54,56,44,8.7399999999999061,852.99999999998806,SSSW,model_assisted_not_ground_truth,0,0,0,0,0,0,0,0,0,0,0
5.87,0,31,35,41,170,54,56,44,8.7100000000000151,846.00000000000307,SSSW,model_assisted_not_ground_truth,0,0,0,0,0,0,0,0,0,0,0
5.88,0,30.999999999999112,36,41,170,54,56,44,8.6600000000000357,830.00000000000841,SSSW,model_assisted_not_ground_truth,0,0,0,0,0,0,0,0,0,0,0
5.89,0,29.000000000002665,35.999999999998664,40.999999999998664,169.99999999999866,54,56.000000000001336,44,8.7400000000001068,849.00000000002535,SSSW,model_assisted_not_ground_truth,0,0,0,0,0,0,0,0,0,0,0
5.90,0,31,34.999999999997691,40.000000000002309,169,54,57,43.999999999997691,8.8199999999998386,867.99999999997465,SSSW,model_assisted_not_ground_truth,0,0,0,0,0,0,0,0,0,0,0
5.91,0,30.999999999996803,34,41,169.00000000000321,54,57,43,8.7499999999997762,857.00000000004161,SSSW,model_assisted_not_ground_truth,0,0,0,0,0,0,0,0,0,0,0
5.92,0,29.999999999995914,34,40.999999999991829,170,54,57,43.000000000004086,8.6799999999997954,869.99999999995919,SSSW,model_assisted_not_ground_truth,0,0,0,0,0,0,0,0,0,0,0
5.93,0,29,34.000000000009948,39.000000000004974,169.99999999999503,54,57.000000000004974,44,8.6300000000003987,859.999999999995,SSSW,model_assisted_not_ground_truth,0,0,0,0,0,0,0,0,0,0,0
5.94,0,29.000000000005951,35.999999999988098,40.000000000005947,169.00000000000594,54,58.000000000017849,43.999999999994053,8.7099999999993454,858.9999999999286,SSSW,model_assisted_not_ground_truth,0,0,0,0,0,0,0,0,0,0,0
5.95,0,29.99999999999547,34.000000000009059,40.999999999995467,169.99999999999548,54,60.999999999986414,43.000000000004533,8.5999999999994525,847.00000000004104,SSSW,model_assisted_not_ground_truth,0,0,0,0,0,0,0,0,0,0,0
5.96,0,30,35.999999999992717,41,170,54,61.999999999996362,43.999999999996362,8.519999999999806,852.99999999994202,SSSW,model_assisted_not_ground_truth,0,0,0,0,0,0,0,0,0,0,0
5.97,0,30,34.000000000005507,40.000000000002757,169.00000000000276,54,62,44,8.4949999999999264,845.49999999997806,SSSW,model_assisted_not_ground_truth,0,0,0,0,0,0,0,0,0,0,0
5.98,0,30,34,40.999999999998224,169,54,62,43.000000000001776,8.470000000000045,838.0000000000133,SSSW,model_assisted_not_ground_truth,0,0,0,0,0,0,0,0,0,0,0
5.99,0,30,34,41,169,54,62,43.999999999999112,8.5999999999998842,824.00000000001239,SSSW,model_assisted_not_ground_truth,0,0,0,0,0,0,0,0,0,0,0
6.00,0,30,36,41,170,54,63,43,8.5999999999999996,829,SSSW,model_assisted_not_ground_truth,0,0,0,0,0,0,0,0,0,0,0
6.01,0,30,35.999999999998224,41,170.00000000000267,54,63.000000000000888,43.999999999999112,8.4699999999993079,836.99999999995021,SSSW,model_assisted_not_ground_truth,0,0,0,0,0,0,0,0,0,0,0
6.02,0,30,34.00000000000373,41,172.99999999999812,54,64,43.000000000001869,7.6899999999995901,780.99999999998693,SSSW,model_assisted_not_ground_truth,0,0,0,0,0,0,0,0,0,0,0
6.03,0,30,36,41,171.99999999999724,54,64.000000000002757,44,7.4700000000010602,774.00000000005502,SSSW,model_assisted_not_ground_truth,0,0,0,0,0,0,0,0,0,0,0
6.04,0,30,36,41,171,54,65,44,7.855000000001402,794.00000000007287,SSSW,model_assisted_not_ground_truth,0,0,0,0,0,0,0,0,0,0,0
6.05,0,30,35.999999999990941,41,170.99999999999548,54,65,44,8.239999999999819,813.99999999996828,SSSW,model_assisted_not_ground_truth,0,0,0,0,0,0,0,0,0,0,0
6.06,0,30,34.000000000011013,40.999999999994493,170,54,65,43.999999999988987,8.1999999999979067,806.99999999984027,SSSW,model_assisted_not_ground_truth,0,0,0,0,0,0,0,0,0,0,0
6.07,0,30,35.999999999990052,40.000000000004974,170,54,65,42.000000000009948,7.8199999999999363,777.99999999992326,SSSW,model_assisted_not_ground_truth,0,0,0,0,0,0,0,0,0,0,0
6.08,0,30,36,40.999999999995914,170,54,65,43.999999999991829,7.8100000000029128,765.9999999998762,SSSW,model_assisted_not_ground_truth,0,0,0,0,0,0,0,0,0,0,0
6.09,0,30,35.000000000003197,41,169.00000000000318,54,65,44,8.2100000000000826,748.99999999997544,SSSW,model_assisted_not_ground_truth,0,0,0,0,0,0,0,0,0,0,0
6.10,0,28.000000000004441,35.999999999997783,41,169.99999999999778,54,65,44,8.2199999999999775,746.00000000000671,SSSW,model_assisted_not_ground_truth,0,0,0,0,0,0,0,0,0,0,0
6.11,0,28.999999999998668,36,41,169.00000000000134,54,65,44,8.3099999999998815,751.49999999999272,SSSW,model_assisted_not_ground_truth,0,0,0,0,0,0,0,0,0,0,0
6.12,0,29,36,41,169,54,65,42.000000000000888,8.3999999999999595,756.99999999999761,SSSW,model_assisted_not_ground_truth,0,0,0,0,0,0,0,0,0,0,0
6.13,0,28.999999999999556,35,41,170.99999999999955,54,65,44,8.3899999999998887,755.99999999998352,SSSW,model_assisted_not_ground_truth,0,0,0,0,0,0,0,0,0,0,0
6.14,0,28,34.999999999998579,40.999999999998579,169.99999999999858,54,65,43.999999999997158,8.140000000000029,719.00000000000148,SSSW,model_assisted_not_ground_truth,0,0,0,0,0,0,0,0,0,0,0
6.15,0,28,34,40,169,54,65,42.000000000004619,8.159999999999469,719.99999999996771,SSSW,model_assisted_not_ground_truth,0,0,0,0,0,0,0,0,0,0,0
6.16,0,28,34.000000000006395,40,169.00000000000639,54,64.999999999996803,43.999999999996803,7.9300000000000956,706,SSSW,model_assisted_not_ground_truth,0,0,0,0,0,0,0,0,0,0,0
6.17,0,28,36,40.000000000002046,170.99999999999795,54,63.999999999985697,42.999999999997954,7.9599999999999591,706.00000000002046,SSSW,model_assisted_not_ground_truth,0,0,0,0,0,0,0,0,0,0,0
6.18,0,28,36,40.500000000002487,170.4999999999975,54,60.499999999982592,42.499999999997513,7.9500000000002986,711,SSSW,model_assisted_not_ground_truth,0,0,0,0,0,0,0,0,0,0,0
6.19,0,28,36,41,170,54,57,42.000000000005947,8.0100000000015168,711.00000000004763,SSSW,model_assisted_not_ground_truth,0,0,0,0,0,0,0,0,0,0,0
6.20,0,28,36,41,170,54,57,42.999999999995467,8.2650000000017432,719.00000000005468,SSSW,model_assisted_not_ground_truth,0,0,0,0,0,0,0,0,0,0,0
6.21,0,28,36,41,170,54,61.999999999981796,43.999999999996362,8.5200000000002323,726.99999999996908,SSSW,model_assisted_not_ground_truth,0,0,0,0,0,0,0,0,0,0,0
6.22,0,27.000000000002753,34.000000000005507,39.000000000005507,170,54,64.999999999991743,44,8.5499999999987093,723.00000000022396,SSSW,model_assisted_not_ground_truth,0,0,0,0,0,0,0,0,0,0,0
6.23,0,27.999999999998224,35.999999999996447,40.999999999996447,169.00000000000176,54,65,44,8.4000000000002668,748.99999999995384,SSSW,model_assisted_not_ground_truth,0,0,0,0,0,0,0,0,0,0,0
6.24,0,28,34.000000000001776,40.000000000000888,169.99999999999912,54,65.999999999999119,44,8.360000000000035,738.00000000000978,SSSW,model_assisted_not_ground_truth,0,0,0,0,0,0,0,0,0,0,0
6.25,0,28,34,40,172,54,66,43,8.5800000000000001,758,SSSW,model_assisted_not_ground_truth,0,0,0,0,0,0,0,0,0,0,0
6.26,0,28,36,40.000000000000888,169.99999999999912,54,66,43.999999999999112,8.5100000000000708,747.99999999999557,SSSW,model_assisted_not_ground_truth,0,0,0,0,0,0,0,0,0,0,0
6.27,0,28,36,41,169.00000000000188,54,66,42.999999999998131,8.5899999999998879,743.00000000005593,SSSW,model_assisted_not_ground_truth,0,0,0,0,0,0,0,0,0,0,0
6.28,0,27.999999999997247,35.999999999994493,40.999999999997243,170,54,66.000000000002757,42.000000000005507,8.5299999999998342,773.00000000008265,SSSW,model_assisted_not_ground_truth,0,0,0,0,0,0,0,0,0,0,0
6.29,0,27.000000000003642,34.000000000007283,40.000000000003645,169.99999999999636,54,67,43.999999999992717,8.4699999999999278,802.99999999994907,SSSW,model_assisted_not_ground_truth,0,0,0,0,0,0,0,0,0,0,0
6.30,0,28,35.999999999990941,41,169,54,67,42.000000000009059,8.4500000000019018,789.00000000007697,SSSW,model_assisted_not_ground_truth,0,0,0,0,0,0,0,0,0,0,0
6.31,0,28,34,41,169,54,67,44,8.869999999999834,805.99999999986778,SSSW,model_assisted_not_ground_truth,0,0,0,0,0,0,0,0,0,0,0
6.32,0,28,34,41,169,54,67,44,8.8399999999997441,782.00000000037733,SSSW,model_assisted_not_ground_truth,0,0,0,0,0,0,0,0,0,0,0
6.33,0,27.000000000004086,35.999999999991829,41,169.99999999999591,53.000000000004086,67,44,8.7999999999996366,840.99999999994168,SSSW,model_assisted_not_ground_truth,0,0,0,0,0,0,0,0,0,0,0
6.34,0,27,36,40.000000000003197,170.99999999999682,53.999999999996803,67,44,8.7500000000004903,833.00000000010618,SSSW,model_assisted_not_ground_truth,0,0,0,0,0,0,0,0,0,0,0
6.35,0,27.99999999999778,34.000000000004441,40,171,54,67,43.000000000002217,8.8099999999998673,845.99999999997112,SSSW,model_assisted_not_ground_truth,0,0,0,0,0,0,0,0,0,0,0
6.36,0,28,35.999999999997335,40.999999999998664,171,54,67,43.999999999998664,8.7900000000000276,839.00000000000932,SSSW,model_assisted_not_ground_truth,0,0,0,0,0,0,0,0,0,0,0
6.37,0,28,34.000000000000888,41,171.99999999999955,54,67,44,8.7700000000000085,832.00000000000307,SSSW,model_assisted_not_ground_truth,0,0,0,0,0,0,0,0,0,0,0
6.38,0,28,34,40.999999999999552,173.00000000000045,54,67,45,8.8400000000000318,831.00000000001467,SSSW,model_assisted_not_ground_truth,0,0,0,0,0,0,0,0,0,0,0
6.39,0,28,34.000000000002842,40.000000000001421,173.99999999999574,54,67,44.999999999998579,8.9099999999998722,863.99999999998295,SSSW,model_assisted_not_ground_truth,0,0,0,0,0,0,0,0,0,0,0
6.40,0,27.999999999997691,35.999999999995381,40.999999999997691,170.9999999999977,54,67,44.000000000002309,8.8199999999998155,852.00000000002774,SSSW,model_assisted_not_ground_truth,0,0,0,0,0,0,0,0,0,0,0
6.41,0,27.000000000003197,34.000000000006395,40,170,54,67,45,8.7399999999998723,863.99999999994566,SSSW,model_assisted_not_ground_truth,0,0,0,0,0,0,0,0,0,0,0
6.42,0,28,36,40.000000000004086,170.00000000000409,54,67,45,8.7000000000004487,847.00000000002865,SSSW,model_assisted_not_ground_truth,0,0,0,0,0,0,0,0,0,0,0
6.43,0,27.999999999995026,35.999999999990052,41,170.99999999999503,54,67,45,8.8099999999990555,853.99999999995521,SSSW,model_assisted_not_ground_truth,0,0,0,0,0,0,0,0,0,0,0
6.44,0,27,34.000000000011902,41,170.00000000001191,54,67.000000000005954,44.999999999994053,8.6199999999988695,844.99999999994645,SSSW,model_assisted_not_ground_truth,0,0,0,0,0,0,0,0,0,0,0
6.45,0,27,35.999999999990941,41,171.99999999999093,54,67.999999999995467,44.000000000004533,8.4300000000007529,836.0000000000274,SSSW,model_assisted_not_ground_truth,0,0,0,0,0,0,0,0,0,0,0
6.46,0,27.999999999996358,36,41,171.00000000000364,54,68.999999999996362,44.999999999996362,8.5400000000006173,839.99999999990723,SSSW,model_assisted_not_ground_truth,0,0,0,0,0,0,0,0,0,0,0
6.47,0,27.000000000002753,36,41,171,54,69.999999999997243,43.000000000005507,8.6200000000002568,828.00000000001728,SSSW,model_assisted_not_ground_truth,0,0,0,0,0,0,0,0,0,0,0
6.48,0,27,36,41,171,54,70,44.999999999996447,8.6499999999999471,829.99999999999648,SSSW,model_assisted_not_ground_truth,0,0,0,0,0,0,0,0,0,0,0
6.49,0,27,34.000000000001776,41,171.99999999999912,54,70,45,8.6599999999999913,827.00000000000261,SSSW,model_assisted_not_ground_truth,0,0,0,0,0,0,0,0,0,0,0
6.50,0,28,36,41,172,54,70,45,8.6799999999999997,820,SSSW,model_assisted_not_ground_truth,0,0,0,0,0,0,0,0,0,0,0
6.51,0,27.000000000000888,35.999999999998224,39.000000000001776,172,54,70,44.000000000000888,8.4899999999999913,824.99999999999739,SSSW,model_assisted_not_ground_truth,0,0,0,0,0,0,0,0,0,0,0
6.52,0,28,34.00000000000373,41,172,54,70,45,8.4799999999999827,821.99999999999443,SSSW,model_assisted_not_ground_truth,0,0,0,0,0,0,0,0,0,0,0
6.53,0,27.999999999997247,36,41,171.99999999999724,54,70,45,8.4699999999996418,818.99999999999727,SSSW,model_assisted_not_ground_truth,0,0,0,0,0,0,0,0,0,0,0
6.54,0,27.000000000003642,36,41,171,54,70,45,8.3399999999997814,817.99999999995998,SSSW,model_assisted_not_ground_truth,0,0,0,0,0,0,0,0,0,0,0
6.55,0,28,36,41,171,54,70,44.999999999995467,8.2799999999981875,806.99999999984595,SSSW,model_assisted_not_ground_truth,0,0,0,0,0,0,0,0,0,0,0
6.56,0,28,36,41,171.00000000000551,54,70,44.000000000005507,7.8800000000001651,772.99999999987881,SSSW,model_assisted_not_ground_truth,0,0,0,0,0,0,0,0,0,0,0
6.57,0,28,36,41,171.99999999999503,54,70,44.999999999995026,7.9100000000021744,750.99999999996157,SSSW,model_assisted_not_ground_truth,0,0,0,0,0,0,0,0,0,0,0
6.58,0,28,36,40.000000000004086,172,54,70,45,8.2500000000001457,745.00000000000364,SSSW,model_assisted_not_ground_truth,0,0,0,0,0,0,0,0,0,0,0
6.59,0,28,34.000000000006395,40,171.00000000000318,54,70,45,8.2700000000000493,745.50000000000125,SSSW,model_assisted_not_ground_truth,0,0,0,0,0,0,0,0,0,0,0
6.60,0,28,35.999999999995559,40.999999999997783,171,54,70,45,8.2899999999999547,745.99999999999886,SSSW,model_assisted_not_ground_truth,0,0,0,0,0,0,0,0,0,0,0
6.61,0,28,34.000000000002665,41,171,54,70,44.000000000001336,8.3199999999999612,743.00000000000398,SSSW,model_assisted_not_ground_truth,0,0,0,0,0,0,0,0,0,0,0
6.62,0,28,35.999999999999112,41,171.99999999999955,54,70,44.999999999999559,8.4599999999999387,756.99999999999375,SSSW,model_assisted_not_ground_truth,0,0,0,0,0,0,0,0,0,0,0
6.63,0,28,36,41,171.99999999999955,54,70,44.000000000000448,8.3799999999999333,746.99999999998624,SSSW,model_assisted_not_ground_truth,0,0,0,0,0,0,0,0,0,0,0
6.64,0,28,36,41,171.00000000000142,54,70,45,8.2299999999995741,715.99999999998431,SSSW,model_assisted_not_ground_truth,0,0,0,0,0,0,0,0,0,0,0
6.65,0,28,35.999999999995381,41,171.9999999999977,54,70,45,7.9300000000001614,705.00000000000227,SSSW,model_assisted_not_ground_truth,0,0,0,0,0,0,0,0,0,0,0
6.66,0,28,34,41,171,54,70.000000000003197,45,8,705.99999999999523,SSSW,model_assisted_not_ground_truth,0,0,0,0,0,0,0,0,0,0,0
6.67,0,28,34,40.999999999991829,171.00000000000409,54,70.999999999995907,44.999999999995914,8,704.49999999999386,SSSW,model_assisted_not_ground_truth,0,0,0,0,0,0,0,0,0,0,0
6.68,0,28,34.000000000009948,39.000000000009948,172,54,70,44,8.0000000000000497,703.00000000004479,SSSW,model_assisted_not_ground_truth,0,0,0,0,0,0,0,0,0,0,0
6.69,0,28,36,41,172,54,70.000000000005954,44.000000000005947,8.0100000000005362,711.99999999998806,SSSW,model_assisted_not_ground_truth,0,0,0,0,0,0,0,0,0,0,0
6.70,0,28,36,41,172,54,70.999999999995467,44.999999999995467,8.1000000000032824,710.00000000012312,SSSW,model_assisted_not_ground_truth,0,0,0,0,0,0,0,0,0,0,0
6.71,0,28,36,41,172.99999999999636,54,70.000000000003638,45,8.5800000000000782,727.99999999993815,SSSW,model_assisted_not_ground_truth,0,0,0,0,0,0,0,0,0,0,0
6.72,0,28,36,41,172.00000000000276,54,70,45,8.5899999999987084,720.0000000002326,SSSW,model_assisted_not_ground_truth,0,0,0,0,0,0,0,0,0,0,0
6.73,0,27.000000000001776,35.000000000001776,40.000000000001776,172.99999999999824,54,70,45,8.440000000000266,746.99999999995202,SSSW,model_assisted_not_ground_truth,0,0,0,0,0,0,0,0,0,0,0
6.74,0,27.999999999999112,35.999999999999112,40.999999999999112,172.00000000000088,54,70,44.000000000000888,8.4100000000000268,737.00000000000887,SSSW,model_assisted_not_ground_truth,0,0,0,0,0,0,0,0,0,0,0
6.75,0,28,34,41,172,55,71,46,8.4849999999999994,745,SSSW,model_assisted_not_ground_truth,0,0,0,0,0,0,0,0,0,0,0
6.76,0,28,35.999999999998224,41.000000000000888,173.00000000000534,54.999999999999112,71.000000000004448,52.000000000006217,8.5600000000000893,752.99999999998136,SSSW,model_assisted_not_ground_truth,0,0,0,0,0,0,0,0,0,0,0
6.77,0,28.000000000001865,34.00000000000373,42.000000000001869,179.0000000000056,54.000000000001869,76.000000000014921,59.000000000007461,8.659999999999739,732.00000000013426,SSSW,model_assisted_not_ground_truth,0,0,0,0,0,0,0,0,0,0,0
6.78,0,29,36,42.999999999997243,182.00000000001376,55,84.000000000027541,63.000000000011013,8.5199999999999712,803.99999999998624,SSSW,model_assisted_not_ground_truth,0,0,0,0,0,0,0,0,0,0,0
6.79,0,29.000000000003642,36,42.000000000003645,187.00000000001822,55.000000000003645,94.00000000004006,67.000000000014566,8.5100000000001099,798.99999999995271,SSSW,model_assisted_not_ground_truth,0,0,0,0,0,0,0,0,0,0,0
6.80,0,30.000000000009059,36,42.999999999995467,192.00000000003624,56.000000000004533,105.00000000004982,71.000000000031704,8.5400000000016298,786.00000000006344,SSSW,model_assisted_not_ground_truth,0,0,0,0,0,0,0,0,0,0,0
6.81,0,32,35.999999999988987,42.000000000011013,200.00000000004957,57.000000000022027,116.00000000006608,78.00000000003854,8.8999999999996149,799.99999999988984,SSSW,model_assisted_not_ground_truth,0,0,0,0,0,0,0,0,0,0,0
6.82,0,32,34.000000000009948,43.999999999990052,208.99999999995524,60.999999999980105,127.99999999994031,84.999999999965183,8.8299999999998722,780.00000000020145,SSSW,model_assisted_not_ground_truth,0,0,0,0,0,0,0,0,0,0,0
6.83,0,32.999999999995914,34.999999999995914,44,209,61,132.99999999997956,89.999999999979565,8.8099999999998531,811.50000000022942,SSSW,model_assisted_not_ground_truth,0,0,0,0,0,0,0,0,0,0,0
6.84,0,33,35.999999999996803,44.999999999996803,210.99999999999361,61,136.99999999998721,99.999999999968026,8.7899999999998357,843.00000000004081,SSSW,model_assisted_not_ground_truth,0,0,0,0,0,0,0,0,0,0,0
6.85,0,33,36,45,214.99999999999113,61,140.99999999999113,101.99999999999557,8.770000000000044,847.99999999998886,SSSW,model_assisted_not_ground_truth,0,0,0,0,0,0,0,0,0,0,0
6.86,0,33.999999999998664,36.999999999998664,45,217.99999999999599,62.999999999997335,147.99999999999068,107.99999999999201,8.6600000000001458,828.0000000000266,SSSW,model_assisted_not_ground_truth,0,0,0,0,0,0,0,0,0,0,0
6.87,0,34,37,45,220.99999999999866,63.999999999999559,148.99999999999955,110.99999999999866,8.7699999999999498,858.99999999998624,SSSW,model_assisted_not_ground_truth,0,0,0,0,0,0,0,0,0,0,0
6.88,0,35,39.000000000000888,43.000000000000888,222.00000000000045,64,151.00000000000045,115.0000000000009,8.6899999999999729,849.99999999999648,SSSW,model_assisted_not_ground_truth,0,0,0,0,0,0,0,0,0,0,0
6.89,0,35.000000000001421,41.000000000001421,44.999999999997158,222.99999999999289,63.999999999998579,151.99999999999716,116.99999999999289,8.6299999999998445,842.00000000001,SSSW,model_assisted_not_ground_truth,0,0,0,0,0,0,0,0,0,0,0
6.90,0,36.000000000002309,41.999999999997691,43.000000000004619,218,62.999999999997691,150,111.99999999999538,8.519999999999941,848.99999999996885,SSSW,model_assisted_not_ground_truth,0,0,0,0,0,0,0,0,0,0,0
6.91,0,37,41.000000000006395,44.999999999993605,217.99999999999039,62,149.99999999999361,109.99999999999041,8.4949999999999193,835.4999999999568,SSSW,model_assisted_not_ground_truth,0,0,0,0,0,0,0,0,0,0,0
6.92,0,37.000000000044942,43,43.000000000004086,214.99999999998775,62.000000000004086,147.99999999999181,106.99999999999183,8.4700000000002866,822.00000000003274,SSSW,model_assisted_not_ground_truth,0,0,0,0,0,0,0,0,0,0,0
6.93,0,48.000000000004974,43,44,211.99999999999503,62.999999999995026,145.99999999999005,104.9999999999801,8.5399999999981588,829.99999999990553,SSSW,model_assisted_not_ground_truth,0,0,0,0,0,0,0,0,0,0,0
6.94,0,49,43,44,210.99999999999406,62,143.99999999998809,100.99999999998215,8.170000000000357,810.99999999995237,SSSW,model_assisted_not_ground_truth,0,0,0,0,0,0,0,0,0,0,0
6.95,0,49,43,44,210.00000000000452,62,142.00000000000907,98.000000000013586,8.230000000000274,802.99999999983584,SSSW,model_assisted_not_ground_truth,0,0,0,0,0,0,0,0,0,0,0
6.96,0,49.999999999996362,43.999999999996362,43.000000000003638,210,62,140.00000000000728,98,8.269999999999845,778.99999999990723,SSSW,model_assisted_not_ground_truth,0,0,0,0,0,0,0,0,0,0,0
6.97,0,50.999999999997243,42.000000000005507,42.000000000002757,209.00000000000276,62,139.00000000000276,92.000000000016513,8.2499999999999147,766.99999999990519,SSSW,model_assisted_not_ground_truth,0,0,0,0,0,0,0,0,0,0,0
6.98,0,51.999999999998224,42.999999999998224,43.999999999996447,209,62,136.00000000000534,88.000000000007105,8.240000000000018,756.00000000001955,SSSW,model_assisted_not_ground_truth,0,0,0,0,0,0,0,0,0,0,0
6.99,0,51.000000000000888,43.999999999999112,44,209,62,136.99999999999912,88.999999999999119,7.7650000000004216,737.00000000001683,SSSW,model_assisted_not_ground_truth,0,0,0,0,0,0,0,0,0,0,0
7.00,0,44,43,44,209,62,134,88,7.29,718,SSSW,model_assisted_not_ground_truth,0,0,0,0,0,0,0,0,0,0,0
7.01,0,38.999999999999112,44,44,210.00000000000088,62,134.99999999999912,88.000000000000895,7.2399999999998581,722.99999999999022,SSSW,model_assisted_not_ground_truth,0,0,0,0,0,0,0,0,0,0,0
7.02,0,38,44,44,211.00000000000188,62,133.99999999999812,89,7.0800000000001306,711.99999999999068,SSSW,model_assisted_not_ground_truth,0,0,0,0,0,0,0,0,0,0,0
7.03,0,38,44.000000000002757,44.000000000002757,212,62,133.00000000000276,89,7.14999999999967,706.99999999996419,SSSW,model_assisted_not_ground_truth,0,0,0,0,0,0,0,0,0,0,0
7.04,0,38.000000000003645,44.999999999996355,45,212.00000000000728,62.000000000003645,134.00000000000728,89.000000000003638,7.0299999999986529,693.99999999990894,SSSW,model_assisted_not_ground_truth,0,0,0,0,0,0,0,0,0,0,0
7.05,0,39.000000000009059,43.999999999997733,45,214.00000000000679,63.000000000004526,136.00000000000679,90.000000000006793,6.6600000000001591,668.99999999994111,SSSW,model_assisted_not_ground_truth,0,0,0,0,0,0,0,0,0,0,0
7.06,0,40.999999999999645,43.500000000000085,45,215.49999999999974,63.999999999999822,137.49999999999974,91.49999999999973,6.695000000000193,655.99999999992838,SSSW,model_assisted_not_ground_truth,0,0,0,0,0,0,0,0,0,0,0
7.07,0,42.999999999990052,43.000000000002487,45,216.99999999999255,64.999999999995026,138.99999999999255,92.999999999992539,6.730000000001791,642.99999999984652,SSSW,model_assisted_not_ground_truth,0,0,0,0,0,0,0,0,0,0,0
7.08,0,51.999999999963229,43.999999999995914,45,218.99999999999181,65,140.99999999999181,93.999999999995907,7.0100000000001454,618.99999999996362,SSSW,model_assisted_not_ground_truth,0,0,0,0,0,0,0,0,0,0,0
7.09,0,52,57.999999999955236,45,224.99999999998082,67.999999999990408,142.99999999999361,103.99999999996803,7.0300000000004088,614.00000000008174,SSSW,model_assisted_not_ground_truth,0,0,0,0,0,0,0,0,0,0,0
7.10,0,54.999999999993335,68.999999999975572,45,228.99999999999113,87.999999999955591,148.99999999998667,107.99999999999112,7.079999999999889,623.99999999997783,SSSW,model_assisted_not_ground_truth,0,0,0,0,0,0,0,0,0,0,0
7.11,0,56.999999999997335,78.99999999998667,45.999999999998664,231.99999999999599,96.999999999988006,150.99999999999733,109.99999999999733,7.1599999999998936,636.99999999998272,SSSW,model_assisted_not_ground_truth,0,0,0,0,0,0,0,0,0,0,0
7.12,0,60.999999999998224,79.999999999999559,46.999999999999559,235.99999999999824,101.99999999999778,154.99999999999824,120.99999999999511,6.7700000000001728,598.00000000001728,SSSW,model_assisted_not_ground_truth,0,0,0,0,0,0,0,0,0,0,0
7.13,0,67.000000000002217,84.000000000003553,47,235.00000000000045,113.00000000000711,158,126.00000000000134,6.6999999999998892,596.99999999999739,SSSW,model_assisted_not_ground_truth,0,0,0,0,0,0,0,0,0,0,0
7.14,5.6843418860859714e-12,72.000000000007105,92.000000000001421,47,236.00000000000284,129.00000000000711,158,128.99999999999858,6.4500000000000286,590.99999999999852,SSSW,model_assisted_not_ground_truth,0,0,0,0,0,0,0,0,0,0,0
7.15,4.0000000000392575,77.000000000039265,93.000000000006935,47.000000000002309,238,134.00000000000463,157.99999999999537,127.99999999999768,6.4700000000000468,589.99999999999773,SSSW,model_assisted_not_ground_truth,0,0,0,0,0,0,0,0,0,0,0
7.16,21.000000000028777,94.00000000002558,95.999999999996803,48,238,136.00000000000961,156.00000000000961,126.99999999999361,6.4899999999999682,589.00000000008959,SSSW,model_assisted_not_ground_truth,0,0,0,0,0,0,0,0,0,0,0
7.17,30.000000000028599,102.00000000005312,95,48,238.00000000000819,139.00000000001634,159,124.99999999997956,6.4800000000010627,617.00000000002456,SSSW,model_assisted_not_ground_truth,0,0,0,0,0,0,0,0,0,0,0
7.18,37.000000000059686,115.00000000008455,95.000000000004974,48,240.00000000002487,143.00000000000995,159.0000000000199,119.99999999999503,6.7400000000010944,623.00000000005969,SSSW,model_assisted_not_ground_truth,0,0,0,0,0,0,0,0,0,0,0
7.19,49.000000000017849,132.00000000019637,96,48,245.00000000001785,145.00000000002379,163.00000000000594,119.00000000000595,6.9600000000000595,635.00000000000591,SSSW,model_assisted_not_ground_truth,0,0,0,0,0,0,0,0,0,0,0
7.20,51.999999999986414,164.9999999998505,96,48,247.99999999998641,148.99999999998187,163.99999999999548,119.99999999999547,6.9699999999992475,636.00000000033515,SSSW,model_assisted_not_ground_truth,0,0,0,0,0,0,0,0,0,0,0
7.21,62.99999999995994,176.99999999995629,93.000000000010928,48,248,150.99999999999272,165.99999999999272,119.00000000000364,6.859999999999923,685.00000000000773,SSSW,model_assisted_not_ground_truth,0,0,0,0,0,0,0,0,0,0,0
7.22,75.999999999964203,186.99999999997246,95.999999999991743,48,249.99999999999449,153.99999999999173,165.00000000000276,119.99999999999724,6.8499999999999712,686.00000000000296,SSSW,model_assisted_not_ground_truth,0,0,0,0,0,0,0,0,0,0,0
7.23,83.999999999985789,197.99999999998045,89.000000000012434,47.000000000001776,252.99999999999466,153.00000000000176,165.99999999999824,120.99999999999822,6.8400000000000176,686.99999999999818,SSSW,model_assisted_not_ground_truth,0,0,0,0,0,0,0,0,0,0,0
7.24,91.999999999992895,203.99999999999466,87.000000000001776,47.999999999999112,253.99999999999912,156.99999999999645,164.00000000000176,121,6.66000000000016,674.0000000000116,SSSW,model_assisted_not_ground_truth,0,0,0,0,0,0,0,0,0,0,0
7.25,93,208,80,48,253,158,165,118,6.9400000000000004,674,SSSW,model_assisted_not_ground_truth,0,0,0,0,0,0,0,0,0,0,0
7.26,95,210.00000000000179,74.999999999999105,48,248.99999999999912,160,163.99999999999821,114.99999999999467,6.8999999999999648,740.99999999997783,SSSW,model_assisted_not_ground_truth,0,0,0,0,0,0,0,0,0,0,0
7.27,95,212.00000000000188,74,48,247.99999999999812,159.99999999999253,161.99999999999812,108.99999999997576,6.8599999999998884,715.99999999997203,SSSW,model_assisted_not_ground_truth,0,0,0,0,0,0,0,0,0,0,0
7.28,94.999999999997243,212.99999999998624,73.999999999994486,48,246.99999999998897,155.99999999999724,160.99999999999724,95.999999999983473,6.8000000000015968,701.00000000007435,SSSW,model_assisted_not_ground_truth,0,0,0,0,0,0,0,0,0,0,0
7.29,93.99999999999271,207.99999999997451,72.000000000029132,48,243,154.99999999998909,159.99999999999272,89.999999999970868,7.380000000000055,727.99999999995816,SSSW,model_assisted_not_ground_truth,0,0,0,0,0,0,0,0,0,0,0
7.30,91.999999999990933,200.99999999995924,80.000000000013586,48,242.99999999999548,151.99999999999548,157.99999999999093,81.999999999990933,7.395000000000068,716.49999999994793,SSSW,model_assisted_not_ground_truth,0,0,0,0,0,0,0,0,0,0,0
7.31,90.0000000000055,191.99999999996146,83.0000000000055,48,242,150.99999999997246,155.99999999999449,79.999999999983487,7.4099999999996147,704.99999999994498,SSSW,model_assisted_not_ground_truth,0,0,0,0,0,0,0,0,0,0,0
7.32,90.999999999995026,185.00000000003482,83.999999999995026,48,242,146.00000000002487,155.00000000000497,77.000000000014921,7.3400000000007672,695.00000000045407,SSSW,model_assisted_not_ground_truth,0,0,0,0,0,0,0,0,0,0,0
7.33,91.999999999995907,179.0000000000245,87.999999999983658,48,241.00000000000409,144.00000000000819,153.00000000000819,77,7.4599999999991988,765.99999999986164,SSSW,model_assisted_not_ground_truth,0,0,0,0,0,0,0,0,0,0,0
7.34,90.000000000006395,170.00000000002876,90.999999999990408,48,241.99999999999682,141.00000000000961,149.00000000001279,77,7.3499999999991008,747,SSSW,model_assisted_not_ground_truth,0,0,0,0,0,0,0,0,0,0,0
7.35,87.000000000006665,165.00000000001111,88.000000000006665,48,242,137.00000000000887,144.00000000001111,73.000000000008882,7.2400000000002445,747,SSSW,model_assisted_not_ground_truth,0,0,0,0,0,0,0,0,0,0,0
7.36,82.000000000006665,159.00000000000799,84.000000000005329,47.000000000001336,241.00000000000134,136.00000000000134,136.00000000001066,68.000000000006665,7.279999999999947,740.00000000000932,SSSW,model_assisted_not_ground_truth,0,0,0,0,0,0,0,0,0,0,0
7.37,76.000000000002672,156.00000000000134,82.000000000000881,47,238.00000000000134,134.00000000000088,134.00000000000088,66.000000000000881,7.3799999999999555,719.00000000000932,SSSW,model_assisted_not_ground_truth,0,0,0,0,0,0,0,0,0,0,0
7.38,72.999999999997783,147.99999999999466,80.999999999997328,46.999999999999552,236.00000000000045,130.99999999999955,131.99999999999912,63.999999999999552,7.5300000000000047,768.99999999999818,SSSW,model_assisted_not_ground_truth,0,0,0,0,0,0,0,0,0,0,0
7.39,67.999999999977263,135.99999999998295,75.000000000004263,46,236.99999999999858,129.99999999999716,129.99999999999574,62.999999999997158,7.5400000000000142,764.99999999999432,SSSW,model_assisted_not_ground_truth,0,0,0,0,0,0,0,0,0,0,0
7.40,52.000000000002309,123.99999999993996,77.999999999983828,46,235.9999999999977,127.99999999999768,126.99999999999538,60.999999999995381,7.5500000000000229,761.00000000001387,SSSW,model_assisted_not_ground_truth,0,0,0,0,0,0,0,0,0,0,0
7.41,52.999999999996803,97.999999999968026,71,46,234.99999999999679,127,125,58.999999999993605,7.5600000000001275,767.00000000000318,SSSW,model_assisted_not_ground_truth,0,0,0,0,0,0,0,0,0,0,0
7.42,51.999999999987743,87.999999999983658,71.000000000004093,46,234.00000000000409,127.00000000000409,125,56.999999999991829,7.5999999999999996,767.99999999998772,SSSW,model_assisted_not_ground_truth,0,0,0,0,0,0,0,0,0,0,0
7.43,48.999999999997513,83.999999999982592,71.999999999992539,46,235.00000000000247,128.00000000000247,125.00000000000249,55.000000000002487,7.5999999999998007,764.99999999986073,SSSW,model_assisted_not_ground_truth,0,0,0,0,0,0,0,0,0,0,0
7.44,48.499999999999865,80.499999999999062,70.499999999999602,46,235.50000000000014,128.50000000000014,125.50000000000013,55.500000000000135,7.5600000000008327,737.00000000008924,SSSW,model_assisted_not_ground_truth,0,0,0,0,0,0,0,0,0,0,0
7.45,48.000000000002267,77.000000000015859,69.000000000006793,46,235.99999999999773,128.99999999999773,125.99999999999774,55.999999999997733,7.7000000000004789,752,SSSW,model_assisted_not_ground_truth,0,0,0,0,0,0,0,0,0,0,0
7.46,46.500000000005464,74.000000000010928,73.999999999981796,46,236.49999999999818,129.49999999999818,128.49999999999091,55.000000000003638,7.7700000000011196,752.00000000013904,SSSW,model_assisted_not_ground_truth,0,0,0,0,0,0,0,0,0,0,0
7.47,45.000000000004128,71.000000000008257,78.99999999998623,46,236.99999999999864,129.99999999999864,130.99999999999312,54.000000000002757,7.9150000000004255,770.00000000005275,SSSW,model_assisted_not_ground_truth,0,0,0,0,0,0,0,0,0,0,0
7.48,42.000000000005329,69.000000000003553,86.999999999985789,46,238.99999999999645,131.99999999999645,139.99999999998403,54.999999999998224,8.0599999999997429,787.99999999996805,SSSW,model_assisted_not_ground_truth,0,0,0,0,0,0,0,0,0,0,0
7.49,40.000000000001776,69,94.999999999992895,46.999999999999112,238.00000000000088,136.99999999999557,145.99999999999466,60.999999999994671,8.3499999999997421,799.99999999998931,SSSW,model_assisted_not_ground_truth,0,0,0,0,0,0,0,0,0,0,0
7.50,38,70,95,47,239,145,150,64,8.6600000000000001,772,SSSW,model_assisted_not_ground_truth,0,0,0,0,0,0,0,0,0,0,0
7.51,37.000000000000888,71.000000000000895,98.000000000003553,47,239.99999999999821,144.00000000000622,155.00000000000534,69.000000000006224,8.7300000000000892,801.00000000000261,SSSW,model_assisted_not_ground_truth,0,0,0,0,0,0,0,0,0,0,0
7.52,37.999999999998131,72.000000000007461,102.00000000001306,47.000000000001869,238,151.0000000000112,161.00000000000932,76.000000000009322,8.8300000000001404,804.00000000000284,SSSW,model_assisted_not_ground_truth,0,0,0,0,0,0,0,0,0,0,0
7.53,37,76.000000000002757,108.99999999999174,48,238,157.00000000001376,166.00000000001103,81.000000000022027,8.9050000000002072,805.50000000000409,SLT,model_assisted_not_ground_truth,0,0,0,0,0,0,0,0,0,0,0
7.54,36.999999999992717,77,106.00000000002549,47.999999999996355,238.00000000001458,162.00000000001822,170.00000000001822,89.000000000036422,8.9800000000005475,806.99999999998545,SLT,model_assisted_not_ground_truth,0,0,0,0,0,0,0,0,0,0,0
7.55,35,77.000000000009067,113.00000000002719,47.000000000004533,241.99999999999548,167.00000000001813,175.00000000000907,99.000000000036238,9.1299999999993204,803,SLT,model_assisted_not_ground_truth,0,0,0,0,0,0,0,0,0,0,0
7.56,35.000000000011013,79.0000000000055,119.00000000001101,47.999999999994493,241.00000000001651,171.00000000001651,177.00000000003303,107.00000000006057,8.9800000000006612,802.99999999998352,SLT,model_assisted_not_ground_truth,0,0,0,0,0,0,0,0,0,0,0
7.57,36.999999999990052,79.999999999995026,120.99999999999005,47.000000000004974,243.99999999998508,173.99999999998508,182.99999999997016,117.99999999994529,9.0999999999987846,800,SLT,model_assisted_not_ground_truth,0,0,0,0,0,0,0,0,0,0,0
7.58,37,80,127.99999999997141,52.999999999975486,243.00000000000409,183.99999999995913,188.9999999999755,130.99999999994688,8.9100000000021851,799.99999999962131,SLT,model_assisted_not_ground_truth,0,0,0,0,0,0,0,0,0,0,0
7.59,38.999999999993605,82.999999999990408,134.9999999999776,70.999999999942446,243,191.99999999997442,194.99999999998082,138.99999999997442,9.2100000000003277,747.99999999995919,SLT,model_assisted_not_ground_truth,0,0,0,0,0,0,0,0,0,0,0
7.60,41.999999999993335,86.999999999991118,139.99999999998889,82.999999999973355,245.99999999999335,198.99999999998445,201.99999999998445,143.99999999998889,9.2499999999999112,743.00000000001114,SLT,model_assisted_not_ground_truth,0,0,0,0,0,0,0,0,0,0,0
7.61,43.999999999997335,89.999999999996007,141.99999999999733,88.999999999992013,249.99999999999466,214.99999999997868,209.99999999998934,147.99999999999466,9.3699999999998411,751.49999999998863,SLT,model_assisted_not_ground_truth,0,0,0,0,0,0,0,0,0,0,0
7.62,45.999999999999112,94.999999999997783,150.99999999999599,91.999999999998664,252.99999999999866,218.99999999999824,222.99999999999423,156.99999999999599,9.4899999999999469,759.99999999999625,SLT,model_assisted_not_ground_truth,0,0,0,0,0,0,0,0,0,0,0
7.63,46.000000000000448,101.00000000000267,154.00000000000489,95.999999999999105,258.00000000000045,221.00000000000134,229.00000000000267,165.00000000000222,9.0899999999999554,744.9999999999925,SLT,model_assisted_not_ground_truth,0,0,0,0,0,0,0,0,0,0,0
7.64,47,107.00000000002274,165.00000000000568,94.000000000004263,259,224.00000000000568,235.00000000000568,170.00000000000426,8.9900000000001565,727.99999999999147,SLT,model_assisted_not_ground_truth,0,0,0,0,0,0,0,0,0,0,0
7.65,46.999999999997691,123.00000000002541,169.00000000000463,97.000000000006935,259.0000000000046,228.00000000000463,239.0000000000023,173.00000000000463,9.1000000000025629,721.99999999979673,SLT,model_assisted_not_ground_truth,0,0,0,0,0,0,0,0,0,0,0
7.66,45.999999999996803,134.00000000002879,171.00000000000961,100.00000000001279,261,230.00000000000961,240.00000000000639,174.99999999999679,10.210000000000768,633.99999999994247,SLT,model_assisted_not_ground_truth,0,0,0,0,0,0,0,0,0,0,0
7.67,44.999999999987743,143.00000000002859,174.00000000000819,104.00000000000817,261,233.00000000001225,242.00000000000409,174.00000000001634,10.450000000001388,615.99999999994282,SLT,model_assisted_not_ground_truth,0,0,0,0,0,0,0,0,0,0,0
7.68,41.999999999990052,150.00000000000497,176.00000000001492,105.99999999995026,260.999999999995,236.00000000000497,243.00000000000497,177.99999999999005,10.790000000002735,601.99999999970657,SLT,model_assisted_not_ground_truth,0,0,0,0,0,0,0,0,0,0,0
7.69,39.999999999994053,150.99999999998809,179,96.000000000029758,260.00000000001785,237.00000000000594,243.99999999998809,176,11.340000000000298,543.00000000002979,SLT,model_assisted_not_ground_truth,0,0,0,0,0,0,0,0,0,0,0
7.70,39.000000000004533,149.00000000000907,179,100.99999999997735,262.99999999998641,237.99999999999548,242.00000000000907,176,11.390000000000342,548.00000000003422,SLT,model_assisted_not_ground_truth,0,0,0,0,0,0,0,0,0,0,0
7.71,33.000000000021849,142.00000000002549,178.00000000000364,96.000000000018204,259.00000000001455,237.00000000000364,239.00000000001091,171.00000000001822,11.439999999999921,552.99999999981458,SLT,model_assisted_not_ground_truth,0,0,0,0,0,0,0,0,0,0,0
7.72,28.000000000013767,121.00000000005782,178.99999999999724,93.000000000008257,254.00000000001376,235.00000000000551,234.00000000001376,168.00000000000827,11.42999999999776,528.99999999989666,SLT,model_assisted_not_ground_truth,0,0,0,0,0,0,0,0,0,0,0
7.73,22.000000000010658,112.00000000001599,173.00000000001066,89.000000000007105,250.00000000000711,228.00000000001245,219.00000000002666,160.00000000001421,11.170000000000462,517.00000000002137,SLT,model_assisted_not_ground_truth,0,0,0,0,0,0,0,0,0,0,0
7.74,17.000000000004441,103.00000000000799,161.00000000001066,67.00000000001954,237.00000000001154,225.00000000000267,214.00000000000443,145.00000000001333,11.130000000000036,513.00000000000352,SLT,model_assisted_not_ground_truth,0,0,0,0,0,0,0,0,0,0,0
7.75,16,89,148,46,231,210,194,133,11.17,514,SLT,model_assisted_not_ground_truth,0,0,0,0,0,0,0,0,0,0,0
7.76,3.9999999999964473,73.999999999983118,137.9999999999911,46,228.99999999999289,198.99999999998491,168.9999999999778,110.99999999998579,10.689999999999955,452.99999999999511,SLT,model_assisted_not_ground_truth,0,0,0,0,0,0,0,0,0,0,0
7.77,0,54.999999999977618,127.9999999999627,45.999999999998131,220.99999999996828,181.99999999997576,143.99999999992912,94.999999999983217,10.639999999999906,447.49999999998977,SLT,model_assisted_not_ground_truth,0,0,0,0,0,0,0,0,0,0,0
7.78,0,42.999999999988987,107.99999999992841,44.999999999994493,203.99999999995043,168.99999999992565,105.99999999994493,85.999999999964203,10.589999999999559,441.99999999995043,SLT,model_assisted_not_ground_truth,0,0,0,0,0,0,0,0,0,0,0
7.79,0,38.999999999992717,81.999999999868905,42.999999999989072,185.99999999993082,141.99999999980335,85.999999999879833,72.999999999894399,10.42999999999949,423.99999999991627,SLT,model_assisted_not_ground_truth,0,0,0,0,0,0,0,0,0,0,0
7.80,0,36.999999999990941,46,40.000000000004533,166.99999999992752,87.999999999900339,52.999999999977348,43.999999999995467,10.289999999997915,400.99999999967838,SLT,model_assisted_not_ground_truth,0,0,0,0,0,0,0,0,0,0,0
7.81,0,34.999999999977973,45.99999999996696,40.99999999998348,150.99999999992841,65.99999999996146,48.000000000005507,42.99999999996696,9.8300000000017622,329.99999999992292,SLT,model_assisted_not_ground_truth,0,0,0,0,0,0,0,0,0,0,0
7.82,0,31.000000000019895,40.000000000029843,38.000000000014921,138.00000000006466,59.000000000034817,48.999999999995026,37.000000000029843,10.149999999999361,315.99999999995521,SLT,model_assisted_not_ground_truth,0,0,0,0,0,0,0,0,0,0,0
7.83,0,31.999999999995914,38.000000000008171,37.000000000004086,129.00000000003678,53.000000000024514,48.000000000004086,37,10.050000000003715,309.0000000004224,SLT,model_assisted_not_ground_truth,0,0,0,0,0,0,0,0,0,0,0
7.84,0,32,35.000000000009592,35.000000000006395,117.00000000003837,53,48,35.000000000006395,10.560000000000041,367.00000000001631,SLT,model_assisted_not_ground_truth,0,0,0,0,0,0,0,0,0,0,0
7.85,0,31.00000000000222,35,34.000000000002217,117.99999999999778,52.000000000002217,46.000000000004441,35,10.565000000000017,369.00000000000693,SLT,model_assisted_not_ground_truth,0,0,0,0,0,0,0,0,0,0,0
7.86,0,31,35.999999999998664,34,116.00000000000267,52,46.999999999998664,35,10.569999999999993,370.99999999999733,SLT,model_assisted_not_ground_truth,0,0,0,0,0,0,0,0,0,0,0
7.87,0,31.999999999999556,36,33.000000000000441,106.00000000000443,51.000000000000441,47,34.000000000000441,10.879999999999864,398.99999999998755,SLT,model_assisted_not_ground_truth,0,0,0,0,0,0,0,0,0,0,0
7.88,0,32,34.999999999999112,32.999999999998664,108.00000000000044,49.999999999999552,46.999999999999552,35.000000000000448,9.8899999999997377,563.00000000001774,SLT,model_assisted_not_ground_truth,0,0,0,0,0,0,0,0,0,0,0
7.89,0,32.000000000001421,33.000000000002842,30.000000000002842,109,48.999999999998579,46,35.999999999997158,9.299999999996448,602.99999999995453,SLT,model_assisted_not_ground_truth,0,0,0,0,0,0,0,0,0,0,0
7.90,0,33,34.999999999997691,32,108.99999999999538,48,45.999999999997691,33.999999999997691,6.7999999999995149,570.99999999997226,SLT,model_assisted_not_ground_truth,0,0,0,0,0,0,0,0,0,0,0
7.91,0,32.999999999996803,33.999999999996803,31.999999999996803,107.00000000000959,48,44.999999999996803,32.999999999993605,6.5900000000004635,559.00000000001114,SLT,model_assisted_not_ground_truth,0,0,0,0,0,0,0,0,0,0,0
7.92,0,32,33,31,110.00000000001634,48,44,31,6.7350000000005927,562.50000000001432,SLT,model_assisted_not_ground_truth,0,0,0,0,0,0,0,0,0,0,0
7.93,0,31.999999999989875,32.999999999994934,31,113.99999999996456,48,44,31,6.8799999999999999,566.00000000017724,SLT,model_assisted_not_ground_truth,0,0,0,0,0,0,0,0,0,0,0
7.94,0,29.999999999994049,32,30.999999999994049,107.0000000000357,48,44.000000000011902,31.000000000005951,6.880000000000595,600.99999999993452,SLT,model_assisted_not_ground_truth,0,0,0,0,0,0,0,0,0,0,0
7.95,0,29.00000000000453,32,30.00000000000453,112.99999999997283,48,45.999999999990941,31.99999999999547,6.9800000000022573,590.00000000003422,SLT,model_assisted_not_ground_truth,0,0,0,0,0,0,0,0,0,0,0
7.96,0,29.999999999996358,32.999999999996362,30,114.99999999999272,48,45.000000000003638,32.999999999996362,7.3100000000001542,595.00000000028592,SLT,model_assisted_not_ground_truth,0,0,0,0,0,0,0,0,0,0,0
7.97,0,28.000000000005507,31.000000000005507,30.999999999997247,119.99999999998623,48,45,33,7.3299999999992247,631.99999999985357,SLT,model_assisted_not_ground_truth,0,0,0,0,0,0,0,0,0,0,0
7.98,0,27.000000000001776,31.999999999998224,31.999999999998224,121.99999999999645,48,45.999999999998224,33,7.2400000000001601,615.00000000003024,SLT,model_assisted_not_ground_truth,0,0,0,0,0,0,0,0,0,0,0
7.99,0,25.000000000001776,32.999999999999112,32,125.99999999999645,47.000000000000888,45.000000000000888,33.999999999999112,7.259999999999982,624.99999999999113,SLT,model_assisted_not_ground_truth,0,0,0,0,0,0,0,0,0,0,0
8.00,0,21,32,31,125,47,46,35,7.2000000000000002,605,SLT,model_assisted_not_ground_truth,0,0,0,0,0,0,0,0,0,0,0
8.01,0,17.999999999997335,32.000000000001776,34,124.99999999999289,46.000000000000888,46,34.999999999999112,7.2850000000000756,619.50000000001285,SLT,model_assisted_not_ground_truth,0,0,0,0,0,0,0,0,0,0,0
8.02,0,15.000000000014211,33.999999999996447,34,116.99999999999467,46.999999999996447,46,34.000000000001776,7.3700000000000356,633.99999999999818,SLT,model_assisted_not_ground_truth,0,0,0,0,0,0,0,0,0,0,0
8.03,0,22.999999999997335,32.000000000002665,33.999999999997335,113.99999999998401,45,46,35,7.3899999999998931,633.00000000001069,SLT,model_assisted_not_ground_truth,0,0,0,0,0,0,0,0,0,0,0
8.04,0,22.000000000007461,32.999999999992539,33.00000000000373,107.99999999996642,45,46,35.00000000000373,7.3499999999998877,636.99999999996271,SLT,model_assisted_not_ground_truth,0,0,0,0,0,0,0,0,0,0,0
8.05,0,24,31.000000000004619,33.999999999995381,99,45,46,36,7.3200000000005083,626.99999999998613,SLT,model_assisted_not_ground_truth,0,0,0,0,0,0,0,0,0,0,0
8.06,0,24,31.999999999988987,33.000000000005507,98.99999999996696,45,46,35.999999999994493,7.4299999999981274,623.99999999993395,SLT,model_assisted_not_ground_truth,0,0,0,0,0,0,0,0,0,0,0
8.07,0,24,30.000000000009948,33.999999999995026,93.000000000029843,45,46,35.000000000004974,7.0900000000003196,611.99999999995521,SLT,model_assisted_not_ground_truth,0,0,0,0,0,0,0,0,0,0,0
8.08,0,23.000000000004086,29.000000000004086,34,94.999999999991829,45,46,36.999999999991829,7.1400000000005823,604.9999999997633,SLT,model_assisted_not_ground_truth,0,0,0,0,0,0,0,0,0,0,0
8.09,0,23,26.000000000009592,33.000000000003197,115.99999999993285,45.999999999996803,46,36.000000000003197,7.2200000000001987,572.49999999991917,SLT,model_assisted_not_ground_truth,0,0,0,0,0,0,0,0,0,0,0
8.10,0,23.999999999997691,27.999999999995381,33,119.99999999999076,46,46,39.999999999990763,7.2999999999998151,540.00000000007503,SLT,model_assisted_not_ground_truth,0,0,0,0,0,0,0,0,0,0,0
8.11,0,24.999999999998579,27.000000000001421,33,127.99999999998863,46,46.999999999998579,39.000000000001421,7.2300000000000999,591.9999999999261,SLT,model_assisted_not_ground_truth,0,0,0,0,0,0,0,0,0,0,0
8.12,0,25,27,33,128.99999999999966,46.999999999999645,45.000000000000711,40.999999999999289,7.0500000000000638,588.00000000000136,SLT,model_assisted_not_ground_truth,0,0,0,0,0,0,0,0,0,0,0
8.13,0,26,25.000000000000533,33,132,46.000000000000533,46,38.999999999999467,7.2899999999999201,598.99999999997385,SLT,model_assisted_not_ground_truth,0,0,0,0,0,0,0,0,0,0,0
8.14,0,26.000000000001421,25.999999999998579,33,131.99999999999716,47,46,37.999999999997158,7.139999999999957,550,SLT,model_assisted_not_ground_truth,0,0,0,0,0,0,0,0,0,0,0
8.15,0,27,24.999999999997691,32.999999999995381,129.99999999998383,46.999999999997691,46,36,7.1099999999993884,549.99999999996305,SLT,model_assisted_not_ground_truth,0,0,0,0,0,0,0,0,0,0,0
8.16,0,26.999999999993605,23.999999999996803,30.999999999996803,122.99999999996483,46.000000000003197,45.999999999996803,36,6.8449999999991533,533.99999999994884,SLT,model_assisted_not_ground_truth,0,0,0,0,0,0,0,0,0,0,0
8.17,0,24.999999999995914,22.999999999995914,29.999999999995914,112.00000000001634,46.999999999995914,45,36,6.5799999999997958,517.99999999993054,SLT,model_assisted_not_ground_truth,0,0,0,0,0,0,0,0,0,0,0
8.18,0,24,22.000000000004974,28.999999999990052,115.99999999996518,45.999999999995026,45,36,6.5300000000017908,500.99999999996021,SLT,model_assisted_not_ground_truth,0,0,0,0,0,0,0,0,0,0,0
8.19,0,23.999999999994138,23,27,108.99999999999415,45,45,35.999999999994138,6.8900000000002342,493.00000000002348,SLT,model_assisted_not_ground_truth,0,0,0,0,0,0,0,0,0,0,0
8.20,0,23.000000000004619,23,27,108.00000000000462,45,45,35.000000000004619,6.9300000000014848,497.00000000004053,SLT,model_assisted_not_ground_truth,0,0,0,0,0,0,0,0,0,0,0
8.21,0,23.999999999996447,23,27,106.00000000000711,45,45.999999999996447,35,7.1500000000001567,503.00000000003126,SLT,model_assisted_not_ground_truth,0,0,0,0,0,0,0,0,0,0,0
8.22,0,25.999999999994671,23.999999999997335,26.000000000002665,104.00000000000533,45,46,35.999999999997335,7.1699999999975628,506.9999999997998,SLT,model_assisted_not_ground_truth,0,0,0,0,0,0,0,0,0,0,0
8.23,0,26.999999999998224,24.999999999998224,26,104.99999999999822,45,46,36,6.8900000000004971,484.00000000004087,SLT,model_assisted_not_ground_truth,0,0,0,0,0,0,0,0,0,0,0
8.24,0,25.000000000001776,24.000000000000888,25.000000000000888,108.99999999999645,45.999999999999112,46,37.999999999998224,6.8750000000000133,481.00000000000267,SLT,model_assisted_not_ground_truth,0,0,0,0,0,0,0,0,0,0,0
8.25,0,28,28,24,103,47,46,38,6.8600000000000003,478,SLT,model_assisted_not_ground_truth,0,0,0,0,0,0,0,0,0,0,0
8.26,0,29.000000000001776,27.000000000001776,23.999999999999112,80.999999999962697,48.000000000000888,46,39.000000000000888,6.6100000000000714,478.00000000000176,SLT,model_assisted_not_ground_truth,0,0,0,0,0,0,0,0,0,0,0
8.27,0,31.000000000003553,29.000000000003553,23,38.999999999991118,49,46.000000000001776,39.999999999998224,6.6900000000002668,480.00000000000358,SLT,model_assisted_not_ground_truth,0,0,0,0,0,0,0,0,0,0,0
8.28,0,33.000000000007994,31,23.000000000005329,33.999999999997335,49.000000000002665,47,39,6.840000000000666,482.00000000001864,SLT,model_assisted_not_ground_truth,0,0,0,0,0,0,0,0,0,0,0
8.29,0,36,31.000000000011191,24.999999999992539,33,50,47,39.00000000000373,7.0900000000007832,488.99999999997391,SLT,model_assisted_not_ground_truth,0,0,0,0,0,0,0,0,0,0,0
8.30,0,36.000000000009237,33.999999999995381,23.000000000004619,33,50,47.000000000004619,40,7.2999999999997689,482.00000000006003,SLT,model_assisted_not_ground_truth,0,0,0,0,0,0,0,0,0,0,0
8.31,0,38,33,24.000000000005507,33.000000000005507,50.000000000005507,48,40,7.2499999999995595,495.00000000025329,SLT,model_assisted_not_ground_truth,0,0,0,0,0,0,0,0,0,0,0
8.32,0,38,33,24.999999999995026,33.999999999995026,50.999999999995026,48,40,7.1699999999997441,540.99999999998397,SLT,model_assisted_not_ground_truth,0,0,0,0,0,0,0,0,0,0,0
8.33,0,38,33,26.999999999991829,34.999999999995914,50.000000000004086,48,52.999999999946887,7.1299999999997086,538.49999999998181,SLT,model_assisted_not_ground_truth,0,0,0,0,0,0,0,0,0,0,0
8.34,0,38.999999999996803,33.999999999996803,27,63.999999999907274,50.999999999996803,48,55.999999999990408,7.0899999999984473,536.00000000031048,SLT,model_assisted_not_ground_truth,0,0,0,0,0,0,0,0,0,0,0
8.35,0,41.999999999993072,34.999999999997691,28.999999999995381,92.999999999933038,50.000000000002309,48,62.999999999983835,6.9000000000004391,573.99999999991223,SLT,model_assisted_not_ground_truth,0,0,0,0,0,0,0,0,0,0,0
8.36,0,63.999999999968736,35,30.999999999997158,124.99999999995453,50.999999999998579,48.999999999998579,71.99999999998721,6.4400000000006541,600.99999999996157,SLT,model_assisted_not_ground_truth,0,0,0,0,0,0,0,0,0,0,0
8.37,0,130.99999999997618,34.000000000000355,28.000000000001066,141.99999999999397,52.999999999999289,49,80.999999999996803,6.2100000000000817,621.9999999999925,SLT,model_assisted_not_ground_truth,0,0,0,0,0,0,0,0,0,0,0
8.38,5.3290705182055982e-12,203.0000000000357,37.000000000008527,31.000000000001066,174.00000000002345,64.000000000002672,50.000000000011724,118.00000000001812,6.0599999999997012,645.99999999998886,SLT,model_assisted_not_ground_truth,0,0,0,0,0,0,0,0,0,0,0
8.39,10.000000000106581,270.00000000006821,53.000000000011369,33.000000000004263,218.0000000000739,69.000000000083844,72.000000000024158,152.00000000007816,5.4999999999999716,625,SLT,model_assisted_not_ground_truth,0,0,0,0,0,0,0,0,0,0,0
8.40,85.00000000015703,318.00000000009237,60.999999999993072,36.000000000011546,270.00000000007157,128.00000000009237,89.000000000050804,207.0000000000739,5.4799999999999542,625,SLT,model_assisted_not_ground_truth,0,0,0,0,0,0,0,0,0,0,0
8.41,153.00000000006077,358.00000000006395,57.999999999958433,41.000000000006395,301.00000000000961,168.00000000000961,110.99999999997762,238.99999999989129,5.4600000000005755,625.00000000015666,SLT,model_assisted_not_ground_truth,0,0,0,0,0,0,0,0,0,0,0
8.42,171.99999999978345,378,44.999999999963229,42.999999999995914,303.99999999993463,170.99999999997141,103.9999999998856,204.99999999981205,5.6400000000001222,674,SLT,model_assisted_not_ground_truth,0,0,0,0,0,0,0,0,0,0,0
8.43,118.99999999980602,377.99999999990547,35.999999999975131,42,287.99999999993531,163.99999999989058,75.999999999875655,158.99999999977618,5.6700000000038795,674.00000000024374,SLT,model_assisted_not_ground_truth,0,0,0,0,0,0,0,0,0,0,0
8.44,79.999999999988276,358.99999999994725,30.999999999994138,42.000000000005862,275.00000000006446,141.99999999987691,50.999999999994138,113.99999999992966,6.4500000000004105,723.00000000003513,SLT,model_assisted_not_ground_truth,0,0,0,0,0,0,0,0,0,0,0
8.45,78.000000000009237,350.00000000004155,30.000000000004619,42.999999999995381,285.99999999994918,121.00000000009699,50.000000000004619,102.00000000005542,6.5200000000024296,729.00000000027671,SLT,model_assisted_not_ground_truth,0,0,0,0,0,0,0,0,0,0,0
8.46,119.99999999985079,367.99999999993605,32.999999999989342,44.999999999992895,308.99999999991826,125.99999999998224,74.999999999911182,140.99999999986144,6.8800000000005861,770.00000000018372,SLT,model_assisted_not_ground_truth,0,0,0,0,0,0,0,0,0,0,0
8.47,160.99999999989075,374.99999999998136,34.999999999994671,71.999999999928065,324.99999999995737,164.99999999989609,99.99999999993338,183.99999999988543,6.9550000000002266,793.50000000007094,SLT,model_assisted_not_ground_truth,0,0,0,0,0,0,0,0,0,0,0
8.48,166.99999999998934,364.00000000001955,36.999999999996447,98.999999999952038,329.99999999999113,179.99999999997334,100,193.99999999998224,7.029999999999867,816.99999999995828,SLT,model_assisted_not_ground_truth,0,0,0,0,0,0,0,0,0,0,0
8.49,166.00000000000088,359.00000000000443,39.999999999997335,111.99999999998846,339.99999999999113,183.99999999999645,98.000000000001776,197.99999999999645,7.219999999999831,871.99999999995111,SLT,model_assisted_not_ground_truth,0,0,0,0,0,0,0,0,0,0,0
8.50,159,351,37,103,335,179,94,179,7.25,837,SLT,model_assisted_not_ground_truth,0,0,0,0,0,0,0,0,0,0,0
8.51,138.99999999998136,335.99999999998846,33.999999999998224,87.999999999963578,319.99999999999289,171.99999999998136,87.999999999992895,142.99999999997158,7.2899999999999645,831.99999999996896,SSLW,model_assisted_not_ground_truth,0,0,0,0,0,0,0,0,0,0,0
8.52,117.99999999998046,322.99999999998755,32.000000000001776,47,311.99999999999113,150.99999999997334,79.999999999992895,110.99999999998579,7.250000000000302,797.00000000001774,SSLW,model_assisted_not_ground_truth,0,0,0,0,0,0,0,0,0,0,0
8.53,106.9999999999547,315.99999999997334,33.000000000002665,46.999999999994671,306.99999999998931,135.99999999998136,75.999999999946709,102.99999999994671,7.4200000000000532,806.99999999996533,SSLW,model_assisted_not_ground_truth,0,0,0,0,0,0,0,0,0,0,0
8.54,89.999999999985079,305.99999999997016,34.00000000000373,45,302.99999999998505,128.99999999994776,55.999999999988809,82.999999999970157,7.4399999999991424,793.99999999996453,SSLW,model_assisted_not_ground_truth,0,0,0,0,0,0,0,0,0,0,0
8.55,85.999999999976907,297.99999999994918,34.999999999995381,44.999999999990763,298.99999999999073,114.99999999992149,53,74.999999999972289,7.2099999999989377,784.49999999995612,SSLW,model_assisted_not_ground_truth,0,0,0,0,0,0,0,0,0,0,0
8.56,80.99999999992842,286.9999999999394,34,43.000000000005507,296.99999999996146,97.999999999988987,52.999999999994493,68.999999999972474,6.9800000000003308,774.99999999993395,SSLW,model_assisted_not_ground_truth,0,0,0,0,0,0,0,0,0,0,0
8.57,68.000000000064659,276.00000000005468,34,43.999999999995026,290.00000000003479,96.000000000009948,52.000000000004974,64.000000000024869,7.0400000000007035,762.99999999989132,SSLW,model_assisted_not_ground_truth,0,0,0,0,0,0,0,0,0,0,0
8.58,39.000000000118483,267.00000000003678,34,44,280.00000000004087,79.000000000069463,51.000000000004086,56.000000000032685,7.1500000000061181,746.00000000022578,SSLW,model_assisted_not_ground_truth,0,0,0,0,0,0,0,0,0,0,0
8.59,14.000000000079936,250.00000000005434,34.999999999996803,44,275.00000000001597,72.000000000022382,51,49.000000000022382,7.9900000000007356,776.99999999991007,SSLW,model_assisted_not_ground_truth,0,0,0,0,0,0,0,0,0,0,0
8.60,7.0000000000161648,236.00000000003234,33.000000000004619,44,270.00000000001154,71.000000000002302,51,47.000000000004619,8.0799999999997922,766.00000000002535,SSLW,model_assisted_not_ground_truth,0,0,0,0,0,0,0,0,0,0,0
8.61,9.9475983006414026e-12,209.00000000003837,33,43.000000000001421,254.00000000002274,70.000000000001421,51,44.000000000004263,8.1899999999998432,753.00000000001842,SSLW,model_assisted_not_ground_truth,0,0,0,0,0,0,0,0,0,0,0
8.62,6.9999999999975131,199.00000000000355,33,43,243.00000000000392,69.000000000000355,51,44,7.5200000000002376,718.00000000001239,SSLW,model_assisted_not_ground_truth,0,0,0,0,0,0,0,0,0,0,0
8.63,0,188.99999999999307,33.999999999999467,42,228.99999999999679,68.999999999998394,51,43,7.6399999999999464,711.99999999999091,SSLW,model_assisted_not_ground_truth,0,0,0,0,0,0,0,0,0,0,0
8.64,0,175.999999999973,33,42,222.99999999999716,65.999999999997158,51.000000000001421,43,7.5399999999998579,694.9999999999759,SSLW,model_assisted_not_ground_truth,0,0,0,0,0,0,0,0,0,0,0
8.65,0,156.99999999996535,33.000000000002309,41.999999999997691,220.99999999999076,63.999999999997691,51.999999999997691,43,7.4399999999996771,678.00000000001614,SSLW,model_assisted_not_ground_truth,0,0,0,0,0,0,0,0,0,0,0
8.66,0,141.99999999985292,34.000000000003197,41,217.00000000000639,62.999999999993605,51,42.999999999993605,7.3000000000002556,684.99999999998397,SSLW,model_assisted_not_ground_truth,0,0,0,0,0,0,0,0,0,0,0
8.67,0,95.99999999988151,35.000000000004086,41.000000000004086,218.99999999997547,60.999999999979572,51,41,7.3799999999980797,679.99999999962824,SSLW,model_assisted_not_ground_truth,0,0,0,0,0,0,0,0,0,0,0
8.68,0,66.999999999865707,35.999999999990052,42,212.99999999997016,55.999999999995026,51,40.999999999995026,6.9099999999992043,588.99999999989552,SSLW,model_assisted_not_ground_truth,0,0,0,0,0,0,0,0,0,0,0
8.69,0,39.999999999976552,34.000000000005862,42,206.99999999998829,55,51,39.999999999994138,6.7500000000083826,568.00000000032242,SSLW,model_assisted_not_ground_truth,0,0,0,0,0,0,0,0,0,0,0
8.70,0,36.000000000017764,34.999999999995559,42,205.00000000000887,55,51,39.000000000004441,8.1800000000011082,622.99999999982685,SSLW,model_assisted_not_ground_truth,0,0,0,0,0,0,0,0,0,0,0
8.71,0,34.000000000007105,35,42.999999999996447,203.00000000000711,55,51,39,8.3400000000001953,597.99999999999216,SSLW,model_assisted_not_ground_truth,0,0,0,0,0,0,0,0,0,0,0
8.72,0,32.000000000005329,37.999999999992006,43,203,55,52.999999999994671,38.000000000002665,8.3650000000000766,596.99999999999693,SSLW,model_assisted_not_ground_truth,0,0,0,0,0,0,0,0,0,0,0
8.73,0,30.000000000003553,38,43.999999999998224,203,55,53.999999999998224,38.999999999998224,8.3899999999999562,596.00000000000182,SSLW,model_assisted_not_ground_truth,0,0,0,0,0,0,0,0,0,0,0
8.74,0,29.000000000000888,35.000000000002665,45.999999999998224,210.99999999999289,58.999999999996447,54,39.999999999999112,8.4599999999999387,595.00000000000091,SSLW,model_assisted_not_ground_truth,0,0,0,0,0,0,0,0,0,0,0
8.75,0,29,39,47,206,60,66,43,8.9700000000000006,636,SSLW,model_assisted_not_ground_truth,0,0,0,0,0,0,0,0,0,0,0
8.76,0,29,42.000000000001776,48,216.00000000000443,65.000000000001776,75.000000000009777,51.000000000017764,9.0300000000000438,634.99999999999375,SSLW,model_assisted_not_ground_truth,0,0,0,0,0,0,0,0,0,0,0
8.77,0,29.000000000005329,44.000000000047962,48.000000000055067,221.00000000000711,67.000000000076383,86.0000000000977,71.000000000044409,9.0799999999999113,627.99999999992178,SSLW,model_assisted_not_ground_truth,0,0,0,0,0,0,0,0,0,0,0
8.78,2.6645352591027991e-11,32.000000000007994,71.000000000050633,79.000000000018659,225.00000000000799,110.00000000009327,141.00000000005062,96.000000000039975,9.0299999999999194,583.99999999999329,SSLW,model_assisted_not_ground_truth,0,0,0,0,0,0,0,0,0,0,0
8.79,10.000000000011191,35.00000000000373,90.000000000089528,86.000000000048502,228.0000000000224,145.00000000006341,160.00000000006716,111.00000000005596,8.9999999999998881,581.49999999999068,SSLW,model_assisted_not_ground_truth,0,0,0,0,0,0,0,0,0,0,0
8.80,13.000000000055422,36.000000000027711,114.00000000012932,98.999999999986144,234.00000000002311,162.00000000008777,178.00000000007853,126.0000000000739,8.9699999999996773,578.9999999999261,SSLW,model_assisted_not_ground_truth,0,0,0,0,0,0,0,0,0,0,0
8.81,25.000000000044054,42.000000000104627,142.00000000012665,96.00000000003854,239.00000000004957,181.00000000014867,195.00000000008259,142.00000000006057,8.9000000000017074,563.00000000004957,SSLW,model_assisted_not_ground_truth,0,0,0,0,0,0,0,0,0,0,0
8.82,32.99999999996021,60.999999999905498,164.9999999998856,102.99999999996518,247.99999999995524,207.99999999986571,209.99999999992539,152.99999999994529,9.2100000000003206,572.00000000002558,SSLW,model_assisted_not_ground_truth,0,0,0,0,0,0,0,0,0,0,0
8.83,47.999999999938716,82.999999999910116,172.99999999996732,102.00000000000409,253.9999999999755,229.99999999991013,229.99999999991829,164.99999999995097,9.2600000000029858,575.99999999999272,SSLW,model_assisted_not_ground_truth,0,0,0,0,0,0,0,0,0,0,0
8.84,50.999999999990408,98.999999999948841,183.99999999996481,111.99999999996803,258.99999999998403,236.9999999999776,239.99999999996803,183.99999999993923,9.6700000000023696,574.99999999991826,SSLW,model_assisted_not_ground_truth,0,0,0,0,0,0,0,0,0,0,0
8.85,58.999999999981526,124.99999999993996,190.99999999998383,123.99999999997229,261.99999999999307,246.99999999997692,248.99999999997922,202.99999999995612,9.9599999999993312,565.00000000002308,SSLW,model_assisted_not_ground_truth,0,0,0,0,0,0,0,0,0,0,0
8.86,67.99999999998721,145.99999999997016,203.99999999998153,127.99999999999432,263.99999999999716,251.99999999999289,254.99999999999147,219.99999999997584,10.33999999999946,530.00000000004979,SSLW,model_assisted_not_ground_truth,0,0,0,0,0,0,0,0,0,0,0
8.87,82.999999999994671,164.99999999999324,213.99999999999645,129.99999999999929,264.99999999999966,257.99999999999784,258.99999999999858,220,10.344999999999999,524.50000000000193,SSLW,model_assisted_not_ground_truth,0,0,0,0,0,0,0,0,0,0,0
8.88,78.999999999998394,175.00000000000267,220.00000000000213,129.99999999999892,267.00000000000108,259.00000000000108,261,221.99999999999892,10.350000000000772,518.99999999999409,SSLW,model_assisted_not_ground_truth,0,0,0,0,0,0,0,0,0,0,0
8.89,75.999999999982947,179.99999999999716,223.99999999999858,127.99999999999005,268.99999999999716,260.99999999999858,260.99999999999858,220,11.800000000000029,507.99999999999716,SSLW,model_assisted_not_ground_truth,0,0,0,0,0,0,0,0,0,0,0
8.90,64.000000000004619,177.99999999998153,222.9999999999977,120.99999999997459,266.9999999999954,259.99999999999767,259.9999999999954,219.99999999996999,11.819999999999538,505.99999999996999,SSLW,model_assisted_not_ground_truth,0,0,0,0,0,0,0,0,0,0,0
8.91,65.999999999945643,169.99999999995524,221.9999999999776,109.99999999996163,264.99999999998403,258.99999999997442,257.99999999996481,206.99999999995202,11.620000000001662,493.0000000000224,SSLW,model_assisted_not_ground_truth,0,0,0,0,0,0,0,0,0,0,0
8.92,48.999999999946887,155.99999999989376,214.99999999997141,97.999999999950973,259.99999999995913,250.99999999999591,246.99999999995097,191.99999999996322,12.139999999999429,499.99999999988557,SSLW,model_assisted_not_ground_truth,0,0,0,0,0,0,0,0,0,0,0
8.93,35.999999999915445,129.99999999988063,207.99999999994529,85.999999999880629,249.99999999996021,249.99999999995026,234.99999999988063,182.99999999986073,11.999999999998309,471.99999999974631,SSLW,model_assisted_not_ground_truth,0,0,0,0,0,0,0,0,0,0,0
8.94,18.999999999888622,105.99999999988276,196.99999999990621,61.99999999991207,241.99999999993551,239.99999999994725,210.99999999984172,154.99999999984172,11.659999999995662,421.00000000021691,SSLW,model_assisted_not_ground_truth,0,0,0,0,0,0,0,0,0,0,0
8.95,8.4376949871511897e-11,86.000000000088818,181.00000000007105,47.000000000066613,231.00000000004886,231.00000000003996,184.00000000011991,128.00000000011991,10.920000000000416,458.00000000010391,SSLW,model_assisted_not_ground_truth,0,0,0,0,0,0,0,0,0,0,0
8.96,0,59.000000000095923,162.0000000000675,46.000000000003553,224.00000000002487,195.0000000001279,148.0000000001279,91.00000000013145,10.980000000000469,473.00000000011721,SSLW,model_assisted_not_ground_truth,0,0,0,0,0,0,0,0,0,0,0
8.97,0,41.000000000047962,126.00000000009592,44.000000000005329,217.00000000001864,165.00000000007992,99.000000000130569,76.000000000039961,11.039999999996692,487.999999999382,SSLW,model_assisted_not_ground_truth,0,0,0,0,0,0,0,0,0,0,0
8.98,0,38.000000000005329,106.00000000003553,43.000000000001776,192.00000000004439,137.00000000004974,76.000000000040856,61.000000000026645,10.660000000000675,417.00000000012614,SSLW,model_assisted_not_ground_truth,0,0,0,0,0,0,0,0,0,0,0
8.99,0,38,58.000000000042633,42.000000000000888,171.00000000001864,84.000000000047066,49.000000000023981,43.000000000015987,11.059999999999645,342.00000000006662,SSLW,model_assisted_not_ground_truth,0,0,0,0,0,0,0,0,0,0,0
9.00,0,34,46,39,153,66,49,44,10.630000000000001,308,SSLW,model_assisted_not_ground_truth,0,0,0,0,0,0,0,0,0,0,0
9.01,0,34.000000000000888,40.999999999996447,36,157.99999999999645,62.999999999991118,48,41,10.109999999999777,284.00000000002842,SSLW,model_assisted_not_ground_truth,0,0,0,0,0,0,0,0,0,0,0
9.02,0,35,36.999999999998224,36,153.99999999998934,53,48,40.999999999998224,9.8599999999992534,316.00000000022561,SSLW,model_assisted_not_ground_truth,0,0,0,0,0,0,0,0,0,0,0
9.03,0,35,36,35.999999999994671,147.99999999999733,53,48,40,9.4399999999988804,443.00000000033839,SSLW,model_assisted_not_ground_truth,0,0,0,0,0,0,0,0,0,0,0
9.04,0,35.00000000000373,35.99999999999627,34,146.99999999997388,53,48,39.99999999999627,9.0199999999972018,570.00000000043269,SSLW,model_assisted_not_ground_truth,0,0,0,0,0,0,0,0,0,0,0
9.05,0,36,34.999999999995381,34,139.99999999998613,52.999999999995381,47.999999999995381,38.999999999990763,8.2699999999951963,685.99999999967213,SSLW,model_assisted_not_ground_truth,0,0,0,0,0,0,0,0,0,0,0
9.06,0,36,34.000000000005507,34,136.99999999993943,51.999999999988987,47,36.999999999988987,7.2299999999997802,614.99999999996146,SSLW,model_assisted_not_ground_truth,0,0,0,0,0,0,0,0,0,0,0
9.07,0,36,34.999999999995026,34,126.00000000005471,50.000000000009948,47,35.000000000009948,7.1900000000001283,608.00000000029422,SSLW,model_assisted_not_ground_truth,0,0,0,0,0,0,0,0,0,0,0
9.08,0,36,34.000000000004086,34.999999999995914,122.00000000001634,50,46.000000000004086,34.000000000004086,7.2099999999986162,653.99999999989075,SSLW,model_assisted_not_ground_truth,0,0,0,0,0,0,0,0,0,0,0
9.09,0,35.000000000003197,34.999999999996803,34.000000000003197,125.99999999998721,49.000000000003197,45.000000000003197,32.000000000006395,7.0200000000007758,639.00000000003672,SSLW,model_assisted_not_ground_truth,0,0,0,0,0,0,0,0,0,0,0
9.10,0,34.000000000002309,34.000000000002309,33.000000000002309,118.00000000001847,48.000000000002309,45,31.000000000002309,7.11500000000032,643.50000000001523,SSLW,model_assisted_not_ground_truth,0,0,0,0,0,0,0,0,0,0,0
9.11,0,34,32.000000000002842,33.999999999998579,102.00000000002274,48,45.999999999998579,31.999999999998579,7.209999999999865,647.99999999999363,SSLW,model_assisted_not_ground_truth,0,0,0,0,0,0,0,0,0,0,0
9.12,0,33.000000000000355,32,33.000000000000355,106.99999999999822,48,45.000000000000355,34.999999999998934,7.1700000000000141,638.00000000000352,SSLW,model_assisted_not_ground_truth,0,0,0,0,0,0,0,0,0,0,0
9.13,0,31.999999999998934,30.999999999999467,33,108.00000000000213,48.000000000000533,46,36.000000000001066,7.3399999999999892,667.99999999999625,SSLW,model_assisted_not_ground_truth,0,0,0,0,0,0,0,0,0,0,0
9.14,0,29.999999999998579,30,32.999999999997158,112.00000000001137,49.000000000001421,46,38.000000000001421,7.3200000000000003,661.00000000001421,SSLW,model_assisted_not_ground_truth,0,0,0,0,0,0,0,0,0,0,0
9.15,0,29.000000000002309,29.999999999997691,31,120.00000000001155,50,46,39,7.3199999999999079,670.99999999998613,SSLW,model_assisted_not_ground_truth,0,0,0,0,0,0,0,0,0,0,0
9.16,0,29.999999999990408,29,31.000000000003197,124.99999999999361,49.999999999996803,46,39.000000000003197,7.2800000000001601,664.99999999998715,SSLW,model_assisted_not_ground_truth,0,0,0,0,0,0,0,0,0,0,0
9.17,0,26.999999999995914,29,32,123,48.999999999987743,46,39.999999999995914,7.3299999999996119,660.99999999997749,SSLW,model_assisted_not_ground_truth,0,0,0,0,0,0,0,0,0,0,0
9.18,0,25.999999999990052,29,32,122.99999999997016,46.000000000004974,46,39,7.2349999999995269,655.4999999999726,SSLW,model_assisted_not_ground_truth,0,0,0,0,0,0,0,0,0,0,0
9.19,0,23.999999999988276,29,31.999999999994138,116.99999999989448,47,45.999999999994138,39.000000000005862,7.1399999999992962,649.99999999996487,SSLW,model_assisted_not_ground_truth,0,0,0,0,0,0,0,0,0,0,0
9.20,0,22.000000000008882,29,31.000000000004441,99.000000000079936,47,45.000000000004441,39.999999999995559,7.0200000000001381,643.99999999998613,SSLW,model_assisted_not_ground_truth,0,0,0,0,0,0,0,0,0,0,0
9.21,0,21.000000000003553,26.000000000010658,30.000000000003553,109.99999999996092,47,45,39.000000000003553,7.0400000000003908,641.9999999998671,SSLW,model_assisted_not_ground_truth,0,0,0,0,0,0,0,0,0,0,0
9.22,0,22.999999999994671,26,31.999999999994671,95.000000000039961,46.000000000002665,45,39.999999999997335,7.0900000000013925,624.99999999951262,SSLW,model_assisted_not_ground_truth,0,0,0,0,0,0,0,0,0,0,0
9.23,0,16.000000000012434,26,32,87.000000000014211,46.999999999998224,45,39.000000000001776,7.2499999999997158,569.00000000009948,SSLW,model_assisted_not_ground_truth,0,0,0,0,0,0,0,0,0,0,0
9.24,0,16.999999999999112,24.000000000001776,31.000000000000888,85.000000000001776,47,45,39,7.1400000000000974,631.99999999994407,SSLW,model_assisted_not_ground_truth,0,0,0,0,0,0,0,0,0,0,0
9.25,0,17,24,31,82,47,45,38,7.1200000000000001,623,SSLW,model_assisted_not_ground_truth,0,0,0,0,0,0,0,0,0,0,0
9.26,0,20.000000000001776,23.000000000000888,31,81.000000000000895,47,45.000000000000888,39,7.0299999999997915,579.9999999999867,SSLW,model_assisted_not_ground_truth,0,0,0,0,0,0,0,0,0,0,0
9.27,0,22.000000000001776,24,31,82.000000000010658,47,45.999999999998224,39.000000000001776,6.7949999999995825,564.9999999999734,SSLW,model_assisted_not_ground_truth,0,0,0,0,0,0,0,0,0,0,0
9.28,0,22.999999999997335,24.000000000002665,31,88.00000000001333,47,45.000000000002665,39.999999999997335,6.559999999999973,549.9999999999867,SSLW,model_assisted_not_ground_truth,0,0,0,0,0,0,0,0,0,0,0
9.29,0,22.000000000011191,25,31.00000000000373,93.000000000082068,47,45.99999999999627,39.00000000000373,6.5500000000000371,544.99999999992917,SSLW,model_assisted_not_ground_truth,0,0,0,0,0,0,0,0,0,0,0
9.30,0,25.000000000004619,24.999999999986144,31.999999999990763,115.00000000000924,47,45,40,6.5600000000016623,525.99999999999534,SSLW,model_assisted_not_ground_truth,0,0,0,0,0,0,0,0,0,0,0
9.31,0,25.999999999994493,22,29.999999999994493,117.0000000000055,47,44.999999999994493,40,6.9200000000002753,525.00000000000546,SSLW,model_assisted_not_ground_truth,0,0,0,0,0,0,0,0,0,0,0
9.32,0,25.000000000004974,22,29.000000000004974,117.99999999999503,47,44.000000000004974,40,6.9700000000010229,526.00000000007674,SSLW,model_assisted_not_ground_truth,0,0,0,0,0,0,0,0,0,0,0
9.33,0,24.000000000004086,22.999999999995914,29,117.00000000000409,47,44,38.000000000008171,7.1299999999990895,537.99999999991985,SSLW,model_assisted_not_ground_truth,0,0,0,0,0,0,0,0,0,0,0
9.34,0,24,23.999999999996803,24.000000000015987,100.00000000005436,47.999999999996803,44,38,7.004999999999689,526.9999999999726,SSLW,model_assisted_not_ground_truth,0,0,0,0,0,0,0,0,0,0,0
9.35,0,24,22.000000000004619,23.000000000002309,95.000000000011539,47.000000000002309,44,37.000000000002309,6.8800000000002886,516.00000000002535,SSLW,model_assisted_not_ground_truth,0,0,0,0,0,0,0,0,0,0,0
9.36,0,24.999999999998579,22.999999999998579,22.000000000001421,69.000000000036948,47.999999999998579,44,37.999999999998579,6.8700000000000143,516,SSLW,model_assisted_not_ground_truth,0,0,0,0,0,0,0,0,0,0,0
9.37,0,25,23.999999999999645,22,37.000000000011369,47.000000000000355,44,38,6.6900000000000643,513.00000000000102,SSLW,model_assisted_not_ground_truth,0,0,0,0,0,0,0,0,0,0,0
9.38,0,25.000000000001599,27.000000000000533,20.999999999999467,32.99999999999627,47,44.000000000000533,39.000000000001066,6.790000000000016,519.00000000002876,SSLW,model_assisted_not_ground_truth,0,0,0,0,0,0,0,0,0,0,0
9.39,0,28.000000000004263,28.000000000002842,20,25.99999999998721,47,45.000000000001421,41.000000000002842,6.8200000000002987,572.99999999993315,SSLW,model_assisted_not_ground_truth,0,0,0,0,0,0,0,0,0,0,0
9.40,0,31.000000000004619,30.000000000002309,19.999999999997691,16.999999999995381,47,45.999999999997691,43.000000000002309,7.0300000000001042,526.00000000007617,SSLW,model_assisted_not_ground_truth,0,0,0,0,0,0,0,0,0,0,0
9.41,0,33.000000000006395,31.000000000006395,19.000000000003197,15.000000000009592,47.000000000009592,45,44,7.0750000000001441,559.0000000001055,SSLW,model_assisted_not_ground_truth,0,0,0,0,0,0,0,0,0,0,0
9.42,0,35.000000000004086,33.000000000004086,20.000000000028599,18.000000000040856,50,45.000000000004086,44,7.1200000000006947,591.99999999979161,SSLW,model_assisted_not_ground_truth,0,0,0,0,0,0,0,0,0,0,0
9.43,0,36.000000000004974,34,27.000000000009948,28.000000000004974,50.000000000004974,46,44,7.2900000000007461,541.0000000000249,SSLW,model_assisted_not_ground_truth,0,0,0,0,0,0,0,0,0,0,0
9.44,0,37.000000000011724,34.000000000005862,29,29.000000000017586,51,46,44.000000000011724,7.4399999999998245,545.99999999984755,SSLW,model_assisted_not_ground_truth,0,0,0,0,0,0,0,0,0,0,0
9.45,0,38.999999999991118,34.999999999995559,29,31.999999999986677,51,46,45.999999999991118,7.4100000000009008,519.99999999982685,SSLW,model_assisted_not_ground_truth,0,0,0,0,0,0,0,0,0,0,0
9.46,0,39.999999999996447,34.000000000003553,29,33.999999999992895,51,46.999999999996447,56.99999999996092,7.5399999999946852,495.00000000060186,SSLW,model_assisted_not_ground_truth,0,0,0,0,0,0,0,0,0,0,0
9.47,0,40,34,29.999999999997335,38.999999999986677,52.999999999994671,47.999999999997335,63.999999999981348,6.8599999999991299,572.00000000005218,SSLW,model_assisted_not_ground_truth,0,0,0,0,0,0,0,0,0,0,0
9.48,0,49.999999999982236,34,30,95.999999999898748,52.000000000001776,49.999999999996447,67.999999999992895,6.7600000000001774,577.99999999998931,SSLW,model_assisted_not_ground_truth,0,0,0,0,0,0,0,0,0,0,0
9.49,0,84.999999999968907,34,30,117.99999999998046,52.999999999999112,50.999999999999112,69.999999999998224,6.2350000000004666,559.00000000001683,SSLW,model_assisted_not_ground_truth,0,0,0,0,0,0,0,0,0,0,0
9.50,0,149,35,31,134,56,51,75,5.71,540,SSLW,model_assisted_not_ground_truth,0,0,0,0,0,0,0,0,0,0,0
9.51,1.0658141036411196e-11,233.00000000004087,36.000000000006217,33.000000000002665,191.00000000004707,67.000000000004448,73.000000000008882,105.00000000004708,5.5199999999999907,567.00000000002217,SSLW,model_assisted_not_ground_truth,0,0,0,0,0,0,0,0,0,0,0
9.52,12.000000000135003,279.00000000007816,43.000000000007105,36.000000000012434,244.0000000000835,72.000000000113687,83.000000000012434,158.0000000000835,5.5100000000004439,592.000000000103,SSLW,model_assisted_not_ground_truth,0,0,0,0,0,0,0,0,0,0,0
9.53,88.000000000154543,323.00000000012523,46.999999999992006,43.000000000090594,291.00000000005332,136.00000000008527,90.000000000055962,205.00000000008259,5.7600000000000264,650.00000000004002,SSLW,model_assisted_not_ground_truth,0,0,0,0,0,0,0,0,0,0,0
9.54,146.00000000005224,370.00000000003359,43.999999999988809,77.00000000003358,311.00000000001495,168.00000000003357,111.00000000000746,235.99999999985079,5.7700000000003726,664.99999999993656,SSLW,model_assisted_not_ground_truth,0,0,0,0,0,0,0,0,0,0,0
9.55,159.99999999984297,378.99999999998613,40.99999999996767,86.000000000013856,314.99999999996766,176.99999999999076,112.99999999992149,195.9999999998291,5.8700000000003696,647.99999999994452,SSLW,model_assisted_not_ground_truth,0,0,0,0,0,0,0,0,0,0,0
9.56,125.99999999977423,375.99999999999449,33.99999999998348,89.000000000016513,307.999999999978,174.99999999995595,95.999999999884366,158.99999999982379,5.9499999999993394,635.99999999991189,SSLW,model_assisted_not_ground_truth,0,0,0,0,0,0,0,0,0,0,0
9.57,85.000000000203926,375.000000000005,31.000000000014921,91.999999999985079,304.0000000000199,167.00000000003979,75.00000000010445,127.00000000015916,5.8300000000010552,620.00000000016303,SSLW,model_assisted_not_ground_truth,0,0,0,0,0,0,0,0,0,0,0
9.58,85.999999999995907,366.00000000003678,31.999999999995914,77.000000000061277,304,162.00000000002044,71.000000000016342,126.00000000000409,5.9950000000012018,645.50000000018576,SSLW,model_assisted_not_ground_truth,0,0,0,0,0,0,0,0,0,0,0
9.59,117.99999999989768,376.99999999996481,32.999999999996803,89.999999999958433,312.99999999997124,160.00000000000639,92.999999999929656,135.99999999996803,6.1600000000062103,671.00000000116029,SSLW,model_assisted_not_ground_truth,0,0,0,0,0,0,0,0,0,0,0
9.60,151.9999999999215,385.9999999999792,34.999999999995381,104.99999999996535,322.99999999997692,172.99999999996999,105.99999999996999,176.99999999990533,6.9199999999982449,812.99999999967213,SSLW,model_assisted_not_ground_truth,0,0,0,0,0,0,0,0,0,0,0
9.61,170.999999999973,391.99999999999147,41.999999999990052,118.9999999999801,330.99999999998863,191.999999999973,112.99999999999005,199.99999999996732,6.9899999999999007,817.99999999999295,SSLW,model_assisted_not_ground_truth,0,0,0,0,0,0,0,0,0,0,0
9.62,171.99999999999966,395.99999999999858,43.999999999999289,122.99999999999858,336.99999999999784,213.99999999999218,120.99999999999716,201.99999999999929,7.0899999999999643,808.00000000000352,SSLW,model_assisted_not_ground_truth,0,0,0,0,0,0,0,0,0,0,0
9.63,168.99999999999361,395.99999999999147,42.999999999996803,123.99999999999413,336.99999999999358,216.99999999998826,128.99999999999679,194.99999999998349,7.0000000000000959,778.00000000000159,SSLW,model_assisted_not_ground_truth,0,0,0,0,0,0,0,0,0,0,0
9.64,156.99999999997016,379.99999999996874,36.999999999995737,112.99999999998295,324.9999999999801,194.99999999997726,122.99999999998437,163.99999999994742,7.1800000000000281,780.99999999999716,SSLW,model_assisted_not_ground_truth,0,0,0,0,0,0,0,0,0,0,0
9.65,135.99999999993304,357.99999999995612,34,100.99999999996305,310.9999999999792,178.99999999997689,111.99999999997921,126.99999999993534,7.2000000000000455,778.99999999999534,SSLW,model_assisted_not_ground_truth,0,0,0,0,0,0,0,0,0,0,0
9.66,106.99999999995204,338.99999999996163,33.999999999996803,84.99999999988809,301.99999999998079,168.99999999996803,102.99999999999361,98.999999999961631,7.2199999999998079,776.99999999994247,SSLW,model_assisted_not_ground_truth,0,0,0,0,0,0,0,0,0,0,0
9.67,91.999999999959144,326.99999999995504,33.000000000008171,50,295.99999999997141,158.99999999997956,100.99999999996732,86.999999999959144,7.1599999999986927,759,SSLW,model_assisted_not_ground_truth,0,0,0,0,0,0,0,0,0,0,0
9.68,81.999999999955236,315.99999999992536,35.000000000009948,50,288.99999999998505,153.99999999999005,92.999999999990052,76.999999999940314,6.8400000000002983,758.99999999996021,SSLW,model_assisted_not_ground_truth,0,0,0,0,0,0,0,0,0,0,0
9.69,72.999999999876906,300.99999999988864,37.000000000011724,49.999999999994138,286,151.9999999999707,90.999999999994145,64.999999999970697,6.9000000000002935,750.99999999992963,SSLW,model_assisted_not_ground_truth,0,0,0,0,0,0,0,0,0,0,0
9.70,52.000000000093259,282.00000000008436,38.999999999991118,49.000000000004441,286,147.0000000000222,90.000000000004434,60.000000000022204,6.9500000000002773,738.99999999990996,SSLW,model_assisted_not_ground_truth,0,0,0,0,0,0,0,0,0,0,0
9.71,34.000000000063949,261.00000000007458,37.000000000007105,49.999999999996447,278.00000000002842,133.00000000004974,89.000000000003553,51.000000000031974,6.9900000000005473,725.99999999993747,SSLW,model_assisted_not_ground_truth,0,0,0,0,0,0,0,0,0,0,0
9.72,20.000000000037303,240.00000000005596,41.999999999986677,50,272.00000000001597,127.00000000001599,87.000000000005329,44.000000000018652,7.0600000000003913,717.99999999996953,SSLW,model_assisted_not_ground_truth,0,0,0,0,0,0,0,0,0,0,0
9.73,8.0000000000213163,223.00000000003018,44.999999999994671,49.000000000001776,262.00000000001774,115.00000000002132,83.000000000007105,42.000000000003553,7.1050000000001763,714.49999999998636,SSLW,model_assisted_not_ground_truth,0,0,0,0,0,0,0,0,0,0,0
9.74,7.1054273576010019e-12,178.00000000003996,45,47.000000000001776,240.00000000001955,73.000000000037303,78.000000000004434,43.999999999998224,7.1499999999999604,711.00000000000307,SSLW,model_assisted_not_ground_truth,0,0,0,0,0,0,0,0,0,0,0
9.75,0,146,45,46,227,72,73,43,7.0999999999999996,700,SSLW,model_assisted_not_ground_truth,0,0,0,0,0,0,0,0,0,0,0
9.76,0,97.99999999998046,44.000000000000888,44.999999999999112,224.99999999999466,70.999999999999105,70.999999999996447,42.999999999998224,7.430000000000053,717.99999999999284,SSLW,model_assisted_not_ground_truth,0,0,0,0,0,0,0,0,0,0,0
9.77,0,75.999999999936051,44.999999999998224,44.000000000001776,218.99999999999821,69.999999999998224,66.99999999998046,40.999999999998224,7.4900000000012437,710.00000000006753,SSLW,model_assisted_not_ground_truth,0,0,0,0,0,0,0,0,0,0,0
9.78,0,39.999999999989342,44,44.999999999997335,217.99999999999201,69,55.999999999997335,40,8.1900000000005324,748.00000000002137,SSLW,model_assisted_not_ground_truth,0,0,0,0,0,0,0,0,0,0,0
9.79,0,35.99999999999627,44.00000000000373,44.00000000000373,214.99999999995896,68.999999999988802,55,40,8.3900000000008959,755.99999999984709,SSLW,model_assisted_not_ground_truth,0,0,0,0,0,0,0,0,0,0,0
9.80,0,34.999999999995381,44.999999999995381,44.999999999995381,203.99999999997689,66,55,40,8.630000000000301,715.00000000000466,SSLW,model_assisted_not_ground_truth,0,0,0,0,0,0,0,0,0,0,0
9.81,0,33.999999999961453,44.000000000005507,44,199,65.9999999999945,55.000000000055067,39.999999999994493,8.6950000000003591,716.00000000000546,SSLW,model_assisted_not_ground_truth,0,0,0,0,0,0,0,0,0,0,0
9.82,0,27.000000000034817,44.999999999995026,44,199,65.000000000004974,64.999999999950262,39.000000000004974,8.7600000000002556,717,SSLW,model_assisted_not_ground_truth,0,0,0,0,0,0,0,0,0,0,0
9.83,0,25.000000000008171,45.999999999995914,45.999999999991829,207.99999999996322,64.000000000004093,66.999999999991829,39.999999999995914,8.7999999999973788,716.99999999974511,SSLW,model_assisted_not_ground_truth,0,0,0,0,0,0,0,0,0,0,0
9.84,0,26.999999999993605,45.000000000003197,44.000000000006395,205.00000000000961,64.999999999996803,70.99999999998721,40,8.4400000000003264,682.00000000007356,SSLW,model_assisted_not_ground_truth,0,0,0,0,0,0,0,0,0,0,0
9.85,0,27,45.999999999997691,44,208.99999999999076,65.999999999997698,74.999999999990763,40,8.4799999999999081,690.9999999999792,SSLW,model_assisted_not_ground_truth,0,0,0,0,0,0,0,0,0,0,0
9.86,0,27.999999999998579,47.999999999997158,44.999999999998579,213.99999999999289,66.999999999998579,90.999999999977263,40.999999999998579,8.5399999999999139,675.00000000002274,SSLW,model_assisted_not_ground_truth,0,0,0,0,0,0,0,0,0,0,0
9.87,0,28.999999999999645,53.999999999997868,45,212.00000000000071,71.999999999998224,105.99999999999467,45.999999999998224,9.0799999999998082,661.000000000005,SSLW,model_assisted_not_ground_truth,0,0,0,0,0,0,0,0,0,0,0
9.88,0,30.000000000001066,72.000000000006395,45,219.00000000000372,75.000000000019725,124.00000000000959,55.00000000000373,9.1600000000000428,661.00000000000261,SSLW,model_assisted_not_ground_truth,0,0,0,0,0,0,0,0,0,0,0
9.89,0,32.000000000002842,84.00000000002558,45.000000000001421,226.00000000000142,112.00000000003979,142.00000000001705,62.000000000014211,9.2400000000001139,666.00000000000705,SSLW,model_assisted_not_ground_truth,0,0,0,0,0,0,0,0,0,0,0
9.90,5.3113069498115795e-11,34.000000000004619,102.00000000004157,46,226.99999999999537,140.00000000005542,154.00000000003465,72.00000000002079,9.3200000000005545,671.00000000002774,SSLW,model_assisted_not_ground_truth,0,0,0,0,0,0,0,0,0,0,0
9.91,23.000000000060751,36.000000000076739,120.00000000014708,46.000000000131095,225.00000000007356,164.00000000010553,169.0000000001279,81.00000000016307,9.560000000000672,682.9999999999776,SSLW,model_assisted_not_ground_truth,0,0,0,0,0,0,0,0,0,0,0
9.92,42.000000000020428,60.000000000077627,166.00000000006128,87.000000000057199,248.00000000003268,197.00000000009396,209.00000000008171,132.00000000007356,9.7700000000004898,676.00000000001228,SSLW,model_assisted_not_ground_truth,0,0,0,0,0,0,0,0,0,0,0
9.93,47.000000000024869,79.000000000074607,181.00000000007958,101.00000000004974,256.00000000000995,220.00000000004974,229.00000000008455,150.00000000010942,9.8900000000004979,679.00000000005969,SSLW,model_assisted_not_ground_truth,0,0,0,0,0,0,0,0,0,0,0
9.94,52.000000000093792,94.000000000134818,197.00000000003516,111.00000000004103,258.00000000001756,230.00000000005861,246.00000000005275,172.0000000001055,9.9900000000021691,691.00000000002342,SSLW,model_assisted_not_ground_truth,0,0,0,0,0,0,0,0,0,0,0
9.95,67.999999999928946,116.99999999989785,202.99999999997334,117.99999999996891,260.9999999999867,239.99999999995561,254.99999999996004,189.99999999992008,10.360000000000138,694.99999999968134,SSLW,model_assisted_not_ground_truth,0,0,0,0,0,0,0,0,0,0,0
9.96,73.999999999978684,138.99999999992184,207.99999999998224,119.99999999999289,263.99999999998931,247.99999999997158,258.99999999998579,195.99999999997868,10.380000000002072,648.99999999989836,SSLW,model_assisted_not_ground_truth,0,0,0,0,0,0,0,0,0,0,0
9.97,80.999999999981355,147.99999999997601,212.99999999998667,120.99999999999733,261.00000000000801,250.99999999999201,261.99999999999199,200.99999999998667,10.645000000000801,635.99999999996078,SSLW,model_assisted_not_ground_truth,0,0,0,0,0,0,0,0,0,0,0
9.98,76.000000000008882,151.99999999999289,217.99999999999113,120.00000000000178,262.99999999999648,251.99999999999824,262.99999999999824,201,10.909999999999529,623.00000000002308,SSLW,model_assisted_not_ground_truth,0,0,0,0,0,0,0,0,0,0,0
9.99,61.000000000013323,153.99999999999824,216.00000000000176,115.00000000000443,263,251.00000000000088,262.00000000000091,201,11.149999999999787,602.00000000001864,SSLW,model_assisted_not_ground_truth,0,0,0,0,0,0,0,0,0,0,0
10.00,59,155,214,111,262,249,258,200,11.73,532,SSLW,model_assisted_not_ground_truth,0,0,0,0,0,0,0,0,0,0,0
10.01,50.99999999999023,147.99999999999289,212.99999999999557,97.999999999993776,259.99999999999466,247.99999999999557,249.99999999999201,189.99999999998579,11.829999999999778,507.999999999968,SSLW,model_assisted_not_ground_truth,0,0,0,0,0,0,0,0,0,0,0
10.02,39.999999999966249,139.99999999995381,207.99999999999289,90.999999999992895,253.999999999984,242.99999999998934,240.99999999996092,173.99999999997513,11.579999999998881,471.99999999982589,SSLW,model_assisted_not_ground_truth,0,0,0,0,0,0,0,0,0,0,0
10.03,20.999999999944045,113.99999999995737,203.99999999997334,86.999999999893419,244.99999999997334,236.99999999994938,218.99999999993338,159.99999999992539,10.949999999999852,373.99999999999869,SSLW,model_assisted_not_ground_truth,0,0,0,0,0,0,0,0,0,0,0
10.04,0,97.999999999906734,193.99999999993284,47,234.99999999998508,217.99999999988435,193.99999999987691,131.99999999988808,10.894999999999794,373.49999999999812,SSLW,model_assisted_not_ground_truth,0,0,0,0,0,0,0,0,0,0,0
10.05,0,72.999999999856826,175.99999999985681,46.999999999990763,230.99999999995381,186.99999999988916,160.99999999981986,101.99999999991687,10.84,373,SSLW,model_assisted_not_ground_truth,0,0,0,0,0,0,0,0,0,0,0
10.06,0,41.99999999998348,144.99999999987887,44.99999999998348,220.99999999987887,162.99999999981827,121.99999999984031,83.999999999840313,10.839999999999064,372.99999999991741,SSLW,model_assisted_not_ground_truth,0,0,0,0,0,0,0,0,0,0,0
10.07,0,39.000000000014921,123.00000000010942,42.000000000014921,199.00000000010942,130.00000000016414,93.00000000014424,55.00000000014424,10.669999999999169,357.9999999998721,SSLW,model_assisted_not_ground_truth,0,0,0,0,0,0,0,0,0,0,0
10.08,0,38.000000000004086,91.00000000013074,41.000000000004086,179.00000000008171,76.000000000220624,55.000000000155254,43.000000000049027,10.539999999999271,337.99999999984703,SSLW,model_assisted_not_ground_truth,0,0,0,0,0,0,0,0,0,0,0
10.09,0,35.000000000009592,58.000000000105516,40.000000000003197,156.00000000007356,64.000000000038369,49.000000000019185,39.00000000001279,10.43999999999812,316.99999999983658,SSLW,model_assisted_not_ground_truth,0,0,0,0,0,0,0,0,0,0,0
10.10,0,35.999999999997691,46.000000000027711,37.000000000006928,153.00000000000693,63.000000000002309,49,39,10.210000000000532,297.00000000004616,SSLW,model_assisted_not_ground_truth,0,0,0,0,0,0,0,0,0,0,0
10.11,0,36,46,35.000000000002842,149.00000000000568,53.000000000014211,48.000000000001421,39.999999999998579,9.1400000000015211,273.00000000003411,SSLW,model_assisted_not_ground_truth,0,0,0,0,0,0,0,0,0,0,0
10.12,0,36,41.000000000001776,33.000000000000711,145.00000000000142,53,48,40,8.9000000000000856,397.49999999995578,SSLW,model_assisted_not_ground_truth,0,0,0,0,0,0,0,0,0,0,0
10.13,0,36,39.999999999998934,33.999999999998934,143.00000000000267,51.999999999999467,48,39.999999999998934,8.6600000000001547,522.00000000004422,SSLW,model_assisted_not_ground_truth,0,0,0,0,0,0,0,0,0,0,0
10.14,0,36,37.999999999998579,32.000000000001421,147.99999999998863,51,47.999999999998579,37.999999999998579,8.9499999999967734,604.99999999996021,SSLW,model_assisted_not_ground_truth,0,0,0,0,0,0,0,0,0,0,0
10.15,0,36.000000000002309,36.999999999997691,33,139.99999999999076,50.999999999997691,47,37,6.679999999999815,576.9999999999884,SSLW,model_assisted_not_ground_truth,0,0,0,0,0,0,0,0,0,0,0
10.16,0,37,35.999999999996803,33.000000000003197,135.99999999996163,49.999999999993605,46.999999999993605,36.999999999990408,6.6000000000006072,571.99999999999682,SSLW,model_assisted_not_ground_truth,0,0,0,0,0,0,0,0,0,0,0
10.17,0,37.000000000004086,34.999999999995914,34.000000000004086,123.99999999996322,48,45,33.999999999987743,6.7900000000011032,570.99999999981208,SSLW,model_assisted_not_ground_truth,0,0,0,0,0,0,0,0,0,0,0
10.18,0,37.999999999990052,34,34.999999999995026,114.99999999999503,48,45.000000000004974,31.000000000004974,7.0599999999994028,525.00000000048249,SSLW,model_assisted_not_ground_truth,0,0,0,0,0,0,0,0,0,0,0
10.19,0,35.999999999988276,33.999999999994138,34,113.99999999994725,47.999999999988276,46,31.999999999994138,6.9400000000003228,622.00000000000296,SSLW,model_assisted_not_ground_truth,0,0,0,0,0,0,0,0,0,0,0
10.20,0,34.000000000008882,33.000000000004441,34,105.00000000003996,46.000000000008882,46,31.000000000004441,6.9950000000003811,622.50000000000341,SSLW,model_assisted_not_ground_truth,0,0,0,0,0,0,0,0,0,0,0
10.21,0,34,31.000000000007105,33.000000000003553,101.00000000001421,46.999999999996447,46,31.999999999996447,7.0500000000021883,623.00000000001569,SSLW,model_assisted_not_ground_truth,0,0,0,0,0,0,0,0,0,0,0
10.22,0,32.000000000005329,31,33,99.000000000005329,47,46,32,7.3299999999990426,624.99999999980855,SSLW,model_assisted_not_ground_truth,0,0,0,0,0,0,0,0,0,0,0
10.23,0,30.000000000003553,30.000000000001776,33,103.99999999999112,47,43.000000000005329,33.999999999996447,7.2200000000001952,603.00000000003911,SSLW,model_assisted_not_ground_truth,0,0,0,0,0,0,0,0,0,0,0
10.24,0,29.000000000000888,30,33,108.99999999999557,47.999999999999112,43.999999999999112,34.999999999999112,7.2699999999999552,649.99999999995828,SSLW,model_assisted_not_ground_truth,0,0,0,0,0,0,0,0,0,0,0
10.25,0,29,28,33,123,48,45,38,7.3099999999999996,655,SSLW,model_assisted_not_ground_truth,0,0,0,0,0,0,0,0,0,0,0
10.26,0,29,29,33,128,46.999999999999112,44.000000000000888,38,7.1900000000001603,636.00000000001603,SSLW,model_assisted_not_ground_truth,0,0,0,0,0,0,0,0,0,0,0
10.27,0,28.999999999996447,29,33,128,46,45,38.000000000003553,7.3699999999999202,653.99999999999818,SSLW,model_assisted_not_ground_truth,0,0,0,0,0,0,0,0,0,0,0
10.28,0,26.999999999992006,28.999999999997335,33.000000000002665,127.99999999994671,46,45,39.999999999997335,7.3249999999998803,652.99999999999739,SSLW,model_assisted_not_ground_truth,0,0,0,0,0,0,0,0,0,0,0
10.29,0,23.999999999988809,27.99999999999627,33.99999999999627,108.00000000000746,46,44.999999999988809,38.99999999999627,7.2800000000001122,652.0000000000224,SSLW,model_assisted_not_ground_truth,0,0,0,0,0,0,0,0,0,0,0
10.30,0,20.999999999995381,26.999999999995381,33,109.99999999993996,46,42,38,7.3099999999999996,657.99999999998613,SSLW,model_assisted_not_ground_truth,0,0,0,0,0,0,0,0,0,0,0
10.31,0,20,26,33,96.99999999996696,46,42.000000000005507,38,7.3099999999997793,654.9999999999394,SSLW,model_assisted_not_ground_truth,0,0,0,0,0,0,0,0,0,0,0
10.32,0,20,26,33,91.000000000029843,46,42.999999999995026,38,7.2700000000005112,644.00000000001921,SSLW,model_assisted_not_ground_truth,0,0,0,0,0,0,0,0,0,0,0
10.33,0,20,26,33,81.000000000040856,46,43.999999999995914,38,7.3499999999977419,646.9999999998762,SSLW,model_assisted_not_ground_truth,0,0,0,0,0,0,0,0,0,0,0
10.34,0,20.999999999996803,25.000000000003197,33,79.000000000006395,45.000000000003197,42.000000000006395,38,7.0400000000004903,629.99999999978343,SSLW,model_assisted_not_ground_truth,0,0,0,0,0,0,0,0,0,0,0
10.35,0,21.999999999997691,25,33,77.000000000004619,45.999999999997691,43.999999999995381,38,7.1000000000002021,603.49999999991053,SSLW,model_assisted_not_ground_truth,0,0,0,0,0,0,0,0,0,0,0
10.36,0,21.000000000001421,25,33,77.999999999998579,46,44,38,7.1599999999999149,577.00000000003763,SSLW,model_assisted_not_ground_truth,0,0,0,0,0,0,0,0,0,0,0
10.37,0.99999999999964473,21,24.000000000000355,33,79.999999999999289,45.000000000000355,43.000000000000355,38,7.1400000000000068,610.99999999998795,SSLW,model_assisted_not_ground_truth,0,0,0,0,0,0,0,0,0,0,0
10.38,0,22,23.999999999998934,32.999999999999467,85.000000000003197,45.000000000000533,45,36,7.010000000000101,603.00000000000853,SSLW,model_assisted_not_ground_truth,0,0,0,0,0,0,0,0,0,0,0
10.39,0,22,22,32,91.000000000004263,46,45,36.000000000001421,7.1999999999998154,618.99999999993463,SSLW,model_assisted_not_ground_truth,0,0,0,0,0,0,0,0,0,0,0
10.40,0,22.000000000002309,22.000000000004619,32,94.000000000018474,46,45,36.999999999995381,7.0699999999999541,572.9999999999884,SSLW,model_assisted_not_ground_truth,0,0,0,0,0,0,0,0,0,0,0
10.41,0,23,24,31.999999999996803,102.00000000004796,46,45.000000000003197,35,7.0499999999987208,567.99999999992644,SSLW,model_assisted_not_ground_truth,0,0,0,0,0,0,0,0,0,0,0
10.42,4.0856207306242919e-12,23.000000000008171,23.999999999995914,30.999999999991829,117,45.999999999995914,45.999999999995914,35.000000000008171,6.6500000000000616,544.99999999999795,SSLW,model_assisted_not_ground_truth,0,0,0,0,0,0,0,0,0,0,0
10.43,0.9999999999950262,25,22.999999999995026,28.999999999985079,116.99999999996021,45.000000000009948,45,37,6.6650000000000746,544.4999999999975,SSLW,model_assisted_not_ground_truth,0,0,0,0,0,0,0,0,0,0,0
10.44,0,25,22,25.999999999982414,108.99999999994725,47,45,36.999999999994138,6.6800000000016997,543.99999999988859,SSLW,model_assisted_not_ground_truth,0,0,0,0,0,0,0,0,0,0,0
10.45,0,25,22,23.000000000013323,100.00000000003996,47,45,36.000000000004441,6.970000000000069,525.00000000004854,SSLW,model_assisted_not_ground_truth,0,0,0,0,0,0,0,0,0,0,0
10.46,0,25,21.000000000003553,22.000000000003553,70.000000000106581,47.999999999996447,45,37.999999999992895,6.9800000000007039,532.00000000002342,SSLW,model_assisted_not_ground_truth,0,0,0,0,0,0,0,0,0,0,0
10.47,0,24.000000000002665,23.999999999992006,22,36.000000000090594,48,45.999999999997335,40.999999999992006,7.070000000001567,535.00000000007833,SSLW,model_assisted_not_ground_truth,0,0,0,0,0,0,0,0,0,0,0
10.48,0,24.999999999998224,25.999999999996447,22,32.000000000007105,47.000000000001776,46,41,7.2499999999996803,543.99999999998397,SSLW,model_assisted_not_ground_truth,0,0,0,0,0,0,0,0,0,0,0
10.49,0,29.999999999995559,26.999999999999112,22.999999999999112,31.000000000000888,47.999999999999112,46,41,7.1500000000000892,593.99999999995555,SSLW,model_assisted_not_ground_truth,0,0,0,0,0,0,0,0,0,0,0
10.50,0,32,29,22,31,49,46,41,7.2400000000000002,593,SSLW,model_assisted_not_ground_truth,0,0,0,0,0,0,0,0,0,0,0
10.51,0,36.000000000002665,30,22.000000000001776,31.000000000000888,49.000000000000888,46,42,7.2550000000000132,594.50000000000136,SSLW,model_assisted_not_ground_truth,0,0,0,0,0,0,0,0,0,0,0
10.52,0,39,30.000000000003553,24,32.000000000001776,50,46,42.000000000001776,7.269999999999964,595.99999999998579,SSLW,model_assisted_not_ground_truth,0,0,0,0,0,0,0,0,0,0,0
10.53,0,39.000000000007994,32.000000000002665,24.000000000002665,33,50.000000000002665,46.000000000005329,43.000000000021316,7.2500000000000799,588.00000000000261,SSLW,model_assisted_not_ground_truth,0,0,0,0,0,0,0,0,0,0,0
10.54,0,42.000000000014921,32.999999999992539,25.00000000000373,33.000000000018652,51,48.00000000000373,51.000000000037303,7.2800000000004479,588.99999999980605,SSLW,model_assisted_not_ground_truth,0,0,0,0,0,0,0,0,0,0,0
10.55,0,46.000000000078515,30.999999999995381,26.000000000013856,38.000000000096989,51,49.000000000004619,61.000000000050804,7.4000000000000465,537.00000000000466,SSLW,model_assisted_not_ground_truth,0,0,0,0,0,0,0,0,0,0,0
10.56,0,63.000000000159694,29.999999999988987,28.99999999998348,59.000000000231282,51,49.999999999994493,72.000000000016513,7.4099999999979076,538.00000000002206,SSLW,model_assisted_not_ground_truth,0,0,0,0,0,0,0,0,0,0,0
10.57,0,91.99999999985576,28.000000000009948,26.000000000014921,100.9999999997911,51,49.000000000004974,74.999999999985079,7.0300000000008955,541.99999999985926,SSLW,model_assisted_not_ground_truth,0,0,0,0,0,0,0,0,0,0,0
10.58,0,129.99999999984476,30.999999999987743,27.999999999991829,130.99999999987745,51,50.999999999991829,76.999999999991829,7.1699999999982884,520.00000000027308,SSLW,model_assisted_not_ground_truth,0,0,0,0,0,0,0,0,0,0,0
10.59,0,188.99999999981134,29.000000000006395,29.999999999993605,148.99999999994245,55.999999999984013,51.999999999996803,92.999999999948841,6.9349999999994152,557.50000000009322,SSLW,model_assisted_not_ground_truth,0,0,0,0,0,0,0,0,0,0,0
10.60,0,243.99999999987298,31.999999999993072,33.999999999990763,184.99999999991687,67.999999999972289,57.999999999986144,114.9999999999492,6.7000000000005429,594.99999999991337,SSLW,model_assisted_not_ground_truth,0,0,0,0,0,0,0,0,0,0,0
10.61,12.999999999981526,291.99999999993179,35.999999999994316,37.999999999994316,237.99999999992468,70.999999999995737,70.999999999981526,146.99999999995453,6.6800000000000281,654.99999999991473,SSLW,model_assisted_not_ground_truth,0,0,0,0,0,0,0,0,0,0,0
10.62,77.999999999976907,359.99999999997584,36.999999999999645,40.999999999998934,285.99999999998295,143.99999999997408,83.999999999995381,196.99999999998224,6.7599999999999714,672.99999999999363,SSLW,model_assisted_not_ground_truth,0,0,0,0,0,0,0,0,0,0,0
10.63,118.00000000001918,392.00000000000801,41.999999999997335,89.000000000002672,318.00000000000108,166.00000000000426,94.000000000001606,233.99999999999253,6.4000000000000057,712.9999999999925,SSLW,model_assisted_not_ground_truth,0,0,0,0,0,0,0,0,0,0,0
10.64,154.00000000000853,406.99999999999574,36.999999999994316,94.000000000007105,319.99999999998863,174.00000000000568,96.999999999997158,219.99999999993463,6.4099999999996875,698.99999999996305,SSLW,model_assisted_not_ground_truth,0,0,0,0,0,0,0,0,0,0,0
10.65,159.99999999987992,404.00000000000693,33,98.999999999916866,311.99999999996999,177.99999999996999,94.999999999969972,173.99999999987992,6.190000000000647,673.00000000004616,SSLW,model_assisted_not_ground_truth,0,0,0,0,0,0,0,0,0,0,0
10.66,107.99999999991687,407.00000000001597,32.99999999998721,62.999999999942446,298.99999999994242,164.99999999996803,81.999999999964828,121.99999999988489,6.4700000000006552,693.00000000005434,SSLW,model_assisted_not_ground_truth,0,0,0,0,0,0,0,0,0,0,0
10.67,82.000000000008171,411.99999999996732,29,45.000000000004086,280.99999999997141,154.99999999998366,70.999999999995907,86.000000000012264,6.6750000000008374,710.00000000006946,SSLW,model_assisted_not_ground_truth,0,0,0,0,0,0,0,0,0,0,0
10.68,84.000000000029843,404.0000000000199,29.000000000009948,46.000000000009948,274.00000000007464,150.99999999997513,69.999999999940314,89.000000000029843,6.8800000000019894,727.00000000060686,SSLW,model_assisted_not_ground_truth,0,0,0,0,0,0,0,0,0,0,0
10.69,89.999999999906208,408.00000000001171,31.000000000011724,48.000000000111378,289.00000000009965,146,58,95.000000000216886,7.2800000000007037,848.99999999991212,SSLW,model_assisted_not_ground_truth,0,0,0,0,0,0,0,0,0,0,0
10.70,74.000000000071054,409.99999999999113,32.999999999991118,66.999999999915616,305.99999999992451,146,58,131.99999999983569,7.4000000000011088,834,SSLW,model_assisted_not_ground_truth,0,0,0,0,0,0,0,0,0,0,0
10.71,101.99999999990052,402.00000000002842,34.999999999992895,96.999999999893419,311.99999999997868,156.99999999996092,74.999999999939604,150.9999999999325,7.5599999999988272,833.99999999993747,SSLW,model_assisted_not_ground_truth,0,0,0,0,0,0,0,0,0,0,0
10.72,118.9999999999547,396.00000000001597,35,99.999999999992013,314.99999999999199,159.99999999999201,83.999999999976012,144.00000000001864,7.409999999999739,825.99999999983459,SSLW,model_assisted_not_ground_truth,0,0,0,0,0,0,0,0,0,0,0
10.73,127.99999999998401,387.00000000001597,35.999999999998224,93.000000000012434,312.00000000000534,159.00000000000176,90.999999999987566,136.00000000001421,7.3800000000000532,807.00000000003376,SSLW,model_assisted_not_ground_truth,0,0,0,0,0,0,0,0,0,0,0
10.74,123.00000000000443,369.00000000001597,36,57.000000000031974,305.0000000000062,146.00000000001154,82.000000000007987,118.00000000001599,7.3300000000000445,789.00000000001603,SSLW,model_assisted_not_ground_truth,0,0,0,0,0,0,0,0,0,0,0
10.75,107,346,37,48,286,125,76,77,7.2800000000000002,771,SSLW,model_assisted_not_ground_truth,0,0,0,0,0,0,0,0,0,0,0
10.76,77.999999999957367,317.99999999998846,35,46,274.99999999998488,88.999999999985789,69.999999999988447,57.999999999988454,8.3600000000000172,857.99999999998931,SSLW,model_assisted_not_ground_truth,0,0,0,0,0,0,0,0,0,0,0
10.77,29.999999999985789,304.99999999996982,34.999999999998224,46,257.99999999998579,72.999999999998224,56.999999999996447,44.999999999998224,8.3800000000000363,845.99999999996271,SSLW,model_assisted_not_ground_truth,0,0,0,0,0,0,0,0,0,0,0
10.78,21.99999999994138,287.9999999999547,34.000000000002665,45.999999999997335,249.99999999995202,71.999999999994671,54.999999999997335,44,8.3999999999983217,824.99999999988813,SSLW,model_assisted_not_ground_truth,0,0,0,0,0,0,0,0,0,0,0
10.79,0,270.99999999992167,34.99999999999627,44.99999999999627,231.99999999999628,70,54.00000000000373,44,7.7700000000030585,783.00000000011187,SSLW,model_assisted_not_ground_truth,0,0,0,0,0,0,0,0,0,0,0
10.80,0,249.99999999981063,33.999999999995381,44,230.99999999998613,69.999999999995381,54.999999999995381,43.999999999990763,8.590000000000046,812.99999999994918,SSLW,model_assisted_not_ground_truth,0,0,0,0,0,0,0,0,0,0,0
10.81,0,208.99999999987335,33.00000000001652,43.999999999994493,227.99999999998349,68.999999999983487,53.999999999994493,41.999999999994493,8.6000000000007155,801.99999999992292,SSLW,model_assisted_not_ground_truth,0,0,0,0,0,0,0,0,0,0,0
10.82,0,186.0000000001144,35.999999999985079,43.000000000004974,225.00000000001492,66.000000000014921,53.000000000004974,41.000000000004974,8.7300000000002562,788,SSLW,model_assisted_not_ground_truth,0,0,0,0,0,0,0,0,0,0,0
10.83,0,142.00000000017977,36.999999999995914,43,225,65.000000000004093,52.000000000004086,39.000000000008171,8.7700000000002909,788,SSLW,model_assisted_not_ground_truth,0,0,0,0,0,0,0,0,0,0,0
10.84,0,84.000000000185452,37,41.000000000006395,217.00000000002558,62.000000000009592,52,39.999999999996803,8.8100000000010628,787.99999999991826,SSLW,model_assisted_not_ground_truth,0,0,0,0,0,0,0,0,0,0,0
10.85,0,38.000000000106226,39.999999999993072,41.999999999997691,213.00000000000924,56.000000000013856,51.000000000002309,39.000000000002309,8.9399999999996993,778.00000000002308,SSLW,model_assisted_not_ground_truth,0,0,0,0,0,0,0,0,0,0,0
10.86,0,35.000000000004263,39.000000000001421,42,204.00000000001279,55.000000000001421,51,39,8.5100000000006109,771.00000000001,SSLW,model_assisted_not_ground_truth,0,0,0,0,0,0,0,0,0,0,0
10.87,0,31.000000000001421,39,42,197.0000000000025,55,51,39,8.5799999999999752,764.0000000000025,SSLW,model_assisted_not_ground_truth,0,0,0,0,0,0,0,0,0,0,0
10.88,0,24.999999999999467,40.999999999998401,41.999999999999467,196.99999999999628,54,51,39,8.7100000000000222,753.99999999999943,SSLW,model_assisted_not_ground_truth,0,0,0,0,0,0,0,0,0,0,0
10.89,0,24.000000000002842,38.000000000001421,41.000000000001421,190,54,51,39,8.7499999999998721,752.99999999998647,SSLW,model_assisted_not_ground_truth,0,0,0,0,0,0,0,0,0,0,0
10.90,0,26,38.999999999997691,42,190.00000000000463,54.000000000002309,50.999999999997691,39,8.6599999999997923,743.49999999997806,SSLW,model_assisted_not_ground_truth,0,0,0,0,0,0,0,0,0,0,0
10.91,0,26.000000000003197,38.000000000006395,42,192.00000000004158,55,50.000000000003197,39.000000000003197,8.5700000000011833,734.00000000006401,SSLW,model_assisted_not_ground_truth,0,0,0,0,0,0,0,0,0,0,0
10.92,0,27,40.000000000004086,41.999999999995914,205.00000000000819,55.000000000004086,51.000000000004086,40,8.9399999999999586,754.00000000000409,SSLW,model_assisted_not_ground_truth,0,0,0,0,0,0,0,0,0,0,0
10.93,0,27,41.000000000004974,41.000000000009948,206.99999999996518,56.000000000014921,52.000000000074607,40.000000000019895,8.9299999999995521,755.000000000005,SSLW,model_assisted_not_ground_truth,0,0,0,0,0,0,0,0,0,0,0
10.94,0,27,42,43.000000000005862,200.00000000005275,59.000000000035172,67.000000000064475,44.000000000005862,8.8400000000005274,756.00000000002342,SSLW,model_assisted_not_ground_truth,0,0,0,0,0,0,0,0,0,0,0
10.95,0,27,42,43.999999999995559,208.99999999996004,64.999999999973355,77.999999999951143,44.999999999995559,8.9299999999998612,759.99999999993076,SSLW,model_assisted_not_ground_truth,0,0,0,0,0,0,0,0,0,0,0
10.96,0,27,44.999999999989342,44,215.99999999997513,65.999999999996447,86.999999999968026,45.999999999996447,8.9100000000013289,749.99999999981242,SSLW,model_assisted_not_ground_truth,0,0,0,0,0,0,0,0,0,0,0
10.97,0,26.000000000002665,55.99999999997069,44,217.99999999999466,70.99999999998667,115.99999999992272,54.999999999976019,9.080000000000652,726.00000000005662,SSLW,model_assisted_not_ground_truth,0,0,0,0,0,0,0,0,0,0,0
10.98,0,29.999999999992895,89.999999999939604,45.999999999996447,228.99999999998045,137.99999999988097,147.99999999994316,76.99999999996092,9.1550000000002925,732.50000000002535,SSLW,model_assisted_not_ground_truth,0,0,0,0,0,0,0,0,0,0,0
10.99,15.999999999985789,33.999999999996447,112.99999999997956,49.999999999996447,231.99999999999733,154.99999999998491,165.99999999998403,109.9999999999707,9.2299999999999329,738.9999999999942,SSLW,model_assisted_not_ground_truth,0,0,0,0,0,0,0,0,0,0,0
11.00,26,36,142,76,243,171,181,137,9.4299999999999997,734,SSLW,model_assisted_not_ground_truth,0,0,0,0,0,0,0,0,0,0,0
11.01,29.000000000004441,42.000000000020428,161.00000000001066,88.000000000009777,248.00000000000443,197.00000000001955,202.00000000002132,158.0000000000089,9.2000000000001059,722.99999999999284,SSLW,model_assisted_not_ground_truth,0,0,0,0,0,0,0,0,0,0,0
11.02,34.000000000015987,65.000000000017764,173.00000000002666,99.000000000021316,253.00000000000534,219.00000000003197,226.00000000002487,168.00000000002311,9.3200000000004977,714.99999999999466,SSLW,model_assisted_not_ground_truth,0,0,0,0,0,0,0,0,0,0,0
11.03,43.000000000018652,75.000000000053291,188.00000000000799,111.00000000001599,256.0000000000133,237.00000000001864,240.0000000000293,181.00000000002666,9.6000000000007457,712.00000000004002,SSLW,model_assisted_not_ground_truth,0,0,0,0,0,0,0,0,0,0,0
11.04,50,95.000000000123109,191.00000000006716,117.0000000000112,261.0000000000112,244.0000000000224,251.00000000003357,191.00000000004476,9.8800000000014556,726.99999999991792,SSLW,model_assisted_not_ground_truth,0,0,0,0,0,0,0,0,0,0,0
11.05,50.000000000078515,128.00000000008777,209.00000000004619,120.00000000001386,264.00000000001847,250.00000000000924,260.00000000002308,203.00000000002311,10.270000000001547,704.99999999989382,SSLW,model_assisted_not_ground_truth,0,0,0,0,0,0,0,0,0,0,0
11.06,67.000000000016513,147.00000000006057,219.00000000002203,123,267.99999999999449,252.000000000011,265.00000000001103,208.00000000007159,10.605000000001844,681.99999999987335,SSLW,model_assisted_not_ground_truth,0,0,0,0,0,0,0,0,0,0,0
11.07,69.999999999985079,157.99999999994529,222.9999999999801,123,267.000000000005,253.99999999999005,266.99999999999005,220.99999999993534,10.940000000001534,658.99999999992326,SSLW,model_assisted_not_ground_truth,0,0,0,0,0,0,0,0,0,0,0
11.08,65.000000000020435,164.99999999997141,218.00000000002044,121.00000000000817,267.99999999999591,254,267.99999999999591,219.00000000000819,11.180000000001383,646.9999999999053,SSLW,model_assisted_not_ground_truth,0,0,0,0,0,0,0,0,0,0,0
11.09,61.00000000001279,164.00000000000318,218,121.9999999999968,269.99999999999363,254.99999999999682,266.00000000000637,215.00000000001279,11.370000000004412,633.99999999965678,SSLW,model_assisted_not_ground_truth,0,0,0,0,0,0,0,0,0,0,0
11.10,57.000000000009237,156.00000000001847,218,116.00000000001386,266.00000000000921,253.0000000000046,262.00000000000921,202.00000000003001,11.909999999998753,592.00000000009697,SSLW,model_assisted_not_ground_truth,0,0,0,0,0,0,0,0,0,0,0
11.11,48.00000000001279,148.00000000001137,214.00000000000568,113.00000000000426,262.00000000000568,251.00000000000284,254.00000000001137,189.00000000001847,11.760000000000213,581.00000000001569,SSLW,model_assisted_not_ground_truth,0,0,0,0,0,0,0,0,0,0,0
11.12,31.00000000000604,122.00000000000924,202.00000000000426,91.000000000007816,250.00000000000426,245.00000000000213,232.00000000000782,173.00000000000568,11.670000000000032,529.00000000001842,SSLW,model_assisted_not_ground_truth,0,0,0,0,0,0,0,0,0,0,0
11.13,5.9999999999968026,102.99999999998508,195.99999999999093,78.999999999982407,240.9999999999952,234.99999999998241,214.99999999998187,150.99999999998241,11.169999999999963,467.99999999999812,SSLW,model_assisted_not_ground_truth,0,0,0,0,0,0,0,0,0,0,0
11.14,0,74.999999999953104,178.99999999995879,46,231.99999999998579,201.99999999996021,180.99999999994316,117.99999999995595,11.0999999999999,464.499999999995,SSLW,model_assisted_not_ground_truth,0,0,0,0,0,0,0,0,0,0,0
11.15,0,41.999999999993072,149.99999999992841,45.999999999990763,221.99999999994918,173.99999999991223,140.99999999991687,86.99999999994688,11.029999999999538,460.99999999995151,SSLW,model_assisted_not_ground_truth,0,0,0,0,0,0,0,0,0,0,0
11.16,0,38.99999999998721,118.99999999988809,42,199.99999999993923,135.99999999979855,104.99999999991687,63.999999999932854,10.829999999999457,439.99999999992008,SSLW,model_assisted_not_ground_truth,0,0,0,0,0,0,0,0,0,0,0
11.17,0,35.000000000004086,83.999999999865167,41.999999999991829,180.99999999990195,72.999999999967315,78.999999999873339,42.999999999995914,10.659999999997099,414.99999999961187,SSLW,model_assisted_not_ground_truth,0,0,0,0,0,0,0,0,0,0,0
11.18,0,36,50.999999999970157,39.999999999985079,156.99999999995524,64.999999999965183,48,41.999999999985079,9.9499999999990045,319.99999999992536,SSLW,model_assisted_not_ground_truth,0,0,0,0,0,0,0,0,0,0,0
11.19,0,36,44.999999999982414,36.999999999994138,148,57.99999999997069,48,39.000000000005862,9.7499999999978311,304.99999999987102,SSLW,model_assisted_not_ground_truth,0,0,0,0,0,0,0,0,0,0,0
11.20,0,36,42.000000000013323,36.000000000004441,148,53.000000000022204,48,39.999999999995559,9.3799999999948049,282.99999999992377,SSLW,model_assisted_not_ground_truth,0,0,0,0,0,0,0,0,0,0,0
11.21,0,34.000000000007105,39.000000000010658,34.000000000007105,142.00000000002132,53,48.999999999996447,40,8.6299999999982813,272.0000000009926,SSLW,model_assisted_not_ground_truth,0,0,0,0,0,0,0,0,0,0,0
11.22,0,34.999999999997335,37.000000000005329,33.000000000002665,135.00000000001864,53,48.000000000002665,40,8.4099999999993358,399.00000000038352,SSLW,model_assisted_not_ground_truth,0,0,0,0,0,0,0,0,0,0,0
11.23,0,34.000000000001776,37,33,137.99999999999466,51.000000000003553,48,40,8.1900000000003903,525.99999999977445,SSLW,model_assisted_not_ground_truth,0,0,0,0,0,0,0,0,0,0,0
11.24,0,32.000000000001776,35.000000000001776,31.000000000001776,134.00000000000355,51,48,40,8.1100000000000705,552.99999999997601,SSLW,model_assisted_not_ground_truth,0,0,0,0,0,0,0,0,0,0,0
11.25,0,32,35,31,132,50,47,36,6.79,543,SSLW,model_assisted_not_ground_truth,0,0,0,0,0,0,0,0,0,0,0
11.26,0,32.000000000000888,35,32,123.99999999998224,48,46.999999999998224,32.999999999998224,7.1699999999997246,513.0000000000515,SSLW,model_assisted_not_ground_truth,0,0,0,0,0,0,0,0,0,0,0
11.27,0,32.999999999998224,34.999999999994671,32,103.99999999999822,47.999999999998224,45.000000000001776,31,6.8600000000000536,570.99999999998579,SSLW,model_assisted_not_ground_truth,0,0,0,0,0,0,0,0,0,0,0
11.28,0,31.999999999997335,32.000000000002665,32,102.999999999992,47,45.999999999997335,30.999999999997335,6.8900000000002795,563.0000000000266,SSLW,model_assisted_not_ground_truth,0,0,0,0,0,0,0,0,0,0,0
11.29,0,31.00000000000373,33.00000000000373,32,99.999999999977618,47,45,30.000000000014921,6.9950000000003918,573.00000000003729,SSLW,model_assisted_not_ground_truth,0,0,0,0,0,0,0,0,0,0,0
11.30,0,32.000000000004619,33.999999999986144,32,94.000000000013856,47,45,33.999999999995381,7.1000000000007386,582.99999999968134,SSLW,model_assisted_not_ground_truth,0,0,0,0,0,0,0,0,0,0,0
11.31,0,32.99999999998348,31.000000000005507,31.999999999994493,97.000000000016513,47,44.999999999988987,33.000000000011013,7.2599999999990086,514.00000000052319,SSLW,model_assisted_not_ground_truth,0,0,0,0,0,0,0,0,0,0,0
11.32,0,30.000000000014921,31.999999999995026,31.000000000004974,99.999999999985079,47,43.000000000009948,34.999999999990052,7.0800000000022383,609.00000000007037,SSLW,model_assisted_not_ground_truth,0,0,0,0,0,0,0,0,0,0,0
11.33,0,28.000000000008171,32,31.999999999995914,100,46.000000000004086,44.999999999991829,36.999999999991829,7.4300000000002182,619.99999999996362,SSLW,model_assisted_not_ground_truth,0,0,0,0,0,0,0,0,0,0,0
11.34,0,26.000000000006395,30.000000000006395,31.000000000003197,115.99999999994884,47.999999999993605,44.000000000003197,37.999999999996803,7.4599999999998365,614.99999999991826,SSLW,model_assisted_not_ground_truth,0,0,0,0,0,0,0,0,0,0,0
11.35,0,26,30,32.999999999995381,121.99999999998614,48,44.999999999997691,38,7.4400000000000466,605.00000000002308,SSLW,model_assisted_not_ground_truth,0,0,0,0,0,0,0,0,0,0,0
11.36,0,26.999999999998579,30,33,124.99999999999574,48.999999999998579,45,38,7.5899999999997867,585.00000000002842,SSLW,model_assisted_not_ground_truth,0,0,0,0,0,0,0,0,0,0,0
11.37,0,24.000000000001066,29.000000000000355,33,132.99999999999716,49,45.999999999999645,38.999999999999645,7.4750000000000405,608.99999999999147,SSLW,model_assisted_not_ground_truth,0,0,0,0,0,0,0,0,0,0,0
11.38,0,21.999999999998934,30.999999999998401,33,122.99999999999733,45.999999999999467,46,39,7.3600000000000323,633.00000000000261,SSLW,model_assisted_not_ground_truth,0,0,0,0,0,0,0,0,0,0,0
11.39,0,19.999999999991473,28.000000000001421,33.000000000001421,117.99999999997158,45.000000000001421,46,39,7.4199999999998436,637.99999999996874,SSLW,model_assisted_not_ground_truth,0,0,0,0,0,0,0,0,0,0,0
11.40,0,14.000000000023093,29.000000000002309,34,98.000000000013856,45.999999999997691,45.999999999997691,38.999999999997691,7.3100000000004846,616.00000000006924,SSLW,model_assisted_not_ground_truth,0,0,0,0,0,0,0,0,0,0,0
11.41,0,24,29.999999999990408,34,103.99999999997122,45.000000000003197,45.000000000006395,38,7.5199999999996479,645.99999999999045,SSLW,model_assisted_not_ground_truth,0,0,0,0,0,0,0,0,0,0,0
11.42,0,24,27.000000000004086,34.000000000004086,94.999999999991829,45.999999999995914,46.999999999991829,38,7.4100000000002044,643.00000000002046,SSLW,model_assisted_not_ground_truth,0,0,0,0,0,0,0,0,0,0,0
11.43,0,24.000000000004974,28,35,92.999999999980105,45,45.000000000009948,37.999999999995026,7.4599999999997513,647.9999999999751,SSLW,model_assisted_not_ground_truth,0,0,0,0,0,0,0,0,0,0,0
11.44,0,25.000000000005862,28,35,89.000000000011724,45,47,37,7.4100000000004691,642.99999999998238,SSLW,model_assisted_not_ground_truth,0,0,0,0,0,0,0,0,0,0,0
11.45,0,25.999999999995559,28,35,90.999999999991118,45,47,37,7.4899999999992382,639.99999999995498,SSLW,model_assisted_not_ground_truth,0,0,0,0,0,0,0,0,0,0,0
11.46,0,26.999999999996447,26.000000000007105,35,91,45,47,38.999999999992895,7.3799999999991401,633.49999999994918,SSLW,model_assisted_not_ground_truth,0,0,0,0,0,0,0,0,0,0,0
11.47,0.99999999999733546,21.000000000015987,26,34.000000000002665,99.999999999976012,44.000000000002665,47,39,7.2699999999995644,627,SSLW,model_assisted_not_ground_truth,0,0,0,0,0,0,0,0,0,0,0
11.48,1,22.999999999996447,26,33.000000000001776,102.99999999999467,44,47,38.000000000001776,7.2200000000000886,627,SSLW,model_assisted_not_ground_truth,0,0,0,0,0,0,0,0,0,0,0
11.49,8.8817841970012523e-13,23,24.000000000001776,33,115.99999999998846,44.999999999999112,47,38,7.2899999999999379,610.00000000001512,SSLW,model_assisted_not_ground_truth,0,0,0,0,0,0,0,0,0,0,0
11.50,0,24,24,32,130,45,47,40,7.3399999999999999,607,SSLW,model_assisted_not_ground_truth,0,0,0,0,0,0,0,0,0,0,0
11.51,0,26,26,32.999999999999112,133.99999999999201,45.000000000000888,45.000000000000888,39.000000000000888,7.3499999999999552,620.99999999998931,SSLW,model_assisted_not_ground_truth,0,0,0,0,0,0,0,0,0,0,0
11.52,0,26,26,31.999999999996447,125.00000000001954,46.000000000001776,46,40,7.2999999999999554,609.00000000000261,SSLW,model_assisted_not_ground_truth,0,0,0,0,0,0,0,0,0,0,0
11.53,0,26.000000000005329,25.999999999989342,29.999999999986677,135.99999999996004,47,46,40.000000000002665,7.2749999999999329,610.50000000000398,SSLW,model_assisted_not_ground_truth,0,0,0,0,0,0,0,0,0,0,0
11.54,0,28,22.000000000014921,24.99999999999627,120.99999999997762,47,45.99999999999627,41,7.25,611.99999999985823,SSLW,model_assisted_not_ground_truth,0,0,0,0,0,0,0,0,0,0,0
11.55,0,27.999999999995381,26,23.999999999990763,114.99999999984297,47.000000000004619,45.000000000009237,41,7.2500000000000924,573.99999999998613,SSLW,model_assisted_not_ground_truth,0,0,0,0,0,0,0,0,0,0,0
11.56,0,27.000000000011013,26.000000000011013,21.999999999994493,80.999999999746692,48,47,41,7.2699999999980172,570.99999999987881,SSLW,model_assisted_not_ground_truth,0,0,0,0,0,0,0,0,0,0,0
11.57,0,28.999999999990052,27.999999999990052,21.000000000004974,35.000000000228795,48,47,41,6.9099999999998722,548.99999999985926,SSLW,model_assisted_not_ground_truth,0,0,0,0,0,0,0,0,0,0,0
11.58,0,29.999999999995914,28,22.999999999991829,33.000000000008171,48.999999999995914,46.000000000004086,41,6.8900000000021118,527.00000000040791,SSLW,model_assisted_not_ground_truth,0,0,0,0,0,0,0,0,0,0,0
11.59,0,31.999999999993605,30.999999999990408,20.000000000009592,32.000000000003197,49,46,42.999999999993605,7.1800000000017974,583.00000000004081,SSLW,model_assisted_not_ground_truth,0,0,0,0,0,0,0,0,0,0,0
11.60,0,35.999999999990763,31.999999999997691,22.999999999993072,32,49,46.999999999997691,43.999999999997691,7.3999999999994923,587.9999999999884,SSLW,model_assisted_not_ground_truth,0,0,0,0,0,0,0,0,0,0,0
11.61,0,37.999999999997158,34.999999999995737,23.999999999998579,31.000000000001421,49.999999999998579,47,43.000000000001421,7.4699999999999012,594.99999999999,SSLW,model_assisted_not_ground_truth,0,0,0,0,0,0,0,0,0,0,0
11.62,0,38.999999999999645,35.999999999999645,24,31.999999999999645,50,46.000000000000355,43.999999999999645,7.5399999999999752,601.9999999999975,SSLW,model_assisted_not_ground_truth,0,0,0,0,0,0,0,0,0,0,0
11.63,0,40,35,25,32.000000000000533,51,46.000000000000533,45.000000000001066,7.569999999999979,595.00000000000159,SSLW,model_assisted_not_ground_truth,0,0,0,0,0,0,0,0,0,0,0
11.64,0,40.000000000001421,34.999999999998579,24.999999999998579,33.000000000002842,51,47,47.000000000002842,7.5299999999999008,598,SSLW,model_assisted_not_ground_truth,0,0,0,0,0,0,0,0,0,0,0
11.65,0,40.999999999995381,34,24.000000000002309,35.000000000013856,50.999999999997691,47.000000000002309,48.999999999997691,7.4599999999996074,598,SSLW,model_assisted_not_ground_truth,0,0,0,0,0,0,0,0,0,0,0
11.66,0,39.00000000001279,33.99999999998721,24.999999999993605,41.000000000127898,50,48,48.000000000003197,7.2899999999999041,597.99999999988813,SSLW,model_assisted_not_ground_truth,0,0,0,0,0,0,0,0,0,0,0
11.67,0,43.000000000032685,29.999999999995914,23.000000000012257,81.000000000163425,50,48,49.000000000004086,7.2599999999991827,563.0000000002492,SSLW,model_assisted_not_ground_truth,0,0,0,0,0,0,0,0,0,0,0
11.68,0,51.000000000293454,29.000000000009948,26.000000000004974,121.00000000012932,50.000000000004974,48.000000000004974,50.000000000054712,7.0599999999992535,624.0000000000249,SSLW,model_assisted_not_ground_truth,0,0,0,0,0,0,0,0,0,0,0
11.69,0,110.00000000042206,31.000000000011724,27.000000000023448,147.00000000013483,51.000000000011724,49,61.00000000002931,6.9099999999991208,629.00000000002933,SSLW,model_assisted_not_ground_truth,0,0,0,0,0,0,0,0,0,0,0
11.70,0,181.99999999968026,32.999999999991118,30.999999999982236,169.99999999989785,52.999999999991118,49,65.999999999977803,6.7599999999986835,634.00000000022862,SSLW,model_assisted_not_ground_truth,0,0,0,0,0,0,0,0,0,0,0
11.71,4.9999999999822364,244.99999999977618,35.999999999989342,32.999999999992895,205.9999999998721,61.999999999968026,48.000000000003553,77.999999999957367,6.5700000000003911,666.99999999996874,SSLW,model_assisted_not_ground_truth,0,0,0,0,0,0,0,0,0,0,0
11.72,18.999999999962697,298.99999999985613,40.999999999986677,35.999999999992006,262.99999999984811,99.999999999898748,48.999999999997335,169.99999999975486,6.6200000000003483,663.00000000003479,SSLW,model_assisted_not_ground_truth,0,0,0,0,0,0,0,0,0,0,0
11.73,109.99999999983835,346.99999999991473,38.000000000005329,38.999999999994671,303.99999999992718,133.9999999999396,70.99999999996092,208.99999999993071,6.6599999999999291,666.99999999999295,SSLW,model_assisted_not_ground_truth,0,0,0,0,0,0,0,0,0,0,0
11.74,160.9999999999547,360.99999999998755,38,37.000000000001776,305.99999999999824,153.99999999998224,87.999999999984908,200.00000000000799,6.7399999999999292,661.00000000000534,SSLW,model_assisted_not_ground_truth,0,0,0,0,0,0,0,0,0,0,0
11.75,151,377,35,40,296,153,72,147,6.79,673,SSLW,model_assisted_not_ground_truth,0,0,0,0,0,0,0,0,0,0,0
11.76,89.999999999953815,360.99999999998312,30.999999999998224,40,275.99999999999199,103.9999999999698,49,90.999999999976907,6.7300000000000049,660.00000000006571,SSLW,model_assisted_not_ground_truth,0,0,0,0,0,0,0,0,0,0,0
11.77,38.000000000067502,342.00000000000358,29.000000000005329,40,267.00000000001069,70,49.000000000001776,65.000000000010658,6.7350000000000092,734.00000000013142,SSLW,model_assisted_not_ground_truth,0,0,0,0,0,0,0,0,0,0,0
11.78,76.000000000082608,344.00000000002132,32.000000000002665,40.000000000002665,273.00000000007464,70.000000000002672,50,71.000000000101252,6.7400000000005065,807.99999999999466,SSLW,model_assisted_not_ground_truth,0,0,0,0,0,0,0,0,0,0,0
11.79,107.00000000005596,352.00000000000745,33,41.00000000000373,301.0000000000224,71.000000000186517,49.99999999999627,109.00000000005969,6.9300000000028721,806.00000000004854,SSLW,model_assisted_not_ground_truth,0,0,0,0,0,0,0,0,0,0,0
11.80,122.00000000004157,353.99999999997692,33.000000000013856,42.000000000013856,307.00000000004621,121.00000000006466,49.000000000004619,125.00000000006466,7.7000000000004158,818.99999999997692,SSLW,model_assisted_not_ground_truth,0,0,0,0,0,0,0,0,0,0,0
11.81,131.00000000004957,348.99999999996146,35.999999999994493,45.000000000022027,317.00000000000551,135.00000000004405,50.000000000005507,139.00000000000551,7.7900000000005507,813.99999999988984,SSLW,model_assisted_not_ground_truth,0,0,0,0,0,0,0,0,0,0,0
11.82,139.99999999995524,342.00000000003479,35.000000000004974,48.999999999980105,317.999999999995,142.99999999996021,50.999999999995026,139.99999999999503,7.8900000000001276,793.9999999998721,SSLW,model_assisted_not_ground_truth,0,0,0,0,0,0,0,0,0,0,0
11.83,118.00000000008988,332.00000000004087,35,45.000000000016342,311.00000000002859,138.00000000002044,51,122.00000000007354,7.9099999999995632,774.0000000001238,SSLW,model_assisted_not_ground_truth,0,0,0,0,0,0,0,0,0,0,0
11.84,90.000000000089528,317.00000000004798,35.999999999996803,44.000000000003197,300.00000000003519,114.00000000007674,50.000000000003197,77.000000000143885,7.8499999999998504,791.00000000004229,SSLW,model_assisted_not_ground_truth,0,0,0,0,0,0,0,0,0,0,0
11.85,53.000000000085443,302.00000000003462,34.000000000004619,43.000000000002309,284.00000000003695,72.000000000096989,50,60.000000000039257,7.7900000000001386,807.99999999996078,SSLW,model_assisted_not_ground_truth,0,0,0,0,0,0,0,0,0,0,0
11.86,18.000000000049738,288.0000000000199,34.999999999998579,42.000000000001421,278.00000000000853,71.000000000001421,50,47.000000000018474,7.7999999999999856,799.00000000001273,SSLW,model_assisted_not_ground_truth,0,0,0,0,0,0,0,0,0,0,0
11.87,13.000000000001776,279.00000000000318,33.000000000000711,42,263.00000000000534,70.000000000000355,49.000000000000355,45.000000000000711,7.6500000000000536,781.00000000000637,SSLW,model_assisted_not_ground_truth,0,0,0,0,0,0,0,0,0,0,0
11.88,14.999999999992006,269.99999999999307,32.999999999999467,41,257.99999999999682,69,49,44.000000000000533,7.5299999999999363,783.99999999998238,SSLW,model_assisted_not_ground_truth,0,0,0,0,0,0,0,0,0,0,0
11.89,0,256.99999999998721,32.000000000001421,40.999999999998579,251.99999999998863,69,48.999999999997158,45,7.4100000000003838,751.0000000000299,SSLW,model_assisted_not_ground_truth,0,0,0,0,0,0,0,0,0,0,0
11.90,0,247.99999999997229,32.999999999995381,40,243.99999999998846,68.999999999997684,47.000000000004619,45,7.6800000000000459,771.99999999996771,SSLW,model_assisted_not_ground_truth,0,0,0,0,0,0,0,0,0,0,0
11.91,0,235.99999999989768,31,40.000000000003197,238.99999999994245,67.999999999990408,48.999999999993605,44.999999999996803,7.7000000000000002,757.99999999996487,SSLW,model_assisted_not_ground_truth,0,0,0,0,0,0,0,0,0,0,0
11.92,0,203.99999999993872,31.000000000008171,41,220.99999999996322,64.999999999995907,47.000000000008171,43.999999999991829,7.7000000000000002,746.99999999995509,SSLW,model_assisted_not_ground_truth,0,0,0,0,0,0,0,0,0,0,0
11.93,0,188.99999999991545,33,41,211.99999999998508,63.999999999985079,49,41.999999999985079,7.7000000000006965,736.00000000004979,SSLW,model_assisted_not_ground_truth,0,0,0,0,0,0,0,0,0,0,0
11.94,0,171.99999999988276,33,41,208.99999999998241,60.999999999982414,49,38.999999999988276,7.8399999999995309,745.9999999998945,SSLW,model_assisted_not_ground_truth,0,0,0,0,0,0,0,0,0,0,0
11.95,0,152.00000000008882,33,41,206.00000000001333,58.000000000013323,49,37.000000000008882,7.7599999999995148,727.99999999988916,SSLW,model_assisted_not_ground_truth,0,0,0,0,0,0,0,0,0,0,0
11.96,0,128.00000000008527,31.000000000007105,39.000000000007105,198.00000000002842,56.000000000007105,48.000000000003553,38.999999999992895,7.6899999999996096,711.99999999987494,SSLW,model_assisted_not_ground_truth,0,0,0,0,0,0,0,0,0,0,0
11.97,0,89.00000000010391,31.999999999997335,40.999999999994671,188.00000000002666,56,48.999999999997335,38.000000000002665,7.6400000000008701,695.99999999995646,SSLW,model_assisted_not_ground_truth,0,0,0,0,0,0,0,0,0,0,0
11.98,0,62.000000000047962,32,41,188,56,49,38,7.7399999999998226,691.00000000000887,SSLW,model_assisted_not_ground_truth,0,0,0,0,0,0,0,0,0,0,0
11.99,0,39.000000000020428,32,40.000000000000888,178.00000000000887,55.000000000000888,49,38,7.8599999999998937,688.00000000000261,SSLW,model_assisted_not_ground_truth,0,0,0,0,0,0,0,0,0,0,0
12.00,0,37,32,40,172,55,49,37,7.2599999999999998,681,SSLW,model_assisted_not_ground_truth,0,0,0,0,0,0,0,0,0,0,0
12.01,0,35.999999999999112,31.000000000001776,40.000000000000888,168.99999999999821,55,49,36,7.2750000000000128,676.49999999999602,SSLW,model_assisted_not_ground_truth,0,0,0,0,0,0,0,0,0,0,0
12.02,0,35,33.000000000003553,41,167.00000000000711,54.999999999998224,49,36,7.2900000000002843,672.00000000001421,SSLW,model_assisted_not_ground_truth,0,0,0,0,0,0,0,0,0,0,0
12.03,0,34.999999999997158,34.999999999997158,41,170.99999999999147,54.000000000002842,49,36.000000000002842,7.4500000000003412,680.00000000001705,SSLW,model_assisted_not_ground_truth,0,0,0,0,0,0,0,0,0,0,0
12.04,0,33.99999999999627,34.00000000000373,41.00000000000373,168.00000000001864,54.99999999999627,49,37,7.5700000000042156,686.0000000002052,SSLW,model_assisted_not_ground_truth,0,0,0,0,0,0,0,0,0,0,0
12.05,0,33.000000000009237,35,42.000000000004619,173.00000000004619,54.000000000023093,49.000000000004619,37.000000000004619,8.7000000000002764,741.00000000005548,SSLW,model_assisted_not_ground_truth,0,0,0,0,0,0,0,0,0,0,0
12.06,0,34.999999999994493,35.000000000005507,43,183.00000000006057,59.000000000044054,50,38,8.7600000000005505,753.00000000003308,SSLW,model_assisted_not_ground_truth,0,0,0,0,0,0,0,0,0,0,0
12.07,0,34.000000000004974,35.999999999995026,43,193.99999999994529,66.99999999996021,50,38,8.8599999999991041,759.00000000002558,SSLW,model_assisted_not_ground_truth,0,0,0,0,0,0,0,0,0,0,0
12.08,0,34.999999999995914,40.999999999979572,44.999999999991829,195.99999999999181,69.99999999998775,63.999999999942801,38.999999999995914,8.7200000000001463,763.00000000003274,SSLW,model_assisted_not_ground_truth,0,0,0,0,0,0,0,0,0,0,0
12.09,0,35,67.999999999913669,47.999999999990408,222.99999999991365,123.99999999982734,100.99999999988169,69.999999999900879,8.74000000000005,767.50000000001114,SSLW,model_assisted_not_ground_truth,0,0,0,0,0,0,0,0,0,0,0
12.10,0,35.999999999997691,87.999999999953815,47.000000000002309,225.99999999999307,158.99999999991917,132.9999999999261,89.999999999953815,8.7599999999999536,771.99999999998965,SSLW,model_assisted_not_ground_truth,0,0,0,0,0,0,0,0,0,0,0
12.11,13.999999999980105,37.999999999997158,112.99999999996447,47.999999999998579,232.99999999999005,179.99999999997016,155.99999999996732,113.99999999996589,8.819999999999915,774.99999999999568,SSLW,model_assisted_not_ground_truth,0,0,0,0,0,0,0,0,0,0,0
12.12,29.999999999994316,55.999999999993605,129.99999999999397,75.999999999990052,244.99999999999574,195.99999999999432,170.99999999999466,138.99999999999113,8.9399999999999569,781.9999999999975,SSLW,model_assisted_not_ground_truth,0,0,0,0,0,0,0,0,0,0,0
12.13,34.000000000007994,64.000000000003737,149.00000000000693,84.000000000007461,253.00000000000321,205.00000000001066,183.00000000001546,157.0000000000048,9.2300000000001283,744.00000000000375,SSLW,model_assisted_not_ground_truth,0,0,0,0,0,0,0,0,0,0,0
12.14,49.000000000001421,71.000000000014211,162.0000000000199,98.000000000018474,259.00000000000426,225.00000000000426,212.00000000002274,166.00000000001705,9.4700000000006117,750.99999999999147,SSLW,model_assisted_not_ground_truth,0,0,0,0,0,0,0,0,0,0,0
12.15,50,81.000000000013856,176.00000000003695,111.00000000003233,262.00000000001387,228.00000000001154,228.00000000003001,178.00000000002078,9.9000000000002206,744.99999999998499,SSLW,model_assisted_not_ground_truth,0,0,0,0,0,0,0,0,0,0,0
12.16,50.000000000044764,87.000000000038369,192.00000000004798,125.00000000003837,268.00000000000318,233.00000000001918,241.00000000002879,187.00000000007356,9.995000000000303,738.4999999999792,SSLW,model_assisted_not_ground_truth,0,0,0,0,0,0,0,0,0,0,0
12.17,64.000000000028606,99.000000000110319,207.00000000003678,137.00000000002453,269.00000000001228,239.00000000004087,250.00000000002859,210.00000000004493,10.089999999999224,731.99999999994691,SSLW,model_assisted_not_ground_truth,0,0,0,0,0,0,0,0,0,0,0
12.18,71.000000000079581,126.00000000007461,216.00000000004476,142.99999999999005,272.000000000005,249.00000000000497,257.00000000001495,221.00000000004476,9.9000000000022883,718.99999999989552,SSLW,model_assisted_not_ground_truth,0,0,0,0,0,0,0,0,0,0,0
12.19,86.999999999964828,141.00000000007034,225.00000000001171,140.99999999993551,272.99999999999415,250.00000000001759,260.00000000001171,229.99999999998241,10.360000000002989,697.99999999980651,SSLW,model_assisted_not_ground_truth,0,0,0,0,0,0,0,0,0,0,0
12.20,81.000000000026645,152.99999999994671,226.99999999999113,130.00000000004886,272.00000000000443,252.99999999998667,261.99999999999113,227.00000000001333,10.870000000002008,664.99999999985448,SSLW,model_assisted_not_ground_truth,0,0,0,0,0,0,0,0,0,0,0
12.21,73.000000000028422,160.99999999997158,227.99999999999645,122.00000000002842,273.99999999999289,253.99999999999645,261.00000000000352,224.00000000001066,11.160000000003986,643.99999999950762,SSLW,model_assisted_not_ground_truth,0,0,0,0,0,0,0,0,0,0,0
12.22,61.000000000031974,156.00000000001333,226.00000000000534,117.00000000001333,272.00000000000534,254.99999999999733,252.00000000002399,219.00000000001333,11.669999999998955,580.99999999987813,SSLW,model_assisted_not_ground_truth,0,0,0,0,0,0,0,0,0,0,0
12.23,61.999999999998224,150.00000000001066,221.00000000000887,107.00000000001776,271.00000000000176,253.00000000000355,244.00000000001421,210.00000000001597,11.550000000000214,567.0000000000249,SSLW,model_assisted_not_ground_truth,0,0,0,0,0,0,0,0,0,0,0
12.24,51.00000000000977,121.00000000002575,213.00000000000711,100.00000000000622,264.0000000000062,251.00000000000176,241.00000000000267,192.00000000001597,11.490000000000054,554.0000000000116,SSLW,model_assisted_not_ground_truth,0,0,0,0,0,0,0,0,0,0,0
12.25,35,107,205,93,252,243,231,180,11.43,541,SSLW,model_assisted_not_ground_truth,0,0,0,0,0,0,0,0,0,0,0
12.26,7.9999999999928946,90.999999999985789,196.99999999998312,72.999999999976907,239.99999999999466,235.99999999999466,216.99999999997246,159.99999999998045,11.239999999999911,507.99999999998312,SSLW,model_assisted_not_ground_truth,0,0,0,0,0,0,0,0,0,0,0
12.27,0,74.99999999994138,177.99999999994492,46.999999999998224,233.999999999984,229.99999999995558,185.99999999992539,137.9999999999325,11.139999999999556,488.99999999993605,SSLW,model_assisted_not_ground_truth,0,0,0,0,0,0,0,0,0,0,0
12.28,0,41.999999999991473,146.999999999946,45.999999999991473,224.99999999996305,204.999999999946,143.99999999988631,99.999999999951683,10.889999999999631,452.99999999992042,SSLW,model_assisted_not_ground_truth,0,0,0,0,0,0,0,0,0,0,0
12.29,0,38.99999999999627,127.99999999993285,42.99999999999627,211.99999999992539,185.99999999995896,103.99999999992166,82.999999999929116,10.75999999999944,424.99999999991422,SSLW,model_assisted_not_ground_truth,0,0,0,0,0,0,0,0,0,0,0
12.30,0,37.999999999995381,109.99999999988916,41.999999999990763,191.99999999993534,174.9999999998245,82.99999999984297,63.999999999935341,10.609999999999676,401.99999999994458,SSLW,model_assisted_not_ground_truth,0,0,0,0,0,0,0,0,0,0,0
12.31,0,37.000000000005507,85.999999999807272,39.999999999988987,177.99999999993943,136.99999999973568,49,49.999999999972466,10.539999999999615,389.99999999993395,SSLW,model_assisted_not_ground_truth,0,0,0,0,0,0,0,0,0,0,0
12.32,0,37.999999999995026,51.000000000174083,38.000000000009948,167.00000000005471,89.000000000238742,49,45.000000000024869,10.470000000000256,377.99999999989126,SSLW,model_assisted_not_ground_truth,0,0,0,0,0,0,0,0,0,0,0
12.33,0,38,45.000000000024514,36.000000000008171,159.00000000003268,66.000000000093962,48.000000000004086,41.000000000016342,10.50999999999614,360.99999999989075,SSLW,model_assisted_not_ground_truth,0,0,0,0,0,0,0,0,0,0,0
12.34,0,36.000000000006395,45,34.000000000006395,155.00000000001279,60.000000000019185,48,40.000000000003197,9.9799999999878253,346.00000000111947,SSLW,model_assisted_not_ground_truth,0,0,0,0,0,0,0,0,0,0,0
12.35,0,33.000000000006928,44.000000000002309,33.000000000002309,156.9999999999954,55.000000000011546,48,40,8.490000000003441,482.99999999968361,SSLW,model_assisted_not_ground_truth,0,0,0,0,0,0,0,0,0,0,0
12.36,0,34.999999999997158,40.000000000005684,32.000000000001421,149.00000000001137,54.000000000001421,48,39.000000000001421,8.7199999999996738,558.999999999892,SSLW,model_assisted_not_ground_truth,0,0,0,0,0,0,0,0,0,0,0
12.37,0,35.999999999999645,39.000000000000355,32,150.99999999999929,53.000000000000355,47.000000000000355,38.000000000000355,8.0900000000002237,566.99999999999716,SSLW,model_assisted_not_ground_truth,0,0,0,0,0,0,0,0,0,0,0
12.38,0,35,36,32,141.99999999999679,52,45.999999999998934,38.999999999998934,6.5900000000000212,502.00000000001972,SSLW,model_assisted_not_ground_truth,0,0,0,0,0,0,0,0,0,0,0
12.39,0,35,35.999999999998579,32.000000000001421,135.99999999998579,51.999999999998579,44.000000000002842,36.999999999998579,6.6300000000000283,539.00000000001,SSLW,model_assisted_not_ground_truth,0,0,0,0,0,0,0,0,0,0,0
12.40,0,35.000000000002309,35,33,125.99999999998614,50.999999999995381,46,35.999999999993072,6.6500000000000465,546.00000000001614,SSLW,model_assisted_not_ground_truth,0,0,0,0,0,0,0,0,0,0,0
12.41,0,35.999999999996803,35.000000000003197,33.000000000003197,120.00000000000959,48.999999999996803,45.999999999993605,32.999999999996803,6.6700000000012789,553.00000000004798,SSLW,model_assisted_not_ground_truth,0,0,0,0,0,0,0,0,0,0,0
12.42,0,35,36,33.999999999995914,122.99999999997139,48,44.000000000004086,32.000000000004086,7.0699999999999594,568.00000000001637,SSLW,model_assisted_not_ground_truth,0,0,0,0,0,0,0,0,0,0,0
12.43,0,35,36,33,115.99999999992539,48,45,32.999999999995026,7.0599999999996514,571.9999999999801,SSLW,model_assisted_not_ground_truth,0,0,0,0,0,0,0,0,0,0,0
12.44,0,34.999999999994138,35.999999999988276,33,101.00000000000585,47.999999999994138,44.999999999994138,32,6.9899999999998244,568.00000000003513,SSLW,model_assisted_not_ground_truth,0,0,0,0,0,0,0,0,0,0,0
12.45,0,34.000000000004441,34.000000000008882,33,101.99999999999557,47.000000000004441,44.000000000004441,32,6.9599999999995843,574.00000000000693,SSLW,model_assisted_not_ground_truth,0,0,0,0,0,0,0,0,0,0,0
12.46,0,33.000000000003553,32.000000000007105,33,103.99999999999289,47.999999999996447,44.999999999996447,32.999999999996447,6.900000000000821,575.00000000000387,SSLW,model_assisted_not_ground_truth,0,0,0,0,0,0,0,0,0,0,0
12.47,0,30.000000000007994,32,32.000000000002665,110.99999999998136,48,45,35.999999999992006,7.005000000000317,575.50000000000148,SSLW,model_assisted_not_ground_truth,0,0,0,0,0,0,0,0,0,0,0
12.48,0,29.000000000001776,33.999999999996447,32,117.99999999998757,48,45,37.999999999996447,7.1099999999998138,575.99999999999909,SSLW,model_assisted_not_ground_truth,0,0,0,0,0,0,0,0,0,0,0
12.49,0,29,32.000000000001776,31.000000000000888,118.99999999999912,48,45,38,7.060000000000044,616.99999999996362,SSLW,model_assisted_not_ground_truth,0,0,0,0,0,0,0,0,0,0,0
12.50,0,26,31,34,121,46,45,39,7.0199999999999996,603,SSLW,model_assisted_not_ground_truth,0,0,0,0,0,0,0,0,0,0,0
12.51,0,24.999999999999112,32.999999999999112,34,118.99999999999112,46.999999999998224,45,38.000000000000888,7.4199999999999999,614.00000000003024,SSLW,model_assisted_not_ground_truth,0,0,0,0,0,0,0,0,0,0,0
12.52,0,23.999999999994671,32.000000000001776,34,108.99999999998934,45.000000000001776,44.999999999998224,39,7.4199999999998933,647.99999999998931,SSLW,model_assisted_not_ground_truth,0,0,0,0,0,0,0,0,0,0,0
12.53,0,20.999999999997158,32.999999999991473,34,102.99999999998863,46,44.000000000002842,38.999999999997158,7.360000000000114,642.00000000001421,SSLW,model_assisted_not_ground_truth,0,0,0,0,0,0,0,0,0,0,0
12.54,0,19.99999999999627,29.999999999981348,34,98.999999999951498,46,45,38,7.3999999999998138,646.99999999995896,SSLW,model_assisted_not_ground_truth,0,0,0,0,0,0,0,0,0,0,0
12.55,0,19,25.000000000004619,33.999999999990763,85.999999999995381,46,44.999999999995381,38,7.3499999999997687,635.99999999994918,SSLW,model_assisted_not_ground_truth,0,0,0,0,0,0,0,0,0,0,0
12.56,0,19.000000000011013,25.999999999988987,32.000000000011013,84.999999999988987,46,44.000000000005507,38,7.300000000000936,625.00000000017621,SSLW,model_assisted_not_ground_truth,0,0,0,0,0,0,0,0,0,0,0
12.57,0,20.999999999990052,24.000000000009948,33.999999999990052,83.000000000009948,46,44.999999999995026,38,7.4700000000000637,656.99999999997442,SSLW,model_assisted_not_ground_truth,0,0,0,0,0,0,0,0,0,0,0
12.58,0,21.999999999995914,24,34,81.000000000008171,46,45,38,7.4799999999996363,653.00000000004366,SSLW,model_assisted_not_ground_truth,0,0,0,0,0,0,0,0,0,0,0
12.59,0.99999999999680256,22,25.999999999993605,34,87.999999999977618,46,45.999999999996803,38,7.4299999999998363,658.99999999996737,SSLW,model_assisted_not_ground_truth,0,0,0,0,0,0,0,0,0,0,0
12.60,2.3092638912203256e-12,22.999999999997691,23.000000000006928,34,88,46,46,38,7.4100000000000463,655.00000000000921,SSLW,model_assisted_not_ground_truth,0,0,0,0,0,0,0,0,0,0,0
12.61,0,23,23.999999999998579,33.000000000001421,93.999999999991473,46,46,36.000000000002842,7.4699999999999145,652.00000000000432,SSLW,model_assisted_not_ground_truth,0,0,0,0,0,0,0,0,0,0,0
12.62,0,22.000000000000355,25.999999999999289,33,91.000000000001066,46,46,36,7.3200000000000536,647.00000000000182,SSLW,model_assisted_not_ground_truth,0,0,0,0,0,0,0,0,0,0,0
12.63,0,23.000000000000533,24.999999999999467,32.999999999998934,92.000000000004263,46,45.999999999999467,35,7.2000000000000028,640.99999999999864,SSLW,model_assisted_not_ground_truth,0,0,0,0,0,0,0,0,0,0,0
12.64,1.4210854715214928e-12,24.000000000001421,24.000000000001421,31,100.00000000001563,45.999999999998579,44.999999999990052,35.000000000001421,7.2050000000000072,638.49999999999648,SSLW,model_assisted_not_ground_truth,0,0,0,0,0,0,0,0,0,0,0
12.65,0.99999999999769074,25,25,30.999999999997691,110.99999999999076,45.000000000002309,38.000000000002309,36.000000000006928,7.2100000000001616,635.99999999997465,SSLW,model_assisted_not_ground_truth,0,0,0,0,0,0,0,0,0,0,0
12.66,0,24.999999999996803,24.999999999993605,29.999999999984013,106.99999999998082,46.000000000003197,38.999999999993605,39,7.2799999999999363,624.99999999998715,SSLW,model_assisted_not_ground_truth,0,0,0,0,0,0,0,0,0,0,0
12.67,0,24,23,24.999999999995914,100.99999999995914,47,37.000000000016342,39,7.2600000000004083,621.00000000006946,SSLW,model_assisted_not_ground_truth,0,0,0,0,0,0,0,0,0,0,0
12.68,0,24.000000000004974,22.999999999990052,23.999999999985079,90.999999999796074,47.000000000004974,41.000000000009948,39.000000000004974,7.3600000000000003,637.99999999998511,SSLW,model_assisted_not_ground_truth,0,0,0,0,0,0,0,0,0,0,0
12.69,5.861977569959515e-12,25,21.000000000023448,21.000000000005862,49.999999999906208,47.999999999994138,43.000000000005862,40.000000000011724,7.3599999999993555,634.99999999973033,SSLW,model_assisted_not_ground_truth,0,0,0,0,0,0,0,0,0,0,0
12.70,0.99999999999555911,25,24.999999999982236,21.999999999995559,34.000000000071054,47.000000000004441,43.999999999995559,41.999999999991118,7.2499999999989955,589.00000000012471,SSLW,model_assisted_not_ground_truth,0,0,0,0,0,0,0,0,0,0,0
12.71,3.5527136788005009e-12,25,25,21.000000000003553,32.000000000007105,47.999999999996447,44,42.999999999996447,7.1049999999988671,607.00000000014074,SSLW,model_assisted_not_ground_truth,0,0,0,0,0,0,0,0,0,0,0
12.72,0,28.999999999989342,26.999999999994671,21.999999999997335,30.000000000005329,48.999999999997335,42.000000000005329,42.000000000002665,6.9599999999991295,624.99999999977365,SSLW,model_assisted_not_ground_truth,0,0,0,0,0,0,0,0,0,0,0
12.73,0,29.999999999998224,27.999999999998224,22,30,49,44.999999999994671,42,6.860000000000178,599.00000000004616,SSLW,model_assisted_not_ground_truth,0,0,0,0,0,0,0,0,0,0,0
12.74,0,33.999999999996447,29.999999999998224,22,30.999999999999112,49.999999999999112,45,42.999999999999112,7.0399999999998402,588.00000000000978,SSLW,model_assisted_not_ground_truth,0,0,0,0,0,0,0,0,0,0,0
12.75,0,38,32,21,32,50,45,43,7.2699999999999996,609,SSLW,model_assisted_not_ground_truth,0,0,0,0,0,0,0,0,0,0,0
12.76,0,39.000000000000888,31.000000000000888,24,34.000000000002665,51,45,43,7.4000000000000981,599.00000000000978,SSLW,model_assisted_not_ground_truth,0,0,0,0,0,0,0,0,0,0,0
12.77,0,40,32,24.000000000001776,37.000000000008882,51,45,43,7.5099999999998133,610.00000000001955,SSLW,model_assisted_not_ground_truth,0,0,0,0,0,0,0,0,0,0,0
12.78,0,40,31.999999999997158,25.000000000002842,42.000000000110845,51,45.000000000002842,43.000000000022737,7.4049999999997009,621.00000000003126,SSLW,model_assisted_not_ground_truth,0,0,0,0,0,0,0,0,0,0,0
12.79,0,40.000000000011191,31,25.99999999999627,81.000000000115648,51,46.00000000000373,51.000000000029843,7.2999999999997014,632.00000000004479,SSLW,model_assisted_not_ground_truth,0,0,0,0,0,0,0,0,0,0,0
12.80,0,43.000000000175504,31,25.000000000004619,112.00000000011546,51.000000000004619,47.000000000004619,59.000000000060041,7.2199999999983833,644.00000000006003,SSLW,model_assisted_not_ground_truth,0,0,0,0,0,0,0,0,0,0,0
12.81,0,81.000000000363443,31.000000000011013,26.000000000005507,137.00000000012113,52.00000000001652,48,72.000000000055067,6.869999999998238,657.00000000017621,SSLW,model_assisted_not_ground_truth,0,0,0,0,0,0,0,0,0,0,0
12.82,0,146.99999999967173,32.999999999990052,26.999999999995026,158.99999999989058,54.999999999985079,48,81.999999999950262,6.5499999999999359,689.00000000017269,SSLW,model_assisted_not_ground_truth,0,0,0,0,0,0,0,0,0,0,0
12.83,0,232.99999999964865,34.999999999991829,32.999999999975486,202.99999999982023,67.99999999994688,56.999999999963229,124.99999999982433,6.5400000000003642,715.99999999998545,SSLW,model_assisted_not_ground_truth,0,0,0,0,0,0,0,0,0,0,0
12.84,10.999999999964828,282.99999999984016,37.999999999990408,35.999999999990408,248.99999999985292,70.999999999990408,80.999999999923261,163.99999999987529,6.589999999999673,714.00000000002456,SSLW,model_assisted_not_ground_truth,0,0,0,0,0,0,0,0,0,0,0
12.85,81.999999999836035,326.99999999989836,40.999999999993072,39.999999999990763,281.99999999992377,118.99999999988916,88.999999999981526,205.99999999990303,6.5500000000000922,716.99999999999307,SSLW,model_assisted_not_ground_truth,0,0,0,0,0,0,0,0,0,0,0
12.86,144.99999999991047,355.99999999995879,37.000000000005684,42.999999999995737,302.99999999997016,157.99999999994458,93.999999999992895,206,6.5749999999999638,711.50000000000784,SSLW,model_assisted_not_ground_truth,0,0,0,0,0,0,0,0,0,0,0
12.87,130.00000000000534,360.99999999999824,34.000000000001066,43,292.00000000000392,148.00000000000355,74.000000000007105,151.00000000001955,6.5999999999999908,706.00000000000193,SSLW,model_assisted_not_ground_truth,0,0,0,0,0,0,0,0,0,0,0
12.88,72.99999999998667,353.99999999999625,31.999999999997335,43.000000000000533,268.99999999999147,136.99999999999201,49.999999999998934,97.999999999990408,6.5400000000000214,687.99999999999625,SSLW,model_assisted_not_ground_truth,0,0,0,0,0,0,0,0,0,0,0
12.89,48.000000000029843,346.99999999999289,27.000000000004263,43.999999999998579,253.00000000001421,121.9999999999531,48.000000000002842,79.999999999985789,6.5800000000004406,681.00000000001569,SSLW,model_assisted_not_ground_truth,0,0,0,0,0,0,0,0,0,0,0
12.90,69.000000000090068,342.00000000006003,30,43.000000000004619,263.00000000006003,89.000000000009237,50,70.000000000108543,6.890000000000069,692.00000000008777,SSLW,model_assisted_not_ground_truth,0,0,0,0,0,0,0,0,0,0,0
12.91,108.0000000001247,368.000000000032,30.000000000009592,45.000000000038369,289.00000000004155,93.0000000001247,50.000000000057554,117.00000000010232,6.9200000000005435,730.00000000012153,SSLW,model_assisted_not_ground_truth,0,0,0,0,0,0,0,0,0,0,0
12.92,147,377.99999999996322,33.000000000008171,57.000000000110312,302.00000000003678,132.00000000013483,67.999999999950973,149.00000000002859,7.0899999999994279,767.99999999993872,SSLW,model_assisted_not_ground_truth,0,0,0,0,0,0,0,0,0,0,0
12.93,147.00000000000995,368.99999999995026,35.000000000004974,84.000000000019895,311.0000000000249,165.00000000003482,56.000000000034817,156.0000000000199,6.9499999999999007,752.99999999993531,SSLW,model_assisted_not_ground_truth,0,0,0,0,0,0,0,0,0,0,0
12.94,148.99999999993551,358.9999999999531,35.999999999994138,88,315.99999999998244,171.99999999998829,63.00000000005862,159.99999999992966,6.9299999999998825,739.99999999992383,SSLW,model_assisted_not_ground_truth,0,0,0,0,0,0,0,0,0,0,0
12.95,138.00000000004886,351.00000000003553,35.000000000004441,88,313.0000000000133,170.00000000000887,72.999999999955591,148.00000000005329,6.910000000002217,727.00000000041564,SSLW,model_assisted_not_ground_truth,0,0,0,0,0,0,0,0,0,0,0
12.96,113.00000000008882,324.00000000009595,35.999999999996447,47.000000000145661,301.00000000004263,156.00000000004974,58.000000000053291,107.00000000014566,7.2299999999994533,786.99999999984368,SSLW,model_assisted_not_ground_truth,0,0,0,0,0,0,0,0,0,0,0
12.97,87.000000000069278,306.00000000004798,34.000000000005329,47,281.00000000005332,135.00000000005596,52.000000000015987,73.000000000090594,7.1600000000079209,767.00000000028729,SSLW,model_assisted_not_ground_truth,0,0,0,0,0,0,0,0,0,0,0
12.98,17.000000000124345,285.00000000003729,34,45.000000000003553,268.00000000002308,74.000000000108358,51.000000000001776,53.000000000035527,8.0699999999983838,799.99999999994134,SSLW,model_assisted_not_ground_truth,0,0,0,0,0,0,0,0,0,0,0
12.99,18.999999999998224,276.00000000000801,33.000000000000888,44.000000000000888,265.00000000000267,73.000000000000881,51,45.000000000007105,8.7999999999993523,838.99999999996533,SSLW,model_assisted_not_ground_truth,0,0,0,0,0,0,0,0,0,0,0
13.00,12,265,34,44,265,72,51,46,8.9299999999999997,821,SSLW,model_assisted_not_ground_truth,0,0,0,0,0,0,0,0,0,0,0
13.01,0,252.99999999998846,34,42.000000000000888,264.99999999999557,71.999999999999105,51,44.000000000000888,9.0899999999998933,791.00000000001069,SSLW,model_assisted_not_ground_truth,0,0,0,0,0,0,0,0,0,0,0
13.02,0,239.99999999996979,34,43,259.99999999998221,71,50.999999999998224,45,8.9699999999997857,803.00000000002137,SSLW,model_assisted_not_ground_truth,0,0,0,0,0,0,0,0,0,0,0
13.03,0,222.99999999993463,34.000000000002842,42.999999999997158,249.99999999995453,70.999999999997158,50,44.999999999994316,8.8500000000005965,815.00000000000568,SSLW,model_assisted_not_ground_truth,0,0,0,0,0,0,0,0,0,0,0
13.04,0,199.99999999992167,35,42.00000000000373,233.99999999996643,69.999999999996263,50,42.99999999999627,9.0600000000000751,816.99999999994407,SSLW,model_assisted_not_ground_truth,0,0,0,0,0,0,0,0,0,0,0
13.05,0,178.99999999984757,35.000000000013856,43,224.99999999997229,68.999999999981526,50,41.999999999981526,9.0799999999997691,801.99999999992144,SSLW,model_assisted_not_ground_truth,0,0,0,0,0,0,0,0,0,0,0
13.06,0,145.99999999972468,37.999999999988987,42.999999999994493,218.999999999989,64.99999999996696,50,38,9.029999999999724,784.99999999991735,SSLW,model_assisted_not_ground_truth,0,0,0,0,0,0,0,0,0,0,0
13.07,0,96.00000000024869,36.000000000009948,42.000000000004974,217.00000000000995,59.000000000029843,50,38,8.9799999999996167,770.00000000007037,SSLW,model_assisted_not_ground_truth,0,0,0,0,0,0,0,0,0,0,0
13.08,0,60.000000000147082,34.000000000008171,39.000000000012257,210.00000000002859,56.000000000012257,50,38,8.9199999999997086,780.9999999998106,SSLW,model_assisted_not_ground_truth,0,0,0,0,0,0,0,0,0,0,0
13.09,0,37.000000000073541,35.999999999993605,41.999999999990408,203.0000000000224,55.000000000003197,50,38.999999999996803,8.8800000000008996,755.00000000011846,SSLW,model_assisted_not_ground_truth,0,0,0,0,0,0,0,0,0,0,0
13.10,0,36.000000000002309,34.000000000004619,41.000000000002309,196.00000000001617,54.000000000002309,49.000000000002309,38.000000000002309,8.9900000000003715,769.50000000004889,SSLW,model_assisted_not_ground_truth,0,0,0,0,0,0,0,0,0,0,0
13.11,0,32.000000000005684,31.000000000004263,41,193.00000000000426,54.999999999998579,49,38,9.0999999999998433,783.99999999997942,SSLW,model_assisted_not_ground_truth,0,0,0,0,0,0,0,0,0,0,0
13.12,0,32,35.999999999998224,40.000000000000355,189.00000000000142,54.000000000000355,49,37.000000000000355,9.1099999999999959,776.00000000000284,SSLW,model_assisted_not_ground_truth,0,0,0,0,0,0,0,0,0,0,0
13.13,0,30.000000000000533,34.000000000000533,40.000000000000533,183.99999999999733,54,49,36.000000000000533,9.1699999999999839,763.00000000000216,SSLW,model_assisted_not_ground_truth,0,0,0,0,0,0,0,0,0,0,0
13.14,0,30.999999999998579,35,41,178.99999999999716,54,49,37,9.1400000000003985,767.00000000000432,SSLW,model_assisted_not_ground_truth,0,0,0,0,0,0,0,0,0,0,0
13.15,0,29.999999999995381,35,41.000000000002309,177.00000000000924,53.999999999997691,49.000000000002309,37,9.4200000000001847,769.99999999999307,SSLW,model_assisted_not_ground_truth,0,0,0,0,0,0,0,0,0,0,0
13.16,0,28,34.999999999996803,42.000000000003197,181.00000000000321,53.000000000006395,49.999999999996803,37,9.5000000000004157,766.99999999997442,SSLW,model_assisted_not_ground_truth,0,0,0,0,0,0,0,0,0,0,0
13.17,0,28.000000000004086,34,42.999999999995914,182.00000000003678,55.000000000008171,49.000000000004086,37.000000000004086,9.6300000000003081,758.99999999998158,SSLW,model_assisted_not_ground_truth,0,0,0,0,0,0,0,0,0,0,0
13.18,0,29.000000000004974,34.000000000014921,42.000000000009948,191.00000000002984,57.00000000003979,50.000000000079581,38.000000000004974,9.7050000000003731,754.4999999999776,SSLW,model_assisted_not_ground_truth,0,0,0,0,0,0,0,0,0,0,0
13.19,0,29.999999999994138,37.00000000002931,44,197.00000000003516,65.000000000011724,66.000000000070344,39.000000000035172,9.7799999999977132,750,SSLW,model_assisted_not_ground_truth,0,0,0,0,0,0,0,0,0,0,0
13.20,0,29.000000000004441,41.999999999977796,44,202.99999999997334,66.999999999991118,77.999999999946709,44.999999999973355,9.390000000002356,749.99999999969521,SSLW,model_assisted_not_ground_truth,0,0,0,0,0,0,0,0,0,0,0
13.21,0,28.000000000003553,44.999999999989342,44,212.99999999996447,71.999999999982236,103.99999999990763,55.99999999996092,9.7299999999999223,705.99999999997658,SSLW,model_assisted_not_ground_truth,0,0,0,0,0,0,0,0,0,0,0
13.22,0,27.000000000002665,50.999999999984013,44.999999999997335,221.99999999997601,104.99999999991206,116.99999999996535,66.999999999970697,9.7200000000018285,702.99999999984334,SSLW,model_assisted_not_ground_truth,0,0,0,0,0,0,0,0,0,0,0
13.23,0.99999999999822364,27.999999999998224,77.999999999952038,45.999999999998224,226.99999999999113,134.99999999994671,145.9999999999485,75.999999999984013,9.9299999999996267,685.00000000003195,SSLW,model_assisted_not_ground_truth,0,0,0,0,0,0,0,0,0,0,0
13.24,1,31.999999999996447,99.99999999998046,49.999999999996447,232.99999999999466,147.99999999998846,163.99999999998403,96.999999999981355,10.159999999999796,698.99999999998761,SSLW,model_assisted_not_ground_truth,0,0,0,0,0,0,0,0,0,0,0
13.25,6,34,114,77,240,163,175,120,10.23,744,SSLW,model_assisted_not_ground_truth,0,0,0,0,0,0,0,0,0,0,0
13.26,22.000000000007994,38.000000000016875,128.00000000001776,86.000000000003553,243.00000000000443,176.00000000001776,190.00000000002487,137.00000000001333,10.515000000000253,714.49999999997385,SSLW,model_assisted_not_ground_truth,0,0,0,0,0,0,0,0,0,0,0
13.27,31.000000000014211,57.000000000023093,148.00000000002842,90.000000000015987,248.00000000001245,196.00000000004619,218.00000000002487,152.00000000001955,10.800000000000214,685.00000000006219,SSLW,model_assisted_not_ground_truth,0,0,0,0,0,0,0,0,0,0,0
13.28,39.00000000003979,70.00000000006537,164.00000000003695,99.000000000031264,255.00000000002274,222.0000000000199,232.00000000002558,163.00000000003695,10.920000000001506,719.99999999984652,SSLW,model_assisted_not_ground_truth,0,0,0,0,0,0,0,0,0,0,0
13.29,53.000000000007461,93.000000000063423,177.00000000003732,110.00000000003358,263.00000000000745,229.00000000001864,241.00000000002612,176.00000000004849,11.450000000000708,666.00000000004104,SSLW,model_assisted_not_ground_truth,0,0,0,0,0,0,0,0,0,0,0
13.30,55.000000000023093,110.0000000001247,187.00000000005082,119.00000000001847,265.0000000000046,234.00000000003234,248.00000000002771,189.00000000005082,11.640000000001017,676.99999999998147,SSLW,model_assisted_not_ground_truth,0,0,0,0,0,0,0,0,0,0,0
13.31,59.999999999977973,137.00000000004957,198.000000000011,123.00000000001651,266.00000000001103,241.000000000011,254.000000000011,199.99999999998349,11.860000000000495,672.99999999997249,SSLW,model_assisted_not_ground_truth,0,0,0,0,0,0,0,0,0,0,0
13.32,56.000000000019895,145.99999999995524,199.99999999999005,125.99999999998508,267.99999999999005,242.99999999999005,255.99999999999005,197.00000000001492,11.950000000000127,667.99999999997442,SSLW,model_assisted_not_ground_truth,0,0,0,0,0,0,0,0,0,0,0
13.33,51.000000000020428,149.99999999998366,204.99999999997956,126,268,243.99999999999591,257.99999999999181,205.99999999996322,11.970000000002404,663.99999999979968,SSLW,model_assisted_not_ground_truth,0,0,0,0,0,0,0,0,0,0,0
13.34,51,150.99999999999682,205.99999999999682,116.00000000003197,268,244,257.00000000000318,198.00000000002558,12.300000000000821,636.49999999993156,SSLW,model_assisted_not_ground_truth,0,0,0,0,0,0,0,0,0,0,0
13.35,45.000000000013856,150.0000000000023,202.00000000000924,105.00000000002541,265.00000000000693,243.0000000000023,249.00000000001847,194.00000000000924,12.629999999999239,609.00000000006355,SSLW,model_assisted_not_ground_truth,0,0,0,0,0,0,0,0,0,0,0
13.36,38.000000000009948,145.00000000000711,202,98.000000000009948,262.00000000000426,241.00000000000284,242.00000000000995,186.00000000001137,11.480000000001635,653.99999999993611,SSLW,model_assisted_not_ground_truth,0,0,0,0,0,0,0,0,0,0,0
13.37,28.000000000003553,124.00000000000746,200.00000000000071,96.000000000000711,253.00000000000318,240.00000000000034,233.00000000000318,178.00000000000284,11.090000000000138,596.00000000002058,SSLW,model_assisted_not_ground_truth,0,0,0,0,0,0,0,0,0,0,0
13.38,20.999999999988809,114.99999999998987,188.99999999999361,88.999999999986144,243.99999999999628,234.99999999999787,227.999999999984,166.99999999998721,10.860000000000149,567.99999999997124,SSLW,model_assisted_not_ground_truth,0,0,0,0,0,0,0,0,0,0,0
13.39,0,95.999999999963052,176.99999999996305,62.999999999977263,236.99999999999716,230.99999999996589,197.99999999996305,142.9999999999531,11.139999999999617,513.99999999996305,SSLW,model_assisted_not_ground_truth,0,0,0,0,0,0,0,0,0,0,0
13.40,0,69.999999999933024,150.99999999993304,46.999999999995381,234.99999999995381,206.99999999994918,171.99999999988916,109.99999999995843,10.869999999999363,488.00000000003695,SSLW,model_assisted_not_ground_truth,0,0,0,0,0,0,0,0,0,0,0
13.41,0,40.999999999996803,121.99999999995204,44.999999999993605,214.99999999994245,184.99999999995524,123.99999999990088,91.999999999913669,10.594999999999121,504.00000000005116,SSLW,model_assisted_not_ground_truth,0,0,0,0,0,0,0,0,0,0,0
13.42,0,39.999999999987743,106.99999999995505,42.999999999991829,196.99999999991419,170.99999999990604,92.999999999861089,64.999999999926459,10.320000000001757,519.99999999966496,SSLW,model_assisted_not_ground_truth,0,0,0,0,0,0,0,0,0,0,0
13.43,0,36.999999999995026,95.999999999885603,40.999999999990052,175.99999999996021,147.99999999984581,58.999999999950262,46.999999999985079,10.749999999999652,437.99999999986073,SSLW,model_assisted_not_ground_truth,0,0,0,0,0,0,0,0,0,0,0
13.44,0,36.000000000005862,72.999999999859313,38.999999999982414,167.99999999998829,116.99999999973622,49,43.999999999994138,10.679999999999062,409.99999999988864,SSLW,model_assisted_not_ground_truth,0,0,0,0,0,0,0,0,0,0,0
13.45,0,36.999999999995559,49.000000000106581,36.000000000013323,166.00000000000887,72.000000000199833,49,43.000000000004441,10.519999999998406,390.99999999991684,SSLW,model_assisted_not_ground_truth,0,0,0,0,0,0,0,0,0,0,0
13.46,0,36.000000000003553,46.000000000010658,33.000000000010658,160.00000000002132,66.000000000021316,48.000000000003553,41.000000000007105,10.289999999993121,378.99999999989836,SSLW,model_assisted_not_ground_truth,0,0,0,0,0,0,0,0,0,0,0
13.47,0,35.000000000002665,43.000000000007994,34.999999999994671,156.00000000001066,65.000000000002672,48,40.000000000002665,9.4099999999899904,366.00000000199327,SSLW,model_assisted_not_ground_truth,0,0,0,0,0,0,0,0,0,0,0
13.48,0,35.999999999998224,43.999999999998224,33.000000000003553,156,60.000000000008882,48,40.999999999998224,8.2600000000020426,594.99999999959323,SSLW,model_assisted_not_ground_truth,0,0,0,0,0,0,0,0,0,0,0
13.49,0,36,40.000000000003553,32.000000000000888,157.99999999999824,54.000000000005329,48,41,8.2450000000000134,599.99999999999557,SSLW,model_assisted_not_ground_truth,0,0,0,0,0,0,0,0,0,0,0
13.50,0,36,36,32,152,54,47,41,8.2300000000000004,605,SSLW,model_assisted_not_ground_truth,0,0,0,0,0,0,0,0,0,0,0
13.51,0,35,35.999999999998224,32.000000000000888,142.99999999998846,51.999999999999112,46.999999999999112,38.999999999999112,7.2099999999999733,547.99999999999466,SSLW,model_assisted_not_ground_truth,0,0,0,0,0,0,0,0,0,0,0
13.52,0,35,34.000000000003553,33,130.00000000000711,50.999999999998224,46,37.999999999998224,7.1800000000001241,542.00000000000887,SSLW,model_assisted_not_ground_truth,0,0,0,0,0,0,0,0,0,0,0
13.53,0,35,35.999999999994316,33.000000000002842,133.9999999999801,50,46,36.999999999994316,7.2499999999993747,546.99999999993179,SSLW,model_assisted_not_ground_truth,0,0,0,0,0,0,0,0,0,0,0
13.54,0,35,34.000000000007461,34,127,50,46,35,7.029999999999105,522.99999999995521,SSLW,model_assisted_not_ground_truth,0,0,0,0,0,0,0,0,0,0,0
13.55,0,34.999999999997691,35.999999999995381,34.000000000002309,126.99999999999538,50,46,34.999999999997691,6.7900000000000462,511,SSLW,model_assisted_not_ground_truth,0,0,0,0,0,0,0,0,0,0,0
13.56,0,34.500000000000085,35.000000000000178,34.499999999999915,126.00000000000017,50,46,34.500000000000085,6.8000000000000549,511,SSLW,model_assisted_not_ground_truth,0,0,0,0,0,0,0,0,0,0,0
13.57,0,34.000000000002487,34.000000000004974,34.999999999997513,125.00000000000497,50,46,34.000000000002487,6.8099999999998717,511.00000000031974,SSLW,model_assisted_not_ground_truth,0,0,0,0,0,0,0,0,0,0,0
13.58,0,34,33.000000000004086,35,127.99999999998775,50,46.999999999995914,34.999999999995914,6.7900000000029861,561.00000000008015,SSLW,model_assisted_not_ground_truth,0,0,0,0,0,0,0,0,0,0,0
13.59,0,32.000000000006395,32.000000000003197,34.000000000003197,126.00000000000639,50,46.000000000003197,37.999999999990408,7.2000000000007356,571.99999999958322,SSLW,model_assisted_not_ground_truth,0,0,0,0,0,0,0,0,0,0,0
13.60,0,32,32.999999999997691,34,127.99999999999538,50.999999999997691,46,38,7.2899999999997922,521.00000000011778,SSLW,model_assisted_not_ground_truth,0,0,0,0,0,0,0,0,0,0,0
13.61,0,31.000000000001421,31.000000000002842,34,131.99999999999432,51,46.999999999998579,38.999999999998579,7.0900000000002841,582.99999999991189,SSLW,model_assisted_not_ground_truth,0,0,0,0,0,0,0,0,0,0,0
13.62,0,31,31.499999999999822,33.500000000000178,130.00000000000071,50.500000000000178,47,39,7.050000000000014,574.00000000000318,SSLW,model_assisted_not_ground_truth,0,0,0,0,0,0,0,0,0,0,0
13.63,0,30.999999999999467,32.000000000000533,33,127.99999999999307,49.999999999998401,47,39,7.1799999999999784,580.00000000001762,SSLW,model_assisted_not_ground_truth,0,0,0,0,0,0,0,0,0,0,0
13.64,0,30,32.999999999998579,33.000000000001421,114.99999999999574,47,46.999999999998579,39.000000000002842,7.1399999999999997,612.99999999999432,SSLW,model_assisted_not_ground_truth,0,0,0,0,0,0,0,0,0,0,0
13.65,0,29.999999999997691,31.999999999993072,33.999999999997691,111.99999999998383,47.000000000002309,46.000000000002309,41,7.1399999999999997,608.99999999999079,SSLW,model_assisted_not_ground_truth,0,0,0,0,0,0,0,0,0,0,0
13.66,0,28.999999999996803,28.999999999993605,33.000000000003197,104.99999999998721,47.999999999996803,47,41,7.1400000000010229,605.00000000000955,SSLW,model_assisted_not_ground_truth,0,0,0,0,0,0,0,0,0,0,0
13.67,0,28,26.999999999995914,34,101.00000000000409,47.000000000004086,46.999999999995914,41.000000000004086,7.459999999999714,607.99999999993463,SSLW,model_assisted_not_ground_truth,0,0,0,0,0,0,0,0,0,0,0
13.68,0,28,26.000000000004974,34.000000000004974,102,48,46.000000000004974,42,7.3900000000013426,591.99999999986073,SSLW,model_assisted_not_ground_truth,0,0,0,0,0,0,0,0,0,0,0
13.69,0,27.999999999994138,26.999999999994138,34.999999999988276,102,48,47,41.999999999988276,7.6599999999983002,564.0000000004103,SSLW,model_assisted_not_ground_truth,0,0,0,0,0,0,0,0,0,0,0
13.70,0,27.000000000004441,26.000000000004441,33.000000000008882,102,48,47,40.000000000008882,7.3700000000005543,634.00000000004161,SSLW,model_assisted_not_ground_truth,0,0,0,0,0,0,0,0,0,0,0
13.71,0,26.000000000003553,25.000000000003553,33.999999999996447,98.000000000014211,48,47,42.999999999989342,7.4499999999994921,639.99999999993361,SSLW,model_assisted_not_ground_truth,0,0,0,0,0,0,0,0,0,0,0
13.72,0,26,25.999999999997335,34,100.99999999999201,48,47,43,7.3849999999998044,631.49999999997431,SSLW,model_assisted_not_ground_truth,0,0,0,0,0,0,0,0,0,0,0
13.73,0,24.000000000003553,25.000000000001776,31.000000000005329,102.99999999999645,48,47,40.000000000005329,7.3200000000001157,623.00000000001512,SSLW,model_assisted_not_ground_truth,0,0,0,0,0,0,0,0,0,0,0
13.74,0,23.000000000000888,25,31.999999999999112,113.99999999999022,48,47,38.000000000001776,7.4999999999998401,647.99999999997783,SSLW,model_assisted_not_ground_truth,0,0,0,0,0,0,0,0,0,0,0
13.75,0,21,24,31,126,48,47,38,7.4900000000000002,647,SSLW,model_assisted_not_ground_truth,0,0,0,0,0,0,0,0,0,0,0
13.76,0,21,24,29.999999999998224,121.0000000000009,47,46.999999999998224,37,7.4499999999999735,642.00000000000716,SSLW,model_assisted_not_ground_truth,0,0,0,0,0,0,0,0,0,0,0
13.77,0,21.000000000001776,23.999999999996447,27.999999999994671,121.99999999997158,47,44.999999999994671,37,7.4199999999999111,649.99999999998226,SSLW,model_assisted_not_ground_truth,0,0,0,0,0,0,0,0,0,0,0
13.78,0,22.000000000002842,21.999999999997158,24.999999999997158,105.999999999946,47.000000000002842,42.000000000005684,37,7.3700000000003127,640.00000000001421,SSLW,model_assisted_not_ground_truth,0,0,0,0,0,0,0,0,0,0,0
13.79,0,22.99999999999627,21,23.99999999999627,86.999999999925393,48.00000000000373,44,37.00000000000373,7.4799999999997953,644.99999999997954,SSLW,model_assisted_not_ground_truth,0,0,0,0,0,0,0,0,0,0,0
13.80,0,22.000000000009237,21,22.999999999995381,66.999999999879918,49,44,38.000000000004619,7.4249999999997467,639.49999999997465,SSLW,model_assisted_not_ground_truth,0,0,0,0,0,0,0,0,0,0,0
13.81,5.5067062020831808e-12,23.999999999988987,21,22.000000000005507,40.99999999998348,48.999999999994493,44,39.000000000005507,7.3699999999996146,633.9999999999394,SSLW,model_assisted_not_ground_truth,0,0,0,0,0,0,0,0,0,0,0
13.82,0.9999999999950262,22.000000000009948,21,22.999999999995026,38.000000000014921,48.000000000004974,44,39.999999999995026,7.3000000000011509,622.99999999985926,SSLW,model_assisted_not_ground_truth,0,0,0,0,0,0,0,0,0,0,0
13.83,1,25.999999999983658,21.999999999995914,22.000000000004086,38,48,44.999999999995914,41.999999999991829,7.4800000000005831,600.99999999996362,SSLW,model_assisted_not_ground_truth,0,0,0,0,0,0,0,0,0,0,0
13.84,3.1974423109204508e-12,28.999999999990408,22.999999999996803,22,44.999999999977618,48.999999999996803,45,42.999999999996803,7.5599999999999996,596.00000000017155,SSLW,model_assisted_not_ground_truth,0,0,0,0,0,0,0,0,0,0,0
13.85,0,31.999999999993072,26.999999999990763,18.000000000009237,63.999999999956124,49,45,43,7.5599999999999996,616.99999999995146,SSLW,model_assisted_not_ground_truth,0,0,0,0,0,0,0,0,0,0,0
13.86,0,34.999999999995737,29.999999999995737,19.999999999997158,81.99999999997442,49,45,43.999999999998579,7.4000000000002277,606.00000000001569,SSLW,model_assisted_not_ground_truth,0,0,0,0,0,0,0,0,0,0,0
13.87,0,35,29.000000000000355,20,106.99999999999112,49,45,43.000000000000355,7.4599999999999786,598.00000000000284,SSLW,model_assisted_not_ground_truth,0,0,0,0,0,0,0,0,0,0,0
13.88,0,34.000000000001066,30,24.999999999999467,120.00000000000374,50,45.999999999999467,43.000000000001066,7.5200000000001541,589.99999999996908,SSLW,model_assisted_not_ground_truth,0,0,0,0,0,0,0,0,0,0,0
13.89,0,36,29.999999999998579,24.000000000001421,127.00000000000284,50,45.000000000011369,45.000000000038369,7.809999999999687,531.9999999999801,SSLW,model_assisted_not_ground_truth,0,0,0,0,0,0,0,0,0,0,0
13.90,0,36.000000000002309,29,25,129.00000000000693,50,53.000000000006928,72.00000000003233,7.5899999999990762,518.00000000010857,SSLW,model_assisted_not_ground_truth,0,0,0,0,0,0,0,0,0,0,0
13.91,0,37.000000000006395,29.000000000003197,25.000000000006395,132.00000000001279,50.000000000003197,55.999999999996803,86.000000000015987,7.1900000000002242,565.0000000001919,SSLW,model_assisted_not_ground_truth,0,0,0,0,0,0,0,0,0,0,0
13.92,0,39.000000000044942,30,27.000000000004086,136.00000000002044,51,55,90.999999999987736,7.2599999999994687,625.00000000006537,SSLW,model_assisted_not_ground_truth,0,0,0,0,0,0,0,0,0,0,0
13.93,0,50.000000000238742,30,28.000000000004974,141.0000000001144,51.000000000014921,55.000000000004974,88.000000000034817,7.1299999999993036,641.00000000018906,SSLW,model_assisted_not_ground_truth,0,0,0,0,0,0,0,0,0,0,0
13.94,0,98.000000000533433,30.000000000011724,29.000000000017586,164.00000000018758,54.00000000005862,56.000000000064482,95.00000000011724,6.9899999999996485,679.00000000029308,SSLW,model_assisted_not_ground_truth,0,0,0,0,0,0,0,0,0,0,0
13.95,0,188.99999999959587,31.999999999991118,31.999999999986677,195.99999999985789,63.999999999955591,66.999999999951143,114.99999999991118,6.9299999999998612,729.00000000009697,SSLW,model_assisted_not_ground_truth,0,0,0,0,0,0,0,0,0,0,0
13.96,0,230.99999999985079,35.999999999985789,34.999999999989342,225.99999999989342,67.999999999985789,78.999999999957367,147.99999999988276,6.9099999999998438,743.00000000010937,SSLW,model_assisted_not_ground_truth,0,0,0,0,0,0,0,0,0,0,0
13.97,9.9999999999733546,267.99999999990143,36.999999999997335,37.999999999992006,264.99999999989609,86.999999999949381,86.999999999978684,181.99999999990939,6.8899999999999997,757.00000000012187,SSLW,model_assisted_not_ground_truth,0,0,0,0,0,0,0,0,0,0,0
13.98,1.0000000000159872,297.99999999994668,34.000000000005329,41.999999999992895,291.99999999995202,126.99999999992895,95.999999999984013,190.99999999998403,6.8899999999999997,770.9999999999751,SSLW,model_assisted_not_ground_truth,0,0,0,0,0,0,0,0,0,0,0
13.99,63.999999999944045,323.99999999997692,34,45.999999999996447,300.99999999999199,138.99999999998934,110.99999999998667,193.99999999999733,6.8000000000000798,770.00000000000091,SSLW,model_assisted_not_ground_truth,0,0,0,0,0,0,0,0,0,0,0
14.00,87,317,32,46,297,149,109,163,6.7400000000000002,764,SSLW,model_assisted_not_ground_truth,0,0,0,0,0,0,0,0,0,0,0
14.01,76.999999999984894,323.00000000002399,31.000000000000888,45.000000000000888,285.99999999998755,150.00000000000799,90.999999999991118,125.99999999998401,6.8800000000001598,767,SSLW,model_assisted_not_ground_truth,0,0,0,0,0,0,0,0,0,0,0
14.02,59.999999999982236,350.0000000000249,31.999999999994671,46.000000000001776,271.99999999998931,159.00000000000355,81.000000000001776,107.99999999999467,7.0599999999999463,766.99999999998579,SSLW,model_assisted_not_ground_truth,0,0,0,0,0,0,0,0,0,0,0
14.03,50.00000000006537,364.0000000000199,29.000000000005684,47.000000000028422,266.00000000001421,161.00000000000568,82.000000000031264,105.00000000001705,7.0299999999999141,758.99999999997726,SSLW,model_assisted_not_ground_truth,0,0,0,0,0,0,0,0,0,0,0
14.04,73.00000000002612,371.00000000003729,31.000000000007461,57.000000000070877,271.00000000008208,163.0000000000224,92.999999999996263,111.00000000007461,7.0000000000002984,750.99999999993656,SSLW,model_assisted_not_ground_truth,0,0,0,0,0,0,0,0,0,0,0
14.05,80.000000000041567,381.00000000001847,33.000000000004619,76.000000000083134,293.00000000004621,169.00000000002311,92.000000000013856,131.0000000001709,7.0800000000012009,734.00000000007856,SSLW,model_assisted_not_ground_truth,0,0,0,0,0,0,0,0,0,0,0
14.06,89.000000000099121,384.99999999999449,34.000000000005507,94.000000000027526,303.00000000002751,174,95.000000000016513,167.99999999996697,7.3399999999994492,750.99999999999454,SSLW,model_assisted_not_ground_truth,0,0,0,0,0,0,0,0,0,0,0
14.07,106.99999999991047,384.000000000005,34.999999999995026,98.999999999975131,307.9999999999751,174,97.999999999985079,162.00000000002984,7.2400000000056917,750.0000000001279,SSLW,model_assisted_not_ground_truth,0,0,0,0,0,0,0,0,0,0,0
14.08,112.99999999997549,377.00000000002859,35,95.000000000016342,306.00000000000819,174.99999999999591,97.000000000004093,151.00000000004493,8.1300000000006563,769.99999999997817,SSLW,model_assisted_not_ground_truth,0,0,0,0,0,0,0,0,0,0,0
14.09,113,368.00000000002876,35.999999999996803,51.000000000140687,302.00000000001279,162.00000000004155,95.000000000006395,143.00000000002558,8.2199999999999189,766.99999999986107,SSLW,model_assisted_not_ground_truth,0,0,0,0,0,0,0,0,0,0,0
14.10,98.000000000034646,352.00000000003695,36,48.000000000006928,292.00000000002308,151.00000000002541,84.000000000025409,111.0000000000739,8.2100000000000239,750.00000000003922,SSLW,model_assisted_not_ground_truth,0,0,0,0,0,0,0,0,0,0,0
14.11,77.000000000029843,338.0000000000199,34.000000000002842,48,275.00000000002416,140.00000000001563,78.000000000008527,80.000000000044054,8.2699999999999143,782.99999999995316,SSLW,model_assisted_not_ground_truth,0,0,0,0,0,0,0,0,0,0,0
14.12,37.000000000014211,320.00000000000637,34.999999999999645,46.000000000000711,267.00000000000284,124.00000000000568,73.000000000001776,61.00000000000675,8.3299999999999788,815.99999999998829,SSLW,model_assisted_not_ground_truth,0,0,0,0,0,0,0,0,0,0,0
14.13,12.999999999997868,308.99999999999039,34.999999999999467,45.999999999999467,259.99999999999784,115.99999999999946,69.999999999994131,47,8.3699999999999726,798.99999999998829,SSLW,model_assisted_not_ground_truth,0,0,0,0,0,0,0,0,0,0,0
14.14,8.9999999999872102,290.9999999999801,34,45.000000000001421,256.00000000000142,114.99999999999858,58.999999999997158,46.999999999998579,8.3200000000000855,776.99999999998863,SSLW,model_assisted_not_ground_truth,0,0,0,0,0,0,0,0,0,0,0
14.15,4.6185277824448517e-12,276.99999999996999,34.000000000004619,45.999999999993072,256.99999999998846,113.99999999999307,57.000000000002309,46,8.3800000000011554,769.0000000000739,SSLW,model_assisted_not_ground_truth,0,0,0,0,0,0,0,0,0,0,0
14.16,1.9999999999936051,263.99999999996163,35.999999999996803,43.000000000009592,251.99999999999039,110.99999999996803,58.000000000009592,46.000000000003197,8.8800000000008001,800.99999999997124,SSLW,model_assisted_not_ground_truth,0,0,0,0,0,0,0,0,0,0,0
14.17,0,251.9999999998897,35.000000000004086,46,248.99999999997141,100.99999999988151,60.999999999983658,46.999999999991829,9.1300000000003685,791.99999999987745,SSLW,model_assisted_not_ground_truth,0,0,0,0,0,0,0,0,0,0,0
14.18,0,224.99999999994031,35.999999999995026,45.999999999995026,241.9999999999801,71.999999999995026,56.999999999985079,44.999999999995026,9.2199999999995033,762.00000000025864,SSLW,model_assisted_not_ground_truth,0,0,0,0,0,0,0,0,0,0,0
14.19,0,212.9999999999238,35,45,237.99999999996484,71,54,44,9.1200000000001467,813.99999999997658,SSLW,model_assisted_not_ground_truth,0,0,0,0,0,0,0,0,0,0,0
14.20,0,200.00000000005772,35,45,232.00000000002666,71,54,44,9.1450000000001737,809.99999999997226,SSLW,model_assisted_not_ground_truth,0,0,0,0,0,0,0,0,0,0,0
14.21,0,176.00000000008527,33.000000000007105,45,227.00000000001776,71,53.000000000003553,43.000000000003553,9.1699999999992965,805.99999999983584,SSLW,model_assisted_not_ground_truth,0,0,0,0,0,0,0,0,0,0,0
14.22,0,150.00000000006929,34.999999999994671,44.000000000002665,224.00000000000799,70.000000000002672,52.000000000002665,42.000000000002665,9.0799999999988685,785.00000000005218,SSLW,model_assisted_not_ground_truth,0,0,0,0,0,0,0,0,0,0,0
14.23,0,100.00000000008882,34.000000000001776,44,222.00000000000355,67.000000000005329,51.000000000001776,42,8.9500000000002302,790.99999999998931,SSLW,model_assisted_not_ground_truth,0,0,0,0,0,0,0,0,0,0,0
14.24,0,82.000000000015987,36.999999999997335,44,216.00000000000534,65.000000000001776,51,42,8.9100000000000357,780.00000000000978,SSLW,model_assisted_not_ground_truth,0,0,0,0,0,0,0,0,0,0,0
14.25,0,60,35,44,208,57,51,42,8.8399999999999999,754,SSLW,model_assisted_not_ground_truth,0,0,0,0,0,0,0,0,0,0,0
14.26,0,36.999999999997335,36,42.999999999997335,199.99999999999378,56.999999999999112,50.999999999999112,39,8.8500000000001418,745.00000000002444,SSLW,model_assisted_not_ground_truth,0,0,0,0,0,0,0,0,0,0,0
14.27,0,33.999999999998224,36,40,192.99999999999466,55.999999999998224,49.999999999998224,39,9.010000000000284,772.50000000004889,SSLW,model_assisted_not_ground_truth,0,0,0,0,0,0,0,0,0,0,0
14.28,0,32.999999999997158,36.000000000005684,40,190,55,49,39,9.1699999999999715,799.99999999999432,SSLW,model_assisted_not_ground_truth,0,0,0,0,0,0,0,0,0,0,0
14.29,0,31.99999999999627,38,40.00000000000373,189.9999999999776,55,49,39,9.1599999999999255,797.99999999994031,SSLW,model_assisted_not_ground_truth,0,0,0,0,0,0,0,0,0,0,0
14.30,0,30.999999999976907,37.999999999990763,41,183.99999999997689,55,49,38.999999999990763,9.1400000000006933,782.00000000014779,SSLW,model_assisted_not_ground_truth,0,0,0,0,0,0,0,0,0,0,0
14.31,0,26,35.999999999994493,40.999999999994493,179,55,49,37.000000000011013,9.2900000000004397,813.99999999998897,SSLW,model_assisted_not_ground_truth,0,0,0,0,0,0,0,0,0,0,0
14.32,0,26,35.000000000004974,40.000000000004974,179,55,49,38.999999999990052,9.3699999999996155,811.99999999987847,SSLW,model_assisted_not_ground_truth,0,0,0,0,0,0,0,0,0,0,0
14.33,0,26,35.999999999995914,41.999999999991829,176.00000000001225,55,49,39,9.3100000000006187,793.0000000000656,SSLW,model_assisted_not_ground_truth,0,0,0,0,0,0,0,0,0,0,0
14.34,0,26.999999999996803,36,41.000000000003197,170.00000000001918,55,49,39,9.3950000000002127,802.0000000000224,SSLW,model_assisted_not_ground_truth,0,0,0,0,0,0,0,0,0,0,0
14.35,0,28.999999999995381,34.000000000004619,41.999999999997691,170.9999999999977,55,49,39,9.479999999999805,810.9999999999792,SSLW,model_assisted_not_ground_truth,0,0,0,0,0,0,0,0,0,0,0
14.36,0,29,34.999999999998579,42.999999999998579,175.99999999999289,55,50.999999999997158,38.000000000001421,9.5999999999998291,822.99999999998295,SSLW,model_assisted_not_ground_truth,0,0,0,0,0,0,0,0,0,0,0
14.37,0,28.000000000000355,34.000000000000355,43,175.00000000000034,55,51,37.000000000000355,9.6399999999999864,823.99999999999966,SSLW,model_assisted_not_ground_truth,0,0,0,0,0,0,0,0,0,0,0
14.38,0,28,33.000000000001066,43.000000000000533,180.00000000000321,55.000000000002132,51.000000000000533,39,9.739999999999899,813.00000000000534,SSLW,model_assisted_not_ground_truth,0,0,0,0,0,0,0,0,0,0,0
14.39,0,28.000000000001421,34.999999999998579,44,186.00000000000426,59.000000000001421,52,39,9.5500000000004555,822.99999999998863,SSLW,model_assisted_not_ground_truth,0,0,0,0,0,0,0,0,0,0,0
14.40,0,29,34.000000000004619,44,189.0000000000023,60.000000000004619,52.000000000034639,39,9.8699999999999761,814.99999999996999,SSLW,model_assisted_not_ground_truth,0,0,0,0,0,0,0,0,0,0,0
14.41,0,29,36.000000000003197,44.000000000003197,190.00000000001279,62.000000000009592,67.000000000035172,39.000000000009592,9.8600000000007668,801.99999999996487,SSLW,model_assisted_not_ground_truth,0,0,0,0,0,0,0,0,0,0,0
14.42,0,28.999999999991829,37.000000000012257,44.999999999991829,194.00000000002859,65.000000000004093,78.000000000020435,42,10.10000000000047,790.99999999996123,SSLW,model_assisted_not_ground_truth,0,0,0,0,0,0,0,0,0,0,0
14.43,0,26.999999999990052,40.000000000014921,43.000000000014921,201.00000000002984,66.000000000004974,83,42.000000000009948,10.215000000000572,781.49999999995271,SSLW,model_assisted_not_ground_truth,0,0,0,0,0,0,0,0,0,0,0
14.44,0,25.000000000011724,43.000000000011724,46,207.0000000000293,67.000000000017579,83.000000000076199,44.000000000011724,10.330000000002462,771.9999999997948,SSLW,model_assisted_not_ground_truth,0,0,0,0,0,0,0,0,0,0,0
14.45,0,26.999999999991118,44.999999999991118,46,211.9999999999778,69.99999999998667,95.999999999942276,45.999999999991118,10.750000000002286,736.9999999999377,SSLW,model_assisted_not_ground_truth,0,0,0,0,0,0,0,0,0,0,0
14.46,0,27.999999999996447,44.000000000003553,46,213.99999999999289,70.999999999996447,100.99999999998224,51.999999999978684,11.079999999999062,727.99999999978115,SSLW,model_assisted_not_ground_truth,0,0,0,0,0,0,0,0,0,0,0
14.47,0,28.999999999997335,44.999999999997335,46,215.99999999999466,71,106.99999999998401,60.999999999976019,10.959999999999653,699.9999999997998,SSLW,model_assisted_not_ground_truth,0,0,0,0,0,0,0,0,0,0,0
14.48,0,29,45,46,216.99999999999824,71,101.00000000001066,59.000000000003553,10.920000000000071,677.00000000004081,SSLW,model_assisted_not_ground_truth,0,0,0,0,0,0,0,0,0,0,0
14.49,0,29,45,46,216.00000000000088,71,97.000000000003553,63.999999999995559,11.399999999999574,622.00000000004889,SSLW,model_assisted_not_ground_truth,0,0,0,0,0,0,0,0,0,0,0
14.50,0,27,44,46,215,69,91,65,10.460000000000001,654,SSLW,model_assisted_not_ground_truth,0,0,0,0,0,0,0,0,0,0,0
14.51,0,27,44.999999999995559,45,202.99999999998846,65.999999999998224,79.999999999999105,61.000000000001776,10.389999999999938,651.49999999999773,SSLW,model_assisted_not_ground_truth,0,0,0,0,0,0,0,0,0,0,0
14.52,0,27,39.999999999996447,44.999999999998224,189.99999999997868,63.999999999991118,78.999999999973355,62.999999999969802,10.319999999999947,649.00000000001774,SSLW,model_assisted_not_ground_truth,0,0,0,0,0,0,0,0,0,0,0
14.53,0,26.999999999991473,37.999999999988631,43.999999999994316,177.99999999995737,58.999999999982947,63.999999999957367,45.999999999991473,10.290000000000511,658.99999999980105,SSLW,model_assisted_not_ground_truth,0,0,0,0,0,0,0,0,0,0,0
14.54,0,23.99999999999627,34,41.999999999992539,162.99999999997388,52.99999999999627,49,43,10.469999999999628,588.99999999990303,SSLW,model_assisted_not_ground_truth,0,0,0,0,0,0,0,0,0,0,0
14.55,0,23.000000000013856,33.999999999997691,39.999999999993072,155.99999999998153,52,48.999999999997691,42.999999999988454,10.369999999999953,562.99999999991223,SSLW,model_assisted_not_ground_truth,0,0,0,0,0,0,0,0,0,0,0
14.56,0,25.999999999999467,33.500000000000085,38.50000000000027,152.00000000000071,52,48.500000000000085,40.500000000000441,10.359999999996475,543.99999999973022,SSLW,model_assisted_not_ground_truth,0,0,0,0,0,0,0,0,0,0,0
14.57,0,28.999999999985079,33.000000000002487,37.000000000007461,148.0000000000199,52,48.000000000002487,38.000000000012434,9.7199999999987856,494.99999999982094,SSLW,model_assisted_not_ground_truth,0,0,0,0,0,0,0,0,0,0,0
14.58,0,29,34.999999999991829,35.000000000008171,146.00000000000819,50.000000000008171,45.000000000012257,38,9.5299999999998537,467.00000000005826,SSLW,model_assisted_not_ground_truth,0,0,0,0,0,0,0,0,0,0,0
14.59,0,29,34.000000000003197,35,140.00000000001918,50.999999999996803,45,38,9.50999999999995,475.0000000000199,SSLW,model_assisted_not_ground_truth,0,0,0,0,0,0,0,0,0,0,0
14.60,0,29,35.999999999995381,32.000000000006928,140.9999999999977,51,45.999999999997691,38,9.4900000000000464,482.99999999998153,SSLW,model_assisted_not_ground_truth,0,0,0,0,0,0,0,0,0,0,0
14.61,0,31.999999999995737,35.000000000001421,31.000000000001421,129.00000000001705,51,44.000000000002842,36.000000000002842,8.7600000000010372,597.99999999983652,SSLW,model_assisted_not_ground_truth,0,0,0,0,0,0,0,0,0,0,0
14.62,0,32,34.000000000000355,29.000000000000711,123.00000000000213,50.000000000000355,44,36,8.6100000000000527,639.99999999998511,SSLW,model_assisted_not_ground_truth,0,0,0,0,0,0,0,0,0,0,0
14.63,0,32,33.999999999999467,29,115.99999999999893,48,45.000000000000533,36,8.2599999999994029,610.99999999996749,SSLW,model_assisted_not_ground_truth,0,0,0,0,0,0,0,0,0,0,0
14.64,0,32.000000000001421,33,29.000000000001421,114.00000000000142,48,45.999999999998579,36,7.1399999999999642,549.99999999999568,SSLW,model_assisted_not_ground_truth,0,0,0,0,0,0,0,0,0,0,0
14.65,0,32.999999999995381,32.999999999997691,30,114.99999999999538,47.999999999997691,44.999999999997691,36,7.1149999999999416,546.99999999999307,SSLW,model_assisted_not_ground_truth,0,0,0,0,0,0,0,0,0,0,0
14.66,0,31.000000000003197,32,30,113.0000000000032,47,44.000000000006395,36,7.0899999999991365,543.99999999995839,SSLW,model_assisted_not_ground_truth,0,0,0,0,0,0,0,0,0,0,0
14.67,0,31.999999999995914,32,30,114.00000000001226,47,46,36,6.8200000000002046,531,SSLW,model_assisted_not_ground_truth,0,0,0,0,0,0,0,0,0,0,0
14.68,0,30.999999999990052,31.999999999995026,29.999999999995026,117.00000000001492,47.000000000004974,46,36,6.8700000000000996,531.00000000025364,SSLW,model_assisted_not_ground_truth,0,0,0,0,0,0,0,0,0,0,0
14.69,0,28.999999999982414,31,29.000000000005862,119.99999999999415,47.999999999994138,46,35.999999999994138,6.89000000000211,582.00000000003513,SSLW,model_assisted_not_ground_truth,0,0,0,0,0,0,0,0,0,0,0
14.70,0,26.000000000013323,31,29.999999999995559,119.00000000000443,47.000000000004441,46,35.000000000004441,7.2500000000004849,587.99999999966053,SSLW,model_assisted_not_ground_truth,0,0,0,0,0,0,0,0,0,0,0
14.71,0,24.000000000007105,31,30,119.99999999999645,46.000000000003553,46,35.999999999996447,7.3199999999988279,539.00000000046111,SSLW,model_assisted_not_ground_truth,0,0,0,0,0,0,0,0,0,0,0
14.72,0,24,31.999999999997335,30,120.99999999999733,46,45.000000000002665,35.000000000002665,7.1700000000000434,598.00000000001307,SSLW,model_assisted_not_ground_truth,0,0,0,0,0,0,0,0,0,0,0
14.73,0,20.000000000007105,32,30,118.00000000000533,46,45,35.999999999998224,7.1750000000000194,599.50000000000591,SSLW,model_assisted_not_ground_truth,0,0,0,0,0,0,0,0,0,0,0
14.74,0,20,31.000000000000888,30,118,45.000000000000888,45,35.000000000000888,7.1799999999999953,600.99999999999864,SSLW,model_assisted_not_ground_truth,0,0,0,0,0,0,0,0,0,0,0
14.75,0,19,31,32,116,46,45,36,7.2599999999999998,590,SSLW,model_assisted_not_ground_truth,0,0,0,0,0,0,0,0,0,0,0
14.76,0,16,30,32.000000000000888,117.9999999999991,46,45,35.999999999999112,7.1699999999999999,622.99999999999466,SSLW,model_assisted_not_ground_truth,0,0,0,0,0,0,0,0,0,0,0
14.77,0,16.000000000001776,30,33,117.00000000000178,46,45,35,7.1700000000002664,616.99999999999648,SSLW,model_assisted_not_ground_truth,0,0,0,0,0,0,0,0,0,0,0
14.78,0,16.999999999997158,30,33,117.99999999999147,46,45.000000000002842,35,7.3200000000003129,614.99999999999432,SSLW,model_assisted_not_ground_truth,0,0,0,0,0,0,0,0,0,0,0
14.79,0,16.000000000007461,29.999999999992539,33.00000000000373,115.00000000000746,45.99999999999627,46,35,7.4299999999998878,613.00000000014177,SSLW,model_assisted_not_ground_truth,0,0,0,0,0,0,0,0,0,0,0
14.80,0,18.000000000004619,28,34.000000000004619,117.00000000001847,45.000000000004619,46,35.000000000004619,7.3999999999997694,650.99999999998147,SSLW,model_assisted_not_ground_truth,0,0,0,0,0,0,0,0,0,0,0
14.81,0,19.00000000001652,28.000000000005507,35,120.99999999997797,46,46,36,7.3499999999997243,646.99999999997794,SSLW,model_assisted_not_ground_truth,0,0,0,0,0,0,0,0,0,0,0
14.82,0,21.999999999985079,28.999999999995026,35,117.0000000000199,46,46,36,7.3000000000005114,642.99999999998715,SSLW,model_assisted_not_ground_truth,0,0,0,0,0,0,0,0,0,0,0
14.83,0,22.999999999995914,29,35,123.99999999997141,46,46,36,7.380000000001238,641.00000000005832,SSLW,model_assisted_not_ground_truth,0,0,0,0,0,0,0,0,0,0,0
14.84,0,23,29,35,129.99999999998082,46,46,36,7.5499999999992644,649.00000000004081,SSLW,model_assisted_not_ground_truth,0,0,0,0,0,0,0,0,0,0,0
14.85,0,26.999999999990763,28.000000000002309,35,130,45.000000000002309,46,36,7.4600000000002078,653.9999999999884,SSLW,model_assisted_not_ground_truth,0,0,0,0,0,0,0,0,0,0,0
14.86,0,26.000000000001421,29.999999999997158,34.000000000001421,129.00000000000142,45,46,36,7.4699999999999855,652.00000000000284,SSLW,model_assisted_not_ground_truth,0,0,0,0,0,0,0,0,0,0,0
14.87,0,26.999999999999645,30,34,129.99999999999966,45.999999999999645,46,36,7.4200000000000177,655.99999999999864,SSLW,model_assisted_not_ground_truth,0,0,0,0,0,0,0,0,0,0,0
14.88,0,29,30.999999999998401,33.999999999999467,136.00000000000159,46,47,34.000000000000533,7.4000000000000217,652.99999999999898,SSLW,model_assisted_not_ground_truth,0,0,0,0,0,0,0,0,0,0,0
14.89,0,29.000000000001421,28.000000000002842,32.999999999998579,139,46,47,35.000000000001421,7.4399999999999862,650.99999999999716,SSLW,model_assisted_not_ground_truth,0,0,0,0,0,0,0,0,0,0,0
14.90,0,29.999999999997691,29.999999999997691,31.999999999995381,138.99999999998846,45.999999999997691,46.999999999997691,36,7.4299999999999766,648.99999999999534,SSLW,model_assisted_not_ground_truth,0,0,0,0,0,0,0,0,0,0,0
14.91,0,28.999999999998401,29,30,133.99999999997922,45,46.000000000001599,36,7.4199999999995203,646.99999999995839,SSLW,model_assisted_not_ground_truth,0,0,0,0,0,0,0,0,0,0,0
14.92,0,28.499999999997957,29,30,127.49999999997344,45,46.500000000002046,36,7.2699999999999587,633.99999999998363,SSLW,model_assisted_not_ground_truth,0,0,0,0,0,0,0,0,0,0,0
14.93,0,27.999999999990052,28.999999999990052,30,120.99999999997016,45,47,35.999999999995026,7.2600000000004474,629.99999999989552,SSLW,model_assisted_not_ground_truth,0,0,0,0,0,0,0,0,0,0,0
14.94,0,25.999999999994138,26.999999999994138,29.999999999994138,115,45,46.999999999994138,35,7.3499999999999996,608.99999999996487,SSLW,model_assisted_not_ground_truth,0,0,0,0,0,0,0,0,0,0,0
14.95,0,25.000000000004441,26.000000000004441,29.000000000004441,115,45,46.000000000004441,35,7.3500000000000689,602.99999999998613,SSLW,model_assisted_not_ground_truth,0,0,0,0,0,0,0,0,0,0,0
14.96,0,22.000000000010658,25.000000000003553,29.999999999996447,115.99999999999645,45,45.000000000003553,35,7.3600000000003911,601.00000000005082,SSLW,model_assisted_not_ground_truth,0,0,0,0,0,0,0,0,0,0,0
14.97,0,22,25,28.000000000005329,116.99999999999733,45,45,34.000000000002665,7.4100000000001511,607.50000000001967,SSLW,model_assisted_not_ground_truth,0,0,0,0,0,0,0,0,0,0,0
14.98,0,22.999999999998224,25,28,117.99999999999822,44.000000000001776,45.999999999998224,34.999999999998224,7.4599999999999111,613.9999999999884,SSLW,model_assisted_not_ground_truth,0,0,0,0,0,0,0,0,0,0,0
14.99,0,23.999999999999112,24.000000000000888,28.999999999999112,116.00000000000178,44.999999999999112,46,35,7.4899999999999736,606.00000000000705,SSLW,model_assisted_not_ground_truth,0,0,0,0,0,0,0,0,0,0,0
15.00,0,23,24,29,119,45,46,35,7.2199999999999998,612,SSLW,model_assisted_not_ground_truth,0,0,0,0,0,0,0,0,0,0,0
15.01,0,23.000000000001776,23.999999999999112,29.000000000000888,120.9999999999991,45.999999999999112,45.999999999999112,35.000000000000888,7.2299999999997961,608.99999999999022,SSLW,model_assisted_not_ground_truth,0,0,0,0,0,0,0,0,0,0,0
15.02,0,24.999999999998224,23,29.999999999998224,120.00000000000533,45.000000000003553,45.000000000003553,35.999999999998224,6.9999999999999822,597.99999999998761,SSLW,model_assisted_not_ground_truth,0,0,0,0,0,0,0,0,0,0,0
15.03,0,24.000000000002842,23,29,123.00000000000284,47.000000000002842,47,35,6.9900000000006823,591.00000000006821,SSLW,model_assisted_not_ground_truth,0,0,0,0,0,0,0,0,0,0,0
15.04,0,25.00000000000373,23.00000000000373,29,124.00000000002612,48,46.99999999999627,35,7.2300000000000191,614.99999999999625,SSLW,model_assisted_not_ground_truth,0,0,0,0,0,0,0,0,0,0,0
15.05,0,26.000000000004619,24,29.000000000004619,131.00000000002311,48.000000000004619,46.000000000004619,35.000000000018474,7.2350000000000234,613.99999999999534,SSLW,model_assisted_not_ground_truth,0,0,0,0,0,0,0,0,0,0,0
15.06,0,27,24,30,135.99999999998349,49,46.999999999994493,39.000000000011013,7.2400000000000002,612.99999999998897,SSLW,model_assisted_not_ground_truth,0,0,0,0,0,0,0,0,0,0,0
15.07,0,27,24,30,133.00000000001492,49,46.000000000004974,40.999999999990052,7.2400000000005118,611.00000000006401,SSLW,model_assisted_not_ground_truth,0,0,0,0,0,0,0,0,0,0,0
15.08,0,28.999999999991829,24.999999999995914,30.999999999995914,134.99999999999181,49,46,41.999999999995914,7.3200000000001459,621.00000000007287,SSLW,model_assisted_not_ground_truth,0,0,0,0,0,0,0,0,0,0,0
15.09,0,29.999999999996803,25.999999999996803,31.999999999996803,139.99999999998403,49,46,42.999999999996803,7.3399999999992644,630.99999999994282,SSLW,model_assisted_not_ground_truth,0,0,0,0,0,0,0,0,0,0,0
15.10,0,34.999999999988454,26,32,145.99999999998613,50.999999999995381,46.999999999997691,43,7.2500000000002078,624.00000000001614,SSLW,model_assisted_not_ground_truth,0,0,0,0,0,0,0,0,0,0,0
15.11,0,37.999999999995737,25.000000000001421,32.999999999998579,155.99999999998579,51,47.999999999998579,58.999999999977263,7.2400000000000144,644.99999999997021,SSLW,model_assisted_not_ground_truth,0,0,0,0,0,0,0,0,0,0,0
15.12,0,65.999999999990052,26.999999999999289,33.999999999999645,176.99999999999255,54.999999999998579,48,70.999999999995737,7.1700000000000248,657.99999999999534,SSLW,model_assisted_not_ground_truth,0,0,0,0,0,0,0,0,0,0,0
15.13,0,148.00000000003038,28.000000000002132,35.000000000000533,192.00000000001279,66.000000000001606,61.000000000007461,89.000000000008527,7.0999999999998611,671.00000000001648,SSLW,model_assisted_not_ground_truth,0,0,0,0,0,0,0,0,0,0,0
15.14,0,205.00000000006537,32.000000000002842,36,216.00000000001705,69.000000000024158,75.000000000027001,105.00000000004263,6.8399999999999856,702.00000000003695,SSLW,model_assisted_not_ground_truth,0,0,0,0,0,0,0,0,0,0,0
15.15,2.5401902803446685e-11,251.00000000008083,34,36.000000000004619,228.00000000006236,86.000000000046185,94.000000000006935,135.00000000005542,6.8300000000000693,728.00000000003001,SSLW,model_assisted_not_ground_truth,0,0,0,0,0,0,0,0,0,0,0
15.16,11.000000000195044,286.00000000015666,34,38.000000000022382,255.00000000014708,106.00000000015348,97.000000000051159,159.00000000011511,6.8600000000000003,741.00000000007037,SSLW,model_assisted_not_ground_truth,0,0,0,0,0,0,0,0,0,0,0
15.17,72.000000000055152,335.00000000001432,34.000000000002046,45.000000000004086,301.00000000001023,154.00000000003268,113.00000000002247,195.00000000000205,6.8600000000003272,762.99999999999181,SSLW,model_assisted_not_ground_truth,0,0,0,0,0,0,0,0,0,0,0
15.18,85.500000000067146,338.50000000001739,34.500000000002487,46.000000000004974,303.50000000001245,162.00000000003979,118.50000000002736,195.5000000000025,6.9400000000000004,760.99999999992042,SSLW,model_assisted_not_ground_truth,0,0,0,0,0,0,0,0,0,0,0
15.19,99.000000000017579,342.00000000007032,34.999999999994138,47.000000000146549,305.99999999999415,170.00000000009965,124.00000000001758,195.99999999999415,6.9400000000008211,744.99999999978309,SSLW,model_assisted_not_ground_truth,0,0,0,0,0,0,0,0,0,0,0
15.20,101.99999999998667,353.99999999994668,34.000000000004441,71.999999999888985,305.00000000000443,186.99999999992451,126.99999999998667,195.00000000000443,7.0800000000001733,708.00000000000341,SSLW,model_assisted_not_ground_truth,0,0,0,0,0,0,0,0,0,0,0
15.21,98.000000000014211,370.99999999993963,33.000000000003553,77.999999999978684,304.00000000000352,200.99999999995026,126.00000000000355,174.00000000007461,7.1050000000001958,708.50000000000387,SSLW,model_assisted_not_ground_truth,0,0,0,0,0,0,0,0,0,0,0
15.22,98.999999999997328,383.99999999996538,33.999999999997335,82.99999999998667,307.99999999998931,213.99999999996535,126.99999999999733,168.00000000001597,7.1300000000009573,709.00000000010448,SSLW,model_assisted_not_ground_truth,0,0,0,0,0,0,0,0,0,0,0
15.23,115.9999999999698,392.99999999998403,34.999999999998224,91.999999999984013,322.99999999997334,221.99999999998579,130.99999999999289,194.99999999995202,7.2399999999998048,720.99999999997863,SSLW,model_assisted_not_ground_truth,0,0,0,0,0,0,0,0,0,0,0
15.24,131.99999999998579,393.99999999999909,35.999999999999112,93.999999999998224,330.99999999999289,222,136.99999999999466,200.99999999999466,8.2499999999991029,758.99999999996624,SSLW,model_assisted_not_ground_truth,0,0,0,0,0,0,0,0,0,0,0
15.25,141,395,37,95,338,218,139,207,7.9199999999999999,772,SSLW,model_assisted_not_ground_truth,0,0,0,0,0,0,0,0,0,0,0
15.26,141.99999999999423,393.99999999999733,37,87.999999999997783,339.99999999999869,210.99999999999645,136.99999999999955,204.99999999999511,8.1300000000005426,794.00000000005502,SSLW,model_assisted_not_ground_truth,0,0,0,0,0,0,0,0,0,0,0
15.27,135.49999999998846,390.99999999999466,37,85.499999999995566,338.49999999999733,206.99999999999289,136.49999999999912,199.49999999999022,8.7400000000000357,855.9999999999884,SSLW,model_assisted_not_ground_truth,0,0,0,0,0,0,0,0,0,0,0
15.28,128.99999999992326,387.99999999993747,36.999999999997158,82.99999999997442,337.00000000000284,202.99999999996589,135.99999999996021,193.99999999988347,8.7600000000000566,849.49999999998158,SSLW,model_assisted_not_ground_truth,0,0,0,0,0,0,0,0,0,0,0
15.29,101.99999999993285,365.99999999997016,36,73.99999999997388,338,190.99999999999628,121.99999999995524,152.99999999997016,8.7800000000002978,842.99999999986198,SSLW,model_assisted_not_ground_truth,0,0,0,0,0,0,0,0,0,0,0
15.30,83.999999999912248,357.99999999993071,36.000000000004619,66.999999999935341,338,190.00000000000463,110.00000000000462,144.99999999998613,8.8600000000000456,806.00000000030946,SSLW,model_assisted_not_ground_truth,0,0,0,0,0,0,0,0,0,0,0
15.31,64.999999999873353,342.9999999999394,36.999999999988987,52.99999999996696,337.99999999998346,191,110.9999999999945,141.99999999998349,8.8700000000002195,872.99999999992292,SSLW,model_assisted_not_ground_truth,0,0,0,0,0,0,0,0,0,0,0
15.32,42.000000000114397,332.00000000005468,35.000000000009948,47.000000000029843,335.00000000001489,191,110.00000000000497,139.00000000001492,8.9099999999999362,858.99999999992326,SSLW,model_assisted_not_ground_truth,0,0,0,0,0,0,0,0,0,0,0
15.33,25.000000000069456,323.00000000003678,35.999999999995914,48.999999999991829,334.00000000000409,182.00000000003678,110,134.00000000002044,8.9000000000012385,846.99999999999272,SSLW,model_assisted_not_ground_truth,0,0,0,0,0,0,0,0,0,0,0
15.34,20.000000000015987,313.00000000003195,36,49,332.00000000000637,179.00000000000961,101.00000000002878,128.00000000001918,9.0699999999994283,845.99999999964859,SSLW,model_assisted_not_ground_truth,0,0,0,0,0,0,0,0,0,0,0
15.35,4.6185277824406512e-11,303.00000000002308,36,48.000000000002309,328.00000000000921,174.00000000001154,96.000000000011539,122.00000000001386,9.0000000000001616,803.00000000009925,SSLW,model_assisted_not_ground_truth,0,0,0,0,0,0,0,0,0,0,0
15.36,0,280.00000000003268,37.999999999997158,48,321.00000000000995,166.00000000001137,91.000000000007105,109.00000000001847,9.1199999999998305,831.99999999995885,SSLW,model_assisted_not_ground_truth,0,0,0,0,0,0,0,0,0,0,0
15.37,0,264.00000000000568,38,48,317.00000000000142,157.00000000000318,84.000000000002487,101.00000000000284,9.2399999999999576,860.99999999998965,SSLW,model_assisted_not_ground_truth,0,0,0,0,0,0,0,0,0,0,0
15.38,0,250.99999999999201,37.000000000001066,47.999999999999467,310.99999999999307,152.99999999998988,79.999999999998934,91,9.2699999999999942,850.9999999999925,SSLW,model_assisted_not_ground_truth,0,0,0,0,0,0,0,0,0,0,0
15.39,0,235.99999999998579,38.999999999995737,46.999999999997158,297.99999999998295,133.99999999998437,77.999999999997158,90.999999999982947,9.2599999999998435,836.99999999996726,SSLW,model_assisted_not_ground_truth,0,0,0,0,0,0,0,0,0,0,0
15.40,0,225.99999999996075,36,45.000000000002309,285.99999999999073,122.99999999997229,75.999999999997684,78.999999999981526,9.150000000000416,814.0000000000623,SSLW,model_assisted_not_ground_truth,0,0,0,0,0,0,0,0,0,0,0
15.41,0,208.999999999984,36,46,281.99999999995845,110.99999999990727,75,70.99999999998721,9.330000000000128,840.99999999998397,SSLW,model_assisted_not_ground_truth,0,0,0,0,0,0,0,0,0,0,0
15.42,0,203.99999999995507,36.000000000008171,45.999999999995914,268.99999999997959,81.999999999959144,74.999999999979565,66.999999999987736,9.3700000000002035,835.99999999991007,SSLW,model_assisted_not_ground_truth,0,0,0,0,0,0,0,0,0,0,0
15.43,0,192.99999999994529,38,45,263.99999999993531,71.999999999995026,70,63.999999999935341,9.4200000000004476,814.00000000005468,SSLW,model_assisted_not_ground_truth,0,0,0,0,0,0,0,0,0,0,0
15.44,0,181.99999999994725,38,45,250.99999999996484,71,69.999999999988276,50.999999999964828,9.5100000000001472,824.99999999998829,SSLW,model_assisted_not_ground_truth,0,0,0,0,0,0,0,0,0,0,0
15.45,0,173.00000000003996,38,45,245.00000000002666,71,68.000000000008882,45.000000000026645,9.5350000000001742,822.99999999998613,SSLW,model_assisted_not_ground_truth,0,0,0,0,0,0,0,0,0,0,0
15.46,0,151.00000000007816,37.000000000003553,45,238.00000000002487,70.000000000003553,68,44.000000000003553,9.5600000000003131,820.99999999997658,SSLW,model_assisted_not_ground_truth,0,0,0,0,0,0,0,0,0,0,0
15.47,0,132.00000000005062,37,45,237.00000000000267,70,66.000000000005329,44,9.5999999999981718,817.99999999950387,SSLW,model_assisted_not_ground_truth,0,0,0,0,0,0,0,0,0,0,0
15.48,0,99.00000000005862,37,44.000000000001776,231.00000000001066,69.000000000001776,64.000000000003553,44,9.3900000000003736,761.00000000010129,SSLW,model_assisted_not_ground_truth,0,0,0,0,0,0,0,0,0,0,0
15.49,0,86.000000000011539,37,44,227.00000000000355,65.000000000003553,51.000000000011546,43.000000000000888,9.5499999999998586,771.99999999999022,SSLW,model_assisted_not_ground_truth,0,0,0,0,0,0,0,0,0,0,0
15.50,0,74,35,42,223,63,50,42,9.7400000000000002,744,SSLW,model_assisted_not_ground_truth,0,0,0,0,0,0,0,0,0,0,0
15.51,0,58.999999999992006,35.000000000000888,42,224.99999999999733,61.999999999994671,49.999999999999112,43.999999999997335,9.5900000000002041,793.99999999998931,SSLW,model_assisted_not_ground_truth,0,0,0,0,0,0,0,0,0,0,0
15.52,0,49.999999999969802,35.999999999998224,41.999999999998224,221.99999999999645,56,49,40.999999999998224,9.8199999999998582,782.00000000000625,SSLW,model_assisted_not_ground_truth,0,0,0,0,0,0,0,0,0,0,0
15.53,0,33.000000000002842,35.000000000011369,41.000000000005684,219.99999999998295,56,48.999999999997158,40,9.7399999999997728,785.50000000001,SSLW,model_assisted_not_ground_truth,0,0,0,0,0,0,0,0,0,0,0
15.54,0,33.99999999999627,39.000000000007461,43,213.99999999997388,56,48,40.000000000007461,9.66000000000097,788.99999999979855,SSLW,model_assisted_not_ground_truth,0,0,0,0,0,0,0,0,0,0,0
15.55,0,32.999999999986144,40.999999999995381,42.999999999990763,206.99999999999537,56,48,41.999999999986144,9.9199999999990762,735.00000000015245,SSLW,model_assisted_not_ground_truth,0,0,0,0,0,0,0,0,0,0,0
15.56,0,29.999999999994493,40.000000000011013,41.000000000011013,205.999999999989,55.999999999994493,48,39,9.7200000000023135,767.99999999959255,SSLW,model_assisted_not_ground_truth,0,0,0,0,0,0,0,0,0,0,0
15.57,0,29.000000000004974,41.999999999990052,42.999999999990052,204.00000000000995,55.000000000004974,48,39,10.140000000002431,693.99999999984016,SSLW,model_assisted_not_ground_truth,0,0,0,0,0,0,0,0,0,0,0
15.58,0,27.000000000008171,42,41.000000000008171,198.0000000000245,55.999999999995914,48,38.000000000004086,10.520000000000218,669.00000000001455,SSLW,model_assisted_not_ground_truth,0,0,0,0,0,0,0,0,0,0,0
15.59,0,28.999999999993605,42.999999999996803,40.000000000003197,197.00000000000318,56,48,38.999999999996803,10.550000000000818,670.99999999992235,SSLW,model_assisted_not_ground_truth,0,0,0,0,0,0,0,0,0,0,0
15.60,0,28.000000000002309,43,41.999999999995381,195.0000000000046,56,48.999999999997691,39,10.650000000000338,661.49999999996794,SSLW,model_assisted_not_ground_truth,0,0,0,0,0,0,0,0,0,0,0
15.61,0,27.000000000001243,43,42.999999999998757,199.99999999999378,56,49.999999999998757,39,10.749999999999876,652.00000000001182,SSLW,model_assisted_not_ground_truth,0,0,0,0,0,0,0,0,0,0,0
15.62,0,27.999999999999645,41.000000000000711,42.000000000000355,193.0000000000025,58.999999999998934,50.999999999999645,38.000000000000355,10.210000000000193,607.00000000001603,SSLW,model_assisted_not_ground_truth,0,0,0,0,0,0,0,0,0,0,0
15.63,0,28.999999999999467,43.999999999998934,43,190.00000000000321,60,51.000000000000533,39,10.270000000000064,591.99999999999523,SSLW,model_assisted_not_ground_truth,0,0,0,0,0,0,0,0,0,0,0
15.64,0,28.000000000001421,42.000000000001421,43.000000000001421,195.99999999999432,60,52.000000000009948,38.999999999998579,10.39000000000037,583.0000000000199,SSLW,model_assisted_not_ground_truth,0,0,0,0,0,0,0,0,0,0,0
15.65,0,29,42.999999999995381,44,191.9999999999977,60.000000000002309,59.000000000011546,38,10.650000000000185,597.00000000000227,SSLW,model_assisted_not_ground_truth,0,0,0,0,0,0,0,0,0,0,0
15.66,0,29,41.000000000006395,44,191.00000000000961,61.000000000003197,64.000000000006395,38,10.729999999999968,597.99999999999523,SSLW,model_assisted_not_ground_truth,0,0,0,0,0,0,0,0,0,0,0
15.67,0,29.000000000004086,42.999999999995914,44.000000000004086,194,62,66.000000000004093,38,10.71999999999996,596.49999999999386,SSLW,model_assisted_not_ground_truth,0,0,0,0,0,0,0,0,0,0,0
15.68,0,29.999999999997513,41.999999999995026,45,194.00000000000497,62.000000000004974,67.000000000004974,38.000000000002487,10.710000000002537,594.99999999973136,SSLW,model_assisted_not_ground_truth,0,0,0,0,0,0,0,0,0,0,0
15.69,0,29.499999999999911,40.999999999999822,45,195.00000000000017,63.000000000000178,68.000000000000171,38.500000000000085,11.220000000001466,541.00000000011141,SSLW,model_assisted_not_ground_truth,0,0,0,0,0,0,0,0,0,0,0
15.70,0,29.00000000000222,40.000000000004441,45,195.99999999999557,63.999999999995559,68.999999999995566,38.999999999997783,11.469999999999862,559.99999999997226,SSLW,model_assisted_not_ground_truth,0,0,0,0,0,0,0,0,0,0,0
15.71,0,29,40,45.999999999996447,197.99999999999289,64.999999999996447,70.999999999992895,39,11.449999999999999,556,SSLW,model_assisted_not_ground_truth,0,0,0,0,0,0,0,0,0,0,0
15.72,0,29,41.999999999994671,45.000000000002665,196.00000000000534,65.999999999997328,74.999999999989342,42.999999999989342,11.449999999997823,555.99999999966928,SSLW,model_assisted_not_ground_truth,0,0,0,0,0,0,0,0,0,0,0
15.73,0,28.000000000001776,41.000000000001776,45,192.00000000000711,66,75.999999999998224,43,11.200000000000443,518.00000000006753,SSLW,model_assisted_not_ground_truth,0,0,0,0,0,0,0,0,0,0,0
15.74,0,28.999999999999112,41,45,193.99999999999824,66.999999999999119,76,41.000000000001776,11.090000000000098,509.00000000000801,SSLW,model_assisted_not_ground_truth,0,0,0,0,0,0,0,0,0,0,0
15.75,0,30,45,45,193,67,76,42,10.969999999999999,496.5,SSLW,model_assisted_not_ground_truth,0,0,0,0,0,0,0,0,0,0,0
15.76,0,25.999999999998224,44.999999999999112,45,195.00000000000443,66.999999999999105,77,44,10.849999999999822,483.99999999997777,SSLW,model_assisted_not_ground_truth,0,0,0,0,0,0,0,0,0,0,0
15.77,0,24.000000000005329,44.000000000003553,45,200.00000000001421,66,77,44,10.649999999999539,458.99999999997158,SSLW,model_assisted_not_ground_truth,0,0,0,0,0,0,0,0,0,0,0
15.78,0,27,45.999999999991473,44.999999999997158,208.0000000000199,66,77,44.000000000011369,10.390000000000171,443.0000000000199,SSLW,model_assisted_not_ground_truth,0,0,0,0,0,0,0,0,0,0,0
15.79,0,27.00000000000373,43,44.00000000000373,215.00000000004104,65.999999999996263,76.999999999992539,48.00000000000373,10.45000000000041,450.0000000000112,SSLW,model_assisted_not_ground_truth,0,0,0,0,0,0,0,0,0,0,0
15.80,0,28,42.999999999995381,45,226.00000000001387,64.999999999976907,74.999999999976907,48.999999999986144,10.559999999999215,452.99999999996305,SSLW,model_assisted_not_ground_truth,0,0,0,0,0,0,0,0,0,0,0
15.81,0,27.999999999977973,42.000000000005507,44.999999999988987,229.00000000002754,59.999999999977973,69.99999999989538,45.99999999998348,10.390000000000551,445.00000000003303,SSLW,model_assisted_not_ground_truth,0,0,0,0,0,0,0,0,0,0,0
15.82,0,24.000000000019895,42.999999999995026,43.000000000009948,233.99999999997513,56.000000000019895,51.000000000094502,43.000000000014921,10.490000000000192,450.9999999998401,SSLW,model_assisted_not_ground_truth,0,0,0,0,0,0,0,0,0,0,0
15.83,0,26.999999999987743,38.000000000020428,42.000000000004086,227.00000000002859,55.000000000004086,50.000000000004086,43,10.520000000001783,425.99999999995265,SSLW,model_assisted_not_ground_truth,0,0,0,0,0,0,0,0,0,0,0
15.84,0,27.999999999996803,35.000000000009592,41.000000000003197,219.00000000002558,53.000000000006395,49.000000000003197,42.000000000003197,10.765000000000608,419.49999999998386,SSLW,model_assisted_not_ground_truth,0,0,0,0,0,0,0,0,0,0,0
15.85,0,29.999999999995381,33.000000000004619,39.000000000004619,207.00000000002771,52.000000000002309,48.000000000002309,38.000000000009237,11.009999999999433,413.00000000001501,SSLW,model_assisted_not_ground_truth,0,0,0,0,0,0,0,0,0,0,0
15.86,0,30.999999999998757,33.999999999998757,38.000000000001243,216.99999999998755,52,48.999999999998757,37.000000000001243,11.099999999999888,403.00000000001245,SSLW,model_assisted_not_ground_truth,0,0,0,0,0,0,0,0,0,0,0
15.87,0,31,33.000000000000355,37.000000000000355,230.99999999999503,52,48.000000000000355,37,10.920000000000064,389.000000000005,SSLW,model_assisted_not_ground_truth,0,0,0,0,0,0,0,0,0,0,0
15.88,0,31.999999999999467,34,37,237.99999999999892,51.999999999999467,48,37.000000000000533,10.79999999999958,393.00000000001495,SSLW,model_assisted_not_ground_truth,0,0,0,0,0,0,0,0,0,0,0
15.89,0,31.000000000001421,33.999999999998579,37,235.99999999999432,50.999999999998579,47.999999999998579,38,10.009999999999225,421.00000000007321,SSLW,model_assisted_not_ground_truth,0,0,0,0,0,0,0,0,0,0,0
15.90,0,32.000000000002309,32.999999999995381,37,231.99999999998846,49.999999999997691,47,37.999999999997691,9.4649999999987422,472.50000000011892,SSLW,model_assisted_not_ground_truth,0,0,0,0,0,0,0,0,0,0,0
15.91,0,33,31.000000000006395,36.999999999996803,226.99999999998721,49,47,37,8.919999999998721,524.00000000039006,SSLW,model_assisted_not_ground_truth,0,0,0,0,0,0,0,0,0,0,0
15.92,0,32.999999999995914,33,36,222.99999999990604,48.999999999995914,47,37,8.5199999999989373,646.00000000019202,SSLW,model_assisted_not_ground_truth,0,0,0,0,0,0,0,0,0,0,0
15.93,0,32,33,36,199.99999999995524,48,46.999999999995026,37,8.260000000000348,692.99999999994532,SSLW,model_assisted_not_ground_truth,0,0,0,0,0,0,0,0,0,0,0
15.94,0,31.999999999982414,32.999999999994138,36,190.9999999998945,48,46,37,8.3300000000012897,682.00000000000591,SSLW,model_assisted_not_ground_truth,0,0,0,0,0,0,0,0,0,0,0
15.95,0,29.000000000013323,32.000000000004441,36,173.00000000007992,48,46,37,8.5499999999993772,683.00000000022169,SSLW,model_assisted_not_ground_truth,0,0,0,0,0,0,0,0,0,0,0
15.96,0,28.000000000003553,32.999999999996447,36,163.00000000003553,48,46,36.000000000003553,8.459999999992263,714.99999999953889,SSLW,model_assisted_not_ground_truth,0,0,0,0,0,0,0,0,0,0,0
15.97,0,27.000000000002665,33.999999999997335,36,158.00000000001333,48,46,36,7.4699999999997821,655.99999999997385,SSLW,model_assisted_not_ground_truth,0,0,0,0,0,0,0,0,0,0,0
15.98,0,27,34,36,156.00000000000355,48,46,36.999999999998224,7.4449999999999026,652.99999999998829,SSLW,model_assisted_not_ground_truth,0,0,0,0,0,0,0,0,0,0,0
15.99,0,26.000000000000888,32.000000000001776,35.000000000000888,153.00000000000267,48,46,37,7.4200000000000221,650.00000000000261,SSLW,model_assisted_not_ground_truth,0,0,0,0,0,0,0,0,0,0,0
16.00,0,25,32,36,150,48,45,37,7.4299999999999997,653,SSLW,model_assisted_not_ground_truth,0,0,0,0,0,0,0,0,0,0,0
16.01,0,23.999999999997868,32,36,145.99999999999679,47,45.000000000001066,36.000000000001066,7.4000000000001176,638.00000000002456,SSLW,model_assisted_not_ground_truth,0,0,0,0,0,0,0,0,0,0,0
16.02,0,21.999999999998224,32.000000000001776,36,142.99999999998934,47.000000000001776,45.999999999998224,36.999999999998224,7.5099999999998754,661.00000000000534,SSLW,model_assisted_not_ground_truth,0,0,0,0,0,0,0,0,0,0,0
16.03,0,20.999999999991473,33,36,136.99999999998579,47.999999999997158,45.000000000002842,36,7.4399999999999151,663.99999999997442,SSLW,model_assisted_not_ground_truth,0,0,0,0,0,0,0,0,0,0,0
16.04,0,17.999999999992895,32.999999999992895,36,131.99999999998934,46.999999999996447,46,36,7.4100000000003199,655,SSLW,model_assisted_not_ground_truth,0,0,0,0,0,0,0,0,0,0,0
16.05,0,15.999999999995381,31.000000000004619,36,128.99999999998613,45.999999999995381,46,36,7.4999999999998153,654.9999999999884,SSLW,model_assisted_not_ground_truth,0,0,0,0,0,0,0,0,0,0,0
16.06,0,15.000000000015987,31.999999999989342,36,125.99999999997868,45,46,36.000000000005329,7.4599999999997868,652.4999999999867,SSLW,model_assisted_not_ground_truth,0,0,0,0,0,0,0,0,0,0,0
16.07,0,17.999999999985079,30.000000000009948,36,122.0000000000199,45,46,36.999999999995026,7.419999999998657,649.99999999996805,SSLW,model_assisted_not_ground_truth,0,0,0,0,0,0,0,0,0,0,0
16.08,0,18,31.999999999992184,36,122,45.999999999996092,46,36.000000000003908,7.2100000000001492,644.99999999987313,SSLW,model_assisted_not_ground_truth,0,0,0,0,0,0,0,0,0,0,0
16.09,0,18,31.000000000003197,36,118.00000000001279,46,46,36,7.2300000000003273,627.99999999999181,SSLW,model_assisted_not_ground_truth,0,0,0,0,0,0,0,0,0,0,0
16.10,0,17.000000000002132,31,36,117.00000000000213,46,46,36.999999999997868,7.2699999999999143,627.00000000000216,SSLW,model_assisted_not_ground_truth,0,0,0,0,0,0,0,0,0,0,0
16.11,0,18.999999999997158,30.000000000001421,36,121.99999999999289,46,46,37,7.2699999999999996,619.00000000001137,SSLW,model_assisted_not_ground_truth,0,0,0,0,0,0,0,0,0,0,0
16.12,0,19,30,36,121.50000000000017,46,46,36.500000000000178,7.3599999999999683,629.99999999999613,SSLW,model_assisted_not_ground_truth,0,0,0,0,0,0,0,0,0,0,0
16.13,0,19.000000000000711,30.000000000000355,36,121.00000000000213,46,46,36,7.2499999999999822,581.99999999999716,SSLW,model_assisted_not_ground_truth,0,0,0,0,0,0,0,0,0,0,0
16.14,0,21.000000000001421,31.000000000002842,35.999999999998579,127.00000000000568,46,46,35.999999999998579,7.1999999999999291,573.99999999998863,SSLW,model_assisted_not_ground_truth,0,0,0,0,0,0,0,0,0,0,0
16.15,0,22.000000000004263,32.999999999995737,35,130.99999999999787,46,46,35,7.1499999999995953,565.99999999999147,SSLW,model_assisted_not_ground_truth,0,0,0,0,0,0,0,0,0,0,0
16.16,0,24.000000000003197,31,35,130.00000000001279,46,46.000000000003197,35,6.9599999999995203,561.99999999994566,SSLW,model_assisted_not_ground_truth,0,0,0,0,0,0,0,0,0,0,0
16.17,0,25.000000000004263,30.999999999991473,35,133.99999999999574,46,47,35,6.8100000000006391,544.99999999992747,SSLW,model_assisted_not_ground_truth,0,0,0,0,0,0,0,0,0,0,0
16.18,0,26,28.999999999995026,34.999999999990052,133,46.000000000004974,46.999999999995026,35.000000000004974,6.9600000000012932,527.9999999999751,SSLW,model_assisted_not_ground_truth,0,0,0,0,0,0,0,0,0,0,0
16.19,0,25.999999999987921,28,33,133.00000000001208,46.99999999999396,46,36,7.2200000000005433,523.00000000004229,SSLW,model_assisted_not_ground_truth,0,0,0,0,0,0,0,0,0,0,0
16.20,0,24.000000000009237,28,33,134.99999999999076,46.000000000004619,46,36,7.3099999999999996,529.99999999999329,SSLW,model_assisted_not_ground_truth,0,0,0,0,0,0,0,0,0,0,0
16.21,0,24.999999999996447,28,31.000000000007105,132.00000000001066,46,46,36,7.3099999999990617,528.99999999990621,SSLW,model_assisted_not_ground_truth,0,0,0,0,0,0,0,0,0,0,0
16.22,0,25,28,31,131.00000000000284,45.000000000002842,46,35.000000000002842,7.1899999999996584,516.99999999996589,SSLW,model_assisted_not_ground_truth,0,0,0,0,0,0,0,0,0,0,0
16.23,0,24.000000000001776,27.000000000001776,30.000000000001776,125.00000000001066,45.999999999998224,46,36.999999999996447,7.0700000000002134,505.00000000002132,SSLW,model_assisted_not_ground_truth,0,0,0,0,0,0,0,0,0,0,0
16.24,0,22.000000000001421,27,30.999999999999289,123.00000000000142,46,46,36.000000000000711,6.8900000000001276,495.00000000000711,SSLW,model_assisted_not_ground_truth,0,0,0,0,0,0,0,0,0,0,0
16.25,0,22,27,31,119,46,46,36,6.8499999999999996,498,SSLW,model_assisted_not_ground_truth,0,0,0,0,0,0,0,0,0,0,0
16.26,0,23,25.999999999998934,30,120.00000000000107,46,45.000000000002132,36.999999999997868,6.8300000000002346,550.00000000000853,SSLW,model_assisted_not_ground_truth,0,0,0,0,0,0,0,0,0,0,0
16.27,0,22.999999999996447,24.999999999998224,30,121.00000000000533,46,46.999999999996447,35.000000000003553,7.0500000000004794,557.9999999999236,SSLW,model_assisted_not_ground_truth,0,0,0,0,0,0,0,0,0,0,0
16.28,0,21,24,29.999999999997158,124.00000000000568,45.999999999997158,45,37,7.319999999999915,515.00000000000568,SSLW,model_assisted_not_ground_truth,0,0,0,0,0,0,0,0,0,0,0
16.29,0,21.000000000003553,23.999999999996447,29,126.00000000001776,45,45.000000000007105,37,7.2899999999997691,517.00000000009948,SSLW,model_assisted_not_ground_truth,0,0,0,0,0,0,0,0,0,0,0
16.30,0,22.000000000009237,23.000000000004619,29,130.99999999998613,45.000000000004619,47,37,7.2249999999996994,545.00000000012938,SSLW,model_assisted_not_ground_truth,0,0,0,0,0,0,0,0,0,0,0
16.31,0,23.999999999994671,24,29,128.00000000002132,46.000000000005329,47,37,7.1599999999990942,572.9999999999734,SSLW,model_assisted_not_ground_truth,0,0,0,0,0,0,0,0,0,0,0
16.32,0,23.000000000004974,24,29,131.9999999999801,46.999999999995026,47,37,6.9900000000019187,568.00000000010868,SSLW,model_assisted_not_ground_truth,0,0,0,0,0,0,0,0,0,0,0
16.33,0,23,24,29,131.00000000000392,47,46.000000000003908,37,7.2900000000004477,584.99999999994031,SSLW,model_assisted_not_ground_truth,0,0,0,0,0,0,0,0,0,0,0
16.34,0,21.000000000006395,23.000000000003197,29,134.99999999998721,46.000000000003197,45.000000000003197,37,7.3499999999980385,577.00000000008993,SSLW,model_assisted_not_ground_truth,0,0,0,0,0,0,0,0,0,0,0
16.35,0,22.999999999995737,23,29,131.00000000000853,47.999999999995737,46.999999999995737,37.999999999997868,7.1100000000005119,587.99999999997658,SSLW,model_assisted_not_ground_truth,0,0,0,0,0,0,0,0,0,0,0
16.36,0,25.999999999995737,23.999999999998579,29,131,48,46.000000000001421,38,7.0900000000000283,571.0000000000241,SSLW,model_assisted_not_ground_truth,0,0,0,0,0,0,0,0,0,0,0
16.37,0,26.999999999999645,24,29.999999999999645,133.99999999999892,48.999999999999645,46.999999999999645,39.999999999999289,7.1699999999999715,569.00000000000068,SSLW,model_assisted_not_ground_truth,0,0,0,0,0,0,0,0,0,0,0
16.38,0,27.000000000000711,26.000000000000355,29.999999999998934,140.00000000000037,49.999999999999645,47.000000000000355,39.000000000000711,7.0199999999999463,548.99999999999295,SSLW,model_assisted_not_ground_truth,0,0,0,0,0,0,0,0,0,0,0
16.39,0,29.000000000005684,27,27.000000000004263,141.00000000000284,49,48,41.000000000001421,6.8700000000001991,529.00000000009243,SSLW,model_assisted_not_ground_truth,0,0,0,0,0,0,0,0,0,0,0
16.40,0,33.000000000008527,27.000000000004263,30.000000000004263,143.00000000001918,49,47.999999999997868,42,7.0100000000001064,594.00000000000216,SSLW,model_assisted_not_ground_truth,0,0,0,0,0,0,0,0,0,0,0
16.41,0,37.000000000009592,29,32.000000000003197,152.00000000000961,49,47.000000000003197,42.000000000003197,7.0599999999999357,595.00000000001603,SSLW,model_assisted_not_ground_truth,0,0,0,0,0,0,0,0,0,0,0
16.42,0,40.000000000102318,29.000000000004263,33.000000000008527,155.00000000005116,49.000000000008527,48.00000000001279,43.000000000068212,7.0400000000003411,600.000000000162,SSLW,model_assisted_not_ground_truth,0,0,0,0,0,0,0,0,0,0,0
16.43,0,64.000000000303402,30,35,167.00000000012434,51.000000000024869,51.000000000004974,59.000000000049738,7.1199999999996022,638.00000000012437,SSLW,model_assisted_not_ground_truth,0,0,0,0,0,0,0,0,0,0,0
16.44,0,125.00000000035634,30.000000000018119,35.00000000000604,192.00000000009058,56.000000000060396,52.000000000018119,69.000000000126832,7.0399999999994565,663.00000000015098,SSLW,model_assisted_not_ground_truth,0,0,0,0,0,0,0,0,0,0,0
16.45,0,183.99999999972749,32.999999999986144,35.999999999995381,206.99999999993071,65.999999999953815,54.999999999986144,89.999999999903011,6.9499999999997977,688.00000000011471,SSLW,model_assisted_not_ground_truth,0,0,0,0,0,0,0,0,0,0,0
16.46,0,222.99999999986144,33.999999999996447,36.999999999996447,219.99999999995381,66.999999999996447,69.999999999946709,112.99999999991829,6.9199999999997654,705.0000000001329,SSLW,model_assisted_not_ground_truth,0,0,0,0,0,0,0,0,0,0,0
16.47,0,257.99999999990052,34,38.999999999994316,243.99999999993179,75.99999999997442,79.999999999971578,144.99999999990905,6.8900000000003407,722.00000000011084,SSLW,model_assisted_not_ground_truth,0,0,0,0,0,0,0,0,0,0,0
16.48,12.999999999976907,290.99999999994139,33.000000000001776,40.999999999996447,261.99999999996805,118.99999999992362,91.999999999978684,147.99999999999466,6.9299999999999287,734.99999999997692,SSLW,model_assisted_not_ground_truth,0,0,0,0,0,0,0,0,0,0,0
16.49,16.999999999997158,315.99999999998226,34.999999999998579,42.999999999998579,280.99999999998647,137.9999999999865,101.99999999999289,152.99999999999645,6.9899999999999576,745.99999999999216,SSLW,model_assisted_not_ground_truth,0,0,0,0,0,0,0,0,0,0,0
16.50,72,327,34,44,286,151,113,152,6.9199999999999999,745,SSLW,model_assisted_not_ground_truth,0,0,0,0,0,0,0,0,0,0,0
16.51,78.999999999997868,332.00000000000642,34.999999999998934,45.000000000001066,278.99999999999682,156.00000000000961,107.99999999999467,143.99999999999147,7.0300000000001814,725.00000000001603,SSLW,model_assisted_not_ground_truth,0,0,0,0,0,0,0,0,0,0,0
16.52,76.999999999994671,338.00000000001245,34,46.000000000001776,275.99999999999642,165.00000000000355,103,135.99999999996803,7.2000000000001068,740.00000000001955,SSLW,model_assisted_not_ground_truth,0,0,0,0,0,0,0,0,0,0,0
16.53,74,345.00000000000853,34.000000000002842,47.000000000031264,274.00000000000568,167.00000000000568,103.00000000000853,118.00000000000284,7.2600000000001703,751.00000000003126,SSLW,model_assisted_not_ground_truth,0,0,0,0,0,0,0,0,0,0,0
16.54,74.000000000024869,348.00000000001421,35.000000000003553,58.000000000042633,276.00000000002132,168.99999999997868,105.99999999999645,119.00000000004263,7.3199999999999292,761.99999999994316,SSLW,model_assisted_not_ground_truth,0,0,0,0,0,0,0,0,0,0,0
16.55,81.000000000050804,352.00000000004155,35.999999999990763,70.000000000004619,282.00000000002774,162.99999999999076,104.99999999998614,131.00000000001387,7.2999999999991685,746.00000000009243,SSLW,model_assisted_not_ground_truth,0,0,0,0,0,0,0,0,0,0,0
16.56,92.000000000063949,361.00000000001063,34.000000000010658,70.999999999989342,288.00000000001597,161.00000000001066,101.99999999998934,134.00000000002663,7.1199999999998935,765.99999999996805,SSLW,model_assisted_not_ground_truth,0,0,0,0,0,0,0,0,0,0,0
16.57,103.99999999994031,362.99999999999005,35.999999999990052,69.000000000009948,290.99999999998511,162.99999999999005,100.00000000000995,138.99999999997513,7.1000000000028773,760.00000000040291,SSLW,model_assisted_not_ground_truth,0,0,0,0,0,0,0,0,0,0,0
16.58,111.99999999996874,363,36.999999999996092,48.000000000082068,292.99999999999216,161.00000000000782,91.000000000035172,136.00000000001171,7.5499999999941059,822.99999999951501,SSLW,model_assisted_not_ground_truth,0,0,0,0,0,0,0,0,0,0,0
16.59,112,360.00000000000961,35.000000000006395,48,288.00000000001597,157.00000000001279,84.000000000022382,126.00000000003197,6.7600000000029414,757.99999999982026,SSLW,model_assisted_not_ground_truth,0,0,0,0,0,0,0,0,0,0,0
16.60,109.00000000000639,352.00000000001705,35,48,282.00000000001279,150.00000000001492,81.000000000006395,113.00000000002771,7.1199999999992327,736.00000000004684,SSLW,model_assisted_not_ground_truth,0,0,0,0,0,0,0,0,0,0,0
16.61,96.000000000018474,340.00000000001705,35,46.000000000002842,277.00000000000711,146.00000000000568,79.000000000002842,97.000000000022737,7.1299999999999857,732.00000000000568,SSLW,model_assisted_not_ground_truth,0,0,0,0,0,0,0,0,0,0,0
16.62,81.000000000005329,330.00000000000352,35.999999999999645,46,271.00000000000216,144.00000000000071,74.000000000001776,85.000000000004263,7.1399999999999961,728.00000000000136,SSLW,model_assisted_not_ground_truth,0,0,0,0,0,0,0,0,0,0,0
16.63,64.999999999990408,317.999999999995,34.000000000000711,47,263,145.00000000000037,73,79.999999999999289,7.4100000000000144,736.99999999999818,SSLW,model_assisted_not_ground_truth,0,0,0,0,0,0,0,0,0,0,0
16.64,37.999999999981526,303.99999999999147,35.999999999998579,47,262.99999999999858,146,72.999999999998579,78,7.4499999999995881,731.99999999993884,SSLW,model_assisted_not_ground_truth,0,0,0,0,0,0,0,0,0,0,0
16.65,24.999999999985079,297.99999999998931,35.000000000002132,47,261.99999999998931,146,71.999999999997868,77.999999999997868,7.1600000000001067,688.99999999997442,SSLW,model_assisted_not_ground_truth,0,0,0,0,0,0,0,0,0,0,0
16.66,17.999999999942446,292.99999999991365,35.999999999996803,46.999999999996803,256.99999999999358,145.99999999995842,71,76.999999999980815,7.2099999999985291,676.99999999990723,SSLW,model_assisted_not_ground_truth,0,0,0,0,0,0,0,0,0,0,0
16.67,4.2632564145644785e-12,265.99999999995737,35.000000000004263,46,254.99999999997868,132.99999999997442,71,70.999999999948841,6.7500000000045191,648.00000000020896,SSLW,model_assisted_not_ground_truth,0,0,0,0,0,0,0,0,0,0,0
16.68,1.0000000000049738,255.99999999994529,36,45.999999999995026,249.99999999996021,126.99999999996518,71,58.99999999996021,7.8100000000000493,696.99999999998511,SSLW,model_assisted_not_ground_truth,0,0,0,0,0,0,0,0,0,0,0
16.69,1.9999999999939604,244.99999999996376,36.00000000000604,45,241.99999999997584,119.9999999999396,70.99999999999396,50.999999999963762,7.8200000000000607,693.99999999998192,SSLW,model_assisted_not_ground_truth,0,0,0,0,0,0,0,0,0,0,0
16.70,1.0000000000046185,239.00000000002771,36.999999999995381,45,238.00000000001847,110.00000000004619,70.000000000004619,45.000000000027711,7.8300000000004726,690.99999999990553,SSLW,model_assisted_not_ground_truth,0,0,0,0,0,0,0,0,0,0,0
16.71,3.5527136788005009e-12,227.00000000004263,34.000000000010658,45,232.00000000002132,102.00000000002842,70,45,7.8999999999996096,677.00000000014848,SSLW,model_assisted_not_ground_truth,0,0,0,0,0,0,0,0,0,0,0
16.72,1.9999999999943157,211.00000000004547,35.999999999994316,45,228.00000000001137,73.000000000082423,69.000000000002842,44.000000000002842,7.8500000000006818,695.99999999994884,SSLW,model_assisted_not_ground_truth,0,0,0,0,0,0,0,0,0,0,0
16.73,3.5527136788005009e-12,201.00000000001776,37.999999999996447,45,227.00000000000176,73,69,44,7.9299999999998576,690.00000000001069,SSLW,model_assisted_not_ground_truth,0,0,0,0,0,0,0,0,0,0,0
16.74,0,189.00000000000853,37.000000000000711,45,226.00000000000071,72.000000000000711,68.000000000000711,44,8.4399999999996371,707.99999999998727,SSLW,model_assisted_not_ground_truth,0,0,0,0,0,0,0,0,0,0,0
16.75,0,174,38,45,227,72,68,44,8.4600000000000009,702,SSLW,model_assisted_not_ground_truth,0,0,0,0,0,0,0,0,0,0,0
16.76,0,150.99999999998082,38.999999999998934,45,224.99999999999892,71.999999999998934,67.999999999998934,42.999999999998934,8.2700000000000156,735.99999999999784,SSLW,model_assisted_not_ground_truth,0,0,0,0,0,0,0,0,0,0,0
16.77,0,132.99999999992895,38.000000000003553,45,223.99999999999645,71,67,41.999999999998224,8.2850000000000268,733.99999999999648,SSLW,model_assisted_not_ground_truth,0,0,0,0,0,0,0,0,0,0,0
16.78,0,92.999999999954525,39.999999999997158,45,221.99999999999432,71,67.000000000002842,40.999999999997158,8.2999999999998586,731.9999999999801,SSLW,model_assisted_not_ground_truth,0,0,0,0,0,0,0,0,0,0,0
16.79,0,76.999999999971578,39.000000000003553,45,219.99999999999645,70.999999999996447,68,40,8.2500000000001066,725.00000000001421,SSLW,model_assisted_not_ground_truth,0,0,0,0,0,0,0,0,0,0,0
16.80,0,68.999999999926104,39.999999999990763,44.999999999995381,218.99999999998153,70,67.999999999995381,40,8.2799999999951961,728.99999999973215,SSLW,model_assisted_not_ground_truth,0,0,0,0,0,0,0,0,0,0,0
16.81,0,52.999999999946709,38,44,214.99999999998403,69.999999999994671,67,40,7.2400000000058089,671.00000000038904,SSLW,model_assisted_not_ground_truth,0,0,0,0,0,0,0,0,0,0,0
16.82,0,43.000000000049738,38,44,212.00000000001492,69.000000000004974,67,40,8.3300000000008954,743.99999999980173,SSLW,model_assisted_not_ground_truth,0,0,0,0,0,0,0,0,0,0,0
16.83,0,36.000000000027356,37.000000000003908,44,211.00000000000392,69,67,39.000000000003908,8.4700000000000006,713.00000000052228,SSLW,model_assisted_not_ground_truth,0,0,0,0,0,0,0,0,0,0,0
16.84,0,35.000000000003197,37.999999999996803,44,210.00000000000318,69,67,39.999999999996803,8.4699999999997146,782.99999999996328,SSLW,model_assisted_not_ground_truth,0,0,0,0,0,0,0,0,0,0,0
16.85,0,35,38,44,204.00000000001279,69,67,39.000000000002132,8.4349999999998762,778.49999999998397,SSLW,model_assisted_not_ground_truth,0,0,0,0,0,0,0,0,0,0,0
16.86,0,34.000000000001421,38,44,203.00000000000142,68.000000000001421,67,38.000000000001421,8.4000000000000501,774.00000000000637,SSLW,model_assisted_not_ground_truth,0,0,0,0,0,0,0,0,0,0,0
16.87,0,33.000000000000355,37.000000000000355,44.999999999999645,203.99999999999966,65.000000000001066,68.999999999999289,38,8.4099999999999966,767.0000000000025,SSLW,model_assisted_not_ground_truth,0,0,0,0,0,0,0,0,0,0,0
16.88,0,29,38.999999999999645,44,201.99999999999929,64,70.000000000000355,38,9.040000000000024,804.99999999999534,SSLW,model_assisted_not_ground_truth,0,0,0,0,0,0,0,0,0,0,0
16.89,0,28.999999999998579,38.000000000001421,43.999999999998579,200.00000000000142,64,71,38,9.1100000000001131,791.99999999995873,SSLW,model_assisted_not_ground_truth,0,0,0,0,0,0,0,0,0,0,0
16.90,0,28.000000000002132,39,43.000000000002132,201.00000000000213,64.000000000004263,71.000000000004263,38,9.1899999999997863,763.00000000015984,SSLW,model_assisted_not_ground_truth,0,0,0,0,0,0,0,0,0,0,0
16.91,0,29,39,44,202.00000000000639,66,73.000000000003197,38.00000000001279,9.0900000000001278,837.99999999998079,SSLW,model_assisted_not_ground_truth,0,0,0,0,0,0,0,0,0,0,0
16.92,0,28.999999999995737,39,44,204.00000000000426,66,74.000000000004263,41.999999999995737,9.1299999999998089,831.99999999996589,SSLW,model_assisted_not_ground_truth,0,0,0,0,0,0,0,0,0,0,0
16.93,0,28,39.000000000004974,44,205.0000000000199,66.000000000009948,75,41.000000000004974,9.084999999999777,823.99999999996021,SSLW,model_assisted_not_ground_truth,0,0,0,0,0,0,0,0,0,0,0
16.94,0,27.99999999999396,39.99999999999396,44.00000000000604,208.99999999998792,67.99999999999396,75.000000000012079,41.99999999999396,9.0400000000004219,816.00000000007253,SSLW,model_assisted_not_ground_truth,0,0,0,0,0,0,0,0,0,0,0
16.95,0,27.000000000004619,39.000000000004619,44.999999999995381,207.00000000000924,67.000000000004619,76.999999999990763,41.000000000004619,9.1099999999998644,827.99999999983129,SSLW,model_assisted_not_ground_truth,0,0,0,0,0,0,0,0,0,0,0
16.96,0,26.000000000003553,39,45,209.99999999998934,67.999999999996447,77,41.999999999996447,9.0900000000010941,803.00000000002342,SSLW,model_assisted_not_ground_truth,0,0,0,0,0,0,0,0,0,0,0
16.97,0,25.000000000002842,38.000000000002842,44.000000000002842,210,69.999999999994316,79.999999999991473,42.999999999997158,9.2300000000011089,806.00000000003411,SSLW,model_assisted_not_ground_truth,0,0,0,0,0,0,0,0,0,0,0
16.98,0,25.999999999998224,38.999999999998224,44.999999999998224,211.99999999999645,71.999999999996447,86.999999999987566,43.999999999998224,9.3599999999997685,809.99999999999295,SSLW,model_assisted_not_ground_truth,0,0,0,0,0,0,0,0,0,0,0
16.99,0,26.999999999999289,40.999999999998579,45.999999999999289,214.99999999999787,72,93.999999999995026,44,9.5799999999998438,794.00000000001137,SSLW,model_assisted_not_ground_truth,0,0,0,0,0,0,0,0,0,0,0
17.00,0,29,43,46,219,77,111,53,9.6600000000000001,840,SSLW,model_assisted_not_ground_truth,0,0,0,0,0,0,0,0,0,0,0
17.01,0,27.999999999998934,43.999999999998934,46,221,85.000000000010658,116.00000000000533,56.000000000002132,9.7000000000000419,837.49999999999739,SSLW,model_assisted_not_ground_truth,0,0,0,0,0,0,0,0,0,0,0
17.02,0,27.000000000003553,43.000000000001776,46,221,95.000000000007105,121.00000000000888,58.000000000001776,9.7400000000002489,835.00000000003195,SSLW,model_assisted_not_ground_truth,0,0,0,0,0,0,0,0,0,0,0
17.03,0,29.000000000002842,44.000000000002842,46.000000000002842,220.99999999999147,99.000000000005684,126.00000000000853,59.000000000011369,9.8800000000022177,852.999999999784,SSLW,model_assisted_not_ground_truth,0,0,0,0,0,0,0,0,0,0,0
17.04,0,30,45.000000000010658,46.999999999996447,218,101.00000000001421,129.00000000000711,63.000000000014211,10.660000000002807,776.9999999997442,SSLW,model_assisted_not_ground_truth,0,0,0,0,0,0,0,0,0,0,0
17.05,0,30.000000000004619,48,46,218,104.99999999999076,130.99999999999076,67.000000000018474,11.449999999999999,704.99999999986608,SSLW,model_assisted_not_ground_truth,0,0,0,0,0,0,0,0,0,0,0
17.06,0,31,48.000000000063949,46,218,103,128.99999999995737,71.000000000010658,11.450000000000585,675.99999999998397,SSLW,model_assisted_not_ground_truth,0,0,0,0,0,0,0,0,0,0,0
17.07,0,31,59.999999999940314,46,218,103,121.00000000003979,72.999999999990052,11.559999999999809,672.99999999989768,SSLW,model_assisted_not_ground_truth,0,0,0,0,0,0,0,0,0,0,0
17.08,0,31.999999999996092,63.999999999984368,45.000000000003908,218,102.00000000000391,108.0000000000508,74.999999999992184,11.530000000000522,657.00000000012312,SSLW,model_assisted_not_ground_truth,0,0,0,0,0,0,0,0,0,0,0
17.09,0,32,62.000000000006395,45,218.99999999999682,100.00000000000639,100.00000000002558,78.99999999998721,11.600000000000174,673.50000000004104,SSLW,model_assisted_not_ground_truth,0,0,0,0,0,0,0,0,0,0,0
17.10,0,32,61.000000000002132,45,214.00000000001066,89.000000000023448,95.000000000010658,79,11.669999999999851,689.99999999996487,SSLW,model_assisted_not_ground_truth,0,0,0,0,0,0,0,0,0,0,0
17.11,0,31.000000000001421,48.000000000018474,44.000000000001421,204.00000000001421,71.00000000002558,86.00000000001279,77.000000000002842,11.679999999999986,690,SSLW,model_assisted_not_ground_truth,0,0,0,0,0,0,0,0,0,0,0
17.12,0,30.000000000000355,44.000000000001421,44.999999999999645,201.00000000000108,67.000000000001421,76.000000000003553,73.000000000001421,11.630000000000019,695.99999999999784,SSLW,model_assisted_not_ground_truth,0,0,0,0,0,0,0,0,0,0,0
17.13,0,29,43.999999999998579,43.999999999999289,187.99999999999076,64.999999999998224,67.99999999999396,67.999999999991829,10.820000000000089,681.99999999997863,SSLW,model_assisted_not_ground_truth,0,0,0,0,0,0,0,0,0,0,0
17.14,0,29.000000000001421,39.999999999991473,41.999999999995737,161.99999999998437,59.999999999990052,50.999999999995737,44.999999999995737,11.06999999999946,622.00000000004263,SSLW,model_assisted_not_ground_truth,0,0,0,0,0,0,0,0,0,0,0
17.15,0,30.000000000002487,33.999999999997513,38.999999999995026,151.0000000000025,53,48,41.999999999990052,10.689999999999863,651.99999999996396,SSLW,model_assisted_not_ground_truth,0,0,0,0,0,0,0,0,0,0,0
17.16,0,31,33.000000000003197,36.999999999996803,151.99999999998082,52.999999999996803,48,37.999999999996803,10.634999999999824,637.49999999995362,SSLW,model_assisted_not_ground_truth,0,0,0,0,0,0,0,0,0,0,0
17.17,0,30.999999999991473,33.999999999991473,35.99999999998721,145.99999999998295,51.999999999991473,47.999999999991473,37,10.580000000001023,622.99999999963757,SSLW,model_assisted_not_ground_truth,0,0,0,0,0,0,0,0,0,0,0
17.18,0,29.000000000009948,32.000000000004974,33,141.99999999998508,50,45.999999999995026,37,10.819999999998259,537.99999999991542,SSLW,model_assisted_not_ground_truth,0,0,0,0,0,0,0,0,0,0,0
17.19,0,30.99999999999396,32.99999999999396,33,138.99999999991545,49.99999999999396,45,37,10.469999999998612,520.99999999990337,SSLW,model_assisted_not_ground_truth,0,0,0,0,0,0,0,0,0,0,0
17.20,0,30.000000000004619,32.000000000004619,33,125.00000000006466,49.000000000004619,45,37,10.239999999998178,504.999999999838,SSLW,model_assisted_not_ground_truth,0,0,0,0,0,0,0,0,0,0,0
17.21,0,30.999999999996447,33.999999999992895,32.000000000003553,125.99999999999645,49.999999999996447,46.999999999992895,36.000000000003553,9.9699999999960927,481.00000000014853,SSLW,model_assisted_not_ground_truth,0,0,0,0,0,0,0,0,0,0,0
17.22,0,29.000000000005684,33.000000000002842,32,121.00000000001421,50,47,34.000000000005684,9.4699999999896836,500.0000000008697,SSLW,model_assisted_not_ground_truth,0,0,0,0,0,0,0,0,0,0,0
17.23,0,29.999999999998224,33,31.000000000001776,118.00000000000533,47.000000000005329,47,34,8.2600000000021492,601.99999999981878,SSLW,model_assisted_not_ground_truth,0,0,0,0,0,0,0,0,0,0,0
17.24,0,30.999999999999289,33,30.000000000000711,115.00000000000213,47,45.000000000001421,34,8.1550000000000757,603.99999999999864,SSLW,model_assisted_not_ground_truth,0,0,0,0,0,0,0,0,0,0,0
17.25,0,30,33,30,111,47,46,33,8.0500000000000007,606,SSLW,model_assisted_not_ground_truth,0,0,0,0,0,0,0,0,0,0,0
17.26,0,29.000000000001066,33,30,119.99999999999893,46.999999999998934,45.999999999998934,33,7.1400000000001382,538.0000000000075,SSLW,model_assisted_not_ground_truth,0,0,0,0,0,0,0,0,0,0,0
17.27,0,29.999999999996447,33,30,118.99999999999645,46,45.000000000001776,33,7.2700000000000351,544.99999999999818,SSLW,model_assisted_not_ground_truth,0,0,0,0,0,0,0,0,0,0,0
17.28,0,27.999999999997158,32.999999999997158,30.000000000002842,116.99999999999432,46,46,33.000000000002842,7.2899999999999432,543.99999999999432,SSLW,model_assisted_not_ground_truth,0,0,0,0,0,0,0,0,0,0,0
17.29,0,26.999999999996447,32,30.999999999996447,115.00000000000711,46,46,33.999999999996447,7.2699999999991114,541.99999999990405,SSLW,model_assisted_not_ground_truth,0,0,0,0,0,0,0,0,0,0,0
17.30,0,25.999999999990763,31.999999999995381,30,116.99999999998614,46,46,33,7.0199999999985678,514.99999999993076,SSLW,model_assisted_not_ground_truth,0,0,0,0,0,0,0,0,0,0,0
17.31,0,23.999999999994671,31.000000000005329,30.000000000005329,114.00000000002132,46,46,33.000000000005329,6.7100000000000533,499.99999999999466,SSLW,model_assisted_not_ground_truth,0,0,0,0,0,0,0,0,0,0,0
17.32,0,23.000000000004974,31.999999999995026,30.999999999995026,117.9999999999801,46,46,33.999999999995026,6.7199999999999038,499.00000000015666,SSLW,model_assisted_not_ground_truth,0,0,0,0,0,0,0,0,0,0,0
17.33,0,23,31.000000000003908,31,118,46,46,34,6.7049999999998882,523.50000000018281,SSLW,model_assisted_not_ground_truth,0,0,0,0,0,0,0,0,0,0,0
17.34,0,23,31.999999999996803,31,119.99999999999361,46,46,34,6.6900000000012261,547.99999999991826,SSLW,model_assisted_not_ground_truth,0,0,0,0,0,0,0,0,0,0,0
17.35,0,18.000000000010658,31.000000000002132,29.000000000004263,118.00000000000426,46,46,34,6.8399999999996801,538.00000000002137,SSLW,model_assisted_not_ground_truth,0,0,0,0,0,0,0,0,0,0,0
17.36,0,18,30.000000000001421,30.999999999997158,117.00000000000142,46,46,34,7.2099999999994742,505.0000000000469,SSLW,model_assisted_not_ground_truth,0,0,0,0,0,0,0,0,0,0,0
17.37,0,16.000000000000711,30.999999999999645,31,117,46,46,34,7.0300000000000642,566.99999999997794,SSLW,model_assisted_not_ground_truth,0,0,0,0,0,0,0,0,0,0,0
17.38,0,15.999999999999289,30,31.000000000000355,113,45,46,35,6.9799999999999969,564.99999999999818,SSLW,model_assisted_not_ground_truth,0,0,0,0,0,0,0,0,0,0,0
17.39,0,14,30.000000000001421,32,113.00000000000142,45.000000000001421,46,35,6.9700000000000921,560.00000000000568,SSLW,model_assisted_not_ground_truth,0,0,0,0,0,0,0,0,0,0,0
17.40,0,14.000000000022382,31,32,113.99999999999254,46,46,35,7.0350000000001618,564.00000000001,SSLW,model_assisted_not_ground_truth,0,0,0,0,0,0,0,0,0,0,0
17.41,0,23.000000000006395,30.99999999998721,32.000000000003197,111.00000000001279,46,46,35,7.1000000000000636,568.00000000012153,SSLW,model_assisted_not_ground_truth,0,0,0,0,0,0,0,0,0,0,0
17.42,0,25.000000000004263,26.999999999995737,33,115,45.999999999995737,46.000000000004263,35,7.1199999999998722,605.9999999999701,SSLW,model_assisted_not_ground_truth,0,0,0,0,0,0,0,0,0,0,0
17.43,0,26.000000000004974,26.000000000014921,32.999999999995026,114.99999999999005,45.000000000004974,47,35,7.0900000000018402,599.00000000003479,SSLW,model_assisted_not_ground_truth,0,0,0,0,0,0,0,0,0,0,0
17.44,0,26.999999999963762,28.99999999999396,32,113.00000000001812,45.99999999999396,47,35.00000000000604,7.4599999999998792,605.99999999991542,SSLW,model_assisted_not_ground_truth,0,0,0,0,0,0,0,0,0,0,0
17.45,0,21.000000000027711,28.000000000004619,32,115.99999999998614,45.000000000004619,47,35.999999999995381,7.4399999999996629,591.99999999995953,SSLW,model_assisted_not_ground_truth,0,0,0,0,0,0,0,0,0,0,0
17.46,0,23.999999999989342,28,32,118.99999999998934,45.999999999996447,47,35.000000000003553,7.3900000000002732,586.00000000019929,SSLW,model_assisted_not_ground_truth,0,0,0,0,0,0,0,0,0,0,0
17.47,0,24.999999999997158,28.999999999997158,32,126.99999999997726,46,47,35.999999999997158,7.4250000000000993,611.50000000007253,SSLW,model_assisted_not_ground_truth,0,0,0,0,0,0,0,0,0,0,0
17.48,0,27.999999999994671,29,32,130.99999999999289,46,47,36,7.4599999999999378,636.99999999995475,SSLW,model_assisted_not_ground_truth,0,0,0,0,0,0,0,0,0,0,0
17.49,0,27.000000000000711,29,32,132.99999999999858,46,46.000000000000711,36,7.3700000000000641,631.00000000000432,SSLW,model_assisted_not_ground_truth,0,0,0,0,0,0,0,0,0,0,0
17.50,0,26,28,31,129,46,46,37,7.4100000000000001,637,SSLW,model_assisted_not_ground_truth,0,0,0,0,0,0,0,0,0,0,0
17.51,0,26.999999999998934,27.000000000001066,31.000000000001066,130.99999999999679,45,46,36.999999999997868,7.3200000000001815,619.0000000000299,SSLW,model_assisted_not_ground_truth,0,0,0,0,0,0,0,0,0,0,0
17.52,0,25.999999999996447,27.999999999998224,31.999999999994671,127.99999999998579,45,45.999999999998224,35.000000000003553,7.4899999999999292,647.00000000001069,SSLW,model_assisted_not_ground_truth,0,0,0,0,0,0,0,0,0,0,0
17.53,0,24,27,29,119.99999999998579,45.000000000002842,45,37,7.4499999999999433,652.99999999999432,SSLW,model_assisted_not_ground_truth,0,0,0,0,0,0,0,0,0,0,0
17.54,0,23.999999999996447,26.999999999996447,28.999999999996447,115,46,45,37,7.430000000000053,650.99999999998931,SSLW,model_assisted_not_ground_truth,0,0,0,0,0,0,0,0,0,0,0
17.55,0,22.999999999990763,25.999999999995381,27.999999999995381,114.99999999997691,46,45,37,7.4450000000000696,647.99999999998613,SSLW,model_assisted_not_ground_truth,0,0,0,0,0,0,0,0,0,0,0
17.56,0,21,24.999999999994671,27,109.9999999999627,45.999999999994671,45,37,7.4599999999996269,644.9999999999734,SSLW,model_assisted_not_ground_truth,0,0,0,0,0,0,0,0,0,0,0
17.57,0,21,24.000000000004974,27,103.00000000003482,45.000000000004974,45,37,7.3899999999987847,639.99999999996157,SSLW,model_assisted_not_ground_truth,0,0,0,0,0,0,0,0,0,0,0
17.58,0,21,24,27,101.00000000000782,45,45.999999999996092,37,7.2000000000000002,633.99999999995521,SSLW,model_assisted_not_ground_truth,0,0,0,0,0,0,0,0,0,0,0
17.59,0,21,24,27,99.000000000006395,45,44.000000000006395,36.000000000003197,7.2000000000017979,627.99999999945248,SSLW,model_assisted_not_ground_truth,0,0,0,0,0,0,0,0,0,0,0
17.60,0,22.999999999995737,24,26.000000000002132,99,45.999999999997868,45.999999999995737,36.999999999997868,7.419999999999531,561.00000000014279,SSLW,model_assisted_not_ground_truth,0,0,0,0,0,0,0,0,0,0,0
17.61,0,23,24,26.999999999998579,97.000000000002842,46.999999999998579,46,37,7.330000000000128,610.99999999992895,SSLW,model_assisted_not_ground_truth,0,0,0,0,0,0,0,0,0,0,0
17.62,0,25.999999999998934,23.000000000000355,27.999999999999645,97.999999999999645,46.000000000000355,46,35.000000000000711,7.3499999999999925,619.99999999999682,SSLW,model_assisted_not_ground_truth,0,0,0,0,0,0,0,0,0,0,0
17.63,0,25.999999999999645,24.000000000000355,27,99.000000000001066,46.000000000000355,46.000000000000355,37,7.3699999999999664,612.00000000000068,SSLW,model_assisted_not_ground_truth,0,0,0,0,0,0,0,0,0,0,0
17.64,0,25.000000000001421,25.000000000001421,27.000000000002842,102.00000000001279,47,46.999999999998579,36.999999999998579,7.2749999999998654,614.00000000000284,SSLW,model_assisted_not_ground_truth,0,0,0,0,0,0,0,0,0,0,0
17.65,0,26.000000000002487,26.000000000002487,29.000000000002487,111.00000000000249,47.000000000002487,46.000000000004974,36.000000000007461,7.1799999999994029,615.99999999994782,SSLW,model_assisted_not_ground_truth,0,0,0,0,0,0,0,0,0,0,0
17.66,0,27.000000000003197,27,30.000000000003197,112.00000000003837,48.000000000003197,48,39.000000000009592,6.9399999999997126,594.99999999994247,SSLW,model_assisted_not_ground_truth,0,0,0,0,0,0,0,0,0,0,0
17.67,0,28,27.000000000004263,31,124.00000000002132,49,48,42.000000000008527,6.8500000000011507,577.00000000010232,SSLW,model_assisted_not_ground_truth,0,0,0,0,0,0,0,0,0,0,0
17.68,0,28.000000000004974,28.000000000004974,31.000000000004974,129.00000000001492,49,48,44.000000000009948,7.1199999999997017,601.00000000004479,SSLW,model_assisted_not_ground_truth,0,0,0,0,0,0,0,0,0,0,0
17.69,0,29.000000000036238,29,32.00000000000604,132.00000000009663,49.00000000000604,48.00000000000604,46.000000000090594,7.0600000000004828,610.00000000004229,SSLW,model_assisted_not_ground_truth,0,0,0,0,0,0,0,0,0,0,0
17.70,0,34.999999999972289,29,32.999999999995381,147.9999999999261,49.999999999995381,48.999999999995381,60.999999999930722,7.1399999999999322,617.00000000006753,SSLW,model_assisted_not_ground_truth,0,0,0,0,0,0,0,0,0,0,0
17.71,0,44.999999999964473,29.999999999996447,33.999999999996447,154.99999999997513,50,51.999999999989342,83.999999999918288,7.1299999999999217,627.00000000007822,SSLW,model_assisted_not_ground_truth,0,0,0,0,0,0,0,0,0,0,0
17.72,0,75.999999999911893,30.999999999997158,34,175.99999999994031,56.999999999980105,66.999999999957367,91.999999999977263,7.1199999999990622,637.000000000162,SSLW,model_assisted_not_ground_truth,0,0,0,0,0,0,0,0,0,0,0
17.73,0,159.99999999985079,31.999999999998224,34.999999999998224,197.99999999996092,66.999999999982236,84.999999999968026,103.99999999997868,7.0100000000001952,655.99999999996624,SSLW,model_assisted_not_ground_truth,0,0,0,0,0,0,0,0,0,0,0
17.74,0,209.99999999996447,33.999999999998579,35.999999999999289,214.99999999998792,68.999999999998579,98.999999999990052,113.99999999999289,6.9700000000000282,676.99999999998511,SSLW,model_assisted_not_ground_truth,0,0,0,0,0,0,0,0,0,0,0
17.75,0,249,32,38,244,85,106,144,6.7999999999999998,698,SSLW,model_assisted_not_ground_truth,0,0,0,0,0,0,0,0,0,0,0
17.76,11.000000000005329,272.00000000002024,35,41.000000000003197,270.00000000002348,127.00000000002878,118.00000000001172,161.00000000001174,6.7500000000001172,717.00000000000534,SSLW,model_assisted_not_ground_truth,0,0,0,0,0,0,0,0,0,0,0
17.77,16.000000000099476,291.00000000004621,35,44.000000000005329,292.00000000000711,154.00000000002487,129.00000000002666,172.000000000016,6.8600000000000891,722.00000000001239,SSLW,model_assisted_not_ground_truth,0,0,0,0,0,0,0,0,0,0,0
17.78,72.000000000031264,317.00000000002842,35.000000000005684,47.000000000002842,296.00000000000284,168.00000000001705,143.99999999999432,180.99999999997726,6.9100000000001423,729.0000000000199,SSLW,model_assisted_not_ground_truth,0,0,0,0,0,0,0,0,0,0,0
17.79,82.999999999989342,327.00000000002132,36.999999999992895,48.000000000021316,296.99999999998579,174.00000000003908,142.00000000000711,173.00000000000355,6.9600000000001065,735.99999999996805,SSLW,model_assisted_not_ground_truth,0,0,0,0,0,0,0,0,0,0,0
17.80,79.999999999972289,333.00000000004621,35.000000000004619,54.000000000106226,293,185.00000000008313,144.00000000000924,173.99999999987068,6.9900000000005544,726.99999999999534,SSLW,model_assisted_not_ground_truth,0,0,0,0,0,0,0,0,0,0,0
17.81,74.000000000026645,343.00000000004798,36.000000000005329,77.000000000021316,293.00000000002666,203.00000000006395,146,145.99999999998934,7.1100000000006398,725.99999999990939,SSLW,model_assisted_not_ground_truth,0,0,0,0,0,0,0,0,0,0,0
17.82,78.999999999975131,351.99999999995521,36.999999999995026,80.999999999980105,297.9999999999751,214.99999999994031,146,144.00000000000995,7.2300000000006399,709.00000000007674,SSLW,model_assisted_not_ground_truth,0,0,0,0,0,0,0,0,0,0,0
17.83,88.99999999996092,358.99999999997266,36.000000000003908,84.999999999984368,297.00000000000392,216.99999999999218,147.99999999999218,151.99999999996874,7.33000000000097,720.99999999992542,SSLW,model_assisted_not_ground_truth,0,0,0,0,0,0,0,0,0,0,0
17.84,100.99999999996163,369.99999999996481,36.999999999996803,90.999999999980815,305.99999999997124,216.00000000000318,147.00000000000318,167.99999999994884,7.4599999999970583,711.00000000008993,SSLW,model_assisted_not_ground_truth,0,0,0,0,0,0,0,0,0,0,0
17.85,108.99999999998295,372.99999999999363,37.999999999997868,93.999999999993605,307.99999999999574,216.99999999999787,144.00000000000639,180.99999999997229,7.100000000000767,721.99999999997658,SSLW,model_assisted_not_ground_truth,0,0,0,0,0,0,0,0,0,0,0
17.86,117.99999999998721,373,39.999999999997158,91.000000000004263,307.00000000000142,205.00000000001705,142.00000000000284,176.00000000000711,6.9200000000002557,685.00000000005252,SSLW,model_assisted_not_ground_truth,0,0,0,0,0,0,0,0,0,0,0
17.87,120.99999999999893,372.00000000000034,41.999999999999289,88.000000000001066,307.99999999999966,195.00000000000355,140.00000000000071,162.00000000000497,7.6599999999997372,759.49999999997351,SSLW,model_assisted_not_ground_truth,0,0,0,0,0,0,0,0,0,0,0
17.88,120.99999999999716,367.99999999999466,39.999999999999645,73.999999999992539,305.99999999999858,188.99999999999679,130.99999999999645,151.99999999999147,8.4000000000000536,833.99999999999682,SSLW,model_assisted_not_ground_truth,0,0,0,0,0,0,0,0,0,0,0
17.89,112.99999999998579,352.99999999998579,39,52.999999999992895,301.99999999999289,180,120.99999999999574,127.9999999999801,8.5499999999998444,825.00000000000568,SSLW,model_assisted_not_ground_truth,0,0,0,0,0,0,0,0,0,0,0
17.90,102.99999999996021,342.99999999997266,38.999999999995026,48,296.99999999998755,180,117.99999999998757,113.99999999999751,8.4400000000002731,829.00000000011937,SSLW,model_assisted_not_ground_truth,0,0,0,0,0,0,0,0,0,0,0
17.91,86.999999999945643,331.99999999997442,37.000000000003197,48.00000000001279,292.00000000000642,180.00000000000639,113.0000000000032,112.99999999999361,8.5499999999998089,876.99999999994247,SSLW,model_assisted_not_ground_truth,0,0,0,0,0,0,0,0,0,0,0
17.92,69.999999999880629,323.99999999993605,37.999999999995737,52.000000000038369,293.99999999999574,182.00000000000853,113.99999999999574,111,8.4900000000006397,859.00000000002137,SSLW,model_assisted_not_ground_truth,0,0,0,0,0,0,0,0,0,0,0
17.93,41.99999999996021,308.99999999996515,37,61.000000000009948,293,184,113,110.99999999999503,8.6399999999997519,863.99999999986574,SSLW,model_assisted_not_ground_truth,0,0,0,0,0,0,0,0,0,0,0
17.94,33.999999999909406,301.99999999992752,37.000000000012079,62.999999999927525,293.00000000000603,183.99999999997584,113,109.99999999997584,8.5900000000000603,836.99999999993054,SSLW,model_assisted_not_ground_truth,0,0,0,0,0,0,0,0,0,0,0
17.95,19.000000000069278,290.00000000005542,38.999999999990763,51.000000000055422,293.9999999999954,180.00000000001847,113,106.00000000001847,8.6000000000000671,825.49999999992235,SSLW,model_assisted_not_ground_truth,0,0,0,0,0,0,0,0,0,0,0
17.96,7.0000000000426326,275.00000000005332,40.999999999992895,49.000000000007105,291.00000000001069,174.00000000002132,112.00000000000355,103.00000000001066,8.6100000000010937,814.00000000039859,SSLW,model_assisted_not_ground_truth,0,0,0,0,0,0,0,0,0,0,0
17.97,1.000000000017053,261.00000000003979,41.999999999997158,46.000000000008527,288.00000000000853,169.00000000001421,109.00000000000853,94.00000000002558,8.7500000000001705,864.99999999993179,SSLW,model_assisted_not_ground_truth,0,0,0,0,0,0,0,0,0,0,0
17.98,1.7763568394002505e-12,248.00000000002308,44.999999999994671,46.999999999998224,283.00000000000887,159.00000000001776,105.00000000000711,84.000000000017764,8.769999999999964,857.00000000001421,SSLW,model_assisted_not_ground_truth,0,0,0,0,0,0,0,0,0,0,0
17.99,0,212.00000000002558,43.000000000001421,47.999999999999289,272.00000000000784,139.00000000001421,92.000000000009237,77.000000000004974,8.700000000000049,838.00000000001353,SSLW,model_assisted_not_ground_truth,0,0,0,0,0,0,0,0,0,0,0
18.00,0,206,44.5,47.5,267.5,135.5,91.5,76.5,8.8300000000000001,853,SSLW,model_assisted_not_ground_truth,0,0,0,0,0,0,0,0,0,0,0
18.01,0,199.99999999996695,46.000000000001066,46.999999999998934,262.9999999999755,131.99999999997547,90.999999999997868,75.999999999984013,8.8499999999999783,847.99999999999045,SSLW,model_assisted_not_ground_truth,0,0,0,0,0,0,0,0,0,0,0
18.02,0,168.99999999994316,46.999999999996447,45.999999999998224,239.99999999998934,108.99999999996447,88.999999999991118,60.999999999989342,8.83000000000008,838.99999999999557,SSLW,model_assisted_not_ground_truth,0,0,0,0,0,0,0,0,0,0,0
18.03,0,136.99999999989484,45.000000000002842,45,233.99999999999432,88.999999999954525,83.999999999994316,54.999999999994316,8.8750000000001279,836.49999999999295,SSLW,model_assisted_not_ground_truth,0,0,0,0,0,0,0,0,0,0,0
18.04,0,99.999999999953815,45.999999999996447,45,231.99999999998579,72.999999999996447,81.999999999992895,52.999999999968026,8.9200000000006039,834.00000000002842,SSLW,model_assisted_not_ground_truth,0,0,0,0,0,0,0,0,0,0,0
18.05,0,86.999999999935341,45,45,227.99999999999076,72,80,44,9.0900000000004155,841.99999999998147,SSLW,model_assisted_not_ground_truth,0,0,0,0,0,0,0,0,0,0,0
18.06,0,72.999999999904077,45,45,226.00000000000531,72,79.999999999968026,43.999999999989342,9.1799999999978148,837.99999999991473,SSLW,model_assisted_not_ground_truth,0,0,0,0,0,0,0,0,0,0,0
18.07,0,55.000000000089528,45,45,226.99999999999503,72,74.000000000029843,42.000000000009948,8.7700000000008309,822.00000000010232,SSLW,model_assisted_not_ground_truth,0,0,0,0,0,0,0,0,0,0,0
18.08,0,43.000000000046896,45,44.000000000003908,223.00000000001563,71.000000000003908,74,37.00000000001954,8.9000000000002242,837.99999999998511,SSLW,model_assisted_not_ground_truth,0,0,0,0,0,0,0,0,0,0,0
18.09,0,36.000000000022382,43.000000000006395,44,222.00000000000318,70.000000000003197,71.000000000009592,41.999999999984013,8.9300000000002449,836.00000000001228,SSLW,model_assisted_not_ground_truth,0,0,0,0,0,0,0,0,0,0,0
18.10,0,35.000000000002132,41.000000000004263,43.000000000002132,222,69.000000000002132,70.000000000002132,42,8.9600000000001074,837.50000000000534,SSLW,model_assisted_not_ground_truth,0,0,0,0,0,0,0,0,0,0,0
18.11,0,35,40.000000000001421,42.000000000001421,217.00000000000711,65.000000000005684,68.000000000002842,42,8.9899999999999576,838.99999999999784,SSLW,model_assisted_not_ground_truth,0,0,0,0,0,0,0,0,0,0,0
18.12,0,35,39.000000000000355,42,217,61.000000000001421,61.000000000002487,42,9.0999999999999606,830.00000000000318,SSLW,model_assisted_not_ground_truth,0,0,0,0,0,0,0,0,0,0,0
18.13,0,32.999999999998224,38.999999999998934,44,216.99999999999787,59.999999999999645,53.999999999999645,39.000000000000711,9.2999999999999936,836.99999999999932,SSLW,model_assisted_not_ground_truth,0,0,0,0,0,0,0,0,0,0,0
18.14,0,28,36.000000000002842,43.999999999997158,210.99999999999574,59.000000000001421,52.999999999998579,41,9.2799999999997294,834.99999999997863,SSLW,model_assisted_not_ground_truth,0,0,0,0,0,0,0,0,0,0,0
18.15,0,28,38,42.000000000004974,208.00000000000747,59.999999999990052,52.000000000002487,40.999999999997513,9.0900000000002983,820.0000000000299,SSLW,model_assisted_not_ground_truth,0,0,0,0,0,0,0,0,0,0,0
18.16,0,28.000000000003197,37.999999999996803,43.999999999993605,211,56,53,40,9.2100000000001927,831.99999999998079,SSLW,model_assisted_not_ground_truth,0,0,0,0,0,0,0,0,0,0,0
18.17,0,29,36.999999999995737,42.000000000004263,211,56.000000000017053,53,39.999999999995737,9.2700000000000848,825.99999999990405,SSLW,model_assisted_not_ground_truth,0,0,0,0,0,0,0,0,0,0,0
18.18,0,29,36.000000000019895,43.000000000004974,211.00000000000995,60,53.000000000064659,39,9.2900000000000986,803.49999999988813,SSLW,model_assisted_not_ground_truth,0,0,0,0,0,0,0,0,0,0,0
18.19,0,29,40.00000000000604,43.99999999999396,213.00000000001208,60.00000000000604,66.000000000018119,39.00000000000604,9.3099999999998193,780.99999999995771,SSLW,model_assisted_not_ground_truth,0,0,0,0,0,0,0,0,0,0,0
18.20,0,29,40.999999999995381,43.000000000004619,214.99999999999076,60.999999999995381,68.999999999986144,39.999999999995381,9.2800000000009444,774.00000000004047,SSLW,model_assisted_not_ground_truth,0,0,0,0,0,0,0,0,0,0,0
18.21,0,29,40.000000000003553,43.999999999996447,209.00000000002132,61.999999999996447,71.999999999989342,40,9.420000000000547,779.99999999996089,SSLW,model_assisted_not_ground_truth,0,0,0,0,0,0,0,0,0,0,0
18.22,0,29,40.999999999997158,43.000000000002842,207.00000000000568,65.999999999988631,77.999999999982947,39.000000000002842,9.4899999999975275,774.99999999977831,SSLW,model_assisted_not_ground_truth,0,0,0,0,0,0,0,0,0,0,0
18.23,0,29.999999999998224,41,43.999999999998224,207.99999999999824,67.999999999996447,82.999999999991118,43.999999999991118,9.2000000000005144,749.00000000004616,SSLW,model_assisted_not_ground_truth,0,0,0,0,0,0,0,0,0,0,0
18.24,0,30,39.000000000001421,44,205.00000000000213,68,91.999999999993605,44.999999999999289,9.1600000000000286,724.00000000001774,SSLW,model_assisted_not_ground_truth,0,0,0,0,0,0,0,0,0,0,0
18.25,0,31,43,45,212,71,98,46,9.5899999999999999,670,SSLW,model_assisted_not_ground_truth,0,0,0,0,0,0,0,0,0,0,0
18.26,0,30.999999999995737,45.000000000001066,45,211.99999999999892,72.000000000009592,105.00000000001066,52.000000000006395,10.42000000000008,627.99999999998772,SSLW,model_assisted_not_ground_truth,0,0,0,0,0,0,0,0,0,0,0
18.27,0,27,46.000000000001776,44.999999999998224,211.00000000000534,81.000000000024869,115.00000000001421,58.000000000010658,10.495000000000132,616.49999999997954,SSLW,model_assisted_not_ground_truth,0,0,0,0,0,0,0,0,0,0,0
18.28,0,27.000000000005684,47.000000000002842,44.000000000005684,214.00000000000568,95.00000000003979,123.00000000003126,64.000000000011369,10.570000000000057,604.99999999997442,SSLW,model_assisted_not_ground_truth,0,0,0,0,0,0,0,0,0,0,0
18.29,0,29.000000000007105,48.000000000028422,46.000000000003553,216.00000000001776,109.00000000001421,134.00000000002132,68.000000000014211,10.590000000001634,595.99999999975125,SSLW,model_assisted_not_ground_truth,0,0,0,0,0,0,0,0,0,0,0
18.30,0,31.000000000004619,56.000000000046185,47,221.00000000000924,113.00000000006004,140.00000000002311,72.00000000003233,11.050000000000832,526.00000000005082,SSLW,model_assisted_not_ground_truth,0,0,0,0,0,0,0,0,0,0,0
18.31,0,32,66.000000000069278,47,223.00000000001597,126.00000000002132,145.00000000001066,79.000000000021316,11.23000000000112,536.9999999999734,SSLW,model_assisted_not_ground_truth,0,0,0,0,0,0,0,0,0,0,0
18.32,0,32,78.999999999935341,47,225.99999999998508,129.9999999999801,146.99999999999005,82.999999999980105,11.439999999998912,532.00000000010868,SSLW,model_assisted_not_ground_truth,0,0,0,0,0,0,0,0,0,0,0
18.33,0,32,82.999999999984368,47,227.99999999999218,131.99999999999218,149.99999999998829,78.00000000001954,11.269999999999477,548.99999999993656,SSLW,model_assisted_not_ground_truth,0,0,0,0,0,0,0,0,0,0,0
18.34,0,30.000000000006395,87.999999999984013,47,228.99999999999682,132.99999999999682,151.99999999999361,81.99999999998721,11.199999999999825,540.49999999997885,SSLW,model_assisted_not_ground_truth,0,0,0,0,0,0,0,0,0,0,0
18.35,0,31.999999999995737,85.000000000006395,47,229.99999999999787,133.99999999999787,152,87.99999999998721,11.13000000000015,532.00000000001808,SSLW,model_assisted_not_ground_truth,0,0,0,0,0,0,0,0,0,0,0
18.36,0,32.999999999998579,92.999999999988631,46.000000000001421,230,135.99999999999716,150.00000000000284,101.9999999999801,10.950000000000255,508.00000000003411,SSLW,model_assisted_not_ground_truth,0,0,0,0,0,0,0,0,0,0,0
18.37,0,33,92.000000000000355,46,230,136,147.00000000000108,113.99999999999574,10.790000000000056,492.00000000000568,SSLW,model_assisted_not_ground_truth,0,0,0,0,0,0,0,0,0,0,0
18.38,0,32.499999999999822,89.999999999999289,46.500000000000178,228.49999999999946,136,144.99999999999929,106.99999999999751,10.589999999999961,459.99999999999716,SSLW,model_assisted_not_ground_truth,0,0,0,0,0,0,0,0,0,0,0
18.39,0,32.000000000001421,87.999999999984368,47,227,135.99999999999289,142.99999999996021,99.999999999998579,10.479999999999787,451.99999999998437,SSLW,model_assisted_not_ground_truth,0,0,0,0,0,0,0,0,0,0,0
18.40,0,33,76.99999999992788,46.999999999992539,226.99999999995026,130.9999999998831,114.99999999992539,98.99999999996021,10.329999999999975,441.0000000000137,SSLW,model_assisted_not_ground_truth,0,0,0,0,0,0,0,0,0,0,0
18.41,0,32.999999999996803,47.99999999998721,44,206.99999999995842,83.999999999952038,84.999999999945643,82.999999999977618,10.319999999999968,446.50000000001756,SSLW,model_assisted_not_ground_truth,0,0,0,0,0,0,0,0,0,0,0
18.42,0,31.999999999995737,43.999999999982947,43.999999999991473,193.99999999991473,68.999999999982947,67.999999999927525,75.999999999880629,10.310000000000342,452.00000000000426,SSLW,model_assisted_not_ground_truth,0,0,0,0,0,0,0,0,0,0,0
18.43,0,31.000000000009948,39.999999999975131,41.999999999990052,173.99999999993534,64.99999999996021,50.999999999990052,47.999999999990052,10.389999999999155,452.99999999988557,SSLW,model_assisted_not_ground_truth,0,0,0,0,0,0,0,0,0,0,0
18.44,0,33,34.99999999999396,39.999999999987921,160.99999999994566,56.999999999975842,48.999999999987921,45.999999999963762,10.219999999999759,429.99999999989126,SSLW,model_assisted_not_ground_truth,0,0,0,0,0,0,0,0,0,0,0
18.45,0,33,34.000000000004619,38.000000000009237,152.00000000004155,53.000000000018474,47.000000000009237,40.000000000027711,10.179999999999527,411.99999999989876,SSLW,model_assisted_not_ground_truth,0,0,0,0,0,0,0,0,0,0,0
18.46,0,33.999999999996447,33.000000000003553,37.000000000003553,150.00000000000711,52.000000000003553,47.999999999996447,40,10.109999999999999,396.99999999993747,SSLW,model_assisted_not_ground_truth,0,0,0,0,0,0,0,0,0,0,0
18.47,0,32.000000000005684,33.999999999997158,36.000000000002842,150.99999999999716,51.000000000002842,47.000000000002842,39.000000000002842,10.109999999999957,388.99999999997016,SSLW,model_assisted_not_ground_truth,0,0,0,0,0,0,0,0,0,0,0
18.48,0,32.999999999998224,35.999999999996447,36,146.00000000000887,51.999999999998224,47,39,10.104999999999979,385.4999999999863,SSLW,model_assisted_not_ground_truth,0,0,0,0,0,0,0,0,0,0,0
18.49,0,33,35.000000000000711,35.000000000000711,141.00000000000355,51.000000000000711,46.000000000000711,38.000000000000711,10.100000000000003,382.0000000000025,SSLW,model_assisted_not_ground_truth,0,0,0,0,0,0,0,0,0,0,0
18.50,0,34,35,35,144,51,47,38,10.74,394,SSLW,model_assisted_not_ground_truth,0,0,0,0,0,0,0,0,0,0,0
18.51,0,34,33.999999999998934,35.000000000001066,140.99999999999787,50.999999999997868,45.999999999998934,36.999999999998934,9.8299999999987637,468.00000000016308,SSLW,model_assisted_not_ground_truth,0,0,0,0,0,0,0,0,0,0,0
18.52,0,34,33.000000000001776,35.999999999998224,139.00000000001066,49,45,36,8.669999999999396,621.00000000005502,SSLW,model_assisted_not_ground_truth,0,0,0,0,0,0,0,0,0,0,0
18.53,0,34,34,35,144.99999999998295,48.999999999997158,45,36,8.3299999999998011,651.99999999994031,SSLW,model_assisted_not_ground_truth,0,0,0,0,0,0,0,0,0,0,0
18.54,0,33.999999999996447,33.999999999996447,35.000000000003553,138.99999999999289,48,45,35.999999999996447,8.2599999999961273,630.99999999993247,SSLW,model_assisted_not_ground_truth,0,0,0,0,0,0,0,0,0,0,0
18.55,0,32.999999999995381,33,36,136.99999999996305,48,45.000000000009237,35,7.1700000000009698,612.00000000000466,SSLW,model_assisted_not_ground_truth,0,0,0,0,0,0,0,0,0,0,0
18.56,0,31.999999999989342,33,35.999999999994671,129.00000000001597,48,46.999999999994671,34.999999999994671,7.3800000000002663,612.99999999997863,SSLW,model_assisted_not_ground_truth,0,0,0,0,0,0,0,0,0,0,0
18.57,0,30.000000000009948,33,35.000000000004974,131.99999999998508,48,46.000000000004974,34.000000000004974,7.4300000000003195,608.99999999997442,SSLW,model_assisted_not_ground_truth,0,0,0,0,0,0,0,0,0,0,0
18.58,0,31.999999999992184,33.999999999996092,35,128.00000000001563,48,46.999999999996092,34.999999999996092,7.4800000000002242,605.00000000014927,SSLW,model_assisted_not_ground_truth,0,0,0,0,0,0,0,0,0,0,0
18.59,0,32,32.000000000006395,35,128.99999999999682,48,46.000000000003197,34.000000000003197,7.5099999999995095,625.000000000098,SSLW,model_assisted_not_ground_truth,0,0,0,0,0,0,0,0,0,0,0
18.60,0,31.000000000002132,32.999999999997868,35,129.99999999999787,47.000000000002132,45.000000000002132,34.999999999997868,7.4500000000001281,636.99999999997442,SSLW,model_assisted_not_ground_truth,0,0,0,0,0,0,0,0,0,0,0
18.61,0,27.000000000005684,32.000000000001421,35,130.99999999999858,47,45.999999999998579,35,7.300000000000213,626.00000000001569,SSLW,model_assisted_not_ground_truth,0,0,0,0,0,0,0,0,0,0,0
18.62,0,24.000000000001066,32,33.000000000000711,124.00000000000249,47,46,34.000000000000355,7.3999999999999648,633.99999999999716,SSLW,model_assisted_not_ground_truth,0,0,0,0,0,0,0,0,0,0,0
18.63,0,24.999999999998579,30,35,115.00000000000036,46,46,34,7.5099999999999927,650.9999999999975,SSLW,model_assisted_not_ground_truth,0,0,0,0,0,0,0,0,0,0,0
18.64,0,20.999999999995737,30.000000000001421,35,115.99999999999432,46,46,34.000000000001421,7.4899999999999718,644.00000000000432,SSLW,model_assisted_not_ground_truth,0,0,0,0,0,0,0,0,0,0,0
18.65,0,17.999999999997513,30.999999999995026,35,112.00000000000249,46,46,35,7.4699999999999509,647.0000000000075,SSLW,model_assisted_not_ground_truth,0,0,0,0,0,0,0,0,0,0,0
18.66,0,17,29.000000000006395,35,112.9999999999968,46,46,34.999999999996803,7.4500000000001281,649.99999999999363,SSLW,model_assisted_not_ground_truth,0,0,0,0,0,0,0,0,0,0,0
18.67,0,17,30.999999999991473,35,111.99999999997868,45.999999999995737,46,34,7.4900000000000428,647.99999999999147,SSLW,model_assisted_not_ground_truth,0,0,0,0,0,0,0,0,0,0,0
18.68,0,17,29.000000000009948,35,106.99999999999005,45,46,34.000000000004974,7.5000000000001492,645.9999999999801,SSLW,model_assisted_not_ground_truth,0,0,0,0,0,0,0,0,0,0,0
18.69,0,17.000000000012079,30.999999999987921,35,104.99999999998792,45,46,35,7.5299999999979468,641.99999999993963,SSLW,model_assisted_not_ground_truth,0,0,0,0,0,0,0,0,0,0,0
18.70,0,18.999999999990763,29.000000000009237,35,103.00000000000924,45,46,35,7.1900000000002029,631.99999999996624,SSLW,model_assisted_not_ground_truth,0,0,0,0,0,0,0,0,0,0,0
18.71,0,19.999999999996447,28.000000000003553,35,105.99999999998934,45,46,35,7.2200000000002342,626.99999999995316,SSLW,model_assisted_not_ground_truth,0,0,0,0,0,0,0,0,0,0,0
18.72,0,20,28.999999999997158,35,104.00000000000568,45,46,34.000000000002842,7.2500000000000853,620.99999999998295,SSLW,model_assisted_not_ground_truth,0,0,0,0,0,0,0,0,0,0,0
18.73,0,20.999999999998224,26.000000000005329,35,106.99999999999467,45,46,34.999999999998224,7.279999999999947,615.00000000001069,SSLW,model_assisted_not_ground_truth,0,0,0,0,0,0,0,0,0,0,0
18.74,0,23.999999999997868,28.999999999997868,35,107.99999999999929,45,46.999999999999289,35,7.2999999999999856,610.00000000000352,SSLW,model_assisted_not_ground_truth,0,0,0,0,0,0,0,0,0,0,0
18.75,0,24,29,35,102,46,47,36,7.3300000000000001,623,SSLW,model_assisted_not_ground_truth,0,0,0,0,0,0,0,0,0,0,0
18.76,0,24.999999999998934,29,33.999999999998934,114.00000000001172,46,46,35.000000000001066,7.3199999999998937,614.99999999995305,SSLW,model_assisted_not_ground_truth,0,0,0,0,0,0,0,0,0,0,0
18.77,0,24,28.999999999998224,33,125.00000000000355,46,46,35.999999999998224,7.2199999999999465,570.99999999998931,SSLW,model_assisted_not_ground_truth,0,0,0,0,0,0,0,0,0,0,0
18.78,0,23.999999999994316,27.999999999994316,32.999999999991473,126.99999999996021,46,45.999999999997158,35,7.1899999999987498,564.9999999999261,SSLW,model_assisted_not_ground_truth,0,0,0,0,0,0,0,0,0,0,0
18.79,0,22.000000000003553,25.999999999996447,30,112.99999999996803,46,45,35,6.7499999999999467,538.99999999996089,SSLW,model_assisted_not_ground_truth,0,0,0,0,0,0,0,0,0,0,0
18.80,0,22.999999999990763,25,29.999999999995381,103.99999999996305,46,45,34.999999999995381,6.7349999999999302,527.99999999994918,SSLW,model_assisted_not_ground_truth,0,0,0,0,0,0,0,0,0,0,0
18.81,0,20.999999999989342,25,28.999999999989342,96.000000000021316,45.999999999994671,44.999999999989342,34.000000000005329,6.7200000000018649,516.9999999999734,SSLW,model_assisted_not_ground_truth,0,0,0,0,0,0,0,0,0,0,0
18.82,0,19.000000000009948,25,27.000000000009948,99.999999999980105,45.000000000004974,43.000000000009948,34.999999999995026,7.0700000000005758,511.99999999999358,SSLW,model_assisted_not_ground_truth,0,0,0,0,0,0,0,0,0,0,0
18.83,0,19,24.000000000003908,28.999999999992184,94.000000000023448,45,44.999999999992184,35,7.1600000000007462,511.00000000005969,SSLW,model_assisted_not_ground_truth,0,0,0,0,0,0,0,0,0,0,0
18.84,0,19,24,27.000000000006395,96.999999999990408,45,45,35,7.2599999999978753,518.99999999978752,SSLW,model_assisted_not_ground_truth,0,0,0,0,0,0,0,0,0,0,0
18.85,0.99999999999786837,19,24,28.999999999995737,92.000000000010658,45,45,35,7.0000000000005542,493.00000000005542,SSLW,model_assisted_not_ground_truth,0,0,0,0,0,0,0,0,0,0,0
18.86,1,17.000000000002842,24,28.000000000001421,90.000000000002842,45,45.999999999998579,35,6.9400000000000857,490.00000000000426,SSLW,model_assisted_not_ground_truth,0,0,0,0,0,0,0,0,0,0,0
18.87,1,17,24,28,87.000000000001066,45.999999999999645,46,35.999999999999645,6.7200000000000779,479.00000000000392,SSLW,model_assisted_not_ground_truth,0,0,0,0,0,0,0,0,0,0,0
18.88,0,18.000000000001421,22.999999999997158,26.999999999999645,94.999999999999645,47,46.000000000000355,34.000000000000355,6.7550000000000123,481.50000000000091,SSLW,model_assisted_not_ground_truth,0,0,0,0,0,0,0,0,0,0,0
18.89,0,21.999999999998579,15.000000000009948,26,94.000000000001421,47,47,35,6.7899999999999858,484.0000000000739,SSLW,model_assisted_not_ground_truth,0,0,0,0,0,0,0,0,0,0,0
18.90,0,21.000000000004974,22,26,95.000000000017408,47.000000000002487,47,35,6.780000000000423,535.99999999988063,SSLW,model_assisted_not_ground_truth,0,0,0,0,0,0,0,0,0,0,0
18.91,0,23.000000000009592,22.000000000006395,25.999999999996803,102.00000000000639,48.000000000003197,46.999999999996803,35,6.9500000000013431,488.00000000004155,SSLW,model_assisted_not_ground_truth,0,0,0,0,0,0,0,0,0,0,0
18.92,0,26.00000000001279,24.000000000008527,25.000000000004263,104.00000000006821,49.000000000004263,46.000000000004263,35.00000000001279,7.3699999999992327,501.00000000024727,SSLW,model_assisted_not_ground_truth,0,0,0,0,0,0,0,0,0,0,0
18.93,0,29.000000000004974,26,26.000000000009948,120.00000000001492,50,46.999999999995026,38.000000000014921,7.1899999999994533,559.00000000007958,SSLW,model_assisted_not_ground_truth,0,0,0,0,0,0,0,0,0,0,0
18.94,0,30.000000000012079,25.99999999999396,28.00000000000604,123.0000000000302,50.00000000000604,46,41.00000000000604,7.0799999999998189,575.00000000001205,SSLW,model_assisted_not_ground_truth,0,0,0,0,0,0,0,0,0,0,0
18.95,0,31.999999999990763,25.000000000004619,28.999999999995381,127.99999999997691,50.999999999995381,46,41.999999999995381,7.0500000000004723,577.00000000006412,SSLW,model_assisted_not_ground_truth,0,0,0,0,0,0,0,0,0,0,0
18.96,0,34.999999999989342,25.999999999996447,29.999999999996447,131.99999999998579,51.999999999996447,45.000000000003553,42,7.1200000000005472,586.50000000007424,SSLW,model_assisted_not_ground_truth,0,0,0,0,0,0,0,0,0,0,0
18.97,0,37.999999999991473,27.999999999994316,32.999999999991473,138.9999999999801,51.000000000002842,46.999999999994316,42.999999999997158,7.1900000000000857,595.99999999999147,SSLW,model_assisted_not_ground_truth,0,0,0,0,0,0,0,0,0,0,0
18.98,0,71.999999999939604,29.499999999997335,33.999999999998224,156.49999999996891,55.999999999991118,52.999999999989342,64.499999999961801,7.1999999999999824,595.00000000000182,SSLW,model_assisted_not_ground_truth,0,0,0,0,0,0,0,0,0,0,0
18.99,0,105.99999999997584,30.999999999998934,34.999999999999289,173.99999999998755,60.999999999996447,58.999999999995737,85.999999999984723,6.8100000000002767,636.99999999997021,SSLW,model_assisted_not_ground_truth,0,0,0,0,0,0,0,0,0,0,0
19.00,0,158.5,33,35.5,193.5,65,74,101,6.6299999999999999,635,SSLW,model_assisted_not_ground_truth,0,0,0,0,0,0,0,0,0,0,0
19.01,4.2632564145644785e-12,211.00000000004263,35.000000000000533,36.000000000002665,213.00000000002825,69.000000000013856,89.00000000001279,116.00000000002186,6.6299999999999786,660.00000000001387,SSLW,model_assisted_not_ground_truth,0,0,0,0,0,0,0,0,0,0,0
19.02,4.0000000000071054,251.00000000007105,35.500000000000888,38.500000000004441,239.50000000004707,82.000000000023093,101.00000000002132,136.50000000003641,6.6100000000001602,673.00000000011369,SSLW,model_assisted_not_ground_truth,0,0,0,0,0,0,0,0,0,0,0
19.03,8.0000000000312639,291.00000000011369,36.000000000002842,41.000000000017053,266.000000000054,95.000000000150635,113.00000000004832,157.00000000001137,6.7000000000002276,736.99999999999284,SSLW,model_assisted_not_ground_truth,0,0,0,0,0,0,0,0,0,0,0
19.04,19.000000000046185,330.99999999997158,37,47.000000000017764,284.99999999999642,148.00000000004263,130,160.9999999999325,6.7800000000002845,734.49999999999113,SSLW,model_assisted_not_ground_truth,0,0,0,0,0,0,0,0,0,0,0
19.05,31.999999999986144,323.00000000002308,37,52.00000000003233,283.99999999993531,160.00000000001387,129.9999999999261,141.9999999999261,6.860000000000416,731.99999999999079,SSLW,model_assisted_not_ground_truth,0,0,0,0,0,0,0,0,0,0,0
19.06,28.999999999914735,328.00000000000534,36.999999999994671,59.000000000037303,269.99999999997868,162.99999999999469,113.99999999993605,125.9999999999627,6.9500000000016522,730.00000000020248,SSLW,model_assisted_not_ground_truth,0,0,0,0,0,0,0,0,0,0,0
19.07,13.000000000079581,328.999999999995,36.000000000004974,65.999999999965183,266.0000000000199,162.00000000000497,102.00000000005969,119.00000000003482,7.2600000000002556,767.99999999997442,SSLW,model_assisted_not_ground_truth,0,0,0,0,0,0,0,0,0,0,0
19.08,11.000000000007816,325.00000000001563,36.999999999996092,62.000000000015632,266.99999999999608,154.00000000003126,102.99999999999609,112.00000000002736,7.2999999999994776,763.99999999993281,SSLW,model_assisted_not_ground_truth,0,0,0,0,0,0,0,0,0,0,0
19.09,12.999999999993605,325,37,65.99999999998721,269.99999999999039,153.00000000000318,106.99999999998721,111.0000000000032,7.2300000000010627,755.000000000098,SSLW,model_assisted_not_ground_truth,0,0,0,0,0,0,0,0,0,0,0
19.10,18.99999999998721,324.00000000000216,37,75.999999999978684,280.99999999997658,155.99999999999361,104.00000000000639,119.99999999998082,7.3599999999997232,766.99999999997442,SSLW,model_assisted_not_ground_truth,0,0,0,0,0,0,0,0,0,0,0
19.11,29.999999999984368,323.00000000000142,37.999999999998579,74.000000000002842,283.99999999999574,159.99999999999432,96.000000000011369,120.99999999999858,7.4149999999999219,760.50000000000921,SSLW,model_assisted_not_ground_truth,0,0,0,0,0,0,0,0,0,0,0
19.12,32.999999999998934,320.00000000000108,38.999999999999645,63.000000000003908,284.99999999999966,159.00000000000034,94.000000000000711,121.99999999999964,7.4699999999999802,754.00000000000227,SSLW,model_assisted_not_ground_truth,0,0,0,0,0,0,0,0,0,0,0
19.13,30.999999999995381,313.99999999999716,38.000000000000355,47.999999999999289,286.9999999999975,154.99999999999858,91.999999999999289,114.99999999999503,7.5199999999999534,752.00000000001921,SSLW,model_assisted_not_ground_truth,0,0,0,0,0,0,0,0,0,0,0
19.14,17.999999999991473,305.99999999998437,38.999999999997158,46.000000000001421,279.99999999998863,150.99999999999147,89.999999999991473,100.99999999997442,7.3900000000000707,805.99999999998579,SSLW,model_assisted_not_ground_truth,0,0,0,0,0,0,0,0,0,0,0
19.15,11.999999999982592,294.99999999996515,37.000000000004974,47,271.9999999999801,144.99999999995771,83.999999999997513,82.999999999977618,7.4400000000002242,795.99999999994532,SSLW,model_assisted_not_ground_truth,0,0,0,0,0,0,0,0,0,0,0
19.16,4.9999999999840128,280.99999999994884,38.999999999993605,46.999999999996803,263.99999999997442,127.99999999999041,82.999999999996803,73.999999999968026,7.530000000000288,773.99999999999363,SSLW,model_assisted_not_ground_truth,0,0,0,0,0,0,0,0,0,0,0
19.17,4.2632564145644785e-12,264.99999999995737,37.000000000008527,46,255.99999999995737,125,82,63.999999999982947,7.6200000000000854,771.99999999996157,SSLW,model_assisted_not_ground_truth,0,0,0,0,0,0,0,0,0,0,0
19.18,1.0000000000049738,254.99999999996518,39,46,245.99999999994529,124.99999999999005,81.999999999995026,59.999999999995026,7.639999999999552,762.99999999993531,SSLW,model_assisted_not_ground_truth,0,0,0,0,0,0,0,0,0,0,0
19.19,2.0000000000120792,247.99999999995774,38.999999999987921,46.00000000000604,234.99999999999397,122.99999999996376,81.00000000000604,59.00000000000604,7.5500000000005434,750.00000000001512,SSLW,model_assisted_not_ground_truth,0,0,0,0,0,0,0,0,0,0,0
19.20,3.9999999999907629,241.00000000003234,37.000000000009237,46.999999999995381,234.0000000000046,117.00000000002771,81.999999999995381,59.999999999995381,7.6400000000006081,752.50000000001683,SSLW,model_assisted_not_ground_truth,0,0,0,0,0,0,0,0,0,0,0
19.21,2.0000000000071054,229.00000000004263,37.999999999996447,44.000000000010658,232.00000000000711,111.00000000002132,81.000000000003553,57.000000000010658,7.7299999999989062,754.999999999789,SSLW,model_assisted_not_ground_truth,0,0,0,0,0,0,0,0,0,0,0
19.22,2,213.00000000004547,38.999999999997158,44,231.00000000000284,107.00000000001137,77.000000000011369,51.000000000017053,7.5899999999997441,728.00000000006821,SSLW,model_assisted_not_ground_truth,0,0,0,0,0,0,0,0,0,0,0
19.23,3.5527136788005009e-12,195.00000000003197,38.000000000001776,45.999999999996447,228.00000000000534,94.000000000023093,76.000000000001776,45.000000000010658,7.5600000000000529,735.99999999998579,SSLW,model_assisted_not_ground_truth,0,0,0,0,0,0,0,0,0,0,0
19.24,0,177.00000000001279,41.999999999997158,45.000000000000711,225.00000000000213,73.000000000014921,71.000000000003553,45,7.6299999999999502,732.00000000000284,SSLW,model_assisted_not_ground_truth,0,0,0,0,0,0,0,0,0,0,0
19.25,0,137,43,45,221,73,69,44,7.2000000000000002,704,SSLW,model_assisted_not_ground_truth,0,0,0,0,0,0,0,0,0,0,0
19.26,0,108.99999999997655,42.000000000001066,44.999999999998934,219.00000000000213,69.000000000002132,68.999999999998934,42.999999999998934,7.0399999999999574,681.99999999998079,SSLW,model_assisted_not_ground_truth,0,0,0,0,0,0,0,0,0,0,0
19.27,0,86.999999999975131,43.000000000001776,44,220.99999999998934,71,67.999999999996447,41.999999999998224,7.0000000000000799,663.99999999999818,SSLW,model_assisted_not_ground_truth,0,0,0,0,0,0,0,0,0,0,0
19.28,0,72.999999999948841,44,44,215.00000000000853,70.999999999997158,65.999999999968736,41,7.0450000000001278,662.99999999999716,SSLW,model_assisted_not_ground_truth,0,0,0,0,0,0,0,0,0,0,0
19.29,0,54.999999999936051,43.999999999989342,44,217.99999999997513,69.999999999985789,54.999999999989342,41,7.0900000000016341,661.99999999992895,SSLW,model_assisted_not_ground_truth,0,0,0,0,0,0,0,0,0,0,0
19.30,0,36.999999999995381,40.999999999976907,44,210.99999999994458,65.999999999995381,52,40.999999999995381,7.5499999999997227,642.00000000006003,SSLW,model_assisted_not_ground_truth,0,0,0,0,0,0,0,0,0,0,0
19.31,0,35.999999999994671,36,43.999999999994671,198.99999999997868,64.999999999978684,52,40,7.4900000000009594,654.99999999996805,SSLW,model_assisted_not_ground_truth,0,0,0,0,0,0,0,0,0,0,0
19.32,0,35.000000000004974,36,43.000000000004974,195.0000000000199,61.000000000019895,52,40,7.6700000000005755,649.00000000012153,SSLW,model_assisted_not_ground_truth,0,0,0,0,0,0,0,0,0,0,0
19.33,0,34.000000000003908,35.000000000003908,42.000000000003908,194.00000000000392,59.000000000007816,52,40,7.7600000000000744,668,SSLW,model_assisted_not_ground_truth,0,0,0,0,0,0,0,0,0,0,0
19.34,0,30.00000000001279,35,42.999999999996803,190.00000000001279,56.000000000009592,51.000000000003197,40,7.7699999999988147,667.99999999983254,SSLW,model_assisted_not_ground_truth,0,0,0,0,0,0,0,0,0,0,0
19.35,0,27.000000000006395,35.999999999997868,42.000000000002132,188.00000000000426,56,51,39.000000000002132,7.6249999999994849,647.49999999992713,SSLW,model_assisted_not_ground_truth,0,0,0,0,0,0,0,0,0,0,0
19.36,0,27,36,42.999999999998579,185.00000000000426,55.000000000001421,50.000000000001421,39,7.4800000000002065,627.0000000000291,SSLW,model_assisted_not_ground_truth,0,0,0,0,0,0,0,0,0,0,0
19.37,0,27.999999999999645,36,43,180.00000000000176,55.999999999999645,50,39.999999999999645,7.5199999999999854,625.00000000000068,SSLW,model_assisted_not_ground_truth,0,0,0,0,0,0,0,0,0,0,0
19.38,0,29.000000000000711,35.000000000000355,42.999999999999645,176.99999999999821,55.999999999999645,50,39,7.5700000000003271,625.00000000001853,SSLW,model_assisted_not_ground_truth,0,0,0,0,0,0,0,0,0,0,0
19.39,0,31,35.999999999995737,42.000000000001421,171.99999999999432,55,50,38.999999999998579,8.4899999999998581,676.99999999991041,SSLW,model_assisted_not_ground_truth,0,0,0,0,0,0,0,0,0,0,0
19.40,0,30.999999999997513,33.000000000002487,42.999999999997513,168.00000000000995,55.000000000002487,50,38.000000000002487,8.3900000000001498,614.0000000000075,SSLW,model_assisted_not_ground_truth,0,0,0,0,0,0,0,0,0,0,0
19.41,0,30,34,42.000000000003197,172.00000000000321,56,50.000000000003197,39,8.4500000000002231,617.00000000018861,SSLW,model_assisted_not_ground_truth,0,0,0,0,0,0,0,0,0,0,0
19.42,0,30,33.999999999995737,42.999999999995737,173,56,51.000000000004263,38.999999999995737,8.5199999999997438,676.00000000000216,SSLW,model_assisted_not_ground_truth,0,0,0,0,0,0,0,0,0,0,0
19.43,0,30,33.000000000019895,42.000000000004974,173.00000000007958,56.000000000024869,52.000000000059686,38,8.4599999999997024,676.5000000000025,SSLW,model_assisted_not_ground_truth,0,0,0,0,0,0,0,0,0,0,0
19.44,0,29.99999999999396,36.999999999987921,43,189,61.00000000000604,64.000000000018119,38,8.4000000000006647,676.99999999998192,SSLW,model_assisted_not_ground_truth,0,0,0,0,0,0,0,0,0,0,0
19.45,0,29.000000000004619,35.000000000009237,43,189,61.999999999995381,66.999999999986144,38,8.5100000000044549,674.0000000002093,SSLW,model_assisted_not_ground_truth,0,0,0,0,0,0,0,0,0,0,0
19.46,0,29.999999999996447,36.999999999992895,43,191.99999999998934,64.999999999989342,70.999999999985789,38.999999999996447,9.17000000000297,704.99999999954662,SSLW,model_assisted_not_ground_truth,0,0,0,0,0,0,0,0,0,0,0
19.47,0,30,37,43.999999999997158,195.99999999998863,65.999999999997158,73.999999999991473,42.999999999988631,9.5499999999955669,647.00000000068212,SSLW,model_assisted_not_ground_truth,0,0,0,0,0,0,0,0,0,0,0
19.48,0,29.000000000001776,38.999999999996447,44,203.99999999998579,67.999999999996447,75.999999999996447,44.999999999996447,9.0300000000009231,726.99999999985789,SSLW,model_assisted_not_ground_truth,0,0,0,0,0,0,0,0,0,0,0
19.49,0,29.999999999999289,43.999999999996447,44,204,68.999999999999289,81.999999999995737,53.999999999993605,9.0699999999999719,723.00000000000284,SSLW,model_assisted_not_ground_truth,0,0,0,0,0,0,0,0,0,0,0
19.50,0,29,44,45,207,72,92,56,9.1300000000000008,717,SSLW,model_assisted_not_ground_truth,0,0,0,0,0,0,0,0,0,0,0
19.51,0,26,45.000000000002132,45.000000000001066,207.00000000000747,74.000000000018119,105.00000000001492,62.000000000006395,9.1300000000000008,709.9999999999925,SSLW,model_assisted_not_ground_truth,0,0,0,0,0,0,0,0,0,0,0
19.52,0,25.999999999996447,47.000000000012434,46.000000000001776,214.00000000001421,91.00000000001954,119.00000000002842,68.000000000014211,9.1300000000010844,702.99999999991826,SSLW,model_assisted_not_ground_truth,0,0,0,0,0,0,0,0,0,0,0
19.53,0,24,54.000000000036948,47,222.00000000000853,102.00000000004832,135.00000000003979,76.000000000017053,9.7400000000022171,656.99999999979821,SSLW,model_assisted_not_ground_truth,0,0,0,0,0,0,0,0,0,0,0
19.54,0,24.000000000014211,67.000000000046185,47,224.99999999999645,119.0000000000604,149.00000000003553,82.000000000067502,10.520000000000959,585.99999999986858,SSLW,model_assisted_not_ground_truth,0,0,0,0,0,0,0,0,0,0,0
19.55,0,28.000000000004619,80.00000000003233,47.000000000004619,224,136.00000000003234,159.00000000002771,101.00000000000462,10.789999999999306,549.00000000039256,SSLW,model_assisted_not_ground_truth,0,0,0,0,0,0,0,0,0,0,0
19.56,0,29.000000000010658,87.000000000053291,48.000000000010658,224.00000000000531,143.00000000004263,165.00000000002663,102.00000000006395,10.640000000000267,633.99999999994134,SSLW,model_assisted_not_ground_truth,0,0,0,0,0,0,0,0,0,0,0
19.57,0,30.999999999990052,96.999999999950262,49.999999999990052,224.99999999999503,150.99999999996021,169.99999999997513,113.99999999994031,10.690000000001151,622.99999999991041,SSLW,model_assisted_not_ground_truth,0,0,0,0,0,0,0,0,0,0,0
19.58,0,32.999999999992184,102.99999999997655,49.000000000003908,227.99999999998829,157.99999999997266,174.99999999998045,114,10.870000000002126,608.9999999997948,SSLW,model_assisted_not_ground_truth,0,0,0,0,0,0,0,0,0,0,0
19.59,0,33.999999999996803,106.99999999998721,49.999999999996803,231.99999999998721,164.9999999999776,177.99999999999039,119.99999999998082,11.155000000000708,581.49999999993156,SSLW,model_assisted_not_ground_truth,0,0,0,0,0,0,0,0,0,0,0
19.60,0,34.999999999997868,109.99999999999361,50.999999999997868,232,167.99999999999361,178.99999999999787,126.99999999998508,11.439999999999392,554.00000000005866,SSLW,model_assisted_not_ground_truth,0,0,0,0,0,0,0,0,0,0,0
19.61,0,37.999999999995737,110,49.000000000002842,232.99999999999858,175.99999999998863,179.99999999999858,124.00000000000426,11.869999999999388,487.00000000009521,SSLW,model_assisted_not_ground_truth,0,0,0,0,0,0,0,0,0,0,0
19.62,0,38.499999999999822,111.99999999999929,48.500000000000178,232.50000000000017,175.00000000000034,178.50000000000054,125.49999999999946,11.450000000000149,523.99999999998681,SSLW,model_assisted_not_ground_truth,0,0,0,0,0,0,0,0,0,0,0
19.63,0,38.999999999999645,114.00000000000071,47.999999999999645,231.99999999999963,173.99999999999929,177,127.00000000000071,12.430000000000241,536.00000000000921,SSLW,model_assisted_not_ground_truth,0,0,0,0,0,0,0,0,0,0,0
19.64,0,38.000000000001421,115.99999999999716,47,230.99999999999574,171.99999999999005,176.99999999999432,128.99999999999289,13.109999999999872,562.00000000000432,SSLW,model_assisted_not_ground_truth,0,0,0,0,0,0,0,0,0,0,0
19.65,0,39,113.99999999998757,47,227.99999999999253,164.99999999999253,172.99999999998258,123.99999999997762,13.019999999998856,565.00000000013426,SSLW,model_assisted_not_ground_truth,0,0,0,0,0,0,0,0,0,0,0
19.66,0,38.999999999996803,108.99999999997122,47,225.00000000000321,161.99999999998082,165.99999999996803,114.99999999995524,12.559999999999857,618.99999999998556,SSLW,model_assisted_not_ground_truth,0,0,0,0,0,0,0,0,0,0,0
19.67,0,37.999999999995737,99.999999999991473,46.999999999991473,225.99999999997442,155.99999999994458,155.99999999990621,100.99999999997442,12.514999999999809,614.49999999998079,SSLW,model_assisted_not_ground_truth,0,0,0,0,0,0,0,0,0,0,0
19.68,0,36.999999999995026,97.999999999940314,45,219.99999999997016,142.99999999990052,133.99999999989058,94.999999999995026,12.469999999999603,609.99999999994532,SSLW,model_assisted_not_ground_truth,0,0,0,0,0,0,0,0,0,0,0
19.69,0,35.999999999987921,85.999999999788614,44.99999999999396,213.99999999990942,122.99999999979465,111.99999999986713,93.999999999987921,12.389999999999336,598.99999999990337,SSLW,model_assisted_not_ground_truth,0,0,0,0,0,0,0,0,0,0,0
19.70,0,34.000000000009237,51.000000000161648,44.000000000004619,199.00000000006929,89.00000000015703,90.000000000101608,92.000000000009237,12.279999999993992,583.0000000001553,SSLW,model_assisted_not_ground_truth,0,0,0,0,0,0,0,0,0,0,0
19.71,0,32.000000000007105,44.000000000024869,43.000000000003553,186.00000000004619,67.00000000007816,69.000000000074607,76.000000000056843,11.389999999996952,605.99999999982799,SSLW,model_assisted_not_ground_truth,0,0,0,0,0,0,0,0,0,0,0
19.72,0,33.999999999994316,41.000000000008527,42.000000000002842,163.00000000006537,64.000000000008527,49.000000000056843,50.000000000073896,10.999999999997186,583.9999999997101,SSLW,model_assisted_not_ground_truth,0,0,0,0,0,0,0,0,0,0,0
19.73,0,34,36.000000000008882,40.000000000003553,159.00000000000711,57.000000000012434,48.000000000001776,45.000000000008882,10.670000000000586,550.00000000006037,SSLW,model_assisted_not_ground_truth,0,0,0,0,0,0,0,0,0,0,0
19.74,0,33.000000000000711,34.000000000001421,38.000000000001421,154.00000000000355,53.000000000002842,48.999999999999289,41.000000000002842,10.655000000000012,550.49999999999966,SSLW,model_assisted_not_ground_truth,0,0,0,0,0,0,0,0,0,0,0
19.75,0,34,34,37,150,52,47,40,10.640000000000001,551,SSLW,model_assisted_not_ground_truth,0,0,0,0,0,0,0,0,0,0,0
19.76,0,34,34,36,147.00000000000108,52,48.999999999997868,38,10.890000000000011,475.00000000000853,SSLW,model_assisted_not_ground_truth,0,0,0,0,0,0,0,0,0,0,0
19.77,0,34,34,36,147.99999999998934,52,47,37.999999999998224,10.899999999999805,482.99999999998755,SSLW,model_assisted_not_ground_truth,0,0,0,0,0,0,0,0,0,0,0
19.78,0,34,33.999999999997158,36,141.99999999999432,51.999999999997158,47.000000000002842,37,10.7899999999971,476.00000000030695,SSLW,model_assisted_not_ground_truth,0,0,0,0,0,0,0,0,0,0,0
19.79,0,34,33,36,140.00000000002842,50.999999999996447,47.999999999996447,37,9.7699999999960205,584.00000000041928,SSLW,model_assisted_not_ground_truth,0,0,0,0,0,0,0,0,0,0,0
19.80,0,34.000000000004619,33,36,148.00000000000463,49.999999999995381,46.999999999995381,37,8.6499999999976218,701.99999999992144,SSLW,model_assisted_not_ground_truth,0,0,0,0,0,0,0,0,0,0,0
19.81,0,34.999999999994671,33.000000000010658,36.000000000005329,148.99999999998403,49,46.000000000005329,37,8.1349999999972553,684.99999999990939,SSLW,model_assisted_not_ground_truth,0,0,0,0,0,0,0,0,0,0,0
19.82,0,34.000000000004974,34.999999999990052,36.999999999995026,146.00000000001492,49,46.999999999995026,37,7.6199999999976979,667.99999999988484,SSLW,model_assisted_not_ground_truth,0,0,0,0,0,0,0,0,0,0,0
19.83,0,34.999999999996092,35,37,146,48.000000000003908,47,35.000000000007816,7.259999999999776,649.99999999992542,SSLW,model_assisted_not_ground_truth,0,0,0,0,0,0,0,0,0,0,0
19.84,0,34.000000000003197,35,37,143.00000000000961,48,47,34.000000000003197,7.2300000000004907,639.99999999989382,SSLW,model_assisted_not_ground_truth,0,0,0,0,0,0,0,0,0,0,0
19.85,0,34,35,37,142.00000000000213,48,46.000000000002132,34.999999999997868,7.2899999999998721,627.00000000002774,SSLW,model_assisted_not_ground_truth,0,0,0,0,0,0,0,0,0,0,0
19.86,0,32.000000000002842,33.000000000002842,36.000000000001421,136.00000000000853,48,46.999999999998579,35,7.3199999999999577,621.00000000000853,SSLW,model_assisted_not_ground_truth,0,0,0,0,0,0,0,0,0,0,0
19.87,0,32,32.000000000000355,36,133.00000000000108,48,46.000000000000355,35,7.349999999999989,631.99999999999613,SSLW,model_assisted_not_ground_truth,0,0,0,0,0,0,0,0,0,0,0
19.88,0,30.000000000000711,33,35.000000000000355,130.99999999999858,47,46.000000000000355,34.000000000000355,7.190000000000011,625.99999999998079,SSLW,model_assisted_not_ground_truth,0,0,0,0,0,0,0,0,0,0,0
19.89,0,31.999999999995737,33,36,127.00000000000284,47,47,35,7.2199999999997582,571.99999999998795,SSLW,model_assisted_not_ground_truth,0,0,0,0,0,0,0,0,0,0,0
19.90,0,28.999999999990052,33,35.999999999997513,128.9999999999776,46.999999999997513,46.999999999997513,35.000000000002487,7.049999999999577,563.49999999997885,SSLW,model_assisted_not_ground_truth,0,0,0,0,0,0,0,0,0,0,0
19.91,0,24.999999999996803,32.999999999990408,35,119.99999999997122,45.999999999996803,46,36,6.8799999999996162,554.99999999995521,SSLW,model_assisted_not_ground_truth,0,0,0,0,0,0,0,0,0,0,0
19.92,0,23.999999999995737,30.000000000008527,34.999999999995737,111,45,46,35.999999999995737,6.7600000000009803,540.99999999996157,SSLW,model_assisted_not_ground_truth,0,0,0,0,0,0,0,0,0,0,0
19.93,0,22.999999999985079,31.999999999985079,34.000000000004974,110.99999999999503,45,46,34.999999999995026,6.9900000000003484,531.99999999990052,SSLW,model_assisted_not_ground_truth,0,0,0,0,0,0,0,0,0,0,0
19.94,0,19.99999999999396,29.000000000012079,35.00000000000604,109.99999999996376,45,46,34.00000000000604,7.0600000000013283,512.00000000007856,SSLW,model_assisted_not_ground_truth,0,0,0,0,0,0,0,0,0,0,0
19.95,0,19.000000000004619,30.999999999990763,35.999999999995381,104.00000000002771,45,46,34.999999999995381,7.2799999999996627,524.99999999996624,SSLW,model_assisted_not_ground_truth,0,0,0,0,0,0,0,0,0,0,0
19.96,0,17.000000000007105,29.000000000007105,36,101.00000000001066,45.999999999996447,46.999999999996447,35,7.2299999999983591,519.99999999982799,SSLW,model_assisted_not_ground_truth,0,0,0,0,0,0,0,0,0,0,0
19.97,0,15.000000000005684,29.999999999997158,35.000000000002842,99.000000000005684,46,47,35,7.0199999999988059,497.99999999994884,SSLW,model_assisted_not_ground_truth,0,0,0,0,0,0,0,0,0,0,0
19.98,0,15.999999999998224,30.999999999998224,35.999999999998224,93.000000000010658,45.000000000001776,45.000000000003553,35,6.8799999999994528,491.99999999997658,SSLW,model_assisted_not_ground_truth,0,0,0,0,0,0,0,0,0,0,0
19.99,0,16.999999999999289,29.000000000001421,34.000000000001421,93.999999999999289,45.999999999999289,45.999999999999289,34.000000000000711,6.7400000000000997,486.00000000000426,SSLW,model_assisted_not_ground_truth,0,0,0,0,0,0,0,0,0,0,0
20.00,0,17,27,36,95,46,45,35,6.7699999999999996,486,SSLW,model_assisted_not_ground_truth,0,0,0,0,0,0,0,0,0,0,0
20.01,0,17,29,35.999999999998934,96.999999999995737,46,45.000000000002132,35.999999999998934,6.819999999999947,487.00000000005332,SSLW,model_assisted_not_ground_truth,0,0,0,0,0,0,0,0,0,0,0
20.02,0,17,29,34.999999999998224,93.000000000021316,46,46.999999999996447,35.000000000001776,6.7700000000009233,536.99999999992713,SSLW,model_assisted_not_ground_truth,0,0,0,0,0,0,0,0,0,0,0
20.03,0,17.000000000005684,28.999999999997158,34,104.99999999997158,46,45.000000000002842,35.999999999997158,7.29,496.00000000000568,SSLW,model_assisted_not_ground_truth,0,0,0,0,0,0,0,0,0,0,0
20.04,0,18.999999999996447,28,34,95.000000000010658,46,45.999999999985789,34.999999999992895,7.2899999999992895,498.00000000022385,SSLW,model_assisted_not_ground_truth,0,0,0,0,0,0,0,0,0,0,0
20.05,0,18.000000000004619,28,34,98.000000000009237,45.999999999995381,41.999999999995381,33.000000000009237,7.0899999999999768,560.99999999999079,SSLW,model_assisted_not_ground_truth,0,0,0,0,0,0,0,0,0,0,0
20.06,0,18.999999999994671,28,34,100.00000000002132,45,41,35,7.0849999999999733,558.99999999998931,SSLW,model_assisted_not_ground_truth,0,0,0,0,0,0,0,0,0,0,0
20.07,0,18.000000000004974,28,34,103.9999999999801,45,41,35,7.0800000000006396,557.00000000002558,SSLW,model_assisted_not_ground_truth,0,0,0,0,0,0,0,0,0,0,0
20.08,0.99999999999609201,18,28,32.000000000007816,94.00000000003908,45.999999999996092,39.000000000007816,35,7.1800000000009696,560.9999999996046,SSLW,model_assisted_not_ground_truth,0,0,0,0,0,0,0,0,0,0,0
20.09,3.1974423109204508e-12,18.999999999996803,26.000000000006395,28.00000000001279,90.00000000001279,45.000000000003197,40.999999999993605,35,7.3099999999986922,508.00000000071088,SSLW,model_assisted_not_ground_truth,0,0,0,0,0,0,0,0,0,0,0
20.10,0,19,25.000000000002132,25.000000000006395,87.000000000006395,44.000000000002132,41,32.000000000006395,7.1500000000003414,594.99999999981458,SSLW,model_assisted_not_ground_truth,0,0,0,0,0,0,0,0,0,0,0
20.11,0,17.000000000002842,25,25.999999999998579,85.000000000002842,44,40.000000000001421,32,7.1699999999999715,589.00000000000853,SSLW,model_assisted_not_ground_truth,0,0,0,0,0,0,0,0,0,0,0
20.12,0,17,24.000000000000355,26,80.000000000001776,44.999999999999645,39.000000000000355,32.999999999999645,7.509999999999879,601.99999999999534,SSLW,model_assisted_not_ground_truth,0,0,0,0,0,0,0,0,0,0,0
20.13,3.5527136788037321e-13,17,24,25.999999999999645,77.000000000000355,44.999999999998934,40,33.999999999999645,7.4600000000000017,581.00000000000762,SSLW,model_assisted_not_ground_truth,0,0,0,0,0,0,0,0,0,0,0
20.14,0.99999999999857891,17.000000000004263,24.000000000001421,25,78.000000000004263,42.000000000001421,40,33.000000000001421,7.465000000000007,602.50000000003058,SSLW,model_assisted_not_ground_truth,0,0,0,0,0,0,0,0,0,0,0
20.15,0,19.999999999997513,25,25,81,42.999999999997513,40,34,7.4699999999998505,623.9999999999925,SSLW,model_assisted_not_ground_truth,0,0,0,0,0,0,0,0,0,0,0
20.16,0,19,25,25,81.000000000015987,42.000000000009592,40.000000000015987,34,7.4100000000002559,621.00000000001285,SSLW,model_assisted_not_ground_truth,0,0,0,0,0,0,0,0,0,0,0
20.17,0,19,25.000000000004263,25,86,45,44.999999999995737,34.000000000004263,7.4899999999994886,624.99999999991894,SSLW,model_assisted_not_ground_truth,0,0,0,0,0,0,0,0,0,0,0
20.18,0,19.000000000014921,26,25.000000000004974,86.000000000049738,45,44.000000000009948,35,7.3700000000010446,606.00000000014927,SSLW,model_assisted_not_ground_truth,0,0,0,0,0,0,0,0,0,0,0
20.19,0,22.00000000000604,26,26,95.99999999999396,45.00000000000604,46,35,7.5799999999996377,636.00000000002422,SSLW,model_assisted_not_ground_truth,0,0,0,0,0,0,0,0,0,0,0
20.20,0,22.999999999995381,26,26,95.000000000004619,45.999999999995381,46,35,7.5199999999997296,639.99999999995953,SSLW,model_assisted_not_ground_truth,0,0,0,0,0,0,0,0,0,0,0
20.21,0,23,27.999999999992895,26,98.999999999985789,46,46.999999999996447,34.000000000003553,7.4800000000001958,633.99999999998829,SSLW,model_assisted_not_ground_truth,0,0,0,0,0,0,0,0,0,0,0
20.22,0,24.999999999994316,27.000000000002842,26,110.99999999996589,46,47,35.999999999994316,7.5050000000000718,632.49999999999568,SSLW,model_assisted_not_ground_truth,0,0,0,0,0,0,0,0,0,0,0
20.23,0,25.999999999998224,27.999999999998224,27.999999999996447,111.99999999999822,46.999999999998224,47,36.999999999998224,7.5299999999999558,631.00000000000261,SSLW,model_assisted_not_ground_truth,0,0,0,0,0,0,0,0,0,0,0
20.24,0,29.999999999997158,28.999999999999289,28,123.99999999999147,47,47,39.999999999997868,7.4600000000000497,626.00000000000352,SSLW,model_assisted_not_ground_truth,0,0,0,0,0,0,0,0,0,0,0
20.25,0,30,30,28,121,48,45,39,7.2699999999999996,615,SSLW,model_assisted_not_ground_truth,0,0,0,0,0,0,0,0,0,0,0
20.26,0,30.500000000000533,30,28,122.00000000000107,47.499999999999467,45.500000000000533,40.000000000001066,7.4899999999999256,545.00000000005116,SSLW,model_assisted_not_ground_truth,0,0,0,0,0,0,0,0,0,0,0
20.27,0,31,30,28.000000000001776,123.00000000001243,47.000000000001776,46.000000000001776,41,7.4200000000001065,593,SSLW,model_assisted_not_ground_truth,0,0,0,0,0,0,0,0,0,0,0
20.28,0,31,30,28.999999999997158,130.00000000001137,48,47,41,7.4800000000000004,592.99999999999147,SSLW,model_assisted_not_ground_truth,0,0,0,0,0,0,0,0,0,0,0
20.29,0,31,30,28.000000000007105,134.00000000000711,48,47,40.999999999996447,7.4800000000000004,589.99999999998931,SSLW,model_assisted_not_ground_truth,0,0,0,0,0,0,0,0,0,0,0
20.30,0,31,30,30,135.99999999999076,48,47,40.000000000004619,7.4799999999996771,586.99999999993531,SSLW,model_assisted_not_ground_truth,0,0,0,0,0,0,0,0,0,0,0
20.31,0,31,30.000000000005329,30,134,48.000000000005329,47.000000000005329,41.000000000005329,7.4099999999987745,573.00000000005332,SSLW,model_assisted_not_ground_truth,0,0,0,0,0,0,0,0,0,0,0
20.32,0,31,30.999999999995026,30,134,48.999999999995026,47.999999999995026,41.999999999995026,7.1799999999982091,582.99999999994884,SSLW,model_assisted_not_ground_truth,0,0,0,0,0,0,0,0,0,0,0
20.33,0,31.999999999996092,31,30,134,49,47.000000000003908,42,6.8999999999991797,575.00000000005218,SSLW,model_assisted_not_ground_truth,0,0,0,0,0,0,0,0,0,0,0
20.34,0,32,31,30,128.00000000001918,48.000000000003197,47.999999999996803,41.000000000003197,6.7900000000019611,582.00000000026148,SSLW,model_assisted_not_ground_truth,0,0,0,0,0,0,0,0,0,0,0
20.35,0,34.999999999993605,31,30.999999999997868,136.99999999998082,48,48,41.999999999997868,7.0299999999994887,613.99999999993179,SSLW,model_assisted_not_ground_truth,0,0,0,0,0,0,0,0,0,0,0
20.36,0,37.999999999995737,31.999999999998579,31.999999999998579,144.99999999998863,48,47.000000000001421,42,6.970000000000085,629.99999999997726,SSLW,model_assisted_not_ground_truth,0,0,0,0,0,0,0,0,0,0,0
20.37,0,55.999999999993605,32.999999999999645,32.999999999999645,149.99999999999824,49.999999999999289,47,42.999999999999645,7.0099999999999856,647.49999999999375,SSLW,model_assisted_not_ground_truth,0,0,0,0,0,0,0,0,0,0,0
20.38,0,76.000000000023093,32.000000000000711,33.000000000000355,152.00000000000853,52.000000000000711,47.000000000000355,43.000000000001066,7.049999999999975,665.00000000000955,SSLW,model_assisted_not_ground_truth,0,0,0,0,0,0,0,0,0,0,0
20.39,0,141.00000000005969,33.999999999998579,34.000000000002842,176.00000000002416,54.000000000004263,48.000000000001421,46.000000000022737,6.979999999999901,692.00000000001705,SSLW,model_assisted_not_ground_truth,0,0,0,0,0,0,0,0,0,0,0
20.40,0,183.00000000005721,32.999999999997513,36.000000000002487,193.00000000004974,57.000000000017408,49.000000000002487,62.00000000003979,6.9099999999999255,704.00000000007458,SSLW,model_assisted_not_ground_truth,0,0,0,0,0,0,0,0,0,0,0
20.41,0,206.00000000010871,32.000000000006395,37.000000000003197,213.00000000002558,64.000000000015987,50.000000000003197,78.000000000041567,6.8800000000003836,734.0000000001279,SSLW,model_assisted_not_ground_truth,0,0,0,0,0,0,0,0,0,0,0
20.42,5.1159076974773742e-11,240.00000000009805,33.999999999995737,38.000000000004263,221.00000000006821,69.000000000021316,51.000000000072475,91.000000000042633,7.0000000000002984,774.00000000001285,SSLW,model_assisted_not_ground_truth,0,0,0,0,0,0,0,0,0,0,0
20.43,11.999999999965183,263.00000000008953,33,39.000000000009948,237.00000000004974,74.000000000094502,68.000000000009948,101.00000000003979,7.0700000000003485,776.99999999993031,SSLW,model_assisted_not_ground_truth,0,0,0,0,0,0,0,0,0,0,0
20.44,4.9999999999939604,281,33.00000000000604,41.000000000012079,246.99999999999397,93,70.00000000000604,108.99999999994564,7.1399999999998185,762.99999999992747,SSLW,model_assisted_not_ground_truth,0,0,0,0,0,0,0,0,0,0,0
20.45,4.0000000000046185,281,33.999999999995381,42.999999999990763,246.0000000000046,93,70.999999999995381,100.00000000004157,7.1099999999997969,750.99999999991905,SSLW,model_assisted_not_ground_truth,0,0,0,0,0,0,0,0,0,0,0
20.46,2.0000000000071054,279.00000000000711,32.000000000007105,43,243.00000000001066,89.000000000014211,71,87.000000000046185,7.080000000000469,738.99999999989052,SSLW,model_assisted_not_ground_truth,0,0,0,0,0,0,0,0,0,0,0
20.47,3.9999999999943157,278.00000000000284,32,44.999999999994316,236.0000000000199,89.999999999997158,71,89.999999999991473,7.1400000000011934,724.99999999978684,SSLW,model_assisted_not_ground_truth,0,0,0,0,0,0,0,0,0,0,0
20.48,4,277.00000000000176,32.999999999998224,45.999999999998224,235.00000000000176,73.000000000030198,71.999999999998224,87.000000000005329,7.2799999999997516,700.00000000004445,SSLW,model_assisted_not_ground_truth,0,0,0,0,0,0,0,0,0,0,0
20.49,3.0000000000007105,277,32.000000000000711,46,237.99999999999787,73,72,88.999999999998579,7.1800000000000708,689.00000000000784,SSLW,model_assisted_not_ground_truth,0,0,0,0,0,0,0,0,0,0,0
20.50,5,279,34,46,249,82,70,88,7.4199999999999999,699,SSLW,model_assisted_not_ground_truth,0,0,0,0,0,0,0,0,0,0,0
20.51,4.9999999999946709,283.00000000000318,35,45,257.00000000000642,89.000000000001066,68.999999999998934,90.000000000002132,8.3499999999998398,788.000000000049,SSLW,model_assisted_not_ground_truth,0,0,0,0,0,0,0,0,0,0,0
20.52,5.3290705182055982e-12,285.99999999999289,35,44.999999999998224,263.00000000000358,89.999999999992895,67.999999999994671,92.000000000003553,8.1999999999999993,833.99999999998136,SSLW,model_assisted_not_ground_truth,0,0,0,0,0,0,0,0,0,0,0
20.53,3,281.99999999998295,35,44,264.99999999999432,85.99999999996021,64.999999999968736,93.999999999985789,8.1999999999999993,823.49999999997021,SSLW,model_assisted_not_ground_truth,0,0,0,0,0,0,0,0,0,0,0
20.54,2.9999999999893419,275.99999999996447,34.999999999996447,44,262.99999999995379,71.999999999996447,53.999999999992895,88.999999999971578,8.2000000000015625,813.00000000003195,SSLW,model_assisted_not_ground_truth,0,0,0,0,0,0,0,0,0,0,0
20.55,0,265.99999999995379,34.000000000004619,44,249.9999999999261,71,51.999999999995381,80.999999999930722,8.6400000000001391,821.99999999988449,SSLW,model_assisted_not_ground_truth,0,0,0,0,0,0,0,0,0,0,0
20.56,0,255.99999999996271,35,43.999999999994671,233.99999999997337,70.999999999994671,51.000000000005329,65.99999999988809,8.6699999999998933,797.0000000002824,SSLW,model_assisted_not_ground_truth,0,0,0,0,0,0,0,0,0,0,0
20.57,0,249.00000000003482,35,43.000000000004974,229.00000000002487,70.000000000004974,51.999999999995026,45.00000000010445,8.6500000000007677,849.99999999996805,SSLW,model_assisted_not_ground_truth,0,0,0,0,0,0,0,0,0,0,0
20.58,0,242.00000000002734,33.000000000007816,43,229,70,52,44.000000000003908,8.7699999999994773,844.99999999993281,SSLW,model_assisted_not_ground_truth,0,0,0,0,0,0,0,0,0,0,0
20.59,0,235.0000000000224,33,43,229.99999999999682,69.000000000003197,51.000000000003197,44,8.7000000000004896,836.00000000003672,SSLW,model_assisted_not_ground_truth,0,0,0,0,0,0,0,0,0,0,0
20.60,0,221.00000000002984,33,43,232.99999999999361,69,51.999999999997868,50.999999999985079,8.7600000000002129,840.50000000001603,SSLW,model_assisted_not_ground_truth,0,0,0,0,0,0,0,0,0,0,0
20.61,0,220.00000000000142,32.000000000001421,43,235.99999999999574,69,51.000000000001421,55.999999999992895,8.819999999999915,844.99999999999363,SSLW,model_assisted_not_ground_truth,0,0,0,0,0,0,0,0,0,0,0
20.62,0,217.00000000000108,33.999999999999289,43,236,69,50.000000000000355,49.000000000002487,8.7500000000000249,826.00000000000671,SSLW,model_assisted_not_ground_truth,0,0,0,0,0,0,0,0,0,0,0
20.63,0,213.99999999999787,32,43,236,69.999999999999645,50.999999999999289,47,8.9799999999999969,861.99999999999568,SSLW,model_assisted_not_ground_truth,0,0,0,0,0,0,0,0,0,0,0
20.64,0,207.99999999999432,32.000000000002842,43,235.99999999999289,68.999999999995737,49,46.999999999998579,8.9699999999999296,850.00000000001137,SSLW,model_assisted_not_ground_truth,0,0,0,0,0,0,0,0,0,0,0
20.65,0,203.99999999998755,34,42.999999999997513,230.99999999999253,66,49.000000000004974,46,8.9199999999999751,857.9999999999975,SSLW,model_assisted_not_ground_truth,0,0,0,0,0,0,0,0,0,0,0
20.66,0,198.99999999995842,33.999999999996803,42,227.99999999999361,65.999999999996803,51,45.999999999993605,8.910000000000192,857.00000000000318,SSLW,model_assisted_not_ground_truth,0,0,0,0,0,0,0,0,0,0,0
20.67,0,185.9999999999531,33,42,225.99999999999574,64.999999999995737,51,44.000000000004263,8.9700000000000859,857.99999999999147,SSLW,model_assisted_not_ground_truth,0,0,0,0,0,0,0,0,0,0,0
20.68,0,174.99999999991047,33.000000000004974,41.999999999995026,225,63.999999999990052,51,45.000000000009948,8.9900000000000997,855.99999999999,SSLW,model_assisted_not_ground_truth,0,0,0,0,0,0,0,0,0,0,0
20.69,0,156.9999999999396,33.999999999987921,41,224.99999999998792,61.99999999999396,50.99999999999396,46.999999999987921,9.0100000000005434,853.99999999995771,SSLW,model_assisted_not_ground_truth,0,0,0,0,0,0,0,0,0,0,0
20.70,0,147.00000000004619,32.000000000009237,41,223.00000000000924,61.000000000004619,50.000000000004619,45.000000000009237,9.0999999999997296,846.99999999989871,SSLW,model_assisted_not_ground_truth,0,0,0,0,0,0,0,0,0,0,0
20.71,0,139.00000000002842,32,41,222.00000000000355,59.000000000007105,49.000000000003553,45.999999999996447,9.0599999999984373,832,SSLW,model_assisted_not_ground_truth,0,0,0,0,0,0,0,0,0,0,0
20.72,0,124.00000000004263,32.999999999997158,41,221.00000000000284,59,49.999999999997158,46,8.8599999999988057,832.00000000004263,SSLW,model_assisted_not_ground_truth,0,0,0,0,0,0,0,0,0,0,0
20.73,0,115.00000000001599,33,41,220.00000000000176,59,50,46,8.7200000000002493,836.99999999999113,SSLW,model_assisted_not_ground_truth,0,0,0,0,0,0,0,0,0,0,0
20.74,0,105.00000000000711,33,40.000000000000711,219.00000000000071,59,50,46,8.8199999999999292,841.99999999999648,SSLW,model_assisted_not_ground_truth,0,0,0,0,0,0,0,0,0,0,0
20.75,0,101,33,40,216,58,49,44,8.9000000000000004,823,SSLW,model_assisted_not_ground_truth,0,0,0,0,0,0,0,0,0,0,0
20.76,0,93.99999999998721,31.999999999998934,39.999999999998934,212.99999999999679,55,49,46,8.8700000000000472,821.99999999999625,SSLW,model_assisted_not_ground_truth,0,0,0,0,0,0,0,0,0,0,0
20.77,0,81.999999999969802,31.000000000001776,39,209.99999999999821,55,49,45.999999999996447,8.9150000000000809,818.49999999999375,SSLW,model_assisted_not_ground_truth,0,0,0,0,0,0,0,0,0,0,0
20.78,0,64.999999999988631,32,38.999999999997158,208.99999999998579,55,49,44,8.9599999999991198,814.99999999995737,SSLW,model_assisted_not_ground_truth,0,0,0,0,0,0,0,0,0,0,0
20.79,0,60.999999999985789,32.000000000003553,38.000000000003553,203.99999999999645,55,49,44.000000000003553,8.6500000000005688,800.00000000006037,SSLW,model_assisted_not_ground_truth,0,0,0,0,0,0,0,0,0,0,0
20.80,0,56.999999999986144,33,39,202.99999999998613,55,49,44.999999999995381,8.8099999999999543,816.99999999997692,SSLW,model_assisted_not_ground_truth,0,0,0,0,0,0,0,0,0,0,0
20.81,0,53.999999999989342,32.999999999989342,39,200.00000000002132,55,49,44,8.8000000000002672,812,SSLW,model_assisted_not_ground_truth,0,0,0,0,0,0,0,0,0,0,0
20.82,0,52.000000000009948,31.000000000009948,39,203.9999999999801,55,49,44,8.8499999999987207,811.99999999996805,SSLW,model_assisted_not_ground_truth,0,0,0,0,0,0,0,0,0,0,0
20.83,0,40.000000000046896,32.999999999992184,39,203.00000000000392,57.999999999988276,49,44,8.6500000000001496,806.99999999997021,SSLW,model_assisted_not_ground_truth,0,0,0,0,0,0,0,0,0,0,0
20.84,0,33.000000000022382,33,39.999999999996803,196.0000000000224,58,49,44.999999999996803,8.6700000000000497,802.99999999999,SSLW,model_assisted_not_ground_truth,0,0,0,0,0,0,0,0,0,0,0
20.85,0,32.000000000002132,33,40,196,58,49,45,8.6899999999999569,799.00000000000853,SSLW,model_assisted_not_ground_truth,0,0,0,0,0,0,0,0,0,0,0
20.86,0,31.000000000001421,33,40,197.99999999999716,58.999999999998579,49,45.999999999998579,8.7599999999999003,799,SSLW,model_assisted_not_ground_truth,0,0,0,0,0,0,0,0,0,0,0
20.87,0,31,32.000000000000355,39.000000000000355,195.00000000000108,58.000000000000355,48.000000000000355,46,8.7300000000000111,797.00000000000068,SSLW,model_assisted_not_ground_truth,0,0,0,0,0,0,0,0,0,0,0
20.88,0,30,32.000000000000711,40,194.00000000000037,58.999999999999645,49,44.999999999999289,8.2300000000000217,758.99999999999932,SSLW,model_assisted_not_ground_truth,0,0,0,0,0,0,0,0,0,0,0
20.89,0,29.999999999998579,34,40,194.99999999999716,58.000000000005684,48.999999999998579,43.000000000002842,8.2899999999998855,756.99999999999432,SSLW,model_assisted_not_ground_truth,0,0,0,0,0,0,0,0,0,0,0
20.90,0,29.000000000002487,33.999999999997513,40,192.9999999999975,62,48.000000000002487,44.999999999995026,8.2100000000010454,752.99999999996021,SSLW,model_assisted_not_ground_truth,0,0,0,0,0,0,0,0,0,0,0
20.91,0,30,33.000000000003197,40,192.0000000000224,62.000000000003197,48.999999999996803,42.999999999996803,8.6299999999999368,736.99999999999523,SSLW,model_assisted_not_ground_truth,0,0,0,0,0,0,0,0,0,0,0
20.92,0,29.999999999995737,34,40.000000000004263,198.99999999999574,63,48,41.999999999995737,8.6099999999999142,735.49999999999363,SSLW,model_assisted_not_ground_truth,0,0,0,0,0,0,0,0,0,0,0
20.93,0,28.999999999995026,33.999999999990052,40.999999999990052,197.9999999999801,63.000000000019895,48.000000000004974,41,8.5900000000004475,734.00000000003479,SSLW,model_assisted_not_ground_truth,0,0,0,0,0,0,0,0,0,0,0
20.94,0,27.999999999981881,32.00000000000604,39.000000000018119,194,67,48.99999999999396,40.99999999999396,8.6800000000009057,741.00000000018724,SSLW,model_assisted_not_ground_truth,0,0,0,0,0,0,0,0,0,0,0
20.95,0,25.000000000013856,32.999999999995381,41.999999999986144,194,67,48.000000000004619,40.000000000004619,8.8299999999998651,772,SSLW,model_assisted_not_ground_truth,0,0,0,0,0,0,0,0,0,0,0
20.96,0,24.000000000003553,33,42,192.00000000000711,67,49.999999999992895,38.000000000007105,8.8099999999982028,771.99999999978115,SSLW,model_assisted_not_ground_truth,0,0,0,0,0,0,0,0,0,0,0
20.97,0,23.000000000002842,32.000000000002842,42,192.99999999999716,67.999999999997158,50,38,8.5799999999998295,744,SSLW,model_assisted_not_ground_truth,0,0,0,0,0,0,0,0,0,0,0
20.98,0,23,32.999999999998224,42,195.99999999999466,68,50,38.999999999998224,8.560000000000036,744,SSLW,model_assisted_not_ground_truth,0,0,0,0,0,0,0,0,0,0,0
20.99,0,23.999999999999289,32.000000000000711,42.999999999999289,196,68,51.999999999998579,38.000000000000711,8.5300000000000207,746.99999999999784,SSLW,model_assisted_not_ground_truth,0,0,0,0,0,0,0,0,0,0,0
21.00,0,24,33,43,202,73,55,38,8.4149999999999991,744.5,SSLW,model_assisted_not_ground_truth,0,0,0,0,0,0,0,0,0,0,0
21.01,0,23.000000000003197,35,43,206.99999999999892,72.000000000003197,67.000000000001066,38,8.300000000000054,742.00000000000318,SSLW,model_assisted_not_ground_truth,0,0,0,0,0,0,0,0,0,0,0
21.02,0,26,35,43.000000000001776,206.00000000000711,75.000000000001776,68.000000000001776,38,8.3499999999999996,745.00000000001069,SSLW,model_assisted_not_ground_truth,0,0,0,0,0,0,0,0,0,0,0
21.03,0,26,35,44,210.00000000000853,76.000000000002842,69.000000000002842,38,8.3500000000007955,751.00000000000284,SSLW,model_assisted_not_ground_truth,0,0,0,0,0,0,0,0,0,0,0
21.04,0,25.999999999996447,34.999999999992895,44,213.00000000001421,77.000000000003553,70.000000000003553,37.999999999996447,8.63000000000096,752.00000000006037,SSLW,model_assisted_not_ground_truth,0,0,0,0,0,0,0,0,0,0,0
21.05,0,25,33.000000000009237,44,217.00000000000924,78,71,37.000000000009237,8.8999999999999542,768.99999999995839,SSLW,model_assisted_not_ground_truth,0,0,0,0,0,0,0,0,0,0,0
21.06,0,25.000000000005329,35,44.000000000005329,219.00000000000531,78,71,38.999999999989342,8.8899999999993611,760.00000000009061,SSLW,model_assisted_not_ground_truth,0,0,0,0,0,0,0,0,0,0,0
21.07,0,25.999999999995026,35,44.999999999995026,219.99999999999503,78,71,37.000000000009948,8.7699999999995519,776.99999999994566,SSLW,model_assisted_not_ground_truth,0,0,0,0,0,0,0,0,0,0,0
21.08,0,26.999999999996092,35,45,220,78,71,37,8.699999999999477,768.49999999993656,SSLW,model_assisted_not_ground_truth,0,0,0,0,0,0,0,0,0,0,0
21.09,0,27,35,45,219.00000000000318,78,71.999999999996803,38.999999999993605,8.6300000000030241,760.00000000031048,SSLW,model_assisted_not_ground_truth,0,0,0,0,0,0,0,0,0,0,0
21.10,0,27.999999999997868,33.000000000004263,45,218.00000000000213,78,73.999999999995737,37.000000000004263,8.9999999999992113,797.99999999991905,SSLW,model_assisted_not_ground_truth,0,0,0,0,0,0,0,0,0,0,0
21.11,0,28.999999999998579,33.999999999998579,44.500000000000711,218,77.000000000001421,74.999999999998579,37.499999999999289,9.0199999999999712,786.00000000001705,SSLW,model_assisted_not_ground_truth,0,0,0,0,0,0,0,0,0,0,0
21.12,0,29.999999999999645,34.999999999999645,44.000000000000178,218,76.000000000000355,75.999999999999645,37.999999999999822,8.900000000000043,833.99999999998295,SSLW,model_assisted_not_ground_truth,0,0,0,0,0,0,0,0,0,0,0
21.13,0,30,34,45,218.00000000000037,76.000000000000355,77,37,8.9100000000001351,819.00000000000466,SSLW,model_assisted_not_ground_truth,0,0,0,0,0,0,0,0,0,0,0
21.14,0,30,34,44.999999999999289,219.00000000000071,77,77,37,9.2899999999998997,831.99999999996305,SSLW,model_assisted_not_ground_truth,0,0,0,0,0,0,0,0,0,0,0
21.15,0,30,34,44.499999999998757,219.50000000000125,77,77,37,9.2199999999999509,806.00000000007458,SSLW,model_assisted_not_ground_truth,0,0,0,0,0,0,0,0,0,0,0
21.16,0,30,33.999999999993605,44.000000000003197,220.00000000000321,77,76.999999999996803,37,9.1999999999999353,836.00000000009595,SSLW,model_assisted_not_ground_truth,0,0,0,0,0,0,0,0,0,0,0
21.17,0,30,32.000000000008527,45,220.99999999999574,77,76,37,9.180000000000426,866.00000000004263,SSLW,model_assisted_not_ground_truth,0,0,0,0,0,0,0,0,0,0,0
21.18,0,30,33.999999999995026,45,220.00000000000497,77,76,37,9.2799999999997009,875.99999999993531,SSLW,model_assisted_not_ground_truth,0,0,0,0,0,0,0,0,0,0,0
21.19,0,30,33.000000000012079,45,221,77,76,37,9.220000000000665,863.00000000019327,SSLW,model_assisted_not_ground_truth,0,0,0,0,0,0,0,0,0,0,0
21.20,0,30,34.999999999990763,45,221,77,76,37,9.3300000000000001,894.99999999998647,SSLW,model_assisted_not_ground_truth,0,0,0,0,0,0,0,0,0,0,0
21.21,0,30,35,45,221,77,76,37,9.3299999999992185,892.99999999982799,SSLW,model_assisted_not_ground_truth,0,0,0,0,0,0,0,0,0,0,0
21.22,0,30,35,45,221,77.999999999997158,76.999999999997158,38.999999999994316,9.2299999999993183,871.00000000021316,SSLW,model_assisted_not_ground_truth,0,0,0,0,0,0,0,0,0,0,0
21.23,0,30,33.000000000003553,45,220.00000000000176,77.000000000001776,77,37.000000000003553,9.1500000000001425,895.99999999995555,SSLW,model_assisted_not_ground_truth,0,0,0,0,0,0,0,0,0,0,0
21.24,0,30,33.999999999999289,45,220.99999999999929,77,77.999999999999289,37,9.1799999999999784,892.00000000000284,SSLW,model_assisted_not_ground_truth,0,0,0,0,0,0,0,0,0,0,0
21.25,0,30,34,44,220,76,78,39,9.2100000000000009,888,SSLW,model_assisted_not_ground_truth,0,0,0,0,0,0,0,0,0,0,0
21.26,0,30,34,45,220,76,78,39,9.1999999999998181,881.99999999999363,SSLW,model_assisted_not_ground_truth,0,0,0,0,0,0,0,0,0,0,0
21.27,0,30.000000000001776,33.999999999996447,44.999999999998224,220,76,77.999999999998224,39,9.0300000000000704,875.99999999996089,SSLW,model_assisted_not_ground_truth,0,0,0,0,0,0,0,0,0,0,0
21.28,0,31,32.000000000005684,44.000000000002842,220,76,76.999999999997158,39,9.0700000000002561,854.00000000000284,SSLW,model_assisted_not_ground_truth,0,0,0,0,0,0,0,0,0,0,0
21.29,0,31,34,45,219.99999999999645,76,76,39,9.1599999999991475,854.99999999995384,SSLW,model_assisted_not_ground_truth,0,0,0,0,0,0,0,0,0,0,0
21.30,0,31,33.999999999990763,45,218.99999999999537,75.999999999995381,76,38.999999999990763,8.920000000000023,842.00000000002308,SSLW,model_assisted_not_ground_truth,0,0,0,0,0,0,0,0,0,0,0
21.31,0,31.000000000005329,32,45,218,74.999999999994671,75.999999999989342,37.000000000010658,8.9250000000000256,847.0000000000266,SSLW,model_assisted_not_ground_truth,0,0,0,0,0,0,0,0,0,0,0
21.32,0,31.999999999995026,32,45,218,74.000000000004974,74.000000000009948,38.999999999990052,8.9299999999999358,851.99999999996157,SSLW,model_assisted_not_ground_truth,0,0,0,0,0,0,0,0,0,0,0
21.33,0,32,32,45,217.00000000000392,74,71.000000000011724,39,8.9199999999985824,845.9999999999701,SSLW,model_assisted_not_ground_truth,0,0,0,0,0,0,0,0,0,0,0
21.34,0,32,33.999999999993605,44.000000000003197,215.00000000000639,72.000000000006395,70.000000000003197,39,8.7299999999982845,841.99999999987745,SSLW,model_assisted_not_ground_truth,0,0,0,0,0,0,0,0,0,0,0
21.35,0,32,32.000000000004263,44.999999999997868,214.00000000000213,71.000000000002132,70,39,8.5200000000004472,827.00000000003195,SSLW,model_assisted_not_ground_truth,0,0,0,0,0,0,0,0,0,0,0
21.36,0,32,32,44.000000000001421,211.00000000000426,70.000000000001421,70,38.000000000001421,8.3600000000002268,795.00000000004547,SSLW,model_assisted_not_ground_truth,0,0,0,0,0,0,0,0,0,0,0
21.37,0,32,32,44.999999999999645,209.00000000000071,70,70,38.999999999999645,8.679999999999886,780.00000000000534,SSLW,model_assisted_not_ground_truth,0,0,0,0,0,0,0,0,0,0,0
21.38,0,32,32.000000000000355,44,206.99999999999929,68.999999999999645,70,39,8.7500000000000355,779.000000000005,SSLW,model_assisted_not_ground_truth,0,0,0,0,0,0,0,0,0,0,0
21.39,0,32,32.999999999997158,44,205,68,70,39,8.8499999999999925,792.99999999999716,SSLW,model_assisted_not_ground_truth,0,0,0,0,0,0,0,0,0,0,0
21.40,0,32,31,44,205,68.000000000002487,69.999999999997513,39,8.8449999999999882,790.999999999995,SSLW,model_assisted_not_ground_truth,0,0,0,0,0,0,0,0,0,0,0
21.41,0,32,31.000000000003197,44,204.99999999999039,68.999999999996803,69,39,8.8399999999992325,788.99999999987529,SSLW,model_assisted_not_ground_truth,0,0,0,0,0,0,0,0,0,0,0
21.42,0,32,32.000000000004263,44,202.00000000000426,68,68.999999999995737,38.999999999995737,8.5999999999999144,750.00000000000432,SSLW,model_assisted_not_ground_truth,0,0,0,0,0,0,0,0,0,0,0
21.43,0,32,33,44,202.99999999999503,68,68.000000000004974,38.000000000004974,8.5799999999993037,750.9999999999751,SSLW,model_assisted_not_ground_truth,0,0,0,0,0,0,0,0,0,0,0
21.44,0,31.99999999999396,32.99999999999396,44,201.99999999999397,68,69,39,8.4400000000001203,745.99999999999397,SSLW,model_assisted_not_ground_truth,0,0,0,0,0,0,0,0,0,0,0
21.45,0,31.000000000004619,32.000000000004619,44,201.0000000000046,68,69,39,8.4600000000006759,745.00000000002024,SSLW,model_assisted_not_ground_truth,0,0,0,0,0,0,0,0,0,0,0
21.46,0,31,32.999999999996447,44,200.00000000000355,68,69,39,8.5600000000016028,748.00000000005468,SSLW,model_assisted_not_ground_truth,0,0,0,0,0,0,0,0,0,0,0
21.47,0,31,33,44,200,68,67.000000000005684,39,8.7650000000005832,755.0000000000199,SSLW,model_assisted_not_ground_truth,0,0,0,0,0,0,0,0,0,0,0
21.48,0,31,33,44,198.00000000000355,68,66.000000000001776,38.000000000001776,8.9699999999996365,761.99999999998761,SSLW,model_assisted_not_ground_truth,0,0,0,0,0,0,0,0,0,0,0
21.49,0,31.999999999999289,32.000000000000711,44,196.00000000000142,67.000000000000711,60.000000000004263,37.000000000000711,9.1399999999998798,708.00000000003843,SSLW,model_assisted_not_ground_truth,0,0,0,0,0,0,0,0,0,0,0
21.50,0,31,32,44,196,67,58,39,8.8599999999999994,773,SSLW,model_assisted_not_ground_truth,0,0,0,0,0,0,0,0,0,0,0
21.51,0,31,33.999999999997868,44,194.99999999999892,64,58.999999999998934,37.000000000002132,8.7700000000003833,761.00000000002456,SSLW,model_assisted_not_ground_truth,0,0,0,0,0,0,0,0,0,0,0
21.52,0,31,31.999999999998224,44,193.99999999999466,63.999999999998224,57.999999999998224,39,9.1299999999998054,784.00000000002842,SSLW,model_assisted_not_ground_truth,0,0,0,0,0,0,0,0,0,0,0
21.53,0,31,31.000000000005684,44,190.99999999999432,62.999999999997158,57.000000000002842,38.999999999994316,9.0199999999996301,800.00000000006537,SSLW,model_assisted_not_ground_truth,0,0,0,0,0,0,0,0,0,0,0
21.54,0,31,32.999999999996447,44,188.99999999998934,61.999999999996447,57.999999999989342,37.000000000007105,8.8900000000000539,822.99999999998397,SSLW,model_assisted_not_ground_truth,0,0,0,0,0,0,0,0,0,0,0
21.55,0,30.999999999995381,32.000000000004619,44,186,60.999999999995381,55.000000000004619,38.999999999990763,8.9050000000000686,818.4999999999792,SSLW,model_assisted_not_ground_truth,0,0,0,0,0,0,0,0,0,0,0
21.56,0,30,32.999999999994671,44,185.99999999999469,59.999999999973355,55.999999999994671,37.000000000010658,8.9200000000018651,814.00000000006924,SSLW,model_assisted_not_ground_truth,0,0,0,0,0,0,0,0,0,0,0
21.57,0,30,32.000000000004974,44,185.00000000000497,55.000000000024869,55.000000000004974,38.999999999990052,9.269999999999488,826.99999999981458,SSLW,model_assisted_not_ground_truth,0,0,0,0,0,0,0,0,0,0,0
21.58,0,30,32.999999999996092,44,183.00000000000782,55,53.000000000007816,37.000000000007816,9.1899999999999995,798.00000000049988,SSLW,model_assisted_not_ground_truth,0,0,0,0,0,0,0,0,0,0,0
21.59,0,30,33,42.000000000006395,182.00000000000318,54.000000000003197,51.000000000006395,37,9.1899999999986104,864.99999999986107,SSLW,model_assisted_not_ground_truth,0,0,0,0,0,0,0,0,0,0,0
21.60,0,30.999999999997868,31.000000000004263,43.999999999995737,182.99999999999787,54,51.999999999997868,37.999999999997868,9.020000000000362,848.00000000003627,SSLW,model_assisted_not_ground_truth,0,0,0,0,0,0,0,0,0,0,0
21.61,0,30.000000000001421,32.999999999997158,44,182.00000000000142,54,51.000000000001421,38.999999999998579,9.1799999999997723,860.99999999998158,SSLW,model_assisted_not_ground_truth,0,0,0,0,0,0,0,0,0,0,0
21.62,0,30,33,44,182,54,51,38.000000000000355,9.150000000000011,847.000000000005,SSLW,model_assisted_not_ground_truth,0,0,0,0,0,0,0,0,0,0,0
21.63,0,30.000000000000355,32.999999999999645,41.000000000001066,181,53.999999999999645,51.000000000000355,37,9.2399999999999878,879.99999999999852,SSLW,model_assisted_not_ground_truth,0,0,0,0,0,0,0,0,0,0,0
21.64,0,30.999999999998579,31.999999999997158,43.999999999998579,181.00000000000284,53.000000000001421,52,37.000000000002842,9.2049999999999503,875.99999999999432,SSLW,model_assisted_not_ground_truth,0,0,0,0,0,0,0,0,0,0,0
21.65,0,30,30.000000000004974,43,182.9999999999975,53.999999999997513,52,38.999999999997513,9.1699999999997761,872.0000000000199,SSLW,model_assisted_not_ground_truth,0,0,0,0,0,0,0,0,0,0,0
21.66,0,30,31.999999999990408,43,181.99999999999679,53,52,38.000000000003197,9.080000000000064,879.99999999998397,SSLW,model_assisted_not_ground_truth,0,0,0,0,0,0,0,0,0,0,0
21.67,0,30,29.000000000004263,42.999999999991473,181.00000000000853,53,51.999999999995737,38.999999999995737,9.0999999999998717,874.99999999997863,SSLW,model_assisted_not_ground_truth,0,0,0,0,0,0,0,0,0,0,0
21.68,0,30,30.000000000004974,41.000000000009948,183,53,51.000000000004974,38,9.0699999999992542,869.9999999999751,SSLW,model_assisted_not_ground_truth,0,0,0,0,0,0,0,0,0,0,0
21.69,0,30,31,43,182.99999999998792,53.00000000000604,52,38,8.9200000000006039,864.99999999984902,SSLW,model_assisted_not_ground_truth,0,0,0,0,0,0,0,0,0,0,0
21.70,0,30,31,43,181.00000000000924,53.999999999995381,52,38,9.0200000000000671,840.00000000006071,SSLW,model_assisted_not_ground_truth,0,0,0,0,0,0,0,0,0,0,0
21.71,0,30,31,43,185.99999999998224,53.000000000003553,52,38,9.0299999999991787,848.9999999999726,SSLW,model_assisted_not_ground_truth,0,0,0,0,0,0,0,0,0,0,0
21.72,0,30,31,43,184.00000000000568,53,52,38,8.9249999999997023,845.49999999999,SSLW,model_assisted_not_ground_truth,0,0,0,0,0,0,0,0,0,0,0
21.73,0,30,29.000000000003553,43,182.00000000000355,53,51.000000000001776,38.999999999998224,8.8200000000001868,842.00000000000625,SSLW,model_assisted_not_ground_truth,0,0,0,0,0,0,0,0,0,0,0
21.74,0,30,29,43,183.99999999999858,53,53.999999999997868,39,8.7900000000000205,841.00000000000068,SSLW,model_assisted_not_ground_truth,0,0,0,0,0,0,0,0,0,0,0
21.75,0,30,30,43,184,53,55,39,8.7799999999999994,836,SSLW,model_assisted_not_ground_truth,0,0,0,0,0,0,0,0,0,0,0
21.76,0,30,29.999999999998934,43,187.00000000000108,53.000000000001066,54.000000000002132,38.999999999998934,8.6399999999995742,832.99999999996589,SSLW,model_assisted_not_ground_truth,0,0,0,0,0,0,0,0,0,0,0
21.77,0,30,29.000000000001776,43,188.00000000000179,53.999999999998224,56.000000000003553,38.000000000001776,8.2399999999999469,800.99999999995737,SSLW,model_assisted_not_ground_truth,0,0,0,0,0,0,0,0,0,0,0
21.78,0,29.999999999997158,30.000000000002842,43,189,53.000000000002842,58,39,8.210000000000484,776.99999999999,SSLW,model_assisted_not_ground_truth,0,0,0,0,0,0,0,0,0,0,0
21.79,0,29.000000000003553,31,43,189.00000000000711,54.000000000007105,58.000000000007105,39,8.3800000000006047,773.49999999998761,SSLW,model_assisted_not_ground_truth,0,0,0,0,0,0,0,0,0,0,0
21.80,0,30,30.999999999990763,43,190.99999999999076,56,60.000000000023093,39,8.5500000000000931,769.99999999999534,SSLW,model_assisted_not_ground_truth,0,0,0,0,0,0,0,0,0,0,0
21.81,0,30,29,43,189.00000000000531,56,65.000000000015987,39,8.5700000000007464,769.00000000007458,SSLW,model_assisted_not_ground_truth,0,0,0,0,0,0,0,0,0,0,0
21.82,0,30,29,43,189.99999999999503,56,67.999999999985079,39,8.7099999999999369,782.99999999998715,SSLW,model_assisted_not_ground_truth,0,0,0,0,0,0,0,0,0,0,0
21.83,0,30,30.999999999992184,41.000000000007816,191.99999999999218,56,68,39,8.6999999999985818,780.99999999977615,SSLW,model_assisted_not_ground_truth,0,0,0,0,0,0,0,0,0,0,0
21.84,0,30,30.000000000003197,42.999999999993605,192.99999999999682,56,68.999999999996803,39,8.5099999999982838,750.99999999989382,SSLW,model_assisted_not_ground_truth,0,0,0,0,0,0,0,0,0,0,0
21.85,0,30,30.999999999997868,43,195.99999999999361,59.999999999991473,68.000000000002132,39,8.3000000000004484,738.00000000002774,SSLW,model_assisted_not_ground_truth,0,0,0,0,0,0,0,0,0,0,0
21.86,0,30,30.000000000001421,43,196,60.999999999998579,69.999999999997158,39,8.3049999999999926,736.50000000000216,SSLW,model_assisted_not_ground_truth,0,0,0,0,0,0,0,0,0,0,0
21.87,0,29.000000000000355,30,43,197.99999999999929,61,70,39,8.3099999999999987,735.00000000000057,SSLW,model_assisted_not_ground_truth,0,0,0,0,0,0,0,0,0,0,0
21.88,0,29.000000000000355,31,42.000000000000355,198.00000000000142,62,70,39,8.3900000000000929,739.00000000000182,SSLW,model_assisted_not_ground_truth,0,0,0,0,0,0,0,0,0,0,0
21.89,0,30,31,43,201.99999999999574,62,70,39,8.6500000000004835,743.99999999993031,SSLW,model_assisted_not_ground_truth,0,0,0,0,0,0,0,0,0,0,0
21.90,0,30,31,43,199.0000000000025,62.000000000002487,70,38.999999999997513,8.9899999999992541,695.00000000017656,SSLW,model_assisted_not_ground_truth,0,0,0,0,0,0,0,0,0,0,0
21.91,0,30.000000000003197,31.000000000003197,43,200.00000000000639,63,70,38,8.6899999999999356,765.99999999997442,SSLW,model_assisted_not_ground_truth,0,0,0,0,0,0,0,0,0,0,0
21.92,0,31,31.999999999995737,43,201.99999999999574,63,70,38.000000000008527,8.6700000000009378,758.00000000008959,SSLW,model_assisted_not_ground_truth,0,0,0,0,0,0,0,0,0,0,0
21.93,0,31,31,43,201.00000000001492,63,70,39.999999999995026,8.8900000000002493,778.9999999999751,SSLW,model_assisted_not_ground_truth,0,0,0,0,0,0,0,0,0,0,0
21.94,0,30.99999999999396,30.99999999999396,43,204,63,70.00000000000604,39,8.9399999999993351,774.00000000011778,SSLW,model_assisted_not_ground_truth,0,0,0,0,0,0,0,0,0,0,0
21.95,0,30.000000000004619,30.000000000004619,43,204,63,70.999999999995381,39,8.8299999999992576,793.50000000013165,SSLW,model_assisted_not_ground_truth,0,0,0,0,0,0,0,0,0,0,0
21.96,0,30,30.999999999996447,42.000000000003553,204,63,71,39.999999999996447,8.7200000000004696,812.99999999985926,SSLW,model_assisted_not_ground_truth,0,0,0,0,0,0,0,0,0,0,0
21.97,0,31.999999999994316,30.000000000002842,42.999999999997158,204,63,71,39.000000000002842,8.7800000000029836,795.00000000021316,SSLW,model_assisted_not_ground_truth,0,0,0,0,0,0,0,0,0,0,0
21.98,0,32,30,43,204.99999999999824,63,71,39,9.1299999999993791,819.99999999995555,SSLW,model_assisted_not_ground_truth,0,0,0,0,0,0,0,0,0,0,0
21.99,0,30.000000000001421,30,42.000000000000711,204.00000000000071,63,71,38.000000000000711,9.0900000000000283,792.0000000000199,SSLW,model_assisted_not_ground_truth,0,0,0,0,0,0,0,0,0,0,0
22.00,0,32,32,43,205,64,71,39,9.0899999999999999,856,SSLW,model_assisted_not_ground_truth,0,0,0,0,0,0,0,0,0,0,0
22.01,0,32,30.000000000002132,42.999999999998934,203,63.999999999998934,70,38.999999999998934,9.069999999999947,864.99999999999147,SSLW,model_assisted_not_ground_truth,0,0,0,0,0,0,0,0,0,0,0
22.02,0,32,32,42.000000000001776,203,62.999999999998224,70,38.000000000001776,9.019999999999964,856.99999999998488,SSLW,model_assisted_not_ground_truth,0,0,0,0,0,0,0,0,0,0,0
22.03,0,31.999999999997158,31.999999999994316,42.999999999997158,203,62,70,39,8.9999999999999432,848.4999999999759,SSLW,model_assisted_not_ground_truth,0,0,0,0,0,0,0,0,0,0,0
22.04,0,31.000000000003553,30,42.000000000003553,202.99999999998934,61.999999999996447,70,39.000000000003553,8.9800000000007465,840.00000000011721,SSLW,model_assisted_not_ground_truth,0,0,0,0,0,0,0,0,0,0,0
22.05,0,32,30.000000000009237,43,199.99999999999076,60.999999999986144,70,39.999999999995381,9.1899999999991682,873.00000000003229,SSLW,model_assisted_not_ground_truth,0,0,0,0,0,0,0,0,0,0,0
22.06,0,32,31.999999999989342,42.999999999994671,197.99999999998934,57.999999999994671,69.999999999989342,38.999999999994671,9.0099999999996268,879.99999999995737,SSLW,model_assisted_not_ground_truth,0,0,0,0,0,0,0,0,0,0,0
22.07,0,32,30.000000000009948,42.000000000004974,196.00000000000995,57.000000000004974,68.000000000009948,38.000000000004974,8.9400000000003832,871.99999999998079,SSLW,model_assisted_not_ground_truth,0,0,0,0,0,0,0,0,0,0,0
22.08,0,31.000000000003908,31.999999999992184,42.999999999996092,194.00000000000782,57,60.000000000031264,38.999999999996092,8.9999999999985079,868.99999999989552,SSLW,model_assisted_not_ground_truth,0,0,0,0,0,0,0,0,0,0,0
22.09,0,30.000000000003197,30.000000000006395,42.000000000003197,192.00000000000639,54.000000000009592,59.000000000003197,39,8.8000000000007361,855.00000000000819,SSLW,model_assisted_not_ground_truth,0,0,0,0,0,0,0,0,0,0,0
22.10,0,30,30,42.999999999997868,190.00000000000426,54,56.000000000006395,39,8.8899999999998087,855.99999999999784,SSLW,model_assisted_not_ground_truth,0,0,0,0,0,0,0,0,0,0,0
22.11,0,30.999999999998579,30,43,187.00000000000426,54,53.000000000004263,39,8.8650000000000357,848.50000000001069,SSLW,model_assisted_not_ground_truth,0,0,0,0,0,0,0,0,0,0,0
22.12,0,31.999999999999645,30,41.000000000000711,185.00000000000071,53.000000000000355,53,37.000000000000711,8.8400000000000087,841.00000000000261,SSLW,model_assisted_not_ground_truth,0,0,0,0,0,0,0,0,0,0,0
22.13,0,31,30,41.999999999999645,183.99999999999929,53,52,38.000000000000355,8.9199999999998933,839.99999999999363,SSLW,model_assisted_not_ground_truth,0,0,0,0,0,0,0,0,0,0,0
22.14,0,31.000000000001421,30.000000000001421,41.000000000001421,181.99999999999716,53,51.999999999998579,38.999999999998579,8.6200000000001129,822.00000000002422,SSLW,model_assisted_not_ground_truth,0,0,0,0,0,0,0,0,0,0,0
22.15,0,31.999999999995026,30.999999999997513,41.999999999997513,179.99999999998508,52.999999999997513,50.999999999997513,37.999999999997513,8.6999999999995516,838.9999999999776,SSLW,model_assisted_not_ground_truth,0,0,0,0,0,0,0,0,0,0,0
22.16,0,30,30.000000000003197,40.999999999996803,173.99999999998082,52,50,37.000000000003197,8.5200000000000955,829.99999999998079,SSLW,model_assisted_not_ground_truth,0,0,0,0,0,0,0,0,0,0,0
22.17,0,30,31,39.999999999995737,167.99999999999574,52,50,37.999999999991473,8.5499999999991481,823.99999999992542,SSLW,model_assisted_not_ground_truth,0,0,0,0,0,0,0,0,0,0,0
22.18,0,30,31,39.000000000004974,167,52,50,36.000000000004974,8.3499999999990067,806.49999999991292,SSLW,model_assisted_not_ground_truth,0,0,0,0,0,0,0,0,0,0,0
22.19,0,29.99999999999396,31,39.99999999999396,167,52,49.99999999999396,37,8.1500000000009667,788.99999999989132,SSLW,model_assisted_not_ground_truth,0,0,0,0,0,0,0,0,0,0,0
22.20,0,29.000000000004619,31,39.000000000004619,167,52,49.000000000004619,37,8.3100000000013505,770.99999999996624,SSLW,model_assisted_not_ground_truth,0,0,0,0,0,0,0,0,0,0,0
22.21,0,29.999999999996447,31,39.999999999996447,167,52,49,37,8.5100000000003906,765.99999999996089,SSLW,model_assisted_not_ground_truth,0,0,0,0,0,0,0,0,0,0,0
22.22,0,30,29.000000000005684,40,167.99999999999716,52,48.000000000002842,37,8.5600000000010237,761.00000000011937,SSLW,model_assisted_not_ground_truth,0,0,0,0,0,0,0,0,0,0,0
22.23,0,30,30.999999999996447,40,168.99999999999824,52,48.999999999998224,37,8.6799999999997866,774.9999999999751,SSLW,model_assisted_not_ground_truth,0,0,0,0,0,0,0,0,0,0,0
22.24,0,30,31,40,167.00000000000142,52,49,35.000000000001421,8.6200000000000419,765.00000000000705,SSLW,model_assisted_not_ground_truth,0,0,0,0,0,0,0,0,0,0,0
22.25,0,30,31,40,166,52,49,37,8.4000000000000004,729,SSLW,model_assisted_not_ground_truth,0,0,0,0,0,0,0,0,0,0,0
22.26,0,29.999999999998934,29,40,167.99999999999892,52,48.000000000001066,36.999999999998934,8.2800000000000047,724.00000000000216,SSLW,model_assisted_not_ground_truth,0,0,0,0,0,0,0,0,0,0,0
22.27,0,29,29.000000000003553,40,166.99999999999821,52,49,36,8.2850000000000072,726.00000000000352,SSLW,model_assisted_not_ground_truth,0,0,0,0,0,0,0,0,0,0,0
22.28,0,29,31.000000000002842,40,166.00000000000284,52,49,36,8.2900000000001128,728.00000000000853,SSLW,model_assisted_not_ground_truth,0,0,0,0,0,0,0,0,0,0,0
22.29,0,29,32,40,167.00000000000355,52,48.999999999996447,36,8.3300000000012435,731.00000000001421,SSLW,model_assisted_not_ground_truth,0,0,0,0,0,0,0,0,0,0,0
22.30,0,29,32,40,168,52,48.000000000004619,36,8.6800000000007849,735.00000000005082,SSLW,model_assisted_not_ground_truth,0,0,0,0,0,0,0,0,0,0,0
22.31,0,29,32,40,167.99999999999469,52,49,36,8.8499999999993069,745.99999999992008,SSLW,model_assisted_not_ground_truth,0,0,0,0,0,0,0,0,0,0,0
22.32,0,29,32,40,167.00000000000497,52,49,36,8.7200000000001285,731.00000000020464,SSLW,model_assisted_not_ground_truth,0,0,0,0,0,0,0,0,0,0,0
22.33,0,29,31.000000000003908,40,167,52,49,36,8.7399999999997764,762.99999999995896,SSLW,model_assisted_not_ground_truth,0,0,0,0,0,0,0,0,0,0,0
22.34,0,29,29.000000000006395,40,167.99999999999682,52,49,36,8.7099999999999262,757.49999999998636,SSLW,model_assisted_not_ground_truth,0,0,0,0,0,0,0,0,0,0,0
22.35,0,29,30.999999999995737,40,168,52,48.000000000002132,35.000000000002132,8.6800000000000637,752.00000000001171,SSLW,model_assisted_not_ground_truth,0,0,0,0,0,0,0,0,0,0,0
22.36,0,29,31,40,167.00000000000142,52,48,35,8.8699999999997292,775.99999999996589,SSLW,model_assisted_not_ground_truth,0,0,0,0,0,0,0,0,0,0,0
22.37,0,28.000000000000355,29.000000000000711,40,167.99999999999966,52,48.999999999999645,36.999999999999289,8.8699999999999992,751.00000000000887,SSLW,model_assisted_not_ground_truth,0,0,0,0,0,0,0,0,0,0,0
22.38,0,29,30.999999999999289,38.000000000000711,168.99999999999858,52.999999999999645,48.000000000000355,34.999999999999645,8.7500000000000178,805.99999999999648,SSLW,model_assisted_not_ground_truth,0,0,0,0,0,0,0,0,0,0,0
22.39,0,29,29.000000000002842,40,165.00000000000426,52,49,34.000000000004263,8.8000000000005123,796.00000000002274,SSLW,model_assisted_not_ground_truth,0,0,0,0,0,0,0,0,0,0,0
22.40,0,28.999999999997513,30.999999999997513,40,167.9999999999975,52,48.999999999997513,37,9.1599999999999753,811.99999999996771,SSLW,model_assisted_not_ground_truth,0,0,0,0,0,0,0,0,0,0,0
22.41,0,28,30,40,167,52.000000000003197,48.000000000003197,36.999999999996803,9.1499999999999364,798.9999999999776,SSLW,model_assisted_not_ground_truth,0,0,0,0,0,0,0,0,0,0,0
22.42,0,28,30.000000000004263,40,167,52.999999999995737,49,36,9.1299999999999137,791.99999999997021,SSLW,model_assisted_not_ground_truth,0,0,0,0,0,0,0,0,0,0,0
22.43,0,28.000000000004974,30.999999999990052,40,167.00000000000497,52,49,36.000000000004974,9.1099999999999497,785.00000000032833,SSLW,model_assisted_not_ground_truth,0,0,0,0,0,0,0,0,0,0,0
22.44,0,28.99999999999396,29.00000000000604,40,168,52,49,37,9.1000000000001204,851.00000000003024,SSLW,model_assisted_not_ground_truth,0,0,0,0,0,0,0,0,0,0,0
22.45,0,28.000000000004619,29.999999999995381,40,168,52,49,37,9.1199999999994592,855.99999999985823,SSLW,model_assisted_not_ground_truth,0,0,0,0,0,0,0,0,0,0,0
22.46,0,28,30,40,168,52,49,35.000000000007105,9.0400000000010934,835.0000000002658,SSLW,model_assisted_not_ground_truth,0,0,0,0,0,0,0,0,0,0,0
22.47,0,28.999999999997158,30.999999999997158,40,167.00000000000284,52,49,36.999999999994316,9.1799999999990618,869.00000000005116,SSLW,model_assisted_not_ground_truth,0,0,0,0,0,0,0,0,0,0,0
22.48,0,29,29.000000000003553,40,167.99999999999824,52.999999999998224,49,37,9.0700000000001957,874.99999999998931,SSLW,model_assisted_not_ground_truth,0,0,0,0,0,0,0,0,0,0,0
22.49,0,29,29.999999999999289,40,168,52.000000000000711,49,35.000000000001421,9.0200000000000351,870.50000000000318,SSLW,model_assisted_not_ground_truth,0,0,0,0,0,0,0,0,0,0,0
22.50,0,29,30,40,167,52,49,37,8.9700000000000006,866,SSLW,model_assisted_not_ground_truth,0,0,0,0,0,0,0,0,0,0,0
22.51,0,29,30.000000000001066,40,168,52,48.000000000001066,36,9.0399999999999672,863.99999999999466,SSLW,model_assisted_not_ground_truth,0,0,0,0,0,0,0,0,0,0,0
22.52,0,29,31,39.999999999996447,168,52.000000000001776,48.999999999998224,35.999999999998224,9.0099999999998399,858.99999999998931,SSLW,model_assisted_not_ground_truth,0,0,0,0,0,0,0,0,0,0,0
22.53,0,29,31,38.000000000005684,168,52.999999999997158,48,35.000000000002842,8.919999999999801,853.00000000000284,SSLW,model_assisted_not_ground_truth,0,0,0,0,0,0,0,0,0,0,0
22.54,0,28.999999999996447,30.999999999996447,40,168,52,48.000000000003553,36.000000000003553,8.8500000000001773,853.99999999993247,SSLW,model_assisted_not_ground_truth,0,0,0,0,0,0,0,0,0,0,0
22.55,0,28,30.000000000004619,39.999999999990763,168,52,48.999999999995381,36.999999999990763,8.9000000000004622,834.99999999995384,SSLW,model_assisted_not_ground_truth,0,0,0,0,0,0,0,0,0,0,0
22.56,0,28,30.999999999994671,38.000000000010658,168.00000000000531,52.000000000005329,48.000000000005329,35.000000000010658,8.9999999999986144,825.00000000004798,SSLW,model_assisted_not_ground_truth,0,0,0,0,0,0,0,0,0,0,0
22.57,0,28,30.000000000004974,39.999999999990052,168.99999999999503,52.999999999995026,48.999999999995026,36.999999999990052,8.7399999999995845,833.99999999995202,SSLW,model_assisted_not_ground_truth,0,0,0,0,0,0,0,0,0,0,0
22.58,0,28,30,40,169,53,48.000000000003908,36.000000000003908,8.674999999999514,826.49999999994407,SSLW,model_assisted_not_ground_truth,0,0,0,0,0,0,0,0,0,0,0
22.59,0,28,30.999999999996803,40,169,53,48,35.000000000003197,8.6099999999997543,819.00000000002456,SSLW,model_assisted_not_ground_truth,0,0,0,0,0,0,0,0,0,0,0
22.60,0,28,31,40,169.99999999999787,53,48.999999999997868,36.999999999995737,8.580000000000064,821.99999999999363,SSLW,model_assisted_not_ground_truth,0,0,0,0,0,0,0,0,0,0,0
22.61,0,28,31,40,170,53,49,36.000000000001421,8.1800000000005681,786.00000000005116,SSLW,model_assisted_not_ground_truth,0,0,0,0,0,0,0,0,0,0,0
22.62,0,28,31.999999999999645,40,169.00000000000034,52.000000000000355,48.000000000000355,35.000000000000355,8.1899999999999959,769.00000000000603,SSLW,model_assisted_not_ground_truth,0,0,0,0,0,0,0,0,0,0,0
22.63,0,28,30.000000000000711,40,170.99999999999963,52,48.999999999999645,37,8.5400000000000098,759.99999999999966,SSLW,model_assisted_not_ground_truth,0,0,0,0,0,0,0,0,0,0,0
22.64,0,28,31.999999999998579,40,169.99999999999716,52.000000000001421,48.000000000001421,36.999999999997158,8.5700000000001992,759.00000000001853,SSLW,model_assisted_not_ground_truth,0,0,0,0,0,0,0,0,0,0,0
22.65,0,28,30.999999999997513,40,167.9999999999975,53,48.999999999997513,35,8.7100000000000257,772.00000000000125,SSLW,model_assisted_not_ground_truth,0,0,0,0,0,0,0,0,0,0,0
22.66,0,28,30.000000000003197,40,167.00000000001279,53,48.000000000003197,35,8.7200000000000326,772.50000000000159,SSLW,model_assisted_not_ground_truth,0,0,0,0,0,0,0,0,0,0,0
22.67,0,28,31,40,170.99999999999574,52.999999999995737,49,35.000000000008527,8.7299999999988493,772.99999999985505,SSLW,model_assisted_not_ground_truth,0,0,0,0,0,0,0,0,0,0,0
22.68,0,28,30.999999999995026,40,170,52.000000000004974,48.999999999995026,37,8.4600000000000506,738.9999999999751,SSLW,model_assisted_not_ground_truth,0,0,0,0,0,0,0,0,0,0,0
22.69,0,28,30,40,169.99999999998792,53,48.000000000012079,37,8.4699999999989739,733.99999999994566,SSLW,model_assisted_not_ground_truth,0,0,0,0,0,0,0,0,0,0,0
22.70,0,28,30,40,168.00000000000924,53,49.999999999990763,37,8.3000000000002707,725.00000000003376,SSLW,model_assisted_not_ground_truth,0,0,0,0,0,0,0,0,0,0,0
22.71,0,28,30,40,169.99999999999289,53,48.000000000007105,37,8.3400000000006251,730.00000000001569,SSLW,model_assisted_not_ground_truth,0,0,0,0,0,0,0,0,0,0,0
22.72,0,28,30.999999999997158,40,170,52.000000000002842,48,36.000000000002842,8.4200000000005542,732,SSLW,model_assisted_not_ground_truth,0,0,0,0,0,0,0,0,0,0,0
22.73,0,28,30.000000000001776,40,170,52,49.999999999996447,36.999999999998224,8.4850000000002552,732,SSLW,model_assisted_not_ground_truth,0,0,0,0,0,0,0,0,0,0,0
22.74,0,28,30,40,168.00000000000142,52,50,37,8.5499999999999545,732,SSLW,model_assisted_not_ground_truth,0,0,0,0,0,0,0,0,0,0,0
22.75,0,28,30,40,167,53,49,37,8.9199999999999999,746,SSLW,model_assisted_not_ground_truth,0,0,0,0,0,0,0,0,0,0,0
22.76,0,28,31,38.000000000002132,168,53,48.999999999998934,35,8.7999999999999474,760.99999999998829,SSLW,model_assisted_not_ground_truth,0,0,0,0,0,0,0,0,0,0,0
22.77,0,28,31,40,168.00000000000355,52.999999999998224,48.000000000003553,35.000000000003553,8.7500000000003375,750.00000000004081,SSLW,model_assisted_not_ground_truth,0,0,0,0,0,0,0,0,0,0,0
22.78,0,28,31,40,170.00000000000284,52,49.999999999994316,37,8.9400000000007669,772.99999999981526,SSLW,model_assisted_not_ground_truth,0,0,0,0,0,0,0,0,0,0,0
22.79,0,28,30.999999999996447,40,170.99999999999289,52,48.000000000007105,36.999999999992895,9.2099999999986153,708.00000000034106,SSLW,model_assisted_not_ground_truth,0,0,0,0,0,0,0,0,0,0,0
22.80,0,28,30.000000000009237,40,169.00000000000463,52,49.999999999990763,35.000000000009237,8.8200000000001157,803.99999999998386,SSLW,model_assisted_not_ground_truth,0,0,0,0,0,0,0,0,0,0,0
22.81,0,27.999999999994671,31.999999999989342,40,169.99999999998934,52.000000000005329,48,36.999999999989342,8.8450000000001339,800.49999999998136,SSLW,model_assisted_not_ground_truth,0,0,0,0,0,0,0,0,0,0,0
22.82,0,27.000000000004974,30.000000000009948,40,168.00000000000995,52.999999999995026,48,35.000000000009948,8.8700000000026851,797.00000000013426,SSLW,model_assisted_not_ground_truth,0,0,0,0,0,0,0,0,0,0,0
22.83,0,27.999999999996092,30,40,167.00000000000392,52.000000000003908,48,35,9.2899999999996261,817.99999999986574,SSLW,model_assisted_not_ground_truth,0,0,0,0,0,0,0,0,0,0,0
22.84,0,28,30,40,167,52.999999999996803,48.999999999996803,36.999999999993605,9.2399999999999185,800.00000000041678,SSLW,model_assisted_not_ground_truth,0,0,0,0,0,0,0,0,0,0,0
22.85,0,28,30.999999999997868,40,167.99999999999787,53,48.000000000002132,35.000000000004263,9.2300000000000217,850.99999999989132,SSLW,model_assisted_not_ground_truth,0,0,0,0,0,0,0,0,0,0,0
22.86,0,28,31,38.000000000002842,167.00000000000142,52.000000000001421,48.999999999998579,36.999999999997158,9.11000000000017,843.00000000001137,SSLW,model_assisted_not_ground_truth,0,0,0,0,0,0,0,0,0,0,0
22.87,0,28,30.000000000000355,39.999999999999289,169.99999999999892,52.999999999999645,48.000000000000355,37,9.1999999999999673,850.99999999999716,SSLW,model_assisted_not_ground_truth,0,0,0,0,0,0,0,0,0,0,0
22.88,0,28,31.999999999999289,40,169.99999999999892,53,48.000000000000711,35,9.269999999999996,843.00000000000853,SSLW,model_assisted_not_ground_truth,0,0,0,0,0,0,0,0,0,0,0
22.89,0,28,30.000000000002842,40,167.00000000000142,53,49.999999999997158,35,9.2599999999999003,867.00000000000352,SSLW,model_assisted_not_ground_truth,0,0,0,0,0,0,0,0,0,0,0
22.90,0,28,31.999999999997513,40,167.9999999999975,53,48.000000000004974,35.000000000004974,9.1899999999998254,869.50000000000625,SSLW,model_assisted_not_ground_truth,0,0,0,0,0,0,0,0,0,0,0
22.91,0,28,30.999999999996803,40,167.00000000000639,53,50,37,9.1199999999999353,871.99999999998715,SSLW,model_assisted_not_ground_truth,0,0,0,0,0,0,0,0,0,0,0
22.92,0,28,30.000000000004263,40,169,53,50,37,9.0999999999998717,867.99999999996157,SSLW,model_assisted_not_ground_truth,0,0,0,0,0,0,0,0,0,0,0
22.93,0,28,31.000000000004974,40,169,52.999999999995026,49.999999999990052,37,9.0700000000003485,859.00000000001489,SSLW,model_assisted_not_ground_truth,0,0,0,0,0,0,0,0,0,0,0
22.94,0,28,32,40,168.99999999999397,52,48,37,9.1399999999983699,861.99999999993361,SSLW,model_assisted_not_ground_truth,0,0,0,0,0,0,0,0,0,0,0
22.95,0,28,32,40,168.0000000000046,52,48,37,8.8700000000007417,851.00000000000671,SSLW,model_assisted_not_ground_truth,0,0,0,0,0,0,0,0,0,0,0
22.96,0,28,30.000000000007105,38.000000000007105,168.99999999999645,52.999999999996447,49.999999999992895,37,8.9800000000003131,851.99999999995316,SSLW,model_assisted_not_ground_truth,0,0,0,0,0,0,0,0,0,0,0
22.97,0,28,30,39.999999999994316,169.99999999999716,53,48.000000000005684,37,9.0200000000001133,845.99999999998295,SSLW,model_assisted_not_ground_truth,0,0,0,0,0,0,0,0,0,0,0
22.98,0,28,30,40,168.00000000000355,53,48,37,9.0599999999999294,840.00000000001069,SSLW,model_assisted_not_ground_truth,0,0,0,0,0,0,0,0,0,0,0
22.99,0,28,30,40,168,53,49.999999999998579,37,9.020000000000028,828.00000000000853,SSLW,model_assisted_not_ground_truth,0,0,0,0,0,0,0,0,0,0,0
23.00,0,28,30,40,167,53,48,37,8.8399999999999999,831,SSLW,model_assisted_not_ground_truth,0,0,0,0,0,0,0,0,0,0,0
23.01,0,28,32,40,167,53,48.000000000002132,35.000000000002132,8.7999999999998622,776.00000000004479,SSLW,model_assisted_not_ground_truth,0,0,0,0,0,0,0,0,0,0,0
23.02,0,28,32,40,167,53,49.999999999998224,37,8.6699999999993071,817.9999999999485,SSLW,model_assisted_not_ground_truth,0,0,0,0,0,0,0,0,0,0,0
23.03,0,28.000000000002842,32,40,167.00000000000284,53,49.000000000002842,37,8.2799999999999709,788.99999999997726,SSLW,model_assisted_not_ground_truth,0,0,0,0,0,0,0,0,0,0,0
23.04,0,28.999999999996447,32,39.999999999992895,168.00000000000711,53,49.999999999996447,36.999999999992895,8.2700000000004792,780.99999999998045,SSLW,model_assisted_not_ground_truth,0,0,0,0,0,0,0,0,0,0,0
23.05,0,28.000000000004619,32,38.000000000009237,170.00000000000463,53,48.999999999995381,35,8.4050000000006229,775.49999999997465,SSLW,model_assisted_not_ground_truth,0,0,0,0,0,0,0,0,0,0,0
23.06,0,29,32,40,170.99999999998934,53,48.000000000010658,35,8.5400000000005321,769.99999999994668,SSLW,model_assisted_not_ground_truth,0,0,0,0,0,0,0,0,0,0,0
23.07,0,29,32,40,169.00000000000995,53,49.999999999990052,35,8.6400000000010237,760.00000000008311,SSLW,model_assisted_not_ground_truth,0,0,0,0,0,0,0,0,0,0,0
23.08,0,29,32,40,169,53,50,35,8.7999999999996277,772.99999999988063,SSLW,model_assisted_not_ground_truth,0,0,0,0,0,0,0,0,0,0,0
23.09,0,28.000000000003197,32,40,169,52.000000000003197,50,35.999999999996803,8.7499999999986109,756.9999999998447,SSLW,model_assisted_not_ground_truth,0,0,0,0,0,0,0,0,0,0,0
23.10,0,28,32,40,169.99999999999787,52.999999999997868,50,36.999999999997868,8.5800000000003624,738.00000000004047,SSLW,model_assisted_not_ground_truth,0,0,0,0,0,0,0,0,0,0,0
23.11,0,28,32,40,167.00000000000426,53,49.000000000001421,35.000000000002842,8.3600000000003121,725.00000000001842,SSLW,model_assisted_not_ground_truth,0,0,0,0,0,0,0,0,0,0,0
23.12,0,28,31.000000000000355,40,167,53,48.500000000000178,35,8.3699999999999957,725.99999999999966,SSLW,model_assisted_not_ground_truth,0,0,0,0,0,0,0,0,0,0,0
23.13,0,28,30,39.999999999999645,167.00000000000037,53,48.000000000000711,35.000000000000711,8.3800000000000026,725.49999999999977,SSLW,model_assisted_not_ground_truth,0,0,0,0,0,0,0,0,0,0,0
23.14,0,28,30.000000000002842,39.000000000001421,168.00000000000142,53,50,37,8.3900000000000858,725.00000000000853,SSLW,model_assisted_not_ground_truth,0,0,0,0,0,0,0,0,0,0,0
23.15,0,28,32,40,169.00000000000497,53,49.999999999995026,36.999999999995026,8.4500000000012925,731.00000000004229,SSLW,model_assisted_not_ground_truth,0,0,0,0,0,0,0,0,0,0,0
23.16,0,28,31.999999999993605,40,171,53,48.000000000006395,35.000000000006395,8.9700000000005762,747.99999999982731,SSLW,model_assisted_not_ground_truth,0,0,0,0,0,0,0,0,0,0,0
23.17,0,28,30.000000000008527,40,171.00000000000426,52.999999999995737,50,37,9.1499999999985082,694.00000000026864,SSLW,model_assisted_not_ground_truth,0,0,0,0,0,0,0,0,0,0,0
23.18,0,28,32,40,172.00000000000497,52.000000000004974,49.999999999990052,36.999999999995026,8.7999999999993541,756.99999999992042,SSLW,model_assisted_not_ground_truth,0,0,0,0,0,0,0,0,0,0,0
23.19,0,28,32,40,172.99999999999397,53,48.000000000012079,36.00000000000604,8.6700000000015098,741.00000000016303,SSLW,model_assisted_not_ground_truth,0,0,0,0,0,0,0,0,0,0,0
23.20,0,28,32,40,172.0000000000046,53,49.999999999990763,36.999999999995381,8.9200000000009787,767.99999999978741,SSLW,model_assisted_not_ground_truth,0,0,0,0,0,0,0,0,0,0,0
23.21,0,28,32,40,168.00000000001421,52.000000000003553,49.000000000003553,37,9.0650000000011346,736.49999999975375,SSLW,model_assisted_not_ground_truth,0,0,0,0,0,0,0,0,0,0,0
23.22,0,28,32,40,168.99999999999716,52.999999999997158,49.999999999997158,35.000000000005684,9.2099999999970166,705.0000000008697,SSLW,model_assisted_not_ground_truth,0,0,0,0,0,0,0,0,0,0,0
23.23,0,28,30.000000000003553,40,168.00000000000176,53,50,36.999999999996447,8.8600000000006212,806.99999999981878,SSLW,model_assisted_not_ground_truth,0,0,0,0,0,0,0,0,0,0,0
23.24,0,28,31.999999999998579,40,168.99999999999929,53,48.000000000001421,35.000000000001421,8.8799999999999866,802.00000000000352,SSLW,model_assisted_not_ground_truth,0,0,0,0,0,0,0,0,0,0,0
23.25,0,28,32,38,169,53,50,37,9.2799999999999994,818,SSLW,model_assisted_not_ground_truth,0,0,0,0,0,0,0,0,0,0,0
23.26,0,28,32,40,168.00000000000108,52.000000000001066,49.999999999997868,36.999999999997868,9.2399999999999789,795.00000000005548,SSLW,model_assisted_not_ground_truth,0,0,0,0,0,0,0,0,0,0,0
23.27,0,28,32,40,168.99999999999821,53,48.000000000001776,35.000000000003553,9.219999999999823,846.9999999999867,SSLW,model_assisted_not_ground_truth,0,0,0,0,0,0,0,0,0,0,0
23.28,0,28,32,40,168.00000000000284,53,48.999999999997158,36.999999999994316,9.1199999999997168,839.49999999997863,SSLW,model_assisted_not_ground_truth,0,0,0,0,0,0,0,0,0,0,0
23.29,0,28,32,40,168.99999999999645,52.999999999996447,48,35,9.020000000000497,832.00000000004263,SSLW,model_assisted_not_ground_truth,0,0,0,0,0,0,0,0,0,0,0
23.30,0,28,31.999999999990763,40,168.00000000000463,52,48.000000000009237,35.000000000009237,9.1600000000004158,844.00000000012938,SSLW,model_assisted_not_ground_truth,0,0,0,0,0,0,0,0,0,0,0
23.31,0,28,30.000000000010658,40,168.99999999999469,52,50,37,9.2499999999998934,871.99999999994668,SSLW,model_assisted_not_ground_truth,0,0,0,0,0,0,0,0,0,0,0
23.32,0,28,31.999999999990052,40,168.00000000000497,52,50,37,9.2299999999991691,862.00000000002558,SSLW,model_assisted_not_ground_truth,0,0,0,0,0,0,0,0,0,0,0
23.33,0,28,32,40,168,52,48.000000000007816,35.000000000007816,9.0999999999994774,865.99999999991792,SSLW,model_assisted_not_ground_truth,0,0,0,0,0,0,0,0,0,0,0
23.34,0,28,30.000000000006395,40,168.99999999999682,52.999999999996803,48,36.999999999993605,9.0300000000007348,855.00000000005718,SSLW,model_assisted_not_ground_truth,0,0,0,0,0,0,0,0,0,0,0
23.35,0,28,31.999999999995737,40,169,53,48,35.000000000004263,9.1199999999998074,861.99999999998511,GT,model_assisted_not_ground_truth,0,0,0,0,0,0,0,0,0,0,0
23.36,0,28,32,40,169.99999999999858,53,49.999999999997158,36.999999999997158,9.1199999999999992,861.50000000000068,GT,model_assisted_not_ground_truth,0,0,0,0,0,0,0,0,0,0,0
23.37,0,28,32,39.000000000000355,169.00000000000034,53,49.000000000000355,35.000000000000711,9.1199999999999992,861.00000000000023,GT,model_assisted_not_ground_truth,0,0,0,0,0,0,0,0,0,0,0
23.38,0,28,31.999999999999289,40.999999999999645,168.00000000000037,52.999999999999645,48.999999999999645,36.999999999999289,8.790000000000056,847.00000000000148,GT,model_assisted_not_ground_truth,0,0,0,0,0,0,0,0,0,0,0
23.39,0,28,30.000000000002842,40,169,52.000000000001421,48,35.000000000001421,8.950000000000113,850.99999999997726,GT,model_assisted_not_ground_truth,0,0,0,0,0,0,0,0,0,0,0
23.40,0,28,31.999999999995026,40,168.9999999999975,53,48.000000000004974,36.000000000002487,9.030000000000074,834.99999999998261,GT,model_assisted_not_ground_truth,0,0,0,0,0,0,0,0,0,0,0
23.41,0,28,30,40.000000000003197,168.00000000000639,53,49.999999999993605,37,9.0599999999992011,828.00000000000637,GT,model_assisted_not_ground_truth,0,0,0,0,0,0,0,0,0,0,0
23.42,0,28,30.000000000004263,40.999999999995737,169.99999999999147,53,48.000000000008527,36.999999999991473,8.8099999999994463,829.99999999995305,GT,model_assisted_not_ground_truth,0,0,0,0,0,0,0,0,0,0,0
23.43,0,28,30.999999999995026,40,168.00000000000497,53,49.999999999990052,35,8.6799999999999002,819.00000000001489,GT,model_assisted_not_ground_truth,0,0,0,0,0,0,0,0,0,0,0
23.44,0,28,30.000000000012079,40,169,52.99999999999396,48,35.000000000012079,8.659999999998762,821.99999999988529,GT,model_assisted_not_ground_truth,0,0,0,0,0,0,0,0,0,0,0
23.45,0,28,31.999999999990763,40,169,52.000000000004619,48,36.999999999990763,8.4549999999986163,802.99999999987176,GT,model_assisted_not_ground_truth,0,0,0,0,0,0,0,0,0,0,0
23.46,0,28,32,40,169,52.999999999996447,49.999999999992895,37,8.2500000000001563,783.99999999999216,GT,model_assisted_not_ground_truth,0,0,0,0,0,0,0,0,0,0,0
23.47,0,28,30.000000000005684,40,169,53,48.000000000005684,37,8.2699999999997438,782.99999999990621,GT,model_assisted_not_ground_truth,0,0,0,0,0,0,0,0,0,0,0
23.48,0,28,31.999999999996447,40.999999999998224,168.00000000000176,52.000000000001776,49.999999999996447,37,8.2400000000000535,772.00000000001955,GT,model_assisted_not_ground_truth,0,0,0,0,0,0,0,0,0,0,0
23.49,0,28,32,40.000000000000711,168,52.999999999999289,50,35.000000000001421,8.5899999999997512,760.00000000000853,GT,model_assisted_not_ground_truth,0,0,0,0,0,0,0,0,0,0,0
23.50,0,28,32,40,168,53,50,37,8.6899999999999995,757,GT,model_assisted_not_ground_truth,0,0,0,0,0,0,0,0,0,0,0
23.51,0,28,32,41,168,53,50,36.000000000001066,8.7999999999999581,770.99999999999466,GT,model_assisted_not_ground_truth,0,0,0,0,0,0,0,0,0,0,0
23.52,0,27.999999999998224,32,41,168,53,50,37,8.7599999999999305,765.99999999999113,GT,model_assisted_not_ground_truth,0,0,0,0,0,0,0,0,0,0,0
23.53,0,27.000000000002842,31.999999999997158,40.999999999997158,168,53,50,36.999999999994316,8.7199999999996027,760.99999999993463,GT,model_assisted_not_ground_truth,0,0,0,0,0,0,0,0,0,0,0
23.54,0,28,30.999999999996447,40,168,53,49.999999999992895,35,8.5800000000001422,738.00000000000352,GT,model_assisted_not_ground_truth,0,0,0,0,0,0,0,0,0,0,0
23.55,0,28,30.000000000009237,40,168,53,48,35.000000000009237,8.6199999999988446,738.99999999993997,GT,model_assisted_not_ground_truth,0,0,0,0,0,0,0,0,0,0,0
23.56,0,28,31.999999999989342,39.999999999989342,168,52.999999999994671,48.000000000010658,36.999999999989342,8.3700000000002657,726,GT,model_assisted_not_ground_truth,0,0,0,0,0,0,0,0,0,0,0
23.57,0,28,30.000000000009948,38.000000000009948,168,52.000000000004974,49.999999999990052,35.000000000009948,8.4200000000000639,726.00000000001285,GT,model_assisted_not_ground_truth,0,0,0,0,0,0,0,0,0,0,0
23.58,0,28,31.999999999992184,39.999999999992184,168.99999999999608,52.999999999996092,50,36.999999999992184,8.4300000000023871,728.00000000001489,GT,model_assisted_not_ground_truth,0,0,0,0,0,0,0,0,0,0,0
23.59,0,28,31.000000000003197,40,169.49999999999841,53,50,37,8.7500000000007763,730.00000000004491,GT,model_assisted_not_ground_truth,0,0,0,0,0,0,0,0,0,0,0
23.60,0,28,30.000000000002132,40,169.99999999999892,53,50,37,8.8450000000003364,735.50000000001955,GT,model_assisted_not_ground_truth,0,0,0,0,0,0,0,0,0,0,0
23.61,0,28,31.999999999997158,40,168.00000000000284,52.000000000001421,48.000000000002842,35.000000000002842,8.9399999999998645,740.99999999999216,GT,model_assisted_not_ground_truth,0,0,0,0,0,0,0,0,0,0,0
23.62,0,28,32,40.999999999999645,168,52,49.999999999999289,36.999999999999289,9.0199999999999712,699.00000000001489,GT,model_assisted_not_ground_truth,0,0,0,0,0,0,0,0,0,0,0
23.63,0,28,32,40,168.00000000000071,53,49.000000000000355,37,8.7899999999999885,753.99999999999818,GT,model_assisted_not_ground_truth,0,0,0,0,0,0,0,0,0,0,0
23.64,0,28,32,39.999999999998579,169.99999999999716,53,49.999999999998579,36.999999999997158,8.7600000000002982,749.00000000003695,GT,model_assisted_not_ground_truth,0,0,0,0,0,0,0,0,0,0,0
23.65,0,28,31.999999999995026,39.000000000002487,168.00000000000497,53,48.999999999997513,35.000000000004974,8.9700000000000504,774.99999999994282,GT,model_assisted_not_ground_truth,0,0,0,0,0,0,0,0,0,0,0
23.66,0,28,30.000000000006395,40,170,53,48.000000000006395,36.999999999993605,8.9899999999993607,752.00000000014393,GT,model_assisted_not_ground_truth,0,0,0,0,0,0,0,0,0,0,0
23.67,0,28,32,40,169.99999999999147,53,50,35.000000000008527,8.7900000000002976,796.99999999999363,GT,model_assisted_not_ground_truth,0,0,0,0,0,0,0,0,0,0,0
23.68,0,28,32,40.000000000004974,168,53,50,36.999999999995026,8.8600000000003476,795.4999999999925,GT,model_assisted_not_ground_truth,0,0,0,0,0,0,0,0,0,0,0
23.69,0,28,32,40.99999999999396,168,53,50,35.99999999999396,8.9300000000020532,794.00000000007856,GT,model_assisted_not_ground_truth,0,0,0,0,0,0,0,0,0,0,0
23.70,0,28,32,40.000000000004619,168,53,50,35.000000000004619,9.2700000000001346,806.99999999991223,GT,model_assisted_not_ground_truth,0,0,0,0,0,0,0,0,0,0,0
23.71,0,28,30.000000000007105,40,168.99999999999645,53,48.000000000007105,35,9.2899999999992176,794.00000000042212,GT,model_assisted_not_ground_truth,0,0,0,0,0,0,0,0,0,0,0
23.72,0,28,31.999999999994316,40,168.00000000000284,53,49.999999999994316,35,9.1899999999993174,847.99999999992326,GT,model_assisted_not_ground_truth,0,0,0,0,0,0,0,0,0,0,0
23.73,0,28,32,40,170.99999999999466,53,50,36.999999999996447,9.1100000000001415,839.00000000001603,GT,model_assisted_not_ground_truth,0,0,0,0,0,0,0,0,0,0,0
23.74,0,28,30.000000000001421,40,169.00000000000142,53,48.000000000001421,35.000000000001421,9.2099999999999298,855.99999999998795,GT,model_assisted_not_ground_truth,0,0,0,0,0,0,0,0,0,0,0
23.75,0,28,32,40,168,53,50,35,9.1500000000000004,843,GT,model_assisted_not_ground_truth,0,0,0,0,0,0,0,0,0,0,0
23.76,0,28,31.999999999997868,40.999999999998934,169,52.000000000001066,49.999999999997868,37,9.2000000000000526,855.5000000000133,GT,model_assisted_not_ground_truth,0,0,0,0,0,0,0,0,0,0,0
23.77,0,28,30,40,169,53,48.000000000003553,37,9.2499999999999467,867.99999999997863,GT,model_assisted_not_ground_truth,0,0,0,0,0,0,0,0,0,0,0
23.78,0,28,30,40.000000000002842,169,53,49.999999999997158,37,9.2199999999997164,856.00000000001137,GT,model_assisted_not_ground_truth,0,0,0,0,0,0,0,0,0,0,0
23.79,0,28,30,40.999999999996447,168.99999999999645,52.999999999996447,49.000000000003553,37,9.1199999999994663,859.99999999996442,GT,model_assisted_not_ground_truth,0,0,0,0,0,0,0,0,0,0,0
23.80,0,28,30,40,168.00000000000463,52,49.999999999990763,36.999999999995381,8.9700000000006934,850.00000000003695,GT,model_assisted_not_ground_truth,0,0,0,0,0,0,0,0,0,0,0
23.81,0,28,30,40,169.00000000000531,52.000000000005329,48,36.000000000005329,9.1199999999984005,857.99999999992008,GT,model_assisted_not_ground_truth,0,0,0,0,0,0,0,0,0,0,0
23.82,0,28,30,40,169.99999999999503,52.999999999995026,48,36.999999999995026,8.8200000000007677,843.00000000005753,GT,model_assisted_not_ground_truth,0,0,0,0,0,0,0,0,0,0,0
23.83,0,28,30,40,169.00000000000392,53,48,37,8.9400000000001114,851.99999999991792,GT,model_assisted_not_ground_truth,0,0,0,0,0,0,0,0,0,0,0
23.84,0,28,31.999999999993605,40.999999999996803,169.99999999999682,52.000000000003197,49.999999999993605,37,8.9550000000000374,840.9999999999726,GT,model_assisted_not_ground_truth,0,0,0,0,0,0,0,0,0,0,0
23.85,0,28,32,40.000000000002132,170.99999999999787,52.999999999997868,50,37,8.9699999999999687,830.00000000002342,GT,model_assisted_not_ground_truth,0,0,0,0,0,0,0,0,0,0,0
23.86,0,28,32,40,170.00000000000142,52.000000000001421,48.000000000002842,37,8.9700000000000006,828.00000000000284,GT,model_assisted_not_ground_truth,0,0,0,0,0,0,0,0,0,0,0
23.87,0,28,32,40.999999999999645,170,52,49.999999999999289,37,9.079999999999961,827.00000000000034,GT,model_assisted_not_ground_truth,0,0,0,0,0,0,0,0,0,0,0
23.88,0,28,31.999999999999645,40.000000000000355,169.00000000000037,53,49.999999999999289,37,8.8099999999999685,827.99999999999397,GT,model_assisted_not_ground_truth,0,0,0,0,0,0,0,0,0,0,0
23.89,0,28,31.000000000001421,40.999999999998579,170,53,48,36.999999999998579,8.7199999999999154,811.00000000001421,GT,model_assisted_not_ground_truth,0,0,0,0,0,0,0,0,0,0,0
23.90,0,28,31.999999999995026,40,170,53,48.000000000004974,36.000000000002487,8.6599999999995276,820.99999999995521,GT,model_assisted_not_ground_truth,0,0,0,0,0,0,0,0,0,0,0
23.91,0,28,30,40,170,52.999999999996803,50,37,8.4699999999993913,802.99999999994247,GT,model_assisted_not_ground_truth,0,0,0,0,0,0,0,0,0,0,0
23.92,0,28,30,40,169.99999999999574,52.000000000004263,50,37,8.2799999999999141,784.99999999993179,GT,model_assisted_not_ground_truth,0,0,0,0,0,0,0,0,0,0,0
23.93,0,28,30.000000000009948,40,169,53,50,36.999999999990052,8.2600000000015417,768.99999999994532,GT,model_assisted_not_ground_truth,0,0,0,0,0,0,0,0,0,0,0
23.94,0,28,32,40,169.00000000000603,53,49.99999999999396,35.000000000012079,8.5700000000002419,758.00000000000603,GT,model_assisted_not_ground_truth,0,0,0,0,0,0,0,0,0,0,0
23.95,0,28,32,40,169.9999999999954,53,49.000000000004619,36.999999999990763,8.610000000001147,759.00000000008106,GT,model_assisted_not_ground_truth,0,0,0,0,0,0,0,0,0,0,0
23.96,0,28.999999999996447,32,40,170,53,49.999999999996447,37,8.7799999999997649,770.99999999994532,GT,model_assisted_not_ground_truth,0,0,0,0,0,0,0,0,0,0,0
23.97,0,28.000000000002842,30.000000000005684,40,169.00000000000284,52.000000000002842,50,36.000000000002842,8.7499999999980389,763.99999999972715,GT,model_assisted_not_ground_truth,0,0,0,0,0,0,0,0,0,0,0
23.98,0,28,31.999999999996447,40,169,52.999999999998224,49.000000000001776,36.999999999998224,8.5200000000004081,732.00000000005684,GT,model_assisted_not_ground_truth,0,0,0,0,0,0,0,0,0,0,0
23.99,0,28,32,40,169,53,48.000000000000711,37,8.5299999999999923,732.49999999999966,GT,model_assisted_not_ground_truth,0,0,0,0,0,0,0,0,0,0,0
24.00,0,28,32,40,169,53,50,37,8.5399999999999991,733,GT,model_assisted_not_ground_truth,0,0,0,0,0,0,0,0,0,0,0
24.01,0,28.999999999998934,31.999999999997868,40.999999999998934,169.00000000000108,52.000000000001066,50,36.000000000001066,8.3900000000000325,725.00000000000318,GT,model_assisted_not_ground_truth,0,0,0,0,0,0,0,0,0,0,0
24.02,0,28,30.000000000003553,40.000000000001776,169.99999999999821,52.999999999998224,50,37,8.4200000000001243,728,GT,model_assisted_not_ground_truth,0,0,0,0,0,0,0,0,0,0,0
24.03,0,28,32,40.999999999997158,169,52.000000000002842,50,37,8.4900000000012792,728.00000000003979,GT,model_assisted_not_ground_truth,0,0,0,0,0,0,0,0,0,0,0
24.04,0,28,32,40,169,53,49.999999999992895,37,8.9400000000004969,741.99999999981878,GT,model_assisted_not_ground_truth,0,0,0,0,0,0,0,0,0,0,0
24.05,0,28,31.999999999995381,40,169,53,48.000000000004619,37,9.0799999999987069,691.00000000029559,GT,model_assisted_not_ground_truth,0,0,0,0,0,0,0,0,0,0,0
24.06,0,28,31,40,169,53,49,37,8.8000000000000007,754.99999999999147,GT,model_assisted_not_ground_truth,0,0,0,0,0,0,0,0,0,0,0
24.07,0,28,30.000000000004974,40,169,53,49.999999999995026,37,8.8000000000000007,753.49999999999045,GT,model_assisted_not_ground_truth,0,0,0,0,0,0,0,0,0,0,0
24.08,0,28,31.999999999992184,40,169,52.000000000003908,50,37.999999999996092,8.800000000001269,752.00000000015666,GT,model_assisted_not_ground_truth,0,0,0,0,0,0,0,0,0,0,0
24.09,0,28,30.000000000006395,40,169,52.999999999996803,50,37.000000000003197,8.9700000000004909,772.99999999986926,GT,model_assisted_not_ground_truth,0,0,0,0,0,0,0,0,0,0,0
24.10,0,28,31.999999999995737,40,169,53,48.000000000004263,36.000000000002132,9.0299999999998715,757.00000000003411,GT,model_assisted_not_ground_truth,0,0,0,0,0,0,0,0,0,0,0
24.11,0,28,32,40,168.00000000000142,53,49.999999999997158,36,8.8900000000001995,804.99999999993179,GT,model_assisted_not_ground_truth,0,0,0,0,0,0,0,0,0,0,0
24.12,0,28,32,40,168,53,50,37.999999999999289,8.959999999999976,794.00000000000387,GT,model_assisted_not_ground_truth,0,0,0,0,0,0,0,0,0,0,0
24.13,0,28,32,40,169.99999999999963,53,50,38,9.289999999999992,809.99999999999648,GT,model_assisted_not_ground_truth,0,0,0,0,0,0,0,0,0,0,0
24.14,0,28,32,40,169.00000000000142,53,50,38,9.2699999999999854,800.00000000003058,GT,model_assisted_not_ground_truth,0,0,0,0,0,0,0,0,0,0,0
24.15,0,28,32,40,169.99999999999503,53,50,38,9.2599999999999749,821.50000000005343,GT,model_assisted_not_ground_truth,0,0,0,0,0,0,0,0,0,0,0
24.16,0,28,31.999999999996803,39.999999999993605,168.00000000000321,52.999999999996803,50,37.999999999993605,9.2499999999995843,842.99999999998079,GT,model_assisted_not_ground_truth,0,0,0,0,0,0,0,0,0,0,0
24.17,0,28,31.000000000004263,38.00000000001279,169,52,50,36.000000000008527,9.1200000000003829,837.00000000004263,GT,model_assisted_not_ground_truth,0,0,0,0,0,0,0,0,0,0,0
24.18,0,28.000000000004974,31.999999999990052,40.999999999995026,169,52.000000000004974,49.999999999995026,38,9.2099999999996029,846.99999999990553,GT,model_assisted_not_ground_truth,0,0,0,0,0,0,0,0,0,0,0
24.19,0,28.99999999999396,30,40,169,53,49.00000000000604,38,9.1300000000010879,828.00000000013893,GT,model_assisted_not_ground_truth,0,0,0,0,0,0,0,0,0,0,0
24.20,0,28.000000000004619,30,40,169,53,49.999999999995381,38,9.309999999998718,851.000000000108,GT,model_assisted_not_ground_truth,0,0,0,0,0,0,0,0,0,0,0
24.21,0,28,31.999999999992895,40,169,53,50,38,9.1199999999996084,866.99999999993747,GT,model_assisted_not_ground_truth,0,0,0,0,0,0,0,0,0,0,0
24.22,0,28,32,40,169.99999999999716,53,49.000000000002842,36.000000000005684,9.0700000000002134,858.99999999999147,GT,model_assisted_not_ground_truth,0,0,0,0,0,0,0,0,0,0,0
24.23,0,28,32,40.999999999998224,170,53,49.999999999998224,36,9.0950000000000983,857.99999999999613,GT,model_assisted_not_ground_truth,0,0,0,0,0,0,0,0,0,0,0
24.24,0,28,32,40.000000000000711,170,53,50,37.999999999998579,9.1199999999999815,857.00000000000068,GT,model_assisted_not_ground_truth,0,0,0,0,0,0,0,0,0,0,0
24.25,0,28,32,40,170,53,50,37,9.0800000000000001,851,GT,model_assisted_not_ground_truth,0,0,0,0,0,0,0,0,0,0,0
24.26,0,28,30.000000000002132,40.000000000001066,170,52.000000000001066,49.999999999998934,38,8.8100000000001497,841.0000000000075,GT,model_assisted_not_ground_truth,0,0,0,0,0,0,0,0,0,0,0
24.27,0,28,32,41,170,53,49.000000000001776,38,8.9500000000001236,847.99999999996976,GT,model_assisted_not_ground_truth,0,0,0,0,0,0,0,0,0,0,0
24.28,0,28,32,40.999999999994316,170,53,49.999999999997158,37.999999999994316,9.0200000000001701,830.99999999998579,GT,model_assisted_not_ground_truth,0,0,0,0,0,0,0,0,0,0,0
24.29,0,28,32,39.000000000003553,170,53,49.000000000003553,36.000000000007105,9.079999999999556,826.00000000000352,GT,model_assisted_not_ground_truth,0,0,0,0,0,0,0,0,0,0,0
24.30,0,28,32,39.999999999995381,170,53,49.999999999995381,38,8.9549999999994228,827.00000000000466,GT,model_assisted_not_ground_truth,0,0,0,0,0,0,0,0,0,0,0
24.31,0,28.09914826613106,32.268882937944539,40.302612485135192,169.42898605433697,53.385700658877255,50.411933417834035,38.213434887196385,8.9571920027018876,824.89958674985917,GT,model_assisted_not_ground_truth,0,1,1,1,1,1,1,1,1,1,1
