time_seconds,FMG_channel_1,FMG_channel_2,FMG_channel_3,FMG_channel_4,FMG_channel_5,FMG_channel_6,FMG_channel_7,FMG_channel_8,CoP,vGRF,provisional_phase,label_status,signal_missing,FMG_channel_1_imputed,FMG_channel_2_imputed,FMG_channel_3_imputed,FMG_channel_4_imputed,FMG_channel_5_imputed,FMG_channel_6_imputed,FMG_channel_7_imputed,FMG_channel_8_imputed,CoP_imputed,vGRF_imputed
0.00,80,114,46,128,145,48,33,214,11.33,631.13999999999999,QS,model_assisted_not_ground_truth,0,0,0,0,0,0,0,0,0,0,0
0.01,81,113,46,128,145.00000000000091,48,33,213.99999999999909,11.330000000000119,627.14000000002,QS,model_assisted_not_ground_truth,0,0,0,0,0,0,0,0,0,0,0
0.02,81,113.00000000000182,46,128,145.99999999999818,48,33,213.00000000000182,11.4599999999998,649.14999999996542,QS,model_assisted_not_ground_truth,0,0,0,0,0,0,0,0,0,0,0
0.03,81,114,46,127.99999999999727,145,48,32.999999999997272,213.99999999999727,11.350000000000055,630.14999999999452,QS,model_assisted_not_ground_truth,0,0,0,0,0,0,0,0,0,0,0
0.04,81,114.00000000000364,46,127.00000000000364,145,48,32,213,11.370000000000273,628.15000000003454,QS,model_assisted_not_ground_truth,0,0,0,0,0,0,0,0,0,0,0
0.05,81,114.99999999999545,46.000000000002274,128.00000000000227,145,48,32.000000000002274,213,11.445000000000341,637.65500000004317,QS,model_assisted_not_ground_truth,0,0,0,0,0,0,0,0,0,0,0
0.06,81,113.99999999999454,46.500000000002728,128.50000000000273,145,48,32.500000000002728,213,11.520000000000163,647.1599999999836,QS,model_assisted_not_ground_truth,0,0,0,0,0,0,0,0,0,0,0
0.07,81,113,46.999999999996817,129.00000000000318,145.00000000000318,48,32.999999999996817,212.99999999999682,11.549999999999937,644.14999999999361,QS,model_assisted_not_ground_truth,0,0,0,0,0,0,0,0,0,0,0
0.08,81,113,46.499999999999204,129.5000000000008,145.5000000000008,48,32.499999999999204,212.4999999999992,11.540000000000218,643.14999999999259,QS,model_assisted_not_ground_truth,0,0,0,0,0,0,0,0,0,0,0
0.09,81,113,46.000000000001592,129.99999999999841,145.99999999999841,48,32.000000000001592,212.00000000000159,11.570000000000082,642.13999999997532,QS,model_assisted_not_ground_truth,0,0,0,0,0,0,0,0,0,0,0
0.10,81,113.49999999999886,46,130,145.50000000000114,48,32,212.49999999999886,11.580000000000181,639.13000000001819,QS,model_assisted_not_ground_truth,0,0,0,0,0,0,0,0,0,0,0
0.11,81,113.99999999999932,46,130,145.00000000000068,48,32,212.99999999999932,11.600000000000149,641.13,QS,model_assisted_not_ground_truth,0,0,0,0,0,0,0,0,0,0,0
0.12,80.000000000000455,114,46.999999999999545,130,145,48,32.999999999999545,212.00000000000045,11.615000000000078,641.125,QS,model_assisted_not_ground_truth,0,0,0,0,0,0,0,0,0,0,0
0.13,81,113,46,130,146,48,33,213.00000000000045,11.630000000000006,641.12,QS,model_assisted_not_ground_truth,0,0,0,0,0,0,0,0,0,0,0
0.14,81,113,46,130.00000000000136,146.00000000000136,48,33,213.99999999999864,11.639999999999986,641.12999999999863,QS,model_assisted_not_ground_truth,0,0,0,0,0,0,0,0,0,0,0
0.15,81,113,46,131.00000000000227,146.99999999999773,48,32.999999999997726,213.00000000000227,11.630000000000001,640.13000000000227,QS,model_assisted_not_ground_truth,0,0,0,0,0,0,0,0,0,0,0
0.16,81,113.00000000000318,46.000000000003183,132.00000000000318,146,48,32,214,11.629999999999937,641.13999999999999,QS,model_assisted_not_ground_truth,0,0,0,0,0,0,0,0,0,0,0
0.17,81,113.99999999999591,46.999999999995907,132.99999999999181,146,48,32.000000000004093,214,11.61000000000004,641.13999999999589,QS,model_assisted_not_ground_truth,0,0,0,0,0,0,0,0,0,0,0
0.18,81,113.00000000001,46,131,146.000000000005,48,32.999999999994998,214,11.620000000000051,640.12999999999499,QS,model_assisted_not_ground_truth,0,0,0,0,0,0,0,0,0,0,0
0.19,81,115,46,131,146.99999999998226,48,32,214,11.630000000000296,639.12000000001763,QS,model_assisted_not_ground_truth,0,0,0,0,0,0,0,0,0,0,0
0.20,81,115,46,131,144.00000000000682,48,32.000000000006821,213.99999999999318,11.680000000000067,642.09999999999991,QS,model_assisted_not_ground_truth,0,0,0,0,0,0,0,0,0,0,0
0.21,81,115,46,131,144.99999999999636,48,32.999999999996362,213.00000000000364,11.69,642.09000000000788,QS,model_assisted_not_ground_truth,0,0,0,0,0,0,0,0,0,0,0
0.22,81,115.99999999999727,46.999999999997272,130.00000000000273,146.99999999999454,48,33,213.99999999999727,11.68999999999879,643.09999999979266,QS,model_assisted_not_ground_truth,0,0,0,0,0,0,0,0,0,0,0
0.23,81,115.00000000000182,46.000000000001819,130.99999999999818,147,48,33,213.00000000000182,11.550000000001432,619.10000000023888,QS,model_assisted_not_ground_truth,0,0,0,0,0,0,0,0,0,0,0
0.24,81,115,46.999999999999091,131,147,48,33,213.99999999999909,11.700000000000104,644.10999999998933,QS,model_assisted_not_ground_truth,0,0,0,0,0,0,0,0,0,0,0
0.25,81,115,46,130,147,48,33,215,11.710000000000001,643.09000000000003,QS,model_assisted_not_ground_truth,0,0,0,0,0,0,0,0,0,0,0
0.26,81,115.99999999999909,46.999999999999091,131.99999999999909,146.00000000000091,48,33,214.00000000000091,11.684999999999977,641.0999999999982,QS,model_assisted_not_ground_truth,0,0,0,0,0,0,0,0,0,0,0
0.27,81,115.00000000000182,46,131.00000000000182,146.99999999999818,48,33,215,11.660000000000018,639.11000000000729,QS,model_assisted_not_ground_truth,0,0,0,0,0,0,0,0,0,0,0
0.28,80.999999999997272,116.00000000000273,46,131.99999999999727,146.00000000000273,48,33,214.99999999999727,11.670000000000137,643.11000000000001,QS,model_assisted_not_ground_truth,0,0,0,0,0,0,0,0,0,0,0
0.29,80.000000000003638,117,46,131.00000000000728,147,48,33,214.00000000000364,11.720000000000001,643.10999999999638,QS,model_assisted_not_ground_truth,0,0,0,0,0,0,0,0,0,0,0
0.30,80.999999999995453,117.00000000000455,45.999999999995453,132.99999999999545,147.00000000000455,48,33,214.99999999999545,11.720000000000409,642.11000000008175,QS,model_assisted_not_ground_truth,0,0,0,0,0,0,0,0,0,0,0
0.31,80.000000000005457,118,45.000000000005457,131.99999999999454,148,47.999999999994543,33,214.00000000000546,11.809999999999892,660.07999999997821,QS,model_assisted_not_ground_truth,0,0,0,0,0,0,0,0,0,0,0
0.32,81.000000000006366,118.00000000001273,45.999999999993634,130.99999999999363,148,47.000000000006366,33,214.99999999999363,11.790000000000127,656.07000000000323,QS,model_assisted_not_ground_truth,0,0,0,0,0,0,0,0,0,0,0
0.33,81.999999999992724,119.99999999999272,45.000000000007276,130,148,48,33,214,11.810000000000144,656.56500000000358,QS,model_assisted_not_ground_truth,0,0,0,0,0,0,0,0,0,0,0
0.34,81.000000000003183,119.00000000000318,45.999999999996817,130,148,48,33,214,11.830000000000327,657.05999999998357,QS,model_assisted_not_ground_truth,0,0,0,0,0,0,0,0,0,0,0
0.35,81.999999999997726,119.99999999999773,45.000000000002274,129.00000000000227,148,48,33,214,11.869999999999909,655.05999999983612,QS,model_assisted_not_ground_truth,0,0,0,0,0,0,0,0,0,0,0
0.36,81.000000000001364,120,45,129.99999999999864,147.00000000000136,48,33,214.99999999999864,11.8600000000005,637.04999999999995,QS,model_assisted_not_ground_truth,0,0,0,0,0,0,0,0,0,0,0
0.37,81.999999999999545,119.00000000000045,45,130,147,48,33,215,11.909999999999673,637.04999999992367,QS,model_assisted_not_ground_truth,0,0,0,0,0,0,0,0,0,0,0
0.38,81,120,46,129.00000000000045,147.99999999999955,48,33,215,11.880000000000019,630.06000000000176,QS,model_assisted_not_ground_truth,0,0,0,0,0,0,0,0,0,0,0
0.39,81,120.00000000000136,45.999999999998636,130,147.00000000000136,48,33,215.00000000000273,11.920000000000067,634.05000000000132,QS,model_assisted_not_ground_truth,0,0,0,0,0,0,0,0,0,0,0
0.40,81,121,45.000000000002274,130,148.00000000000227,48,33,217,11.970000000000034,635.03999999999769,QS,model_assisted_not_ground_truth,0,0,0,0,0,0,0,0,0,0,0
0.41,81,121.00000000000318,45.999999999996817,130,148.99999999999682,48,33,216.99999999999363,11.985000000000047,634.02999999999679,QS,model_assisted_not_ground_truth,0,0,0,0,0,0,0,0,0,0,0
0.42,81.000000000004093,121.99999999999591,45.000000000004093,130,147.99999999999591,48,33,215.00000000001637,11.999999999999959,633.02000000000828,QS,model_assisted_not_ground_truth,0,0,0,0,0,0,0,0,0,0,0
0.43,82,121.00000000001,45.999999999994998,130,147,48,33,218.999999999995,11.989999999999799,635.03999999999007,QS,model_assisted_not_ground_truth,0,0,0,0,0,0,0,0,0,0,0
0.44,81.999999999994088,122.99999999999409,45.000000000005912,130,147,48,33,218,11.949999999999999,633.05999999999415,QS,model_assisted_not_ground_truth,0,0,0,0,0,0,0,0,0,0,0
0.45,81.000000000006821,121.99999999999318,46,130,147.00000000000682,48,33,218,11.95000000000034,632.06999999998652,QS,model_assisted_not_ground_truth,0,0,0,0,0,0,0,0,0,0,0
0.46,81.999999999996362,121.00000000000364,46,130,147.99999999999636,48,33,218,11.999999999999767,630.07999999998458,QS,model_assisted_not_ground_truth,0,0,0,0,0,0,0,0,0,0,0
0.47,81.000000000002728,121.99999999999727,46,130.99999999999727,148.99999999999727,48,33,218,11.969999999999871,628.07999999997412,QS,model_assisted_not_ground_truth,0,0,0,0,0,0,0,0,0,0,0
0.48,81.999999999998181,122.99999999999818,46,131.99999999999818,148.00000000000182,48,33,217.00000000000182,11.954999999999856,625.07999999997139,QS,model_assisted_not_ground_truth,0,0,0,0,0,0,0,0,0,0,0
0.49,82,122.00000000000091,46,132,147.00000000000091,48,33,218.99999999999818,11.940000000000522,622.08000000008371,QS,model_assisted_not_ground_truth,0,0,0,0,0,0,0,0,0,0,0
0.50,82,122,46,132,147,48,33,219,11.99,630.08000000000004,QS,model_assisted_not_ground_truth,0,0,0,0,0,0,0,0,0,0,0
0.51,82,121.00000000000182,46,132,148.00000000000091,48,33,219.00000000000091,11.970000000000001,633.10000000000002,QS,model_assisted_not_ground_truth,0,0,0,0,0,0,0,0,0,0,0
0.52,82,122.99999999999636,46,132.00000000000364,149,48,33,220,11.970000000000001,633.07999999999822,QS,model_assisted_not_ground_truth,0,0,0,0,0,0,0,0,0,0,0
0.53,82,121.00000000000273,46.000000000002728,133.99999999999454,149,48,33,220,11.970000000000027,632.07000000000278,QS,model_assisted_not_ground_truth,0,0,0,0,0,0,0,0,0,0,0
0.54,82,121.99999999999636,46.999999999996355,132.00000000000364,148.99999999999636,48,33,219.99999999999636,11.979999999999983,633.06999999999641,QS,model_assisted_not_ground_truth,0,0,0,0,0,0,0,0,0,0,0
0.55,82,121.00000000000911,46,132.99999999999545,148,48,33,219,11.974999999999978,632.0749999999955,QS,model_assisted_not_ground_truth,0,0,0,0,0,0,0,0,0,0,0
0.56,82,122.99999999999454,46.000000000005464,132,148,48,33,219,11.970000000000111,631.08000000001095,QS,model_assisted_not_ground_truth,0,0,0,0,0,0,0,0,0,0,0
0.57,82.000000000003183,122,46.999999999996817,132.00000000000637,147.99999999999682,48,33,219.00000000000318,11.990000000000256,633.08000000000641,QS,model_assisted_not_ground_truth,0,0,0,0,0,0,0,0,0,0,0
0.58,82.500000000000796,122,46.499999999999204,133.00000000000159,147.4999999999992,48,33,219.5000000000008,12.029999999999708,634.07999999998549,QS,model_assisted_not_ground_truth,0,0,0,0,0,0,0,0,0,0,0
0.59,82.999999999998408,122,46.000000000001592,133.99999999999682,147.00000000000159,48,33,219.99999999999841,11.990000000000245,632.07999999998367,QS,model_assisted_not_ground_truth,0,0,0,0,0,0,0,0,0,0,0
0.60,84.999999999995453,122,46.999999999997726,135.99999999999545,149.99999999999318,48,33,219.00000000000227,12.019999999999909,630.08000000001834,QS,model_assisted_not_ground_truth,0,0,0,0,0,0,0,0,0,0,0
0.61,85,122,46.000000000001364,134.00000000000273,150,47.000000000001364,33,219.99999999999864,12.010000000000099,632.09000000000492,QS,model_assisted_not_ground_truth,0,0,0,0,0,0,0,0,0,0,0
0.62,85.999999999999545,123.99999999999909,46.999999999999545,134,150.99999999999955,47.999999999999545,33,219.00000000000045,12.020000000000051,632.57500000000255,QS,model_assisted_not_ground_truth,0,0,0,0,0,0,0,0,0,0,0
0.63,85.000000000000455,122.00000000000045,46.000000000000455,133.00000000000045,149.00000000000045,48,32.000000000000455,219.00000000000045,12.02999999999999,633.06000000000085,QS,model_assisted_not_ground_truth,0,0,0,0,0,0,0,0,0,0,0
0.64,86,122.99999999999864,47,133.99999999999864,150,48,33,220.00000000000136,12.009999999999973,635.08999999999457,QS,model_assisted_not_ground_truth,0,0,0,0,0,0,0,0,0,0,0
0.65,86,122,46.999999999997726,133.00000000000227,150,48,33,221,11.989999999999977,631.08000000000686,QS,model_assisted_not_ground_truth,0,0,0,0,0,0,0,0,0,0,0
0.66,86,122,46.000000000003183,133.99999999999682,150,48,33,221,11.980000000000032,634.09000000000958,QS,model_assisted_not_ground_truth,0,0,0,0,0,0,0,0,0,0,0
0.67,86,122.00000000000409,46.9999999999959,133,149.99999999999591,48,33,221,11.989999999999919,637.10000000000002,QS,model_assisted_not_ground_truth,0,0,0,0,0,0,0,0,0,0,0
0.68,86,123,46,133,149,48,33,221.000000000005,11.970000000000026,637.09999999999502,QS,model_assisted_not_ground_truth,0,0,0,0,0,0,0,0,0,0,0
0.69,86.000000000005912,123,46,132.99999999998818,148.99999999999409,48,33,221.99999999999409,11.97500000000003,636.09999999999411,QS,model_assisted_not_ground_truth,0,0,0,0,0,0,0,0,0,0,0
0.70,86.999999999993179,122.99999999999318,46,131,148.00000000001364,48,33,221,11.980000000000068,635.10000000002731,QS,model_assisted_not_ground_truth,0,0,0,0,0,0,0,0,0,0,0
0.71,86.000000000003638,122.00000000000364,46,131,149.99999999999272,48,33,221,11.990000000000078,639.09999999998456,QS,model_assisted_not_ground_truth,0,0,0,0,0,0,0,0,0,0,0
0.72,86.999999999997272,122.99999999999727,46,131.99999999999727,147.00000000000819,48,33,221,12,637.10000000000002,QS,model_assisted_not_ground_truth,0,0,0,0,0,0,0,0,0,0,0
0.73,86.000000000001819,122.00000000000182,46.999999999998181,131.00000000000182,149.99999999999454,48,33,221.99999999999818,12.000000000000096,637.10000000002867,QS,model_assisted_not_ground_truth,0,0,0,0,0,0,0,0,0,0,0
0.74,86.999999999999091,122,47,131,149.00000000000091,48,33,222,12.009999999999685,640.09999999997922,QS,model_assisted_not_ground_truth,0,0,0,0,0,0,0,0,0,0,0
0.75,86,123,46,132,150,47,33,221,11.98,638.11000000000001,QS,model_assisted_not_ground_truth,0,0,0,0,0,0,0,0,0,0,0
0.76,86.999999999999091,122,46.999999999999091,131.99999999999909,149.00000000000091,47.999999999999091,33,221,11.97000000000001,640.09000000000049,QS,model_assisted_not_ground_truth,0,0,0,0,0,0,0,0,0,0,0
0.77,85.999999999998181,122.00000000000182,46,131.00000000000546,150.00000000000182,47.000000000001819,33,221,11.980000000000018,640.59500000000094,QS,model_assisted_not_ground_truth,0,0,0,0,0,0,0,0,0,0,0
0.78,85.000000000002728,123,46.000000000002728,133.99999999999181,151,48,32.999999999997272,221.00000000000273,11.989999999999974,641.10000000000275,QS,model_assisted_not_ground_truth,0,0,0,0,0,0,0,0,0,0,0
0.79,86,122.99999999999636,46.999999999996355,131.00000000000364,150.99999999999636,48,32.000000000003645,222.00000000000364,11.980000000000038,642.09999999999627,QS,model_assisted_not_ground_truth,0,0,0,0,0,0,0,0,0,0,0
0.80,86,122.00000000000455,46.000000000004555,132,150,48,33,223,11.99,641.0699999999955,QS,model_assisted_not_ground_truth,0,0,0,0,0,0,0,0,0,0,0
0.81,86,122.99999999999454,47,132,150.00000000000546,48,33,223,11.99,640.08000000001095,QS,model_assisted_not_ground_truth,0,0,0,0,0,0,0,0,0,0,0
0.82,86,122.00000000000637,46.999999999993626,132,150.99999999999363,48,33,222.99999999999363,11.99,642.08000000000652,QS,model_assisted_not_ground_truth,0,0,0,0,0,0,0,0,0,0,0
0.83,86,123,46,132.00000000000728,150.00000000000728,48,33,222.00000000000728,11.990000000000146,643.09000000000731,QS,model_assisted_not_ground_truth,0,0,0,0,0,0,0,0,0,0,0
0.84,86,123,46,132.99999999999682,150.99999999999682,48,33,222.99999999999682,12.009999999999877,644.08999999998775,QS,model_assisted_not_ground_truth,0,0,0,0,0,0,0,0,0,0,0
0.85,86,122.00000000000227,46,132.00000000000227,150.00000000000227,48,33,223,11.994999999999864,642.58999999998639,QS,model_assisted_not_ground_truth,0,0,0,0,0,0,0,0,0,0,0
0.86,86,122.99999999999864,46.999999999998636,132,150.99999999999864,48,33,223.99999999999864,11.98,641.09000000002004,QS,model_assisted_not_ground_truth,0,0,0,0,0,0,0,0,0,0,0
0.87,86,123,46.000000000000455,131.00000000000045,150.00000000000045,48,33,224,11.98,643.09000000000003,QS,model_assisted_not_ground_truth,0,0,0,0,0,0,0,0,0,0,0
0.88,86,122.99999999999955,46.999999999999545,134.00000000000045,149.99999999999955,48,33,223.99999999999955,11.979999999999995,643.09000000000049,QS,model_assisted_not_ground_truth,0,0,0,0,0,0,0,0,0,0,0
0.89,85.999999999998636,122.00000000000136,46,135,149,48,33,223.00000000000136,11.969999999999974,644.09999999999457,QS,model_assisted_not_ground_truth,0,0,0,0,0,0,0,0,0,0,0
0.90,85.000000000002274,123,46,135,149.00000000000227,48,33,224.00000000000227,11.949999999999999,640.09000000000231,QS,model_assisted_not_ground_truth,0,0,0,0,0,0,0,0,0,0,0
0.91,86,122.99999999999682,46,134.99999999999682,150,48,33,224.99999999999682,11.949999999999983,641.09999999999843,QS,model_assisted_not_ground_truth,0,0,0,0,0,0,0,0,0,0,0
0.92,86,122.00000000000409,46,133.99999999999181,150.00000000000409,47.9999999999959,33,224.00000000000409,11.944999999999979,640.59999999999798,QS,model_assisted_not_ground_truth,0,0,0,0,0,0,0,0,0,0,0
0.93,86,123,46,131.99999999999,150.999999999995,47.000000000005009,33,225,11.9399999999999,640.10000000000502,QS,model_assisted_not_ground_truth,0,0,0,0,0,0,0,0,0,0,0
0.94,86,123,46,129.99999999998818,150,48,32.999999999994081,225.00000000001182,11.920000000000059,641.10000000000002,QS,model_assisted_not_ground_truth,0,0,0,0,0,0,0,0,0,0,0
0.95,86,123,46,127.99999999999318,150.00000000000682,48,32.000000000006828,226.99999999999318,11.930000000000067,641.10000000001367,QS,model_assisted_not_ground_truth,0,0,0,0,0,0,0,0,0,0,0
0.96,86,123,46,127.00000000000364,150.99999999999636,48,32.999999999996362,226.00000000000364,11.94,643.10000000000002,QS,model_assisted_not_ground_truth,0,0,0,0,0,0,0,0,0,0,0
0.97,85.000000000002728,122.00000000000273,46,126.00000000000273,151,48,33,225.00000000000273,11.94,643.10000000000002,QS,model_assisted_not_ground_truth,0,0,0,0,0,0,0,0,0,0,0
0.98,85.999999999998181,122.99999999999818,46.999999999998181,127.99999999999636,150.00000000000182,48,33,225,11.940000000000047,643.1000000000048,QS,model_assisted_not_ground_truth,0,0,0,0,0,0,0,0,0,0,0
0.99,85.000000000000909,123,46.000000000000909,127.00000000000091,150,48,33,224.00000000000091,11.945000000000023,643.60000000000241,QS,model_assisted_not_ground_truth,0,0,0,0,0,0,0,0,0,0,0
1.00,85,123,46,127,150,48,33,224,11.949999999999999,644.10000000000002,QS,model_assisted_not_ground_truth,0,0,0,0,0,0,0,0,0,0,0
1.01,85.000000000000909,123.00000000000091,46,126.99999999999818,150,48,33,224.00000000000091,11.94,644.10999999999819,QS,model_assisted_not_ground_truth,0,0,0,0,0,0,0,0,0,0,0
1.02,86,123.99999999999818,46.000000000001819,125,150,48,33,224.99999999999818,11.939999999999962,642.09999999999638,QS,model_assisted_not_ground_truth,0,0,0,0,0,0,0,0,0,0,0
1.03,86,122.99999999999864,46.999999999998636,125.00000000000273,149.99999999999727,48,33,224.00000000000136,11.92,640.09999999999729,QS,model_assisted_not_ground_truth,0,0,0,0,0,0,0,0,0,0,0
1.04,86,122.49999999999818,46.499999999998181,126.00000000000364,148.99999999999636,48,33,224.50000000000182,11.92,639.09000000000367,QS,model_assisted_not_ground_truth,0,0,0,0,0,0,0,0,0,0,0
1.05,86,122.00000000000455,46,126.99999999999089,148,48,33,225,11.919999999999977,640.1000000000023,QS,model_assisted_not_ground_truth,0,0,0,0,0,0,0,0,0,0,0
1.06,86,122.99999999999454,46.000000000005464,125.00000000000546,148.00000000000546,48,33,224.99999999999454,11.914999999999973,640.60000000000275,QS,model_assisted_not_ground_truth,0,0,0,0,0,0,0,0,0,0,0
1.07,86,122,46.999999999993626,126.00000000001275,149,48,33,223.99999999999363,11.910000000000128,641.09999999999354,QS,model_assisted_not_ground_truth,0,0,0,0,0,0,0,0,0,0,0
1.08,86,122.00000000000728,46,128,149,48,33,223,11.929999999999854,640.08999999999287,QS,model_assisted_not_ground_truth,0,0,0,0,0,0,0,0,0,0,0
1.09,86,122.99999999999683,46,128,149,48,33,223,11.910000000000245,639.10000000001628,QS,model_assisted_not_ground_truth,0,0,0,0,0,0,0,0,0,0,0
1.10,86,121.00000000000453,46,128.99999999999773,149,48,33,223.99999999999773,11.939999999999909,641.08999999998196,QS,model_assisted_not_ground_truth,0,0,0,0,0,0,0,0,0,0,0
1.11,86,122.99999999999729,46,129,149.99999999999864,48,33,223.00000000000136,11.930000000000401,639.10000000002981,QS,model_assisted_not_ground_truth,0,0,0,0,0,0,0,0,0,0,0
1.12,85.000000000000441,123,46,129,150,48,33,223.99999999999955,11.969999999999946,642.06999999999459,QS,model_assisted_not_ground_truth,0,0,0,0,0,0,0,0,0,0,0
1.13,85.999999999999531,122.99999999999953,46,130,149,48,33,224,11.96499999999997,641.56999999999698,QS,model_assisted_not_ground_truth,0,0,0,0,0,0,0,0,0,0,0
1.14,85.000000000001378,122,46,130.00000000000276,148.99999999999864,48,33,224,11.960000000000001,641.07000000000005,QS,model_assisted_not_ground_truth,0,0,0,0,0,0,0,0,0,0,0
1.15,86,122,46.000000000002288,131.99999999999542,148.00000000000227,48,33,223.99999999999773,11.960000000000001,641.08000000000004,QS,model_assisted_not_ground_truth,0,0,0,0,0,0,0,0,0,0,0
1.16,86,122,46.999999999996824,130.00000000000318,149,48,32.999999999996824,223.00000000000318,11.959999999999873,641.07000000000016,QS,model_assisted_not_ground_truth,0,0,0,0,0,0,0,0,0,0,0
1.17,86.000000000004093,122,46,131,149,48,32.000000000004086,224,11.92,641.09000000001231,QS,model_assisted_not_ground_truth,0,0,0,0,0,0,0,0,0,0,0
1.18,86.999999999994998,122.000000000005,46,131.000000000005,149,48,33,223.999999999995,11.91999999999995,644.08999999999014,QS,model_assisted_not_ground_truth,0,0,0,0,0,0,0,0,0,0,0
1.19,86,122.99999999999409,46,131.99999999998818,149,48,33,222.99999999999409,11.910000000000119,642.10000000001776,QS,model_assisted_not_ground_truth,0,0,0,0,0,0,0,0,0,0,0
1.20,86,122,46,129.99999999999318,149,48,33,222.00000000000682,11.930000000000033,645.1099999999966,QS,model_assisted_not_ground_truth,0,0,0,0,0,0,0,0,0,0,0
1.21,86,122,46,129.00000000000364,149,48,33,222.99999999999636,11.935000000000038,644.60499999999615,QS,model_assisted_not_ground_truth,0,0,0,0,0,0,0,0,0,0,0
1.22,86.999999999997272,122,46,129,149,48,33,223,11.940000000000172,644.10000000001708,QS,model_assisted_not_ground_truth,0,0,0,0,0,0,0,0,0,0,0
1.23,86.000000000001819,122,46.999999999998181,128.00000000000182,149.99999999999818,48,33,223.99999999999818,11.960000000000097,646.07999999998094,QS,model_assisted_not_ground_truth,0,0,0,0,0,0,0,0,0,0,0
1.24,86,122,46.000000000000909,128,147.00000000000273,48,33,224,11.970000000000315,644.08000000020922,QS,model_assisted_not_ground_truth,0,0,0,0,0,0,0,0,0,0,0
1.25,86,122,47,129,149,48,33,225,12,664.08000000000004,QS,model_assisted_not_ground_truth,0,0,0,0,0,0,0,0,0,0,0
1.26,86,122,46,129.00000000000091,148.99999999999818,48,33,225,11.960000000000047,645.08000000002005,QS,model_assisted_not_ground_truth,0,0,0,0,0,0,0,0,0,0,0
1.27,86,122.00000000000182,46,129.99999999999818,147.00000000000546,48,33,224.99999999999818,12.009999999999909,667.07999999999458,QS,model_assisted_not_ground_truth,0,0,0,0,0,0,0,0,0,0,0
1.28,86.000000000002728,123,46,128.99999999999727,149.99999999999727,48,33,224,11.960000000000056,664.0900000000014,QS,model_assisted_not_ground_truth,0,0,0,0,0,0,0,0,0,0,0
1.29,86.999999999996362,122.99999999999636,46,127.99999999999636,149.00000000000364,48,33,224.00000000000728,11.980000000000073,664.59000000000185,QS,model_assisted_not_ground_truth,0,0,0,0,0,0,0,0,0,0,0
1.30,86,122.00000000000455,46,127,150,48,33,225.99999999999545,11.999999999999817,665.08999999990897,QS,model_assisted_not_ground_truth,0,0,0,0,0,0,0,0,0,0,0
1.31,86,123,46,127,150.00000000000546,48,33,225,11.960000000000164,645.09000000010383,QS,model_assisted_not_ground_truth,0,0,0,0,0,0,0,0,0,0,0
1.32,86,122.99999999999363,46,127.00000000000637,150.99999999999363,48,33,225,11.990000000000256,664.08999999999344,QS,model_assisted_not_ground_truth,0,0,0,0,0,0,0,0,0,0,0
1.33,86,122.00000000000728,46,127.99999999998543,150.00000000000728,48,33,225,12.030000000000291,663.05000000000723,QS,model_assisted_not_ground_truth,0,0,0,0,0,0,0,0,0,0,0
1.34,86,122.99999999999683,46,126.00000000000635,150.99999999999682,48,33,225,12.069999999999755,664.05000000000007,QS,model_assisted_not_ground_truth,0,0,0,0,0,0,0,0,0,0,0
1.35,86,122.00000000000226,46,124.00000000000453,151,48,33,225.99999999999773,12.039999999999816,664.05999999991343,QS,model_assisted_not_ground_truth,0,0,0,0,0,0,0,0,0,0,0
1.36,86,122.99999999999865,46,124,150.00000000000136,48,33,226,12.019999999999799,654.55999999990479,QS,model_assisted_not_ground_truth,0,0,0,0,0,0,0,0,0,0,0
1.37,86,123,46,124,149.00000000000045,48,33,225.00000000000045,12,645.05999999999995,QS,model_assisted_not_ground_truth,0,0,0,0,0,0,0,0,0,0,0
1.38,87,123,46.999999999999531,124.00000000000094,150.00000000000045,48,33,226,12,645.05999999999995,QS,model_assisted_not_ground_truth,0,0,0,0,0,0,0,0,0,0,0
1.39,86.999999999998622,123.00000000000138,46,126,151,48,33,226,11.999999999999959,645.05999999999449,QS,model_assisted_not_ground_truth,0,0,0,0,0,0,0,0,0,0,0
1.40,86,124,46,126,151,48,33,225.99999999999773,11.970000000000114,641.07000000005496,QS,model_assisted_not_ground_truth,0,0,0,0,0,0,0,0,0,0,0
1.41,86,123.99999999999683,46,126.00000000000317,150.99999999999682,48,33,225.00000000000318,12.020000000000032,665.06999999993957,QS,model_assisted_not_ground_truth,0,0,0,0,0,0,0,0,0,0,0
1.42,86.000000000004093,123,46,127,149.99999999999181,48,33,226,12.029999999999999,646.03999999999587,QS,model_assisted_not_ground_truth,0,0,0,0,0,0,0,0,0,0,0
1.43,86.999999999994998,123,46,127.000000000005,148.000000000005,48,33,226.000000000005,12.029999999999999,645.03499999999497,QS,model_assisted_not_ground_truth,0,0,0,0,0,0,0,0,0,0,0
1.44,86.000000000011809,123,46,128,149,48,33,227.00000000001182,12.029999999999999,644.02999999999406,QS,model_assisted_not_ground_truth,0,0,0,0,0,0,0,0,0,0,0
1.45,87.999999999993179,122.99999999999318,46,128,149.00000000001364,48,33,228.99999999999318,12.029999999999999,643.02000000000692,QS,model_assisted_not_ground_truth,0,0,0,0,0,0,0,0,0,0,0
1.46,87.000000000003638,122.00000000000364,46,128,150.99999999999272,48,33,228.00000000000364,12.030000000000308,644.0300000001622,QS,model_assisted_not_ground_truth,0,0,0,0,0,0,0,0,0,0,0
1.47,87.999999999997272,122.99999999999727,46,128.99999999999727,149.00000000000546,48,33,228,12.069999999999654,665.02999999981853,QS,model_assisted_not_ground_truth,0,0,0,0,0,0,0,0,0,0,0
1.48,88,123,46,129.99999999999818,149.99999999999818,48,33,228.99999999999818,12.029999999999713,644.03000000000009,QS,model_assisted_not_ground_truth,0,0,0,0,0,0,0,0,0,0,0
1.49,88,123,46.999999999999091,130,150,48,33,229,12.000000000000105,644.04000000012024,QS,model_assisted_not_ground_truth,0,0,0,0,0,0,0,0,0,0,0
1.50,87,123,46,133,149,48,33,229,12.010000000000057,655.54000000006533,QS,model_assisted_not_ground_truth,0,0,0,0,0,0,0,0,0,0,0
1.51,87.500000000000455,123,46,133.50000000000045,148.49999999999955,48,33,229,12.019999999999962,667.03999999997814,QS,model_assisted_not_ground_truth,0,0,0,0,0,0,0,0,0,0,0
1.52,88,123,46.000000000001819,133.99999999999818,148,48,33,229.00000000000182,11.98,643.02000000003648,QS,model_assisted_not_ground_truth,0,0,0,0,0,0,0,0,0,0,0
1.53,88,123,46.999999999997272,132.99999999999727,148.00000000000546,48,33,230,11.979999999999919,663.04999999994527,QS,model_assisted_not_ground_truth,0,0,0,0,0,0,0,0,0,0,0
1.54,87.999999999996362,123.00000000000364,46,132,150,48,32.999999999996355,230.00000000000364,11.949999999999926,643.03999999999996,QS,model_assisted_not_ground_truth,0,0,0,0,0,0,0,0,0,0,0
1.55,87.000000000004547,123.99999999999545,46.000000000004555,132,149.99999999999545,48,32.000000000004555,230.99999999999545,11.929999999999954,643.04000000010933,QS,model_assisted_not_ground_truth,0,0,0,0,0,0,0,0,0,0,0
1.56,88,123,46.999999999994536,132.00000000000546,149,48,33,230.00000000000546,11.919999999999837,667.06999999994002,QS,model_assisted_not_ground_truth,0,0,0,0,0,0,0,0,0,0,0
1.57,88,123,46,132.99999999999363,149.00000000001273,48,33,230.99999999999363,11.889999999999809,656.08499999993001,QS,model_assisted_not_ground_truth,0,0,0,0,0,0,0,0,0,0,0
1.58,87.999999999992724,123,46,131.99999999999272,151,48,33,230,11.860000000000218,645.1000000001311,QS,model_assisted_not_ground_truth,0,0,0,0,0,0,0,0,0,0,0
1.59,87.000000000003169,123,46,131.00000000000318,151,48,33,230,11.889999999999755,663.09999999984439,QS,model_assisted_not_ground_truth,0,0,0,0,0,0,0,0,0,0,0
1.60,87.99999999999774,122.00000000000226,46,131.99999999999773,150.00000000000227,48,33,230,11.860000000000364,644.10000000019124,QS,model_assisted_not_ground_truth,0,0,0,0,0,0,0,0,0,0,0
1.61,88,122.99999999999865,46,132,150.99999999999864,48,33,230,11.899999999999499,665.10999999978947,QS,model_assisted_not_ground_truth,0,0,0,0,0,0,0,0,0,0,0
1.62,88,122.00000000000044,46,132,150.00000000000045,48,33,230,11.850000000000326,644.08000000022957,QS,model_assisted_not_ground_truth,0,0,0,0,0,0,0,0,0,0,0
1.63,88,122.00000000000047,46,131,150.00000000000045,48,33,229.99999999999955,11.879999999999995,665.08999999999935,QS,model_assisted_not_ground_truth,0,0,0,0,0,0,0,0,0,0,0
1.64,88,122.99999999999862,45.999999999998622,130.99999999999864,150.99999999999864,48,33,229.00000000000136,11.869999999999987,663.59999999999798,QS,model_assisted_not_ground_truth,0,0,0,0,0,0,0,0,0,0,0
1.65,88,122.00000000000229,45.000000000004576,130,149.99999999999773,48,33,230.00000000000227,11.859999999999976,662.10999999995875,QS,model_assisted_not_ground_truth,0,0,0,0,0,0,0,0,0,0,0
1.66,88,122.99999999999361,46.999999999996803,130,149.00000000000639,48,33,230.99999999999679,11.849999999999936,644.09000000000322,QS,model_assisted_not_ground_truth,0,0,0,0,0,0,0,0,0,0,0
1.67,88,121.00000000000409,46,129.99999999999591,150.99999999999591,48,33,230.00000000000409,11.830000000000082,645.10000000000002,QS,model_assisted_not_ground_truth,0,0,0,0,0,0,0,0,0,0,0
1.68,88,122,46,129.000000000005,149.999999999995,48,33,231,11.8499999999999,645.10000000000502,QS,model_assisted_not_ground_truth,0,0,0,0,0,0,0,0,0,0,0
1.69,88,122,46,130.00000000000591,149.00000000001182,48,33,230.99999999999409,11.83,646.11000000001184,QS,model_assisted_not_ground_truth,0,0,0,0,0,0,0,0,0,0,0
1.70,87.999999999993179,122.00000000000682,46,131.00000000000682,151,48,33,230.00000000000682,11.83,648.11000000000683,QS,model_assisted_not_ground_truth,0,0,0,0,0,0,0,0,0,0,0
1.71,87.000000000003638,122.99999999999636,46,131.99999999999636,151,48,33,230.99999999999636,11.829999999999922,649.10999999997682,QS,model_assisted_not_ground_truth,0,0,0,0,0,0,0,0,0,0,0
1.72,87.999999999997272,122.00000000000273,46.999999999997272,130.00000000000546,151,48,33,231,11.819999999999913,646.1049999999741,QS,model_assisted_not_ground_truth,0,0,0,0,0,0,0,0,0,0,0
1.73,87.000000000001819,122.99999999999818,45.000000000003638,130.99999999999818,151.99999999999818,48,33,231,11.809999999999905,643.10000000003834,QS,model_assisted_not_ground_truth,0,0,0,0,0,0,0,0,0,0,0
1.74,87,123,45.999999999999091,131,152,48,33,231,11.799999999999791,647.11000000000001,QS,model_assisted_not_ground_truth,0,0,0,0,0,0,0,0,0,0,0
1.75,87,123,47,131,152,48,33,231,11.779999999999999,647.11000000000001,QS,model_assisted_not_ground_truth,0,0,0,0,0,0,0,0,0,0,0
1.76,87,123.99999999999909,45.999999999999091,132,152,47.000000000000909,33,231,11.869999999999944,671.10999999998091,QS,model_assisted_not_ground_truth,0,0,0,0,0,0,0,0,0,0,0
1.77,87,123,45.000000000001819,132,151.99999999999818,48,33,231,11.810000000000018,650.12,QS,model_assisted_not_ground_truth,0,0,0,0,0,0,0,0,0,0,0
1.78,87,123,46,132.00000000000273,150.99999999999727,48,33,231,11.82,650.1200000000041,QS,model_assisted_not_ground_truth,0,0,0,0,0,0,0,0,0,0,0
1.79,87,123,46.000000000003645,132.99999999999272,149.99999999999636,48,33,231,11.82,651.62000000000546,QS,model_assisted_not_ground_truth,0,0,0,0,0,0,0,0,0,0,0
1.80,87.000000000004547,123.00000000000455,46.999999999995445,131.00000000000455,149.00000000000455,48,33,231,11.82,653.12,QS,model_assisted_not_ground_truth,0,0,0,0,0,0,0,0,0,0,0
1.81,87.999999999994543,123.99999999998907,46,131.99999999999454,150.00000000000546,48,33,231,11.82,653.12,QS,model_assisted_not_ground_truth,0,0,0,0,0,0,0,0,0,0,0
1.82,87,122.00000000001275,46,131,151,48,33,231,11.820000000000128,653.12000000010187,QS,model_assisted_not_ground_truth,0,0,0,0,0,0,0,0,0,0,0
1.83,87,123.99999999999272,46,131.00000000000728,151,48,33,231,11.839999999999927,669.09999999987622,QS,model_assisted_not_ground_truth,0,0,0,0,0,0,0,0,0,0,0
1.84,87,123.00000000000317,46,131.99999999999682,151,48,33,231,11.830000000000245,652.10000000002458,QS,model_assisted_not_ground_truth,0,0,0,0,0,0,0,0,0,0,0
1.85,87.99999999999774,123,46,131.00000000000227,151.99999999999773,48,33,231,11.859999999999909,655.09999999999093,QS,model_assisted_not_ground_truth,0,0,0,0,0,0,0,0,0,0,0
1.86,87.00000000000135,123,46,131,152,48,33,231,11.8499999999999,654.09999999999002,QS,model_assisted_not_ground_truth,0,0,0,0,0,0,0,0,0,0,0
1.87,87,123,46,131,151.00000000000045,48,33,231,11.84,653.09999999998911,QS,model_assisted_not_ground_truth,0,0,0,0,0,0,0,0,0,0,0
1.88,87.999999999999531,123.99999999999953,46.999999999999531,131.00000000000045,150.00000000000045,48,33,231,11.840000000000009,652.10000000000093,QS,model_assisted_not_ground_truth,0,0,0,0,0,0,0,0,0,0,0
1.89,87.000000000001378,123.00000000000138,46.000000000001378,132,151,48,33,231.00000000000136,11.859999999999944,654.0899999999973,QS,model_assisted_not_ground_truth,0,0,0,0,0,0,0,0,0,0,0
1.90,87.999999999997712,123.99999999999771,46.999999999997712,131.99999999999773,151,48,33,231.99999999999773,11.820000000000137,652.11000000005265,QS,model_assisted_not_ground_truth,0,0,0,0,0,0,0,0,0,0,0
1.91,87.000000000003197,123,46,131,150.99999999999679,48,33,231,11.879999999999777,675.10999999992964,QS,model_assisted_not_ground_truth,0,0,0,0,0,0,0,0,0,0,0
1.92,87.999999999995907,123,46,131.00000000000409,150.00000000000409,48,33,231,11.810000000000022,653.10999999999797,QS,model_assisted_not_ground_truth,0,0,0,0,0,0,0,0,0,0,0
1.93,87,123.0000000000025,46,132.0000000000025,150.9999999999975,48,33,230.9999999999975,11.815000000000026,652.60999999999751,QS,model_assisted_not_ground_truth,0,0,0,0,0,0,0,0,0,0,0
1.94,87,123.50000000000296,46,132.50000000000296,150.49999999999704,48,33,230.49999999999704,11.82,652.11000000000001,QS,model_assisted_not_ground_truth,0,0,0,0,0,0,0,0,0,0,0
1.95,87,123.99999999999318,46,132.99999999999318,150,48,33,230,11.819999999999933,652.11000000000013,QS,model_assisted_not_ground_truth,0,0,0,0,0,0,0,0,0,0,0
1.96,87,123.00000000000364,46,132.00000000000364,150,48,33,230,11.810000000000079,652.11999999999989,QS,model_assisted_not_ground_truth,0,0,0,0,0,0,0,0,0,0,0
1.97,87,123,46.999999999997272,132.99999999999727,150.99999999999727,48,33,230,11.82,652.11000000000001,QS,model_assisted_not_ground_truth,0,0,0,0,0,0,0,0,0,0,0
1.98,86.000000000001819,123,46.000000000001819,133,149.00000000000364,48,33,230,11.820000000000192,652.11000000001911,QS,model_assisted_not_ground_truth,0,0,0,0,0,0,0,0,0,0,0
1.99,86,123,46,133,149.99999999999909,48,33,230,11.840000000000051,654.11000000000524,QS,model_assisted_not_ground_truth,0,0,0,0,0,0,0,0,0,0,0
2.00,87,123,46,133,150,48,33,230,11.845000000000027,654.61000000000286,QS,model_assisted_not_ground_truth,0,0,0,0,0,0,0,0,0,0,0
2.01,87,123.00000000000094,46,132.00000000000094,151,48,33,230,11.849999999999962,655.10999999999535,QS,model_assisted_not_ground_truth,0,0,0,0,0,0,0,0,0,0,0
2.02,86.999999999998181,123.99999999999818,46,133,150.99999999999818,48,33,230,11.810000000000018,650.11000000000001,QS,model_assisted_not_ground_truth,0,0,0,0,0,0,0,0,0,0,0
2.03,86,123.00000000000276,46,133,150,48,33,229.99999999999724,11.820000000000084,650.11000000005788,QS,model_assisted_not_ground_truth,0,0,0,0,0,0,0,0,0,0,0
2.04,86.000000000003638,124,46,133,150.00000000000364,48,33,229.00000000000364,11.84999999999989,671.10999999993078,QS,model_assisted_not_ground_truth,0,0,0,0,0,0,0,0,0,0,0
2.05,86.999999999995467,124,46,133,150.99999999999548,48,33,230.00000000000907,11.819999999999954,652.11000000000456,QS,model_assisted_not_ground_truth,0,0,0,0,0,0,0,0,0,0,0
2.06,86,123.99999999999454,46,133.00000000000546,150.00000000000546,47.999999999994536,33,231.99999999998909,11.810000000000111,653.11000000004913,QS,model_assisted_not_ground_truth,0,0,0,0,0,0,0,0,0,0,0
2.07,86,123,46,134.00000000000634,151,47.000000000006352,33,230.00000000000634,11.830000000000126,662.1100000000572,QS,model_assisted_not_ground_truth,0,0,0,0,0,0,0,0,0,0,0
2.08,86,123,46,135,150.99999999999272,48,32.999999999992717,230.99999999999272,11.849999999999708,671.10999999985438,QS,model_assisted_not_ground_truth,0,0,0,0,0,0,0,0,0,0,0
2.09,86,123,46,135,150.00000000000318,48,32.000000000003197,230.00000000000318,11.810000000000082,651.11000000002457,QS,model_assisted_not_ground_truth,0,0,0,0,0,0,0,0,0,0,0
2.10,86.99999999999774,123,46,135,150,48,32.999999999997733,230,11.81999999999991,654.10999999997273,QS,model_assisted_not_ground_truth,0,0,0,0,0,0,0,0,0,0,0
2.11,86.000000000001378,123.99999999999862,46,134.00000000000136,150.99999999999864,48,33,230,11.810000000000301,651.10999999999979,QS,model_assisted_not_ground_truth,0,0,0,0,0,0,0,0,0,0,0
2.12,86.999999999999559,124,46,134.99999999999955,151,48,33,230,11.839999999999892,651.08999999997832,QS,model_assisted_not_ground_truth,0,0,0,0,0,0,0,0,0,0,0
2.13,86,123.99999999999956,46,134.00000000000045,150.99999999999955,48,33,230,11.830000000000002,649.0999999999998,QS,model_assisted_not_ground_truth,0,0,0,0,0,0,0,0,0,0,0
2.14,86,123.00000000000138,46,135,150.00000000000136,48,33,230,11.835000000000006,648.60499999999934,QS,model_assisted_not_ground_truth,0,0,0,0,0,0,0,0,0,0,0
2.15,86.00000000000226,123.99999999999774,46,135,151,48,33,230,11.840000000000067,648.11000000000683,QS,model_assisted_not_ground_truth,0,0,0,0,0,0,0,0,0,0,0
2.16,87,123.0000000000032,45.999999999996803,135,150.99999999999679,48,33,230,11.869999999999871,651.11000000000001,QS,model_assisted_not_ground_truth,0,0,0,0,0,0,0,0,0,0,0
2.17,87,123.99999999999591,45.000000000004086,135,150.00000000000409,48,33,230.00000000000409,11.83,651.10999999999592,QS,model_assisted_not_ground_truth,0,0,0,0,0,0,0,0,0,0,0
2.18,87.000000000005016,122.99999999999498,46,135,151.00000000000503,48,33,231,11.830000000000201,650.11000000001502,QS,model_assisted_not_ground_truth,0,0,0,0,0,0,0,0,0,0,0
2.19,88,122.00000000001181,46,135,151.99999999999409,48,33,231,11.869999999999941,653.1099999999941,QS,model_assisted_not_ground_truth,0,0,0,0,0,0,0,0,0,0,0
2.20,88,124,46,134.99999999999315,150.99999999999315,48,33,231,11.859999999999863,652.10999999997262,QS,model_assisted_not_ground_truth,0,0,0,0,0,0,0,0,0,0,0
2.21,88,124,46,134.00000000000364,150.00000000000364,48,33,231,11.840000000000233,648.10000000003095,QS,model_assisted_not_ground_truth,0,0,0,0,0,0,0,0,0,0,0
2.22,88,123.00000000000271,46,134.9999999999973,150,48,33,231.9999999999973,11.869999999999999,652.10000000000002,QS,model_assisted_not_ground_truth,0,0,0,0,0,0,0,0,0,0,0
2.23,88,123.99999999999818,46,134.00000000000182,149.00000000000182,48,33,232,11.869999999999999,652.10000000000002,QS,model_assisted_not_ground_truth,0,0,0,0,0,0,0,0,0,0,0
2.24,88,123.00000000000088,46,134.99999999999912,149,48,33,232,11.86999999999979,652.09999999998968,QS,model_assisted_not_ground_truth,0,0,0,0,0,0,0,0,0,0,0
2.25,88,124,46,135,149,48,33,231,11.85,651.11000000000001,QS,model_assisted_not_ground_truth,0,0,0,0,0,0,0,0,0,0,0
2.26,87.999999999999062,124,45.000000000000931,135,150.99999999999906,48,33,232,11.85,650.11000000000183,QS,model_assisted_not_ground_truth,0,0,0,0,0,0,0,0,0,0,0
2.27,87,124,46.000000000001819,135.00000000000182,150,48,32.999999999998181,232,11.850000000000017,652.11999999999443,QS,model_assisted_not_ground_truth,0,0,0,0,0,0,0,0,0,0,0
2.28,87,123.99999999999724,46.999999999997243,136,150.00000000000276,48,32.000000000002757,232.00000000000276,11.86000000000011,649.07000000005792,QS,model_assisted_not_ground_truth,0,0,0,0,0,0,0,0,0,0,0
2.29,87,123.00000000000364,46,136,151,47.999999999996355,33,233,11.899999999999963,670.06999999996549,QS,model_assisted_not_ground_truth,0,0,0,0,0,0,0,0,0,0,0
2.30,87.000000000004576,124,46,136,150.99999999999542,47.000000000004576,33,233.00000000000458,11.889999999999954,660.56999999995662,QS,model_assisted_not_ground_truth,0,0,0,0,0,0,0,0,0,0,0
2.31,87.999999999994543,124,46,136.00000000000546,150.00000000000546,48,32.999999999994536,233.99999999999454,11.880000000000001,651.07000000001108,QS,model_assisted_not_ground_truth,0,0,0,0,0,0,0,0,0,0,0
2.32,87.000000000006352,124.00000000000635,46,137.00000000000634,151,48,32.000000000006352,233,11.880000000000191,653.07999999999993,QS,model_assisted_not_ground_truth,0,0,0,0,0,0,0,0,0,0,0
2.33,87.999999999992724,124.99999999999272,46,138,151.00000000001455,48,33,233.00000000000728,11.910000000000073,653.06000000003655,QS,model_assisted_not_ground_truth,0,0,0,0,0,0,0,0,0,0,0
2.34,87.000000000003197,124.0000000000032,46,138,152.99999999999361,48,33,233.99999999999682,11.919999999999755,658.0799999999673,QS,model_assisted_not_ground_truth,0,0,0,0,0,0,0,0,0,0,0
2.35,87.99999999999774,123.00000000000226,46,138,150.00000000000679,48,33,233.00000000000227,11.889999999999727,654.08000000000925,QS,model_assisted_not_ground_truth,0,0,0,0,0,0,0,0,0,0,0
2.36,87.000000000001378,123,46,138,150.99999999999864,48,33,233,11.860000000000149,655.08999999997491,QS,model_assisted_not_ground_truth,0,0,0,0,0,0,0,0,0,0,0
2.37,87.999999999999559,123.99999999999956,46,138.99999999999955,151.99999999999955,48,33,231.00000000000088,11.875000000000078,652.56999999998675,QS,model_assisted_not_ground_truth,0,0,0,0,0,0,0,0,0,0,0
2.38,88,123.99999999999956,46,138,150.00000000000088,48,33,232,11.890000000000015,650.04999999999995,QS,model_assisted_not_ground_truth,0,0,0,0,0,0,0,0,0,0,0
2.39,88,123.00000000000138,46,137.99999999999864,151.99999999999724,48,33,232,11.920000000000014,650.02999999999861,QS,model_assisted_not_ground_truth,0,0,0,0,0,0,0,0,0,0,0
2.40,88,123.99999999999774,46,137.00000000000227,150.00000000000452,48,33,232,11.929999999999977,649.02999999999997,QS,model_assisted_not_ground_truth,0,0,0,0,0,0,0,0,0,0,0
2.41,88,123.00000000000639,46.000000000003197,137.99999999999679,151.99999999999679,48,33,232,11.920000000000064,649.04000000006715,QS,model_assisted_not_ground_truth,0,0,0,0,0,0,0,0,0,0,0
2.42,88,124.99999999999591,46.999999999995914,136.99999999999591,151,48,33,232.00000000000409,11.939999999999877,670.03999999992232,QS,model_assisted_not_ground_truth,0,0,0,0,0,0,0,0,0,0,0
2.43,87.999999999994984,124,45.999999999994984,136,151,48,33,233.00000000000503,11.910000000000101,651.0400000000476,QS,model_assisted_not_ground_truth,0,0,0,0,0,0,0,0,0,0,0
2.44,87,124,45.000000000002956,136.00000000000296,151,47.999999999997044,33,233.99999999999409,11.930000000000117,660.53500000005602,QS,model_assisted_not_ground_truth,0,0,0,0,0,0,0,0,0,0,0
2.45,87,124,45.500000000000576,136.50000000000057,151,47.499999999999424,33,232.99999999999883,11.949999999999863,670.03000000000009,QS,model_assisted_not_ground_truth,0,0,0,0,0,0,0,0,0,0,0
2.46,87,124,45.999999999998181,136.99999999999818,151,47.000000000001819,33,232.00000000000364,11.929999999999845,670.04999999996119,QS,model_assisted_not_ground_truth,0,0,0,0,0,0,0,0,0,0,0
2.47,88.999999999994586,123.00000000000271,46.999999999997293,137,151,47.999999999997293,33,232.9999999999973,11.909999999999826,665.03000000001759,QS,model_assisted_not_ground_truth,0,0,0,0,0,0,0,0,0,0,0
2.48,89,123,46.000000000001819,136.00000000000182,151.99999999999818,48,33,232.00000000000182,11.889999999999905,667.06000000000972,QS,model_assisted_not_ground_truth,0,0,0,0,0,0,0,0,0,0,0
2.49,88.000000000000881,123.99999999999912,46,136.99999999999912,152,48,33,232.99999999999912,11.879999999999582,668.07999999978006,QS,model_assisted_not_ground_truth,0,0,0,0,0,0,0,0,0,0,0
2.50,88,124,46,136,150,48,33,233,11.84,647.09000000000003,QS,model_assisted_not_ground_truth,0,0,0,0,0,0,0,0,0,0,0
2.51,88.000000000000938,124.99999999999906,46,136,153.00000000000094,47.999999999999069,33,232.99999999999906,11.829999999999991,656.60500000000889,QS,model_assisted_not_ground_truth,0,0,0,0,0,0,0,0,0,0,0
2.52,88.999999999998181,124.00000000000182,45.999999999998181,136,153.99999999999454,47.000000000001819,33,232.00000000000182,11.820000000000055,666.12000000000364,QS,model_assisted_not_ground_truth,0,0,0,0,0,0,0,0,0,0,0
2.53,88.000000000002757,124.99999999999724,45.000000000002757,135.99999999999724,151,48,33,233.00000000000276,11.849999999999971,668.09999999999729,QS,model_assisted_not_ground_truth,0,0,0,0,0,0,0,0,0,0,0
2.54,89,124,46,135.00000000000364,151.00000000000364,48,33,233.99999999999636,11.839999999999817,667.10999999993442,QS,model_assisted_not_ground_truth,0,0,0,0,0,0,0,0,0,0,0
2.55,89,124.00000000000458,46,136,152.00000000000915,48,33,233.00000000000458,11.789999999999999,649.10999999999535,QS,model_assisted_not_ground_truth,0,0,0,0,0,0,0,0,0,0,0
2.56,89,125,46.000000000005464,136,153.99999999998909,48,33,234,11.789999999999944,648.09000000001652,QS,model_assisted_not_ground_truth,0,0,0,0,0,0,0,0,0,0,0
2.57,89,125,46.999999999993648,136,151.99999999999366,48,33,233.99999999999366,11.779999999999999,651.10000000000002,QS,model_assisted_not_ground_truth,0,0,0,0,0,0,0,0,0,0,0
2.58,89,125,46,136,151.00000000000728,48,33,233,11.779999999999999,651.10000000000002,QS,model_assisted_not_ground_truth,0,0,0,0,0,0,0,0,0,0,0
2.59,89,125,46,136,151.99999999999682,48,33,233,11.779999999999999,651.09999999999195,QS,model_assisted_not_ground_truth,0,0,0,0,0,0,0,0,0,0,0
2.60,89,124.00000000000226,45.000000000002267,136,153.99999999999548,48,33,233,11.779999999999726,650.11000000000911,QS,model_assisted_not_ground_truth,0,0,0,0,0,0,0,0,0,0,0
2.61,89,124.99999999999862,45.999999999998622,136.99999999999864,152.00000000000276,47.000000000001378,33,233.99999999999864,11.749999999999901,651.11000000001002,QS,model_assisted_not_ground_truth,0,0,0,0,0,0,0,0,0,0,0
2.62,89.999999999999559,125,46,136.00000000000045,152,47.999999999999559,33,233.00000000000045,11.740000000000109,652.11000000001093,QS,model_assisted_not_ground_truth,0,0,0,0,0,0,0,0,0,0,0
2.63,89,124.0000000000009,45.999999999999552,136.00000000000045,151.00000000000045,48,32.000000000000448,234,11.749999999999995,653.1099999999991,QS,model_assisted_not_ground_truth,0,0,0,0,0,0,0,0,0,0,0
2.64,89,126,45.000000000001378,137,152,48,33,234,11.739999999999986,651.11999999999443,QS,model_assisted_not_ground_truth,0,0,0,0,0,0,0,0,0,0,0
2.65,89,125.99999999999774,46,137,152.00000000000679,48,33,233.99999999999773,11.729999999999977,647.10000000000571,QS,model_assisted_not_ground_truth,0,0,0,0,0,0,0,0,0,0,0
2.66,89,125,46,137,155,48,33,233,11.719999999999969,649.61000000000809,QS,model_assisted_not_ground_truth,0,0,0,0,0,0,0,0,0,0,0
2.67,89.000000000004093,125,46,136.99999999999591,154.99999999999591,48,33,233.00000000000409,11.70999999999996,652.1200000000041,QS,model_assisted_not_ground_truth,0,0,0,0,0,0,0,0,0,0,0
2.68,89.999999999994984,125,46,136,153.99999999998997,48,33,233.99999999999497,11.699999999999999,653.12000000001012,QS,model_assisted_not_ground_truth,0,0,0,0,0,0,0,0,0,0,0
2.69,89,125,46,136.00000000000591,151.99999999999409,48,33,233.00000000000591,11.699999999999999,655.13,QS,model_assisted_not_ground_truth,0,0,0,0,0,0,0,0,0,0,0
2.70,89.000000000006835,125,46,136.99999999999315,151,48,33,234,11.69999999999993,655.13000000001375,QS,model_assisted_not_ground_truth,0,0,0,0,0,0,0,0,0,0,0
2.71,89.999999999996362,125,46,136.00000000000364,151,48,33,234,11.690000000000232,657.13999999998441,QS,model_assisted_not_ground_truth,0,0,0,0,0,0,0,0,0,0,0
2.72,89.000000000002714,125,46,136,151.9999999999973,48,33,234,11.719999999999827,655.13,QS,model_assisted_not_ground_truth,0,0,0,0,0,0,0,0,0,0,0
2.73,89,125,46,136,152,48,33,234,11.699999999999809,655.13,QS,model_assisted_not_ground_truth,0,0,0,0,0,0,0,0,0,0,0
2.74,89,124.00000000000088,46,136,152.99999999999912,48,33,233.00000000000088,11.680000000000209,655.12999999998965,QS,model_assisted_not_ground_truth,0,0,0,0,0,0,0,0,0,0,0
2.75,90,125,46,136,152,48,33,232,11.699999999999999,654.13999999999999,QS,model_assisted_not_ground_truth,0,0,0,0,0,0,0,0,0,0,0
2.76,89,124.99999999999906,46,136,151.00000000000094,48,33,232,11.700000000000028,654.11000000000558,QS,model_assisted_not_ground_truth,0,0,0,0,0,0,0,0,0,0,0
2.77,89,124.00000000000182,45.999999999998181,136,151.99999999999636,48,33,232.00000000000364,11.729999999999963,660.10999999999638,QS,model_assisted_not_ground_truth,0,0,0,0,0,0,0,0,0,0,0
2.78,89,125,45.000000000005507,135.99999999999724,150.00000000000276,48,33,234,11.710000000000001,658.10999999999729,QS,model_assisted_not_ground_truth,0,0,0,0,0,0,0,0,0,0,0
2.79,89,125,46.999999999996355,135,151,48,33,234,11.709999999999983,657.12000000000182,QS,model_assisted_not_ground_truth,0,0,0,0,0,0,0,0,0,0,0
2.80,89.000000000004576,125,46,135,151.00000000000458,48,33,234,11.704999999999977,657.62000000000228,QS,model_assisted_not_ground_truth,0,0,0,0,0,0,0,0,0,0,0
2.81,89.999999999994543,125,46.000000000005464,135,152,48,33,234,11.699999999999999,658.12000000001092,GI,model_assisted_not_ground_truth,0,0,0,0,0,0,0,0,0,0,0
2.82,89,125,46.999999999993648,135,152,48,33,234,11.699999999999999,660.12,GI,model_assisted_not_ground_truth,0,0,0,0,0,0,0,0,0,0,0
2.83,89,124.99999999999272,46.000000000007283,135,152.00000000000728,48,33,233.99999999999272,11.699999999999999,660.12,GI,model_assisted_not_ground_truth,0,0,0,0,0,0,0,0,0,0,0
2.84,89,124.0000000000032,46.999999999996803,135,152.99999999999682,48,33,233.00000000000318,11.699999999999918,660.11999999999182,GI,model_assisted_not_ground_truth,0,0,0,0,0,0,0,0,0,0,0
2.85,89,124.99999999999774,46.000000000002267,135,152.00000000000227,48,33,232.00000000000227,11.69000000000009,659.11999999998181,GI,model_assisted_not_ground_truth,0,0,0,0,0,0,0,0,0,0,0
2.86,89,125,46,135,152,48,33,232,11.700000000000049,657.12000000009493,GI,model_assisted_not_ground_truth,0,0,0,0,0,0,0,0,0,0,0
2.87,89,125,46,135.99999999999955,151.00000000000045,48,33,232.99999999999955,11.705000000000027,666.6200000000498,GI,model_assisted_not_ground_truth,0,0,0,0,0,0,0,0,0,0,0
2.88,89,125,46,135.49999999999977,151.50000000000023,48,33,233,11.709999999999996,676.11999999999159,GI,model_assisted_not_ground_truth,0,0,0,0,0,0,0,0,0,0,0
2.89,88.999999999998622,125,46,135,152,48,33,233.00000000000136,11.699999999999999,657.12000000000137,GI,model_assisted_not_ground_truth,0,0,0,0,0,0,0,0,0,0,0
2.90,88,125,46,135,152.00000000000227,48,33,234,11.700000000000022,658.11999999999546,GI,model_assisted_not_ground_truth,0,0,0,0,0,0,0,0,0,0,0
2.91,88,124.9999999999968,46.000000000003197,135,152.99999999999679,48,33,234,11.710000000000065,656.12000000006719,GI,model_assisted_not_ground_truth,0,0,0,0,0,0,0,0,0,0,0
2.92,87.999999999995907,124,46.999999999995914,135,152,48,33,233.99999999999591,11.73,677.11999999991417,GI,model_assisted_not_ground_truth,0,0,0,0,0,0,0,0,0,0,0
2.93,87,124,46,135,152,48,32.999999999994984,233.00000000000503,11.729999999999976,656.12000000000251,GI,model_assisted_not_ground_truth,0,0,0,0,0,0,0,0,0,0,0
2.94,87.000000000005912,124,46,135,152,48,32.000000000005905,234,11.724999999999971,656.62000000000296,GI,model_assisted_not_ground_truth,0,0,0,0,0,0,0,0,0,0,0
2.95,87.999999999993165,124,46,134.99999999999315,152,48,33,234,11.719999999999931,657.12000000001365,GI,model_assisted_not_ground_truth,0,0,0,0,0,0,0,0,0,0,0
2.96,87.000000000003638,124,46,134.00000000000364,152,48,33,234,11.710000000000001,659.11999999997681,GI,model_assisted_not_ground_truth,0,0,0,0,0,0,0,0,0,0,0
2.97,87.999999999997286,124,46,134.9999999999973,151.0000000000027,48,33,233.0000000000027,11.710000000000001,656.12,GI,model_assisted_not_ground_truth,0,0,0,0,0,0,0,0,0,0,0
2.98,88.999999999998181,124.99999999999818,46,134.00000000000182,151,48,33,233,11.709999999999715,656.12,GI,model_assisted_not_ground_truth,0,0,0,0,0,0,0,0,0,0,0
2.99,89,125,46,134,151,48,33,234.99999999999824,11.68,656.12,GI,model_assisted_not_ground_truth,0,0,0,0,0,0,0,0,0,0,0
3.00,88,124,46,134,153,48,33,235,11.68,656.12,GI,model_assisted_not_ground_truth,0,0,0,0,0,0,0,0,0,0,0
3.01,89,125,46,134,151.00000000000279,48,33,235,11.700000000000019,656.11500000000001,GI,model_assisted_not_ground_truth,0,0,0,0,0,0,0,0,0,0,0
3.02,89,125.00000000000182,46,134,154,48,33,235,11.719999999999946,656.11000000000183,GI,model_assisted_not_ground_truth,0,0,0,0,0,0,0,0,0,0,0
3.03,89,125.99999999999724,46,134,153.99999999999724,48,33,235,11.69,657.12,GI,model_assisted_not_ground_truth,0,0,0,0,0,0,0,0,0,0,0
3.04,89,125,46,134,153.00000000000728,48,33,235.00000000000364,11.69,657.12,GI,model_assisted_not_ground_truth,0,0,0,0,0,0,0,0,0,0,0
3.05,89,125,46,133.99999999999542,154.9999999999817,48,33,236,11.690000000000229,657.11999999999534,GI,model_assisted_not_ground_truth,0,0,0,0,0,0,0,0,0,0,0
3.06,89.000000000005457,125,46.000000000005464,133.00000000000546,151.00000000002186,48,33,236,11.739999999999837,656.09999999999457,GI,model_assisted_not_ground_truth,0,0,0,0,0,0,0,0,0,0,0
3.07,89.999999999993605,125,47,134,154.99999999998721,47.999999999993605,33,235.99999999999361,11.710000000000001,655.11000000000001,GI,model_assisted_not_ground_truth,0,0,0,0,0,0,0,0,0,0,0
3.08,89,125.00000000000728,46.999999999992717,133.99999999999272,153,47.000000000007283,33,235,11.710000000000001,655.11500000000001,GI,model_assisted_not_ground_truth,0,0,0,0,0,0,0,0,0,0,0
3.09,89,125.9999999999968,46.000000000003197,133.00000000000318,153,47.999999999996803,33,235,11.710000000000001,655.12000000000819,GI,model_assisted_not_ground_truth,0,0,0,0,0,0,0,0,0,0,0
3.10,88.00000000000226,125.00000000000226,46,133,153.99999999999773,47.000000000002267,32.000000000002267,235,11.710000000000001,656.12000000001831,GI,model_assisted_not_ground_truth,0,0,0,0,0,0,0,0,0,0,0
3.11,88.999999999998622,125,46,132.00000000000136,152.00000000000276,47.999999999998622,32.999999999998622,235,11.7100000000001,658.13000000001,GI,model_assisted_not_ground_truth,0,0,0,0,0,0,0,0,0,0,0
3.12,88.000000000000441,125,46,132.99999999999955,152,48,33,235,11.720000000000656,659.13000000020759,GI,model_assisted_not_ground_truth,0,0,0,0,0,0,0,0,0,0,0
3.13,88.999999999999559,125,46,133,154.99999999999955,48,33,235,11.779999999999964,678.12999999999204,GI,model_assisted_not_ground_truth,0,0,0,0,0,0,0,0,0,0,0
3.14,88.000000000001378,125,46,133,153.99999999999588,47.999999999998622,33,235.00000000000136,11.700000000000054,660.13999999999578,GI,model_assisted_not_ground_truth,0,0,0,0,0,0,0,0,0,0,0
3.15,88.99999999999774,125,46,133,151.00000000000452,47.000000000002267,33,235.99999999999548,11.740000000000114,657.11000000004753,GI,model_assisted_not_ground_truth,0,0,0,0,0,0,0,0,0,0,0
3.16,88.000000000003197,125,46,133,152.99999999999361,48,33,234.00000000000321,11.789999999999999,678.11000000000001,GI,model_assisted_not_ground_truth,0,0,0,0,0,0,0,0,0,0,0
3.17,89,125,46,133,151.00000000000819,48,33,234.99999999999591,11.789999999999999,678.11000000000001,GI,model_assisted_not_ground_truth,0,0,0,0,0,0,0,0,0,0,0
3.18,89,125,46,133,153,48,33,234.00000000000503,11.789999999999749,678.10999999989974,GI,model_assisted_not_ground_truth,0,0,0,0,0,0,0,0,0,0,0
3.19,89,125,46,133,153.00000000000591,47.999999999994095,33,234.99999999999409,11.74,658.12,GI,model_assisted_not_ground_truth,0,0,0,0,0,0,0,0,0,0,0
3.20,88.999999999993165,125,46,133,154,47.000000000006835,33,234,11.740000000000274,658.12000000000683,GI,model_assisted_not_ground_truth,0,0,0,0,0,0,0,0,0,0,0
3.21,88.000000000003638,125,46,133,154,47.999999999996362,33,234,11.779999999999767,659.10999999998467,GI,model_assisted_not_ground_truth,0,0,0,0,0,0,0,0,0,0,0
3.22,88.999999999997286,125,46,133,153.0000000000027,48,33,234,11.749999999999741,657.12000000000864,GI,model_assisted_not_ground_truth,0,0,0,0,0,0,0,0,0,0,0
3.23,88.000000000001819,125,46,133.99999999999818,153,48,33,234.99999999999818,11.720000000000287,658.119999999995,GI,model_assisted_not_ground_truth,0,0,0,0,0,0,0,0,0,0,0
3.24,88,125,46,134,153,47.000000000000888,33,235,11.750000000000144,657.59999999999752,GI,model_assisted_not_ground_truth,0,0,0,0,0,0,0,0,0,0,0
3.25,89,125,46,134,153,48,33,235,11.779999999999999,657.08000000000004,GI,model_assisted_not_ground_truth,0,0,0,0,0,0,0,0,0,0,0
3.26,88.000000000000938,124.99999999999906,46,133.99999999999906,153.99999999999906,48,32.000000000000931,235,11.77999999999999,655.08000000000288,GI,model_assisted_not_ground_truth,0,0,0,0,0,0,0,0,0,0,0
3.27,89,124.00000000000182,45.999999999998181,133.00000000000182,152.99999999999818,48,33,235.00000000000182,11.770000000000072,658.09000000000185,GI,model_assisted_not_ground_truth,0,0,0,0,0,0,0,0,0,0,0
3.28,89,124.99999999999724,45.000000000002757,134,152.00000000000276,48,33,235.99999999999724,11.809999999999862,659.08999999999173,GI,model_assisted_not_ground_truth,0,0,0,0,0,0,0,0,0,0,0
3.29,88.999999999996362,124.00000000000364,46,134,153,48,33,235,11.76,656.09000000000185,GI,model_assisted_not_ground_truth,0,0,0,0,0,0,0,0,0,0,0
3.30,88.000000000004576,125,46,134,152.99999999999542,48,33,235.00000000000458,11.76,656.5950000000023,GI,model_assisted_not_ground_truth,0,0,0,0,0,0,0,0,0,0,0
3.31,88.999999999994543,125,46,134,151.99999999999454,48,33,235.99999999999454,11.76000000000011,657.099999999989,GI,model_assisted_not_ground_truth,0,0,0,0,0,0,0,0,0,0,0
3.32,88.000000000006395,125,46,134.00000000000639,151.00000000000639,48,33,235,11.779999999999999,655.07999999999367,GI,model_assisted_not_ground_truth,0,0,0,0,0,0,0,0,0,0,0
3.33,89,124.99999999999272,46,135.00000000000728,152.00000000000728,48,33,235,11.780000000000145,654.07999999999993,GI,model_assisted_not_ground_truth,0,0,0,0,0,0,0,0,0,0,0
3.34,89,124.0000000000032,46,135.99999999999682,152.99999999999682,48,33,235,11.799999999999756,654.06000000001632,GI,model_assisted_not_ground_truth,0,0,0,0,0,0,0,0,0,0,0
3.35,89,124.99999999999774,46,137.99999999999548,153,48,33,235,11.770000000000364,656.05999999998164,GI,model_assisted_not_ground_truth,0,0,0,0,0,0,0,0,0,0,0
3.36,89,124.00000000000138,46,136.00000000000276,153,48,33,235,11.81,654.05000000000996,GI,model_assisted_not_ground_truth,0,0,0,0,0,0,0,0,0,0,0
3.37,89,125.99999999999912,46,136.99999999999955,152.00000000000045,48,33,234.00000000000045,11.809999999999892,655.0499999999945,GI,model_assisted_not_ground_truth,0,0,0,0,0,0,0,0,0,0,0
3.38,90,125,46,138,152.99999999999955,48,33,235,11.799999999999939,654.55499999999688,GI,model_assisted_not_ground_truth,0,0,0,0,0,0,0,0,0,0,0
3.39,90,125,46,138,151.99999999999864,48,33,235,11.790000000000013,654.05999999999995,GI,model_assisted_not_ground_truth,0,0,0,0,0,0,0,0,0,0,0
3.40,89.99999999999774,125,46.000000000002267,138.00000000000227,151.00000000000907,48,33,234.99999999999773,11.799999999999955,654.05999999999085,GI,model_assisted_not_ground_truth,0,0,0,0,0,0,0,0,0,0,0
3.41,89.000000000003197,125,46.999999999996803,138.99999999999679,154.99999999999361,48,33,234.00000000000321,11.779999999999903,650.03000000000009,GI,model_assisted_not_ground_truth,0,0,0,0,0,0,0,0,0,0,0
3.42,89.999999999995907,125,46,138,153,48,33,234.99999999999591,11.749999999999918,650.05999999999597,GI,model_assisted_not_ground_truth,0,0,0,0,0,0,0,0,0,0,0
3.43,89,125,46,138,152.99999999999497,48,33,234.00000000000503,11.7299999999998,649.08000000000015,GI,model_assisted_not_ground_truth,0,0,0,0,0,0,0,0,0,0,0
3.44,88.999999999994088,124.99999999999409,46,138,152,48,33,235,11.69,649.10000000000889,GI,model_assisted_not_ground_truth,0,0,0,0,0,0,0,0,0,0,0
3.45,88.000000000006835,124,46,138,152.00000000000685,48,33,235,11.69,650.60000000001025,GI,model_assisted_not_ground_truth,0,0,0,0,0,0,0,0,0,0,0
3.46,88.999999999996362,124,46,138,152.99999999999636,48,33,235,11.689999999999921,652.09999999996137,GI,model_assisted_not_ground_truth,0,0,0,0,0,0,0,0,0,0,0
3.47,89,124,46,138.9999999999973,153,48,33,235.9999999999973,11.679999999999826,647.09999999998274,GI,model_assisted_not_ground_truth,0,0,0,0,0,0,0,0,0,0,0
3.48,89.999999999998181,124.99999999999818,46.999999999998181,139,153,48,33,235.00000000000182,11.659999999999904,645.11000000001923,GI,model_assisted_not_ground_truth,0,0,0,0,0,0,0,0,0,0,0
3.49,90,125,47.999999999999112,139,152.00000000000088,48,33,235.99999999999912,11.649999999999476,647.12000000000012,GI,model_assisted_not_ground_truth,0,0,0,0,0,0,0,0,0,0,0
3.50,89,125,48,139,153,48,33,232,11.6,647.13,GI,model_assisted_not_ground_truth,0,0,0,0,0,0,0,0,0,0,0
3.51,90,127.00000000000094,49.0000000000028,140.00000000000094,155,48,33,233.00000000000188,11.599999999999925,645.1099999999916,GI,model_assisted_not_ground_truth,0,0,0,0,0,0,0,0,0,0,0
3.52,90.000000000003638,128.00000000000182,52.000000000003645,140.99999999999454,155.00000000000182,48,33.000000000001819,235.00000000000182,11.519999999999854,636.11999999998363,GI,model_assisted_not_ground_truth,0,0,0,0,0,0,0,0,0,0,0
3.53,92.000000000002757,129.00000000001376,54,138.00000000003305,155.99999999999449,48,34,236.00000000001103,11.439999999999916,627.12999999999727,GI,model_assisted_not_ground_truth,0,0,0,0,0,0,0,0,0,0,0
3.54,93.000000000003638,134.00000000001091,54.000000000014566,150.00000000001091,154.00000000000364,48.000000000003645,34.000000000003645,240.00000000001091,11.409999999999817,626.13000000000363,GI,model_assisted_not_ground_truth,0,0,0,0,0,0,0,0,0,0,0
3.55,94.000000000004576,137.00000000000915,58,153,155.00000000001373,49,35.000000000018296,243.00000000000458,11.359999999999587,627.13000000000466,GI,model_assisted_not_ground_truth,0,0,0,0,0,0,0,0,0,0,0
3.56,95.000000000005457,139.00000000001091,58.000000000010928,152.99999999998909,158.00000000003277,49.000000000005464,39.000000000032777,244.00000000000546,11.269999999999399,628.15000000002192,GI,model_assisted_not_ground_truth,0,0,0,0,0,0,0,0,0,0,0
3.57,96.00000000002558,141.00000000001279,60.000000000019185,150.99999999998082,164.00000000001918,50.000000000006395,45.000000000019185,245.00000000001918,11.159999999999744,632.1599999999936,GI,model_assisted_not_ground_truth,0,0,0,0,0,0,0,0,0,0,0
3.58,100.00000000001457,143.00000000002186,63.000000000007283,148.00000000002186,167.00000000000728,51.000000000007283,48.000000000021849,248.00000000001455,11.119999999999562,631.17000000001451,GI,model_assisted_not_ground_truth,0,0,0,0,0,0,0,0,0,0,0
3.59,101.99999999999361,145.99999999999039,63.999999999996803,150.99999999999039,167.99999999999682,51.999999999996803,50.999999999990408,249.99999999999361,11.059999999999715,633.17000000000405,GI,model_assisted_not_ground_truth,0,0,0,0,0,0,0,0,0,0,0
3.60,107.99999999998641,147.99999999999548,64.99999999999774,152.99999999999548,169.99999999999548,53.999999999995467,57.999999999984148,250,11.024999999999682,633.67000000000451,GI,model_assisted_not_ground_truth,0,0,0,0,0,0,0,0,0,0,0
3.61,109.99999999999724,149.99999999999724,67.999999999995865,153,173.99999999999449,54.999999999998622,58,250,10.9899999999997,634.16999999995994,GI,model_assisted_not_ground_truth,0,0,0,0,0,0,0,0,0,0,0
3.62,112.99999999999866,153.99999999999824,67.000000000000441,156.99999999999824,175.99999999999912,55.999999999999559,67.999999999995566,251.99999999999912,10.959999999999345,630.16999999997824,GI,model_assisted_not_ground_truth,0,0,0,0,0,0,0,0,0,0,0
3.63,111.9999999999991,159.00000000000134,73.000000000000441,159.00000000000045,172.99999999999912,57,79.000000000000895,248.00000000000134,10.899999999999995,628.17999999999904,GI,model_assisted_not_ground_truth,0,0,0,0,0,0,0,0,0,0,0
3.64,109.99999999999586,161.99999999999588,74.000000000004135,159.99999999999588,171.00000000000827,57,81.000000000005514,250.99999999999588,10.889999999999986,626.17999999999586,GI,model_assisted_not_ground_truth,0,0,0,0,0,0,0,0,0,0,0
3.65,106.99999999998414,159,77.000000000004533,156.99999999999773,177.00000000000227,56.999999999995467,85.000000000004533,247.99999999996828,10.879999999999955,623.17999999999324,GI,model_assisted_not_ground_truth,0,0,0,0,0,0,0,0,0,0,0
3.66,99.999999999996803,158.99999999998721,79,156,178.00000000000639,54.99999999998721,87.000000000006395,234.00000000000961,10.860000000000063,620.20000000000641,GI,model_assisted_not_ground_truth,0,0,0,0,0,0,0,0,0,0,0
3.67,98.999999999991829,155.00000000000819,78.999999999979565,156.00000000001634,179.99999999999591,50.999999999987743,89.000000000004093,236.99999999997141,10.880000000000042,622.19999999998981,GI,model_assisted_not_ground_truth,0,0,0,0,0,0,0,0,0,0,0
3.68,96.999999999994984,156.99999999998494,73.999999999994984,159.99999999997993,178.99999999999497,48,90.000000000005016,230,10.89000000000005,619.69999999998754,GI,model_assisted_not_ground_truth,0,0,0,0,0,0,0,0,0,0,0
3.69,95.999999999988191,154,73,155.99999999999409,177.99999999995865,48,90.999999999994088,229.99999999998229,10.900000000000059,617.20000000000005,GI,model_assisted_not_ground_truth,0,0,0,0,0,0,0,0,0,0,0
3.70,93.999999999986329,154.00000000001367,72.999999999993165,154.99999999996581,170.99999999997948,48,90.000000000013671,226.99999999990425,10.910000000000206,617.1999999999864,GI,model_assisted_not_ground_truth,0,0,0,0,0,0,0,0,0,0,0
3.71,92.000000000007276,155.99999999999272,72.000000000003638,150.00000000001822,168.00000000001091,48,91.999999999992724,213.00000000005099,10.94,615.20000000000005,GI,model_assisted_not_ground_truth,0,0,0,0,0,0,0,0,0,0,0
3.72,89.000000000008129,155.0000000000027,72.999999999997286,135.00000000004064,167.0000000000027,48,87.000000000013543,208.00000000001356,10.940000000000259,615.20000000000016,GI,model_assisted_not_ground_truth,0,0,0,0,0,0,0,0,0,0,0
3.73,87.000000000003638,152.00000000000546,71.000000000003638,125.0000000000182,167,48,83.000000000007276,199.0000000000164,10.970000000000097,615.20999999999526,GI,model_assisted_not_ground_truth,0,0,0,0,0,0,0,0,0,0,0
3.74,84.000000000002672,150.00000000000176,71,109.00000000001421,164.00000000000267,48,77.000000000005329,199.99999999999912,10.980000000000048,614.70999999999765,GI,model_assisted_not_ground_truth,0,0,0,0,0,0,0,0,0,0,0
3.75,83,147,70,106,164,48,73,193,10.99,614.21000000000004,GI,model_assisted_not_ground_truth,0,0,0,0,0,0,0,0,0,0,0
3.76,82.999999999999062,146.99999999999721,69,108.9999999999972,162.99999999999812,47.000000000000931,75.999999999996263,193.00000000000094,11.030000000000028,613.1999999999972,GI,model_assisted_not_ground_truth,0,0,0,0,0,0,0,0,0,0,0
3.77,82,144,68.999999999990891,106.00000000000911,160.99999999999636,48,72.000000000005457,193.99999999999818,11.060000000000056,610.16999999999814,GI,model_assisted_not_ground_truth,0,0,0,0,0,0,0,0,0,0,0
3.78,81.999999999994486,143.99999999999449,64.000000000002757,111.00000000000551,159,48,74.999999999994486,193.00000000000827,11.090000000000055,609.16999999999996,GI,model_assisted_not_ground_truth,0,0,0,0,0,0,0,0,0,0,0
3.79,80.000000000003638,141.99999999999272,64.999999999996362,113.00000000002549,158.99999999999636,47.999999999996355,72.999999999996362,196,11.110000000000145,609.16999999999632,GI,model_assisted_not_ground_truth,0,0,0,0,0,0,0,0,0,0,0
3.80,80.999999999990848,139.99999999999085,64.000000000004576,119.99999999997256,157.99999999999542,47,71.999999999981696,196.0000000000183,11.15000000000007,608.15999999999542,GI,model_assisted_not_ground_truth,0,0,0,0,0,0,0,0,0,0,0
3.81,78.999999999994543,138,64.999999999994543,113.99999999997814,157,47,67.999999999989072,200.00000000000546,11.165000000000083,607.15999999999451,GI,model_assisted_not_ground_truth,0,0,0,0,0,0,0,0,0,0,0
3.82,77.999999999993605,138,64,109.99999999994884,157.00000000000639,47,65.999999999993605,201.00000000000639,11.180000000000256,606.15999999999349,GI,model_assisted_not_ground_truth,0,0,0,0,0,0,0,0,0,0,0
3.83,76.999999999992724,137.99999999999272,64,102.0000000000437,158.00000000000728,47,64.999999999992724,202.00000000001455,11.220000000000073,605.14999999997087,GI,model_assisted_not_ground_truth,0,0,0,0,0,0,0,0,0,0,0
3.84,76.000000000003197,137.00000000000318,64,107.99999999998082,158.99999999999682,47,64.000000000003197,203.99999999999361,11.230000000000736,601.16000000001634,GI,model_assisted_not_ground_truth,0,0,0,0,0,0,0,0,0,0,0
3.85,76,137,64,109.99999999999547,159.99999999999773,47,58.000000000013586,204,11.320000000000183,603.15999999999076,GI,model_assisted_not_ground_truth,0,0,0,0,0,0,0,0,0,0,0
3.86,76,136.00000000000136,63.000000000001378,112.99999999999586,160,47,55.000000000004128,202.00000000000276,11.340000000000799,602.14999999997985,GI,model_assisted_not_ground_truth,0,0,0,0,0,0,0,0,0,0,0
3.87,76,134.00000000000088,62.000000000000441,108.00000000000222,161.99999999999912,47,55.999999999999559,202,11.420000000000218,600.13999999996713,GI,model_assisted_not_ground_truth,0,0,0,0,0,0,0,0,0,0,0
3.88,74.999999999999105,132.00000000000045,62.000000000000448,106.00000000000178,163.00000000000045,47,56,202.00000000000088,11.440000000000031,597.13000000000375,GI,model_assisted_not_ground_truth,0,0,0,0,0,0,0,0,0,0,0
3.89,73,133,63,110,163.99999999999588,47,56,204,11.510000000000096,605.63000000001171,GI,model_assisted_not_ground_truth,0,0,0,0,0,0,0,0,0,0,0
3.90,73.00000000000226,133,63.000000000002267,110.00000000001133,161.00000000000227,47,56,204,11.579999999999728,614.12999999995475,GI,model_assisted_not_ground_truth,0,0,0,0,0,0,0,0,0,0,0
3.91,74.000000000003197,133.00000000000321,64,115,161.99999999999679,47,56.000000000006395,203.99999999999361,11.460000000000353,594.13000000007355,GI,model_assisted_not_ground_truth,0,0,0,0,0,0,0,0,0,0,0
3.92,75.000000000008171,134.00000000000409,64.000000000004093,115.00000000002044,161.00000000000819,47,57.999999999991829,202.00000000000409,11.569999999999265,617.12999999993053,GI,model_assisted_not_ground_truth,0,0,0,0,0,0,0,0,0,0,0
3.93,77.000000000007532,135.00000000000503,65,120.00000000000502,162.9999999999975,47,56.000000000020073,203.0000000000025,11.390000000000402,600.13000000012551,GI,model_assisted_not_ground_truth,0,0,0,0,0,0,0,0,0,0,0
3.94,78.500000000008853,136.00000000000591,65,121.00000000000591,162.49999999999704,47,60.000000000023626,203.50000000000296,11.469999999998819,625.12999999987608,GI,model_assisted_not_ground_truth,0,0,0,0,0,0,0,0,0,0,0
3.95,80,137,65,122.00000000002052,162.00000000002734,47,64.000000000006835,204.00000000002052,11.26999999999976,604.13999999999658,GI,model_assisted_not_ground_truth,0,0,0,0,0,0,0,0,0,0,0
3.96,80,137,65,124.99999999998907,165.99999999998545,47,64.999999999996362,206.99999999998909,11.234999999999729,603.63999999999612,GI,model_assisted_not_ground_truth,0,0,0,0,0,0,0,0,0,0,0
3.97,80,137.9999999999973,65.999999999997286,123.00000000000541,167.99999999999457,47,65.999999999997286,206.0000000000027,11.200000000000951,603.14000000019053,GI,model_assisted_not_ground_truth,0,0,0,0,0,0,0,0,0,0,0
3.98,80.999999999998181,137.00000000000182,69.999999999992724,123,168.99999999999818,47,71.999999999989072,205.00000000000182,11.309999999998091,625.13999999982832,GI,model_assisted_not_ground_truth,0,0,0,0,0,0,0,0,0,0,0
3.99,81.999999999999119,137.99999999999912,70,123.99999999999912,170.99999999999824,47,74.999999999997328,206.99999999999824,11.110000000001152,607.16000000022007,GI,model_assisted_not_ground_truth,0,0,0,0,0,0,0,0,0,0,0
4.00,82,140,70,133,169,47,80,208,11.220000000000001,628.15999999999997,GI,model_assisted_not_ground_truth,0,0,0,0,0,0,0,0,0,0,0
4.01,82,140.00000000000088,72,138.00000000000088,165.99999999999821,47,90,205,10.999999999999929,607.17000000000621,SSSW,model_assisted_not_ground_truth,0,0,0,0,0,0,0,0,0,0,0
4.02,82.000000000000938,140.99999999999906,72,139.00000000000094,164,47,90.000000000000938,205,10.919999999999794,614.17000000001303,SSSW,model_assisted_not_ground_truth,0,0,0,0,0,0,0,0,0,0,0
4.03,82.500000000001378,140.49999999999864,72,139.50000000000136,164,47,90.500000000001378,205,10.809999999999876,621.17000000000553,SSSW,model_assisted_not_ground_truth,0,0,0,0,0,0,0,0,0,0,0
4.04,83.00000000000729,140.00000000001091,72.000000000003638,140.00000000001458,163.99999999997451,47.000000000003645,91.000000000021856,204.99999999998178,10.764999999999837,623.18000000000734,SSSW,model_assisted_not_ground_truth,0,0,0,0,0,0,0,0,0,0,0
4.05,85,142.99999999999548,73.000000000004533,144.00000000003172,157.00000000000452,47.999999999995467,97.000000000004533,200.00000000000452,10.719999999999729,625.19000000001813,SSSW,model_assisted_not_ground_truth,0,0,0,0,0,0,0,0,0,0,0
4.06,85.000000000005514,142,73.999999999994486,151.00000000002203,158,47,98.000000000005514,201,10.659999999999284,629.19000000002222,SSSW,model_assisted_not_ground_truth,0,0,0,0,0,0,0,0,0,0,0
4.07,86.00000000002558,142.00000000000639,73.000000000006395,154.99999999996803,158.00000000001279,47.000000000006395,99.000000000006395,201.00000000001279,10.529999999999744,633.21000000005131,SSSW,model_assisted_not_ground_truth,0,0,0,0,0,0,0,0,0,0,0
4.08,90.000000000014566,143.00000000000728,74,150.00000000005099,159.99999999997814,47.999999999992717,99.999999999963592,203.00000000000728,10.489999999999636,641.23000000005106,SSSW,model_assisted_not_ground_truth,0,0,0,0,0,0,0,0,0,0,0
4.09,91.999999999993605,143.99999999999682,74,156.9999999999776,157.00000000000961,47.000000000003197,95.000000000015987,203.99999999999682,10.439999999999591,648.24000000005731,SSSW,model_assisted_not_ground_truth,0,0,0,0,0,0,0,0,0,0,0
4.10,92.999999999997698,143.0000000000023,74,155.0000000000046,155.0000000000046,47,95,204,10.38999999999991,655.25000000002728,SSSW,model_assisted_not_ground_truth,0,0,0,0,0,0,0,0,0,0,0
4.11,94.999999999997328,143,74.999999999998664,153.00000000000267,156.99999999999733,47.999999999998664,95,204.99999999999866,10.3799999999999,658.26000000003023,SSSW,model_assisted_not_ground_truth,0,0,0,0,0,0,0,0,0,0,0
4.12,97.999999999998664,143,75,161.99999999999599,153.00000000000176,48,95,204.00000000000045,10.370000000000108,661.27000000010923,SSSW,model_assisted_not_ground_truth,0,0,0,0,0,0,0,0,0,0,0
4.13,101.00000000000267,144.00000000000045,75.000000000000895,161.99999999999912,160,48,93.999999999999105,206.00000000000179,10.379999999999992,671.27000000000396,SSSW,model_assisted_not_ground_truth,0,0,0,0,0,0,0,0,0,0,0
4.14,107.000000000008,145.00000000000134,77.000000000011994,159.99999999999466,160.00000000000932,48,91.999999999998664,210.00000000000401,10.359999999999905,680.28000000001327,SSSW,model_assisted_not_ground_truth,0,0,0,0,0,0,0,0,0,0,0
4.15,113.00000000002079,146.00000000000924,86.000000000006935,156.00000000000924,167.00000000000693,48.000000000006928,91,213.00000000000693,10.290000000000022,690.30000000009238,SSSW,model_assisted_not_ground_truth,0,0,0,0,0,0,0,0,0,0,0
4.16,122.00000000004476,150.000000000016,89.000000000006395,160.00000000002558,170.00000000002558,51.00000000001279,91.000000000006395,216.00000000002558,10.299999999999585,730.32000000006417,SSSW,model_assisted_not_ground_truth,0,0,0,0,0,0,0,0,0,0,0
4.17,136.00000000003268,155.00000000002044,90.999999999995907,168.00000000004087,177.99999999998366,55.00000000006537,93.000000000012264,224.00000000001225,10.169999999999183,750.36000000010233,SSSW,model_assisted_not_ground_truth,0,0,0,0,0,0,0,0,0,0,0
4.18,144.00000000002984,160.00000000002487,90.000000000034817,178.00000000003979,174.00000000005471,71.000000000009948,95.999999999990052,227.00000000005471,9.9699999999995033,775.41000000008717,SSSW,model_assisted_not_ground_truth,0,0,0,0,0,0,0,0,0,0,0
4.19,150.00000000004167,165.00000000002382,97.000000000047606,186.00000000004167,185.0000000000357,73.000000000023803,94.000000000011909,238.00000000007736,9.8699999999994041,792.94000000010431,SSSW,model_assisted_not_ground_truth,0,0,0,0,0,0,0,0,0,0,0
4.20,157.00000000002734,169.00000000006838,105.00000000005471,193.00000000008205,191.00000000006838,76.999999999993165,96.000000000006835,251.00000000002052,9.7699999999987686,810.47000000037656,SSSW,model_assisted_not_ground_truth,0,0,0,0,0,0,0,0,0,0,0
4.21,160.99999999998545,178.99999999996359,112.99999999997087,204.99999999995629,200.99999999996359,76.000000000003638,96.999999999996362,253.99999999998909,9.5899999999983763,865.530000000325,SSSW,model_assisted_not_ground_truth,0,0,0,0,0,0,0,0,0,0,0
4.22,161.99999999999724,182.99999999998897,121.99999999997522,216.99999999996697,212.99999999996697,78.999999999991743,97.999999999997243,257.99999999998897,9.3799999999985353,907.59000000028482,SSSW,model_assisted_not_ground_truth,0,0,0,0,0,0,0,0,0,0,0
4.23,167.99999999998934,184.99999999999645,134.99999999997692,224.99999999998579,214.99999999999645,79,97.000000000001776,268.99999999998045,9.2099999999993294,940.65000000028783,SSSW,model_assisted_not_ground_truth,0,0,0,0,0,0,0,0,0,0,0
4.24,172.99999999999557,191.99999999999378,140.99999999999466,229.99999999999557,223.99999999999201,87.999999999992013,97,272.99999999999648,9.1399999999996862,970.66000000027259,SSSW,model_assisted_not_ground_truth,0,0,0,0,0,0,0,0,0,0,0
4.25,178,198,144,237,230,106,108,276,9.1099999999999994,996.66999999999996,SSSW,model_assisted_not_ground_truth,0,0,0,0,0,0,0,0,0,0,0
4.26,183.00000000000267,201.99999999999912,146.00000000000267,242.00000000000088,234.00000000000179,106.00000000000622,105.99999999999733,280.00000000000267,9.1150000000000038,1003.1600000000058,SSSW,model_assisted_not_ground_truth,0,0,0,0,0,0,0,0,0,0,0
4.27,186.00000000000932,201.00000000000188,148.99999999999812,243.00000000000747,236.00000000000188,112.99999999998508,103.0000000000112,283,9.1199999999999992,1009.6500000000036,SSSW,model_assisted_not_ground_truth,0,0,0,0,0,0,0,0,0,0,0
4.28,191.00000000000827,202.00000000000551,148,246.99999999999449,236.99999999999449,105.00000000000551,109.00000000000276,283.00000000000551,9.1200000000001644,1011.6300000000055,SSSW,model_assisted_not_ground_truth,0,0,0,0,0,0,0,0,0,0,0
4.29,194.00000000000364,203.99999999999636,148.00000000000728,244.99999999996723,234.99999999998178,106.99999999999636,110.00000000000729,284.99999999999636,9.1800000000001454,1013.5999999999781,SSSW,model_assisted_not_ground_truth,0,0,0,0,0,0,0,0,0,0,0
4.30,195.00000000002265,203,150,236,229.99999999998187,105.99999999998641,111.99999999998188,284.00000000000904,9.2200000000005904,1007.559999999968,SSSW,model_assisted_not_ground_truth,0,0,0,0,0,0,0,0,0,0,0
4.31,200.00000000001651,202.99999999999449,149.99999999999449,236.00000000001103,226.00000000001651,102.99999999996145,108.00000000001101,286.00000000000551,9.3500000000007706,1000.5199999999667,SSSW,model_assisted_not_ground_truth,0,0,0,0,0,0,0,0,0,0,0
4.32,202.99999999998082,201.99999999998082,149,237.99999999999361,228.99999999996803,96,110.00000000004476,286.99999999999358,9.4900000000006077,994.47999999996466,SSSW,model_assisted_not_ground_truth,0,0,0,0,0,0,0,0,0,0,0
4.33,200.00000000002913,198.99999999997814,149,236.99999999999272,223.99999999997087,96.000000000036408,117.00000000001457,285.9999999999709,9.5850000000006919,988.94499999995969,SSSW,model_assisted_not_ground_truth,0,0,0,0,0,0,0,0,0,0,0
4.34,203.99999999998721,196.00000000000961,149,236.00000000000318,220.00000000001279,100.99999999998401,118.99999999999361,282.00000000001279,9.6800000000014705,983.4099999999097,SSSW,model_assisted_not_ground_truth,0,0,0,0,0,0,0,0,0,0,0
4.35,205.99999999999557,193.00000000000665,149,236.99999999999778,218.00000000000443,100.00000000000222,122.99999999999112,281.00000000000222,9.8600000000015555,972.36999999986244,SSSW,model_assisted_not_ground_truth,0,0,0,0,0,0,0,0,0,0,0
4.36,208.99999999999599,189.00000000000534,149,236.00000000000134,218.99999999999866,98.000000000002672,123,283.99999999999602,10.030000000001305,957.32999999997958,SSSW,model_assisted_not_ground_truth,0,0,0,0,0,0,0,0,0,0,0
4.37,210.99999999999912,190.99999999999912,149,234.00000000000088,217.00000000000088,98,129.9999999999969,284.99999999999955,10.160000000001419,955.28999999998882,SSSW,model_assisted_not_ground_truth,0,0,0,0,0,0,0,0,0,0,0
4.38,215.00000000000355,189,151.00000000000088,235,214.99999999999912,99.000000000003112,140.00000000000088,285.00000000000045,10.290000000000008,954.26999999999998,SSSW,model_assisted_not_ground_truth,0,0,0,0,0,0,0,0,0,0,0
4.39,223.00000000000799,189.00000000000134,153,234.99999999999599,212.99999999999733,105.99999999999866,142.00000000000534,285.99999999999869,10.310000000000107,954.24999999999727,SSSW,model_assisted_not_ground_truth,0,0,0,0,0,0,0,0,0,0,0
4.40,229.0000000000023,190.00000000000924,153.0000000000023,232.00000000000693,210.9999999999977,105.00000000001386,146.00000000002541,285.00000000000693,10.390000000000024,952.2399999999966,SSSW,model_assisted_not_ground_truth,0,0,0,0,0,0,0,0,0,0,0
4.41,230.00000000000639,194.00000000000961,154.00000000000639,235.00000000000639,210.0000000000224,111.00000000001918,157.00000000002558,288,10.400000000000032,950.74499999999523,SSSW,model_assisted_not_ground_truth,0,0,0,0,0,0,0,0,0,0,0
4.42,232.00000000002859,197.00000000000409,156.00000000000409,237.00000000002044,216.99999999995097,117,165.00000000004903,288.00000000001228,10.410000000000204,949.25000000002456,SSSW,model_assisted_not_ground_truth,0,0,0,0,0,0,0,0,0,0,0
4.43,239,197.99999999999503,157.00000000000995,242.00000000001492,205.00000000002984,117,177.0000000000199,291.00000000001495,10.4600000000001,955.25000000000011,SSSW,model_assisted_not_ground_truth,0,0,0,0,0,0,0,0,0,0,0
4.44,239.00000000004167,197.00000000000594,159.00000000001785,245,210.99999999998215,117.00000000005356,181.00000000007736,294.00000000001188,10.48000000000018,955.26999999998816,SSSW,model_assisted_not_ground_truth,0,0,0,0,0,0,0,0,0,0,0
4.45,246.00000000004104,198.00000000000685,162.00000000001367,245.00000000000685,208.00000000001367,125.99999999999316,194.00000000004104,296.00000000000682,10.510000000000479,953.28000000003419,SSSW,model_assisted_not_ground_truth,0,0,0,0,0,0,0,0,0,0,0
4.46,251.99999999997814,198.99999999999636,163.99999999999272,245.99999999999636,209.99999999999272,125.00000000000364,199.99999999997814,296.99999999999636,10.580000000000464,958.28000000000009,SSSW,model_assisted_not_ground_truth,0,0,0,0,0,0,0,0,0,0,0
4.47,254.99999999999173,201.99999999999173,165.99999999999449,248.99999999999173,207.00000000000827,125,204.99999999998624,297.99999999999727,10.640000000000949,958.29000000004316,SSSW,model_assisted_not_ground_truth,0,0,0,0,0,0,0,0,0,0,0
4.48,253.00000000000355,202.99999999999824,167.99999999999645,248.00000000000176,209.99999999999466,120.00000000000888,209.99999999999113,298.99999999999824,10.750000000000671,963.30000000001439,SSSW,model_assisted_not_ground_truth,0,0,0,0,0,0,0,0,0,0,0
4.49,261.99999999999199,205.99999999999733,168,247.00000000000088,210.99999999999912,120,209.00000000000088,300.99999999999824,10.820000000000336,964.80000000000712,SSSW,model_assisted_not_ground_truth,0,0,0,0,0,0,0,0,0,0,0
4.50,263,207,167,249,216,131,210,302,10.890000000000001,966.29999999999995,SSSW,model_assisted_not_ground_truth,0,0,0,0,0,0,0,0,0,0,0
4.51,265.00000000000176,212.00000000000088,170.00000000001955,255.99999999999821,216.00000000000443,134.00000000000622,214.00000000000443,303,11.100000000000213,966.29999999999461,SSSW,model_assisted_not_ground_truth,0,0,0,0,0,0,0,0,0,0,0
4.52,267.00000000000745,213.00000000000747,192.0000000000056,254.0000000000056,220.99999999999628,141.00000000001864,219.0000000000056,303.00000000000188,11.340000000000728,960.29999999998495,SSSW,model_assisted_not_ground_truth,0,0,0,0,0,0,0,0,0,0,0
4.53,271.00000000001103,217.00000000001651,195.00000000001103,256.99999999998346,219.00000000000827,151.00000000001651,222.00000000000551,304.00000000000551,11.730000000001185,952.26999999998611,SSSW,model_assisted_not_ground_truth,0,0,0,0,0,0,0,0,0,0,0
4.54,274.99999999999636,223.00000000000364,199.00000000001091,251.00000000001091,222.00000000001458,157.00000000001458,224.00000000000364,306,12.160000000001075,947.23000000002901,SSSW,model_assisted_not_ground_truth,0,0,0,0,0,0,0,0,0,0,0
4.55,274.00000000000904,224.00000000001359,202.00000000000907,254.00000000002265,225.99999999999093,161.00000000000907,225.00000000000907,306.00000000000904,12.455000000001336,955.19500000003609,SSSW,model_assisted_not_ground_truth,0,0,0,0,0,0,0,0,0,0,0
4.56,276.00000000001654,226.99999999996146,204.00000000001103,258.99999999998346,224.00000000002203,163.00000000003305,227.00000000000551,308.00000000001103,12.750000000002974,963.16000000000497,SSSW,model_assisted_not_ground_truth,0,0,0,0,0,0,0,0,0,0,0
4.57,279.00000000001921,220.00000000002558,206.00000000000639,256,228,168.99999999994884,227.99999999998082,310,13.290000000005563,964.059999999865,SSSW,model_assisted_not_ground_truth,0,0,0,0,0,0,0,0,0,0,0
4.58,282,223.9999999999126,207,256.00000000001455,228.00000000001455,160.99999999997814,225.00000000002186,309.99999999998545,14.16000000000386,942.95999999983883,SSSW,model_assisted_not_ground_truth,0,0,0,0,0,0,0,0,0,0,0
4.59,282,212.00000000003837,207,257.99999999999363,229.99999999999361,158.00000000000961,227.99999999999039,308.00000000000637,14.690000000004167,920.82999999991716,SSSW,model_assisted_not_ground_truth,0,0,0,0,0,0,0,0,0,0,0
4.60,278.00000000000887,212,207.99999999999778,258.99999999999778,228.00000000000443,155.00000000000665,226.00000000000443,308.99999999999778,15.200000000003659,910.68999999989865,SSSW,model_assisted_not_ground_truth,0,0,0,0,0,0,0,0,0,0,0
4.61,277.00000000000131,209.00000000000401,208,258.00000000000131,226.00000000000267,150.00000000000665,228.99999999999599,309,15.600000000001454,899.5999999999998,SSSW,model_assisted_not_ground_truth,0,0,0,0,0,0,0,0,0,0,0
4.62,277.99999999999955,207.00000000000088,208,257.00000000000045,223.00000000000134,147.00000000000134,229,309,15.745000000000759,899.57499999999982,SSSW,model_assisted_not_ground_truth,0,0,0,0,0,0,0,0,0,0,0
4.63,279,200.9999999999969,207.00000000000045,259,218.99999999999778,144,228.00000000000134,307.99999999999955,15.890000000000219,899.54999999998927,SSSW,model_assisted_not_ground_truth,0,0,0,0,0,0,0,0,0,0,0
4.64,279.00000000000131,193.99999999999466,208,259,213.99999999999068,143.99999999999201,231.00000000000267,307.00000000000131,16.380000000000319,875.50999999998271,SSSW,model_assisted_not_ground_truth,0,0,0,0,0,0,0,0,0,0,0
4.65,279.99999999999073,189.99999999999076,207.99999999994228,258.99999999999307,206.99999999998383,138.00000000000924,233.0000000000023,307.99999999999307,16.620000000000417,862.51000000003228,SSSW,model_assisted_not_ground_truth,0,0,0,0,0,0,0,0,0,0,0
4.66,275.99999999998721,185.99999999996803,182.99999999999679,255.99999999999679,199.999999999984,141.99999999996163,233.999999999984,304.99999999999039,16.80000000000032,876.49000000000638,SSSW,model_assisted_not_ground_truth,0,0,0,0,0,0,0,0,0,0,0
4.67,271.99999999998363,175.99999999998366,181.99999999998366,254.99999999997956,194.99999999997956,129.99999999998366,229,301.99999999995913,16.900000000000407,878.480000000004,SSSW,model_assisted_not_ground_truth,0,0,0,0,0,0,0,0,0,0,0
4.68,267.9999999999751,171.99999999995524,177.99999999996518,249.99999999997016,189.99999999998508,125.99999999996021,228.99999999996021,291.99999999995026,17.000000000000348,879.45999999998503,SSSW,model_assisted_not_ground_truth,0,0,0,0,0,0,0,0,0,0,0
4.69,262.99999999990479,162.99999999993454,170.99999999998215,243.9999999999643,186.9999999999643,117.99999999997024,220.99999999995239,281.99999999994048,17.07000000000021,876.44999999997617,SSSW,model_assisted_not_ground_truth,0,0,0,0,0,0,0,0,0,0,0
4.70,246.99999999995896,151.99999999997266,167.9999999999624,237.99999999998633,180.99999999995896,112.99999999993845,212.99999999995896,271.99999999991451,17.105000000000238,872.44499999997265,SSSW,model_assisted_not_ground_truth,0,0,0,0,0,0,0,0,0,0,0
4.71,240.99999999998775,147.99999999999181,162.49999999998877,235.99999999999591,174.99999999998775,103.99999999998161,206.99999999998775,259.49999999997448,17.140000000000388,868.43999999990717,SSSW,model_assisted_not_ground_truth,0,0,0,0,0,0,0,0,0,0,0
4.72,235.00000000001651,144.00000000001103,157.00000000001515,234.00000000000551,169.00000000001651,95.000000000024784,201.00000000001651,247.00000000003442,17.190000000000605,856.41999999972415,SSSW,model_assisted_not_ground_truth,0,0,0,0,0,0,0,0,0,0,0
4.73,219.00000000002842,138.00000000001066,134.00000000004087,223.00000000001955,143.00000000004619,72.000000000040856,183.00000000003197,215.00000000005684,17.260000000000481,824.40999999983671,SSSW,model_assisted_not_ground_truth,0,0,0,0,0,0,0,0,0,0,0
4.74,200.00000000001688,127.00000000000978,109.0000000000222,203.00000000001776,130.00000000001154,48.000000000021316,144.00000000003465,184.00000000002754,17.310000000000311,807.38999999984253,SSSW,model_assisted_not_ground_truth,0,0,0,0,0,0,0,0,0,0,0
4.75,159,97,52,159,83,43,104,83,17.34,792.37,SSSW,model_assisted_not_ground_truth,0,0,0,0,0,0,0,0,0,0,0
4.76,148.49999999999068,86.499999999990678,49.499999999997783,147.99999999999022,68.499999999987125,43,94.999999999992013,59.999999999979572,17.529999999999898,734.36999999997465,SSSW,model_assisted_not_ground_truth,0,0,0,0,0,0,0,0,0,0,0
4.77,137.99999999997016,75.999999999957097,46.999999999998131,136.99999999996268,53.99999999997948,42.999999999985079,85.999999999938453,36.999999999936584,17.414999999999786,705.8699999999468,SSSW,model_assisted_not_ground_truth,0,0,0,0,0,0,0,0,0,0,0
4.78,121.99999999989537,52.999999999944933,45.999999999988987,116.99999999997246,43.000000000002757,35.000000000008264,52.999999999953189,2.9999999999917399,17.299999999998761,677.36999999975228,SSSW,model_assisted_not_ground_truth,0,0,0,0,0,0,0,0,0,0,0
4.79,83.99999999999271,32.999999999963585,42,107.00000000001457,44.000000000014566,38,35.999999999989072,0,16.849999999995632,587.39999999974157,SSSW,model_assisted_not_ground_truth,0,0,0,0,0,0,0,0,0,0,0
4.80,82,22.999999999977351,42,111,48.000000000022652,37.999999999995467,32.999999999995467,0,15.649999999997508,516.439999999674,SSSW,model_assisted_not_ground_truth,0,0,0,0,0,0,0,0,0,0,0
4.81,81.999999999988987,17.999999999994493,42,111.00000000003304,53.000000000005507,37,32.000000000005507,0,15.099999999997246,444.46999999978561,SSSW,model_assisted_not_ground_truth,0,0,0,0,0,0,0,0,0,0,0
4.82,79.999999999980815,17.000000000051159,42.000000000019185,116.99999999996163,54.000000000006395,37.000000000006395,32.999999999993605,0,14.599999999997506,405.52999999972496,SSSW,model_assisted_not_ground_truth,0,0,0,0,0,0,0,0,0,0,0
4.83,77,24.999999999970868,45,110.99999999996359,55.00000000016751,37.999999999992717,32.000000000007283,0,14.209999999999637,362.53000000000731,SSSW,model_assisted_not_ground_truth,0,0,0,0,0,0,0,0,0,0,0
4.84,77,21.00000000001279,45,106.00000000001599,77.999999999926459,37.000000000003197,32.999999999996803,0,14.160000000000164,363.54000000000406,SSSW,model_assisted_not_ground_truth,0,0,0,0,0,0,0,0,0,0,0
4.85,75.000000000004434,21,45.999999999997783,107.99999999999557,85.999999999982236,37.999999999997783,33,0,14.180000000000183,364.03500000000452,SSSW,model_assisted_not_ground_truth,0,0,0,0,0,0,0,0,0,0,0
4.86,77.999999999996007,30.999999999986677,46,103.00000000000666,88.999999999996007,37.000000000001336,33.999999999998664,0.99999999999866773,14.200000000000101,364.53000000001003,SSSW,model_assisted_not_ground_truth,0,0,0,0,0,0,0,0,0,0,0
4.87,80.999999999998664,31.999999999999556,46.999999999999559,82.000000000009322,90.999999999999119,34.000000000001336,34,24.999999999989342,14.210000000000328,365.53000000008734,SSSW,model_assisted_not_ground_truth,0,0,0,0,0,0,0,0,0,0,0
4.88,83.000000000000441,34.000000000000448,47.000000000000448,88.000000000003553,85.999999999997328,33.999999999999552,37.000000000000448,27.000000000014655,14.240000000000023,373.52999999999906,SSSW,model_assisted_not_ground_truth,0,0,0,0,0,0,0,0,0,0,0
4.89,84,34.999999999997335,47.999999999998664,95.999999999990678,80,33,37.999999999994671,60.000000000015987,14.289999999999985,371.51999999999867,SSSW,model_assisted_not_ground_truth,0,0,0,0,0,0,0,0,0,0,0
4.90,84.000000000013856,32.999999999995381,47,89.000000000009237,80.000000000018474,33,33.999999999997691,72.000000000062357,14.279999999999976,370.51999999999765,SSSW,model_assisted_not_ground_truth,0,0,0,0,0,0,0,0,0,0,0
4.91,90.00000000002558,30.99999999998721,47,93,88,33,32.999999999996803,99.000000000060751,14.270000000000048,369.52000000000641,SSSW,model_assisted_not_ground_truth,0,0,0,0,0,0,0,0,0,0,0
4.92,98.000000000004093,26.999999999991829,47,93,87.999999999991829,33,32.000000000004086,118.00000000005312,14.285000000000061,371.52000000000817,SSSW,model_assisted_not_ground_truth,0,0,0,0,0,0,0,0,0,0,0
4.93,98.999999999995026,24.999999999995026,46.999999999975131,93.000000000029843,85.999999999975131,33,32.999999999995026,130.99999999999005,14.299999999999702,373.51999999998503,SSSW,model_assisted_not_ground_truth,0,0,0,0,0,0,0,0,0,0,0
4.94,97.999999999964288,24.000000000011902,42.000000000005954,98.999999999934545,80.999999999898833,33.000000000005954,31.999999999982148,129.00000000001785,14.24,370.51999999999407,SSSW,model_assisted_not_ground_truth,0,0,0,0,0,0,0,0,0,0,0
4.95,91.999999999986329,25.999999999979483,42.999999999986322,87.999999999986329,63.999999999945288,33.999999999890576,29,132.00000000003419,14.240000000000343,369.53000000001356,SSSW,model_assisted_not_ground_truth,0,0,0,0,0,0,0,0,0,0,0
4.96,90.000000000007276,23.000000000010925,41.000000000007283,86.000000000007276,56.000000000029132,18.000000000058265,29,136.99999999998178,14.289999999999921,371.51999999999998,SSSW,model_assisted_not_ground_truth,0,0,0,0,0,0,0,0,0,0,0
4.97,82.000000000022027,23,41,87.999999999994486,55.000000000002757,19.999999999994493,29,130.00000000001927,14.27999999999974,371.51999999999146,SSSW,model_assisted_not_ground_truth,0,0,0,0,0,0,0,0,0,0,0
4.98,82,22.000000000001776,41,76.000000000021316,55,32.999999999976907,28.000000000001776,126.00000000000711,14.250000000000959,370.5299999999711,SSSW,model_assisted_not_ground_truth,0,0,0,0,0,0,0,0,0,0,0
4.99,77.000000000004434,22,41.999999999999112,57.000000000016875,55,34.999999999998224,20.000000000007105,110.00000000001421,14.34999999999979,367.52000000001573,SSSW,model_assisted_not_ground_truth,0,0,0,0,0,0,0,0,0,0,0
5.00,72,25,42,57,55,37,21,108,14.329999999999886,369.02000000000851,SSSW,model_assisted_not_ground_truth,0,0,0,0,0,0,0,0,0,0,0
5.01,68.999999999996447,24,41.000000000000888,57.000000000001776,55,37,19.999999999999112,112.99999999998046,14.31,370.52000000000089,SSSW,model_assisted_not_ground_truth,0,0,0,0,0,0,0,0,0,0,0
5.02,64.99999999997388,24.000000000001865,42,59.000000000005599,54.999999999998131,37,19,91,14.310000000000057,371.52000000000555,SSSW,model_assisted_not_ground_truth,0,0,0,0,0,0,0,0,0,0,0
5.03,50.999999999991736,24.99999999999174,41.999999999997243,62.00000000001652,53.999999999991736,37.000000000002757,18.999999999997247,90.999999999977973,14.339999999999916,374.51999999999174,SSSW,model_assisted_not_ground_truth,0,0,0,0,0,0,0,0,0,0,0
5.04,47.999999999989072,22.000000000007283,41.000000000003645,67.999999999970868,50.999999999996355,37.999999999996355,18.000000000003642,82.999999999989072,14.31,371.51999999999998,SSSW,model_assisted_not_ground_truth,0,0,0,0,0,0,0,0,0,0,0
5.05,44.999999999995467,23.999999999990941,41.999999999986407,59.999999999995467,50,37.000000000004533,18.999999999990941,79.999999999981881,14.310000000000318,371.52000000001811,SSSW,model_assisted_not_ground_truth,0,0,0,0,0,0,0,0,0,0,0
5.06,43.999999999988987,21.999999999994493,39.000000000005507,59,50,37.999999999994493,16.999999999994493,75.999999999972459,14.379999999999891,375.51999999999725,SSSW,model_assisted_not_ground_truth,0,0,0,0,0,0,0,0,0,0,0
5.07,42.000000000006395,21.00000000001279,40,58.99999999997442,50,37.000000000006395,16.00000000001279,70.999999999980815,14.359999999999872,375.0199999999968,SSSW,model_assisted_not_ground_truth,0,0,0,0,0,0,0,0,0,0,0
5.08,43,22.999999999992717,39.999999999992717,54.999999999970868,49.999999999992717,38,17.999999999985434,67.999999999876195,14.340000000000364,374.51999999999981,SSSW,model_assisted_not_ground_truth,0,0,0,0,0,0,0,0,0,0,0
5.09,43,22.000000000003197,39.000000000003197,51.00000000001279,49.000000000003197,38,16.000000000006395,51.000000000054357,14.389999999999919,374.49999999998363,SSSW,model_assisted_not_ground_truth,0,0,0,0,0,0,0,0,0,0,0
5.10,43,23.999999999995559,39.999999999997783,55.999999999988901,47.000000000004441,37.000000000002217,17.999999999995559,46.000000000011099,14.379999999999818,372.50000000003666,SSSW,model_assisted_not_ground_truth,0,0,0,0,0,0,0,0,0,0,0
5.11,40.000000000003993,19.000000000006661,39.000000000001336,54.000000000002665,47.999999999998664,36.000000000001336,17.000000000001332,46,14.360000000000101,376.51000000001005,SSSW,model_assisted_not_ground_truth,0,0,0,0,0,0,0,0,0,0,0
5.12,39.000000000000441,23.99999999999778,39.999999999999559,55.999999999999112,48,33.000000000001336,16.000000000000444,47.999999999999112,14.370000000000326,377.51000000001079,SSSW,model_assisted_not_ground_truth,0,0,0,0,0,0,0,0,0,0,0
5.13,36.999999999998664,25,40.000000000000448,55,44.999999999998664,10.999999999998668,14.000000000000888,53.000000000000888,14.400000000000015,378.50000000000068,SSSW,model_assisted_not_ground_truth,0,0,0,0,0,0,0,0,0,0,0
5.14,34.000000000004,25,40.999999999998664,55.000000000004,41.999999999997335,7.9999999999893419,16.000000000001332,55.000000000009329,14.430000000000041,380.00000000000199,SSSW,model_assisted_not_ground_truth,0,0,0,0,0,0,0,0,0,0,0
5.15,37.000000000002309,25.000000000002309,40,58,40,0,17,62.000000000027711,14.459999999999978,381.49999999999767,SSSW,model_assisted_not_ground_truth,0,0,0,0,0,0,0,0,0,0,0
5.16,37.999999999996803,26.00000000001279,40,58.000000000028777,40.000000000003197,0,17.000000000028777,74.000000000089528,14.449999999999999,380.50000000000961,SSSW,model_assisted_not_ground_truth,0,0,0,0,0,0,0,0,0,0,0
5.17,37,30.000000000024514,40.000000000004086,67.000000000028606,41,0,26.000000000004086,102.00000000017569,14.45000000000004,383.51000000000408,SSSW,model_assisted_not_ground_truth,0,0,0,0,0,0,0,0,0,0,0
5.18,37.000000000009948,36.000000000004974,41.000000000004974,74.000000000064659,41,0,27.000000000004974,145.00000000011937,14.46000000000025,384.51000000000994,SSSW,model_assisted_not_ground_truth,0,0,0,0,0,0,0,0,0,0,0
5.19,39,37,42.000000000005954,87.000000000053561,40.999999999994046,0,28.000000000017852,169.00000000011306,14.509999999999582,386.50999999999408,SSSW,model_assisted_not_ground_truth,0,0,0,0,0,0,0,0,0,0,0
5.20,39,37.000000000020513,43.000000000006835,96.00000000002052,39.999999999993165,0,31,188.00000000002052,14.440000000000069,385.52000000002738,SSSW,model_assisted_not_ground_truth,0,0,0,0,0,0,0,0,0,0,0
5.21,39,39.999999999989072,43.999999999996362,98.999999999989072,39.000000000003638,0,31,190.99999999998909,14.449999999999921,389.52999999999224,SSSW,model_assisted_not_ground_truth,0,0,0,0,0,0,0,0,0,0,0
5.22,39,53.999999999961453,43.000000000002757,100.99999999999449,39,30.999999999914646,31.999999999997247,191.99999999999724,14.439999999999912,388.52999999999133,SSSW,model_assisted_not_ground_truth,0,0,0,0,0,0,0,0,0,0,0
5.23,38.000000000001776,71.999999999968026,43,105.99999999999112,39.999999999998224,32.999999999996447,32.999999999998224,190.00000000000355,14.429999999997218,387.53000000007728,SSSW,model_assisted_not_ground_truth,0,0,0,0,0,0,0,0,0,0,0
5.24,38.999999999999112,85.999999999987566,43,106.99999999999912,40.999999999999112,35.999999999997335,38.999999999994671,194.99999999999557,14.139999999985118,395.59000000035905,SSSW,model_assisted_not_ground_truth,0,0,0,0,0,0,0,0,0,0,0
5.25,41,86,45,114,48,37,56,198,12.720000000000001,429.85000000000002,SSSW,model_assisted_not_ground_truth,0,0,0,0,0,0,0,0,0,0,0
5.26,44.00000000000977,112.00000000000711,48.00000000000977,130.00000000001776,97.000000000046185,40.000000000003553,99.000000000057739,229.00000000002842,9.609999999998756,639.25000000015484,SSSW,model_assisted_not_ground_truth,0,0,0,0,0,0,0,0,0,0,0
5.27,55.000000000113779,120.00000000004663,59.000000000055955,150.00000000004476,149.00000000006341,44.000000000001869,164.00000000004289,261.00000000003172,8.2099999999995905,813.62000000007106,SSSW,model_assisted_not_ground_truth,0,0,0,0,0,0,0,0,0,0,0
5.28,116,145.00000000005508,89.000000000041297,174.00000000009913,183.0000000001294,45.000000000005507,187.00000000003578,278.00000000003581,7.9900000000000828,851.69000000002757,SSSW,model_assisted_not_ground_truth,0,0,0,0,0,0,0,0,0,0,0
5.29,116.00000000005463,165.00000000003641,104.00000000010196,210.00000000005463,230.00000000011653,47.000000000021849,200.00000000003277,291.0000000000328,8.0200000000002003,861.70000000003836,SSSW,model_assisted_not_ground_truth,0,0,0,0,0,0,0,0,0,0,0
5.30,131.00000000007248,175.0000000000453,132.00000000008154,225.00000000008606,262.00000000004076,53.00000000004983,209.00000000003624,299.99999999994566,8.0750000000002498,872.22000000004766,SSSW,model_assisted_not_ground_truth,0,0,0,0,0,0,0,0,0,0,0
5.31,147.00000000001651,185.00000000000551,150.00000000000551,244.00000000006057,271.00000000000551,64.000000000071594,216.99999999998897,287.9999999998513,8.1300000000008268,882.74000000024819,SSSW,model_assisted_not_ground_truth,0,0,0,0,0,0,0,0,0,0,0
5.32,149.99999999988489,186.00000000001279,150.99999999998082,255.00000000000639,272.00000000001279,77.000000000019185,215.00000000000639,260.99999999994242,8.2800000000018539,927.80000000035182,SSSW,model_assisted_not_ground_truth,0,0,0,0,0,0,0,0,0,0,0
5.33,131.99999999997087,188.00000000002186,148.00000000001455,256,274.00000000000728,80.000000000072831,216.00000000000728,251.99999999988347,8.5700000000003644,982.83000000029915,SSSW,model_assisted_not_ground_truth,0,0,0,0,0,0,0,0,0,0,0
5.34,128.00000000001279,190.99999999999039,149.99999999999361,256,274.99999999999682,89.999999999968026,216.99999999999682,236.00000000005116,8.6200000000000809,1023.9000000002372,SSSW,model_assisted_not_ground_truth,0,0,0,0,0,0,0,0,0,0,0
5.35,125.00000000000666,191.99999999999778,151.99999999999557,254.00000000000443,276.99999999999557,85.000000000011099,217.99999999999778,226.0000000000222,8.630000000000825,1052.930000000375,SSSW,model_assisted_not_ground_truth,0,0,0,0,0,0,0,0,0,0,0
5.36,120.00000000000666,190.00000000000267,151.00000000000134,251.00000000000401,275.00000000000267,86.999999999997328,217.00000000000134,236.99999999998533,8.7200000000006526,1093.9100000000651,SSSW,model_assisted_not_ground_truth,0,0,0,0,0,0,0,0,0,0,0
5.37,117.00000000000134,182.00000000000355,151,250.00000000000045,275,92.999999999997328,213.00000000000176,237,8.7850000000003412,1100.3950000000341,SSSW,model_assisted_not_ground_truth,0,0,0,0,0,0,0,0,0,0,0
5.38,119.99999999999956,173.99999999999778,148.00000000000222,246.99999999999866,272.99999999999909,91.999999999998224,209.99999999999955,239.00000000000179,8.8500000000000441,1106.8800000000015,SSSW,model_assisted_not_ground_truth,0,0,0,0,0,0,0,0,0,0,0
5.39,118.99999999998535,168.99999999999201,152.99999999999866,243.99999999999866,270.99999999999602,87.999999999996007,208.99999999999335,243.00000000000401,8.9500000000001734,1109.8499999999826,SSSW,model_assisted_not_ground_truth,0,0,0,0,0,0,0,0,0,0,0
5.40,107.99999999998614,162.9999999999977,151.99999999999537,242.99999999999076,267.99999999999073,84.999999999983828,203.99999999997229,246.00000000000693,9.0800000000003234,1096.7999999999629,SSSW,model_assisted_not_ground_truth,0,0,0,0,0,0,0,0,0,0,0
5.41,101.99999999993605,161.99999999998082,149.99999999997121,238.99999999997121,263.99999999995845,77.999999999961631,191.99999999993923,248.99999999998721,9.2200000000005122,1080.7799999999006,SSSW,model_assisted_not_ground_truth,0,0,0,0,0,0,0,0,0,0,0
5.42,81.999999999950973,156,140.99999999996322,230,250.99999999993054,65.999999999991829,172.99999999992644,244.99999999999181,9.3800000000006545,1049.7199999998609,SSSW,model_assisted_not_ground_truth,0,0,0,0,0,0,0,0,0,0,0
5.43,69.999999999990052,155.99999999999005,131.99999999995026,229.99999999995026,233.99999999996518,63.999999999970157,154.99999999992539,242.99999999993534,9.5400000000004468,1015.6699999999352,SSSW,model_assisted_not_ground_truth,0,0,0,0,0,0,0,0,0,0,0
5.44,67.999999999994046,153.99999999992264,121.9999999999762,219.9999999999643,226.99999999997618,57.999999999988098,139.99999999989288,229.99999999995239,9.6300000000005355,1002.6449999999224,SSSW,model_assisted_not_ground_truth,0,0,0,0,0,0,0,0,0,0,0
5.45,66.999999999890576,140.99999999992477,117.99999999997264,213.99999999995896,222.99999999997948,55.999999999986322,121.99999999993162,221.99999999985639,9.7200000000013684,989.61999999973273,SSSW,model_assisted_not_ground_truth,0,0,0,0,0,0,0,0,0,0,0
5.46,51.000000000058265,130.00000000004005,114.00000000001457,208.00000000002186,220.00000000001091,54.000000000007283,112.00000000003641,201.00000000007648,9.9200000000022417,950.5399999996672,SSSW,model_assisted_not_ground_truth,0,0,0,0,0,0,0,0,0,0,0
5.47,48.000000000008257,127.00000000000826,101.0000000000358,194.00000000003854,218.00000000000551,52.000000000005507,98.00000000003854,200.00000000000276,10.2100000000025,907.47999999967226,SSSW,model_assisted_not_ground_truth,0,0,0,0,0,0,0,0,0,0,0
5.48,43.000000000008882,121.00000000001066,87.000000000024869,190.00000000000711,217.00000000000176,50.000000000003553,85.000000000023093,169.00000000005508,10.500000000001535,869.43999999951041,SSSW,model_assisted_not_ground_truth,0,0,0,0,0,0,0,0,0,0,0
5.49,43,109.00000000001066,85.000000000001776,190.99999999999912,216.00000000000088,48.000000000001776,77.000000000007105,155.00000000001245,10.660000000001782,818.39999999977942,SSSW,model_assisted_not_ground_truth,0,0,0,0,0,0,0,0,0,0,0
5.50,42,104,81,190,213,46,65,153,10.83,797.36000000000001,SSSW,model_assisted_not_ground_truth,0,0,0,0,0,0,0,0,0,0,0
5.51,42.999999999999112,102.99999999999822,78,181.99999999999733,208.99999999999645,46,59.999999999992006,147.00000000000088,10.990000000000062,773.3399999999898,SSSW,model_assisted_not_ground_truth,0,0,0,0,0,0,0,0,0,0,0
5.52,42.000000000001869,100.99999999999626,77.999999999994401,178.9999999999832,204.9999999999888,45.999999999998131,50.999999999994401,147.99999999999628,11.06000000000013,761.83499999997855,SSSW,model_assisted_not_ground_truth,0,0,0,0,0,0,0,0,0,0,0
5.53,42.999999999997243,98.99999999998073,74.999999999983473,170.00000000000551,198.99999999996695,45,47.999999999994493,145.99999999998897,11.130000000000331,750.32999999994217,SSSW,model_assisted_not_ground_truth,0,0,0,0,0,0,0,0,0,0,0
5.54,42.000000000003645,91.999999999996362,68.999999999989072,172.00000000000364,186.99999999995995,44.999999999996355,45.999999999981789,141.99999999995995,11.250000000000655,729.31999999995276,SSSW,model_assisted_not_ground_truth,0,0,0,0,0,0,0,0,0,0,0
5.55,43.000000000004533,91.000000000013586,65.999999999988674,172.99999999998414,175.99999999997962,44.000000000006793,40.999999999990941,131.00000000000679,11.43000000000068,716.3299999999274,SSSW,model_assisted_not_ground_truth,0,0,0,0,0,0,0,0,0,0,0
5.56,44.000000000005507,94.000000000016513,63.49999999998623,169.49999999998073,171.49999999997522,45.500000000008257,38.999999999988987,132.50000000000827,11.580000000000826,700.28999999993925,SSSW,model_assisted_not_ground_truth,0,0,0,0,0,0,0,0,0,0,0
5.57,45.000000000063949,97.000000000003197,61.000000000003197,166.00000000002237,166.99999999998082,47,37.000000000006395,134.00000000003837,11.730000000000704,689.26999999994894,SSSW,model_assisted_not_ground_truth,0,0,0,0,0,0,0,0,0,0,0
5.58,55.000000000015987,97.500000000000796,61.500000000000796,169.5000000000056,163.9999999999952,47,38.000000000001599,140.00000000000961,11.840000000001238,681.27999999994904,SSSW,model_assisted_not_ground_truth,0,0,0,0,0,0,0,0,0,0,0
5.59,64.999999999968026,97.999999999998408,61.999999999998401,172.9999999999888,161.00000000000961,47,38.999999999996803,145.99999999998082,12.010000000000408,674.27999999997132,SSSW,model_assisted_not_ground_truth,0,0,0,0,0,0,0,0,0,0,0
5.60,79.99999999996669,106.99999999998002,67.99999999998667,154.00000000004218,162.99999999999557,47.999999999997783,46.999999999982236,155.9999999999778,12.060000000000457,670.76999999996792,SSSW,model_assisted_not_ground_truth,0,0,0,0,0,0,0,0,0,0,0
5.61,85.999999999992013,109.99999999999601,70.999999999996007,163.99999999998667,164.99999999999733,49.999999999997335,49.999999999996007,165.99999999998667,12.110000000002509,667.26000000009003,SSSW,model_assisted_not_ground_truth,0,0,0,0,0,0,0,0,0,0,0
5.62,96.999999999995111,116.99999999999689,75.999999999997783,154.00000000000443,169.99999999999778,52.999999999998664,57.999999999996447,172.9999999999969,12.360000000003277,676.22999999995579,SSSW,model_assisted_not_ground_truth,0,0,0,0,0,0,0,0,0,0,0
5.63,119.00000000000932,124.00000000000399,79.000000000003553,155.00000000000665,172.99999999999866,57.000000000001336,65.000000000003112,177.00000000000534,12.660000000000121,672.18000000000211,SSSW,model_assisted_not_ground_truth,0,0,0,0,0,0,0,0,0,0,0
5.64,140.00000000001864,133.00000000001467,87.000000000011994,170.00000000000665,170.00000000001467,60.000000000014658,72.000000000010658,189.00000000001333,12.93000000000044,677.1400000000026,SSSW,model_assisted_not_ground_truth,0,0,0,0,0,0,0,0,0,0,0
5.65,154.00000000001617,144.00000000002078,96.000000000016172,175.00000000001387,180.99999999999537,71.000000000011553,80.000000000050804,199.00000000002078,13.260000000001639,679.11000000000683,SSSW,model_assisted_not_ground_truth,0,0,0,0,0,0,0,0,0,0,0
5.66,161.00000000007674,153.0000000000224,103.00000000001918,181.00000000004476,179,76.000000000051159,102.00000000001279,208.00000000003837,13.970000000000544,682.06999999999039,SSSW,model_assisted_not_ground_truth,0,0,0,0,0,0,0,0,0,0,0
5.67,185.00000000002859,160.00000000004087,109.00000000004086,195.00000000001225,179.00000000000819,91.999999999995907,106.00000000003268,220.00000000003268,14.140000000000695,679.03999999998769,SSSW,model_assisted_not_ground_truth,0,0,0,0,0,0,0,0,0,0,0
5.68,192.0000000000945,170.00000000007958,119.00000000003482,198.00000000008455,180.99999999997016,91.000000000069633,114.00000000008455,228.00000000007461,14.310000000001542,676.01000000007423,SSSW,model_assisted_not_ground_truth,0,0,0,0,0,0,0,0,0,0,0
5.69,211.00000000005952,186.00000000007142,126.00000000003571,215.00000000002976,175.00000000005952,104.99999999998215,131.00000000012497,243.00000000002976,14.620000000002559,690.94000000007679,SSSW,model_assisted_not_ground_truth,0,0,0,0,0,0,0,0,0,0,0
5.70,221.00000000002734,198.00000000010942,132.00000000006838,220.00000000010257,185.00000000003419,102.00000000006155,152.00000000004104,248.00000000004104,15.050000000001779,703.8300000000952,SSSW,model_assisted_not_ground_truth,0,0,0,0,0,0,0,0,0,0,0
5.71,224.99999999998545,213.99999999994174,141.99999999996359,234.99999999994537,189.99999999998178,110.99999999996723,157.99999999997814,253.99999999997814,15.310000000002319,717.75000000013858,SSSW,model_assisted_not_ground_truth,0,0,0,0,0,0,0,0,0,0,0
5.72,234.99999999997246,212.00000000000551,154.99999999996422,239.99999999998624,190.99999999999724,121.99999999996972,164.99999999998073,259.99999999998346,15.61000000000181,735.68000000012,SSSW,model_assisted_not_ground_truth,0,0,0,0,0,0,0,0,0,0,0
5.73,244.99999999998224,215.99999999999289,163.99999999998403,241.99999999999645,191,111.00000000001954,180.99999999997158,260.99999999999824,15.820000000000768,749.62000000004298,SSSW,model_assisted_not_ground_truth,0,0,0,0,0,0,0,0,0,0,0
5.74,248.99999999999645,216.99999999999912,168.99999999999557,242.99999999999912,192.99999999999824,124.99999999998757,192.99999999998934,265.99999999999557,15.900000000000384,754.10000000002151,SSSW,model_assisted_not_ground_truth,0,0,0,0,0,0,0,0,0,0,0
5.75,250,219,173,248,202,129,197,269,15.98,758.58000000000004,SSSW,model_assisted_not_ground_truth,0,0,0,0,0,0,0,0,0,0,0
5.76,251.00000000000443,218.99999999999289,175.00000000000179,249.00000000000267,208.00000000000267,133.99999999999821,209.00000000000355,272.99999999999909,16.080000000000283,767.5600000000062,SSSW,model_assisted_not_ground_truth,0,0,0,0,0,0,0,0,0,0,0
5.77,256.0000000000112,211.0000000000112,177.00000000000372,252.0000000000056,211.00000000000372,132.00000000000372,213.00000000002424,271.99999999999812,16.400000000000187,774.56000000003348,SSSW,model_assisted_not_ground_truth,0,0,0,0,0,0,0,0,0,0,0
5.78,262,216.9999999999587,179,255.00000000000551,213.00000000000551,133.99999999999724,226,270.99999999998897,16.50000000000011,792.53999999997791,SSSW,model_assisted_not_ground_truth,0,0,0,0,0,0,0,0,0,0,0
5.79,262.00000000000728,202.00000000003277,179.00000000000364,257.00000000000364,215,133,226.00000000001822,266.99999999998545,16.540000000000365,784.53999999997802,SSSW,model_assisted_not_ground_truth,0,0,0,0,0,0,0,0,0,0,0
5.80,264.00000000000904,210.99999999992301,180,258,214.99999999997735,132.99999999998641,231.00000000000907,262.99999999997738,16.640000000000093,778.5099999999502,SSSW,model_assisted_not_ground_truth,0,0,0,0,0,0,0,0,0,0,0
5.81,265.99999999998897,194.00000000000551,179.99999999997797,257.99999999998346,209.99999999993943,129.99999999997246,233.00000000001103,257.99999999997794,16.66000000000011,767.5049999999394,SSSW,model_assisted_not_ground_truth,0,0,0,0,0,0,0,0,0,0,0
5.82,263.99999999994242,194.99999999985931,175.99999999996163,254.99999999996803,198.99999999991047,124.9999999998785,234.99999999998082,253.99999999988489,16.680000000000447,756.49999999994213,SSSW,model_assisted_not_ground_truth,0,0,0,0,0,0,0,0,0,0,0
5.83,254.99999999990533,172.99999999989805,169.99999999986892,249.99999999988347,184.99999999989805,105.9999999998689,231.99999999991988,235.99999999970868,16.750000000000366,747.45999999992694,SSSW,model_assisted_not_ground_truth,0,0,0,0,0,0,0,0,0,0,0
5.84,242.00000000004155,159.00000000004476,152.00000000005755,234.00000000005116,171.00000000004476,88.000000000057554,221.00000000003519,196.0000000001279,16.800000000000573,737.42999999994242,SSSW,model_assisted_not_ground_truth,0,0,0,0,0,0,0,0,0,0,0
5.85,207.0000000000777,148.00000000002441,126.00000000005772,227.00000000001555,159.00000000002666,70.000000000039961,195.00000000005772,167.0000000000644,16.870000000000275,730.38999999992666,SSSW,model_assisted_not_ground_truth,0,0,0,0,0,0,0,0,0,0,0
5.86,186.00000000002797,129.00000000002532,103.00000000003064,208.00000000002532,142.00000000002265,59.000000000014651,170.00000000003331,141.00000000003465,16.900000000003512,722.36999999977911,SSSW,model_assisted_not_ground_truth,0,0,0,0,0,0,0,0,0,0,0
5.87,170.00000000000711,115.00000000000622,72.00000000001377,181.00000000001199,133.00000000000401,46.00000000000577,148.00000000000978,119.00000000000978,17.249999999999783,700.35999999986893,SSSW,model_assisted_not_ground_truth,0,0,0,0,0,0,0,0,0,0,0
5.88,154.9999999999898,98.999999999995552,47.999999999999552,163.99999999999645,118.99999999998401,44.999999999999112,115.99999999998445,92.999999999980901,17.229999999999876,688.35999999992646,SSSW,model_assisted_not_ground_truth,0,0,0,0,0,0,0,0,0,0,0
5.89,131.99999999996936,88.999999999977348,46.999999999996,155.99999999997735,82.999999999965354,42.999999999994671,80.999999999957367,49.999999999965361,17.209999999999706,676.35999999993737,SSSW,model_assisted_not_ground_truth,0,0,0,0,0,0,0,0,0,0,0
5.90,108.99999999997344,71.99999999997921,44,139.00000000000577,56.999999999988454,38.999999999998842,48.999999999987295,23.999999999974598,16.989999999997387,629.35999999980152,SSSW,model_assisted_not_ground_truth,0,0,0,0,0,0,0,0,0,0,0
5.91,97.499999999963222,62.999999999971223,44,141.50000000000799,51.999999999984013,38.499999999998401,43.499999999982414,12.999999999964828,15.859999999998465,543.40999999979545,SSSW,model_assisted_not_ground_truth,0,0,0,0,0,0,0,0,0,0,0
5.92,85.999999999979565,53.999999999926459,43.999999999995914,143.99999999997141,47.000000000008171,38,37.999999999975486,1.9999999999918288,15.379999999997223,479.45999999974293,SSSW,model_assisted_not_ground_truth,0,0,0,0,0,0,0,0,0,0,0
5.93,80.999999999995026,35.999999999980105,42.999999999995026,136.99999999997016,49.000000000004974,38,32,0,14.699999999997761,416.53999999978629,SSSW,model_assisted_not_ground_truth,0,0,0,0,0,0,0,0,0,0,0
5.94,79.999999999964288,31.999999999994049,42.000000000017856,130.99999999995833,50.000000000011902,37.999999999982144,32,0,14.249999999999405,373.56999999994048,SSSW,model_assisted_not_ground_truth,0,0,0,0,0,0,0,0,0,0,0
5.95,73.999999999972644,31.000000000013678,44.999999999986322,123.99999999983586,52.000000000013678,35.000000000020513,32,0,14.149999999999316,363.56999999993161,SSSW,model_assisted_not_ground_truth,0,0,0,0,0,0,0,0,0,0,0
5.96,70.000000000014566,32.999999999992717,43.000000000007283,100.0000000000874,53.999999999992717,37.999999999989072,32,0,14.049999999999923,353.56999999999226,SSSW,model_assisted_not_ground_truth,0,0,0,0,0,0,0,0,0,0,0
5.97,69.000000000002757,33,43.999999999997243,84.000000000044054,54,36.000000000005507,32,0,14.040000000000171,352.57000000002586,SSSW,model_assisted_not_ground_truth,0,0,0,0,0,0,0,0,0,0,0
5.98,66.000000000005329,35.999999999994671,44,83.000000000001776,54.999999999998224,35.000000000001776,32.999999999998224,0,14.060000000000576,355.5700000000864,SSSW,model_assisted_not_ground_truth,0,0,0,0,0,0,0,0,0,0,0
5.99,64.000000000001776,36.999999999999112,44.999999999999112,68.00000000001333,55,36.999999999998224,31.000000000001776,7.9999999999928946,14.120000000000314,364.57999999999987,SSSW,model_assisted_not_ground_truth,0,0,0,0,0,0,0,0,0,0,0
6.00,65,37,45,73,50,39,32,20,14.15,364.56999999999999,SSSW,model_assisted_not_ground_truth,0,0,0,0,0,0,0,0,0,0,0
6.01,63.999999999998224,35.999999999999112,45.999999999999112,70.999999999997328,50.999999999999112,38,32.000000000000888,22.999999999998224,14.149999999999956,364.56999999999823,SSSW,model_assisted_not_ground_truth,0,0,0,0,0,0,0,0,0,0,0
6.02,62.000000000001869,34.99999999999627,44.999999999998131,67.999999999996263,49.99999999999627,37.999999999998131,32.99999999999627,21.000000000029843,14.1,362.57999999999998,SSSW,model_assisted_not_ground_truth,0,0,0,0,0,0,0,0,0,0,0
6.03,62.999999999961453,33.000000000011013,44.000000000005507,66.000000000011013,47.999999999997243,37,31,37.00000000001652,14.1,362.57999999999998,SSSW,model_assisted_not_ground_truth,0,0,0,0,0,0,0,0,0,0,0
6.04,49,36.999999999992717,45.999999999992717,69.999999999970868,47.000000000003645,37,30.999999999985434,43.000000000043698,14.1,362.5800000000109,SSSW,model_assisted_not_ground_truth,0,0,0,0,0,0,0,0,0,0,0
6.05,49.000000000009059,34.999999999995467,44.000000000009059,62.000000000027178,48,36.999999999995467,27,55.000000000031712,14.10000000000009,365.58000000000902,SSSW,model_assisted_not_ground_truth,0,0,0,0,0,0,0,0,0,0,0
6.06,50.999999999994493,33.999999999988987,45.999999999988987,67.999999999884352,48.000000000005507,35.999999999988987,27,62.00000000004956,14.119999999999889,367.58000000000555,SSSW,model_assisted_not_ground_truth,0,0,0,0,0,0,0,0,0,0,0
6.07,50.000000000006395,32,43.99999999997442,46.999999999993605,49,34,26.999999999993605,70.99999999998721,14.100000000000128,368.58999999998065,SSSW,model_assisted_not_ground_truth,0,0,0,0,0,0,0,0,0,0,0
6.08,50.999999999985434,31.999999999963585,40.000000000007283,45.999999999985434,49,33.999999999985434,25.999999999941735,69.000000000014566,14.120000000000218,365.57000000002182,SSSW,model_assisted_not_ground_truth,0,0,0,0,0,0,0,0,0,0,0
6.09,49.000000000006395,27.000000000015987,40.999999999996803,44.000000000006395,49,32.000000000006395,18.00000000002558,70.999999999993605,14.149999999999919,368.57000000001636,SSSW,model_assisted_not_ground_truth,0,0,0,0,0,0,0,0,0,0,0
6.10,44.000000000011099,25.000000000004441,39.000000000004441,38.000000000013323,49,32,17.00000000000222,67.000000000008882,14.140000000000276,370.56999999999545,SSSW,model_assisted_not_ground_truth,0,0,0,0,0,0,0,0,0,0,0
6.11,42.000000000002665,27.999999999996003,38.000000000001336,47.999999999986677,49,32,16.000000000001332,63.000000000005329,14.1700000000003,370.06999999999499,SSSW,model_assisted_not_ground_truth,0,0,0,0,0,0,0,0,0,0,0
6.12,42.999999999999559,25.000000000001332,38.999999999999559,42.000000000002665,48.000000000000441,35.999999999998224,16,47.000000000007105,14.199999999999891,369.56999999998908,SSSW,model_assisted_not_ground_truth,0,0,0,0,0,0,0,0,0,0,0
6.13,43,25.999999999998224,39.000000000000448,42.000000000000448,47.999999999999552,38,0,45.999999999999552,14.19,368.56999999999999,SSSW,model_assisted_not_ground_truth,0,0,0,0,0,0,0,0,0,0,0
6.14,43,22,40,43.000000000001421,47.000000000001421,38,0,45.000000000004263,14.19,368.56999999999999,SSSW,model_assisted_not_ground_truth,0,0,0,0,0,0,0,0,0,0,0
6.15,43,22,40,44,47.999999999997691,38,0,47.999999999995381,14.190000000000046,368.5700000000046,SSSW,model_assisted_not_ground_truth,0,0,0,0,0,0,0,0,0,0,0
6.16,43,22.00000000001279,39.999999999996803,43.999999999977618,47,38,0,45.99999999997442,14.210000000000065,370.57000000000642,SSSW,model_assisted_not_ground_truth,0,0,0,0,0,0,0,0,0,0,0
6.17,43,25.999999999983658,38.999999999995914,37.000000000040856,47.000000000004086,38,0,37.999999999979572,14.229999999999938,372.56999999999999,SSSW,model_assisted_not_ground_truth,0,0,0,0,0,0,0,0,0,0,0
6.18,42.999999999995026,22.000000000019895,38,46.999999999930367,48,38,0,32.99999999996021,14.214999999999925,372.56999999999999,SSSW,model_assisted_not_ground_truth,0,0,0,0,0,0,0,0,0,0,0
6.19,42.000000000002977,26.000000000002974,38,33.000000000017849,48.000000000002977,38,0,25.000000000008924,14.20000000000006,372.57000000001187,SSSW,model_assisted_not_ground_truth,0,0,0,0,0,0,0,0,0,0,0
6.20,42.500000000000576,26.500000000000576,38,36.000000000003467,48.500000000000576,38,0,26.500000000001734,14.209999999999864,374.56999999998629,SSSW,model_assisted_not_ground_truth,0,0,0,0,0,0,0,0,0,0,0
6.21,42.999999999998181,26.999999999998181,38,38.999999999989072,48.999999999998181,38,0,27.999999999994536,14.190000000000232,372.57000000002319,SSSW,model_assisted_not_ground_truth,0,0,0,0,0,0,0,0,0,0,0
6.22,40.000000000008257,21.00000000001652,36.000000000005507,40.999999999994493,49,38,0,28,14.219999999999828,375.56999999997413,SSSW,model_assisted_not_ground_truth,0,0,0,0,0,0,0,0,0,0,0
6.23,39.000000000001776,21,35.000000000001776,36.000000000008882,49,37.000000000001776,0,31.999999999992895,14.199999999999999,372.5700000000096,SSSW,model_assisted_not_ground_truth,0,0,0,0,0,0,0,0,0,0,0
6.24,39,26.999999999994671,34.000000000000888,36,49,37,0,27.000000000004441,14.199999999999999,373.56999999999999,SSSW,model_assisted_not_ground_truth,0,0,0,0,0,0,0,0,0,0,0
6.25,39,19,34,46,48,32,13,29,14.199999999999999,373.56999999999999,SSSW,model_assisted_not_ground_truth,0,0,0,0,0,0,0,0,0,0,0
6.26,38.000000000000888,27.999999999996447,37.999999999999112,51.000000000000888,45.999999999998224,0,15.000000000001776,30.000000000015099,14.200000000000044,373.57000000000176,SSSW,model_assisted_not_ground_truth,0,0,0,0,0,0,0,0,0,0,0
6.27,39,24.000000000014921,37.000000000001869,52.00000000001679,44,0,17.000000000018652,47.000000000085798,14.249999999999943,375.56000000000188,SSSW,model_assisted_not_ground_truth,0,0,0,0,0,0,0,0,0,0,0
6.28,39.000000000002757,32,38.000000000002757,61.000000000035797,44,0,27.000000000002753,93.000000000082608,14.220000000000194,376.56,SSSW,model_assisted_not_ground_truth,0,0,0,0,0,0,0,0,0,0,0
6.29,40,32.000000000072831,39.000000000003645,74.000000000058265,44,0,28.000000000003642,123.00000000014202,14.289999999999962,376.56000000001092,SSSW,model_assisted_not_ground_truth,0,0,0,0,0,0,0,0,0,0,0
6.30,39.999999999990941,52.00000000004983,40.000000000004533,89.999999999990933,44.000000000004533,4.5297099404747584e-12,29.000000000027178,162.00000000009965,14.28000000000009,379.56000000000904,SSSW,model_assisted_not_ground_truth,0,0,0,0,0,0,0,0,0,0,0
6.31,37.999999999994493,63.00000000004956,41,88.000000000060581,44.999999999994493,1,35.000000000022027,184.00000000002754,14.300000000000001,381.56,SSSW,model_assisted_not_ground_truth,0,0,0,0,0,0,0,0,0,0,0
6.32,37.000000000006395,72.000000000006395,40.999999999993605,99.000000000006395,43.999999999993605,1.0000000000063949,38.99999999997442,188.99999999996163,14.300000000000033,381.56000000000319,SSSW,model_assisted_not_ground_truth,0,0,0,0,0,0,0,0,0,0,0
6.33,38.000000000007283,73,40.000000000007283,100.00000000001457,43.000000000007283,2.0000000002184919,34.999999999992717,183,14.305000000000037,382.06000000000364,SSSW,model_assisted_not_ground_truth,0,0,0,0,0,0,0,0,0,0,0
6.34,38.999999999996803,73,40.999999999996803,101.99999999999361,43.999999999996803,31.999999999904077,34.000000000003197,183,14.309999999999755,382.5599999999755,SSSW,model_assisted_not_ground_truth,0,0,0,0,0,0,0,0,0,0,0
6.35,39.999999999997783,77.999999999988901,41.999999999997783,102,46.999999999993335,36.999999999988901,43.999999999977796,185.99999999999335,14.279999999996889,379.56000000006475,SSSW,model_assisted_not_ground_truth,0,0,0,0,0,0,0,0,0,0,0
6.36,44.999999999993335,86.999999999988006,44.999999999996007,103.99999999999733,66.999999999973355,37,63.999999999973355,193.99999999998934,13.939999999978321,386.64000000063567,SSSW,model_assisted_not_ground_truth,0,0,0,0,0,0,0,0,0,0,0
6.37,48.999999999998224,102.99999999999289,47.999999999998664,118.99999999999334,93.999999999988006,37.999999999999559,89.999999999988461,197.99999999999824,11.77999999997094,449.98000000221214,SSSW,model_assisted_not_ground_truth,0,0,0,0,0,0,0,0,0,0,0
6.38,79.000000000016428,122.00000000001688,55.000000000010218,140.00000000001467,145.00000000001731,42.000000000000448,150.0000000000191,245.00000000001509,9.1199999999994521,652.47000000007927,SSSW,model_assisted_not_ground_truth,0,0,0,0,0,0,0,0,0,0,0
6.39,116.00000000005258,160.00000000003837,78.000000000082423,173.000000000054,184.00000000005116,43.000000000014211,193.00000000001705,279.00000000003837,7.8899999999997723,830.87000000004707,SSSW,model_assisted_not_ground_truth,0,0,0,0,0,0,0,0,0,0,0
6.40,153.00000000001617,187.00000000001617,136.00000000003465,211.00000000009007,220.00000000004388,53.000000000048495,205.00000000001847,306.00000000001614,7.7300000000000466,863.97000000001037,SSSW,model_assisted_not_ground_truth,0,0,0,0,0,0,0,0,0,0,0
6.41,160.00000000002558,194.00000000004158,151.000000000016,250.00000000004158,239.00000000002558,74.000000000047962,213.0000000000224,312.99999999997124,7.7500000000000639,868.46000000001436,SSSW,model_assisted_not_ground_truth,0,0,0,0,0,0,0,0,0,0,0
6.42,167.99999999999591,206.99999999997547,156.00000000000819,263.00000000004087,247.00000000001634,89.000000000044949,220.00000000002044,303.99999999989785,7.7700000000005716,872.95000000008167,SSSW,model_assisted_not_ground_truth,0,0,0,0,0,0,0,0,0,0,0
6.43,166.99999999996518,201.00000000000995,157.99999999999005,273.000000000005,251.00000000001492,100.00000000010445,224.99999999999503,278.99999999993037,7.9100000000012933,892.93000000008431,SSSW,model_assisted_not_ground_truth,0,0,0,0,0,0,0,0,0,0,0
6.44,159.99999999994048,203,156.00000000000594,273.99999999995833,253.99999999999406,121,224.00000000001785,265.00000000001188,8.1700000000014281,909.90000000016062,SSSW,model_assisted_not_ground_truth,0,0,0,0,0,0,0,0,0,0,0
6.45,150,202.99999999998633,157.00000000001367,266.9999999999863,253.00000000000685,120.99999999995212,227.00000000002052,267.00000000004104,8.4100000000008901,936.89000000008218,SSSW,model_assisted_not_ground_truth,0,0,0,0,0,0,0,0,0,0,0
6.46,150,201.00000000000728,158.99999999999272,265.00000000000728,253.99999999999636,114.00000000002549,229.99999999998909,272.99999999997817,8.5400000000023955,948.91000000038628,SSSW,model_assisted_not_ground_truth,0,0,0,0,0,0,0,0,0,0,0
6.47,151.99999999999449,196.00000000001376,160.99999999999449,265,254.99999999999724,118.99999999998623,229.00000000000276,273.99999999999727,8.8500000000006889,998.90999999999553,SSSW,model_assisted_not_ground_truth,0,0,0,0,0,0,0,0,0,0,0
6.48,157.99999999998934,193.00000000000534,161,268.99999999999289,255,116.00000000000533,229,272.00000000000352,8.9300000000007671,998.39999999999509,SSSW,model_assisted_not_ground_truth,0,0,0,0,0,0,0,0,0,0,0
6.49,159.99999999999824,190.00000000000267,159.00000000000176,270.99999999999824,255,111.00000000000443,226.00000000000267,262.00000000000887,9.0100000000018863,997.88999999984242,SSSW,model_assisted_not_ground_truth,0,0,0,0,0,0,0,0,0,0,0
6.50,158,192,157,274,256,105,218,257,9.1899999999999995,982.85000000000002,SSSW,model_assisted_not_ground_truth,0,0,0,0,0,0,0,0,0,0,0
6.51,149.99999999999201,187.99999999999466,154.99999999999912,272,253.99999999999378,102.99999999999378,201.99999999998224,251.99999999999201,9.3500000000002306,966.80999999997323,SSSW,model_assisted_not_ground_truth,0,0,0,0,0,0,0,0,0,0,0
6.52,140.99999999996268,181.99999999999253,153.99999999999068,271.99999999999443,246.9999999999944,95.999999999994401,181.99999999996456,242.99999999995524,9.6100000000006531,936.74999999993645,SSSW,model_assisted_not_ground_truth,0,0,0,0,0,0,0,0,0,0,0
6.53,120.9999999999642,177.99999999998073,148.99999999998897,268.99999999998624,243.99999999997797,92.999999999983473,162.99999999991741,218.99999999996422,9.9600000000007718,902.64999999990891,SSSW,model_assisted_not_ground_truth,0,0,0,0,0,0,0,0,0,0,0
6.54,107.99999999994537,170.99999999997814,144.99999999994174,263.99999999995629,235.99999999995629,86.99999999996723,132.99999999993446,205.99999999998542,10.240000000000656,869.56999999993991,SSSW,model_assisted_not_ground_truth,0,0,0,0,0,0,0,0,0,0,0
6.55,92.99999999994111,164.99999999997283,128.99999999992301,251.99999999992752,223.99999999998641,77.999999999981881,114.99999999989129,202.00000000003624,10.420000000000815,853.04999999992515,SSSW,model_assisted_not_ground_truth,0,0,0,0,0,0,0,0,0,0,0
6.56,79.999999999950433,158.99999999991741,111.99999999997246,235.99999999996146,220.99999999997797,73.999999999961446,90.999999999878852,210,10.600000000001707,836.52999999981239,SSSW,model_assisted_not_ground_truth,0,0,0,0,0,0,0,0,0,0,0
6.57,70.99999999998721,143.99999999991687,106.9999999998721,228.99999999989129,216.99999999997442,66.99999999998721,68.999999999942446,209.99999999997442,10.910000000001791,802.45999999983985,SSSW,model_assisted_not_ground_truth,0,0,0,0,0,0,0,0,0,0,0
6.58,68.999999999992724,130.99999999997814,86.999999999970868,211.99999999981793,212.99999999998545,64.999999999941735,59.999999999912603,206,11.190000000002694,777.41999999975917,SSSW,model_assisted_not_ground_truth,0,0,0,0,0,0,0,0,0,0,0
6.59,68.000000000003197,128.00000000000961,83.00000000001279,187.00000000007992,211.00000000000639,57.00000000002558,48.000000000038369,206,11.560000000003187,744.35999999974649,SSSW,model_assisted_not_ground_truth,0,0,0,0,0,0,0,0,0,0,0
6.60,66.000000000004434,116.00000000002665,80.000000000006665,196.9999999999778,208.00000000000665,56.000000000002217,40.000000000017764,195.00000000002441,11.95000000000247,713.32999999963363,SSSW,model_assisted_not_ground_truth,0,0,0,0,0,0,0,0,0,0,0
6.61,52.000000000018652,109.00000000000932,77.000000000003993,195.00000000000267,203.00000000000665,53.000000000003993,37.000000000003993,195,12.220000000001857,673.27999999986923,SSSW,model_assisted_not_ground_truth,0,0,0,0,0,0,0,0,0,0,0
6.62,50.000000000000888,107.00000000000088,75.000000000000881,191.00000000000176,200.00000000000134,51.000000000000888,36.000000000000441,197.99999999999866,12.405000000000969,660.24999999993167,SSSW,model_assisted_not_ground_truth,0,0,0,0,0,0,0,0,0,0,0
6.63,51.000000000000448,100.99999999999822,70.999999999998224,177.00000000000443,201.9999999999969,54.999999999998224,36,202.00000000000088,12.590000000000138,647.21999999999559,SSSW,model_assisted_not_ground_truth,0,0,0,0,0,0,0,0,0,0,0
6.64,52.000000000007105,96.999999999995737,66.999999999997158,186.99999999999005,194.99999999999005,50.999999999992895,35.999999999998579,203.99999999999005,12.900000000000469,637.15999999997712,SSSW,model_assisted_not_ground_truth,0,0,0,0,0,0,0,0,0,0,0
6.65,57.000000000016165,94.000000000009237,64.999999999990763,180.0000000000023,187.99999999998846,45.999999999997691,34.999999999993072,196.99999999998846,13.230000000001247,621.11999999992133,SSSW,model_assisted_not_ground_truth,0,0,0,0,0,0,0,0,0,0,0
6.66,63.999999999990408,97.999999999996803,60.999999999993605,180.99999999998082,182.99999999995842,44.999999999993605,32,191.99999999998082,13.770000000000799,587.06999999998379,SSSW,model_assisted_not_ground_truth,0,0,0,0,0,0,0,0,0,0,0
6.67,61.000000000040856,96.999999999971394,58.999999999979572,174.99999999997956,169.99999999997547,43.000000000004086,32,185.99999999995507,14.020000000000939,581.99999999996714,SSSW,model_assisted_not_ground_truth,0,0,0,0,0,0,0,0,0,0,0
6.68,71.000000000014921,89.999999999990052,54,170,163.99999999997513,44.000000000004974,32,174.9999999999801,14.250000000001094,573.9500000000296,SSSW,model_assisted_not_ground_truth,0,0,0,0,0,0,0,0,0,0,0
6.69,74.000000000029758,88.000000000017849,54.000000000005954,169.99999999993454,158.99999999999406,45.000000000005954,32.000000000005954,171,14.470000000000566,579.89000000001465,SSSW,model_assisted_not_ground_truth,0,0,0,0,0,0,0,0,0,0,0
6.70,79.000000000027356,91.000000000061547,55.000000000027356,159.00000000000685,157.99999999998633,46.000000000006835,33.000000000013678,171.0000000000889,14.56500000000065,582.36000000001695,SSSW,model_assisted_not_ground_truth,0,0,0,0,0,0,0,0,0,0,0
6.71,82.999999999985434,99.99999999996723,58.999999999985434,159.99999999999636,156.00000000000728,46.999999999996362,34.999999999992717,183.99999999995265,14.660000000001391,584.83000000004608,SSSW,model_assisted_not_ground_truth,0,0,0,0,0,0,0,0,0,0,0
6.72,102.99999999994493,107.99999999997797,62.999999999988987,155.00000000001376,153.00000000000827,49.999999999991743,39.99999999998623,199.99999999995595,14.840000000002327,590.79000000011149,SSSW,model_assisted_not_ground_truth,0,0,0,0,0,0,0,0,0,0,0
6.73,114.99999999997868,115.99999999998579,68.999999999989342,146.00000000001597,152.00000000000176,55.999999999989342,48.999999999984013,210.99999999998045,15.110000000001534,603.73000000015315,SSSW,model_assisted_not_ground_truth,0,0,0,0,0,0,0,0,0,0,0
6.74,143.99999999997425,123.99999999999289,78.999999999991118,152.99999999999378,152,58.999999999997335,62.999999999987566,212.99999999999824,15.270000000001572,619.70000000015693,SSSW,model_assisted_not_ground_truth,0,0,0,0,0,0,0,0,0,0,0
6.75,162,132,82,155,151,65,74,222,15.42,634.66999999999996,SSSW,model_assisted_not_ground_truth,0,0,0,0,0,0,0,0,0,0,0
6.76,169.00000000001509,152.00000000000267,99.000000000004448,171.00000000000355,159.00000000000978,77.000000000004448,93.000000000014211,231.00000000001066,15.530000000000079,649.64000000000794,SSSW,model_assisted_not_ground_truth,0,0,0,0,0,0,0,0,0,0,0
6.77,186.00000000003172,155.0000000000224,104.00000000001866,175.00000000003917,170.00000000001492,82.000000000005599,109.00000000001866,243.00000000002424,15.620000000000168,658.62500000001671,SSSW,model_assisted_not_ground_truth,0,0,0,0,0,0,0,0,0,0,0
6.78,203.00000000003305,167.00000000001927,114.00000000003855,196.00000000003305,178.00000000000276,85.000000000002757,119.00000000002478,256.00000000001103,15.710000000000331,667.61000000004128,SSSW,model_assisted_not_ground_truth,0,0,0,0,0,0,0,0,0,0,0
6.79,215.00000000001458,174.00000000002186,128.00000000004005,208.00000000003277,179.00000000004371,86.00000000003277,128.00000000006554,260.00000000002183,15.830000000000256,682.58000000005097,SSSW,model_assisted_not_ground_truth,0,0,0,0,0,0,0,0,0,0,0
6.80,219.00000000005889,180.00000000006341,139.00000000002265,217.00000000005889,191.00000000000452,95.000000000018119,146.00000000006341,266.00000000002717,15.900000000000318,696.58000000005438,SSSW,model_assisted_not_ground_truth,0,0,0,0,0,0,0,0,0,0,0
6.81,232.00000000002754,194.00000000002203,144.00000000003854,230.00000000005508,192,98.999999999994486,160.00000000010462,272,15.970000000000166,708.57000000003859,SSSW,model_assisted_not_ground_truth,0,0,0,0,0,0,0,0,0,0,0
6.82,237.00000000001918,198.00000000001918,151.00000000003837,240.00000000003197,192.00000000001918,98.000000000038369,179.00000000010871,272.00000000001279,16.000000000000256,715.56000000003189,SSSW,model_assisted_not_ground_truth,0,0,0,0,0,0,0,0,0,0,0
6.83,240.00000000000728,200.99999999998545,157.00000000005826,245.00000000002186,194.99999999998545,104.00000000002184,196.00000000007282,274,16.040000000001129,720.55000000006544,SSSW,model_assisted_not_ground_truth,0,0,0,0,0,0,0,0,0,0,0
6.84,240.99999999999682,199.00000000000639,164.99999999997442,247.99999999999039,193.00000000000639,106.99999999999041,205.99999999996803,274,16.195000000001265,729.54500000007351,SSSW,model_assisted_not_ground_truth,0,0,0,0,0,0,0,0,0,0,0
6.85,246.99999999998667,203.99999999998889,168.99999999999113,249.99999999999557,202.9999999999778,110.99999999999112,212.99999999998445,275.99999999999557,16.350000000000641,738.53999999999075,SSSW,model_assisted_not_ground_truth,0,0,0,0,0,0,0,0,0,0,0
6.86,248.99999999999733,197.00000000000932,170.99999999999733,254.99999999999335,206.99999999999466,113.99999999999601,216.99999999999466,275.00000000000131,16.420000000000002,737.52999999969882,SSSW,model_assisted_not_ground_truth,0,0,0,0,0,0,0,0,0,0,0
6.87,249,192.00000000000222,170.00000000000045,255.99999999999955,205.00000000000088,119.99999999999733,217.99999999999955,273.00000000000091,16.420000000000876,707.52000000001067,SSSW,model_assisted_not_ground_truth,0,0,0,0,0,0,0,0,0,0,0
6.88,250.99999999999955,187.99999999999557,170.99999999999955,259.00000000000091,206.99999999999821,115,229.00000000000045,269.99999999999869,16.500000000000039,708.50000000000091,SSSW,model_assisted_not_ground_truth,0,0,0,0,0,0,0,0,0,0,0
6.89,250.00000000000853,177.99999999999858,169.99999999999574,260.99999999999858,202.99999999999574,114.99999999998863,230.00000000000284,266.99999999999289,16.590000000000042,710.46999999998866,SSSW,model_assisted_not_ground_truth,0,0,0,0,0,0,0,0,0,0,0
6.90,255.9999999999977,176.99999999999076,166.99999999998383,259.99999999999073,199.9999999999977,106.99999999998153,231.9999999999977,261.99999999997692,16.620000000000047,702.44999999998618,SSSW,model_assisted_not_ground_truth,0,0,0,0,0,0,0,0,0,0,0
6.91,254.99999999999039,172.99999999995202,159.99999999997121,255.99999999993284,198.99999999998082,98.999999999955236,230.9999999999776,251.99999999992644,16.640000000000178,696.43000000000154,SSSW,model_assisted_not_ground_truth,0,0,0,0,0,0,0,0,0,0,0
6.92,251.99999999984473,157.99999999995913,150.99999999993872,234.99999999997141,192.99999999993872,84.99999999993463,223.99999999991419,228.99999999986517,16.695000000000224,696.9150000000019,SSSW,model_assisted_not_ground_truth,0,0,0,0,0,0,0,0,0,0,0
6.93,213.99999999986073,147.99999999991047,135.99999999987566,227.99999999989555,177.99999999992042,68.999999999905498,202.9999999997911,195.99999999976623,16.750000000000298,697.39999999997497,SSSW,model_assisted_not_ground_truth,0,0,0,0,0,0,0,0,0,0,0
6.94,185.99999999989288,129.99999999990479,110.99999999979767,206.99999999982742,161.99999999988097,49.999999999970242,160.9999999999167,148.99999999972627,16.810000000002024,692.36999999988689,SSSW,model_assisted_not_ground_truth,0,0,0,0,0,0,0,0,0,0,0
6.95,167.9999999999111,113.99999999988374,76.999999999794838,177.99999999994529,141.99999999983586,45,146.99999999984954,102.9999999999111,17.149999999999725,673.359999999911,SSSW,model_assisted_not_ground_truth,0,0,0,0,0,0,0,0,0,0,0
6.96,155.00000000004735,97.000000000061902,47.000000000109246,170.00000000002913,118.0000000000874,45,125.00000000008012,90.000000000047336,17.109999999995903,660.34999999982233,SSSW,model_assisted_not_ground_truth,0,0,0,0,0,0,0,0,0,0,0
6.97,141.00000000003854,87.000000000027541,47.999999999997243,169.00000000000276,100.00000000004957,44.000000000002757,83.000000000115648,88.000000000005514,16.579999999993795,637.35999999919909,SSSW,model_assisted_not_ground_truth,0,0,0,0,0,0,0,0,0,0,0
6.98,119.00000000003908,76.00000000001954,46.000000000003553,147.00000000003908,70.000000000053291,43.000000000001776,57.000000000046185,44.00000000007816,15.859999999997649,544.39999999966449,SSSW,model_assisted_not_ground_truth,0,0,0,0,0,0,0,0,0,0,0
6.99,96.000000000020435,56.000000000017764,46,158.99999999998934,58.000000000010658,37.000000000005329,47.000000000008882,9.0000000000310862,15.614999999998824,509.41999999983221,SSSW,model_assisted_not_ground_truth,0,0,0,0,0,0,0,0,0,0,0
7.00,90,49,46,144,57,38,38,5,15.369999999999999,474.44,SSSW,model_assisted_not_ground_truth,0,0,0,0,0,0,0,0,0,0,0
7.01,84.999999999998224,37.999999999995559,44.999999999999112,130.99999999999733,62.000000000010658,38.999999999995559,35.999999999998224,0,14.639999999999628,414.53999999996449,SSSW,model_assisted_not_ground_truth,0,0,0,0,0,0,0,0,0,0,0
7.02,82.999999999998138,32.99999999999627,44.000000000001869,127.99999999997948,74.000000000014921,34.000000000001869,33.99999999999627,0,14.219999999999777,374.5699999999776,SSSW,model_assisted_not_ground_truth,0,0,0,0,0,0,0,0,0,0,0
7.03,81.999999999988987,30.999999999988987,45,116.99999999997246,82.000000000011013,35.000000000002757,32.000000000005507,0,14.100000000000055,362.57000000001381,SSSW,model_assisted_not_ground_truth,0,0,0,0,0,0,0,0,0,0,0
7.04,77.999999999970868,27.000000000014566,44.999999999992717,106.99999999995266,86.000000000018204,35.999999999996355,34,0,14.120000000000145,367.58000000001454,SSSW,model_assisted_not_ground_truth,0,0,0,0,0,0,0,0,0,0,0
7.05,69.999999999990933,31,43.000000000004533,93.999999999968296,91.000000000013586,35.000000000018119,34,0,14.160000000000046,371.57999999999771,SSSW,model_assisted_not_ground_truth,0,0,0,0,0,0,0,0,0,0,0
7.06,67.999999999994486,31.000000000011013,44,86.99999999996696,93.999999999983473,38.999999999994493,33.999999999988987,0,14.170000000000055,371.0749999999972,SSSW,model_assisted_not_ground_truth,0,0,0,0,0,0,0,0,0,0,0
7.07,66.999999999980815,32.99999999998721,44.000000000006395,80.999999999884892,90.999999999993605,38.000000000006395,32,4.4764192352927025e-11,14.18,370.57000000000642,SSSW,model_assisted_not_ground_truth,0,0,0,0,0,0,0,0,0,0,0
7.08,64,30.999999999992717,44.999999999985434,63.000000000014566,89.999999999963592,38.999999999992717,31.999999999985434,7.0000000000436984,14.18000000000051,371.56999999999249,SSSW,model_assisted_not_ground_truth,0,0,0,0,0,0,0,0,0,0,0
7.09,64,30.000000000003197,43.000000000006395,64.999999999993605,85.000000000015987,38.000000000003197,30.000000000006395,12.999999999980815,14.249999999999265,370.53999999998393,SSSW,model_assisted_not_ground_truth,0,0,0,0,0,0,0,0,0,0,0
7.10,63.000000000002217,27.000000000006661,44.999999999995559,66.999999999995566,56.000000000064389,37.000000000002217,30.99999999999778,15.999999999993339,14.159999999999634,368.57000000002751,SSSW,model_assisted_not_ground_truth,0,0,0,0,0,0,0,0,0,0,0
7.11,49.000000000018652,27,45,65.000000000002672,54.000000000002665,37,29.000000000002665,14.000000000002665,14.120000000000601,371.57999999999987,SSSW,model_assisted_not_ground_truth,0,0,0,0,0,0,0,0,0,0,0
7.12,48.000000000000441,27,45,68.999999999998224,48.000000000002665,37,28.000000000000444,13.000000000000444,14.179999999999781,371.57000000001091,SSSW,model_assisted_not_ground_truth,0,0,0,0,0,0,0,0,0,0,0
7.13,45,27.999999999999332,44.999999999998664,57.999999999998664,47.99999999999978,37,26.999999999999556,47,14.160000000000005,372.57000000000045,SSSW,model_assisted_not_ground_truth,0,0,0,0,0,0,0,0,0,0,0
7.14,45,26.499999999997868,41.999999999995737,54.999999999995737,47.499999999999289,37,25.999999999998579,47,14.170000000000014,373.57000000000141,SSSW,model_assisted_not_ground_truth,0,0,0,0,0,0,0,0,0,0,0
7.15,45,25.000000000004619,38.999999999997691,52.000000000004619,46.999999999997691,37,25.000000000004619,47.000000000006928,14.179999999999977,374.56999999999766,SSSW,model_assisted_not_ground_truth,0,0,0,0,0,0,0,0,0,0,0
7.16,44.999999999996803,26.999999999996803,38,53.999999999980815,46.000000000006395,37,26.999999999971223,50.000000000028777,14.17,373.56999999999681,SSSW,model_assisted_not_ground_truth,0,0,0,0,0,0,0,0,0,0,0
7.17,44,26,38.000000000004086,48,47.999999999995914,37,18.000000000004086,58.999999999946887,14.169999999999837,372.58000000001226,SSSW,model_assisted_not_ground_truth,0,0,0,0,0,0,0,0,0,0,0
7.18,44,25.999999999970157,38.999999999995026,47.999999999970157,46.999999999995026,36.999999999985079,18.999999999990052,45.999999999995026,14.1300000000002,375.57999999998503,SSSW,model_assisted_not_ground_truth,0,0,0,0,0,0,0,0,0,0,0
7.19,44,20.000000000011902,37.999999999976197,42.000000000011902,46,34.000000000023803,16.999999999898836,44.999999999910735,14.169999999999881,372.58000000000595,SSSW,model_assisted_not_ground_truth,0,0,0,0,0,0,0,0,0,0,0
7.20,43.999999999993165,22,34.000000000027356,44.000000000047869,45.999999999986322,38,0,30.000000000027356,14.150000000000137,373.57999999999316,SSSW,model_assisted_not_ground_truth,0,0,0,0,0,0,0,0,0,0,0
7.21,43.000000000003638,22,37.999999999985434,50.999999999974506,44.000000000007283,38,0,33.999999999985434,14.170000000000154,372.57999999999225,SSSW,model_assisted_not_ground_truth,0,0,0,0,0,0,0,0,0,0,0
7.22,42.000000000002757,23.999999999994493,35.000000000008257,42.000000000024784,44,38,0,36.999999999991743,14.19,371.58000000000851,SSSW,model_assisted_not_ground_truth,0,0,0,0,0,0,0,0,0,0,0
7.23,42.999999999998224,18.000000000010658,37.999999999994671,42.999999999998224,44.999999999998224,38,0,35.000000000003553,14.190000000000191,372.56999999998078,SSSW,model_assisted_not_ground_truth,0,0,0,0,0,0,0,0,0,0,0
7.24,43,24.999999999993783,38,49.999999999993783,44.000000000000888,38.999999999999112,0,35,14.209999999999267,370.57000000002108,SSSW,model_assisted_not_ground_truth,0,0,0,0,0,0,0,0,0,0,0
7.25,43,25,38,43,43,39,0,31,14.140000000000001,372.57999999999998,SSSW,model_assisted_not_ground_truth,0,0,0,0,0,0,0,0,0,0,0
7.26,42,25.999999999993783,36.999999999999112,44.999999999999112,43.000000000001776,38,0,28.999999999995559,14.210000000000001,374.55999999999733,SSSW,model_assisted_not_ground_truth,0,0,0,0,0,0,0,0,0,0,0
7.27,42,19.000000000005596,36.000000000001869,43.999999999994401,45,38,0,24.00000000000373,14.210000000000095,371.55999999999813,SSSW,model_assisted_not_ground_truth,0,0,0,0,0,0,0,0,0,0,0
7.28,41.999999999988987,22.000000000005507,37,41,45.000000000005507,38,0,25.99999999998348,14.26,370.55000000000001,SSSW,model_assisted_not_ground_truth,0,0,0,0,0,0,0,0,0,0,0
7.29,37.999999999992717,23.999999999967226,36.999999999996355,41.000000000010928,47.000000000003645,38,0,19.999999999992717,14.26,370.55000000000001,SSSW,model_assisted_not_ground_truth,0,0,0,0,0,0,0,0,0,0,0
7.30,36,15.000000000009059,36.000000000004533,44.000000000004533,48,38,0,18.000000000040767,14.260000000000046,370.55000000000456,SSSW,model_assisted_not_ground_truth,0,0,0,0,0,0,0,0,0,0,0
7.31,36,17.000000000005507,36.999999999994493,45,47.999999999994493,38,0,26.999999999994493,14.269999999999779,371.5500000000111,SSSW,model_assisted_not_ground_truth,0,0,0,0,0,0,0,0,0,0,0
7.32,36.00000000001279,18.000000000006395,35.99999999998721,45.00000000001279,47,37.999999999993605,0,26.000000000038369,14.230000000000192,373.55999999999995,SSSW,model_assisted_not_ground_truth,0,0,0,0,0,0,0,0,0,0,0
7.33,37.999999999992717,19,33.999999999992717,46.999999999978151,47,36.999999999970868,0,32.000000000007283,14.260000000000073,373.55000000000729,SSSW,model_assisted_not_ground_truth,0,0,0,0,0,0,0,0,0,0,0
7.34,37.000000000003197,19,33.000000000003197,44.000000000009592,47,33.00000000001279,0,32.999999999996803,14.270000000000081,374.55000000001638,SSSW,model_assisted_not_ground_truth,0,0,0,0,0,0,0,0,0,0,0
7.35,37.999999999997783,16.000000000006661,33.999999999997783,44,47.999999999997783,33,0,33.999999999997783,14.280000000000046,376.55000000000456,SSSW,model_assisted_not_ground_truth,0,0,0,0,0,0,0,0,0,0,0
7.36,38,18.999999999996003,36.999999999996007,50.999999999990678,47.000000000001336,32.000000000001336,14.999999999980016,43.999999999986677,14.28500000000005,377.05000000000501,SSSW,model_assisted_not_ground_truth,0,0,0,0,0,0,0,0,0,0,0
7.37,37.000000000000441,23.99999999999778,37.999999999999559,51.999999999999559,47.999999999999559,1.4210854715202004e-11,22.999999999996447,42.000000000000888,14.290000000000218,377.55000000002184,SSSW,model_assisted_not_ground_truth,0,0,0,0,0,0,0,0,0,0,0
7.38,37.000000000000888,25.000000000000888,38,58.000000000002665,48,0,27,87.000000000011994,14.310000000000006,379.55000000000047,SSSW,model_assisted_not_ground_truth,0,0,0,0,0,0,0,0,0,0,0
7.39,39,27.000000000004263,38.000000000002842,64.000000000009948,47.999999999998579,0,27.000000000001421,114.0000000000469,14.32,380.55000000000143,SSSW,model_assisted_not_ground_truth,0,0,0,0,0,0,0,0,0,0,0
7.40,39.000000000002309,30.00000000003002,40.000000000004619,71.000000000013856,47.000000000002309,9.2370555648897035e-12,28.000000000006928,147.00000000008777,14.320000000000046,381.55000000000234,SSSW,model_assisted_not_ground_truth,0,0,0,0,0,0,0,0,0,0,0
7.41,39.999999999996803,43.000000000041567,41.999999999996803,77.000000000035172,47.999999999996803,3.9999999999872102,30.999999999996803,185.00000000000961,14.340000000000032,382.55000000000319,SSSW,model_assisted_not_ground_truth,0,0,0,0,0,0,0,0,0,0,0
7.42,39,56.000000000040856,41,88.000000000004093,46.999999999979572,1.3482548411060164e-10,29.999999999995914,187.99999999992644,14.35,383.55000000000001,SSSW,model_assisted_not_ground_truth,0,0,0,0,0,0,0,0,0,0,0
7.43,39.000000000007461,66.000000000002487,41,88.999999999997513,42.000000000007461,33,29.000000000014921,170.0000000000025,14.35,383.55000000000001,SSSW,model_assisted_not_ground_truth,0,0,0,0,0,0,0,0,0,0,0
7.44,40.500000000008924,66.50000000000297,41,88.49999999999703,43.500000000008924,33,32.000000000017849,170.50000000000298,14.349999999999939,383.54999999999404,SSSW,model_assisted_not_ground_truth,0,0,0,0,0,0,0,0,0,0,0
7.45,42.000000000006835,67.000000000088903,41.000000000013678,88.000000000013671,45.000000000034191,33.000000000034191,35.000000000198327,171.00000000007523,14.33999999999911,382.55000000000706,SSSW,model_assisted_not_ground_truth,0,0,0,0,0,0,0,0,0,0,0
7.46,42.999999999996362,79.999999999952664,42.999999999992717,89.999999999992724,49.999999999981796,37.999999999981796,63.999999999894399,181.99999999995995,14.20999999999235,383.58000000014067,SSSW,model_assisted_not_ground_truth,0,0,0,0,0,0,0,0,0,0,0
7.47,49.99999999998073,91.99999999996696,43.999999999997243,104.9999999999587,100.99999999985957,37.000000000002757,70.99999999998073,189.99999999997797,13.219999999971311,401.79000000157248,SSSW,model_assisted_not_ground_truth,0,0,0,0,0,0,0,0,0,0,0
7.48,66.999999999969802,113.99999999996092,49.999999999989342,127.99999999995914,139.99999999993071,41.999999999991118,116.99999999991829,229.99999999992895,9.8899999999814874,584.31000000237384,SSSW,model_assisted_not_ground_truth,0,0,0,0,0,0,0,0,0,0,0
7.49,89.999999999979565,145.99999999997158,69.999999999982236,162.99999999996891,171.99999999997158,42.999999999999112,167.9999999999547,263.99999999996982,7.9599999999953885,831.79000000089297,SSSW,model_assisted_not_ground_truth,0,0,0,0,0,0,0,0,0,0,0
7.50,142,169,102,199,201,48,190,299,7.5199999999999996,917,SSSW,model_assisted_not_ground_truth,0,0,0,0,0,0,0,0,0,0,0
7.51,164.0000000000089,188.00000000001864,141.00000000001245,231.00000000001864,237.000000000016,59.00000000001954,207.00000000000711,315.00000000000091,7.5049999999999866,930.02000000001158,SSSW,model_assisted_not_ground_truth,0,0,0,0,0,0,0,0,0,0,0
7.52,174.00000000000932,209.00000000002424,155.00000000000932,252.00000000001864,255.0000000000224,81.000000000014921,215.00000000001305,315.99999999998693,7.4900000000003359,943.04000000007829,SSSW,model_assisted_not_ground_truth,0,0,0,0,0,0,0,0,0,0,0
7.53,178.99999999998349,222,160,262.0000000000303,267.00000000001376,89.000000000044054,222.00000000001651,308.99999999991462,7.6700000000015418,985.05000000011535,SSSW,model_assisted_not_ground_truth,0,0,0,0,0,0,0,0,0,0,0
7.54,172.99999999995995,221.99999999995629,159.99999999999272,273,271.99999999999636,105.00000000008376,228.00000000001822,277.99999999993446,8.2300000000013487,1026.9599999999596,SSSW,model_assisted_not_ground_truth,0,0,0,0,0,0,0,0,0,0,0
7.55,161.99999999996376,209.99999999999548,157.99999999999548,272.99999999996373,271,127.99999999998188,233.00000000002265,260,8.6000000000009518,1015.8700000000227,SSSW,model_assisted_not_ground_truth,0,0,0,0,0,0,0,0,0,0,0
7.56,153.99999999997246,208.99999999997246,157,264.99999999995595,270.99999999996697,123.99999999992841,237.99999999999449,260.00000000001654,8.8100000000011018,1020.8900000001761,SSSW,model_assisted_not_ground_truth,0,0,0,0,0,0,0,0,0,0,0
7.57,149,203.99999999998721,156.99999999998721,256.99999999999358,264.99999999998721,110.99999999997442,236.99999999999361,263.00000000005758,9.0100000000004155,1052.8599999999901,SSSW,model_assisted_not_ground_truth,0,0,0,0,0,0,0,0,0,0,0
7.58,148.99999999999272,201.99999999996359,154.99999999998545,256,263.00000000000728,107.00000000001457,235.99999999997814,271.9999999999709,9.0750000000004736,1051.3349999999889,SSSW,model_assisted_not_ground_truth,0,0,0,0,0,0,0,0,0,0,0
7.59,148.00000000000318,197.00000000001597,153.00000000000639,256,263.99999999999682,108.99999999999361,233.00000000000961,268.00000000001279,9.1400000000005726,1049.8099999999104,SSSW,model_assisted_not_ground_truth,0,0,0,0,0,0,0,0,0,0,0
7.60,147.00000000000222,192.00000000001111,152.00000000000222,253.00000000000665,264.99999999999778,104.0000000000111,232.00000000000222,264.00000000000887,9.2100000000019229,1038.839999999981,SSSW,model_assisted_not_ground_truth,0,0,0,0,0,0,0,0,0,0,0
7.61,144.00000000000401,192,151.00000000000134,250.00000000000401,264.00000000000131,101.00000000000399,221.00000000001467,262.00000000000267,9.4200000000025099,1036.7799999998085,SSSW,model_assisted_not_ground_truth,0,0,0,0,0,0,0,0,0,0,0
7.62,135.00000000000401,191.00000000000045,150.00000000000045,248.00000000000088,262.00000000000091,98.000000000001336,206.00000000000665,243.00000000000844,9.6700000000036042,1017.7099999996059,SSSW,model_assisted_not_ground_truth,0,0,0,0,0,0,0,0,0,0,0
7.63,119.99999999999289,182.9999999999969,143.99999999999778,246.9999999999969,250.99999999999645,95.999999999996888,185.99999999999022,213.99999999999289,10.000000000000147,981.62999999998488,SSSW,model_assisted_not_ground_truth,0,0,0,0,0,0,0,0,0,0,0
7.64,103.99999999997016,175.99999999999289,138.99999999996021,239.9999999999801,242.99999999998437,88.999999999984368,163.99999999995737,198.00000000000426,10.330000000000583,947.53999999995153,SSSW,model_assisted_not_ground_truth,0,0,0,0,0,0,0,0,0,0,0
7.65,82.999999999974591,170.99999999997459,110.99999999998614,225.99999999997689,231.99999999998846,77.999999999969972,133.99999999995612,200.99999999998383,10.740000000000393,913.44999999996992,SSSW,model_assisted_not_ground_truth,0,0,0,0,0,0,0,0,0,0,0
7.66,71.99999999998721,159.99999999994563,104.99999999996163,215.99999999997121,226.99999999998082,64.999999999990408,114.99999999993285,193.99999999999679,10.910000000000544,900.41999999995835,SSSW,model_assisted_not_ground_truth,0,0,0,0,0,0,0,0,0,0,0
7.67,67.99999999993463,142.99999999995097,92.999999999950973,206.99999999993463,220.99999999996322,61.999999999975486,93.999999999922366,192.99999999998366,11.080000000001675,887.38999999986891,SSSW,model_assisted_not_ground_truth,0,0,0,0,0,0,0,0,0,0,0
7.68,51.999999999995026,130.99999999992539,80.999999999985079,190.99999999993037,211.99999999996518,55.999999999980105,74.999999999930367,189,11.490000000001343,855.30999999991514,SSSW,model_assisted_not_ground_truth,0,0,0,0,0,0,0,0,0,0,0
7.69,50.999999999979174,115.99999999994942,77.999999999982151,177,204.99999999998809,51.999999999988098,60.999999999934545,188.99999999995239,11.760000000002023,838.25999999983298,SSSW,model_assisted_not_ground_truth,0,0,0,0,0,0,0,0,0,0,0
7.70,47.499999999995957,107.49999999999018,74.999999999996533,177,202.9999999999977,49.999999999997691,49.999999999987295,180.99999999999076,12.100000000002051,810.19999999981508,SSSW,model_assisted_not_ground_truth,0,0,0,0,0,0,0,0,0,0,0
7.71,44.000000000012747,99.000000000030951,72.000000000010928,177,201.00000000000728,48.000000000007283,39.00000000004006,173.00000000002913,12.4000000000017,783.14999999979864,SSSW,model_assisted_not_ground_truth,0,0,0,0,0,0,0,0,0,0,0
7.72,44,97.000000000005514,67.00000000001377,172.00000000001376,198.00000000000827,45.000000000008257,35.000000000011013,168.00000000001376,12.620000000000948,757.09999999990089,SSSW,model_assisted_not_ground_truth,0,0,0,0,0,0,0,0,0,0,0
7.73,44,93.000000000007105,64.000000000005329,164.00000000001421,196.00000000000355,45,33.000000000003553,171.99999999999289,12.730000000001056,745.59499999988964,SSSW,model_assisted_not_ground_truth,0,0,0,0,0,0,0,0,0,0,0
7.74,45.999999999998224,91.000000000001776,57.000000000006217,150.00000000001245,191.00000000000443,44.000000000000888,33,170.00000000000176,12.840000000000419,734.08999999989521,SSSW,model_assisted_not_ground_truth,0,0,0,0,0,0,0,0,0,0,0
7.75,50,81,53,161,181,45,30,170,12.880000000000001,724.09000000000003,SSSW,model_assisted_not_ground_truth,0,0,0,0,0,0,0,0,0,0,0
7.76,50,84.999999999998224,50.000000000000888,162,177.99999999999466,43.000000000000888,29.000000000002665,169.99999999999201,13.120000000000124,702.05999999999108,SSSW,model_assisted_not_ground_truth,0,0,0,0,0,0,0,0,0,0,0
7.77,50.000000000026112,82.999999999990678,50.999999999994401,161.9999999999944,171.99999999998508,44,31.999999999992539,160.99999999999812,13.26000000000084,692.03999999995517,SSSW,model_assisted_not_ground_truth,0,0,0,0,0,0,0,0,0,0,0
7.78,64.000000000030283,78.000000000005514,48.000000000002757,159.00000000000276,163.99999999999449,44,28.000000000005507,160.00000000000827,13.710000000000496,668.00999999999715,SSSW,model_assisted_not_ground_truth,0,0,0,0,0,0,0,0,0,0,0
7.79,75,80,49,160,161.99999999996359,44.000000000007283,30.000000000007283,163.00000000002549,13.890000000000365,666.97999999999263,SSSW,model_assisted_not_ground_truth,0,0,0,0,0,0,0,0,0,0,0
7.80,75.000000000072475,80.000000000063423,49.000000000018119,159.99999999998187,151.99999999999548,46,32.000000000004533,170.00000000002717,13.990000000000453,664.95999999999094,SSSW,model_assisted_not_ground_truth,0,0,0,0,0,0,0,0,0,0,0
7.81,91.000000000060581,94.00000000006608,53.00000000003304,155.99999999995595,150.99999999998349,46.000000000005507,33.000000000022027,176.00000000007711,14.090000000001101,662.9400000000328,SSSW,model_assisted_not_ground_truth,0,0,0,0,0,0,0,0,0,0,0
7.82,102.00000000005755,105.99999999998082,59.000000000038369,147.99999999997442,147.99999999996803,47.000000000006395,37.000000000038369,190.00000000003837,14.290000000001214,668.87999999999977,SSSW,model_assisted_not_ground_truth,0,0,0,0,0,0,0,0,0,0,0
7.83,111.00000000019664,103.0000000000874,65.000000000036408,143.99999999996359,142.99999999997087,48.000000000014566,43.000000000101963,196.00000000005826,14.48000000000153,668.85000000007972,SSSW,model_assisted_not_ground_truth,0,0,0,0,0,0,0,0,0,0,0
7.84,137.99999999991365,114.99999999996163,69.999999999984013,139.00000000001597,139.00000000001279,49.999999999993605,56.999999999955236,203.99999999997442,14.690000000001307,679.80000000007317,SSSW,model_assisted_not_ground_truth,0,0,0,0,0,0,0,0,0,0,0
7.85,151.99999999996891,120.99999999998667,73.999999999991118,147.99999999998002,142.99999999999113,55.999999999986677,63.999999999984453,208.99999999998889,14.850000000002744,688.76000000009117,SSSW,model_assisted_not_ground_truth,0,0,0,0,0,0,0,0,0,0,0
7.86,159.99999999998934,132.99999999998403,80.999999999990678,160.99999999998269,145.99999999999599,64.999999999988006,71.999999999989342,209.99999999999866,15.150000000000803,698.73000000007505,SSSW,model_assisted_not_ground_truth,0,0,0,0,0,0,0,0,0,0,0
7.87,163.99999999999824,141.99999999999599,93.99999999999423,169.99999999999599,149.99999999999824,72.999999999996447,88.999999999992454,217.99999999999645,15.23000000000042,706.21000000003926,SSSW,model_assisted_not_ground_truth,0,0,0,0,0,0,0,0,0,0,0
7.88,180.00000000000711,147.0000000000031,104.00000000000178,188.00000000000489,156.0000000000031,80.000000000001776,100.00000000000399,229.00000000000534,15.310000000000086,713.69000000000938,SSSW,model_assisted_not_ground_truth,0,0,0,0,0,0,0,0,0,0,0
7.89,196.00000000002274,154.00000000002416,108.00000000002558,199.0000000000199,163.00000000001421,84.000000000001421,109.00000000002842,241.00000000000995,15.50000000000027,734.65000000000418,SSSW,model_assisted_not_ground_truth,0,0,0,0,0,0,0,0,0,0,0
7.90,212.00000000001154,171.0000000000023,126.00000000002309,213.00000000000924,173.00000000000693,84.999999999997684,129.00000000003695,248.00000000002078,15.690000000000369,737.61000000006459,SSSW,model_assisted_not_ground_truth,0,0,0,0,0,0,0,0,0,0,0
7.91,217.00000000000961,172.00000000002558,136.00000000001918,217.00000000001918,176.00000000000639,84.000000000035172,145.00000000005755,257.00000000000961,15.850000000000351,765.58000000003517,SSSW,model_assisted_not_ground_truth,0,0,0,0,0,0,0,0,0,0,0
7.92,220.00000000004087,180.00000000001225,142.00000000004087,223.00000000002453,178.00000000000819,95.000000000040856,163.00000000006946,260.00000000000819,15.960000000000205,776.56000000002439,SSSW,model_assisted_not_ground_truth,0,0,0,0,0,0,0,0,0,0,0
7.93,230.00000000002026,183.00000000001012,152.00000000001012,229.00000000002532,180,104.99999999995444,180.0000000000405,262.00000000002024,16.01000000000051,782.54999999994413,SSSW,model_assisted_not_ground_truth,0,0,0,0,0,0,0,0,0,0,0
7.94,234.00000000001785,184.99999999998809,154.00000000005355,234.00000000000594,180.00000000000594,96.000000000047606,188.00000000009521,266.00000000000597,16.11000000000012,771.53000000001487,SSSW,model_assisted_not_ground_truth,0,0,0,0,0,0,0,0,0,0,0
7.95,237.00000000001367,183.00000000003419,163.00000000002734,235.00000000001367,180.99999999997948,104.00000000004103,204.00000000004786,267.00000000000682,16.130000000000138,774.03000000001703,SSSW,model_assisted_not_ground_truth,0,0,0,0,0,0,0,0,0,0,0
7.96,238.99999999999272,187.99999999998178,166.99999999998545,236.99999999999272,178.00000000001091,109.99999999997814,210.99999999997451,267.99999999999636,16.15000000000224,776.53000000017767,SSSW,model_assisted_not_ground_truth,0,0,0,0,0,0,0,0,0,0,0
7.97,240.99999999999449,175.00000000003578,168.99999999999449,238.99999999999449,180.99999999999173,111.99999999999449,212.99999999999449,268,16.440000000000431,799.51999999991369,SSSW,model_assisted_not_ground_truth,0,0,0,0,0,0,0,0,0,0,0
7.98,242.99999999999645,172.00000000000534,169.99999999999824,239.99999999999824,184.99999999999289,114.99999999999467,217.99999999999113,264.00000000000711,16.490000000000958,789.51000000002853,SSSW,model_assisted_not_ground_truth,0,0,0,0,0,0,0,0,0,0,0
7.99,249.99999999999378,168.00000000000355,170,242.99999999999733,185.99999999999912,115,220.99999999999733,256.00000000000711,16.590000000000522,792.4799999998321,SSSW,model_assisted_not_ground_truth,0,0,0,0,0,0,0,0,0,0,0
8.00,250,174,171,245,189,115,221,250,16.640000000000001,776.46000000000004,SSSW,model_assisted_not_ground_truth,0,0,0,0,0,0,0,0,0,0,0
8.01,250.99999999999821,165.99999999999466,167.99999999999201,245,187.99999999999466,111.99999999998934,225.99999999999645,235.99999999997689,16.700000000000021,739.43999999999608,SSSW,model_assisted_not_ground_truth,0,0,0,0,0,0,0,0,0,0,0
8.02,248.99999999997513,159.99999999997868,158.99999999997868,244.99999999996979,181.999999999984,99.999999999968026,221.99999999998579,209.99999999994847,16.725000000000044,734.92999999999199,SSSW,model_assisted_not_ground_truth,0,0,0,0,0,0,0,0,0,0,0
8.03,234.99999999989609,147.99999999994938,146.99999999992806,227.99999999995737,172.99999999991741,81.99999999994138,213.99999999989609,180.99999999988543,16.750000000000988,730.41999999994925,SSSW,model_assisted_not_ground_truth,0,0,0,0,0,0,0,0,0,0,0
8.04,195.99999999991419,128.99999999994404,119.99999999984705,211.99999999991792,141.99999999995524,59.999999999947775,174.99999999988435,137.99999999973886,17.120000000000225,711.39000000004842,SSSW,model_assisted_not_ground_truth,0,0,0,0,0,0,0,0,0,0,0
8.05,172.99999999993994,113.9999999999261,78.999999999944578,189.99999999993071,129.9999999999261,45.999999999995381,143.999999999903,67.999999999889155,17.179999999999954,724.36999999989837,SSSW,model_assisted_not_ground_truth,0,0,0,0,0,0,0,0,0,0,0
8.06,159.99999999992289,97.999999999950433,66.999999999895365,174.99999999992841,113.99999999992291,44.999999999994493,122.99999999992841,43.999999999840306,17.169999999999835,702.35999999993396,SSSW,model_assisted_not_ground_truth,0,0,0,0,0,0,0,0,0,0,0
8.07,145.99999999991687,88.999999999916866,47.99999999998721,161.99999999984652,99.999999999795364,43.999999999993605,109.99999999979536,15.000000000051159,17.139999999999617,690.35999999984642,SSSW,model_assisted_not_ground_truth,0,0,0,0,0,0,0,0,0,0,0
8.08,132.99999999981793,75.999999999919893,45.999999999978151,138.00000000005826,67.999999999854339,42.999999999963585,77.999999999854339,23,17.079999999997632,666.34999999961769,SSSW,model_assisted_not_ground_truth,0,0,0,0,0,0,0,0,0,0,0
8.09,108.00000000007994,65.000000000035172,43.000000000009592,145.99999999997442,48.000000000063949,38.000000000015987,58.000000000063949,23,16.754999999997345,613.85999999957107,SSSW,model_assisted_not_ground_truth,0,0,0,0,0,0,0,0,0,0,0
8.10,90.000000000041567,50.000000000034639,42.000000000002309,146,45.000000000006928,38,47.000000000025402,2.0000000000484945,16.429999999992116,561.36999999944794,SSSW,model_assisted_not_ground_truth,0,0,0,0,0,0,0,0,0,0,0
8.11,85.000000000007105,36.000000000019895,42,138.00000000001137,46.999999999997158,38,40.000000000009948,2.8421709430404007e-12,15.559999999993236,500.42999999931453,SSSW,model_assisted_not_ground_truth,0,0,0,0,0,0,0,0,0,0,0
8.12,83.000000000000711,34.000000000000711,41.000000000000355,130.00000000000284,47,35.000000000001066,36.000000000001421,0,14.879999999993943,431.51999999946099,SSSW,model_assisted_not_ground_truth,0,0,0,0,0,0,0,0,0,0,0
8.13,79.999999999998394,29.999999999998401,40.999999999999467,121.99999999998721,47,34,33.000000000000533,0,14.329999999999888,382.57999999998879,SSSW,model_assisted_not_ground_truth,0,0,0,0,0,0,0,0,0,0,0
8.14,76.999999999990052,27,40,97.999999999965894,47.000000000001421,34,33.999999999997158,0,14.119999999999971,361.58000000000141,SSSW,model_assisted_not_ground_truth,0,0,0,0,0,0,0,0,0,0,0
8.15,69.999999999993065,27,40,74.000000000002316,48,34,32,0,14.100000000000115,362.58000000000459,SSSW,model_assisted_not_ground_truth,0,0,0,0,0,0,0,0,0,0,0
8.16,66.99999999998721,26.999999999980815,40,74.999999999968026,48,34,31.999999999993605,0,14.149999999999936,364.5699999999984,SSSW,model_assisted_not_ground_truth,0,0,0,0,0,0,0,0,0,0,0
8.17,62.999999999946887,20.999999999987743,40,64.999999999995907,48,34.000000000020428,30.000000000008171,0,14.129999999999917,364.07499999999794,SSSW,model_assisted_not_ground_truth,0,0,0,0,0,0,0,0,0,0,0
8.18,49.999999999995026,18.000000000009948,40.000000000004974,63.999999999990052,48.000000000004974,38.999999999990052,31.999999999995026,0,14.110000000000248,363.57999999999498,SSSW,model_assisted_not_ground_truth,0,0,0,0,0,0,0,0,0,0,0
8.19,49,20.000000000011724,41,61.999999999988276,48.999999999994138,37.000000000005862,31.000000000005862,0,14.159999999999883,362.56999999998828,SSSW,model_assisted_not_ground_truth,0,0,0,0,0,0,0,0,0,0,0
8.20,49.00000000000675,22.00000000000675,41.00000000002025,60.000000000054001,47.99999999999325,37.99999999999325,31.9999999999865,0,14.140000000000068,360.57000000001341,SSSW,model_assisted_not_ground_truth,0,0,0,0,0,0,0,0,0,0,0
8.21,49.999999999996447,22.999999999996447,43.999999999989342,67.999999999971578,47.000000000003553,37.000000000003553,30.000000000007105,0,14.149999999999844,362.56000000000017,SSSW,model_assisted_not_ground_truth,0,0,0,0,0,0,0,0,0,0,0
8.22,48.000000000005329,23,44,69.999999999994671,44.000000000007994,37.999999999997335,28.000000000005329,0.99999999999733546,14.129999999999914,362.58000000001738,SSSW,model_assisted_not_ground_truth,0,0,0,0,0,0,0,0,0,0,0
8.23,48,21.000000000003553,44,70.999999999998224,43.000000000001776,38,27.000000000001776,4.9999999999928946,14.120000000000047,364.58000000000476,SSSW,model_assisted_not_ground_truth,0,0,0,0,0,0,0,0,0,0,0
8.24,45.000000000002665,22.999999999998224,41.000000000002665,64.000000000006224,43,37.000000000000888,27.999999999999112,14.999999999991118,14.125000000000025,365.08000000000237,SSSW,model_assisted_not_ground_truth,0,0,0,0,0,0,0,0,0,0,0
8.25,43,23,40,66,44,38,28,13,14.130000000000001,365.57999999999998,SSSW,model_assisted_not_ground_truth,0,0,0,0,0,0,0,0,0,0,0
8.26,44.000000000000888,18.999999999998224,39.999999999998224,66.999999999996447,44,37.000000000000888,25.999999999999112,16.000000000007105,14.139999999999965,365.57999999999913,SSSW,model_assisted_not_ground_truth,0,0,0,0,0,0,0,0,0,0,0
8.27,44.999999999998224,17.000000000010658,37.999999999996447,62.999999999998224,44.000000000001776,37.999999999998224,25,24.000000000012434,14.100000000000035,364.58999999999997,SSSW,model_assisted_not_ground_truth,0,0,0,0,0,0,0,0,0,0,0
8.28,43.999999999994671,23,36,62.000000000002665,45,37,24.999999999981348,30.999999999976019,14.120000000000026,364.580000000008,SSSW,model_assisted_not_ground_truth,0,0,0,0,0,0,0,0,0,0,0
8.29,42,22.999999999985079,35.99999999999627,62.99999999999627,45,37,18,22.000000000052225,14.130000000000001,367.58999999999997,SSSW,model_assisted_not_ground_truth,0,0,0,0,0,0,0,0,0,0,0
8.30,42,19,34.999999999995381,62,45,37,18.000000000004619,35.99999999996767,14.130000000000001,367.58999999999531,SSSW,model_assisted_not_ground_truth,0,0,0,0,0,0,0,0,0,0,0
8.31,42.000000000005507,19.00000000001652,34.000000000005507,61.99999999998348,45.000000000005507,37.000000000005507,18.999999999895373,29.000000000005507,14.130000000000001,366.58499999999447,SSSW,model_assisted_not_ground_truth,0,0,0,0,0,0,0,0,0,0,0
8.32,43,22,35,58.99999999998721,45.99999999998721,38,0,29.999999999942446,14.129999999999873,365.58000000000004,SSSW,model_assisted_not_ground_truth,0,0,0,0,0,0,0,0,0,0,0
8.33,43,22.000000000007283,35.000000000007283,57.000000000036415,44.000000000007283,38,0,21.000000000072831,14.110000000000218,365.59000000000719,SSSW,model_assisted_not_ground_truth,0,0,0,0,0,0,0,0,0,0,0
8.34,43,22.999999999996803,35.999999999996803,61.999999999984013,44.999999999996803,38,0,30.999999999968026,14.140000000000164,366.57999999998361,SSSW,model_assisted_not_ground_truth,0,0,0,0,0,0,0,0,0,0,0
8.35,43,24.999999999995381,36,61.000000000002309,44.000000000002309,38,0,21.000000000023093,14.15999999999991,364.58000000002716,SSSW,model_assisted_not_ground_truth,0,0,0,0,0,0,0,0,0,0,0
8.36,43,24.000000000001421,36,59.000000000002842,44,38,0,21.999999999998579,14.15,367.57999999999998,SSSW,model_assisted_not_ground_truth,0,0,0,0,0,0,0,0,0,0,0
8.37,42.000000000000355,23.000000000000355,36.999999999999645,59.999999999999645,44,38,0,23.999999999999289,14.15,367.57999999999998,SSSW,model_assisted_not_ground_truth,0,0,0,0,0,0,0,0,0,0,0
8.38,43,23.999999999999467,36,63.999999999998934,45.000000000000533,38,0,19.999999999998401,14.15,367.58000000000078,SSSW,model_assisted_not_ground_truth,0,0,0,0,0,0,0,0,0,0,0
8.39,42.999999999998579,22.999999999994316,36,61.999999999997158,46.000000000001421,38,0,16.999999999998579,14.15,369.08500000000214,SSSW,model_assisted_not_ground_truth,0,0,0,0,0,0,0,0,0,0,0
8.40,41.999999999990763,19,35.999999999997691,59.999999999995381,47.000000000002309,38,0,15.999999999983835,14.15,370.58999999999304,SSSW,model_assisted_not_ground_truth,0,0,0,0,0,0,0,0,0,0,0
8.41,38,19.000000000009592,35.000000000003197,58,48,37.999999999996803,0,9,14.150000000000096,367.58000000000959,SSSW,model_assisted_not_ground_truth,0,0,0,0,0,0,0,0,0,0,0
8.42,37.999999999987743,21.999999999991829,35.999999999987743,57.999999999995914,47.999999999991829,37.000000000004086,0,9,14.179999999999959,370.57999999999589,SSSW,model_assisted_not_ground_truth,0,0,0,0,0,0,0,0,0,0,0
8.43,35.000000000009948,19.999999999980105,33.000000000004974,56.999999999980105,46,38,0,8.9999999999850786,14.170000000000149,369.58000000001493,SSSW,model_assisted_not_ground_truth,0,0,0,0,0,0,0,0,0,0,0
8.44,37.000000000005862,16.000000000023448,33.999999999994138,53.000000000017586,46.000000000005862,38,0,5.9999999999648281,14.199999999999882,372.58000000000584,SSSW,model_assisted_not_ground_truth,0,0,0,0,0,0,0,0,0,0,0
8.45,38,20.00000000000675,33.00000000000675,56.000000000040501,47.00000000000675,37.999999999966249,2.0250467968951052e-11,1.2150280781370632e-10,14.180000000000067,373.57999999999993,SSSW,model_assisted_not_ground_truth,0,0,0,0,0,0,0,0,0,0,0
8.46,38,20.999999999996447,33.999999999996447,61.999999999978684,47.999999999996447,33.000000000017764,2.9999999999893419,17.999999999936051,14.190000000000078,373.57499999999993,SSSW,model_assisted_not_ground_truth,0,0,0,0,0,0,0,0,0,0,0
8.47,38,21.999999999997335,34,62.999999999997335,47.000000000002665,33,14.999999999968026,25.999999999978684,14.200000000000522,373.57000000000852,SSSW,model_assisted_not_ground_truth,0,0,0,0,0,0,0,0,0,0,0
8.48,38,22,35.999999999996447,63,46.000000000001776,5.8619775700208265e-11,15.999999999998224,32.999999999987566,14.260000000000192,374.55000000001922,SSSW,model_assisted_not_ground_truth,0,0,0,0,0,0,0,0,0,0,0
8.49,37.000000000000888,23.999999999998224,36.999999999999112,65.999999999997328,47.999999999998224,0,25.999999999991118,73.999999999963592,14.27999999999958,376.54999999997915,SSSW,model_assisted_not_ground_truth,0,0,0,0,0,0,0,0,0,0,0
8.50,38,29,38,70,48,0,27,92,14.24,374.56,SSSW,model_assisted_not_ground_truth,0,0,0,0,0,0,0,0,0,0,0
8.51,39.000000000000888,29.000000000005329,39.000000000001776,85.000000000012434,47.000000000001776,0,28.000000000003553,125.00000000004441,14.260000000000026,376.56000000000085,SSSW,model_assisted_not_ground_truth,0,0,0,0,0,0,0,0,0,0,0
8.52,39.999999999998224,35.000000000028422,40.999999999998224,99.000000000017764,48.999999999996447,1.7763568394018661e-12,32,175.00000000001421,14.289999999999999,377.55000000000001,SSSW,model_assisted_not_ground_truth,0,0,0,0,0,0,0,0,0,0,0
8.53,39.000000000007994,50.999999999997335,40.000000000002665,109.00000000000267,46.999999999989342,1.0000000000826006,31.999999999992006,182.99999999994938,14.289999999999999,377.55000000000001,SSSW,model_assisted_not_ground_truth,0,0,0,0,0,0,0,0,0,0,0
8.54,41.999999999992539,50,41,110,42.99999999999627,32.000000000014921,29,163.99999999991047,14.289999999999999,377.55000000000001,SSSW,model_assisted_not_ground_truth,0,0,0,0,0,0,0,0,0,0,0
8.55,40,49.99999999996767,41,109.99999999998614,42.000000000018474,36.000000000004619,29.000000000004619,139.99999999999537,14.289999999999907,377.55000000000467,SSSW,model_assisted_not_ground_truth,0,0,0,0,0,0,0,0,0,0,0
8.56,40.000000000005507,43.000000000077094,41.000000000011013,107,46.000000000005507,37.000000000005507,30.000000000093614,139.00000000012116,14.269999999997632,378.5600000000336,SSSW,model_assisted_not_ground_truth,0,0,0,0,0,0,0,0,0,0,0
8.57,41.000000000006395,57.000000000127898,43.00000000001279,107.00000000003837,47.000000000166267,37.99999999998721,47.000000000179057,161.00000000017906,13.839999999985995,384.66000000044363,SSSW,model_assisted_not_ground_truth,0,0,0,0,0,0,0,0,0,0,0
8.58,42.000000000058265,77.000000000218492,45.000000000029132,113.0000000000874,73.000000000364153,36.000000000007283,75.000000000356863,189.00000000014566,11.649999999979025,454.03000000171556,SSSW,model_assisted_not_ground_truth,0,0,0,0,0,0,0,0,0,0,0
8.59,49.99999999997442,106.99999999990408,48.99999999998721,124.99999999996163,122.99999999984013,36.999999999996803,123.99999999984333,208.99999999993605,8.7699999999903575,689.59000000153139,SSSW,model_assisted_not_ground_truth,0,0,0,0,0,0,0,0,0,0,0
8.60,86.999999999914564,131.99999999994228,58.999999999976907,148.99999999994458,171.99999999988685,42.999999999986144,177.99999999987529,259.99999999988222,7.5899999999989127,877.00000000019077,SSSW,model_assisted_not_ground_truth,0,0,0,0,0,0,0,0,0,0,0
8.61,134.99999999993179,156.99999999996447,91.999999999953104,207.99999999991616,197.99999999996305,43.999999999998579,203.99999999996305,284.99999999996447,7.4700000000003977,898.06000000004462,SSSW,model_assisted_not_ground_truth,0,0,0,0,0,0,0,0,0,0,0
8.62,143.99999999999682,161.99999999999824,132.99999999998545,228.99999999999255,231.99999999998792,54.999999999996092,209.99999999999787,315.99999999998897,7.5100000000002129,902.55000000002383,SSSW,model_assisted_not_ground_truth,0,0,0,0,0,0,0,0,0,0,0
8.63,151.00000000000213,175.00000000000321,145.00000000000159,251.00000000000426,248.00000000000534,65.000000000005329,218.00000000000321,307.99999999998772,7.5500000000000425,907.04000000000474,SSSW,model_assisted_not_ground_truth,0,0,0,0,0,0,0,0,0,0,0
8.64,154.99999999999005,181.00000000000284,148.00000000000568,259.00000000000284,258.00000000000568,75.000000000018474,224,284.99999999994884,7.6300000000005115,915.99000000001274,SSSW,model_assisted_not_ground_truth,0,0,0,0,0,0,0,0,0,0,0
8.65,147.99999999996766,183.00000000001154,151.99999999999537,261,261.99999999999767,88.00000000002079,224,248.99999999996999,7.9900000000006006,924.9500000000578,SSSW,model_assisted_not_ground_truth,0,0,0,0,0,0,0,0,0,0,0
8.66,133.99999999994245,187.99999999999361,149.99999999999679,260.99999999999682,261.00000000000318,96.99999999998721,224.00000000001279,236.000000000016,8.2500000000010232,949.95000000017922,SSSW,model_assisted_not_ground_truth,0,0,0,0,0,0,0,0,0,0,0
8.67,116,186,149.00000000000819,259.99999999995504,261.99999999999181,93.000000000016342,228.00000000000409,240.99999999998775,8.5700000000001229,1005.9800000000901,SSSW,model_assisted_not_ground_truth,0,0,0,0,0,0,0,0,0,0,0
8.68,116.0000000000199,185.9999999999801,150.99999999999005,248.99999999999503,259.99999999998505,97.000000000004974,229.00000000001492,238.00000000001492,8.6000000000003229,1028.0100000000946,SSSW,model_assisted_not_ground_truth,0,0,0,0,0,0,0,0,0,0,0
8.69,120.00000000002932,181.99999999996481,148.99999999998826,248,257.00000000000585,98.000000000005869,232.00000000001174,241.0000000000762,8.6650000000003811,1047.0150000001113,SSSW,model_assisted_not_ground_truth,0,0,0,0,0,0,0,0,0,0,0
8.70,125,176,147.00000000000693,248.00000000004849,258,98.999999999965368,234,254.00000000002078,8.7300000000004161,1066.0200000000484,SSSW,model_assisted_not_ground_truth,0,0,0,0,0,0,0,0,0,0,0
8.71,125,176,147.99999999999645,254.99999999997513,258,94.000000000017764,234,256.99999999998931,8.7900000000010152,1073.0099999999841,SSSW,model_assisted_not_ground_truth,0,0,0,0,0,0,0,0,0,0,0
8.72,124.00000000000267,172.00000000001066,148,251.00000000001066,257.00000000000267,93.000000000002672,230.00000000001066,254.00000000000799,8.9200000000014796,1070.9799999998866,SSSW,model_assisted_not_ground_truth,0,0,0,0,0,0,0,0,0,0,0
8.73,110.00000000002487,165.00000000001245,148,247.00000000000711,257,92.000000000001776,222.00000000001421,242.00000000002132,9.0900000000015346,1057.9399999997979,SSSW,model_assisted_not_ground_truth,0,0,0,0,0,0,0,0,0,0,0
8.74,97.000000000011539,163.00000000000176,146.00000000000176,243.00000000000355,248.00000000000799,81.000000000009777,205.00000000001509,225.00000000001509,9.2500000000024105,1036.8699999997164,SSSW,model_assisted_not_ground_truth,0,0,0,0,0,0,0,0,0,0,0
8.75,81,154,141,234,233,76,178,210,9.4800000000000004,1009.8200000000001,SSSW,model_assisted_not_ground_truth,0,0,0,0,0,0,0,0,0,0,0
8.76,69.999999999998224,150.99999999999201,121.99999999999289,221.99999999998846,227.99999999999201,67.999999999994671,151.9999999999778,199.00000000000179,9.6200000000001253,990.2749999999827,SSSW,model_assisted_not_ground_truth,0,0,0,0,0,0,0,0,0,0,0
8.77,67.999999999971578,141.99999999997689,113.99999999998224,208.99999999997868,218.99999999998755,61.999999999994671,126.99999999997868,200.99999999998224,9.7600000000006748,970.72999999993237,SSSW,model_assisted_not_ground_truth,0,0,0,0,0,0,0,0,0,0,0
8.78,51.999999999978684,128.999999999984,103.99999999994404,196.99999999996268,211.99999999998136,58.999999999997335,114.99999999994937,190.99999999999733,10.1400000000008,932.62999999989586,SSSW,model_assisted_not_ground_truth,0,0,0,0,0,0,0,0,0,0,0
8.79,43.99999999999627,122.99999999996642,82.999999999992539,182.99999999998508,204.99999999998136,57.999999999988809,95.999999999921656,189.99999999997388,10.440000000001119,893.5499999998766,SSSW,model_assisted_not_ground_truth,0,0,0,0,0,0,0,0,0,0,0
8.80,43,113.99999999996767,80.999999999976907,178.99999999993534,199.99999999999076,55.000000000009237,74.999999999939959,182.99999999996305,10.740000000001062,860.48999999985665,SSSW,model_assisted_not_ground_truth,0,0,0,0,0,0,0,0,0,0,0
8.81,43,106.99999999997797,75.999999999988987,165.00000000000551,197.99999999999449,56.999999999955946,61.99999999995044,174.99999999996146,10.970000000001598,829.44999999979609,SSSW,model_assisted_not_ground_truth,0,0,0,0,0,0,0,0,0,0,0
8.82,43,102.99999999998721,73.999999999980815,166,196.99999999998721,48.999999999980815,52.999999999929656,167.99999999998082,11.260000000001023,792.41999999982079,SSSW,model_assisted_not_ground_truth,0,0,0,0,0,0,0,0,0,0,0
8.83,43,100.9999999999563,70.999999999978158,165.99999999990533,194.99999999995632,46,41.999999999985434,164.99999999996359,11.42000000000051,764.39999999985787,SSSW,model_assisted_not_ground_truth,0,0,0,0,0,0,0,0,0,0,0
8.84,43,95.000000000019185,68.000000000009592,153.00000000004155,189.00000000001918,46,40.000000000006395,160.00000000001597,11.490000000000572,744.8899999998406,SSSW,model_assisted_not_ground_truth,0,0,0,0,0,0,0,0,0,0,0
8.85,43.999999999997691,92.000000000006935,68,150.00000000000693,188.0000000000023,46,36.000000000009237,160.9999999999977,11.560000000001541,725.37999999984595,SSSW,model_assisted_not_ground_truth,0,0,0,0,0,0,0,0,0,0,0
8.86,44,93.999999999997158,63.000000000007105,144.00000000000853,185.00000000000426,44.000000000002842,36,161.99999999999858,11.730000000000995,708.36999999985073,SSSW,model_assisted_not_ground_truth,0,0,0,0,0,0,0,0,0,0,0
8.87,44,95.999999999999289,58.000000000001776,142.00000000000071,171.00000000000497,44.999999999999645,36,162.99999999999966,11.830000000003194,693.36999999984516,SSSW,model_assisted_not_ground_truth,0,0,0,0,0,0,0,0,0,0,0
8.88,46.00000000000373,83,51.00000000000027,163.00000000000134,159.99999999999812,43.99999999999973,32,153.00000000000159,12.120000000000143,679.30999999999187,SSSW,model_assisted_not_ground_truth,0,0,0,0,0,0,0,0,0,0,0
8.89,53.000000000009948,83,51.500000000000711,165.50000000000355,156.49999999999503,43.499999999999289,32,156.00000000000426,12.390000000000313,664.26999999999566,SSSW,model_assisted_not_ground_truth,0,0,0,0,0,0,0,0,0,0,0
8.90,59.999999999976907,82.999999999993065,51.999999999995381,167.99999999999076,153,43.000000000002309,32.000000000002309,159,12.610000000000623,661.22999999998376,SSSW,model_assisted_not_ground_truth,0,0,0,0,0,0,0,0,0,0,0
8.91,50.000000000086331,80.000000000031974,50.000000000003197,164.00000000000639,152.99999999998721,44.000000000006395,33.000000000006395,159.00000000003519,12.880000000000321,654.20000000000641,SSSW,model_assisted_not_ground_truth,0,0,0,0,0,0,0,0,0,0,0
8.92,77.000000000024514,90.000000000024514,51.000000000020428,165.99999999998366,149.00000000001225,45.999999999995914,35.000000000004086,170.00000000004087,12.980000000000409,656.19000000000813,SSSW,model_assisted_not_ground_truth,0,0,0,0,0,0,0,0,0,0,0
8.93,83.000000000084555,96.000000000024869,56.000000000029843,161.9999999999801,151.99999999999005,45,36.000000000014921,180.00000000001492,13.080000000002437,658.17999999989524,SSSW,model_assisted_not_ground_truth,0,0,0,0,0,0,0,0,0,0,0
8.94,100.00000000008207,101.0000000000469,62.00000000002931,157.99999999990035,149.99999999997655,45.000000000023448,39.000000000041034,183.00000000004104,13.570000000001349,637.12000000008186,SSSW,model_assisted_not_ground_truth,0,0,0,0,0,0,0,0,0,0,0
8.95,114.0000000001247,109.00000000006928,67.000000000034632,141.00000000001384,145.99999999993074,49.000000000006928,46.000000000055422,190.00000000009007,13.800000000001525,651.09000000005506,SSSW,model_assisted_not_ground_truth,0,0,0,0,0,0,0,0,0,0,0
8.96,131.99999999993605,118.99999999996447,71.999999999982236,142.99999999999289,136.00000000003553,49.999999999996447,53.999999999971578,202.99999999995381,14.020000000002657,659.03999999994494,SSSW,model_assisted_not_ground_truth,0,0,0,0,0,0,0,0,0,0,0
8.97,145.99999999996271,131.99999999996535,80.999999999976012,162.99999999994671,142.99999999998136,55.999999999984013,57.999999999989342,209.99999999998136,14.360000000001827,652.00000000046964,SSSW,model_assisted_not_ground_truth,0,0,0,0,0,0,0,0,0,0,0
8.98,159.99999999997513,146.99999999997334,81,161.00000000000355,144.99999999999645,64.999999999984013,66.999999999984013,217.99999999998579,14.570000000001583,705.94999999998527,SSSW,model_assisted_not_ground_truth,0,0,0,0,0,0,0,0,0,0,0
8.99,164.99999999999557,151.99999999999557,95.99999999998667,177.99999999998491,149.99999999999557,78.999999999987566,79.999999999988461,224.99999999999378,14.735000000000792,704.41499999999269,SSSW,model_assisted_not_ground_truth,0,0,0,0,0,0,0,0,0,0,0
9.00,176,156,103,188,153,78,94,233,14.9,702.88,SSSW,model_assisted_not_ground_truth,0,0,0,0,0,0,0,0,0,0,0
9.01,188.0000000000222,163.0000000000089,110.000000000008,201.00000000000978,170.00000000000978,93.999999999991999,106.00000000001421,240.00000000000355,15.130000000000205,715.83000000001778,SSSW,model_assisted_not_ground_truth,0,0,0,0,0,0,0,0,0,0,0
9.02,213.00000000000355,173.00000000000711,119.00000000001954,212.00000000001245,181.00000000000534,85.000000000001776,122.00000000001066,244.00000000001245,15.360000000000301,735.77000000003181,SSSW,model_assisted_not_ground_truth,0,0,0,0,0,0,0,0,0,0,0
9.03,215.00000000000267,177.00000000000799,130.00000000002399,219.00000000001333,183.99999999999201,86.000000000010658,128.00000000005329,251.00000000001066,15.530000000000559,753.71000000004778,SSSW,model_assisted_not_ground_truth,0,0,0,0,0,0,0,0,0,0,0
9.04,216.00000000003357,180.00000000002984,139.0000000000224,224.0000000000224,180.99999999999628,89.999999999985079,148.00000000005596,255,15.740000000000597,771.65000000005944,SSSW,model_assisted_not_ground_truth,0,0,0,0,0,0,0,0,0,0,0
9.05,225.00000000002311,188.00000000000463,145.00000000002771,230.00000000002311,180.00000000000463,86.000000000064659,163.00000000005542,255.00000000002771,15.900000000000231,787.6000000000023,SSSW,model_assisted_not_ground_truth,0,0,0,0,0,0,0,0,0,0,0
9.06,230.00000000001103,189,151.00000000001103,235.00000000001651,181.00000000001651,100.00000000002754,175.00000000004957,261,15.950000000000276,788.09000000000276,SSSW,model_assisted_not_ground_truth,0,0,0,0,0,0,0,0,0,0,0
9.07,232.00000000001279,188.99999999998082,153.00000000002558,238.00000000001279,184,104.99999999998721,184.00000000003197,260.99999999999358,16.000000000000448,788.57999999984645,SSSW,model_assisted_not_ground_truth,0,0,0,0,0,0,0,0,0,0,0
9.08,233.99999999997814,185.99999999995632,156.99999999999272,240,183.99999999997087,102.99999999998543,189.00000000002913,259.99999999997817,16.070000000002114,764.56000000016013,SSSW,model_assisted_not_ground_truth,0,0,0,0,0,0,0,0,0,0,0
9.09,231.00000000000961,180.00000000001918,156.00000000000318,240,180.00000000001279,101.00000000000639,192.99999999998721,257.00000000000961,16.360000000000817,786.54999999997528,SSSW,model_assisted_not_ground_truth,0,0,0,0,0,0,0,0,0,0,0
9.10,231.9999999999977,174.00000000001387,155.0000000000023,242.99999999999307,184.99999999998846,100.0000000000023,195.99999999999307,256.00000000000233,16.460000000000274,783.52999999990925,SSSW,model_assisted_not_ground_truth,0,0,0,0,0,0,0,0,0,0,0
9.11,233.99999999999716,163.00000000001563,155.99999999999858,239.00000000000568,186.99999999999716,102.99999999999574,197.99999999999716,249.00000000000995,16.490000000000496,773.51999999984048,SSSW,model_assisted_not_ground_truth,0,0,0,0,0,0,0,0,0,0,0
9.12,231.00000000000108,156.0000000000025,155.00000000000034,238.00000000000034,185.00000000000071,106.99999999999858,198.99999999999966,241.00000000000284,16.540000000000109,757.48999999993941,SSSW,model_assisted_not_ground_truth,0,0,0,0,0,0,0,0,0,0,0
9.13,227.99999999999574,150.99999999999892,152.99999999999679,237.99999999999679,179.99999999999628,99.999999999989868,199.99999999999892,235.99999999998934,16.550000000000061,751.98499999996579,SSSW,model_assisted_not_ground_truth,0,0,0,0,0,0,0,0,0,0,0
9.14,219.99999999997016,148.99999999999005,146.99999999997584,231.99999999999289,172.9999999999801,80.999999999984368,197.99999999998437,215.9999999999531,16.560000000000112,746.47999999998581,SSSW,model_assisted_not_ground_truth,0,0,0,0,0,0,0,0,0,0,0
9.15,198.99999999996075,141.99999999996535,129.99999999995842,226.99999999996075,158.99999999996999,69.999999999988447,186.99999999993071,182.99999999989839,16.640000000000139,736.44999999992615,SSSW,model_assisted_not_ground_truth,0,0,0,0,0,0,0,0,0,0,0
9.16,181.99999999996163,126.99999999993285,111.99999999990088,209.99999999993284,145.99999999995524,64.999999999942446,156.9999999999776,138.99999999981455,16.700000000001182,704.4299999999007,SSSW,model_assisted_not_ground_truth,0,0,0,0,0,0,0,0,0,0,0
9.17,169.99999999994279,105.99999999994688,80.99999999993463,188.99999999992238,131.99999999997141,47,149.99999999993463,80.999999999910116,17.070000000000288,673.38999999999169,SSSW,model_assisted_not_ground_truth,0,0,0,0,0,0,0,0,0,0,0
9.18,155.99999999996021,92.999999999950262,64.999999999915445,169.99999999992042,124.9999999999055,46.999999999995026,133.99999999982592,58.999999999920419,17.14000000000005,671.36000000000001,SSSW,model_assisted_not_ground_truth,0,0,0,0,0,0,0,0,0,0,0
9.19,147.99999999987102,82.999999999970683,47.999999999994138,153.99999999991206,105.99999999985931,45.999999999988276,98.99999999988276,42.999999999976552,17.149999999999881,671.35999999996488,SSSW,model_assisted_not_ground_truth,0,0,0,0,0,0,0,0,0,0,0
9.20,125.99999999988223,77.999999999903011,46.999999999979217,138.99999999990303,81.999999999792166,43.999999999958433,78.999999999840668,38.999999999771383,17.12999999999986,665.3599999999584,SSSW,model_assisted_not_ground_truth,0,0,0,0,0,0,0,0,0,0,0
9.21,109.0000000000604,64.000000000049738,44.000000000010658,125.00000000004974,52.000000000106581,38.000000000021316,56.000000000081712,6.0000000001172396,17.109999999998124,659.35999999956232,SSSW,model_assisted_not_ground_truth,0,0,0,0,0,0,0,0,0,0,0
9.22,89.000000000053291,49.000000000039968,41.000000000007994,138.99999999996271,47.000000000013323,38,46.000000000026645,1.0000000000133227,16.869999999990426,603.35999999938247,SSSW,model_assisted_not_ground_truth,0,0,0,0,0,0,0,0,0,0,0
9.23,85.000000000007105,45.000000000007105,41,127.00000000002132,46.000000000001776,37.000000000001776,37.000000000015987,1,15.769999999994052,532.4099999992427,SSSW,model_assisted_not_ground_truth,0,0,0,0,0,0,0,0,0,0,0
9.24,83.000000000001776,33.000000000010658,40.000000000000888,117.00000000000888,45.000000000000888,34.000000000002665,34.000000000002665,8.8817841970012523e-13,15.14999999999235,453.46999999943523,SSSW,model_assisted_not_ground_truth,0,0,0,0,0,0,0,0,0,0,0
9.25,81,24,41,109,48,33,33,0,14.42,399.57999999999998,SSSW,model_assisted_not_ground_truth,0,0,0,0,0,0,0,0,0,0,0
9.26,77.999999999991118,24.000000000000888,40.000000000000888,77.999999999990223,47.999999999998224,34.000000000002665,32,0,14.109999999999964,369.58999999999867,SSSW,model_assisted_not_ground_truth,0,0,0,0,0,0,0,0,0,0,0
9.27,67.999999999992895,25.000000000001776,41.000000000007105,66.999999999991118,46.000000000001776,37.000000000001776,32,0,14.069999999999929,368.09999999999735,SSSW,model_assisted_not_ground_truth,0,0,0,0,0,0,0,0,0,0,0
9.28,64,25.999999999997335,44.999999999986677,61.999999999997335,47,37.999999999997335,31.999999999997335,0,14.030000000000079,366.61000000000803,SSSW,model_assisted_not_ground_truth,0,0,0,0,0,0,0,0,0,0,0
9.29,64,25.000000000011191,40,61.000000000022382,47.00000000000373,37.00000000000373,31.00000000000373,0,14.059999999999963,369.61000000000746,SSSW,model_assisted_not_ground_truth,0,0,0,0,0,0,0,0,0,0,0
9.30,63.999999999939959,28.000000000009237,40.000000000004619,67.000000000013856,47.999999999995381,38,31.999999999995381,0,14.050000000000047,371.60999999999075,SSSW,model_assisted_not_ground_truth,0,0,0,0,0,0,0,0,0,0,0
9.31,51.000000000005507,29.999999999972466,41,69.999999999988987,47.000000000005507,38,31.000000000005507,0,14.05999999999989,369.599999999989,SSSW,model_assisted_not_ground_truth,0,0,0,0,0,0,0,0,0,0,0
9.32,51.99999999998721,25,41.00000000002558,68,47.99999999997442,38,31.99999999998721,0,14.040000000000127,367.5999999999936,SSSW,model_assisted_not_ground_truth,0,0,0,0,0,0,0,0,0,0,0
9.33,50.000000000007283,25.000000000007283,44.999999999992717,68.000000000036408,43.999999999992717,37.999999999992717,30.000000000007283,1.4566126082929704e-11,14.060000000000073,366.6000000000073,SSSW,model_assisted_not_ground_truth,0,0,0,0,0,0,0,0,0,0,0
9.34,50.999999999996803,25.999999999996803,44.000000000003197,72.999999999984013,43.000000000003197,37.000000000003197,30.999999999996803,1.9999999999936051,14.069999999999919,367.59999999999184,SSSW,model_assisted_not_ground_truth,0,0,0,0,0,0,0,0,0,0,0
9.35,51.999999999997691,26.999999999997691,44,73.999999999997698,43,37.999999999997691,31.999999999997691,9.9999999999815259,14.05999999999991,366.59999999999098,SSSW,model_assisted_not_ground_truth,0,0,0,0,0,0,0,0,0,0,0
9.36,50.000000000002842,27.999999999998579,44.999999999998579,72.000000000002842,43,37.000000000001421,27.000000000007105,20.999999999984368,14.0500000000001,365.6000000000198,SSSW,model_assisted_not_ground_truth,0,0,0,0,0,0,0,0,0,0,0
9.37,50.999999999999645,27.000000000000355,44.000000000000355,67.000000000001776,43.999999999999645,37,27,18.000000000001066,14.060000000000441,367.590000000011,SSSW,model_assisted_not_ground_truth,0,0,0,0,0,0,0,0,0,0,0
9.38,47.999999999998401,25,40.999999999998934,70,44.999999999999467,37.999999999999467,26,23.000000000004263,14.099999999999989,368.59000000000049,SSSW,model_assisted_not_ground_truth,0,0,0,0,0,0,0,0,0,0,0
9.39,44.999999999998579,24.999999999997158,39.000000000001421,69.999999999995737,44.000000000001421,37,26.000000000002842,31.00000000001279,14.079999999999986,369.59000000000282,SSSW,model_assisted_not_ground_truth,0,0,0,0,0,0,0,0,0,0,0
9.40,44,23.000000000004619,39.999999999993072,66.999999999997684,44.999999999997691,37,27.999999999974598,40.000000000006928,14.069999999999977,371.59999999999769,SSSW,model_assisted_not_ground_truth,0,0,0,0,0,0,0,0,0,0,0
9.41,44,25,37.000000000003197,66.000000000003197,44,37,16.999999999996803,43.00000000001279,14.060000000000064,370.59999999999684,SSSW,model_assisted_not_ground_truth,0,0,0,0,0,0,0,0,0,0,0
9.42,43.999999999995914,24.999999999991829,37.999999999995914,66.999999999987736,44,37,16,47.000000000004086,14.080000000000041,369.59999999999593,SSSW,model_assisted_not_ground_truth,0,0,0,0,0,0,0,0,0,0,0
9.43,43,22.999999999990052,36.999999999995026,64.000000000009948,44.000000000004974,37,15.999999999995026,47.999999999945288,14.09000000000005,368.59999999999502,SSSW,model_assisted_not_ground_truth,0,0,0,0,0,0,0,0,0,0,0
9.44,43,21,35.999999999994138,65.999999999964828,45,37.000000000005862,14.99999999991207,36.999999999947242,14.100000000000058,367.60000000000588,SSSW,model_assisted_not_ground_truth,0,0,0,0,0,0,0,0,0,0,0
9.45,43,20.999999999993072,35.000000000020783,60,45,38,0,28.000000000006928,14.10999999999993,368.59999999999309,SSSW,model_assisted_not_ground_truth,0,0,0,0,0,0,0,0,0,0,0
9.46,43,20.000000000003553,37.999999999989342,60,45,38,0,28.999999999996447,14.100000000000078,367.60000000000787,SSSW,model_assisted_not_ground_truth,0,0,0,0,0,0,0,0,0,0,0
9.47,43,21.999999999994671,38,63.999999999989342,44.000000000002665,38,0,23.000000000015987,14.110000000000174,368.60000000004356,SSSW,model_assisted_not_ground_truth,0,0,0,0,0,0,0,0,0,0,0
9.48,43,18.000000000007105,38,63.000000000001776,44.999999999998224,38,0,25.999999999994671,14.130000000000097,373.59999999998081,SSSW,model_assisted_not_ground_truth,0,0,0,0,0,0,0,0,0,0,0
9.49,42.000000000000888,18.999999999999112,38.999999999999112,61.000000000001776,47.999999999997335,38.999999999999112,0,25.000000000000888,14.140000000000049,371.59499999999036,SSSW,model_assisted_not_ground_truth,0,0,0,0,0,0,0,0,0,0,0
9.50,43,22,37,63,46,38,0,24,14.15,369.58999999999997,SSSW,model_assisted_not_ground_truth,0,0,0,0,0,0,0,0,0,0,0
9.51,40.999999999996447,20.999999999996447,37,62.999999999999112,46.000000000000888,40,0,24,14.129999999999965,370.59000000000265,SSSW,model_assisted_not_ground_truth,0,0,0,0,0,0,0,0,0,0,0
9.52,36.999999999998224,16.999999999996447,36.999999999998224,62,46.999999999998224,40,0,23.999999999992895,14.090000000000071,373.60000000000178,SSSW,model_assisted_not_ground_truth,0,0,0,0,0,0,0,0,0,0,0
9.53,35.999999999997335,15.000000000015987,36,61.999999999994671,46,39.999999999994671,0,20.000000000013323,14.130000000000027,374.58999999999202,SSSW,model_assisted_not_ground_truth,0,0,0,0,0,0,0,0,0,0,0
9.54,35.000000000011191,20.999999999988809,35.99999999999627,59.999999999988809,46.00000000000373,38,0,25.00000000000373,14.140000000000001,371.60000000000372,SSSW,model_assisted_not_ground_truth,0,0,0,0,0,0,0,0,0,0,0
9.55,38,18.000000000013856,34.999999999995381,57.000000000004619,47.000000000004619,38,0,25.999999999976907,14.140000000000093,372.58999999999537,SSSW,model_assisted_not_ground_truth,0,0,0,0,0,0,0,0,0,0,0
9.56,37.999999999994493,21,34,58.000000000022027,48,37.999999999994493,0,20.999999999994493,14.159999999999945,371.590000000011,SSSW,model_assisted_not_ground_truth,0,0,0,0,0,0,0,0,0,0,0
9.57,36.999999999980815,20.999999999993605,34,62.00000000001279,48.000000000006395,36.99999999997442,9.5923269327700767e-11,20.000000000070344,14.149999999999936,373.59000000001276,SSSW,model_assisted_not_ground_truth,0,0,0,0,0,0,0,0,0,0,0
9.58,34.000000000036415,20.000000000021849,34.000000000021849,63.999999999985434,48.999999999992717,32.999999999992717,14.999999999992717,31.000000000036415,14.140000000000146,375.58999999999992,SSSW,model_assisted_not_ground_truth,0,0,0,0,0,0,0,0,0,0,0
9.59,38.999999999984013,22.999999999990408,36.999999999990408,62.000000000006395,48.000000000003197,32.000000000003197,14.000000000003197,35.999999999984013,14.160000000000164,375.57999999998361,SSSW,model_assisted_not_ground_truth,0,0,0,0,0,0,0,0,0,0,0
9.60,38.000000000002309,23,38.999999999995381,65.999999999990763,48,7.3896444519050419e-11,21.999999999981526,46.999999999974598,14.18000000000009,373.58000000000902,SSSW,model_assisted_not_ground_truth,0,0,0,0,0,0,0,0,0,0,0
9.61,38,23.999999999998579,37.000000000002842,69.999999999994316,48.999999999998579,0,25.999999999994316,77.999999999955946,14.189999999999701,374.5800000000001,SSSW,model_assisted_not_ground_truth,0,0,0,0,0,0,0,0,0,0,0
9.62,38.999999999999645,22.000000000000711,37.999999999999645,73.999999999998579,52.999999999998579,0,26.999999999999645,97.999999999992895,14.160000000000661,374.59000000003289,SSSW,model_assisted_not_ground_truth,0,0,0,0,0,0,0,0,0,0,0
9.63,39,27.00000000000373,39.000000000000533,89.000000000006395,55.000000000004796,0,28.000000000000533,124.00000000001653,14.219999999999979,377.57999999999998,SSSW,model_assisted_not_ground_truth,0,0,0,0,0,0,0,0,0,0,0
9.64,39,34.000000000005684,40.000000000002842,101.00000000000853,63.999999999982947,0,29,155.00000000000995,14.180000000000035,377.58000000000141,SSSW,model_assisted_not_ground_truth,0,0,0,0,0,0,0,0,0,0,0
9.65,39.000000000002309,38.000000000009237,41.999999999997691,107.00000000001847,51.999999999990763,7.3896444519117628e-11,28.999999999997691,161.99999999999537,14.205000000000059,378.58000000000231,SSSW,model_assisted_not_ground_truth,0,0,0,0,0,0,0,0,0,0,0
9.66,39.999999999996803,41.99999999998721,41.000000000006395,115.00000000000639,47.999999999996803,32,28,160.00000000000961,14.229999999999905,379.5799999999968,SSSW,model_assisted_not_ground_truth,0,0,0,0,0,0,0,0,0,0,0
9.67,39,38.000000000036771,43.000000000004086,117.00000000000409,47.000000000012257,32.000000000020428,28.000000000008171,163.00000000005312,14.199999999999632,378.589999999996,SSSW,model_assisted_not_ground_truth,0,0,0,0,0,0,0,0,0,0,0
9.68,39.000000000009948,47.00000000010445,44.000000000004974,118,50.000000000059686,37,30.000000000109424,176.00000000007958,14.109999999996319,377.62000000007043,SSSW,model_assisted_not_ground_truth,0,0,0,0,0,0,0,0,0,0,0
9.69,41.000000000005862,68.000000000111385,45.000000000011724,118.00000000002932,62.000000000169997,37.000000000005862,52.000000000152411,192.0000000000293,13.369999999983351,391.78000000070011,SSSW,model_assisted_not_ground_truth,0,0,0,0,0,0,0,0,0,0,0
9.70,42.000000000055422,87.000000000131621,47.000000000013856,123.00000000009699,91.000000000256321,37.999999999993072,78.000000000457234,197.00000000018704,10.529999999983996,511.22000000175603,SSSW,model_assisted_not_ground_truth,0,0,0,0,0,0,0,0,0,0,0
9.71,49.999999999971578,105.9999999999325,48.999999999992895,136.99999999995026,127.99999999986855,37.000000000003553,143.99999999976552,223.99999999990408,8.2199999999949984,764.69000000076824,SSSW,model_assisted_not_ground_truth,0,0,0,0,0,0,0,0,0,0,0
9.72,90.999999999890747,138.99999999991206,59.99999999997069,165.99999999992272,166.99999999989609,40.999999999989342,195.99999999986144,260.99999999990143,7.5800000000000001,862.97999999999126,SSSW,model_assisted_not_ground_truth,0,0,0,0,0,0,0,0,0,0,0
9.73,112.99999999996092,151.99999999997692,83.999999999957367,190.99999999995561,206.99999999992895,43.999999999994671,216.99999999996271,281.99999999996271,7.5800000000000001,861.97499999999036,SSSW,model_assisted_not_ground_truth,0,0,0,0,0,0,0,0,0,0,0
9.74,129.99999999998491,156.99999999999557,104.99999999998136,215.9999999999778,230.99999999997868,47.999999999996447,221.99999999999557,297.99999999998579,7.5800000000010481,860.96999999990499,SSSW,model_assisted_not_ground_truth,0,0,0,0,0,0,0,0,0,0,0
9.75,128,164,129,231,251,57,223,287,7.6799999999999997,851.89999999999998,SSSW,model_assisted_not_ground_truth,0,0,0,0,0,0,0,0,0,0,0
9.76,140,174.00000000000267,136.00000000000088,237.0000000000089,254.00000000000179,70.000000000007105,220.99999999998045,250.99999999995825,7.8800000000001509,843.82999999998844,SSSW,model_assisted_not_ground_truth,0,0,0,0,0,0,0,0,0,0,0
9.77,139.99999999997158,176.99999999999466,136.99999999997689,246.99999999999289,255.99999999999821,78.000000000014211,198.99999999996979,203.99999999999466,8.0500000000003737,830.82000000005871,SSSW,model_assisted_not_ground_truth,0,0,0,0,0,0,0,0,0,0,0
9.78,123.99999999997335,174.00000000001333,123.99999999998667,243.00000000000799,255.00000000000534,86.000000000010658,182.00000000001864,201.00000000001333,8.2600000000003728,863.84000000008007,SSSW,model_assisted_not_ground_truth,0,0,0,0,0,0,0,0,0,0,0
9.79,113.99999999999254,178.99999999998136,119.00000000004476,245.99999999995896,257.00000000000375,90.000000000003737,189.00000000002612,206.00000000000372,8.4000000000002242,893.88000000003922,SSSW,model_assisted_not_ground_truth,0,0,0,0,0,0,0,0,0,0,0
9.80,112.00000000002309,173.99999999997229,131.00000000002771,234.99999999998153,258.00000000000927,91.000000000013856,196.00000000001847,207.00000000002311,8.460000000000278,904.40000000004852,SSSW,model_assisted_not_ground_truth,0,0,0,0,0,0,0,0,0,0,0
9.81,117.00000000003855,168,137.00000000002203,231.00000000000551,260,94.000000000016527,200.00000000003305,212.00000000006057,8.5200000000009908,914.92000000014332,SSSW,model_assisted_not_ground_truth,0,0,0,0,0,0,0,0,0,0,0
9.82,124.00000000003837,167.99999999999361,141.00000000002558,232.00000000005755,260,96.999999999980815,206.00000000002558,223.00000000005116,8.7000000000004469,940.96000000021741,SSSW,model_assisted_not_ground_truth,0,0,0,0,0,0,0,0,0,0,0
9.83,130.00000000000728,167,145.00000000000728,241.00000000001455,260,94.000000000014566,210,231.00000000005099,8.7700000000008735,974.95000000003643,SSSW,model_assisted_not_ground_truth,0,0,0,0,0,0,0,0,0,0,0
9.84,130.99999999999682,167,145.99999999999682,242.99999999999361,260,95.999999999993605,210,237.9999999999776,8.8900000000016348,979.93999999991013,SSSW,model_assisted_not_ground_truth,0,0,0,0,0,0,0,0,0,0,0
9.85,122.00000000002078,167,149.99999999999076,244.9999999999954,260.99999999999767,94.000000000004619,205.00000000001154,235.00000000000693,9.0900000000021741,968.92999999997255,SSSW,model_assisted_not_ground_truth,0,0,0,0,0,0,0,0,0,0,0
9.86,107.00000000002132,161.00000000000853,148.00000000000284,241.00000000000568,258.00000000000426,89.000000000007105,197.00000000001137,232.00000000000426,9.3300000000017409,965.91000000000952,SLT,model_assisted_not_ground_truth,0,0,0,0,0,0,0,0,0,0,0
9.87,95.000000000004263,157.00000000000142,143.00000000000176,239.00000000000071,248.00000000000355,78.000000000003908,180.00000000000603,221.00000000000392,9.5050000000009334,966.86500000000513,SLT,model_assisted_not_ground_truth,0,0,0,0,0,0,0,0,0,0,0
9.88,82.999999999998934,155.99999999999892,131.99999999999147,234.99999999999361,239.99999999999841,75.999999999997868,158.99999999998988,213.99999999999733,9.6800000000001969,967.8199999999888,SLT,model_assisted_not_ground_truth,0,0,0,0,0,0,0,0,0,0,0
9.89,80.999999999982947,153.99999999998721,115.99999999999574,222.99999999998295,236.99999999999005,71.999999999992895,139.99999999998437,208.99999999999289,10.050000000000612,946.72999999998706,SLT,model_assisted_not_ground_truth,0,0,0,0,0,0,0,0,0,0,0
9.90,68.999999999997684,144.99999999996305,112.99999999998383,210.99999999997459,229.99999999998613,66.999999999981526,128.99999999997229,203.99999999997922,10.480000000000832,937.63999999993973,SLT,model_assisted_not_ground_truth,0,0,0,0,0,0,0,0,0,0,0
9.91,67.999999999948841,128.99999999998082,105.99999999993605,199.9999999999776,223.99999999998721,58.999999999993605,116.99999999994564,194.99999999995524,10.840000000001183,911.54999999992299,SLT,model_assisted_not_ground_truth,0,0,0,0,0,0,0,0,0,0,0
9.92,51.999999999987743,122.99999999997549,85.999999999987736,192.99999999993463,219.99999999998366,56.999999999987743,99.999999999926459,180.99999999997547,11.210000000001186,887.46999999982404,SLT,model_assisted_not_ground_truth,0,0,0,0,0,0,0,0,0,0,0
9.93,48.999999999980105,116.99999999994529,82.999999999990052,176.99999999996518,215.9999999999801,53.999999999995026,81.999999999915445,174.99999999999005,11.500000000001741,844.39999999976601,SLT,model_assisted_not_ground_truth,0,0,0,0,0,0,0,0,0,0,0
9.94,44.999999999988276,105.99999999998241,80.999999999982407,170,211.99999999997655,53.000000000005862,64.999999999935511,172.9999999999238,11.850000000000909,797.34999999992954,SLT,model_assisted_not_ground_truth,0,0,0,0,0,0,0,0,0,0,0
9.95,43.000000000006928,103,77.999999999979224,169.99999999999307,207.99999999999307,53.999999999965361,53.999999999930722,159.99999999996535,12.005000000001074,785.33499999991682,SLT,model_assisted_not_ground_truth,0,0,0,0,0,0,0,0,0,0,0
9.96,43.999999999996447,103,75.000000000010658,169.00000000000355,207.00000000000355,49.000000000017764,44.000000000035527,155.00000000001776,12.160000000002736,773.31999999983532,SLT,model_assisted_not_ground_truth,0,0,0,0,0,0,0,0,0,0,0
9.97,43.000000000002665,100.00000000000799,72.000000000007987,164.00000000001333,204.00000000000799,51.999999999992006,38.000000000015987,155,12.510000000002437,752.24999999979048,SLT,model_assisted_not_ground_truth,0,0,0,0,0,0,0,0,0,0,0
9.98,43.999999999998224,96.000000000007105,70.000000000003553,157.00000000001245,200.00000000000711,49.000000000005329,37.000000000001776,168.99999999997513,12.790000000003165,728.17999999975973,SLT,model_assisted_not_ground_truth,0,0,0,0,0,0,0,0,0,0,0
9.99,46.999999999997335,92.000000000003553,68.000000000001776,148.00000000000799,192.00000000000711,48.000000000000888,36.000000000000888,166.00000000000267,13.120000000005135,703.13999999950704,SLT,model_assisted_not_ground_truth,0,0,0,0,0,0,0,0,0,0,0
10.00,48,93,62,156,185,45,35,163,13.609999999999999,656.11000000000001,SLT,model_assisted_not_ground_truth,0,0,0,0,0,0,0,0,0,0,0
10.01,49.000000000000888,88.999999999994671,56.999999999997335,158.00000000000179,173.99999999999821,44.999999999998224,35,163.99999999999912,13.730000000000095,672.06999999998982,SLT,model_assisted_not_ground_truth,0,0,0,0,0,0,0,0,0,0,0
10.02,50.000000000001776,82.999999999989342,53.999999999998224,160,171.99999999998934,43.000000000001776,34.999999999998224,163.00000000000179,13.835000000000186,660.54999999997949,SLT,model_assisted_not_ground_truth,0,0,0,0,0,0,0,0,0,0,0
10.03,51,77.000000000002672,52.999999999994671,160.00000000000534,165.99999999998934,43.999999999997335,34,163.99999999997334,13.940000000000506,649.0299999999919,SLT,model_assisted_not_ground_truth,0,0,0,0,0,0,0,0,0,0,0
10.04,51.000000000059686,78.000000000003737,51,162.00000000002984,161.9999999999888,43.00000000000373,33.999999999992539,154.00000000001864,14.130000000000672,645.9899999999551,SLT,model_assisted_not_ground_truth,0,0,0,0,0,0,0,0,0,0,0
10.05,67.000000000018474,79.000000000004619,50.999999999995381,169.99999999996766,158.99999999999537,43.999999999995381,32,158.99999999999076,14.31000000000134,633.94999999993513,SLT,model_assisted_not_ground_truth,0,0,0,0,0,0,0,0,0,0,0
10.06,71.000000000049567,80.00000000006608,50.000000000005507,162.99999999998349,157.99999999995595,43.000000000011013,32.00000000001652,157.00000000007159,14.600000000000716,619.90000000002181,SLT,model_assisted_not_ground_truth,0,0,0,0,0,0,0,0,0,0,0
10.07,80.000000000070344,92.000000000019185,51.00000000002558,159.99999999998082,149.99999999998721,45.00000000001279,35.000000000019185,170.00000000004476,14.730000000001024,623.86000000003821,SLT,model_assisted_not_ground_truth,0,0,0,0,0,0,0,0,0,0,0
10.08,91.00000000004006,95.000000000021842,55.000000000021849,156.99999999997087,147.99999999998178,47,38.000000000007283,177.00000000001091,14.890000000001457,629.8300000000504,SLT,model_assisted_not_ground_truth,0,0,0,0,0,0,0,0,0,0,0
10.09,96.500000000013671,98.000000000007461,58.000000000007461,152.99999999999005,145.49999999999378,47,39.000000000002487,178.50000000000372,15.090000000000368,636.75000000004081,SLT,model_assisted_not_ground_truth,0,0,0,0,0,0,0,0,0,0,0
10.10,101.9999999999873,100.99999999999307,60.999999999993072,149.00000000000924,143.00000000000577,47,39.999999999997691,179.99999999999653,15.135000000000407,641.74000000004526,SLT,model_assisted_not_ground_truth,0,0,0,0,0,0,0,0,0,0,0
10.11,138.99999999994742,117.99999999997584,70.999999999985789,153.99999999999289,129.0000000000199,52.999999999991473,51.999999999982947,197.99999999997442,15.180000000001492,646.73000000036791,SLT,model_assisted_not_ground_truth,0,0,0,0,0,0,0,0,0,0,0
10.12,160.99999999999218,124.99999999999751,75.999999999998224,151.00000000000108,140.99999999999574,54.999999999999289,60.999999999996803,207.99999999999645,15.330000000001432,683.7100000001758,SLT,model_assisted_not_ground_truth,0,0,0,0,0,0,0,0,0,0,0
10.13,168.00000000000267,135.00000000000585,84.000000000006395,160.00000000000853,139.00000000000159,70.000000000002132,78.000000000008527,216.00000000000426,15.460000000000054,699.67000000000576,SLT,model_assisted_not_ground_truth,0,0,0,0,0,0,0,0,0,0,0
10.14,173.00000000002416,146.00000000001421,96.000000000014211,176.00000000002274,142.00000000002984,74.000000000005684,94.000000000014211,224.00000000001421,15.560000000000228,710.65000000002556,SLT,model_assisted_not_ground_truth,0,0,0,0,0,0,0,0,0,0,0
10.15,190.00000000003925,156.00000000002541,106.00000000001847,192.00000000001617,163.00000000000463,78.000000000025409,104.0000000000485,234.00000000003001,15.720000000000185,728.62000000002536,SLT,model_assisted_not_ground_truth,0,0,0,0,0,0,0,0,0,0,0
10.16,207.00000000000321,167.00000000001279,114.00000000004476,199.00000000003197,165.00000000004476,88.99999999998721,125.00000000001918,247.0000000000224,15.800000000000161,739.60000000002401,SLT,model_assisted_not_ground_truth,0,0,0,0,0,0,0,0,0,0,0
10.17,208.00000000000819,171.00000000004087,128.00000000003268,209.00000000002044,178.99999999996322,85.000000000020435,131.00000000006537,254.00000000002044,15.850000000000204,747.09000000003061,SLT,model_assisted_not_ground_truth,0,0,0,0,0,0,0,0,0,0,0
10.18,210.00000000003979,181.00000000002984,136.00000000003482,214.00000000002984,170.00000000001492,90.000000000029843,147.00000000008953,259.0000000000249,15.900000000000398,754.58000000003983,SLT,model_assisted_not_ground_truth,0,0,0,0,0,0,0,0,0,0,0
10.19,218.00000000003519,187.0000000000293,143.0000000000469,220.00000000003519,173.00000000004104,95.999999999982407,165.00000000002345,264,15.980000000000235,762.57000000000585,SLT,model_assisted_not_ground_truth,0,0,0,0,0,0,0,0,0,0,0
10.20,224.00000000003465,192.00000000000693,151.00000000002771,226.00000000001384,180.00000000000693,93.000000000048487,169.00000000004155,264,16.020000000000486,763.55999999990979,SLT,model_assisted_not_ground_truth,0,0,0,0,0,0,0,0,0,0,0
10.21,228.99999999998224,192.99999999999645,154.99999999998579,227.99999999999289,180.99999999999645,99.999999999975131,174.99999999997868,264,16.090000000000312,750.54999999997642,SLT,model_assisted_not_ground_truth,0,0,0,0,0,0,0,0,0,0,0
10.22,229,187.00000000001597,154.00000000000267,230.99999999999201,181,104.99999999998667,179.99999999998667,263.00000000000267,16.130000000000088,747.53999999990413,SLT,model_assisted_not_ground_truth,0,0,0,0,0,0,0,0,0,0,0
10.23,228.00000000000176,176.00000000001955,153.00000000000176,229.00000000000355,183.99999999999466,104.00000000000178,189.99999999998224,258.00000000000887,16.140000000000096,736.52999999998553,SLT,model_assisted_not_ground_truth,0,0,0,0,0,0,0,0,0,0,0
10.24,228.99999999999912,173.00000000000267,154.99999999999824,228.00000000000088,184.99999999999912,106.99999999999733,194.99999999999557,249.00000000000799,16.150000000000048,735.01999999999271,SLT,model_assisted_not_ground_truth,0,0,0,0,0,0,0,0,0,0,0
10.25,228,166,155,227,185,104,198,241,16.16,733.50999999999999,SLT,model_assisted_not_ground_truth,0,0,0,0,0,0,0,0,0,0,0
10.26,224.99999999999733,156.99999999999733,154.99999999999733,226.00000000000179,183.99999999999557,103.00000000000267,198.99999999999378,226.99999999999022,16.46999999999997,724.48999999998136,SLT,model_assisted_not_ground_truth,0,0,0,0,0,0,0,0,0,0,0
10.27,221.99999999997158,153.99999999998579,151.999999999984,227.9999999999911,178.99999999998224,105.99999999995559,191.99999999998579,215.99999999995558,16.440000000000161,703.47999999999467,SLT,model_assisted_not_ground_truth,0,0,0,0,0,0,0,0,0,0,0
10.28,205.99999999995202,145.99999999997334,142.99999999993872,222.9999999999547,168.99999999996268,80.999999999954696,183.99999999995202,190.99999999991741,16.530000000000054,700.44999999997867,SLT,model_assisted_not_ground_truth,0,0,0,0,0,0,0,0,0,0,0
10.29,187.99999999995151,135.99999999994404,119.99999999991793,205.99999999991792,154.99999999994404,63.999999999977618,165.99999999995896,159.9999999998023,16.550000000000075,692.42999999992151,SLT,model_assisted_not_ground_truth,0,0,0,0,0,0,0,0,0,0,0
10.30,174.99999999994458,120.9999999999492,97.999999999879918,183.99999999994458,139.99999999995381,57.999999999953815,154.9999999999261,106.99999999990301,16.570000000000693,671.39999999991221,SLT,model_assisted_not_ground_truth,0,0,0,0,0,0,0,0,0,0,0
10.31,162.99999999994492,109.99999999994493,71.999999999895365,171.99999999991189,129.99999999996695,48,138.99999999995043,85.999999999955946,16.720000000000827,652.38999999989528,SLT,model_assisted_not_ground_truth,0,0,0,0,0,0,0,0,0,0,0
10.32,152.99999999992326,99.999999999942446,52.999999999955236,155.99999999994245,123.9999999998721,47.99999999997442,129.99999999985292,77.99999999997442,16.870000000000065,633.37999999990393,SLT,model_assisted_not_ground_truth,0,0,0,0,0,0,0,0,0,0,0
10.33,140.99999999991624,90.999999999952664,46.000000000003638,146.99999999994901,103.9999999999126,43.999999999985434,106.99999999987983,73.999999999821569,16.879999999997885,618.35999999983983,SLT,model_assisted_not_ground_truth,0,0,0,0,0,0,0,0,0,0,0
10.34,129.49999999997141,84.499999999983828,46.500000000001243,139.99999999998261,91.999999999970157,41.999999999995026,90.499999999958959,49.499999999939071,16.589999999999101,596.35999999971398,SLT,model_assisted_not_ground_truth,0,0,0,0,0,0,0,0,0,0,0
10.35,118.00000000002656,78.000000000015007,46.999999999998849,133.00000000001617,80.000000000027711,40.000000000004619,74.000000000038114,25.000000000056581,16.47999999999384,561.35999999974683,SLT,model_assisted_not_ground_truth,0,0,0,0,0,0,0,0,0,0,0
10.36,83.000000000049738,49.000000000041211,43.000000000005684,130.00000000000426,44.000000000051159,38.000000000002842,46.00000000003979,5.0000000000284217,15.799999999995723,533.40999999937355,SLT,model_assisted_not_ground_truth,0,0,0,0,0,0,0,0,0,0,0
10.37,80.000000000001066,35.000000000004974,42.000000000000355,126.00000000000142,45.999999999999289,35.000000000001066,38.000000000002842,1.7763568394002505e-12,15.369999999996695,470.43999999970305,SLT,model_assisted_not_ground_truth,0,0,0,0,0,0,0,0,0,0,0
10.38,78.999999999998934,27.999999999998401,42.999999999998934,119.99999999999307,44.000000000001066,34.999999999999467,35.999999999999467,0,15.069999999998135,443.47499999983233,SLT,model_assisted_not_ground_truth,0,0,0,0,0,0,0,0,0,0,0
10.39,76.999999999991473,25,41.000000000002842,106.9999999999531,46.000000000002842,34.000000000005684,34.999999999997158,0,14.769999999999531,416.50999999996168,SLT,model_assisted_not_ground_truth,0,0,0,0,0,0,0,0,0,0,0
10.40,71,24.999999999997691,43.000000000002309,73.99999999997921,48.000000000002309,38,33.000000000002309,0,14.439999999999676,389.54999999995147,SLT,model_assisted_not_ground_truth,0,0,0,0,0,0,0,0,0,0,0
10.41,70.999999999990408,24.000000000003197,43.999999999996803,65.000000000015987,49,38,34,0,14.299999999999937,368.5400000000032,SLT,model_assisted_not_ground_truth,0,0,0,0,0,0,0,0,0,0,0
10.42,67.999999999987736,24.999999999995914,42.999999999987743,69.999999999942801,48.999999999991829,37.999999999995914,33.999999999987743,0,14.279999999999836,369.53999999999593,SLT,model_assisted_not_ground_truth,0,0,0,0,0,0,0,0,0,0,0
10.43,64.999999999925393,24,40,56.000000000014921,47.000000000004974,37,31,0,14.240000000000547,368.53999999999985,SLT,model_assisted_not_ground_truth,0,0,0,0,0,0,0,0,0,0,0
10.44,49.999999999988276,23.999999999994138,40.000000000005862,59.000000000023448,48.000000000011724,37.000000000005862,31.000000000005862,0,14.349999999999707,368.5100000000059,SLT,model_assisted_not_ground_truth,0,0,0,0,0,0,0,0,0,0,0
10.45,47.999999999993072,22.999999999993072,40.999999999993072,63.000000000048495,49.999999999993072,37.999999999993072,31.999999999979217,0,14.299999999999827,369.5199999999931,SLT,model_assisted_not_ground_truth,0,0,0,0,0,0,0,0,0,0,0
10.46,47.000000000003553,22.000000000003553,40.000000000003553,69.999999999975131,49.000000000003553,37.000000000003553,29.000000000010658,0,14.274999999999805,368.52499999999219,SLT,model_assisted_not_ground_truth,0,0,0,0,0,0,0,0,0,0,0
10.47,46.000000000002665,24.999999999992006,43.999999999989342,68.000000000005329,45.000000000010658,38.999999999994671,27.000000000005329,0,14.250000000000087,367.53000000000867,SLT,model_assisted_not_ground_truth,0,0,0,0,0,0,0,0,0,0,0
10.48,43.000000000005329,25.999999999998224,44,68.999999999998224,43.000000000003553,37.000000000003553,27.999999999998224,0,14.259999999999904,368.52999999999037,SLT,model_assisted_not_ground_truth,0,0,0,0,0,0,0,0,0,0,0
10.49,43.999999999999112,20.000000000005329,45.999999999998224,69.999999999999119,43,37,28,10.99999999999023,14.250000000000524,367.529999999979,SLT,model_assisted_not_ground_truth,0,0,0,0,0,0,0,0,0,0,0
10.50,45,26,45,70,44,37,26,16,14.300000000000001,365.52999999999997,SLT,model_assisted_not_ground_truth,0,0,0,0,0,0,0,0,0,0,0
10.51,44.999999999999112,21.000000000001776,41.000000000001776,65.999999999999105,44.000000000000888,37,26.000000000000888,10.000000000010658,14.259999999999964,365.52999999999906,SLT,model_assisted_not_ground_truth,0,0,0,0,0,0,0,0,0,0,0
10.52,44,23,42.999999999992895,65.000000000005329,44.999999999998224,37,26.999999999996447,21.999999999994671,14.220000000000072,364.53000000000708,SLT,model_assisted_not_ground_truth,0,0,0,0,0,0,0,0,0,0,0
10.53,44,22.999999999994671,38.999999999994671,68,44.000000000002665,37,25,19.000000000015987,14.260000000000026,368.53000000000264,SLT,model_assisted_not_ground_truth,0,0,0,0,0,0,0,0,0,0,0
10.54,43.99999999999627,21.000000000007461,37.000000000007461,67.999999999988802,44.99999999999627,37.00000000000373,24.999999999973888,25.000000000085798,14.270000000000037,369.53000000000372,SLT,model_assisted_not_ground_truth,0,0,0,0,0,0,0,0,0,0,0
10.55,43,23.000000000004619,38.999999999995381,64.999999999990763,44.000000000004619,38.000000000004619,17.999999999995381,48.000000000004619,14.279999999999999,370.53000000000458,SLT,model_assisted_not_ground_truth,0,0,0,0,0,0,0,0,0,0,0
10.56,43,23.999999999988987,38,63,44.999999999994493,38.999999999994493,16.999999999994493,48.99999999996696,14.279999999999999,371.52999999999997,SLT,model_assisted_not_ground_truth,0,0,0,0,0,0,0,0,0,0,0
10.57,43,22,37.999999999993605,63.00000000001279,44.000000000006395,38,16,42.99999999998721,14.279999999999999,371.52999999999355,SLT,model_assisted_not_ground_truth,0,0,0,0,0,0,0,0,0,0,0
10.58,43,22.000000000007283,36.999999999985434,65.000000000029132,45,38,15.999999999883471,40.999999999970868,14.279999999999999,370.53000000000725,SLT,model_assisted_not_ground_truth,0,0,0,0,0,0,0,0,0,0,0
10.59,43,22.999999999996803,35.000000000006395,68.99999999998721,45,38,5.1159076974727213e-11,37.00000000001279,14.280000000000163,371.53000000000816,SLT,model_assisted_not_ground_truth,0,0,0,0,0,0,0,0,0,0,0
10.60,43,23.999999999997691,35,64.000000000011539,45,38,0,38.999999999995381,14.300000000000001,372.53000000000452,SLT,model_assisted_not_ground_truth,0,0,0,0,0,0,0,0,0,0,0
10.61,43,24.999999999998579,34.000000000001421,55.00000000001279,45,38,0,35.000000000005684,14.300000000000001,373.03000000000497,SLT,model_assisted_not_ground_truth,0,0,0,0,0,0,0,0,0,0,0
10.62,43,23.000000000000711,37.999999999998579,57.999999999998934,45,38,0,35.999999999999645,14.300000000000441,373.53000000001089,SLT,model_assisted_not_ground_truth,0,0,0,0,0,0,0,0,0,0,0
10.63,42,19.000000000002132,37.000000000000533,60.999999999996803,45,38.000000000000533,0,42.99999999999627,14.339999999999989,374.5199999999989,SLT,model_assisted_not_ground_truth,0,0,0,0,0,0,0,0,0,0,0
10.64,42,23,37.999999999998579,54.999999999994316,45,38.999999999998579,0,36.000000000009948,14.319999999999958,372.52999999999997,SLT,model_assisted_not_ground_truth,0,0,0,0,0,0,0,0,0,0,0
10.65,41.999999999988454,22.999999999983835,37,50.99999999996998,45.000000000002309,38,0,42.999999999990763,14.290000000000022,372.5300000000023,SLT,model_assisted_not_ground_truth,0,0,0,0,0,0,0,0,0,0,0
10.66,36.999999999993605,16,37,38.000000000003197,46,37.999999999996803,0,39.000000000003197,14.300000000000033,373.53000000000316,SLT,model_assisted_not_ground_truth,0,0,0,0,0,0,0,0,0,0,0
10.67,35,16.000000000024514,36.999999999987743,39.000000000036771,46.000000000004086,36.999999999995914,0,40.000000000012257,14.310000000000063,374.52999999999997,SLT,model_assisted_not_ground_truth,0,0,0,0,0,0,0,0,0,0,0
10.68,34.999999999995026,21.999999999970157,33.999999999995026,48.000000000004974,47.000000000004974,36,0,42.999999999985079,14.325000000000074,374.52999999999997,SLT,model_assisted_not_ground_truth,0,0,0,0,0,0,0,0,0,0,0
10.69,34.000000000017586,16.000000000011724,33,49.000000000041034,47.999999999976552,35.999999999982414,0,40,14.339999999999883,374.52999999998821,SLT,model_assisted_not_ground_truth,0,0,0,0,0,0,0,0,0,0,0
10.70,37.000000000006928,17.999999999986144,32.999999999993072,56.000000000020783,44,33,0,39.999999999930722,14.32,372.5199999999931,SLT,model_assisted_not_ground_truth,0,0,0,0,0,0,0,0,0,0,0
10.71,37.999999999996447,16.000000000007105,32.000000000003553,58.999999999989342,44,33,0,30.000000000035527,14.319999999999844,371.53000000000787,SLT,model_assisted_not_ground_truth,0,0,0,0,0,0,0,0,0,0,0
10.72,32.000000000015987,22.999999999981348,37.999999999984013,59.999999999997335,43.000000000002665,33.999999999997335,13.999999999962697,36.999999999981348,14.299999999999914,372.54000000000883,SLT,model_assisted_not_ground_truth,0,0,0,0,0,0,0,0,0,0,0
10.73,36.999999999991118,23.999999999998224,38,59.000000000001776,43.999999999998224,32.000000000003553,14.999999999998224,40.999999999992895,14.289999999999903,373.5499999999904,SLT,model_assisted_not_ground_truth,0,0,0,0,0,0,0,0,0,0,0
10.74,32.000000000004441,24,38.999999999999112,59.999999999999112,44.999999999999112,2.8421709430404007e-11,25.99999999999023,84.99999999996092,14.279999999999843,372.55000000000007,SLT,model_assisted_not_ground_truth,0,0,0,0,0,0,0,0,0,0,0
10.75,32,26,39,63,45,0,26,121,14.264999999999915,372.55500000000006,SLT,model_assisted_not_ground_truth,0,0,0,0,0,0,0,0,0,0,0
10.76,39.999999999998224,37.000000000003553,39.999999999998224,65.000000000005329,47,2.7533531010728924e-11,26.000000000000888,143.00000000000622,14.249999999999991,372.56000000000176,SLT,model_assisted_not_ground_truth,0,0,0,0,0,0,0,0,0,0,0
10.77,38.000000000005329,41.000000000010658,38.000000000003553,71.000000000014211,47.000000000001776,31.000000000001776,27,150.00000000000179,14.240000000000054,374.56000000000176,SLT,model_assisted_not_ground_truth,0,0,0,0,0,0,0,0,0,0,0
10.78,40.999999999994671,47.000000000034639,40.000000000005329,79.000000000021316,48,32.000000000013323,27,150.99999999999201,14.269999999999946,375.55000000000001,SLT,model_assisted_not_ground_truth,0,0,0,0,0,0,0,0,0,0,0
10.79,39.000000000011191,60.000000000026112,42.000000000011191,87.000000000044764,48.000000000018652,37,26.99999999999627,148.00000000004849,14.249999999999478,375.56000000001501,SLT,model_assisted_not_ground_truth,0,0,0,0,0,0,0,0,0,0,0
10.80,42.000000000004619,67.000000000050804,45.000000000004619,99.000000000041567,53.000000000087752,37.000000000018474,26.000000000009237,161.00000000007853,14.109999999996166,379.58000000006098,SLT,model_assisted_not_ground_truth,0,0,0,0,0,0,0,0,0,0,0
10.81,43,78.000000000077094,46.000000000005507,108.00000000011565,72.000000000104635,41,28.000000000154188,178.00000000011565,13.279999999985957,392.79000000065173,SLT,model_assisted_not_ground_truth,0,0,0,0,0,0,0,0,0,0,0
10.82,43.000000000038369,92.000000000115108,47.00000000002558,129.00000000016627,91.000000000172662,41.000000000019185,56.000000000319744,199.00000000006395,10.729999999993861,511.14000000060537,SLT,model_assisted_not_ground_truth,0,0,0,0,0,0,0,0,0,0,0
10.83,49.000000000101963,110.00000000007283,51.000000000116529,155.00000000010195,118.00000000026947,44.000000000007283,106.00000000026219,209.00000000019665,9.7699999999930078,605.80500000068946,SLT,model_assisted_not_ground_truth,0,0,0,0,0,0,0,0,0,0,0
10.84,62.999999999955236,119.99999999996803,66.999999999948841,168.99999999995524,154.99999999988171,44.999999999996803,141.99999999988489,235.99999999991365,8.8099999999947709,700.4700000007698,SLT,model_assisted_not_ground_truth,0,0,0,0,0,0,0,0,0,0,0
10.85,96.999999999921485,138.99999999995612,79.999999999969987,175.99999999998383,174.99999999995381,45.999999999997691,161.99999999995381,255.99999999995381,8.169999999999547,794.67000000014514,SLT,model_assisted_not_ground_truth,0,0,0,0,0,0,0,0,0,0,0
10.86,99.999999999995737,147.99999999998721,90.999999999984368,186.99999999998437,190.99999999997726,46,172.99999999998437,268.99999999998153,8.1200000000011929,810.6900000002189,SLT,model_assisted_not_ground_truth,0,0,0,0,0,0,0,0,0,0,0
10.87,102.99999999999893,148,108.99999999999361,203.99999999999397,201.99999999999608,46,173,265.00000000000142,8.2400000000022029,832.69000000017616,SLT,model_assisted_not_ground_truth,0,0,0,0,0,0,0,0,0,0,0
10.88,113.99999999999893,148.00000000000159,135.0000000000048,214.00000000000747,208.00000000000321,47.000000000001066,171,250.99999999997814,8.4400000000002287,848.67999999999677,SLT,model_assisted_not_ground_truth,0,0,0,0,0,0,0,0,0,0,0
10.89,111.99999999998295,151,143.99999999997158,228.00000000000142,213.99999999999716,49.000000000002842,170.99999999998721,209.99999999997158,8.8700000000005961,842.66000000007671,SLT,model_assisted_not_ground_truth,0,0,0,0,0,0,0,0,0,0,0
10.90,99.999999999965354,151.0000000000023,123.99999999998845,228.99999999998613,211.9999999999977,51.000000000006928,161.99999999997459,189.99999999998846,9.2900000000003224,896.65000000006228,SLT,model_assisted_not_ground_truth,0,0,0,0,0,0,0,0,0,0,0
10.91,84.99999999998721,151.99999999999679,119,222.99999999997121,210.99999999999679,54.000000000015987,150.999999999984,185,9.4300000000004474,923.64500000008627,SLT,model_assisted_not_ground_truth,0,0,0,0,0,0,0,0,0,0,0
10.92,81.000000000004093,150.99999999997547,119.00000000000409,213.99999999998775,210.00000000000819,58.999999999991829,146,185,9.5700000000010625,950.64000000005717,SLT,model_assisted_not_ground_truth,0,0,0,0,0,0,0,0,0,0,0
10.93,82.000000000004974,144.99999999997513,120,211.00000000000497,212.00000000001492,57.000000000009948,146.00000000000995,185.0000000000199,9.8300000000014425,964.63000000007446,SLT,model_assisted_not_ground_truth,0,0,0,0,0,0,0,0,0,0,0
10.94,83.000000000023448,140,119.99999999999413,212.0000000000293,215.00000000003519,59.000000000005862,148.00000000001174,189.00000000008208,10.120000000001289,979.60000000002913,SLT,model_assisted_not_ground_truth,0,0,0,0,0,0,0,0,0,0,0
10.95,87.000000000048487,140,119.00000000004157,217,221.00000000001384,59.999999999993072,150.00000000000693,203.0000000000762,10.340000000002286,984.5700000001732,SLT,model_assisted_not_ground_truth,0,0,0,0,0,0,0,0,0,0,0
10.96,93.999999999975131,140,124.99999999997868,217,222.99999999999289,59.000000000003553,150.99999999999645,213.99999999996092,10.670000000001798,1009.5699999999293,SLT,model_assisted_not_ground_truth,0,0,0,0,0,0,0,0,0,0,0
10.97,94.999999999997328,138.00000000000534,128.99999999998934,219.99999999999201,225.99999999999201,59,147.00000000001066,214.99999999999733,10.900000000001176,1000.5299999999737,SSLW,model_assisted_not_ground_truth,0,0,0,0,0,0,0,0,0,0,0
10.98,88.000000000012434,137.00000000000176,126.00000000000533,225.99999999998934,224.00000000000355,57.000000000003553,136.00000000001955,211.00000000000711,11.035000000001295,997.51499999997111,SSLW,model_assisted_not_ground_truth,0,0,0,0,0,0,0,0,0,0,0
10.99,86.000000000001776,137,123.00000000000267,225.00000000000088,222.00000000000176,59.999999999997335,120.00000000001421,212.99999999999824,11.170000000002515,994.49999999993656,SSLW,model_assisted_not_ground_truth,0,0,0,0,0,0,0,0,0,0,0
11.00,81,135,118,223,217,55,98,212,11.41,988.45000000000005,SSLW,model_assisted_not_ground_truth,0,0,0,0,0,0,0,0,0,0,0
11.01,78.999999999997328,131.99999999999821,115,219.99999999999466,210.99999999999557,55,77.99999999998667,207.00000000000443,11.580000000000231,970.39999999997769,SSLW,model_assisted_not_ground_truth,0,0,0,0,0,0,0,0,0,0,0
11.02,75.999999999994671,129.99999999999466,114.99999999999112,213.99999999999645,205.99999999999645,54.999999999996447,62.999999999989342,211.99999999999289,11.840000000000533,945.3699999999377,SSLW,model_assisted_not_ground_truth,0,0,0,0,0,0,0,0,0,0,0
11.03,72.999999999994671,126.99999999998934,109.99999999994138,211.99999999999201,203.99999999998934,52.999999999994671,56.999999999986677,207.99999999999201,12.140000000000747,910.32999999991193,SSLW,model_assisted_not_ground_truth,0,0,0,0,0,0,0,0,0,0,0
11.04,71.000000000003737,123,87.999999999996263,208.99999999998508,199.9999999999888,50.999999999992539,51.999999999988809,204.99999999999253,12.42000000000041,877.27999999995882,SSLW,model_assisted_not_ground_truth,0,0,0,0,0,0,0,0,0,0,0
11.05,71.999999999995381,122.99999999998614,86.999999999995381,204.99999999997689,196.99999999998613,48.999999999990763,48.999999999963052,202.99999999999076,12.530000000000509,866.24499999994907,SSLW,model_assisted_not_ground_truth,0,0,0,0,0,0,0,0,0,0,0
11.06,70.999999999994486,119.99999999993392,85.999999999983473,199.99999999998349,193.99999999998897,47,40.999999999988987,201.00000000001651,12.640000000002093,855.20999999979597,SSLW,model_assisted_not_ground_truth,0,0,0,0,0,0,0,0,0,0,0
11.07,70.00000000002558,107.99999999996803,82.999999999993605,196.99999999996803,191.99999999998082,46.999999999993605,38.99999999998721,203.99999999998082,13.020000000001726,818.15999999972462,SSLW,model_assisted_not_ground_truth,0,0,0,0,0,0,0,0,0,0,0
11.08,73.999999999985434,102.99999999998543,81.999999999985434,191.99999999992718,188.99999999997087,46.000000000021849,36.999999999992717,200.99999999998545,13.290000000002111,775.09999999967931,SSLW,model_assisted_not_ground_truth,0,0,0,0,0,0,0,0,0,0,0
11.09,72.000000000006395,101.00000000000639,80.000000000006395,182.00000000003197,185.00000000001279,48.999999999990408,36.000000000003197,199.00000000000639,13.580000000004086,731.06999999989341,SSLW,model_assisted_not_ground_truth,0,0,0,0,0,0,0,0,0,0,0
11.10,72.999999999997698,101,78.000000000004619,177.00000000001154,182.00000000000693,47.000000000004619,33.000000000006928,204.99999999998613,14.080000000003171,718.01999999959185,SSLW,model_assisted_not_ground_truth,0,0,0,0,0,0,0,0,0,0,0
11.11,71.000000000002842,102.99999999999716,75.000000000004263,177.99999999999858,174.00000000001137,46.000000000001421,33,209.99999999999289,14.430000000001044,672.96999999993511,SSLW,model_assisted_not_ground_truth,0,0,0,0,0,0,0,0,0,0,0
11.12,70.000000000000355,100.00000000000107,71.000000000001421,176.00000000000071,166.00000000000284,45.000000000000355,33,210.99999999999966,14.53500000000056,666.43999999996515,SSLW,model_assisted_not_ground_truth,0,0,0,0,0,0,0,0,0,0,0
11.13,71.99999999999946,93.99999999999946,68.999999999998934,178,160.99999999999628,45.999999999999467,32,209.00000000000213,14.640000000000123,659.91000000000042,SSLW,model_assisted_not_ground_truth,0,0,0,0,0,0,0,0,0,0,0
11.14,71.000000000002842,92.999999999991473,66.999999999991473,178.00000000000142,153.99999999999432,45.000000000001421,32,212.99999999999289,14.870000000000184,660.82000000000426,SSLW,model_assisted_not_ground_truth,0,0,0,0,0,0,0,0,0,0,0
11.15,73.000000000002316,87.000000000011553,60.999999999988454,179.00000000000463,149.99999999998846,46,32,207.99999999997922,15.000000000000277,663.80000000001144,SSLW,model_assisted_not_ground_truth,0,0,0,0,0,0,0,0,0,0,0
11.16,74,91.999999999961631,56.000000000003197,180.99999999997121,144.99999999999039,46,32,198.99999999998721,15.120000000000255,668.77000000002545,SSLW,model_assisted_not_ground_truth,0,0,0,0,0,0,0,0,0,0,0
11.17,74.000000000012264,80.000000000008171,56.999999999979572,171.99999999997956,141.99999999999591,45.999999999995914,32,194.99999999999591,15.200000000000285,676.74000000002854,SSLW,model_assisted_not_ground_truth,0,0,0,0,0,0,0,0,0,0,0
11.18,76.999999999980105,82.000000000024869,51.999999999985079,166.99999999996518,140.99999999999005,45.000000000004974,31.999999999985079,193.99999999997513,15.270000000000174,683.7300000000273,SSLW,model_assisted_not_ground_truth,0,0,0,0,0,0,0,0,0,0,0
11.19,73.000000000029317,87,49,160,138.99999999998241,46.000000000005862,29.000000000017586,189.00000000003519,15.305000000000206,689.2200000000322,SSLW,model_assisted_not_ground_truth,0,0,0,0,0,0,0,0,0,0,0
11.20,78.000000000013856,86.999999999986144,49.000000000041567,159.99999999995845,135.99999999997922,46.999999999993072,32,195.00000000002078,15.340000000000623,694.71000000008303,SSLW,model_assisted_not_ground_truth,0,0,0,0,0,0,0,0,0,0,0
11.21,79.999999999992895,85.000000000007105,54.999999999978684,154.00000000002132,133.00000000001066,46.000000000003553,32,197.99999999998934,15.430000000000234,706.69000000010158,SSLW,model_assisted_not_ground_truth,0,0,0,0,0,0,0,0,0,0,0
11.22,83.999999999989342,90.999999999984013,53.000000000005329,149.00000000001333,133.99999999999733,46,32,193.00000000001333,15.46000000000061,719.6800000001042,SSLW,model_assisted_not_ground_truth,0,0,0,0,0,0,0,0,0,0,0
11.23,97.999999999975131,91.999999999998224,54.999999999996447,149.99999999999824,126.00000000001421,46,32.999999999998224,208.99999999997158,15.530000000000095,731.66000000027782,SSLW,model_assisted_not_ground_truth,0,0,0,0,0,0,0,0,0,0,0
11.24,108.99999999999022,95.999999999996447,55.999999999999112,144.00000000000534,126.99999999999912,46.999999999999112,33.999999999999112,209.99999999999912,15.540000000000733,760.63000000008367,SSLW,model_assisted_not_ground_truth,0,0,0,0,0,0,0,0,0,0,0
11.25,129,106,63,141,126,47,38,214,15.609999999999999,768.61000000000001,SSLW,model_assisted_not_ground_truth,0,0,0,0,0,0,0,0,0,0,0
11.26,149.00000000000534,114.00000000001066,66.000000000002672,145.00000000000267,123.00000000000888,47.000000000008882,44.000000000007105,222.00000000000622,15.650000000000032,776.60000000000218,SSLW,model_assisted_not_ground_truth,0,0,0,0,0,0,0,0,0,0,0
11.27,155.00000000002132,126.00000000002487,69.000000000005329,148.0000000000089,133.00000000000711,56.999999999998224,52.000000000007105,229.00000000000534,15.685000000000063,779.08500000000447,SSLW,model_assisted_not_ground_truth,0,0,0,0,0,0,0,0,0,0,0
11.28,167.00000000004263,140.00000000001066,72.000000000008001,153.00000000001333,137,56.000000000023981,56.000000000042633,232.000000000016,15.720000000000081,781.57000000000005,SSLW,model_assisted_not_ground_truth,0,0,0,0,0,0,0,0,0,0,0
11.29,182.99999999999253,144.00000000001864,75.000000000074607,158.00000000005969,137.0000000000112,65.00000000002612,72.000000000078344,238.0000000000224,15.750000000000149,781.55999999997005,SSLW,model_assisted_not_ground_truth,0,0,0,0,0,0,0,0,0,0,0
11.30,181.00000000004619,149.00000000002771,95.000000000023093,174.00000000005082,140.00000000000924,72.000000000041567,93.000000000046185,244.00000000001387,15.790000000000184,773.55000000002303,SSLW,model_assisted_not_ground_truth,0,0,0,0,0,0,0,0,0,0,0
11.31,190.99999999998897,155.00000000004405,100.00000000002203,185.00000000008259,142.00000000006057,80.999999999983473,103.00000000003304,247.00000000001651,15.830000000000165,778.54000000003293,SSLW,model_assisted_not_ground_truth,0,0,0,0,0,0,0,0,0,0,0
11.32,189,163.00000000001918,104.00000000001918,200.00000000003197,153.00000000001918,78.000000000019185,109.00000000001918,250.00000000001918,15.860000000000255,784.53000000002555,SSLW,model_assisted_not_ground_truth,0,0,0,0,0,0,0,0,0,0,0
11.33,189.00000000010925,166.00000000004368,107.0000000000437,205.00000000004368,156.00000000002913,81,112.00000000008011,253.00000000005826,15.900000000000583,788.52999999986878,SSLW,model_assisted_not_ground_truth,0,0,0,0,0,0,0,0,0,0,0
11.34,203.99999999995202,171.99999999998082,112.99999999998082,210.99999999998082,159.99999999998721,81,122.99999999996483,260.99999999997442,15.980000000000123,770.52000000001215,SSLW,model_assisted_not_ground_truth,0,0,0,0,0,0,0,0,0,0,0
11.35,211.99999999998153,175.99999999999076,116.99999999999076,212.9999999999954,166.99999999998383,82.999999999995381,130.99999999998153,261.99999999999767,15.995000000000136,772.01500000001352,SSLW,model_assisted_not_ground_truth,0,0,0,0,0,0,0,0,0,0,0
11.36,212,180.99999999999289,117,215.99999999999574,167.99999999999858,87.999999999992895,130.00000000000142,262.99999999999858,16.0100000000003,773.51000000001,SSLW,model_assisted_not_ground_truth,0,0,0,0,0,0,0,0,0,0,0
11.37,212,182.99999999999929,117.99999999999964,216.99999999999966,171.99999999999858,88.999999999999645,133.99999999999858,263.99999999999966,16.040000000000109,774.50999999995599,SSLW,model_assisted_not_ground_truth,0,0,0,0,0,0,0,0,0,0,0
11.38,212.00000000000054,184.99999999999892,118.99999999999946,219,174.00000000000213,88.999999999997868,134.00000000000108,262,16.050000000000029,770.50999999999942,SSLW,model_assisted_not_ground_truth,0,0,0,0,0,0,0,0,0,0,0
11.39,212.99999999999716,182.99999999999005,117.99999999999858,219,178.00000000000426,85.000000000007105,136.00000000000284,262.00000000000142,16.10000000000003,769.49999999999,SSLW,model_assisted_not_ground_truth,0,0,0,0,0,0,0,0,0,0,0
11.40,211.0000000000023,175.99999999999076,116.99999999999076,219.00000000000693,181.0000000000023,89.999999999993065,137.99999999999537,262.99999999999767,16.120000000000026,762.48999999995385,SSLW,model_assisted_not_ground_truth,0,0,0,0,0,0,0,0,0,0,0
11.41,211.99999999997442,171.99999999998082,112.99999999998721,221.99999999999361,182,86.999999999993605,135.99999999998721,261.99999999999682,16.130000000000017,742.47999999998558,SSLW,model_assisted_not_ground_truth,0,0,0,0,0,0,0,0,0,0,0
11.42,203.99999999998366,165.99999999995913,108.99999999998366,219.99999999997547,181.99999999996732,84.999999999987736,132.00000000000819,260.99999999996322,16.135000000000019,737.97499999998161,SSLW,model_assisted_not_ground_truth,0,0,0,0,0,0,0,0,0,0,0
11.43,199.99999999993534,155.99999999991545,104.99999999996021,213.99999999996518,173.99999999995524,81.999999999880629,133.99999999992539,251.99999999993037,16.14000000000005,733.46999999991044,SSLW,model_assisted_not_ground_truth,0,0,0,0,0,0,0,0,0,0,0
11.44,186.99999999994725,138.9999999999707,96.999999999900339,206.99999999998241,164.99999999994137,57.999999999964828,118.99999999994724,237.99999999999415,16.149999999999999,715.45999999992966,SSLW,model_assisted_not_ground_truth,0,0,0,0,0,0,0,0,0,0,0
11.45,177.9999999999238,133.99999999999307,79.999999999986144,203.99999999996535,154.99999999995845,51.999999999972289,109.99999999990995,236.99999999993764,16.149999999999928,703.44999999981985,SSLW,model_assisted_not_ground_truth,0,0,0,0,0,0,0,0,0,0,0
11.46,167.00000000003908,133.00000000000355,78.000000000007105,199.00000000001776,149.00000000002132,48.000000000014211,97.000000000046185,228.00000000003197,16.140000000000001,677.43999999987489,SSLW,model_assisted_not_ground_truth,0,0,0,0,0,0,0,0,0,0,0
11.47,160.00000000001864,113.00000000005329,75.000000000007987,185.00000000003729,140.00000000002399,48,87.000000000026645,215.00000000003465,16.140000000000089,661.41999999972995,SSLW,model_assisted_not_ground_truth,0,0,0,0,0,0,0,0,0,0,0
11.48,144.00000000002842,106.00000000001243,73.000000000003553,169.00000000002842,123.0000000000302,48,69.000000000031974,193.00000000003908,16.149999999999807,630.39999999991358,SSLW,model_assisted_not_ground_truth,0,0,0,0,0,0,0,0,0,0,0
11.49,125.00000000001688,97.000000000007987,48.000000000022204,150.00000000001688,99.000000000021316,46.000000000001776,53.000000000014211,160.0000000000293,16.129999999999903,621.39499999995678,SSLW,model_assisted_not_ground_truth,0,0,0,0,0,0,0,0,0,0,0
11.50,100,88,47,135,63,45,46,124,16.109999999999999,612.38999999999999,SSLW,model_assisted_not_ground_truth,0,0,0,0,0,0,0,0,0,0,0
11.51,87.999999999992895,69.999999999984894,44.999999999996447,127.99999999999555,52.999999999998224,39,37.999999999995559,82.999999999949367,16.409999999999698,577.39000000001067,SSLW,model_assisted_not_ground_truth,0,0,0,0,0,0,0,0,0,0,0
11.52,79.999999999982236,52.999999999987566,41.000000000005329,123.00000000002132,51.000000000003553,38.999999999991118,32.999999999994671,25.999999999992895,16.069999999999521,589.37999999990768,SSLW,model_assisted_not_ground_truth,0,0,0,0,0,0,0,0,0,0,0
11.53,69.999999999997328,45.999999999973355,43.999999999997335,134.99999999999466,53,34.000000000005329,30,21.99999999997069,15.799999999999281,537.39999999990675,SSLW,model_assisted_not_ground_truth,0,0,0,0,0,0,0,0,0,0,0
11.54,69.000000000003737,35.999999999981348,43.00000000000373,132.99999999998136,53.00000000000373,35.999999999988809,30,10.999999999973888,15.52999999999847,502.42999999981737,SSLW,model_assisted_not_ground_truth,0,0,0,0,0,0,0,0,0,0,0
11.55,70,30.999999999981526,44.000000000004619,127.99999999993534,54.000000000096989,33.000000000004619,29.999999999995381,3.9999999999861444,15.119999999999237,453.46999999992391,SSLW,model_assisted_not_ground_truth,0,0,0,0,0,0,0,0,0,0,0
11.56,70,27,44.999999999994493,113.99999999988987,75.000000000060581,34,28.999999999994493,1,14.954999999999091,436.99499999990928,SSLW,model_assisted_not_ground_truth,0,0,0,0,0,0,0,0,0,0,0
11.57,70.000000000006395,27.000000000006395,44,93.999999999916866,86.000000000172662,34.000000000006395,28.000000000006395,1,14.789999999998017,420.51999999983394,SSLW,model_assisted_not_ground_truth,0,0,0,0,0,0,0,0,0,0,0
11.58,71,27.999999999992717,44,81.000000000021842,113.00000000010196,35.000000000014566,28.999999999992717,0.99999999999271694,14.479999999998544,394.55999999988353,SSLW,model_assisted_not_ground_truth,0,0,0,0,0,0,0,0,0,0,0
11.59,71,27.000000000003197,44,83.999999999990408,126.99999999995524,36.999999999993605,28.000000000003197,3.1974423109204508e-12,14.279999999999591,378.56999999993462,SSLW,model_assisted_not_ground_truth,0,0,0,0,0,0,0,0,0,0,0
11.60,69.000000000004619,27,44,124.99999999990533,138.99999999997229,37.999999999997691,28.999999999997691,10.999999999974598,14.23,370.57000000004535,SSLW,model_assisted_not_ground_truth,0,0,0,0,0,0,0,0,0,0,0
11.61,69.999999999998579,25.000000000002842,44,125,134.00000000000711,38,29,9.0000000000028422,14.23,375.57999999999998,SSLW,model_assisted_not_ground_truth,0,0,0,0,0,0,0,0,0,0,0
11.62,66.000000000001421,27.999999999998934,44,102.00000000000817,131.00000000000108,38,29,9.9999999999996447,14.229999999999835,375.57999999998344,SSLW,model_assisted_not_ground_truth,0,0,0,0,0,0,0,0,0,0,0
11.63,51.999999999999467,29.999999999999467,43.999999999998401,93.999999999989342,124.99999999999147,37.000000000000533,30,9.0000000000010658,14.214999999999907,374.07999999999066,SSLW,model_assisted_not_ground_truth,0,0,0,0,0,0,0,0,0,0,0
11.64,50.999999999997158,28.999999999998579,41,73.999999999970157,108.99999999999005,37.999999999998579,30,11.000000000002842,14.200000000000028,372.58000000000283,SSLW,model_assisted_not_ground_truth,0,0,0,0,0,0,0,0,0,0,0
11.65,49,27.999999999997691,40.999999999997691,53.000000000009237,101.99999999998153,37,29.999999999997691,13.000000000009237,14.219999999999954,374.57999999999538,SSLW,model_assisted_not_ground_truth,0,0,0,0,0,0,0,0,0,0,0
11.66,48.999999999993605,26.999999999993605,40.000000000006395,57.000000000015987,93.999999999971223,37,29,17.000000000063949,14.199999999999871,372.5799999999968,SSLW,model_assisted_not_ground_truth,0,0,0,0,0,0,0,0,0,0,0
11.67,47,24.999999999995914,41.999999999991829,62.000000000012257,84.999999999910116,37,29,37.000000000036771,14.160000000000245,371.59000000001629,SSLW,model_assisted_not_ground_truth,0,0,0,0,0,0,0,0,0,0,0
11.68,47.000000000009948,23.999999999990052,40,64.999999999995026,62.99999999996021,37,28.999999999995026,46.000000000069633,14.219999999999951,375.57999999999004,SSLW,model_assisted_not_ground_truth,0,0,0,0,0,0,0,0,0,0,0
11.69,49,21.999999999994138,40,64.000000000005869,54.999999999994138,37,28,60.000000000111378,14.209999999999971,373.57999999999703,SSLW,model_assisted_not_ground_truth,0,0,0,0,0,0,0,0,0,0,0
11.70,48.999999999993072,21.000000000006928,40,64.999999999993079,54,37,27.999999999993072,79.000000000083134,14.204999999999966,373.07999999999652,SSLW,model_assisted_not_ground_truth,0,0,0,0,0,0,0,0,0,0,0
11.71,48.000000000003553,21.999999999996447,40,64.000000000003553,54,37,27.000000000003553,90.999999999957367,14.199999999999843,372.58000000000783,SSLW,model_assisted_not_ground_truth,0,0,0,0,0,0,0,0,0,0,0
11.72,48.999999999997335,19.000000000007994,40.999999999997335,66.999999999992013,53.000000000002665,37,27,97.999999999981355,14.180000000000435,373.58000000001738,SSLW,model_assisted_not_ground_truth,0,0,0,0,0,0,0,0,0,0,0
11.73,48.000000000001776,22.999999999992895,41.999999999998224,65.000000000003553,53.999999999998224,37,27,114.9999999999698,14.229999999999329,375.57999999997122,SSLW,model_assisted_not_ground_truth,0,0,0,0,0,0,0,0,0,0,0
11.74,48,23.999999999999112,42,70.999999999994671,53.000000000000888,37,27,115.99999999999912,14.160000000000105,372.58000000001044,SSLW,model_assisted_not_ground_truth,0,0,0,0,0,0,0,0,0,0,0
11.75,45,22,42,77,54,37,17,115,14.17,373.57999999999998,SSLW,model_assisted_not_ground_truth,0,0,0,0,0,0,0,0,0,0,0
11.76,44,19.000000000006217,42,72.999999999987566,53,37,15.000000000000888,118.9999999999991,14.200000000000017,372.58000000000175,SSLW,model_assisted_not_ground_truth,0,0,0,0,0,0,0,0,0,0,0
11.77,44,25.999999999985789,42,59,53.000000000001776,37.000000000001776,16,117.99999999999822,14.219999999999983,374.57999999999822,SSLW,model_assisted_not_ground_truth,0,0,0,0,0,0,0,0,0,0,0
11.78,44,18.000000000018652,41.999999999997335,58.999999999986677,53.999999999997335,37.999999999997335,15.999999999992006,116.99999999998934,14.210000000000001,373.57999999999998,SSLW,model_assisted_not_ground_truth,0,0,0,0,0,0,0,0,0,0,0
11.79,44,25,41.00000000000373,54.000000000014921,53.00000000000373,37.00000000000373,12.999999999951505,112.99999999998508,14.210000000000001,373.57999999999998,SSLW,model_assisted_not_ground_truth,0,0,0,0,0,0,0,0,0,0,0
11.80,43.999999999995381,24.999999999990763,42,58.000000000055422,53.999999999995381,37.999999999995381,0,108.99999999998614,14.210000000000001,373.57999999999998,SSLW,model_assisted_not_ground_truth,0,0,0,0,0,0,0,0,0,0,0
11.81,43.000000000005507,22.999999999972466,42,70.000000000005514,52.999999999972466,37,0,106.00000000000551,14.210000000000001,373.57999999999998,SSLW,model_assisted_not_ground_truth,0,0,0,0,0,0,0,0,0,0,0
11.82,43.999999999993605,17.99999999997442,41.99999999998721,70.99999999997442,48.000000000006395,37,0,106.99999999996803,14.210000000000001,373.57999999999998,SSLW,model_assisted_not_ground_truth,0,0,0,0,0,0,0,0,0,0,0
11.83,43,14.000000000029132,40.000000000007283,67.000000000014566,48.999999999992717,37,0,101.9999999999126,14.210000000000147,373.58000000001454,SSLW,model_assisted_not_ground_truth,0,0,0,0,0,0,0,0,0,0,0
11.84,43,17.99999999998721,40.999999999996803,68.999999999993605,48.000000000003197,37,0,90.000000000038369,14.229999999999837,375.5799999999918,SSLW,model_assisted_not_ground_truth,0,0,0,0,0,0,0,0,0,0,0
11.85,43,19.999999999995381,38.000000000006928,50.000000000043876,48.999999999997691,37.999999999997691,0,85.000000000011539,14.210000000000047,374.57999999999998,SSLW,model_assisted_not_ground_truth,0,0,0,0,0,0,0,0,0,0,0
11.86,43,19.000000000001421,38.999999999998579,51.999999999997158,48.000000000001421,38,0,75.000000000014211,14.21500000000005,374.57999999999998,SSLW,model_assisted_not_ground_truth,0,0,0,0,0,0,0,0,0,0,0
11.87,38.000000000001776,17.000000000000711,38.000000000000355,49.000000000001066,48,38,0,73.000000000000711,14.220000000000001,374.57999999999998,SSLW,model_assisted_not_ground_truth,0,0,0,0,0,0,0,0,0,0,0
11.88,37.999999999998934,20.999999999998934,39,48.999999999999467,47.999999999998934,38,0,63.999999999998934,14.220000000000006,374.5800000000005,SSLW,model_assisted_not_ground_truth,0,0,0,0,0,0,0,0,0,0,0
11.89,36.000000000001421,18.999999999997158,38.999999999998579,48.000000000002842,45.999999999998579,38,0,61.999999999995737,14.229999999999958,375.57999999999998,SSLW,model_assisted_not_ground_truth,0,0,0,0,0,0,0,0,0,0,0
11.90,37,17.000000000011546,38,49.999999999995381,45,38,0,59.000000000002309,14.199999999999999,375.59000000000225,SSLW,model_assisted_not_ground_truth,0,0,0,0,0,0,0,0,0,0,0
11.91,36.999999999996803,21.99999999998721,37.999999999993605,48,44.999999999996803,37.99999999998721,0,59.999999999958433,14.200000000000063,376.57999999999356,SSLW,model_assisted_not_ground_truth,0,0,0,0,0,0,0,0,0,0,0
11.92,36,18.000000000016342,36,48.000000000012257,44,34,0,46.999999999979572,14.219999999999979,374.57999999999794,SSLW,model_assisted_not_ground_truth,0,0,0,0,0,0,0,0,0,0,0
11.93,36,22,36.000000000014921,51,44.000000000009948,34,0,42.000000000004974,14.214999999999975,374.07999999999748,SSLW,model_assisted_not_ground_truth,0,0,0,0,0,0,0,0,0,0,0
11.94,35.999999999994138,22.000000000035172,38.999999999988276,51.000000000017586,46.000000000011724,33.999999999994138,8.2067685980366212e-11,43.000000000076206,14.210000000000001,373.57999999999998,SSLW,model_assisted_not_ground_truth,0,0,0,0,0,0,0,0,0,0,0
11.95,35,27.999999999979217,37,54.000000000027711,48,32.999999999993072,14,56.000000000110845,14.209999999999862,373.58000000001385,SSLW,model_assisted_not_ground_truth,0,0,0,0,0,0,0,0,0,0,0
11.96,35,25.000000000010658,37,57.999999999985789,48,32.000000000003553,14,71.999999999943157,14.19,375.57999999999998,SSLW,model_assisted_not_ground_truth,0,0,0,0,0,0,0,0,0,0,0
11.97,35,22.000000000007994,37,60.999999999992006,48,32,15.999999999994671,79.999999999978684,14.189999999999825,375.57999999998259,SSLW,model_assisted_not_ground_truth,0,0,0,0,0,0,0,0,0,0,0
11.98,35,27.999999999989342,39.999999999994671,61,52.999999999991118,32.999999999998224,26.99999999998046,92.999999999976907,14.169999999998849,373.58000000001937,SSLW,model_assisted_not_ground_truth,0,0,0,0,0,0,0,0,0,0,0
11.99,35.999999999999112,36.999999999992006,39.000000000000888,67.999999999993776,62.999999999991118,37.999999999995559,27,105.99999999998846,14.049999999998638,375.60000000000559,SSLW,model_assisted_not_ground_truth,0,0,0,0,0,0,0,0,0,0,0
12.00,40,63,41,97,74,37,27,130,13.919999999999261,376.13000000000306,SSLW,model_assisted_not_ground_truth,0,0,0,0,0,0,0,0,0,0,0
12.01,40.500000000000441,68.000000000004434,42.000000000000888,99.000000000001776,77.000000000002672,38.500000000001336,27.500000000000444,142.00000000001066,13.789999999998836,376.66000000003214,SSLW,model_assisted_not_ground_truth,0,0,0,0,0,0,0,0,0,0,0
12.02,41,73.000000000031974,43.000000000003553,101.00000000001776,80.000000000028422,40.000000000001776,28.000000000007105,154.00000000003553,12.479999999997371,412.83000000014249,SSLW,model_assisted_not_ground_truth,0,0,0,0,0,0,0,0,0,0,0
12.03,41.000000000036948,91.000000000076739,45.000000000034106,111.00000000009379,96.000000000102318,41.000000000011369,32.000000000167688,174.00000000011653,10.999999999996902,493.04000000024774,SSLW,model_assisted_not_ground_truth,0,0,0,0,0,0,0,0,0,0,0
12.04,54.000000000014921,118.00000000006342,57.000000000067146,144.00000000009325,132.00000000010817,45.00000000000373,91.000000000141753,215.00000000006341,9.9099999999987318,580.20000000015693,SSLW,model_assisted_not_ground_truth,0,0,0,0,0,0,0,0,0,0,0
12.05,58.000000000138556,135.00000000006466,75.000000000036948,169.00000000003695,161.0000000000739,46.000000000004619,129.00000000003234,232.00000000008777,9.5699999999997694,622.27000000004625,SSLW,model_assisted_not_ground_truth,0,0,0,0,0,0,0,0,0,0,0
12.06,87.999999999994486,149.00000000002203,83.000000000044054,177.00000000004405,177.00000000001651,47,136.00000000003305,251.00000000006057,9.5200000000002198,632.28000000007717,SSLW,model_assisted_not_ground_truth,0,0,0,0,0,0,0,0,0,0,0
12.07,86.999999999980815,153.00000000002558,91.000000000063949,185.00000000008313,180.00000000006395,47,142.00000000005755,261.99999999994884,9.5599999999997767,646.29000000007375,SSLW,model_assisted_not_ground_truth,0,0,0,0,0,0,0,0,0,0,0
12.08,84.00000000004006,157.00000000001455,101.00000000002913,198.00000000002549,190.00000000003641,47.000000000007283,151.00000000000364,254.00000000001455,9.5249999999997463,657.82000000008395,SSLW,model_assisted_not_ground_truth,0,0,0,0,0,0,0,0,0,0,0
12.09,89.500000000013671,159.00000000000497,105.00000000000995,201.5000000000087,195.00000000001245,48.000000000002487,151.50000000000125,256.000000000005,9.4900000000002454,669.35000000018829,SSLW,model_assisted_not_ground_truth,0,0,0,0,0,0,0,0,0,0,0
12.10,94.999999999987295,160.9999999999954,108.99999999999076,204.99999999999193,199.99999999998846,48.999999999997691,151.99999999999883,257.9999999999954,9.519999999999909,692.39000000020837,SSLW,model_assisted_not_ground_truth,0,0,0,0,0,0,0,0,0,0,0
12.11,101.99999999999005,163.99999999999574,116.99999999998863,207.99999999999574,209.99999999998579,49,152.99999999999858,252.00000000000853,9.509999999999005,715.39000000022918,SSLW,model_assisted_not_ground_truth,0,0,0,0,0,0,0,0,0,0,0
12.12,93.000000000003197,166.99999999999892,119.99999999999893,199.00000000000318,219.99999999999645,58.999999999996447,153.99999999999966,223.00000000001029,9.4100000000007711,738.43000000070515,SSLW,model_assisted_not_ground_truth,0,0,0,0,0,0,0,0,0,0,0
12.13,95,165.99999999999892,117.99999999999946,197.00000000000108,225,68.00000000000054,148.99999999999946,214,9.4799999999999631,802.46000000001447,SSLW,model_assisted_not_ground_truth,0,0,0,0,0,0,0,0,0,0,0
12.14,95,164,117.00000000000426,199.00000000000142,224.99999999999858,68.999999999995737,148.00000000000284,213.99999999999716,9.409999999999858,829.50000000004695,SSLW,model_assisted_not_ground_truth,0,0,0,0,0,0,0,0,0,0,0
12.15,94.999999999997684,164,120.00000000000924,200,224,65.999999999995381,149.9999999999977,212.00000000000924,9.3100000000000467,862.53000000009479,SSLW,model_assisted_not_ground_truth,0,0,0,0,0,0,0,0,0,0,0
12.16,94.000000000019185,164,123.99999999999361,200.00000000002879,223.99999999999679,63.999999999993605,148.99999999998082,216.00000000000321,9.3299999999999681,903.58000000003528,SSLW,model_assisted_not_ground_truth,0,0,0,0,0,0,0,0,0,0,0
12.17,100.00000000000817,164.00000000000409,122.00000000001634,209.00000000004493,223.00000000000409,61.999999999979572,142.99999999998366,217.00000000001634,9.3199999999999594,914.60000000004504,SSLW,model_assisted_not_ground_truth,0,0,0,0,0,0,0,0,0,0,0
12.18,102.00000000000497,164.99999999999503,126.00000000000995,219.99999999999005,223.99999999999503,57.000000000029843,138.99999999999005,221.00000000005471,9.3100000000001497,925.62000000008459,SSLW,model_assisted_not_ground_truth,0,0,0,0,0,0,0,0,0,0,0
12.19,103,163.99999999999415,128,217.99999999999415,222.99999999998826,62.999999999964828,136.99999999996481,232.00000000001759,9.3400000000004102,942.62000000007606,SSLW,model_assisted_not_ground_truth,0,0,0,0,0,0,0,0,0,0,0
12.20,102.99999999997229,163,127.99999999999308,217.00000000001384,220.99999999998616,56.999999999993072,130.99999999991687,235.00000000002078,9.4100000000005544,955.6000000000414,SSLW,model_assisted_not_ground_truth,0,0,0,0,0,0,0,0,0,0,0
12.21,99.000000000014211,163,127.00000000000355,218.99999999999289,219.00000000000711,56.000000000003553,119.00000000004263,237.99999999998934,9.4900000000006255,961.57000000000767,SSLW,model_assisted_not_ground_truth,0,0,0,0,0,0,0,0,0,0,0
12.22,94.00000000001333,162.00000000000267,122.00000000001333,220.99999999999466,216.00000000000799,55.000000000002665,111.00000000002132,239.99999999999466,9.5700000000011318,962.53999999999985,SSLW,model_assisted_not_ground_truth,0,0,0,0,0,0,0,0,0,0,0
12.23,91.000000000005329,160.00000000000355,122.99999999999822,219.00000000000355,214.00000000000355,54.000000000001776,96.000000000026645,240,9.7000000000006228,962.52999999999986,SSLW,model_assisted_not_ground_truth,0,0,0,0,0,0,0,0,0,0,0
12.24,88.000000000002672,160,124.99999999999822,215.00000000000355,212.00000000000176,55.999999999998224,95.000000000000881,240,9.7650000000003114,962.51999999999998,SSLW,model_assisted_not_ground_truth,0,0,0,0,0,0,0,0,0,0,0
12.25,89,156,124,207,210,54,91,240,9.8300000000000001,962.50999999999999,SSLW,model_assisted_not_ground_truth,0,0,0,0,0,0,0,0,0,0,0
12.26,90.000000000002672,147.99999999999466,121.9999999999991,205.99999999999557,205.99999999999645,55.000000000000888,83.999999999992895,240.99999999999378,9.9400000000001327,954.50999999998669,SSLW,model_assisted_not_ground_truth,0,0,0,0,0,0,0,0,0,0,0
12.27,93,141.9999999999911,120.99999999998934,201.00000000000179,201.99999999999289,56.000000000003553,75.999999999985789,233.99999999999466,10.090000000000231,939.48999999997159,SSLW,model_assisted_not_ground_truth,0,0,0,0,0,0,0,0,0,0,0
12.28,93,136.99999999999147,114.9999999999801,201.99999999998579,197.99999999998579,58,67.99999999997442,230.99999999998579,10.220000000000541,923.47999999993738,SSLW,model_assisted_not_ground_truth,0,0,0,0,0,0,0,0,0,0,0
12.29,93.000000000011198,133.99999999999628,107.99999999993658,196.99999999998136,192.99999999996643,57.99999999999627,58.999999999962697,225.9999999999888,10.410000000000281,901.43999999995526,SSLW,model_assisted_not_ground_truth,0,0,0,0,0,0,0,0,0,0,0
12.30,96.000000000004619,132.99999999998153,90.999999999981526,192.00000000005542,183.99999999997229,56.999999999981526,48.999999999990763,222.99999999998153,10.485000000000348,889.44499999994468,SSLW,model_assisted_not_ground_truth,0,0,0,0,0,0,0,0,0,0,0
12.31,97.00000000003304,128.99999999992841,87.000000000011013,203.99999999998349,177.99999999995595,52.999999999988987,46.999999999994493,218.99999999997246,10.560000000001102,877.4499999999008,SSLW,model_assisted_not_ground_truth,0,0,0,0,0,0,0,0,0,0,0
12.32,102.99999999998721,115.99999999998721,88.99999999998721,200.99999999998082,169.99999999993605,50.99999999997442,45.99999999997442,214.00000000002558,10.760000000001087,859.42999999983999,SSLW,model_assisted_not_ground_truth,0,0,0,0,0,0,0,0,0,0,0
12.33,101,113.99999999997816,86.999999999963592,198.00000000002186,159.99999999991988,47,41.999999999992717,217.99999999995632,10.930000000001165,834.41999999991253,SSLW,model_assisted_not_ground_truth,0,0,0,0,0,0,0,0,0,0,0
12.34,101,111.00000000000959,82.000000000015987,200.99999999999039,149.00000000003519,47,41.000000000003197,212.00000000001918,11.090000000001062,822.40999999991811,SSLW,model_assisted_not_ground_truth,0,0,0,0,0,0,0,0,0,0,0
12.35,101.9999999999977,108.00000000000693,78.000000000009237,190.00000000002541,144.00000000001154,46.000000000002309,38.000000000006928,210.0000000000046,11.22000000000145,812.38999999990926,SSLW,model_assisted_not_ground_truth,0,0,0,0,0,0,0,0,0,0,0
12.36,100.00000000000284,107.00000000000142,75.000000000004263,184.00000000000853,144.99999999999858,46,37.000000000001421,212.99999999999574,11.380000000001194,802.3699999999302,SSLW,model_assisted_not_ground_truth,0,0,0,0,0,0,0,0,0,0,0
12.37,90.000000000003553,105.00000000000071,66.000000000003197,177.0000000000025,144.00000000000034,46,36.000000000000355,213,11.500000000001542,795.3500000000771,SSLW,model_assisted_not_ground_truth,0,0,0,0,0,0,0,0,0,0,0
12.38,93,105.00000000000107,62.000000000000533,176,138.99999999999787,46.000000000000533,35.999999999998934,220.00000000000213,11.640000000000871,802.35000000004356,SSLW,model_assisted_not_ground_truth,0,0,0,0,0,0,0,0,0,0,0
12.39,93,106.99999999999716,62.999999999995737,175.99999999999432,134.99999999999289,47.000000000001421,34,224.00000000000142,11.78000000000034,809.3499999999915,SSLW,model_assisted_not_ground_truth,0,0,0,0,0,0,0,0,0,0,0
12.40,93.000000000009237,105,59.999999999997691,171.99999999999307,130.0000000000023,47.999999999997691,33.999999999995381,225.00000000000463,12.020000000000438,803.32000000000232,SSLW,model_assisted_not_ground_truth,0,0,0,0,0,0,0,0,0,0,0
12.41,97.000000000019185,105.00000000000639,59.000000000009592,168.99999999999361,131,47,32,227.000000000016,12.210000000000768,804.28999999998712,SSLW,model_assisted_not_ground_truth,0,0,0,0,0,0,0,0,0,0,0
12.42,103.00000000001634,106.99999999997956,62.000000000004086,166.99999999996732,130.99999999999181,47.000000000004086,32.000000000004086,232,12.450000000000776,800.27000000005705,SSLW,model_assisted_not_ground_truth,0,0,0,0,0,0,0,0,0,0,0
12.43,107.0000000000199,102.00000000000995,62.999999999980105,158.99999999996518,128.99999999996518,48,33,231.99999999999503,12.640000000001095,814.25000000002467,SSLW,model_assisted_not_ground_truth,0,0,0,0,0,0,0,0,0,0,0
12.44,111.00000000008207,104.00000000001172,58.999999999994138,152.00000000000585,122.00000000000587,47.999999999994138,33,231.00000000001174,12.860000000000761,819.21000000000583,SSLW,model_assisted_not_ground_truth,0,0,0,0,0,0,0,0,0,0,0
12.45,125.00000000008313,106.00000000004849,58.000000000048495,152.99999999999307,123.00000000002078,47.000000000006928,33.000000000013856,233.00000000002078,12.990000000000901,820.19500000000687,SSLW,model_assisted_not_ground_truth,0,0,0,0,0,0,0,0,0,0,0
12.46,136.99999999995737,112.99999999997513,64.999999999975131,152.00000000000355,125.99999999998934,47.999999999996447,34.999999999992895,235.99999999998934,13.120000000001406,821.18000000003099,SSLW,model_assisted_not_ground_truth,0,0,0,0,0,0,0,0,0,0,0
12.47,139.99999999999201,116.99999999998934,64.000000000002672,150.00000000000534,125.00000000000267,47.000000000002665,38.999999999989342,243.99999999997868,13.300000000001742,825.15000000000839,SSLW,model_assisted_not_ground_truth,0,0,0,0,0,0,0,0,0,0,0
12.48,158.99999999996624,117.99999999999822,64.999999999998224,154.99999999999113,138.99999999997513,47.999999999998224,45.999999999987566,250.99999999998755,13.500000000004221,826.10999999988474,SSLW,model_assisted_not_ground_truth,0,0,0,0,0,0,0,0,0,0,0
12.49,161.99999999999733,129.99999999998934,65.999999999999119,156.99999999999824,133.00000000000534,54.999999999993783,49.999999999996447,258.99999999999289,13.940000000001886,814.0900000000521,SSLW,model_assisted_not_ground_truth,0,0,0,0,0,0,0,0,0,0,0
12.50,169,142,70,168,131,58,60,262,14.119999999999999,819.05999999999995,SSLW,model_assisted_not_ground_truth,0,0,0,0,0,0,0,0,0,0,0
12.51,176.00000000000534,150.00000000000978,81.000000000009777,172.00000000000799,135.00000000000443,64.000000000010658,72.000000000012434,267.00000000000358,14.260000000000076,819.01000000000261,SSLW,model_assisted_not_ground_truth,0,0,0,0,0,0,0,0,0,0,0
12.52,182.00000000001421,161.00000000001421,92.000000000012434,181.00000000003021,140.00000000000355,76.000000000010658,86.00000000001954,271.00000000000534,14.345000000000152,821.98500000000524,SSLW,model_assisted_not_ground_truth,0,0,0,0,0,0,0,0,0,0,0
12.53,190.00000000003979,169.00000000000284,99.000000000014211,198.00000000001137,142.00000000000853,82.000000000002842,97.000000000005684,274.00000000000284,14.430000000000568,824.96000000000276,SSLW,model_assisted_not_ground_truth,0,0,0,0,0,0,0,0,0,0,0
12.54,204,170,104,202.0000000000112,145.00000000000747,82.999999999996263,99.000000000003737,275.00000000000745,14.630000000000598,825.900000000011,SSLW,model_assisted_not_ground_truth,0,0,0,0,0,0,0,0,0,0,0
12.55,204,170,104.00000000001386,205.00000000002311,147.00000000000924,82.000000000009237,100.00000000004157,277.00000000000927,14.790000000001754,828.85000000012917,SSLW,model_assisted_not_ground_truth,0,0,0,0,0,0,0,0,0,0,0
12.56,204.00000000000551,170.00000000001651,107.00000000003855,210.00000000002203,149,83.999999999972459,108.99999999997797,279.00000000000551,15.170000000001266,856.80999999992252,SSLW,model_assisted_not_ground_truth,0,0,0,0,0,0,0,0,0,0,0
12.57,204.99999999998721,173.00000000003197,114.00000000002558,214.00000000001279,149.00000000005755,79.000000000044764,105.00000000003837,280.00000000001279,15.400000000000896,842.74999999998704,SSLW,model_assisted_not_ground_truth,0,0,0,0,0,0,0,0,0,0,0
12.58,202.99999999993446,178.00000000000728,117.99999999999272,216.00000000001455,158.00000000000728,85.999999999963592,111.00000000000728,281.99999999999272,15.540000000001019,840.72000000003618,SSLW,model_assisted_not_ground_truth,0,0,0,0,0,0,0,0,0,0,0
12.59,194.00000000002876,178.99999999999682,117.0000000000032,217.99999999999361,158.99999999999682,81.000000000015987,111.9999999999968,281.00000000000318,15.680000000000531,845.67999999999574,SSLW,model_assisted_not_ground_truth,0,0,0,0,0,0,0,0,0,0,0
12.60,192.0000000000046,182.99999999999076,112.00000000001154,218,159,79.000000000004619,110.00000000000462,279.0000000000046,15.745000000000589,845.15999999999531,SSLW,model_assisted_not_ground_truth,0,0,0,0,0,0,0,0,0,0,0
12.61,189.00000000000426,183,110.00000000000284,216.00000000000284,158.00000000000142,82.999999999994316,108.00000000000284,276.00000000000426,15.810000000002487,844.6399999997509,SSLW,model_assisted_not_ground_truth,0,0,0,0,0,0,0,0,0,0,0
12.62,186.00000000000108,178.00000000000176,107.00000000000107,215.00000000000034,157.00000000000034,84.999999999999289,108,270.00000000000216,16.060000000002091,819.59999999983438,SSLW,model_assisted_not_ground_truth,0,0,0,0,0,0,0,0,0,0,0
12.63,183.99999999999787,170.99999999999628,105.99999999999893,210.99999999999841,155.99999999999787,78.999999999996803,99.999999999995737,268.99999999999625,16.250000000000043,804.55999999999403,SSLW,model_assisted_not_ground_truth,0,0,0,0,0,0,0,0,0,0,0
12.64,179.99999999999289,163.99999999998153,103.99999999999005,208.00000000000142,151.99999999999716,72.99999999998721,91.999999999988631,261.99999999999432,16.330000000000126,793.54999999996016,SSLW,model_assisted_not_ground_truth,0,0,0,0,0,0,0,0,0,0,0
12.65,174.99999999999307,150.99999999997922,96.99999999996767,208.99999999998613,149.99999999998613,63.999999999988454,83.999999999997684,257.99999999999307,16.420000000000048,765.5299999999861,SSLW,model_assisted_not_ground_truth,0,0,0,0,0,0,0,0,0,0,0
12.66,171.9999999999776,141.99999999999039,82.999999999984013,202.999999999984,144,58.999999999984013,82.99999999997442,254.99999999996803,16.440000000000193,759.52999999999349,SSLW,model_assisted_not_ground_truth,0,0,0,0,0,0,0,0,0,0,0
12.67,164.99999999997956,138.99999999995913,77.999999999987736,197.99999999997956,144,53.999999999975486,75.000000000012264,244.99999999999181,16.500000000000043,757.50999999993053,SSLW,model_assisted_not_ground_truth,0,0,0,0,0,0,0,0,0,0,0
12.68,159.99999999996021,128.99999999999503,74.999999999985079,192.99999999999005,143.99999999995524,48,77.999999999990052,242.99999999997016,16.510000000000048,740.50499999991541,SSLW,model_assisted_not_ground_truth,0,0,0,0,0,0,0,0,0,0,0
12.69,151.99999999995896,127.99999999995896,72,190.99999999994725,134.99999999998241,48,75.999999999994131,236.99999999989447,16.519999999999822,723.49999999991201,SSLW,model_assisted_not_ground_truth,0,0,0,0,0,0,0,0,0,0,0
12.70,144.99999999999307,120.99999999997922,72,181.99999999998616,131.99999999990993,48,74.999999999923801,218.99999999990993,16.48999999999986,708.48999999984744,SSLW,model_assisted_not_ground_truth,0,0,0,0,0,0,0,0,0,0,0
12.71,144.00000000000355,118.00000000001066,72,180.00000000000711,119.00000000004619,48,64.00000000003908,206.00000000004619,16.469999999999686,686.45999999991398,SSLW,model_assisted_not_ground_truth,0,0,0,0,0,0,0,0,0,0,0
12.72,129.00000000003996,112.00000000001599,55.000000000045297,154.00000000006929,106.00000000003465,46.000000000005329,55.000000000023981,174.00000000008527,16.429999999997474,675.44999999964296,SSLW,model_assisted_not_ground_truth,0,0,0,0,0,0,0,0,0,0,0
12.73,110.00000000003375,108.00000000000711,48.000000000012434,136.00000000003197,85.000000000037303,45.000000000001776,48.000000000012434,149.00000000004439,16.139999999999763,634.42999999991832,SSLW,model_assisted_not_ground_truth,0,0,0,0,0,0,0,0,0,0,0
12.74,88.00000000001954,91.000000000015092,46.000000000001776,117.00000000001688,53.000000000028422,40.000000000004441,36.000000000010658,83.00000000005862,16.114999999999881,625.92499999995914,SSLW,model_assisted_not_ground_truth,0,0,0,0,0,0,0,0,0,0,0
12.75,81,73,47,120,47,39,34,29,16.09,617.41999999999996,SSLW,model_assisted_not_ground_truth,0,0,0,0,0,0,0,0,0,0,0
12.76,71.999999999994671,56.99999999999023,44.999999999999112,106.99999999999467,47.999999999998224,37.999999999995559,30,18.999999999994671,16.049999999999912,598.40999999997689,SSLW,model_assisted_not_ground_truth,0,0,0,0,0,0,0,0,0,0,0
12.77,65.999999999994671,45.999999999989342,43.999999999998224,100.99999999997868,46,33.000000000001776,30,12.999999999982236,15.949999999999591,572.40999999993778,SSLW,model_assisted_not_ground_truth,0,0,0,0,0,0,0,0,0,0,0
12.78,63.000000000002842,39.999999999982947,42.999999999988631,88.999999999982947,46.000000000005684,33.999999999997158,29.999999999994316,2.9999999999914735,15.719999999999233,537.42999999987774,SSLW,model_assisted_not_ground_truth,0,0,0,0,0,0,0,0,0,0,0
12.79,63.99999999999627,33.999999999981348,39.00000000000373,82.99999999997388,48.000000000014921,33.000000000007461,28.00000000000373,0,15.449999999998731,494.44999999983594,SSLW,model_assisted_not_ground_truth,0,0,0,0,0,0,0,0,0,0,0
12.80,63.000000000009237,28.999999999958433,40.000000000018474,76.000000000009237,52.000000000101608,35.000000000009237,29,0,15.109999999999099,450.4799999999239,SSLW,model_assisted_not_ground_truth,0,0,0,0,0,0,0,0,0,0,0
12.81,65.000000000005514,20.000000000011013,44,77.999999999988987,74.000000000049567,37,29,0,14.914999999998926,434.00499999990927,SSLW,model_assisted_not_ground_truth,0,0,0,0,0,0,0,0,0,0,0
12.82,66,21.999999999980815,44,76.000000000249401,83.000000000063949,37.000000000006395,29,0,14.719999999998146,417.5299999998403,SSLW,model_assisted_not_ground_truth,0,0,0,0,0,0,0,0,0,0,0
12.83,65.999999999985434,19.000000000021849,44.000000000007283,115.00000000003641,93.000000000021842,38,29,0,14.429999999998834,392.55999999991269,SSLW,model_assisted_not_ground_truth,0,0,0,0,0,0,0,0,0,0,0
12.84,64.000000000006395,21.999999999990408,44.999999999996803,119.99999999998401,95.999999999990408,38,29,0,14.269999999999182,380.56999999991018,SSLW,model_assisted_not_ground_truth,0,0,0,0,0,0,0,0,0,0,0
12.85,64,22,45,120,93.000000000006935,38,29,0,14.169999999999638,369.58000000001817,SSLW,model_assisted_not_ground_truth,0,0,0,0,0,0,0,0,0,0,0
12.86,50.000000000019895,19.000000000004263,40.000000000007105,95.000000000035527,89.000000000005684,38,29,0,14.130000000000399,371.58999999997997,SSLW,model_assisted_not_ground_truth,0,0,0,0,0,0,0,0,0,0,0
12.87,50.999999999999645,22.999999999998579,40,78.00000000000604,86.000000000001066,37.000000000000355,29,1.9999999999992895,14.16999999999967,369.57999999999998,SSLW,model_assisted_not_ground_truth,0,0,0,0,0,0,0,0,0,0,0
12.88,48.999999999999467,18.000000000002665,39.000000000000533,81.999999999986144,81.999999999998934,37.999999999999467,28.000000000001066,0.99999999999946709,14.140000000000001,369.5800000000005,SSLW,model_assisted_not_ground_truth,0,0,0,0,0,0,0,0,0,0,0
12.89,47.999999999994316,22.999999999994316,39.999999999998579,56.000000000004263,79.999999999994316,37.000000000001421,29.999999999998579,1.4210854715214928e-12,14.140000000000001,370.5850000000014,SSLW,model_assisted_not_ground_truth,0,0,0,0,0,0,0,0,0,0,0
12.90,44.000000000002309,19,39.000000000002309,59.000000000016165,75.999999999988447,37.999999999997691,29,1.0000000000138556,14.140000000000093,371.58999999999764,SSLW,model_assisted_not_ground_truth,0,0,0,0,0,0,0,0,0,0,0
12.91,45,19,40,65.999999999996803,70.999999999952038,37,28.999999999996803,7.0000000000127898,14.179999999999968,370.56999999999681,SSLW,model_assisted_not_ground_truth,0,0,0,0,0,0,0,0,0,0,0
12.92,45,19.000000000008171,40.000000000008171,65,55.999999999991829,37,27.999999999995914,11.000000000114397,14.169999999999959,369.5699999999959,SSLW,model_assisted_not_ground_truth,0,0,0,0,0,0,0,0,0,0,0
12.93,44.999999999995026,21.000000000004974,41.999999999990052,65.000000000004974,53.999999999995026,37.000000000009948,27.000000000004974,39.00000000003979,14.16000000000005,368.570000000005,SSLW,model_assisted_not_ground_truth,0,0,0,0,0,0,0,0,0,0,0
12.94,44,21.999999999988276,40,66.000000000011724,53,38.999999999988276,28.000000000005862,47.000000000076206,14.17,369.57000000000585,SSLW,model_assisted_not_ground_truth,0,0,0,0,0,0,0,0,0,0,0
12.95,44.000000000006928,20.000000000006928,39.999999999993072,68.000000000006921,53,37,28.999999999993072,60.00000000006235,14.17,370.56999999999653,SSLW,model_assisted_not_ground_truth,0,0,0,0,0,0,0,0,0,0,0
12.96,44.999999999996447,20.999999999996447,39.000000000003553,68.999999999996447,53,37,28.000000000003553,68.999999999968026,14.17,370.06999999999607,SSLW,model_assisted_not_ground_truth,0,0,0,0,0,0,0,0,0,0,0
12.97,45,21.999999999997335,39,69.999999999997328,52.000000000002665,37,28.999999999997335,74.999999999984013,14.170000000000348,369.57000000000869,SSLW,model_assisted_not_ground_truth,0,0,0,0,0,0,0,0,0,0,0
12.98,45,22,39,69.000000000001776,52,37,29,91.999999999969802,14.209999999999713,370.5700000000096,SSLW,model_assisted_not_ground_truth,0,0,0,0,0,0,0,0,0,0,0
12.99,44.000000000000888,20.000000000001776,39,69,52,37,28.000000000000888,94.999999999997328,14.179999999999895,371.56999999998953,SSLW,model_assisted_not_ground_truth,0,0,0,0,0,0,0,0,0,0,0
13.00,44,22,40,69,52,37,18,87,14.17,370.56999999999999,SSLW,model_assisted_not_ground_truth,0,0,0,0,0,0,0,0,0,0,0
13.01,44,20.000000000000888,40.000000000001776,68.999999999998224,53,37,15.999999999999112,89.999999999992895,14.18,371.56999999999999,SSLW,model_assisted_not_ground_truth,0,0,0,0,0,0,0,0,0,0,0
13.02,44,20.999999999996447,41.999999999998224,67.000000000003553,53,37,15.000000000001776,81.999999999998224,14.180000000000017,371.56999999999641,SSLW,model_assisted_not_ground_truth,0,0,0,0,0,0,0,0,0,0,0
13.03,43.999999999994316,19.000000000008527,41,69,52.999999999997158,37,15.999999999997158,80.999999999991473,14.190000000000042,369.56,SSLW,model_assisted_not_ground_truth,0,0,0,0,0,0,0,0,0,0,0
13.04,42.000000000007461,21.999999999992539,41,69,52.00000000000373,37.00000000000373,15.00000000000373,77.999999999985079,14.205000000000055,369.55500000000001,SSLW,model_assisted_not_ground_truth,0,0,0,0,0,0,0,0,0,0,0
13.05,44,19.999999999981526,40.999999999995381,68.999999999995381,52.999999999981526,38,15.999999999926104,73.999999999995381,14.220000000000001,369.55000000000001,SSLW,model_assisted_not_ground_truth,0,0,0,0,0,0,0,0,0,0,0
13.06,44,16.000000000022027,40,67.999999999994486,49,38,0,73.000000000011013,14.220000000000001,369.55000000000001,SSLW,model_assisted_not_ground_truth,0,0,0,0,0,0,0,0,0,0,0
13.07,43.999999999993605,20,40,67,48.999999999993605,37.999999999993605,0,74.999999999968026,14.220000000000001,369.55000000000001,SSLW,model_assisted_not_ground_truth,0,0,0,0,0,0,0,0,0,0,0
13.08,43,19.999999999985434,40.000000000007283,67.000000000007276,48,37,0,70.000000000007276,14.220000000000146,369.55000000001456,SSLW,model_assisted_not_ground_truth,0,0,0,0,0,0,0,0,0,0,0
13.09,43,18.000000000006395,40.999999999996803,67.999999999996803,48,37,0,70.999999999996803,14.239999999999837,371.54999999999183,SSLW,model_assisted_not_ground_truth,0,0,0,0,0,0,0,0,0,0,0
13.10,42.000000000002309,19.999999999995381,41,67.000000000002302,48.999999999997691,37,0,68.000000000006935,14.220000000000182,370.54999999998188,SSLW,model_assisted_not_ground_truth,0,0,0,0,0,0,0,0,0,0,0
13.11,37.000000000007105,20,39.000000000002842,67,48.000000000001421,37.999999999998579,0,50.00000000002558,14.23999999999995,368.54999999999507,SSLW,model_assisted_not_ground_truth,0,0,0,0,0,0,0,0,0,0,0
13.12,37,19.000000000000355,37.000000000000711,67,48,33.000000000001776,0,51.999999999999289,14.234999999999975,368.04999999999734,SSLW,model_assisted_not_ground_truth,0,0,0,0,0,0,0,0,0,0,0
13.13,35.999999999998934,18.999999999998934,37,65.000000000001066,46,33,0,46,14.22999999999999,367.55000000000109,SSLW,model_assisted_not_ground_truth,0,0,0,0,0,0,0,0,0,0,0
13.14,34,17.000000000007105,36.999999999998579,67,46,33,0,46.000000000004263,14.210000000000029,369.54999999999859,SSLW,model_assisted_not_ground_truth,0,0,0,0,0,0,0,0,0,0,0
13.15,34,22,36,67,46,33.000000000002309,0,48.999999999995381,14.229999999999977,368.54999999999768,SSLW,model_assisted_not_ground_truth,0,0,0,0,0,0,0,0,0,0,0
13.16,34,21.999999999996803,36.000000000009592,66.99999999998721,46.000000000003197,33.999999999996803,4.7961634663850383e-11,46.999999999984013,14.219999999999969,367.53999999999684,SSLW,model_assisted_not_ground_truth,0,0,0,0,0,0,0,0,0,0,0
13.17,33.999999999995914,21.000000000008171,39,63.000000000004086,46.999999999995914,33,15,41.999999999979572,14.209999999999837,366.53999999999598,SSLW,model_assisted_not_ground_truth,0,0,0,0,0,0,0,0,0,0,0
13.18,33,23.000000000004974,39.000000000004974,64,46.000000000004974,32.999999999995026,15,37.000000000029843,14.170000000000099,365.55000000000246,SSLW,model_assisted_not_ground_truth,0,0,0,0,0,0,0,0,0,0,0
13.19,32.999999999994138,23.999999999982414,39.999999999994138,63.999999999982414,47.000000000005862,31.999999999871036,15.000000000005862,43.00000000005862,14.190000000000119,366.04500000000291,SSLW,model_assisted_not_ground_truth,0,0,0,0,0,0,0,0,0,0,0
13.20,32.000000000013856,21.000000000048495,39,61.000000000013856,48.000000000006928,10.000000000013856,16.000000000069278,53.0000000001247,14.210000000000278,366.54000000001383,SSLW,model_assisted_not_ground_truth,0,0,0,0,0,0,0,0,0,0,0
13.21,33.999999999992895,27.999999999975131,39,62.999999999992895,48.999999999996447,11.999999999992895,25.999999999964473,70.999999999936051,14.249999999999687,368.5299999999844,SSLW,model_assisted_not_ground_truth,0,0,0,0,0,0,0,0,0,0,0
13.22,34.999999999997335,29.999999999994671,38.000000000002665,64.999999999994671,49,31.999999999946709,26.999999999997335,81.999999999970697,14.209999999999827,366.53999999998263,SSLW,model_assisted_not_ground_truth,0,0,0,0,0,0,0,0,0,0,0
13.23,35.999999999998224,34.999999999991118,38.999999999998224,64.000000000001776,52.999999999992895,32.999999999998224,27,96.999999999973355,14.18999999999952,364.54000000002901,SSLW,model_assisted_not_ground_truth,0,0,0,0,0,0,0,0,0,0,0
13.24,36.999999999999112,43.999999999992006,39.999999999999112,72.999999999992013,53.999999999999112,36.999999999996447,26.000000000000888,108.99999999998934,14.139999999997276,367.5600000000216,SSLW,model_assisted_not_ground_truth,0,0,0,0,0,0,0,0,0,0,0
13.25,36,52,43,99,62,37,27,120,13.880000000000001,369.62,SSLW,model_assisted_not_ground_truth,0,0,0,0,0,0,0,0,0,0,0
13.26,37.000000000001776,72.000000000015987,44.000000000001776,102.00000000000622,72.000000000010658,37.000000000002665,28.000000000002665,130.00000000003641,13.554999999999712,372.68500000000273,SSLW,model_assisted_not_ground_truth,0,0,0,0,0,0,0,0,0,0,0
13.27,39.000000000015987,90.000000000023093,46.000000000001776,109.00000000002487,84.000000000017764,40.000000000001776,31.000000000026645,171.00000000004974,13.22999999999691,375.75000000014956,SSLW,model_assisted_not_ground_truth,0,0,0,0,0,0,0,0,0,0,0
13.28,48.000000000019895,103.00000000004832,47.000000000005684,123.00000000005969,94.000000000056843,41.000000000008527,46.000000000079581,199.0000000000739,11.489999999996675,459.94000000024778,SSLW,model_assisted_not_ground_truth,0,0,0,0,0,0,0,0,0,0,0
13.29,55.000000000145484,120.00000000008953,49.000000000085798,144.00000000008581,114.00000000010445,44,74.000000000164135,225.00000000012685,10.31999999999765,547.12000000019805,SSLW,model_assisted_not_ground_truth,0,0,0,0,0,0,0,0,0,0,0
13.30,94.000000000060041,144.0000000000739,72.000000000101608,167.00000000005542,142.00000000013856,44.000000000004619,118.0000000000508,259.00000000008316,9.6899999999992605,600.21000000008326,SSLW,model_assisted_not_ground_truth,0,0,0,0,0,0,0,0,0,0,0
13.31,107.00000000004957,160.00000000006608,94.000000000115648,179.00000000015419,172.00000000012116,45,129.00000000001651,277.00000000006611,9.5299999999995038,618.24000000005526,SSLW,model_assisted_not_ground_truth,0,0,0,0,0,0,0,0,0,0,0
13.32,116.00000000001279,172.00000000002558,115.00000000006395,207.00000000005755,194.00000000003197,45.000000000006395,132.00000000004476,288.99999999998721,9.4400000000000635,628.27000000020485,SSLW,model_assisted_not_ground_truth,0,0,0,0,0,0,0,0,0,0,0
13.33,117.99999999998543,176.00000000004368,125.00000000010924,216.00000000002186,199.00000000014566,46.000000000050981,139.00000000006554,286.99999999996356,9.4499999999998536,660.31000000025517,SSLW,model_assisted_not_ground_truth,0,0,0,0,0,0,0,0,0,0,0
13.34,116.00000000000639,181.99999999998082,139.99999999995202,218.99999999999039,218.99999999993605,52.999999999977618,147.99999999997124,282.00000000001597,9.4300000000002449,695.36000000018407,SSLW,model_assisted_not_ground_truth,0,0,0,0,0,0,0,0,0,0,0
13.35,124.99999999997922,181.0000000000023,149.99999999997692,227.99999999997922,228.99999999997692,56.999999999990763,158.99999999997459,277.00000000001154,9.4600000000002709,717.88000000020406,SSLW,model_assisted_not_ground_truth,0,0,0,0,0,0,0,0,0,0,0
13.36,129.99999999999289,181,154.99999999999289,244.99999999997584,232.99999999999432,62.999999999991473,161.99999999999574,277.99999999999858,9.4900000000012934,740.40000000047746,SSLW,model_assisted_not_ground_truth,0,0,0,0,0,0,0,0,0,0,0
13.37,121.0000000000032,186.99999999999787,155.99999999999966,244.00000000000034,235.99999999999892,76.999999999995026,164.99999999999892,275.00000000000108,9.6199999999993384,788.40000000026453,SSLW,model_assisted_not_ground_truth,0,0,0,0,0,0,0,0,0,0,0
13.38,117.00000000000054,189,157.00000000000054,241.99999999999892,239.00000000000108,90,170.99999999999892,263.00000000000159,9.5599999999999579,812.42000000001383,SSLW,model_assisted_not_ground_truth,0,0,0,0,0,0,0,0,0,0,0
13.39,117.99999999999858,189.00000000000284,157.99999999999858,239.99999999999147,241.00000000000568,90.000000000008527,169.00000000000142,266.00000000000853,9.4800000000000146,838.45000000006257,SSLW,model_assisted_not_ground_truth,0,0,0,0,0,0,0,0,0,0,0
13.40,117,190.99999999999307,157.0000000000023,234.00000000000693,245,95.999999999988447,170.00000000000463,272.00000000000233,9.4899999999999078,882.46000000005324,SSLW,model_assisted_not_ground_truth,0,0,0,0,0,0,0,0,0,0,0
13.41,117.00000000000959,187.99999999999679,158,237.00000000000639,244.99999999999679,91.000000000009592,172,272.99999999998079,9.4499999999999513,905.5100000000208,SSLW,model_assisted_not_ground_truth,0,0,0,0,0,0,0,0,0,0,0
13.42,120,186.99999999998775,158,239.00000000000409,243.99999999999591,93.999999999971394,171.99999999999181,266.99999999996732,9.4349999999999383,912.02000000002658,SSLW,model_assisted_not_ground_truth,0,0,0,0,0,0,0,0,0,0,0
13.43,119.99999999999005,183.99999999999005,158,240.00000000000497,242.99999999999503,86.999999999990052,169.99999999993037,258.9999999999801,9.4199999999999005,918.53000000006489,SSLW,model_assisted_not_ground_truth,0,0,0,0,0,0,0,0,0,0,0
13.44,117.99999999998241,182,157.99999999998826,241.00000000000585,241.99999999998826,84.999999999958959,155.99999999996481,254.99999999998826,9.3999999999997659,931.57000000005894,SSLW,model_assisted_not_ground_truth,0,0,0,0,0,0,0,0,0,0,0
13.45,114.99999999995843,181.99999999996535,156.00000000001384,241.99999999997229,239.99999999997922,78.000000000006921,149.99999999993764,253.00000000003465,9.3600000000003458,941.6100000000763,SSLW,model_assisted_not_ground_truth,0,0,0,0,0,0,0,0,0,0,0
13.46,109.00000000002132,177.00000000001776,157.99999999999289,238.00000000001421,237.00000000001066,78.999999999996447,141.00000000003197,257.99999999998226,9.4100000000002346,952.62000000002365,SSLW,model_assisted_not_ground_truth,0,0,0,0,0,0,0,0,0,0,0
13.47,105.00000000001066,176.00000000000267,156.00000000000534,240.99999999999201,236.00000000000267,77.000000000005329,137.00000000001066,259.99999999999466,9.4400000000003477,955.64000000001727,SSLW,model_assisted_not_ground_truth,0,0,0,0,0,0,0,0,0,0,0
13.48,103.00000000000355,171.00000000000887,150.00000000001066,237.00000000000711,232.00000000000711,72.000000000008882,134.00000000000534,255.00000000000887,9.4800000000003841,957.62000000000467,SSLW,model_assisted_not_ground_truth,0,0,0,0,0,0,0,0,0,0,0
13.49,99.000000000003553,167.00000000000355,146.00000000000355,234.00000000000267,229.00000000000267,70.000000000001776,128.00000000000534,252.00000000000267,9.5200000000001914,958.1100000000024,SSLW,model_assisted_not_ground_truth,0,0,0,0,0,0,0,0,0,0,0
13.50,94,164,138,233,226,59,119,254,9.5600000000000005,958.60000000000002,SSLW,model_assisted_not_ground_truth,0,0,0,0,0,0,0,0,0,0,0
13.51,90.999999999996447,160.99999999999912,128.99999999999912,229.99999999999912,222.99999999999733,56.999999999997335,113.99999999998134,253.99999999999466,9.7000000000001236,958.55999999999995,SSLW,model_assisted_not_ground_truth,0,0,0,0,0,0,0,0,0,0,0
13.52,86.999999999998224,159.99999999999466,128.00000000000355,228.9999999999911,219.99999999999466,54.000000000001776,92.999999999982236,247.99999999998579,9.8400000000004795,958.52999999998394,SSLW,model_assisted_not_ground_truth,0,0,0,0,0,0,0,0,0,0,0
13.53,85.999999999994316,156.99999999997726,129.99999999999716,223.99999999996305,216.99999999998579,55,82.999999999965894,239.9999999999801,10.110000000000682,949.48999999998,SSLW,model_assisted_not_ground_truth,0,0,0,0,0,0,0,0,0,0,0
13.54,83.999999999988802,148.99999999996643,128.99999999999253,210.99999999996643,211.99999999998136,55.00000000000373,70.999999999981341,232.99999999995524,10.350000000001044,942.45999999993273,SSLW,model_assisted_not_ground_truth,0,0,0,0,0,0,0,0,0,0,0
13.55,80.999999999990763,139.99999999998153,126.99999999995381,201.99999999995381,206.99999999996766,56.000000000018474,65.999999999958433,221.00000000000463,10.630000000001248,924.41999999995369,SSLW,model_assisted_not_ground_truth,0,0,0,0,0,0,0,0,0,0,0
13.56,79,135.99999999997797,116.99999999987885,191.99999999995043,199.99999999998349,59.999999999977973,56.999999999955946,221.99999999997246,10.900000000000716,914.38999999996963,SSLW,model_assisted_not_ground_truth,0,0,0,0,0,0,0,0,0,0,0
13.57,79.00000000001279,131.99999999996803,94.999999999993605,182.99999999999361,196.99999999995524,56.000000000006395,48.999999999980815,216.99999999998721,11.030000000000832,908.87499999996476,SSLW,model_assisted_not_ground_truth,0,0,0,0,0,0,0,0,0,0,0
13.58,81.000000000021842,126.99999999997816,93.999999999970868,181.99999999997087,189.99999999996359,56.999999999978151,46,214.99999999997814,11.160000000001675,903.35999999997057,SSLW,model_assisted_not_ground_truth,0,0,0,0,0,0,0,0,0,0,0
13.59,83.999999999990408,124.00000000000959,90.00000000001279,178.00000000001279,185.00000000001597,54.000000000009592,46,212.00000000000961,11.390000000001553,899.3199999999589,SSLW,model_assisted_not_ground_truth,0,0,0,0,0,0,0,0,0,0,0
13.60,85.999999999995381,118.00000000001386,89.000000000002302,174.00000000000924,180.00000000001154,48.000000000013856,45.000000000002309,210.0000000000046,11.580000000001721,894.28999999995438,SSLW,model_assisted_not_ground_truth,0,0,0,0,0,0,0,0,0,0,0
13.61,84.000000000002842,114.00000000000568,83.000000000008527,181.99999999998863,171.00000000001279,47.000000000001421,41.000000000005684,210,11.770000000001989,889.25999999988039,SSLW,model_assisted_not_ground_truth,0,0,0,0,0,0,0,0,0,0,0
13.62,83.000000000000355,106.00000000000284,82.000000000000355,184.99999999999892,159.00000000000426,47,40.000000000000355,209.00000000000034,11.970000000001873,877.2399999999883,SSLW,model_assisted_not_ground_truth,0,0,0,0,0,0,0,0,0,0,0
13.63,82.00000000000054,100.99999999999893,72.999999999997328,176.00000000000054,146.99999999999892,47,38,200.99999999999892,12.140000000000038,876.18000000000018,SSLW,model_assisted_not_ground_truth,0,0,0,0,0,0,0,0,0,0,0
13.64,82.999999999997158,99.000000000002842,67.999999999992895,176.99999999999858,144.99999999999005,47.000000000001421,37.999999999997158,198.99999999999432,12.2100000000001,876.66500000000065,SSLW,model_assisted_not_ground_truth,0,0,0,0,0,0,0,0,0,0,0
13.65,80.999999999997684,100.99999999998153,62.999999999990763,176.0000000000023,137.99999999998846,48,35.999999999995381,195.00000000000924,12.280000000000323,877.14999999999293,SSLW,model_assisted_not_ground_truth,0,0,0,0,0,0,0,0,0,0,0
13.66,80,92.999999999993605,58.999999999990408,176.99999999995524,132.99999999999361,48,33.999999999990408,198.99999999999679,12.420000000000224,874.1200000000033,SSLW,model_assisted_not_ground_truth,0,0,0,0,0,0,0,0,0,0,0
13.67,80.000000000028606,90.999999999995907,56,162.99999999999591,130.99999999998775,48,31.000000000004086,198.00000000000819,12.49000000000049,875.14999999998747,SSLW,model_assisted_not_ground_truth,0,0,0,0,0,0,0,0,0,0,0
13.68,87.000000000029843,90.000000000019895,56,162,127.99999999997513,48,32,200.00000000002487,12.610000000000298,872.10000000001003,SSLW,model_assisted_not_ground_truth,0,0,0,0,0,0,0,0,0,0,0
13.69,93.000000000041041,94.000000000005869,56,161.99999999998241,123.00000000000587,47.999999999988276,32.000000000005862,205.00000000001174,12.670000000000234,874.11000000002343,SSLW,model_assisted_not_ground_truth,0,0,0,0,0,0,0,0,0,0,0
13.70,100.00000000000692,95.000000000020776,56.000000000006928,158.99999999999307,124,46.000000000006928,33,207.00000000002078,12.71000000000007,878.11000000003128,SSLW,model_assisted_not_ground_truth,0,0,0,0,0,0,0,0,0,0,0
13.71,100.99999999999645,97.999999999989342,56.999999999996447,158.00000000000355,124,46.999999999996447,33,209.99999999998934,12.720000000000079,882.61500000003525,SSLW,model_assisted_not_ground_truth,0,0,0,0,0,0,0,0,0,0,0
13.72,106.99999999998401,99.999999999994671,59.999999999992006,158,117.00000000001864,47.999999999997335,33.999999999997335,213.99999999998934,12.730000000000175,887.12000000003479,SSLW,model_assisted_not_ground_truth,0,0,0,0,0,0,0,0,0,0,0
13.73,122.99999999997158,102.99999999999467,60,154.00000000000711,117.99999999999822,47.000000000001776,34.999999999998224,219.99999999998934,12.750000000000576,891.12000000004775,SSLW,model_assisted_not_ground_truth,0,0,0,0,0,0,0,0,0,0,0
13.74,134.99999999998934,109.99999999999378,63.999999999996447,147.00000000000622,121.99999999999645,47,38.999999999996447,224.99999999999557,12.810000000000105,896.1000000000422,SSLW,model_assisted_not_ground_truth,0,0,0,0,0,0,0,0,0,0,0
13.75,151,120,69,152,123,47,55,232,12.82,900.12,SSLW,model_assisted_not_ground_truth,0,0,0,0,0,0,0,0,0,0,0
13.76,157.00000000000534,121.50000000000134,69,154.50000000000222,126.50000000000311,53.000000000005329,60.500000000004889,237.50000000000489,12.910000000000036,900.12000000000182,SSLW,model_assisted_not_ground_truth,0,0,0,0,0,0,0,0,0,0,0
13.77,163.00000000001421,123.00000000001776,69.000000000003553,157.00000000000179,130.00000000001421,58.999999999996447,66.000000000007105,243.00000000001776,12.950000000000266,902.12999999999465,SSLW,model_assisted_not_ground_truth,0,0,0,0,0,0,0,0,0,0,0
13.78,171.00000000002842,133.0000000000739,71.000000000042633,158.0000000000199,138.00000000000568,57.000000000051159,70.000000000045475,253.00000000002558,13.100000000000184,899.13,SSLW,model_assisted_not_ground_truth,0,0,0,0,0,0,0,0,0,0,0
13.79,181.0000000000224,159.00000000001864,86.000000000037303,165.00000000004104,139.99999999998508,74.999999999996263,86.000000000037303,262.00000000000745,13.165000000000243,899.125,SSLW,model_assisted_not_ground_truth,0,0,0,0,0,0,0,0,0,0,0
13.80,187.00000000007853,164.00000000000463,96.000000000023093,176.00000000003234,136.0000000000739,74.000000000023093,95.999999999981526,264.0000000000046,13.230000000000555,899.12,SSLW,model_assisted_not_ground_truth,0,0,0,0,0,0,0,0,0,0,0
13.81,204,165.00000000002754,101.00000000002754,183.00000000006057,151.99999999996146,79.000000000005514,92.000000000055067,265.00000000001103,13.350000000002147,899.10999999986234,SSLW,model_assisted_not_ground_truth,0,0,0,0,0,0,0,0,0,0,0
13.82,204.00000000000639,170.00000000000639,106.00000000001918,194.00000000002558,144.99999999999361,80.000000000051159,102.00000000003197,267.00000000000642,13.740000000001279,874.10000000012769,SSLW,model_assisted_not_ground_truth,0,0,0,0,0,0,0,0,0,0,0
13.83,205.00000000002186,171.00000000001455,109.0000000000437,198.00000000000728,144.00000000008012,88.000000000014566,106.99999999999272,268.00000000001455,13.940000000001747,894.06000000009419,SSLW,model_assisted_not_ground_truth,0,0,0,0,0,0,0,0,0,0,0
13.84,207.99999999999039,172.99999999999361,114.99999999998082,198.99999999999682,154.99999999996481,89.999999999993605,106.0000000000032,269.99999999999363,14.180000000002369,906.99999999990951,SSLW,model_assisted_not_ground_truth,0,0,0,0,0,0,0,0,0,0,0
13.85,206.0000000000046,173.9999999999977,116.99999999999538,203.99999999998846,157.99999999999307,86.000000000009237,105.0000000000023,270,14.47000000000136,895.9299999999497,SSLW,model_assisted_not_ground_truth,0,0,0,0,0,0,0,0,0,0,0
13.86,193.00000000001847,174,114.00000000000426,205.99999999999716,158,86,105,268.00000000000284,14.620000000001493,890.37999999994474,SSLW,model_assisted_not_ground_truth,0,0,0,0,0,0,0,0,0,0,0
13.87,192.00000000000034,178.99999999999824,110.00000000000142,207.99999999999929,153.00000000000176,85.000000000000355,106.99999999999929,268.99999999999966,14.770000000003083,884.82999999998799,SSLW,model_assisted_not_ground_truth,0,0,0,0,0,0,0,0,0,0,0
13.88,191.99999999999733,173.99999999999574,105.99999999999839,205.99999999999892,151.99999999999946,81.999999999998934,103.99999999999733,264.99999999999358,15.050000000000134,883.73999999999728,SSLW,model_assisted_not_ground_truth,0,0,0,0,0,0,0,0,0,0,0
13.89,186.99999999998295,165.99999999999289,102.99999999999432,203.99999999999574,150.99999999999858,79.999999999990052,98.999999999981526,252.99999999999574,15.300000000000342,878.67999999997858,SSLW,model_assisted_not_ground_truth,0,0,0,0,0,0,0,0,0,0,0
13.90,174.99999999998846,160.99999999997459,98.999999999983828,200.99999999999307,150,72.999999999990763,85.99999999996767,249.99999999999537,15.540000000000346,863.60999999994215,SSLW,model_assisted_not_ground_truth,0,0,0,0,0,0,0,0,0,0,0
13.91,169.99999999999039,149.99999999996803,91.999999999955236,197.99999999998082,149.999999999984,68.999999999961631,72.000000000009592,247.99999999999361,15.690000000000639,838.55999999995834,SSLW,model_assisted_not_ground_truth,0,0,0,0,0,0,0,0,0,0,0
13.92,166.99999999997956,140,77.999999999995907,191.99999999997547,144.99999999998775,56.999999999979572,74.999999999975486,245.99999999998366,15.890000000000491,825.52999999989981,SSLW,model_assisted_not_ground_truth,0,0,0,0,0,0,0,0,0,0,0
13.93,161.99999999996518,139.99999999993037,76.999999999990052,185.9999999999801,141.99999999999005,51.999999999980105,68.999999999985079,241.99999999994529,16.010000000000595,801.0249999998781,SSLW,model_assisted_not_ground_truth,0,0,0,0,0,0,0,0,0,0,0
13.94,154.99999999998241,125.99999999997068,74.999999999994131,181.99999999999415,139.99999999998826,48,66.000000000005869,230.99999999995896,16.130000000000233,776.51999999988846,SSLW,model_assisted_not_ground_truth,0,0,0,0,0,0,0,0,0,0,0
13.95,151.99999999996535,120.99999999993072,73.999999999965368,180.99999999997229,137.99999999997229,48,66.999999999993079,223.99999999997229,16.17000000000014,757.49999999987529,SSLW,model_assisted_not_ground_truth,0,0,0,0,0,0,0,0,0,0,0
13.96,147.00000000001776,111.00000000003553,69.000000000017764,177.00000000001421,134.00000000001421,48,66.000000000003553,220.00000000001421,16.190000000000158,739.48999999995294,SSLW,model_assisted_not_ground_truth,0,0,0,0,0,0,0,0,0,0,0
13.97,145.00000000000534,104.00000000001864,64.00000000001333,175.00000000000534,122.00000000003197,48,64.000000000005329,210.00000000002666,16.210000000000001,733.46999999980846,SSLW,model_assisted_not_ground_truth,0,0,0,0,0,0,0,0,0,0,0
13.98,139.00000000001066,94.000000000017764,53.00000000001954,162.00000000002308,112.00000000001776,48,64,185.00000000004439,16.210000000000097,711.45999999963533,SSLW,model_assisted_not_ground_truth,0,0,0,0,0,0,0,0,0,0,0
13.99,127.00000000001066,86.000000000007105,48.000000000004441,151.00000000000978,91.000000000018645,46.000000000001776,52.000000000010658,166.00000000001688,16.220000000000155,673.43999999997902,SSLW,model_assisted_not_ground_truth,0,0,0,0,0,0,0,0,0,0,0
14.00,108,83,48,129,64,45,46,130,16.235000000000085,671.42999999998858,SSLW,model_assisted_not_ground_truth,0,0,0,0,0,0,0,0,0,0,0
14.01,89.999999999994671,69.999999999989342,44.999999999999112,116.00000000000533,51.999999999995559,39.999999999998224,36.999999999999112,76.999999999952038,16.249999999999972,669.41999999997859,SSLW,model_assisted_not_ground_truth,0,0,0,0,0,0,0,0,0,0,0
14.02,83.999999999976907,57.999999999987566,44,121.99999999998046,47,38,35.999999999994671,22.999999999976907,16.220000000000052,645.41000000001065,SSLW,model_assisted_not_ground_truth,0,0,0,0,0,0,0,0,0,0,0
14.03,70.999999999988631,50.999999999991473,44,110.99999999995737,46.999999999997158,37.999999999985789,32.999999999988631,9.9999999999943157,16.249999999999631,651.39999999988061,SSLW,model_assisted_not_ground_truth,0,0,0,0,0,0,0,0,0,0,0
14.04,66.999999999985079,47.999999999958966,43.999999999985079,95.999999999936577,46,32.99999999999627,29,7.9999999999701572,16.119999999999514,609.39999999988061,SSLW,model_assisted_not_ground_truth,0,0,0,0,0,0,0,0,0,0,0
14.05,62.999999999944578,36.99999999996767,40.000000000004619,78.999999999981526,46,32.000000000013856,29,0,15.989999999998846,577.4099999997876,SSLW,model_assisted_not_ground_truth,0,0,0,0,0,0,0,0,0,0,0
14.06,51,30.000000000005507,40.999999999994493,75.000000000016527,46.000000000005507,34.999999999994493,29,0,15.739999999998899,531.41999999984591,SSLW,model_assisted_not_ground_truth,0,0,0,0,0,0,0,0,0,0,0
14.07,51,30.999999999942446,40.000000000006395,77.999999999993605,47.000000000031974,34.00000000001279,29,0,15.53999999999872,503.43999999982105,SSLW,model_assisted_not_ground_truth,0,0,0,0,0,0,0,0,0,0,0
14.08,51.000000000101963,21.999999999992717,41,76.999999999985434,52.000000000014566,36.000000000007283,28.999999999992717,0,15.339999999997378,475.45999999976726,SSLW,model_assisted_not_ground_truth,0,0,0,0,0,0,0,0,0,0,0
14.09,64.999999999955236,21.000000000003197,41,75.000000000006395,53.999999999993605,36.999999999996803,28.000000000003197,0,14.979999999996977,443.50999999973072,SSLW,model_assisted_not_ground_truth,0,0,0,0,0,0,0,0,0,0,0
14.10,64.000000000002302,17.000000000009237,41,77.999999999993065,71.999999999958433,37,28,0,14.609999999997825,410.55999999984624,SSLW,model_assisted_not_ground_truth,0,0,0,0,0,0,0,0,0,0,0
14.11,63.000000000001421,17.999999999998579,44.999999999994316,82.999999999992895,75.999999999994316,37,28,0,14.369999999998706,393.58999999983087,SSLW,model_assisted_not_ground_truth,0,0,0,0,0,0,0,0,0,0,0
14.12,64.999999999999289,18,44.000000000000355,107.99999999999112,76.999999999999645,37,28.999999999999645,0,14.24000000000011,376.59000000004403,SSLW,model_assisted_not_ground_truth,0,0,0,0,0,0,0,0,0,0,0
14.13,62.999999999993072,20.999999999998401,41.000000000000533,104.99999999998614,77.99999999999946,37.000000000000533,29,0.99999999999946709,14.250000000000004,380.59000000000026,SSLW,model_assisted_not_ground_truth,0,0,0,0,0,0,0,0,0,0,0
14.14,49.999999999998579,18.000000000004263,41.999999999998579,78.999999999994316,76.999999999985789,37.999999999998579,29,1.4210854715214928e-12,14.255000000000006,381.09000000000071,SSLW,model_assisted_not_ground_truth,0,0,0,0,0,0,0,0,0,0,0
14.15,48.999999999995381,21,40.999999999997691,74.999999999956117,66.999999999972289,37,29,1,14.259999999999977,381.58999999999764,SSLW,model_assisted_not_ground_truth,0,0,0,0,0,0,0,0,0,0,0
14.16,47,20.99999999998721,40.000000000003197,55.999999999971223,55,37,28.999999999993605,1,14.250000000000064,380.5900000000064,SSLW,model_assisted_not_ground_truth,0,0,0,0,0,0,0,0,0,0,0
14.17,47,17.000000000012257,41,47.000000000028599,54.999999999995914,37,27.000000000012257,1.0000000000163425,14.269999999999959,382.58999999999588,SSLW,model_assisted_not_ground_truth,0,0,0,0,0,0,0,0,0,0,0
14.18,47,20.000000000009948,40.999999999995026,54.000000000054712,53.999999999995026,37,29.999999999990052,5.0000000000099476,14.259999999999851,381.59000000000498,SSLW,model_assisted_not_ground_truth,0,0,0,0,0,0,0,0,0,0,0
14.19,47.000000000005862,21.999999999982414,40.000000000005862,64.999999999982407,53.000000000005862,36.999999999988276,27.999999999994138,7.0000000000586198,14.230000000000059,382.58999999998241,SSLW,model_assisted_not_ground_truth,0,0,0,0,0,0,0,0,0,0,0
14.20,48.000000000020783,19.000000000006928,41,62,53.999999999993072,34.999999999986144,27.000000000013856,17.000000000180123,14.239999999999862,379.59000000001384,SSLW,model_assisted_not_ground_truth,0,0,0,0,0,0,0,0,0,0,0
14.21,50.999999999989342,19.999999999996447,41,62,53.000000000003553,33.000000000007105,28.999999999992895,42.999999999907629,14.220000000000001,381.58999999999997,SSLW,model_assisted_not_ground_truth,0,0,0,0,0,0,0,0,0,0,0
14.22,51,21.999999999994671,41.999999999997335,64.999999999992013,53,33,29,50.999999999978684,14.220000000000001,381.58999999999997,SSLW,model_assisted_not_ground_truth,0,0,0,0,0,0,0,0,0,0,0
14.23,51.999999999998224,21.000000000001776,39.000000000005329,63.000000000003553,52.000000000001776,33.999999999998224,29,60.999999999982236,14.219999999999809,381.59000000000009,SSLW,model_assisted_not_ground_truth,0,0,0,0,0,0,0,0,0,0,0
14.24,59.999999999992895,21.999999999999112,39.999999999999112,65.999999999997328,52.999999999999112,34,29,76.999999999985789,14.200000000000838,381.5999999999998,SSLW,model_assisted_not_ground_truth,0,0,0,0,0,0,0,0,0,0,0
14.25,52,20,37,67,53,34,29,88,14.279999999999999,381.57999999999998,SSLW,model_assisted_not_ground_truth,0,0,0,0,0,0,0,0,0,0,0
14.26,49.999999999999112,21.999999999998224,37.999999999999552,66.000000000000895,53,33.000000000000448,27.999999999994671,90.999999999996447,14.200000000000008,381.59999999999911,SSLW,model_assisted_not_ground_truth,0,0,0,0,0,0,0,0,0,0,0
14.27,48.999999999998224,19.999999999996447,37.499999999999112,67.000000000001776,53,33.500000000000888,21.999999999989342,86.999999999992895,14.209999999999965,380.58999999999997,SSLW,model_assisted_not_ground_truth,0,0,0,0,0,0,0,0,0,0,0
14.28,47.999999999988631,18.000000000014211,37.000000000002842,68,52.999999999997158,34,16,82.999999999991473,14.189999999999971,380.59999999999718,SSLW,model_assisted_not_ground_truth,0,0,0,0,0,0,0,0,0,0,0
14.29,44,22.99999999999627,38.00000000000373,68,52,34.000000000007461,15.999999999992539,79.999999999985079,14.18,379.60000000000002,SSLW,model_assisted_not_ground_truth,0,0,0,0,0,0,0,0,0,0,0
14.30,44,22,38.999999999990763,68,51.999999999995381,36.000000000009237,13.999999999935341,75.999999999986144,14.18,379.60000000000002,SSLW,model_assisted_not_ground_truth,0,0,0,0,0,0,0,0,0,0,0
14.31,43.999999999994493,21.99999999998348,37,68.000000000005514,50.99999999998348,38,0,72.999999999928406,14.180000000000055,379.60000000000554,SSLW,model_assisted_not_ground_truth,0,0,0,0,0,0,0,0,0,0,0
14.32,43,18.999999999993605,37,69,47.999999999993605,38,0,60.000000000006395,14.190000000000127,380.5999999999936,SSLW,model_assisted_not_ground_truth,0,0,0,0,0,0,0,0,0,0,0
14.33,43,17.999999999992717,37,68.999999999985434,47.000000000007283,38,0,60.999999999985434,14.209999999999782,379.60000000000002,SSLW,model_assisted_not_ground_truth,0,0,0,0,0,0,0,0,0,0,0
14.34,43,17.000000000003197,37,67.000000000006395,47.999999999996803,38,0,59.000000000006395,14.180000000000081,379.60000000000821,SSLW,model_assisted_not_ground_truth,0,0,0,0,0,0,0,0,0,0,0
14.35,43,17,37,67,47.000000000002309,38,0,50.000000000020783,14.190000000000271,380.60000000000002,SSLW,model_assisted_not_ground_truth,0,0,0,0,0,0,0,0,0,0,0
14.36,43,16.000000000001421,37,67,47,38,0,44.000000000008527,14.2200000000001,380.60000000000997,SSLW,model_assisted_not_ground_truth,0,0,0,0,0,0,0,0,0,0,0
14.37,43,16,37,64.000000000001066,47.999999999999645,38,0,38.000000000002132,14.230000000000054,381.60000000000537,SSLW,model_assisted_not_ground_truth,0,0,0,0,0,0,0,0,0,0,0
14.38,37.999999999998934,17,36.999999999999467,63.000000000000533,48,38,0,39.000000000003197,14.24,382.60000000000002,SSLW,model_assisted_not_ground_truth,0,0,0,0,0,0,0,0,0,0,0
14.39,35.999999999998579,17.000000000002842,35.999999999998579,64.000000000002842,47.999999999998579,38,0,44.999999999998579,14.24,382.60000000000002,SSLW,model_assisted_not_ground_truth,0,0,0,0,0,0,0,0,0,0,0
14.40,35,19.000000000002309,35,66,47,37.999999999988454,0,44.000000000011546,14.239999999999931,382.59999999999309,SSLW,model_assisted_not_ground_truth,0,0,0,0,0,0,0,0,0,0,0
14.41,34.999999999996803,19.999999999996803,35.000000000003197,65.999999999993605,47,33,0,48.999999999984013,14.210000000000033,379.60000000000321,SSLW,model_assisted_not_ground_truth,0,0,0,0,0,0,0,0,0,0,0
14.42,33.999999999967315,19,36.000000000004086,64.000000000004093,47,33,0,43.999999999991829,14.220000000000041,380.60000000000412,SSLW,model_assisted_not_ground_truth,0,0,0,0,0,0,0,0,0,0,0
14.43,26.000000000004974,19.000000000019895,37.000000000004974,65.000000000004974,46.999999999995026,33,5.4711790653577474e-11,41.999999999975131,14.23,381.60000000000002,SSLW,model_assisted_not_ground_truth,0,0,0,0,0,0,0,0,0,0,0
14.44,27.000000000041034,23,38,65.999999999994131,46,32.999999999994138,11.000000000017586,37.000000000105516,14.23,381.60000000000002,SSLW,model_assisted_not_ground_truth,0,0,0,0,0,0,0,0,0,0,0
14.45,34,23.000000000020783,38.000000000013856,65.000000000006921,46.000000000006928,32,14.000000000083134,55.000000000152411,14.23,381.60000000000002,SSLW,model_assisted_not_ground_truth,0,0,0,0,0,0,0,0,0,0,0
14.46,34,25.999999999989342,39.999999999992895,65.999999999996447,46.999999999996447,32,25.999999999957367,76.99999999992184,14.230000000000079,381.60000000000787,SSLW,model_assisted_not_ground_truth,0,0,0,0,0,0,0,0,0,0,0
14.47,35.999999999994671,30.999999999986677,40,65.000000000002672,47,32.999999999997335,26.999999999997335,79.999999999992013,14.24,382.60000000000002,SSLW,model_assisted_not_ground_truth,0,0,0,0,0,0,0,0,0,0,0
14.48,36.999999999998224,30.000000000001776,37.000000000005329,65.999999999998224,48.999999999996447,33,26.000000000001776,95.999999999971578,14.24,382.60000000000002,SSLW,model_assisted_not_ground_truth,0,0,0,0,0,0,0,0,0,0,0
14.49,37.999999999999112,37.999999999992895,37,66,51.999999999997335,33,26,111.99999999998579,14.24,382.60000000000002,SSLW,model_assisted_not_ground_truth,0,0,0,0,0,0,0,0,0,0,0
14.50,38,50,41,78,62,37,27,119,14.24,382.60000000000002,SSLW,model_assisted_not_ground_truth,0,0,0,0,0,0,0,0,0,0,0
14.51,39,57.000000000006217,43.000000000000888,96.000000000005329,64.000000000008882,38,27.000000000000888,125.00000000001776,14.18999999999987,384.60000000000008,SSLW,model_assisted_not_ground_truth,0,0,0,0,0,0,0,0,0,0,0
14.52,39.000000000001776,64.000000000007105,44.000000000001776,102.00000000001066,74.000000000010658,38.000000000003553,28,145.00000000003197,14.044999999999742,384.6350000000001,SSLW,model_assisted_not_ground_truth,0,0,0,0,0,0,0,0,0,0,0
14.53,40,68.000000000054001,45.000000000002842,108.00000000002274,80.000000000028422,40.000000000002842,28.000000000008527,163.00000000005969,13.899999999997954,384.67000000004305,SSLW,model_assisted_not_ground_truth,0,0,0,0,0,0,0,0,0,0,0
14.54,40.000000000041034,87.000000000037303,46.000000000007461,116.0000000000485,90.000000000074607,41.000000000011191,31.000000000048495,184.00000000011192,13.179999999992129,399.81000000039262,SSLW,model_assisted_not_ground_truth,0,0,0,0,0,0,0,0,0,0,0
14.55,51.00000000003233,97.000000000092371,48.000000000060041,129.00000000012008,110.00000000008313,44,44.000000000175504,214.00000000012932,11.069999999993996,505.06000000047675,SSLW,model_assisted_not_ground_truth,0,0,0,0,0,0,0,0,0,0,0
14.56,58.000000000214762,117.00000000013767,61.000000000121148,155.00000000008259,128.00000000019273,44.000000000011013,82.000000000192742,242.00000000009362,9.7699999999974665,608.28000000028123,SSLW,model_assisted_not_ground_truth,0,0,0,0,0,0,0,0,0,0,0
14.57,97.000000000076739,142.0000000001215,83.000000000147082,170.00000000018545,163.00000000014069,46,117.00000000007674,259.00000000013432,9.3099999999992971,659.35000000015361,SSLW,model_assisted_not_ground_truth,0,0,0,0,0,0,0,0,0,0,0
14.58,109.00000000002184,161.00000000008012,106.0000000001238,199.00000000006554,185.00000000014566,46,129.00000000010925,280.00000000003644,9.2000000000002178,683.37000000021874,SSLW,model_assisted_not_ground_truth,0,0,0,0,0,0,0,0,0,0,0
14.59,111.99999999999041,171.99999999996481,122.99999999994564,207.99999999997124,204.99999999993605,46,143.99999999995202,284.99999999998403,9.2300000000006541,713.41000000020426,SSLW,model_assisted_not_ground_truth,0,0,0,0,0,0,0,0,0,0,0
14.60,114.99999999999307,173.9999999999954,134.99999999997229,216.99999999997922,216.99999999997229,49.999999999990763,150.99999999998383,283.0000000000046,9.3100000000007253,738.40500000022644,SSLW,model_assisted_not_ground_truth,0,0,0,0,0,0,0,0,0,0,0
14.61,118.99999999999432,175.99999999999716,152.99999999997442,221.99999999999289,223.99999999999005,55.999999999991473,160.99999999998579,274.00000000001279,9.3900000000038801,763.40000000029829,SSLW,model_assisted_not_ground_truth,0,0,0,0,0,0,0,0,0,0,0
14.62,114.00000000000178,176,151.00000000000071,225.99999999999858,227.99999999999858,56,157.00000000000142,265.00000000000318,9.7800000000035237,793.39000000036356,SSLW,model_assisted_not_ground_truth,0,0,0,0,0,0,0,0,0,0,0
14.63,107.99999999999839,174.99999999999787,150.99999999999892,230.99999999999892,225.99999999999892,62.000000000003197,143.99999999999466,253.99999999999841,10.10000000000008,826.40000000001646,SSLW,model_assisted_not_ground_truth,0,0,0,0,0,0,0,0,0,0,0
14.64,104.99999999999574,171,148.99999999999716,228.99999999999858,223.99999999999858,68.000000000005684,133.99999999999147,250.99999999999574,10.250000000000398,857.40000000003829,SSLW,model_assisted_not_ground_truth,0,0,0,0,0,0,0,0,0,0,0
14.65,101.99999999997691,170.9999999999977,146.99999999999076,228,222.99999999999537,71.999999999995381,127.99999999997691,248.00000000001847,10.530000000000415,884.3800000000831,SSLW,model_assisted_not_ground_truth,0,0,0,0,0,0,0,0,0,0,0
14.66,91.999999999996803,170,142.99999999999039,227.999999999984,221,69.99999999998721,117.99999999999041,256.00000000001597,10.710000000000544,920.39000000008309,SSLW,model_assisted_not_ground_truth,0,0,0,0,0,0,0,0,0,0,0
14.67,91.000000000024514,169.99999999998366,139.99999999998775,223.00000000001225,221.00000000000819,65.999999999975486,114.99999999999591,260.9999999999755,10.880000000000553,946.37000000008379,SSLW,model_assisted_not_ground_truth,0,0,0,0,0,0,0,0,0,0,0
14.68,97.000000000019895,166,136.99999999996021,226.00000000000995,222.99999999999005,59.999999999975131,113.99999999995524,254.99999999999503,11.015000000000672,966.86500000010199,SSLW,model_assisted_not_ground_truth,0,0,0,0,0,0,0,0,0,0,0
14.69,101,165.99999999997655,128.9999999999531,227.99999999998826,220.99999999998826,54.999999999982414,104.99999999991793,253.99999999998826,11.150000000001114,987.36000000012314,SSLW,model_assisted_not_ground_truth,0,0,0,0,0,0,0,0,0,0,0
14.70,100.99999999995151,162,120.99999999997922,225.99999999999307,218.99999999998616,51.999999999993072,90.999999999903011,252.00000000001384,11.340000000001801,1008.3600000000343,SSLW,model_assisted_not_ground_truth,0,0,0,0,0,0,0,0,0,0,0
14.71,94.000000000024869,162,118.00000000001066,225.00000000000355,217.00000000000711,51.000000000003553,77.000000000049738,253.99999999999289,11.600000000002266,1013.3200000000464,SSLW,model_assisted_not_ground_truth,0,0,0,0,0,0,0,0,0,0,0
14.72,88.000000000015987,161.00000000000267,116.00000000000533,220.00000000001333,212.00000000001333,51,71.000000000015987,254,11.890000000002351,1019.259999999869,SSLW,model_assisted_not_ground_truth,0,0,0,0,0,0,0,0,0,0,0
14.73,87.000000000001776,157.00000000000711,115.00000000000178,217.00000000000534,207.00000000000887,51.999999999998224,63.000000000014211,254.99999999999824,12.160000000001247,1004.2099999999232,SSLW,model_assisted_not_ground_truth,0,0,0,0,0,0,0,0,0,0,0
14.74,86.000000000000881,146.00000000000978,112.00000000000267,205.00000000001066,204.00000000000267,53.999999999998224,54.000000000007994,258.99999999999648,12.290000000000624,996.19499999996151,SSLW,model_assisted_not_ground_truth,0,0,0,0,0,0,0,0,0,0,0
14.75,82,141,111,200,201,51,42,261,12.42,988.17999999999995,SSLW,model_assisted_not_ground_truth,0,0,0,0,0,0,0,0,0,0,0
14.76,82.500000000000441,138.49999999999778,105.49999999999511,195.49999999999599,198.99999999999824,51,39.999999999998224,264.00000000000267,12.700000000000212,969.1299999999751,SSLW,model_assisted_not_ground_truth,0,0,0,0,0,0,0,0,0,0,0
14.77,83.000000000007105,135.9999999999911,99.999999999976907,190.99999999998045,197,51.000000000001776,37.999999999996447,267,12.940000000000515,941.07999999996446,SSLW,model_assisted_not_ground_truth,0,0,0,0,0,0,0,0,0,0,0
14.78,86.999999999997158,130.99999999999432,87,179.99999999997442,196.99999999999432,51.999999999997158,35.999999999997158,267.00000000000853,13.230000000000569,921.05999999992878,SSLW,model_assisted_not_ground_truth,0,0,0,0,0,0,0,0,0,0,0
14.79,85.999999999996263,128.9999999999888,86.999999999988802,171.00000000002984,194.99999999998136,51.00000000000373,35,269.99999999998136,13.430000000000634,896.03999999989912,SSLW,model_assisted_not_ground_truth,0,0,0,0,0,0,0,0,0,0,0
14.80,85.000000000004619,125.99999999998614,83.999999999986144,178.99999999996305,189.99999999997689,51.999999999981526,35,264.99999999994918,13.600000000001755,869.01999999981979,SSLW,model_assisted_not_ground_truth,0,0,0,0,0,0,0,0,0,0,0
14.81,86.000000000022027,123,80.999999999977973,170.99999999996695,184.99999999997797,48.000000000005507,34.999999999961453,253.99999999997797,13.980000000000414,829.99999999993929,SSLW,model_assisted_not_ground_truth,0,0,0,0,0,0,0,0,0,0,0
14.82,90.000000000006395,122.99999999991687,76.999999999968026,165.00000000003837,180.99999999992966,48.999999999980815,28.000000000006395,249.99999999996163,14.055000000000479,818.98499999992953,SSLW,model_assisted_not_ground_truth,0,0,0,0,0,0,0,0,0,0,0
14.83,90.999999999985434,110,71.999999999963592,170.99999999999272,169.9999999999126,46,29,243.99999999995632,14.130000000000948,807.96999999983245,SSLW,model_assisted_not_ground_truth,0,0,0,0,0,0,0,0,0,0,0
14.84,89.000000000006395,110,67.000000000015987,170.00000000000318,158.00000000003837,46,29,238.00000000001918,14.26000000000049,784.96000000002437,SSLW,model_assisted_not_ground_truth,0,0,0,0,0,0,0,0,0,0,0
14.85,88.000000000002302,107.00000000000693,64.000000000006935,169.0000000000023,153.00000000001154,46.999999999997691,28.000000000002309,232.00000000001387,14.320000000000544,787.93999999998186,SSLW,model_assisted_not_ground_truth,0,0,0,0,0,0,0,0,0,0,0
14.86,83.000000000007105,106.00000000000142,59.000000000007105,167.00000000000284,144.00000000001279,47,29.999999999997158,226.00000000000853,14.380000000001095,785.9300000000494,SSLW,model_assisted_not_ground_truth,0,0,0,0,0,0,0,0,0,0,0
14.87,83.999999999999645,104.00000000000071,55.000000000001421,160.0000000000025,139.00000000000176,47,30,225.00000000000034,14.490000000001322,790.89999999996667,SSLW,model_assisted_not_ground_truth,0,0,0,0,0,0,0,0,0,0,0
14.88,80.99999999999946,102.99999999999946,53.999999999998401,163.00000000000054,136.99999999999841,47,30,223.99999999999892,14.610000000000026,787.88000000000136,SSLW,model_assisted_not_ground_truth,0,0,0,0,0,0,0,0,0,0,0
14.89,79.999999999998579,101.99999999999574,50.999999999998579,164.00000000000142,134.00000000000142,46.999999999998579,30,221.99999999999574,14.660000000000071,790.36500000000353,SSLW,model_assisted_not_ground_truth,0,0,0,0,0,0,0,0,0,0,0
14.90,79.000000000004619,98.999999999990763,50.000000000011546,164.99999999998846,134.99999999999537,46.000000000002309,29.999999999997691,218.9999999999977,14.710000000000324,792.85000000000684,SSLW,model_assisted_not_ground_truth,0,0,0,0,0,0,0,0,0,0,0
14.91,81.000000000003197,95.000000000006395,54.999999999984013,160.00000000001279,132.99999999998721,47,29.000000000003197,217.99999999998082,14.850000000000351,795.81000000002541,SSLW,model_assisted_not_ground_truth,0,0,0,0,0,0,0,0,0,0,0
14.92,82.000000000032685,97.000000000008171,50.000000000012257,163.99999999996322,129,47,29.999999999991829,212.00000000000819,14.960000000000205,803.77000000001624,SSLW,model_assisted_not_ground_truth,0,0,0,0,0,0,0,0,0,0,0
14.93,90.000000000054712,99.000000000019895,53,154.99999999997513,128.99999999997513,47,28.000000000014921,214.00000000003482,15.010000000000348,807.76000000005968,SSLW,model_assisted_not_ground_truth,0,0,0,0,0,0,0,0,0,0,0
14.94,101.00000000001759,103.00000000000587,52.999999999988276,149.99999999998826,124.00000000001172,47,31.000000000005862,221.00000000000585,15.08000000000041,819.75000000009959,SSLW,model_assisted_not_ground_truth,0,0,0,0,0,0,0,0,0,0,0
14.95,104.00000000013162,104.00000000003463,51.000000000020783,148.00000000002078,125.99999999999308,47,32.000000000006928,222.00000000004155,15.150000000000244,836.73000000003458,SSLW,model_assisted_not_ground_truth,0,0,0,0,0,0,0,0,0,0,0
14.96,122.9999999999325,108.99999999998224,53.999999999989342,150.99999999998934,125.00000000000355,47,32.999999999996447,227.99999999997868,15.185000000000274,841.72000000003902,SSLW,model_assisted_not_ground_truth,0,0,0,0,0,0,0,0,0,0,0
14.97,134.99999999996803,116.99999999997868,57.999999999989342,139.00000000003197,122.00000000000799,46.000000000002665,33,229.99999999999466,15.220000000000436,846.71000000012168,SSLW,model_assisted_not_ground_truth,0,0,0,0,0,0,0,0,0,0,0
14.98,141.99999999998755,123.99999999998757,61.999999999992895,131.00000000001421,127.99999999998934,48.999999999994671,33.999999999998224,236.99999999998755,15.270000000000287,860.69000000034521,SSLW,model_assisted_not_ground_truth,0,0,0,0,0,0,0,0,0,0,0
14.99,157.99999999998579,128.99999999999557,65.999999999996447,145.99999999998667,128,51.999999999997335,41.999999999992895,246.99999999999113,15.300000000001154,896.6699999999264,SSLW,model_assisted_not_ground_truth,0,0,0,0,0,0,0,0,0,0,0
15.00,167,141,69,149,131,56,52,252,15.41,889.64999999999998,SSLW,model_assisted_not_ground_truth,0,0,0,0,0,0,0,0,0,0,0
15.01,172.00000000000978,157.00000000000355,72.000000000010658,152.00000000000622,136.99999999999912,57.00000000001954,59.000000000008882,261.00000000000801,15.450000000000079,899.64000000000703,SSLW,model_assisted_not_ground_truth,0,0,0,0,0,0,0,0,0,0,0
15.02,183.00000000000534,161.00000000000534,84.000000000021316,159.00000000002311,136.00000000001066,78.999999999994671,69.000000000042633,270.00000000000887,15.54000000000007,907.61000000000706,SSLW,model_assisted_not_ground_truth,0,0,0,0,0,0,0,0,0,0,0
15.03,186.00000000004832,164.00000000000853,96.000000000011369,172.00000000002558,142.00000000001137,76.000000000005684,93.00000000002558,275.00000000000853,15.5800000000001,911.58000000001562,SSLW,model_assisted_not_ground_truth,0,0,0,0,0,0,0,0,0,0,0
15.04,203.00000000001492,167.0000000000224,100.00000000002984,181.00000000004476,146.00000000001492,77.999999999981341,102.00000000001866,278.00000000001864,15.61500000000013,917.07000000002051,SSLW,model_assisted_not_ground_truth,0,0,0,0,0,0,0,0,0,0,0
15.05,207.00000000000463,173.00000000003695,108.00000000004619,193.00000000001847,150.00000000002311,73.000000000013856,106.99999999999076,283,15.650000000000231,922.56000000002302,SSLW,model_assisted_not_ground_truth,0,0,0,0,0,0,0,0,0,0,0
15.06,208.00000000000551,181.00000000002203,118.00000000000551,197.00000000004405,155.00000000004957,76.000000000049567,105.00000000004957,283,15.70000000000022,927.54999999991173,SSLW,model_assisted_not_ground_truth,0,0,0,0,0,0,0,0,0,0,0
15.07,209,184.99999999999361,119.00000000001279,205.00000000000639,164.00000000002558,84.999999999955236,114.00000000003837,283.00000000000642,15.74000000000064,911.52999999999975,SSLW,model_assisted_not_ground_truth,0,0,0,0,0,0,0,0,0,0,0
15.08,208.99999999998545,184.00000000001455,120.99999999997816,206.00000000001455,168.00000000004368,78,120.00000000005097,283.9999999999709,15.840000000000437,911.49999999988358,SSLW,model_assisted_not_ground_truth,0,0,0,0,0,0,0,0,0,0,0
15.09,207.00000000000639,185.99999999999361,118.00000000000959,207.99999999999361,173.99999999998082,78,126.99999999997762,280.00000000001279,15.900000000000654,895.50999999992621,SSLW,model_assisted_not_ground_truth,0,0,0,0,0,0,0,0,0,0,0
15.10,204.00000000000693,185.0000000000023,115.00000000000693,208,176.99999999999307,75.000000000006935,118.00000000002078,276.00000000000921,15.980000000000862,886.47999999994113,SSLW,model_assisted_not_ground_truth,0,0,0,0,0,0,0,0,0,0,0
15.11,192.00000000001705,177.00000000001137,109.00000000000853,208,171.00000000000853,75,111.00000000000995,272.00000000000568,16.075000000000948,879.97499999993533,SSLW,model_assisted_not_ground_truth,0,0,0,0,0,0,0,0,0,0,0
15.12,187.00000000000176,172.00000000000176,107.00000000000071,205.00000000000108,168.00000000000108,71.000000000001421,111,265.0000000000025,16.170000000000993,873.46999999963646,SSLW,model_assisted_not_ground_truth,0,0,0,0,0,0,0,0,0,0,0
15.13,174.99999999999733,153.99999999999892,104.99999999999361,201.99999999999679,156.99999999999466,61.99999999999627,97.999999999998394,246.99999999999787,16.260000000000019,840.45999999999685,SSLW,model_assisted_not_ground_truth,0,0,0,0,0,0,0,0,0,0,0
15.14,169.99999999998863,151.999999999973,92.999999999981526,195.99999999999289,146.99999999999574,54.999999999990052,94.999999999990052,242.99999999999432,16.289999999999957,834.44999999993888,SSLW,model_assisted_not_ground_truth,0,0,0,0,0,0,0,0,0,0,0
15.15,161.99999999997922,132.99999999999307,79.999999999988447,190.99999999999537,143.99999999998383,47.999999999997691,87.999999999972289,238.99999999998153,16.26000000000014,791.44000000000005,SSLW,model_assisted_not_ground_truth,0,0,0,0,0,0,0,0,0,0,0
15.16,152.99999999997442,129.99999999997442,74.999999999990408,189.00000000000321,136.99999999998082,47,75.999999999984013,230.99999999996481,16.319999999999936,791.41999999989127,SSLW,model_assisted_not_ground_truth,0,0,0,0,0,0,0,0,0,0,0
15.17,144.99999999997547,121.99999999998774,71.999999999987736,189.99999999995097,130.99999999992644,46.999999999995914,70.999999999963222,219.99999999996732,16.300000000000082,757.41999999996108,SSLW,model_assisted_not_ground_truth,0,0,0,0,0,0,0,0,0,0,0
15.18,138.99999999996518,118.99999999996021,68.999999999920419,177.99999999993037,112.99999999994529,46,61.999999999980105,211.99999999990052,16.3200000000001,747.90999999995267,SSLW,model_assisted_not_ground_truth,0,0,0,0,0,0,0,0,0,0,0
15.19,131.99999999990035,111.00000000000587,52.99999999997069,163.99999999994137,101.99999999988862,46,57.999999999947242,191.99999999990035,16.340000000000117,738.39999999995302,SSLW,model_assisted_not_ground_truth,0,0,0,0,0,0,0,0,0,0,0
15.20,114.99999999988223,111.99999999990995,48,153.99999999984067,82.999999999826812,45.999999999993072,48.999999999979217,174.9999999998476,16.359999999999651,730.38999999976443,SSLW,model_assisted_not_ground_truth,0,0,0,0,0,0,0,0,0,0,0
15.21,98.000000000060396,99.000000000046185,48,131.00000000008171,58.000000000088818,45.000000000003553,46.000000000010658,153.00000000007816,16.309999999999921,696.37999999991405,SSLW,model_assisted_not_ground_truth,0,0,0,0,0,0,0,0,0,0,0
15.22,86.000000000031974,87.000000000031974,45.000000000007994,127.00000000001066,52.000000000015987,40.000000000013323,38.000000000021316,104.00000000013057,16.299999999999564,685.37999999958208,SSLW,model_assisted_not_ground_truth,0,0,0,0,0,0,0,0,0,0,0
15.23,80.000000000010658,62.000000000044409,45,119.00000000001421,45.000000000012434,39.000000000001776,36.000000000003553,58.000000000081712,16.249999999998657,637.36999999964519,SSLW,model_assisted_not_ground_truth,0,0,0,0,0,0,0,0,0,0,0
15.24,70.000000000008882,50.000000000010658,45,116.00000000000267,45.999999999999112,37.000000000001776,34.000000000001776,22.000000000031974,16.109999999999058,600.3799999998115,SSLW,model_assisted_not_ground_truth,0,0,0,0,0,0,0,0,0,0,0
15.25,68,41,41,111,45,34,33,7,16.019999999999488,582.38999999989778,SSLW,model_assisted_not_ground_truth,0,0,0,0,0,0,0,0,0,0,0
15.26,65,33.999999999997335,39,108.99999999997691,45.000000000001776,33.999999999999112,31,0.99999999999911182,15.92999999999976,564.39999999996087,SSLW,model_assisted_not_ground_truth,0,0,0,0,0,0,0,0,0,0,0
15.27,64.999999999998224,30.999999999996447,39.000000000001776,83.000000000001776,47.000000000007105,33.000000000001776,30.999999999996447,0,15.659999999999503,520.4199999999289,SSLW,model_assisted_not_ground_truth,0,0,0,0,0,0,0,0,0,0,0
15.28,64.000000000005684,28.999999999994316,39.999999999997158,83.999999999997158,51.000000000008527,34.000000000002842,29,0,15.379999999999063,480.44999999990631,SSLW,model_assisted_not_ground_truth,0,0,0,0,0,0,0,0,0,0,0
15.29,66.000000000003737,26.999999999988809,39.00000000000373,83.000000000003737,54.000000000070877,35.000000000011191,28.99999999999627,3.7303493627439187e-12,15.049999999998919,447.4899999998882,SSLW,model_assisted_not_ground_truth,0,0,0,0,0,0,0,0,0,0,0
15.30,66.999999999990763,23.999999999990763,40,83.999999999958433,73.000000000027711,38,28,1,14.759999999999307,417.51999999992154,SSLW,model_assisted_not_ground_truth,0,0,0,0,0,0,0,0,0,0,0
15.31,65,21.999999999977973,40.000000000005507,75.00000000003304,79.00000000003304,38,28.000000000005507,1,14.609999999999228,400.52999999992846,SSLW,model_assisted_not_ground_truth,0,0,0,0,0,0,0,0,0,0,0
15.32,64.999999999993605,18.000000000022382,40.999999999996803,81.000000000108713,85.000000000015987,38,29,1.0000000000031974,14.469999999999873,387.54000000000326,SSLW,model_assisted_not_ground_truth,0,0,0,0,0,0,0,0,0,0,0
15.33,63.999999999998401,21.500000000005596,40.499999999999204,98.000000000027171,87.500000000003993,38,29,1.5000000000007994,14.449999999999854,388.05000000000371,SSLW,model_assisted_not_ground_truth,0,0,0,0,0,0,0,0,0,0,0
15.34,63.000000000003197,24.999999999988809,40.000000000001599,114.99999999994564,89.999999999992013,38,29,1.9999999999984013,14.43,388.56,SSLW,model_assisted_not_ground_truth,0,0,0,0,0,0,0,0,0,0,0
15.35,52.000000000025402,25,40.999999999997691,118.99999999999076,88.000000000004619,38,27.000000000004619,2,14.429999999999728,388.56000000000012,SSLW,model_assisted_not_ground_truth,0,0,0,0,0,0,0,0,0,0,0
15.36,50.000000000002842,24.000000000001421,41,91.00000000003979,83.000000000007105,37.000000000001421,28.999999999997158,2.8421709430404007e-12,14.400000000000199,388.56999999998993,SSLW,model_assisted_not_ground_truth,0,0,0,0,0,0,0,0,0,0,0
15.37,45.000000000001776,24.999999999999645,41,67.000000000008527,76.000000000002487,37,28.000000000000355,6.9999999999975131,14.42000000000022,387.55999999998886,SSLW,model_assisted_not_ground_truth,0,0,0,0,0,0,0,0,0,0,0
15.38,45.000000000001599,22.000000000000533,41,65.000000000001066,69.999999999991999,37.000000000000533,29,11.000000000005329,14.439999999999989,386.54999999999893,SSLW,model_assisted_not_ground_truth,0,0,0,0,0,0,0,0,0,0,0
15.39,48.000000000001421,22.999999999997158,41,66.999999999997158,55,37.999999999998579,29,21.000000000036948,14.419999999999972,384.55000000000143,SSLW,model_assisted_not_ground_truth,0,0,0,0,0,0,0,0,0,0,0
15.40,49.000000000006928,20.999999999995381,40.999999999995381,65.000000000016172,55,37.000000000002309,29,47.00000000003233,14.399999999999977,385.55999999999767,SSLW,model_assisted_not_ground_truth,0,0,0,0,0,0,0,0,0,0,0
15.41,52.000000000044764,19.00000000001279,39.000000000003197,72.000000000006395,54.999999999996803,37.999999999996803,29,61.000000000063949,14.389999999999969,384.55499999999677,SSLW,model_assisted_not_ground_truth,0,0,0,0,0,0,0,0,0,0,0
15.42,66,23.000000000008171,40,73.999999999995907,54,37.000000000004086,29,81.000000000032685,14.380000000000123,383.55000000000001,SSLW,model_assisted_not_ground_truth,0,0,0,0,0,0,0,0,0,0,0
15.43,65.999999999995026,25,39.999999999995026,73.000000000004974,54,37.999999999975131,29,89.000000000054712,14.40999999999995,383.54999999999501,SSLW,model_assisted_not_ground_truth,0,0,0,0,0,0,0,0,0,0,0
15.44,65.000000000005869,24.999999999994138,39,74,53.999999999994138,33.00000000002931,28.999999999994138,100.00000000002345,14.399999999999942,382.54999999999416,SSLW,model_assisted_not_ground_truth,0,0,0,0,0,0,0,0,0,0,0
15.45,65.999999999986144,23.999999999986144,39.000000000006928,73.999999999993079,53.000000000006928,37.999999999993072,28,104.00000000001386,14.390000000000001,381.55000000000001,SSLW,model_assisted_not_ground_truth,0,0,0,0,0,0,0,0,0,0,0
15.46,64.000000000007105,22.000000000007105,39.999999999996447,73.000000000003553,53.999999999996447,37.000000000003553,28,105.99999999999289,14.390000000000001,381.55000000000001,SSLW,model_assisted_not_ground_truth,0,0,0,0,0,0,0,0,0,0,0
15.47,50.000000000037303,23.999999999994671,39.000000000002665,73,53.000000000002665,37,18.000000000026645,108.99999999999201,14.390000000000001,381.55000000000001,SSLW,model_assisted_not_ground_truth,0,0,0,0,0,0,0,0,0,0,0
15.48,46.000000000007105,22.000000000003553,39,74.999999999996447,53.999999999998224,37,14.000000000007105,104.00000000000888,14.390000000000001,381.55000000000001,SSLW,model_assisted_not_ground_truth,0,0,0,0,0,0,0,0,0,0,0
15.49,44.000000000001776,22.999999999999112,39.999999999999112,74.000000000000881,54,37,14.999999999999112,104,14.390000000000001,381.55000000000001,SSLW,model_assisted_not_ground_truth,0,0,0,0,0,0,0,0,0,0,0
15.50,44,24,41,74,54,37,15,101,14.390000000000001,381.55000000000001,SSLW,model_assisted_not_ground_truth,0,0,0,0,0,0,0,0,0,0,0
15.51,44,23.999999999999112,39.999999999999112,74.999999999995552,53.999999999999112,37.000000000000888,14.999999999986677,89.999999999999105,14.38000000000001,380.55000000000092,SSLW,model_assisted_not_ground_truth,0,0,0,0,0,0,0,0,0,0,0
15.52,44,23,39.000000000001776,70.000000000001776,53,38,0,88.999999999985789,14.389999999999947,381.55000000000001,SSLW,model_assisted_not_ground_truth,0,0,0,0,0,0,0,0,0,0,0
15.53,44,23.000000000014211,39.999999999994316,71.000000000002842,52.999999999988631,38,0,80.999999999997158,14.360000000000056,381.5599999999971,SSLW,model_assisted_not_ground_truth,0,0,0,0,0,0,0,0,0,0,0
15.54,43.99999999999627,27.999999999985079,38,71.999999999992539,48.99999999999627,38,0,79.999999999955236,14.379999999999889,380.55000000000001,SSLW,model_assisted_not_ground_truth,0,0,0,0,0,0,0,0,0,0,0
15.55,43.000000000004619,24.000000000004619,37.999999999995381,69.999999999990763,48,38,0,68.000000000009237,14.349999999999863,380.55500000000001,SSLW,model_assisted_not_ground_truth,0,0,0,0,0,0,0,0,0,0,0
15.56,43.999999999994493,24.999999999988987,37.000000000011013,67.999999999994486,48,38,0,69.999999999983473,14.320000000000331,380.55999999999995,SSLW,model_assisted_not_ground_truth,0,0,0,0,0,0,0,0,0,0,0
15.57,43,23,38.99999999998721,67,48,38,0,66.999999999872102,14.380000000000001,380.55000000000001,SSLW,model_assisted_not_ground_truth,0,0,0,0,0,0,0,0,0,0,0
15.58,42.999999999978151,23.000000000007283,37,66.999999999978158,48,38,0,47.000000000021849,14.379999999999855,380.55000000000734,SSLW,model_assisted_not_ground_truth,0,0,0,0,0,0,0,0,0,0,0
15.59,40.000000000009592,23.999999999996803,37,64.000000000009592,48,38,0,49.999999999990408,14.360000000000081,381.55999999998357,SSLW,model_assisted_not_ground_truth,0,0,0,0,0,0,0,0,0,0,0
15.60,40,24,37,63.000000000002309,47.000000000002309,38,0,51.999999999995381,14.369999999999999,379.55000000000001,SSLW,model_assisted_not_ground_truth,0,0,0,0,0,0,0,0,0,0,0
15.61,36.000000000004974,24,36.000000000001243,63.999999999998757,47.999999999998757,38,0,52,14.3700000000001,379.55000000001013,SSLW,model_assisted_not_ground_truth,0,0,0,0,0,0,0,0,0,0,0
15.62,25.000000000003908,21.000000000001066,36,60.000000000001421,47.000000000000355,37.000000000000355,0,55.999999999998579,14.379999999999836,380.55000000000001,SSLW,model_assisted_not_ground_truth,0,0,0,0,0,0,0,0,0,0,0
15.63,27.000000000002132,22.000000000000533,35.99999999999973,65.99999999999973,47,37.999999999998664,0,51.999999999998401,14.364999999999906,380.55000000000001,SSLW,model_assisted_not_ground_truth,0,0,0,0,0,0,0,0,0,0,0
15.64,31.000000000005684,23.000000000001421,35.499999999999289,65.499999999999289,47,35.499999999996447,0,48.999999999995737,14.35,380.55000000000001,SSLW,model_assisted_not_ground_truth,0,0,0,0,0,0,0,0,0,0,0
15.65,34.999999999997691,24.000000000002309,35.000000000004619,65,47.000000000004619,33,2.771116669466911e-11,46.000000000043876,14.35,380.55000000000001,SSLW,model_assisted_not_ground_truth,0,0,0,0,0,0,0,0,0,0,0
15.66,34,25.000000000009592,37.000000000006395,65.000000000015987,49.00000000001279,32.999999999996803,12.00000000001279,65.000000000060751,14.35,380.55000000000001,SSLW,model_assisted_not_ground_truth,0,0,0,0,0,0,0,0,0,0,0
15.67,34.000000000016342,28.000000000028599,39.000000000008171,70.000000000012264,53.000000000057199,32.000000000020428,16.000000000044942,84.000000000028606,14.35,380.5500000000041,SSLW,model_assisted_not_ground_truth,0,0,0,0,0,0,0,0,0,0,0
15.68,38.000000000009948,35.000000000049738,41.000000000009948,72.999999999990052,67.000000000059686,37,27.000000000004974,91.000000000084555,14.350000000000199,381.55000000000501,SSLW,model_assisted_not_ground_truth,0,0,0,0,0,0,0,0,0,0,0
15.69,40.000000000005862,45.000000000140687,43.000000000011724,71.000000000046896,79.000000000029317,37.000000000005862,28,108.00000000010552,14.389999999999532,382.55000000000604,SSLW,model_assisted_not_ground_truth,0,0,0,0,0,0,0,0,0,0,0
15.70,41.000000000006928,69.000000000110845,44.999999999986144,79.0000000001247,84.000000000027711,38,28.000000000020783,126.0000000002494,14.309999999999446,383.57500000000709,SSLW,model_assisted_not_ground_truth,0,0,0,0,0,0,0,0,0,0,0
15.71,41.999999999996447,84.999999999943157,43.000000000007105,96.999999999936051,87.999999999985789,38,30.999999999989342,161.9999999998721,14.229999999997343,384.60000000000849,SSLW,model_assisted_not_ground_truth,0,0,0,0,0,0,0,0,0,0,0
15.72,42,103.99999999994938,44.999999999994671,102.99999999998401,94.999999999981355,40.999999999992006,33.999999999992006,174.99999999996535,13.889999999993124,385.68000000009687,SSLW,model_assisted_not_ground_truth,0,0,0,0,0,0,0,0,0,0,0
15.73,43.999999999996447,111.99999999998579,45.999999999998224,120.99999999996803,108.99999999997513,43.999999999994671,36.999999999994671,188.99999999997513,13.099999999978992,396.81000000105757,SSLW,model_assisted_not_ground_truth,0,0,0,0,0,0,0,0,0,0,0
15.74,53.999999999991118,119.99999999999289,58.999999999988454,137.99999999998491,127.99999999998312,45.999999999998224,77.999999999963592,221.9999999999707,10.909999999988576,507.06000000098697,SSLW,model_assisted_not_ground_truth,0,0,0,0,0,0,0,0,0,0,0
15.75,95,152,82,160,174,46,127,249,9.8200000000000003,601.23000000000002,SSLW,model_assisted_not_ground_truth,0,0,0,0,0,0,0,0,0,0,0
15.76,120.00000000001155,161.00000000001333,110.00000000001599,195.00000000000978,207.00000000001509,46.000000000003553,161.00000000000711,270.00000000000978,9.3399999999998577,649.33000000002323,SSLW,model_assisted_not_ground_truth,0,0,0,0,0,0,0,0,0,0,0
15.77,133.00000000000534,176.000000000016,128.00000000001245,206.0000000000089,224.00000000001421,50.000000000010658,169.00000000001066,281.00000000000887,9.1800000000000086,675.39000000000885,SSLW,model_assisted_not_ground_truth,0,0,0,0,0,0,0,0,0,0,0
15.78,135.99999999998579,185.00000000001705,135.00000000003695,211.00000000002274,232.00000000002558,56.000000000002842,175,286.00000000000284,9.1850000000000129,680.3900000000142,SSLW,model_assisted_not_ground_truth,0,0,0,0,0,0,0,0,0,0,0
15.79,130.99999999999253,191.00000000000372,148.00000000000372,219.00000000001492,241.0000000000224,57.000000000018652,174.99999999999628,286.9999999999776,9.1900000000000741,685.39000000009344,SSLW,model_assisted_not_ground_truth,0,0,0,0,0,0,0,0,0,0,0
15.80,129.00000000002311,192.00000000000463,148.99999999999537,223.00000000003234,247.00000000003234,62.000000000027711,174.00000000000924,281.0000000000046,9.2100000000003241,710.43000000023562,SSLW,model_assisted_not_ground_truth,0,0,0,0,0,0,0,0,0,0,0
15.81,133.99999999998897,192.99999999998897,148,229.99999999998897,253.99999999999449,68.000000000044054,175.99999999997797,281.99999999995043,9.2800000000001095,761.45000000012135,SSLW,model_assisted_not_ground_truth,0,0,0,0,0,0,0,0,0,0,0
15.82,131.99999999996803,190.99999999998082,148.00000000000639,228.00000000000639,253,76.000000000051159,171.99999999994245,272.99999999991684,9.3000000000010878,783.4700000002689,SSLW,model_assisted_not_ground_truth,0,0,0,0,0,0,0,0,0,0,0
15.83,126.99999999991989,187.99999999997814,148.99999999997087,228.99999999994901,252.99999999998545,84.000000000029132,162.9999999999126,259.99999999996356,9.4699999999997821,825.52000000017483,SSLW,model_assisted_not_ground_truth,0,0,0,0,0,0,0,0,0,0,0
15.84,116.00000000003517,185.00000000000961,145.00000000001279,222.0000000000224,251.00000000000639,87.99999999998721,151.00000000003837,255.00000000001597,9.4399999999995909,849.52000000023725,SSLW,model_assisted_not_ground_truth,0,0,0,0,0,0,0,0,0,0,0
15.85,114.00000000000462,184.0000000000023,144.0000000000023,222.9999999999977,251,82.000000000013856,151,255.9999999999977,9.3900000000001373,878.5500000002221,SSLW,model_assisted_not_ground_truth,0,0,0,0,0,0,0,0,0,0,0
15.86,115.99999999999751,184.99999999999875,143.00000000000125,220.00000000000372,251,82.999999999998749,142.0000000000112,257.9999999999975,9.4050000000001521,903.06500000024823,SSLW,model_assisted_not_ground_truth,0,0,0,0,0,0,0,0,0,0,0
15.87,122.99999999999751,185,142.00000000000034,218.00000000000071,251,83.999999999999645,140.00000000000071,259.99999999999932,9.4199999999993391,927.58000000019865,SSLW,model_assisted_not_ground_truth,0,0,0,0,0,0,0,0,0,0,0
15.88,126.00000000000107,182.99999999999841,141.99999999999892,219.00000000000054,247.99999999999841,77.999999999996803,135.99999999999466,262.00000000000267,9.3599999999999994,945.61000000000752,SSLW,model_assisted_not_ground_truth,0,0,0,0,0,0,0,0,0,0,0
15.89,127.99999999999432,179.99999999999716,139.99999999999716,220.00000000000568,244.99999999999432,71.999999999997158,125.99999999999574,267.00000000000284,9.3600000000000279,959.62000000001285,SSLW,model_assisted_not_ground_truth,0,0,0,0,0,0,0,0,0,0,0
15.90,123.99999999999076,177.99999999999307,137.99999999999076,223.99999999999307,240.99999999999076,69.999999999983828,122.99999999997691,269.00000000000233,9.380000000000047,968.62000000000694,SSLW,model_assisted_not_ground_truth,0,0,0,0,0,0,0,0,0,0,0
15.91,119.99999999996803,174.99999999998721,133.99999999998721,220.99999999999679,236.99999999999361,62.999999999996803,112.99999999995843,269.99999999999682,9.4000000000001922,971.61000000001275,SSLW,model_assisted_not_ground_truth,0,0,0,0,0,0,0,0,0,0,0
15.92,109.99999999997549,170.99999999997956,129.99999999998366,219.99999999998775,234.99999999997956,61.999999999991829,99.999999999955051,269,9.4600000000001447,975.60000000000412,SSLW,model_assisted_not_ground_truth,0,0,0,0,0,0,0,0,0,0,0
15.93,103.99999999998508,165.99999999997513,125.99999999996021,216.99999999999503,229.9999999999801,59.999999999995026,88.999999999965183,268.99999999998505,9.4950000000001751,976.60000000000502,SSLW,model_assisted_not_ground_truth,0,0,0,0,0,0,0,0,0,0,0
15.94,100.99999999996483,160.9999999999707,117.99999999998828,215.99999999996481,225.99999999998241,59.000000000023448,81.999999999947235,265.99999999999415,9.5300000000006442,977.59999999999991,SSLW,model_assisted_not_ground_truth,0,0,0,0,0,0,0,0,0,0,0
15.95,94.999999999986144,155.99999999997922,116,209.99999999995151,222.99999999998616,62.999999999965361,72.999999999972289,264.99999999999307,9.6400000000009012,977.589999999979,SSLW,model_assisted_not_ground_truth,0,0,0,0,0,0,0,0,0,0,0
15.96,93.000000000007105,153.00000000001066,116,203.00000000002487,221.00000000000711,58.000000000017764,69.000000000014211,264.00000000000352,9.7700000000007812,974.54999999991378,SSLW,model_assisted_not_ground_truth,0,0,0,0,0,0,0,0,0,0,0
15.97,90.000000000007987,147.00000000001597,116,193.00000000002666,217.00000000001066,57.000000000002665,65.000000000010658,254.00000000002666,9.8700000000012178,963.5199999999129,SSLW,model_assisted_not_ground_truth,0,0,0,0,0,0,0,0,0,0,0
15.98,87.000000000005329,144.00000000000534,113.00000000000533,184.00000000001597,211.00000000001066,58.999999999996447,61.000000000007105,249.00000000000887,10.01000000000163,953.50999999986561,SSLW,model_assisted_not_ground_truth,0,0,0,0,0,0,0,0,0,0,0
15.99,86.000000000000881,133.00000000000978,112.00000000000088,179.00000000000443,205.00000000000534,59.999999999999112,52.000000000007994,245.00000000000355,10.180000000001204,939.49999999997362,SSLW,model_assisted_not_ground_truth,0,0,0,0,0,0,0,0,0,0,0
16.00,87,129,105,171,196,57,47,232,10.295000000000654,936.97999999998569,SSLW,model_assisted_not_ground_truth,0,0,0,0,0,0,0,0,0,0,0
16.01,84.999999999996803,126.99999999999254,84.999999999997868,168.00000000000108,191.99999999999147,55.999999999996803,44.999999999998934,231.99999999999361,10.410000000000192,934.45999999998719,SSLW,model_assisted_not_ground_truth,0,0,0,0,0,0,0,0,0,0,0
16.02,82,119.99999999999822,82.999999999998224,169,183.99999999998579,52.999999999991118,43.999999999992895,226.00000000000179,10.59000000000032,922.43999999998937,SSLW,model_assisted_not_ground_truth,0,0,0,0,0,0,0,0,0,0,0
16.03,82,118.99999999998579,82,169.00000000000853,175.99999999996874,48,39.999999999997158,226.99999999998579,10.770000000000511,916.40999999998564,SSLW,model_assisted_not_ground_truth,0,0,0,0,0,0,0,0,0,0,0
16.04,82.000000000007105,113.99999999995737,81.999999999982236,171.99999999998224,164.99999999996447,47.999999999992895,39,221.99999999995737,10.950000000000781,911.37999999996794,SSLW,model_assisted_not_ground_truth,0,0,0,0,0,0,0,0,0,0,0
16.05,84,101.99999999997229,76.999999999976907,166.99999999999076,154.99999999994918,46,38.999999999995381,210.00000000000924,11.170000000000831,902.34999999996762,SSLW,model_assisted_not_ground_truth,0,0,0,0,0,0,0,0,0,0,0
16.06,83.999999999984013,95.999999999989342,71.999999999962697,164.99999999998934,143.99999999995737,46.000000000005329,37.999999999994671,211.99999999999466,11.350000000000852,895.32999999998378,SSLW,model_assisted_not_ground_truth,0,0,0,0,0,0,0,0,0,0,0
16.07,81,94.00000000002558,64.99999999997442,162.99999999997442,135.99999999996803,47,36.999999999993605,211.00000000000639,11.510000000000607,892.28999999996154,SSLW,model_assisted_not_ground_truth,0,0,0,0,0,0,0,0,0,0,0
16.08,80.999999999992539,97.999999999992539,60.999999999947775,158.99999999997763,131,47,35.999999999977618,211.99999999999255,11.605000000000707,886.28999999995517,SSLW,model_assisted_not_ground_truth,0,0,0,0,0,0,0,0,0,0,0
16.09,80.000000000003197,97.000000000003197,54.000000000022382,156.00000000000961,131,47,33.000000000009592,211.00000000000318,11.700000000001307,880.28999999990185,SSLW,model_assisted_not_ground_truth,0,0,0,0,0,0,0,0,0,0,0
16.10,80.999999999997868,94.000000000006395,52.000000000004263,155.00000000000213,130.00000000000213,47,31.000000000004263,213.99999999999361,11.860000000001477,868.27999999997212,SSLW,model_assisted_not_ground_truth,0,0,0,0,0,0,0,0,0,0,0
16.11,83.999999999995737,92.000000000002842,51.000000000001421,155.99999999999858,127.00000000000426,47,29.000000000002842,216.99999999999574,12.020000000001691,865.26999999995996,SSLW,model_assisted_not_ground_truth,0,0,0,0,0,0,0,0,0,0,0
16.12,81.000000000001066,90.000000000000711,51.999999999999645,156.99999999999966,117.00000000000355,47,29,216.00000000000034,12.190000000002533,861.24999999990064,SSLW,model_assisted_not_ground_truth,0,0,0,0,0,0,0,0,0,0,0
16.13,92.000000000002487,97.000000000001066,53.000000000001066,151.99999999999963,115,47.999999999999645,32,219.00000000000142,12.42000000000005,852.22999999999934,SSLW,model_assisted_not_ground_truth,0,0,0,0,0,0,0,0,0,0,0
16.14,99.000000000007105,100.00000000000853,56.000000000002842,151.00000000000711,114.99999999999858,47.000000000001421,32,223.00000000000284,12.560000000000114,850.20999999999572,SSLW,model_assisted_not_ground_truth,0,0,0,0,0,0,0,0,0,0,0
16.15,104.00000000001279,106.00000000000426,58.000000000004263,156.00000000001066,114,48,32.000000000004263,225.00000000000853,12.640000000000171,847.19999999999368,SSLW,model_assisted_not_ground_truth,0,0,0,0,0,0,0,0,0,0,0
16.16,110.00000000005116,108,60,160.99999999998721,114.00000000001599,48,34.000000000009592,229.0000000000224,12.720000000000384,844.19000000000642,SSLW,model_assisted_not_ground_truth,0,0,0,0,0,0,0,0,0,0,0
16.17,126.00000000003837,108.00000000003411,60.00000000001279,157,118.99999999999574,48,37.000000000021316,236.00000000002132,12.84000000000098,846.18999999997436,SSLW,model_assisted_not_ground_truth,0,0,0,0,0,0,0,0,0,0,0
16.18,135.00000000006963,116.00000000001492,63.000000000024869,157.0000000000199,118.00000000000497,48.000000000009948,42.000000000024869,241.00000000002487,13.070000000000896,840.16000000007455,SSLW,model_assisted_not_ground_truth,0,0,0,0,0,0,0,0,0,0,0
16.19,149.00000000001208,119.00000000003624,68.000000000018119,160.99999999993355,119.0000000000604,50.000000000012079,47.000000000030198,246.00000000003021,13.25000000000302,855.15000000000589,SSLW,model_assisted_not_ground_truth,0,0,0,0,0,0,0,0,0,0,0
16.20,151.000000000081,125.000000000081,71.00000000000675,149.99999999997976,129.00000000002024,52.0000000000135,52.000000000033751,251.0000000000405,13.750000000000945,856.13000000003353,SSLW,model_assisted_not_ground_truth,0,0,0,0,0,0,0,0,0,0,0
16.21,162.99999999995737,136.99999999995737,71.999999999996447,147.00000000001066,131.99999999998934,53.999999999992895,56.999999999982236,256.99999999997868,13.890000000001329,861.10000000007017,SSLW,model_assisted_not_ground_truth,0,0,0,0,0,0,0,0,0,0,0
16.22,163.99999999999716,147.99999999996874,74.999999999991473,154.99999999997726,130.00000000000568,56.999999999991473,72.999999999954525,259.99999999999147,14.060000000000725,870.0700000000212,SSLW,model_assisted_not_ground_truth,0,0,0,0,0,0,0,0,0,0,0
16.23,178.99999999997334,156.99999999998403,81.999999999987566,157.99999999999466,128.00000000000355,57,76.999999999992895,263.99999999999289,14.145000000000817,872.55000000002383,SSLW,model_assisted_not_ground_truth,0,0,0,0,0,0,0,0,0,0,0
16.24,180.99999999999858,166.99999999999289,95.999999999990052,170.99999999999076,134.99999999999503,70.999999999990052,86.999999999992895,267.99999999999716,14.230000000002025,875.0300000001381,SSLW,model_assisted_not_ground_truth,0,0,0,0,0,0,0,0,0,0,0
16.25,192,178,102,172,141,83,94,267,14.42,887.99000000000001,SSLW,model_assisted_not_ground_truth,0,0,0,0,0,0,0,0,0,0,0
16.26,190.99999999999892,182.00000000000321,106.00000000000213,184.00000000001174,141.00000000000961,80.000000000003197,97.000000000011724,271.00000000000426,14.670000000000192,884.93999999999789,SSLW,model_assisted_not_ground_truth,0,0,0,0,0,0,0,0,0,0,0
16.27,190.00000000001421,185.00000000000534,108.00000000001599,195.00000000001421,150.00000000000355,83.000000000008882,108.00000000000888,275.00000000000176,14.850000000000408,882.88000000000341,SSLW,model_assisted_not_ground_truth,0,0,0,0,0,0,0,0,0,0,0
16.28,197.99999999998863,187.99999999999432,117.00000000000284,203.00000000000853,152,88.000000000002842,113.00000000000568,275.99999999999716,15.080000000000682,884.79999999995709,SSLW,model_assisted_not_ground_truth,0,0,0,0,0,0,0,0,0,0,0
16.29,194,186.00000000001066,118.00000000000711,206.00000000001066,152.00000000001421,88.999999999996447,115.00000000001421,274.99999999999289,15.320000000000391,869.73999999999273,SSLW,model_assisted_not_ground_truth,0,0,0,0,0,0,0,0,0,0,0
16.30,193.99999999999537,189,120,209.00000000000924,155.99999999998153,88.000000000004619,119.00000000000924,273,15.430000000000508,867.69999999999061,SSLW,model_assisted_not_ground_truth,0,0,0,0,0,0,0,0,0,0,0
16.31,192.99999999999466,189.00000000000534,119.99999999995737,211.00000000000534,151.99999999998934,88.999999999984013,121,273,15.540000000000745,865.65999999997848,SSLW,model_assisted_not_ground_truth,0,0,0,0,0,0,0,0,0,0,0
16.32,191.99999999998721,189.99999999998082,111.99999999997442,211.99999999998721,150.00000000001279,86.000000000038369,120.99999999999361,272.99999999999358,15.680000000000959,861.61999999994202,SSLW,model_assisted_not_ground_truth,0,0,0,0,0,0,0,0,0,0,0
16.33,189.99999999998508,186.99999999993287,107.99999999997016,210.00000000000745,151.99999999999255,92.000000000007461,120,271.9999999999776,15.830000000001865,852.55999999958203,SSLW,model_assisted_not_ground_truth,0,0,0,0,0,0,0,0,0,0,0
16.34,188.00000000000639,178.00000000002876,104.00000000001279,210.99999999999682,151.00000000000318,92.999999999996803,120,269.00000000000961,16.080000000000407,796.53999999980374,SSLW,model_assisted_not_ground_truth,0,0,0,0,0,0,0,0,0,0,0
16.35,187.00000000000213,168.00000000002132,104,210.00000000000213,153.99999999999361,93,119.00000000000213,259.00000000002132,16.130000000000368,772.52999999991675,SSLW,model_assisted_not_ground_truth,0,0,0,0,0,0,0,0,0,0,0
16.36,182.00000000000711,159.00000000001279,104,210,156.99999999999574,84.00000000001279,118.00000000000142,253.00000000000853,16.170000000000151,763.51999999992029,SSLW,model_assisted_not_ground_truth,0,0,0,0,0,0,0,0,0,0,0
16.37,174.00000000000284,149.00000000000355,98.000000000002132,201.00000000000318,148.00000000000318,73.000000000003908,108.00000000000355,248.00000000000176,16.18500000000008,755.50999999995736,SSLW,model_assisted_not_ground_truth,0,0,0,0,0,0,0,0,0,0,0
16.38,169.99999999999821,143.99999999999679,88.999999999996803,198.99999999999537,139.99999999999858,67.99999999999396,98.999999999997513,240.99999999999679,16.199999999999985,747.49999999999147,SSLW,model_assisted_not_ground_truth,0,0,0,0,0,0,0,0,0,0,0
16.39,164.99999999999147,134.99999999999574,79.999999999994316,185.99999999998721,135.99999999999289,50.999999999997158,91.999999999988631,231.99999999996874,16.160000000000085,723.4899999999858,SSLW,model_assisted_not_ground_truth,0,0,0,0,0,0,0,0,0,0,0
16.40,158.99999999997442,131.99999999997442,75.999999999989342,176.99999999996163,130.99999999997016,48.999999999995737,83.999999999965894,209.99999999993392,16.219999999999999,713.45999999991045,SSLW,model_assisted_not_ground_truth,0,0,0,0,0,0,0,0,0,0,0
16.41,146.99999999995202,119.99999999997122,70.999999999945643,158.99999999994884,116.99999999995524,47,67.999999999961631,178.99999999992005,16.220000000000063,671.43999999998084,SSLW,model_assisted_not_ground_truth,0,0,0,0,0,0,0,0,0,0,0
16.42,131.99999999990195,110.99999999997868,53.999999999970157,142.99999999990195,102.99999999991047,46.999999999991473,55.999999999961631,153.99999999980815,16.240000000000041,665.41999999992311,SSLW,model_assisted_not_ground_truth,0,0,0,0,0,0,0,0,0,0,0
16.43,108.99999999989555,105.9999999999055,47,119.9999999999801,81.999999999845812,44.999999999975131,46.999999999955236,108.99999999980105,16.250000000000746,647.399999999903,SSLW,model_assisted_not_ground_truth,0,0,0,0,0,0,0,0,0,0,0
16.44,87.999999999951683,86.999999999903366,46.99999999999396,115.9999999999698,50.999999999975842,39.999999999987921,37.999999999981881,68.999999999740297,16.400000000000908,627.8949999998822,SSLW,model_assisted_not_ground_truth,0,0,0,0,0,0,0,0,0,0,0
16.45,79.999999999959499,70.999999999885247,45.99999999999325,110.99999999997975,47,38.00000000000675,34.99999999997975,25.999999999905498,16.549999999999461,608.38999999982445,SSLW,model_assisted_not_ground_truth,0,0,0,0,0,0,0,0,0,0,0
16.46,74.000000000021316,54.000000000060396,45.000000000003553,108.00000000001066,47,38.999999999996447,32.000000000010658,12.000000000049738,16.469999999996091,582.38999999988278,SSLW,model_assisted_not_ground_truth,0,0,0,0,0,0,0,0,0,0,0
16.47,68.000000000017053,48.000000000017053,45,86.000000000062528,45.000000000005684,35.000000000011369,32,5.0000000000198952,15.969999999997698,567.39999999962504,SSLW,model_assisted_not_ground_truth,0,0,0,0,0,0,0,0,0,0,0
16.48,68.999999999998224,38.000000000017764,39.000000000010658,95.999999999982236,45,34.000000000001776,30.000000000003553,1.0000000000071054,15.699999999996162,523.42999999947267,SSLW,model_assisted_not_ground_truth,0,0,0,0,0,0,0,0,0,0,0
16.49,68.000000000000711,31.000000000004974,39,78.00000000001279,45.999999999999289,34.999999999999289,31.999999999998579,1,15.299999999994778,468.45999999961725,SSLW,model_assisted_not_ground_truth,0,0,0,0,0,0,0,0,0,0,0
16.50,70,26,42,71,49,38,32,0,14.81,432.55000000000001,SSLW,model_assisted_not_ground_truth,0,0,0,0,0,0,0,0,0,0,0
16.51,71.000000000001066,22.999999999997868,44,75.000000000004263,50.000000000005329,37.000000000001066,31.000000000001066,0.99999999999893419,14.64999999999983,420.07499999998674,SSLW,model_assisted_not_ground_truth,0,0,0,0,0,0,0,0,0,0,0
16.52,71.999999999996447,21,44,79.000000000010658,55.000000000001776,37.999999999998224,31.999999999996447,1.7763568394018661e-12,14.489999999999538,407.59999999995745,GT,model_assisted_not_ground_truth,0,0,0,0,0,0,0,0,0,0,0
16.53,69.999999999988631,21,44,85.000000000088107,56.00000000003979,37,30.000000000002842,0.99999999999715783,14.229999999999688,383.61999999996016,GT,model_assisted_not_ground_truth,0,0,0,0,0,0,0,0,0,0,0
16.54,66.000000000003553,21.000000000003553,43.999999999989342,116.00000000002487,70.000000000021316,37,31.000000000003553,0,14.119999999999964,369.61000000000359,GT,model_assisted_not_ground_truth,0,0,0,0,0,0,0,0,0,0,0
16.55,66.999999999921485,22,41,122.99999999978755,75.999999999995381,37,31.999999999995381,4.6185277824448517e-12,14.109999999999861,370.62000000000006,GT,model_assisted_not_ground_truth,0,0,0,0,0,0,0,0,0,0,0
16.56,50.000000000005329,22,40.999999999994671,76.999999999914735,74.999999999978684,37.000000000005329,31.000000000005329,1.0000000000053291,14.079999999999947,370.6300000000054,GT,model_assisted_not_ground_truth,0,0,0,0,0,0,0,0,0,0,0
16.57,51.00000000001279,22,40.000000000006395,61.000000000006395,70.999999999980815,38,32,2.0000000000063949,14.070000000000096,371.64000000000959,GT,model_assisted_not_ground_truth,0,0,0,0,0,0,0,0,0,0,0
16.58,52.999999999985079,22,40.999999999992539,61.999999999992539,67.999999999940314,37.999999999992539,31.999999999970157,3.0000000000223821,14.085000000000111,373.14000000001118,GT,model_assisted_not_ground_truth,0,0,0,0,0,0,0,0,0,0,0
16.59,51.000000000006395,22,40.000000000003197,61.000000000003197,60.00000000002558,37.000000000003197,28.00000000001279,5.9999999999904077,14.1,374.63999999999999,GT,model_assisted_not_ground_truth,0,0,0,0,0,0,0,0,0,0,0
16.60,48.000000000006395,22,40,61,57.000000000006395,37,28,6,14.099999999999815,374.63999999998151,GT,model_assisted_not_ground_truth,0,0,0,0,0,0,0,0,0,0,0
16.61,47.000000000001421,23.999999999997158,40,65.999999999992895,56.000000000001421,37,28.999999999998579,7.9999999999971578,14.079999999999801,372.64000000000993,GT,model_assisted_not_ground_truth,0,0,0,0,0,0,0,0,0,0,0
16.62,47.999999999999645,19.000000000001776,40.999999999999645,71.999999999997868,56,37,28.000000000000355,19.999999999995737,14.05999999999989,373.63999999998896,GT,model_assisted_not_ground_truth,0,0,0,0,0,0,0,0,0,0,0
16.63,48.000000000000711,21,40,69.000000000000711,55.000000000000355,37,28,45.000000000003553,14.049999999999994,372.64000000000033,GT,model_assisted_not_ground_truth,0,0,0,0,0,0,0,0,0,0,0
16.64,50.000000000001421,21.000000000001421,39.999999999998579,71.000000000004263,56,37,28,55.000000000009948,14.03000000000007,373.64999999999856,GT,model_assisted_not_ground_truth,0,0,0,0,0,0,0,0,0,0,0
16.65,50.999999999997868,22,39,74,56,37,27.999999999997868,62.000000000038369,14.079999999999979,372.64000000000107,GT,model_assisted_not_ground_truth,0,0,0,0,0,0,0,0,0,0,0
16.66,50,22,38.999999999996803,74,56,37,27,80.000000000022382,14.069999999999968,373.14000000000158,GT,model_assisted_not_ground_truth,0,0,0,0,0,0,0,0,0,0,0
16.67,49.999999999982947,22,38.000000000004263,73.999999999995737,56,37,27.000000000004263,87.000000000008527,14.060000000000043,373.63999999999567,GT,model_assisted_not_ground_truth,0,0,0,0,0,0,0,0,0,0,0
16.68,45.999999999990052,22.000000000004974,39.000000000004974,73.000000000009948,56,37,27.999999999990052,89.00000000003979,14.070000000000199,372.630000000005,GT,model_assisted_not_ground_truth,0,0,0,0,0,0,0,0,0,0,0
16.69,44,22.999999999987921,39.99999999999396,75,56,37,25.999999999939604,96.99999999999396,14.109999999999879,373.63000000000602,GT,model_assisted_not_ground_truth,0,0,0,0,0,0,0,0,0,0,0
16.70,44.00000000000675,21.0000000000135,39,74.99999999999325,56,37,16,95.9999999999865,14.090000000000135,374.63000000001352,GT,model_assisted_not_ground_truth,0,0,0,0,0,0,0,0,0,0,0
16.71,44.999999999996447,22.999999999992895,39,74.000000000003553,56,37,16,94.000000000007105,14.109999999999999,376.63000000002347,GT,model_assisted_not_ground_truth,0,0,0,0,0,0,0,0,0,0,0
16.72,44.000000000002842,23,39.999999999997158,74.999999999997158,55.000000000002842,37.999999999997158,16,86.000000000022737,14.11000000000034,379.62999999998294,GT,model_assisted_not_ground_truth,0,0,0,0,0,0,0,0,0,0,0
16.73,44,22.000000000001776,38.000000000003553,74.000000000001776,54.000000000001776,37.000000000001776,16,84.000000000003553,14.149999999999856,377.63,GT,model_assisted_not_ground_truth,0,0,0,0,0,0,0,0,0,0,0
16.74,44,21.000000000000711,38,75.999999999998579,53.000000000000711,37.999999999999289,1.1368683772161603e-11,88.999999999996447,14.134999999999925,377.63,GT,model_assisted_not_ground_truth,0,0,0,0,0,0,0,0,0,0,0
16.75,44,20,38,76,52,38,0,85,14.119999999999999,377.63,GT,model_assisted_not_ground_truth,0,0,0,0,0,0,0,0,0,0,0
16.76,44,16.999999999997868,38.999999999998934,76.999999999998934,48,38,0,82.999999999995737,14.129999999999979,375.63000000000108,GT,model_assisted_not_ground_truth,0,0,0,0,0,0,0,0,0,0,0
16.77,44,14.999999999998224,38,76.000000000003553,48,38,0,78.999999999989342,14.110000000000035,376.63000000000358,GT,model_assisted_not_ground_truth,0,0,0,0,0,0,0,0,0,0,0
16.78,43.999999999997158,14.000000000005684,38.000000000002842,77.999999999980105,47.999999999997158,38,0,72.999999999931788,14.130000000000029,378.63000000000284,GT,model_assisted_not_ground_truth,0,0,0,0,0,0,0,0,0,0,0
16.79,42.999999999985789,16,38.999999999996447,70.999999999992895,47,38,0,48.999999999975131,14.140000000000001,379.63,GT,model_assisted_not_ground_truth,0,0,0,0,0,0,0,0,0,0,0
16.80,39,16.000000000004619,38,68.999999999995381,46.999999999995381,38,0,41.999999999986144,14.140000000000001,379.63,GT,model_assisted_not_ground_truth,0,0,0,0,0,0,0,0,0,0,0
16.81,38.999999999994671,17,38,67.999999999994671,45.999999999989342,38,0,39.000000000005329,14.140000000000001,379.63,GT,model_assisted_not_ground_truth,0,0,0,0,0,0,0,0,0,0,0
16.82,37.999999999993605,16.999999999993605,38.000000000006395,67,44.00000000001279,37.999999999993605,0,40.00000000001279,14.140000000000065,379.63000000000642,GT,model_assisted_not_ground_truth,0,0,0,0,0,0,0,0,0,0,0
16.83,36.999999999985079,16,39,66.999999999992539,46,37,0,41.999999999992539,14.15,380.63,GT,model_assisted_not_ground_truth,0,0,0,0,0,0,0,0,0,0,0
16.84,35.000000000006395,16,39,66.000000000003197,46,37,0,41.000000000003197,14.149999999999919,380.62999999999181,GT,model_assisted_not_ground_truth,0,0,0,0,0,0,0,0,0,0,0
16.85,35,18.999999999993605,38.000000000002132,66.999999999997868,46.999999999997868,37.999999999997868,0,36.000000000010658,14.140000000000278,379.63000000000915,GT,model_assisted_not_ground_truth,0,0,0,0,0,0,0,0,0,0,0
16.86,34.000000000001421,21.999999999995737,38.999999999998579,66.000000000001421,46.000000000001421,34.000000000005684,0,33.000000000004263,14.169999999999702,380.61999999999017,GT,model_assisted_not_ground_truth,0,0,0,0,0,0,0,0,0,0,0
16.87,34,20.000000000000711,39.999999999999645,61.000000000001776,46.999999999999645,33.000000000000355,15.999999999994316,30.000000000001066,14.139999999999725,379.62999999998897,GT,model_assisted_not_ground_truth,0,0,0,0,0,0,0,0,0,0,0
16.88,33.000000000000355,23.000000000000355,39.000000000000355,62.000000000001421,48,9.0000000000003553,15.000000000001066,42.000000000007816,14.114999999999849,378.62999999999397,GT,model_assisted_not_ground_truth,0,0,0,0,0,0,0,0,0,0,0
16.89,34,24.000000000009948,39.999999999998579,65.999999999998579,48.000000000001421,10.000000000001421,18.000000000011369,64.000000000011369,14.090000000000114,377.63000000000426,GT,model_assisted_not_ground_truth,0,0,0,0,0,0,0,0,0,0,0
16.90,34.000000000004263,31.00000000001279,39.000000000006395,65.000000000004263,49.00000000001279,11.000000000046896,26,72.00000000002558,14.169999999999936,380.61999999999358,GT,model_assisted_not_ground_truth,0,0,0,0,0,0,0,0,0,0,0
16.91,36.000000000003197,36.999999999996803,41.999999999996803,66.999999999984013,55.000000000035172,33.00000000001279,26,84.000000000035172,14.140000000000001,377.62,GT,model_assisted_not_ground_truth,0,0,0,0,0,0,0,0,0,0,0
16.92,37.000000000008527,36.000000000017053,41.000000000004263,62.000000000017053,66.00000000001279,37,26,95,14.140000000000043,377.62000000000427,GT,model_assisted_not_ground_truth,0,0,0,0,0,0,0,0,0,0,0
16.93,39,40.000000000049738,42.000000000004974,66.000000000029843,69.000000000009948,37.000000000004974,26.000000000009948,95.000000000089528,14.149999999999553,378.6200000000299,GT,model_assisted_not_ground_truth,0,0,0,0,0,0,0,0,0,0,0
16.94,39.000000000012079,50.000000000048317,43.000000000012079,72.000000000114753,71.000000000048317,37.99999999999396,28,113.00000000015703,14.059999999997162,384.63000000001273,GT,model_assisted_not_ground_truth,0,0,0,0,0,0,0,0,0,0,0
16.95,41,58.000000000060751,45.00000000000675,91.000000000033751,79.000000000047251,37,28,139.000000000189,13.5899999999946,386.74000000019635,GT,model_assisted_not_ground_truth,0,0,0,0,0,0,0,0,0,0,0
16.96,41,66.999999999968026,45.999999999996447,95.999999999982236,85.999999999975131,37,28,166.99999999990052,12.789999999993746,415.83000000022736,GT,model_assisted_not_ground_truth,0,0,0,0,0,0,0,0,0,0,0
16.97,42.999999999994316,83.999999999951683,47.999999999994316,113.99999999994884,92.999999999980105,40.999999999988631,31.999999999988631,186.99999999994316,11.989999999984908,444.92000000093157,GT,model_assisted_not_ground_truth,0,0,0,0,0,0,0,0,0,0,0
16.98,49.999999999987566,98.999999999973355,49.999999999996447,124.99999999998046,112.99999999996447,41,51.999999999964473,206.99999999996447,10.219999999990216,554.17000000095118,GT,model_assisted_not_ground_truth,0,0,0,0,0,0,0,0,0,0,0
16.99,56.999999999995026,120.99999999998437,60.999999999992184,140.99999999998863,122.99999999999289,43.999999999997868,85.999999999975842,227.99999999998508,9.1999999999958426,653.34000000049127,GT,model_assisted_not_ground_truth,0,0,0,0,0,0,0,0,0,0,0
17.00,87,123,72,152,147,45,112,251,8.8100000000000005,699.42999999999995,GT,model_assisted_not_ground_truth,0,0,0,0,0,0,0,0,0,0,0
17.01,88.999999999998934,137.00000000000426,79.999999999997868,151.00000000000321,160.00000000000961,44.999999999998934,122.00000000000853,262.99999999999466,8.730000000000139,727.45000000003415,GT,model_assisted_not_ground_truth,0,0,0,0,0,0,0,0,0,0,0
17.02,87.999999999998224,141.00000000000355,78.000000000014211,154,169.00000000000711,44.000000000001776,129.99999999999821,257.99999999999642,8.860000000000106,759.4900000001013,GT,model_assisted_not_ground_truth,0,0,0,0,0,0,0,0,0,0,0
17.03,86.999999999997158,143.00000000000853,86.00000000002558,154.00000000001421,173.00000000002842,45.000000000002842,129.00000000000853,255.99999999996021,8.9200000000004689,816.51000000005968,GT,model_assisted_not_ground_truth,0,0,0,0,0,0,0,0,0,0,0
17.04,86.000000000003553,146,95.000000000021316,159.00000000002487,182.99999999999645,46,131.99999999994671,241.99999999989697,9.0850000000005871,837.52000000007467,GT,model_assisted_not_ground_truth,0,0,0,0,0,0,0,0,0,0,0
17.05,87.000000000004619,145.99999999995842,101.00000000000462,166.00000000003695,182,46,116.9999999999492,212.99999999995842,9.2500000000014317,858.53000000018471,GT,model_assisted_not_ground_truth,0,0,0,0,0,0,0,0,0,0,0
17.06,87.999999999994671,136.99999999999466,102.00000000001066,173.999999999984,182,46,105.99999999994671,203.99999999995737,9.5600000000014393,898.52000000007979,GT,model_assisted_not_ground_truth,0,0,0,0,0,0,0,0,0,0,0
17.07,86.999999999993605,135.99999999998721,103.99999999998082,170.99999999998721,181.99999999999361,45.999999999993605,95.99999999997442,196.00000000005116,9.8300000000017267,913.50000000001251,GT,model_assisted_not_ground_truth,0,0,0,0,0,0,0,0,0,0,0
17.08,85.999999999970157,133.99999999999255,100.99999999997016,169.00000000004476,181,45.000000000007461,92,204.00000000011937,10.100000000001492,915.46000000008974,GT,model_assisted_not_ground_truth,0,0,0,0,0,0,0,0,0,0,0
17.09,82.00000000001279,133.00000000000318,97.00000000001279,174.99999999998082,181,45.999999999996803,92,219.99999999994884,10.30000000000139,927.48000000001639,GT,model_assisted_not_ground_truth,0,0,0,0,0,0,0,0,0,0,0
17.10,83.999999999995737,132.00000000000213,101.99999999998934,175,183.99999999999361,46,95.999999999991473,222.99999999999361,10.470000000001663,929.48999999995374,GT,model_assisted_not_ground_truth,0,0,0,0,0,0,0,0,0,0,0
17.11,87.999999999994316,130.00000000000284,103.99999999999716,175,184,46,96.999999999998579,223.99999999999858,10.650000000001144,924.48000000009438,GT,model_assisted_not_ground_truth,0,0,0,0,0,0,0,0,0,0,0
17.12,88,130,105.99999999999929,173.00000000000071,184,46,97.999999999999645,221.00000000000108,10.765000000000613,933.97000000005062,GT,model_assisted_not_ground_truth,0,0,0,0,0,0,0,0,0,0,0
17.13,87.999999999999645,129.99999999999963,99.999999999995737,174.99999999999892,184.00000000000037,46,95.999999999999289,221.00000000000071,10.880000000000058,943.45999999999822,GT,model_assisted_not_ground_truth,0,0,0,0,0,0,0,0,0,0,0
17.14,86.999999999992895,129,88.000000000002842,171.99999999999858,184.99999999999574,46.000000000001421,93.999999999982947,223.00000000000142,11.040000000000184,938.45999999999151,GT,model_assisted_not_ground_truth,0,0,0,0,0,0,0,0,0,0,0
17.15,82,128.99999999999503,89.999999999997513,170.9999999999975,181.9999999999975,46.999999999997513,81.999999999977618,224,11.170000000000348,932.44999999998265,GT,model_assisted_not_ground_truth,0,0,0,0,0,0,0,0,0,0,0
17.16,81.999999999977618,126.9999999999968,89,169.99999999999679,180.99999999998721,46,72.999999999971223,224.00000000000639,11.310000000000512,925.43999999997436,GT,model_assisted_not_ground_truth,0,0,0,0,0,0,0,0,0,0,0
17.17,74.99999999998721,126,89.000000000004263,168.99999999998721,176.99999999998295,46,63.99999999997442,226.00000000000426,11.47000000000032,917.39999999998292,GT,model_assisted_not_ground_truth,0,0,0,0,0,0,0,0,0,0,0
17.18,71.999999999985079,125.9999999999801,89.999999999995026,166.00000000000995,173.00000000000497,46.000000000004974,57.999999999975131,227,11.545000000000373,913.39999999998008,GT,model_assisted_not_ground_truth,0,0,0,0,0,0,0,0,0,0,0
17.19,68.999999999987921,121.99999999998792,88.99999999999396,167.99999999999395,173.99999999998187,47,52.999999999975842,226.99999999999395,11.620000000000724,909.39999999993347,GT,model_assisted_not_ground_truth,0,0,0,0,0,0,0,0,0,0,0
17.20,67.00000000000675,120,87.9999999999865,167,170.999999999973,47,48.999999999939249,225.9999999999865,11.740000000000675,898.38999999995258,GT,model_assisted_not_ground_truth,0,0,0,0,0,0,0,0,0,0,0
17.21,67.999999999996447,120,86.000000000007105,167,167.00000000001421,47,40.000000000031974,224.00000000000711,11.840000000000547,891.35999999992964,GT,model_assisted_not_ground_truth,0,0,0,0,0,0,0,0,0,0,0
17.22,68,119.00000000000284,83.000000000008527,165.00000000000568,165.00000000000568,46.000000000002842,39.000000000002842,222.00000000000568,11.910000000000512,882.35999999992305,GT,model_assisted_not_ground_truth,0,0,0,0,0,0,0,0,0,0,0
17.23,66.000000000003553,118.00000000000178,78.000000000008882,165.99999999999824,164.00000000000176,46,38.000000000001776,219.00000000000534,11.97000000000096,873.33999999992318,GT,model_assisted_not_ground_truth,0,0,0,0,0,0,0,0,0,0,0
17.24,51.000000000010658,114.00000000000284,78,163.00000000000213,160.00000000000284,46,36.000000000001421,211.00000000000568,12.07000000000064,865.32999999991455,GT,model_assisted_not_ground_truth,0,0,0,0,0,0,0,0,0,0,0
17.25,49.5,107,71.5,158,153,46.5,36,205,12.130000000000001,857.30999999999995,GT,model_assisted_not_ground_truth,0,0,0,0,0,0,0,0,0,0,0
17.26,47.999999999994671,99.999999999998934,64.999999999997868,153,145.99999999999574,47,35.999999999998934,198.99999999998934,12.19500000000007,850.79999999999302,GT,model_assisted_not_ground_truth,0,0,0,0,0,0,0,0,0,0,0
17.27,43.000000000001776,98.999999999987566,62.999999999992895,152.99999999998755,142,47,34.999999999996447,188.9999999999911,12.260000000000142,844.28999999998928,GT,model_assisted_not_ground_truth,0,0,0,0,0,0,0,0,0,0,0
17.28,43.999999999997158,91.999999999977263,58.999999999991473,146.00000000000284,141.99999999998863,46.999999999997158,33,183.9999999999801,12.340000000000057,838.27999999999713,GT,model_assisted_not_ground_truth,0,0,0,0,0,0,0,0,0,0,0
17.29,43,83.999999999978684,55.999999999978684,146.99999999997158,137.99999999998579,46.000000000003553,32.999999999996447,176.99999999996447,12.360000000000035,837.27999999999645,GT,model_assisted_not_ground_truth,0,0,0,0,0,0,0,0,0,0,0
17.30,43,77.999999999981526,50.000000000004619,138.99999999998613,134.00000000001387,46.999999999995381,32,166.99999999995842,12.369999999999861,836.27999999991221,GT,model_assisted_not_ground_truth,0,0,0,0,0,0,0,0,0,0,0
17.31,43.000000000021316,73.999999999994671,50.999999999994671,135.99999999997334,136.99999999997868,46,32,158.00000000000534,12.34000000000016,817.2800000000052,GT,model_assisted_not_ground_truth,0,0,0,0,0,0,0,0,0,0,0
17.32,47.000000000019185,72.999999999961631,50.000000000006395,130.99999999999361,132.99999999996803,46,32,159.00000000001918,12.369999999999903,818.27000000001283,GT,model_assisted_not_ground_truth,0,0,0,0,0,0,0,0,0,0,0
17.33,49.999999999977618,67.000000000007461,50.999999999977618,130.00000000002984,128,46,32,162.00000000000745,12.354999999999887,820.27000000001487,GT,model_assisted_not_ground_truth,0,0,0,0,0,0,0,0,0,0,0
17.34,47.000000000009592,67.999999999996803,48.000000000009592,133.99999999998721,128,46,32,162.99999999999682,12.339999999999918,822.27000000005717,GT,model_assisted_not_ground_truth,0,0,0,0,0,0,0,0,0,0,0
17.35,47.999999999997868,67.000000000002132,49.999999999995737,122.00000000002558,120.00000000001705,46,32,165.99999999999361,12.329999999999631,829.27000000007388,GT,model_assisted_not_ground_truth,0,0,0,0,0,0,0,0,0,0,0
17.36,47.000000000001421,63.000000000005684,50,118.00000000000568,118.00000000000284,44.000000000002842,32,168.99999999999574,12.289999999999701,837.27000000010946,GT,model_assisted_not_ground_truth,0,0,0,0,0,0,0,0,0,0,0
17.37,47,61.000000000000711,50,120.99999999999893,116.00000000000071,44,32,172.99999999999858,12.259999999999559,848.28000000008819,GT,model_assisted_not_ground_truth,0,0,0,0,0,0,0,0,0,0,0
17.38,47,59.000000000000355,48.999999999999645,128.00000000000142,114,44.999999999999289,33,174.00000000000213,12.219999999999986,856.29000000000281,GT,model_assisted_not_ground_truth,0,0,0,0,0,0,0,0,0,0,0
17.39,47.000000000004263,60,48,131.99999999998863,114.00000000000142,43,33,180.00000000000142,12.179999999999858,864.29000000000997,GT,model_assisted_not_ground_truth,0,0,0,0,0,0,0,0,0,0,0
17.40,49.999999999995026,60.000000000007461,47.999999999997513,124.00000000003233,114.99999999999503,43,33,180.9999999999975,12.079999999999913,871.31000000001359,GT,model_assisted_not_ground_truth,0,0,0,0,0,0,0,0,0,0,0
17.41,48,63.000000000009592,47.000000000003197,137,113,43.000000000006395,32.999999999996803,180.00000000000639,12.044999999999888,876.81000000001757,GT,model_assisted_not_ground_truth,0,0,0,0,0,0,0,0,0,0,0
17.42,48.000000000008527,66.000000000017053,47.999999999995737,137.00000000002132,113,44.999999999995737,32,182.00000000000426,12.009999999999829,882.31000000003405,GT,model_assisted_not_ground_truth,0,0,0,0,0,0,0,0,0,0,0
17.43,49.999999999995026,70.000000000029843,46.999999999990052,141.99999999998508,113.00000000000497,44,32,182.9999999999801,11.969999999999851,890.32000000006474,GT,model_assisted_not_ground_truth,0,0,0,0,0,0,0,0,0,0,0
17.44,49,76.000000000018119,45,139.00000000003624,114.00000000001812,44.00000000000604,32,178.99999999998792,11.94,903.32000000006053,GT,model_assisted_not_ground_truth,0,0,0,0,0,0,0,0,0,0,0
17.45,49.0000000000135,79.000000000027001,45.00000000000675,145.00000000000674,117.00000000004725,44.99999999999325,32,177.0000000000135,11.939999999999662,913.33000000003381,GT,model_assisted_not_ground_truth,0,0,0,0,0,0,0,0,0,0,0
17.46,50.999999999992895,82.999999999985789,45.999999999996447,145.99999999999645,123.99999999997513,44.000000000003553,32,178.99999999999289,11.890000000000001,918.33000000006268,GT,model_assisted_not_ground_truth,0,0,0,0,0,0,0,0,0,0,0
17.47,51,85.999999999991473,46,149.99999999998863,119.00000000001421,45.999999999994316,32,182.99999999998863,11.890000000000086,926.34000000005108,GT,model_assisted_not_ground_truth,0,0,0,0,0,0,0,0,0,0,0
17.48,63.999999999976907,88.999999999994671,47.999999999996447,144.00000000001066,121.99999999999467,46,31.000000000001776,182.00000000000176,11.900000000000144,932.32999999999049,GT,model_assisted_not_ground_truth,0,0,0,0,0,0,0,0,0,0,0
17.49,67.999999999997158,93.999999999996447,49.999999999998579,149.99999999999574,124.99999999999787,46,31.999999999999289,181.00000000000071,11.915000000000074,931.32999999999504,GT,model_assisted_not_ground_truth,0,0,0,0,0,0,0,0,0,0,0
17.50,68,97,49,152,118,46,31,185,11.93,930.33000000000004,GT,model_assisted_not_ground_truth,0,0,0,0,0,0,0,0,0,0,0
17.51,69,94.000000000001066,50,153.00000000000213,125.99999999999147,46.000000000001066,31.000000000001066,184.99999999999679,11.990000000000107,928.31999999999789,GT,model_assisted_not_ground_truth,0,0,0,0,0,0,0,0,0,0,0
17.52,69,95.000000000007105,50.000000000001776,155.00000000000355,117.99999999999822,46.999999999998224,32,181.99999999999289,12.090000000000177,926.30999999997687,GT,model_assisted_not_ground_truth,0,0,0,0,0,0,0,0,0,0,0
17.53,69.000000000002842,99.000000000002842,51.000000000002842,157.00000000000284,116.99999999999432,46,32,178.00000000000568,12.190000000000312,913.29999999996858,GT,model_assisted_not_ground_truth,0,0,0,0,0,0,0,0,0,0,0
17.54,70,100.00000000001421,52.000000000007105,158.00000000001066,114.99999999999645,46.000000000003553,32.000000000007105,179.99999999995737,12.300000000000249,902.27999999997678,GT,model_assisted_not_ground_truth,0,0,0,0,0,0,0,0,0,0,0
17.55,70,104.00000000000924,54.000000000013856,161.00000000000463,114.00000000001386,47.000000000004619,34,168.00000000002771,12.370000000000324,895.76499999996986,GT,model_assisted_not_ground_truth,0,0,0,0,0,0,0,0,0,0,0
17.56,70.000000000005329,106.00000000000533,57.000000000005329,162.000000000016,116.99999999998934,48,34,173.99999999997334,12.440000000001012,889.24999999986119,GT,model_assisted_not_ground_truth,0,0,0,0,0,0,0,0,0,0,0
17.57,71.000000000006395,107,58,165.00000000002558,115.00000000000639,48,34,169.00000000001279,12.630000000000896,863.20999999991682,GT,model_assisted_not_ground_truth,0,0,0,0,0,0,0,0,0,0,0
17.58,71.999999999985079,107.00000000001492,58,169.00000000001492,116.00000000001492,48,34,171,12.770000000001044,850.18999999979837,GT,model_assisted_not_ground_truth,0,0,0,0,0,0,0,0,0,0,0
17.59,70.000000000006395,108.99999999999361,58,170.99999999999361,117.99999999999361,48,34,171,12.910000000000899,823.15999999980374,GT,model_assisted_not_ground_truth,0,0,0,0,0,0,0,0,0,0,0
17.60,70,108.00000000000213,56.000000000004263,171.99999999999787,118.99999999999787,48,34,169.00000000000426,13.020000000000184,799.13999999983355,GT,model_assisted_not_ground_truth,0,0,0,0,0,0,0,0,0,0,0
17.61,70,104.00000000000568,54.000000000002842,172.99999999999858,120.99999999999716,48,34,166.00000000000426,13.040000000001193,781.11999999981072,GT,model_assisted_not_ground_truth,0,0,0,0,0,0,0,0,0,0,0
17.62,69.000000000000355,101.00000000000107,54,173,120.00000000000036,47.000000000000355,34.999999999999645,166.99999999999966,13.160000000000386,762.08999999990635,GT,model_assisted_not_ground_truth,0,0,0,0,0,0,0,0,0,0,0
17.63,66.999999999999815,97.999999999999105,53.999999999999645,171.99999999999983,119.99999999999875,47.999999999999822,33.999999999999645,163.00000000000017,13.195000000000212,753.58499999994865,GT,model_assisted_not_ground_truth,0,0,0,0,0,0,0,0,0,0,0
17.64,66.499999999999289,95.499999999996447,52.999999999998579,171.49999999999929,116.49999999999503,47.499999999999289,32.999999999998579,163.50000000000071,13.230000000000469,745.0799999999474,GT,model_assisted_not_ground_truth,0,0,0,0,0,0,0,0,0,0,0
17.65,66,92.999999999980105,51.999999999997513,170.9999999999975,112.99999999999005,47.000000000002487,32,163.9999999999975,13.559999999999329,708.08000000002983,GT,model_assisted_not_ground_truth,0,0,0,0,0,0,0,0,0,0,0
17.66,65.999999999996803,84.999999999996803,50.999999999993605,169.99999999998721,108.99999999999361,47.999999999996803,31.999999999990408,162.99999999998721,13.289999999999967,720.04999999996471,GT,model_assisted_not_ground_truth,0,0,0,0,0,0,0,0,0,0,0
17.67,64.999999999995737,83.999999999995737,49,165.99999999996163,106.99999999999147,47,29,158.99999999998721,13.280000000000085,709.03999999994869,GT,model_assisted_not_ground_truth,0,0,0,0,0,0,0,0,0,0,0
17.68,64,83,49.000000000004974,156.9999999999801,104.99999999999503,47,29,156.00000000000497,13.300000000001592,697.01999999986072,GT,model_assisted_not_ground_truth,0,0,0,0,0,0,0,0,0,0,0
17.69,64.00000000000604,83.00000000000604,49.999999999987921,152.99999999998187,103.99999999998792,47,29,157.00000000000605,13.619999999999969,669.01999999996974,GT,model_assisted_not_ground_truth,0,0,0,0,0,0,0,0,0,0,0
17.70,65,83.9999999999865,48.0000000000135,149.99999999999326,102.00000000000675,47.00000000000675,29.00000000002025,158,13.614999999999966,664.01999999996622,GT,model_assisted_not_ground_truth,0,0,0,0,0,0,0,0,0,0,0
17.71,65,82.000000000007105,49.999999999992895,149.00000000000355,102.99999999999645,47.999999999996447,31.999999999989342,158,13.610000000000156,659.01999999992961,GT,model_assisted_not_ground_truth,0,0,0,0,0,0,0,0,0,0,0
17.72,65,82,49.000000000002842,148.00000000000284,103,47.000000000002842,30.000000000005684,157.00000000000284,13.629999999999916,650.00999999994883,GT,model_assisted_not_ground_truth,0,0,0,0,0,0,0,0,0,0,0
17.73,65,82.999999999998224,49,148.99999999999824,103.99999999999822,47,29.000000000001776,157.99999999999824,13.620000000000095,644.00999999997123,GT,model_assisted_not_ground_truth,0,0,0,0,0,0,0,0,0,0,0
17.74,64.000000000000711,83,49,147.00000000000142,104,47,29,158.99999999999929,13.630000000000214,641.00999999994656,GT,model_assisted_not_ground_truth,0,0,0,0,0,0,0,0,0,0,0
17.75,52,84,49,149,105,47,29,160,13.65,636,GT,model_assisted_not_ground_truth,0,0,0,0,0,0,0,0,0,0,0
17.76,52,84.000000000001066,49.999999999998934,143.00000000000108,105,47,29,163.99999999999892,13.66,631.99999999999898,GT,model_assisted_not_ground_truth,0,0,0,0,0,0,0,0,0,0,0
17.77,52,85,49.000000000001776,144,105,47,29,162.99999999999821,13.66,630.99999999999818,GT,model_assisted_not_ground_truth,0,0,0,0,0,0,0,0,0,0,0
17.78,52,85,50,143.99999999997726,105,47,29.000000000002842,162,13.660000000000057,630,GT,model_assisted_not_ground_truth,0,0,0,0,0,0,0,0,0,0,0
17.79,52,85.000000000003553,50,136,105,47,29.999999999996447,162,13.679999999999893,629.97999999998945,GT,model_assisted_not_ground_truth,0,0,0,0,0,0,0,0,0,0,0
17.80,52,85.999999999995381,50.000000000004619,136.00000000000924,105,47,29.000000000004619,161.99999999999537,13.650000000000093,626.98999999999535,GT,model_assisted_not_ground_truth,0,0,0,0,0,0,0,0,0,0,0
17.81,51.999999999994671,85,50.999999999994671,137.99999999997334,104.99999999997868,47,30,161.00000000000534,13.669999999999947,625.98999999996806,GT,model_assisted_not_ground_truth,0,0,0,0,0,0,0,0,0,0,0
17.82,50.999999999993605,85,50,133.00000000000639,101,47,30,162.00000000000639,13.66,619.98999999999364,GT,model_assisted_not_ground_truth,0,0,0,0,0,0,0,0,0,0,0
17.83,49.999999999962697,84.999999999992539,50,134,100.99999999998508,47,30,163,13.660000000000149,618.99999999999989,GT,model_assisted_not_ground_truth,0,0,0,0,0,0,0,0,0,0,0
17.84,45.000000000015987,84.000000000003197,50,134,99.000000000006395,47,30,163,13.68,618.98999999999182,GT,model_assisted_not_ground_truth,0,0,0,0,0,0,0,0,0,0,0
17.85,43.000000000004263,83.000000000002132,48.000000000004263,134,99,47,29.000000000002132,159.00000000000853,13.68,617.9899999999908,GT,model_assisted_not_ground_truth,0,0,0,0,0,0,0,0,0,0,0
17.86,43.999999999998579,81.000000000002842,49.999999999997158,134.99999999999858,99,47,29,159.99999999999858,13.680000000000099,616.99000000001001,GT,model_assisted_not_ground_truth,0,0,0,0,0,0,0,0,0,0,0
17.87,43.000000000000355,80.000000000000355,48.000000000000711,135,99,47,29,156.00000000000142,13.69000000000022,617.98999999995578,GT,model_assisted_not_ground_truth,0,0,0,0,0,0,0,0,0,0,0
17.88,45,77.000000000000355,49.000000000000355,135.00000000000037,99,47,28.000000000000711,157.99999999999892,13.709999999999997,613.97000000000003,GT,model_assisted_not_ground_truth,0,0,0,0,0,0,0,0,0,0,0
17.89,45,78,49.999999999998579,135.99999999999858,98.999999999998579,47.000000000001421,29.999999999998579,154.99999999999716,13.700000000000056,613.99000000000001,GT,model_assisted_not_ground_truth,0,0,0,0,0,0,0,0,0,0,0
17.90,45,78.000000000002487,49,135,98.000000000002487,47.999999999997513,28.999999999997513,153.00000000000747,13.74,613.95999999999503,GT,model_assisted_not_ground_truth,0,0,0,0,0,0,0,0,0,0,0
17.91,45,78.999999999996803,49.000000000003197,134.99999999999679,98.999999999990408,47,28,156.00000000000639,13.740000000000016,611.96000000000163,GT,model_assisted_not_ground_truth,0,0,0,0,0,0,0,0,0,0,0
17.92,45,78.00000000001279,50,134,96,47,28,157.99999999999574,13.745000000000022,612.4600000000022,GT,model_assisted_not_ground_truth,0,0,0,0,0,0,0,0,0,0,0
17.93,45,81,50,134.00000000000497,95.999999999995026,47,27.999999999995026,156.99999999999005,13.74999999999995,612.95999999999503,GT,model_assisted_not_ground_truth,0,0,0,0,0,0,0,0,0,0,0
17.94,45,80.99999999999396,50,134.99999999999395,95,47,27.00000000000604,155,13.739999999999879,611.96000000000015,GT,model_assisted_not_ground_truth,0,0,0,0,0,0,0,0,0,0,0
17.95,45,80,49.99999999999325,133.9999999999865,95,47.00000000000675,27.99999999999325,155.00000000000674,13.720000000000068,611.98000000001343,GT,model_assisted_not_ground_truth,0,0,0,0,0,0,0,0,0,0,0
17.96,45,80,49.000000000003553,132.00000000000711,95,47.999999999996447,27.000000000003553,155.99999999999645,13.730000000000391,613.96999999998411,GT,model_assisted_not_ground_truth,0,0,0,0,0,0,0,0,0,0,0
17.97,45,80,49,132,95.999999999997158,48,27,155.00000000000284,13.78000000000017,611.93000000002553,GT,model_assisted_not_ground_truth,0,0,0,0,0,0,0,0,0,0,0
17.98,45,80,49.999999999998224,122.00000000001776,95.000000000001776,48,28.999999999996447,156.99999999999645,13.799999999999953,614.93000000000961,GT,model_assisted_not_ground_truth,0,0,0,0,0,0,0,0,0,0,0
17.99,45,80,50,125.99999999999716,95.999999999999289,47.000000000000711,27.000000000001421,157,13.794999999999975,615.93500000000495,GT,model_assisted_not_ground_truth,0,0,0,0,0,0,0,0,0,0,0
18.00,45,79,50,118,96,48,29,155,13.789999999999999,616.94000000000005,GT,model_assisted_not_ground_truth,0,0,0,0,0,0,0,0,0,0,0
18.01,45,78.999999999998394,49.000000000001066,114.99999999999626,96,47,28.000000000000533,155.99999999999841,13.770000000000021,617.95000000000107,GT,model_assisted_not_ground_truth,0,0,0,0,0,0,0,0,0,0,0
18.02,45,77.499999999997328,50.000000000001776,111.49999999999378,96,47,28.500000000000888,154.49999999999733,13.789999999999981,618.9400000000054,GT,model_assisted_not_ground_truth,0,0,0,0,0,0,0,0,0,0,0
18.03,45,76,50.999999999997158,108.00000000001705,95.999999999997158,47,28.999999999994316,152.99999999999432,13.780000000000113,621.9399999999971,GT,model_assisted_not_ground_truth,0,0,0,0,0,0,0,0,0,0,0
18.04,44.999999999992895,76.000000000003553,50.000000000003553,113.99999999999645,95.000000000003553,47,27.000000000007105,150.99999999998224,13.819999999999965,620.90999999999997,GT,model_assisted_not_ground_truth,0,0,0,0,0,0,0,0,0,0,0
18.05,43,76.999999999995381,51,113.00000000000924,96,47,29,146.00000000000463,13.809999999999977,620.9100000000069,GT,model_assisted_not_ground_truth,0,0,0,0,0,0,0,0,0,0,0
18.06,43,76,51,114.99999999998401,96.000000000005329,47,29,146.99999999999466,13.804999999999975,622.41000000000793,GT,model_assisted_not_ground_truth,0,0,0,0,0,0,0,0,0,0,0
18.07,43,76,50.999999999993605,112,96.999999999993605,47,29,146.00000000000639,13.799999999999937,623.91000000001281,GT,model_assisted_not_ground_truth,0,0,0,0,0,0,0,0,0,0,0
18.08,43.000000000014921,75.999999999992539,50,112,96,47,28.999999999985079,147.00000000000745,13.789999999999999,625.91000000000747,GT,model_assisted_not_ground_truth,0,0,0,0,0,0,0,0,0,0,0
18.09,44.999999999993605,75.000000000003197,50,112,96,47,27.000000000006395,147.99999999999682,13.789999999999999,626.91000000001634,GT,model_assisted_not_ground_truth,0,0,0,0,0,0,0,0,0,0,0
18.10,45,75.999999999997868,50,110.00000000000426,96,47,27.999999999997868,148,13.789999999999907,628.91000000000918,GT,model_assisted_not_ground_truth,0,0,0,0,0,0,0,0,0,0,0
18.11,43.000000000002842,76,50.999999999998579,111.99999999999716,96,47,28.999999999998579,147.00000000000142,13.780000000000198,629.90999999996995,GT,model_assisted_not_ground_truth,0,0,0,0,0,0,0,0,0,0,0
18.12,44.999999999999289,76,49.000000000000711,107.00000000000178,96,47,27.000000000000711,147.99999999999966,13.799999999999615,626.89000000001113,GT,model_assisted_not_ground_truth,0,0,0,0,0,0,0,0,0,0,0
18.13,45,75.999999999999645,50.999999999999645,105.00000000000036,97,48,28.999999999999289,148.00000000000037,13.764999999999789,627.90500000000611,GT,model_assisted_not_ground_truth,0,0,0,0,0,0,0,0,0,0,0
18.14,45,75,50.000000000001421,106.00000000000853,97,47.999999999998579,27,148.99999999999858,13.729999999999972,628.91999999999859,GT,model_assisted_not_ground_truth,0,0,0,0,0,0,0,0,0,0,0
18.15,44.999999999995026,74.999999999997513,51,111.99999999997264,97,47,27.000000000004974,147.9999999999975,13.709999999999976,627.94000000000005,GT,model_assisted_not_ground_truth,0,0,0,0,0,0,0,0,0,0,0
18.16,43.000000000006395,74.000000000003197,50.999999999996803,101.00000000001279,97,47,28.999999999993605,147,13.699999999999967,627.95000000000653,GT,model_assisted_not_ground_truth,0,0,0,0,0,0,0,0,0,0,0
18.17,44.999999999991473,75.000000000004263,50,104.99999999998721,97,47,27.000000000008527,147.00000000000426,13.689999999999914,629.95999999998719,GT,model_assisted_not_ground_truth,0,0,0,0,0,0,0,0,0,0,0
18.18,43.000000000009948,75.999999999995026,49.999999999995026,102.00000000000995,97,47,28.999999999995026,148,13.670000000000199,626.96000000000993,GT,model_assisted_not_ground_truth,0,0,0,0,0,0,0,0,0,0,0
18.19,45,75,49,104,97.00000000000604,47.00000000000604,27.99999999999396,148,13.70999999999988,628.93999999999403,GT,model_assisted_not_ground_truth,0,0,0,0,0,0,0,0,0,0,0
18.20,45,74.99999999999325,49,104.00000000000675,97.99999999999325,47.99999999999325,27.00000000000675,148.00000000000674,13.689999999999866,627.93999999999335,GT,model_assisted_not_ground_truth,0,0,0,0,0,0,0,0,0,0,0
18.21,45,74.000000000003553,49,104.99999999999645,97.000000000003553,47.000000000003553,27.999999999996447,148.99999999999645,13.670000000000234,626.94000000003132,GT,model_assisted_not_ground_truth,0,0,0,0,0,0,0,0,0,0,0
18.22,45,74.999999999997158,49.999999999997158,104.00000000000284,97.999999999997158,47,28.999999999997158,149,13.699999999999829,630.94000000000017,GT,model_assisted_not_ground_truth,0,0,0,0,0,0,0,0,0,0,0
18.23,44.000000000001776,74.000000000001776,49.000000000001776,105.99999999999645,98,47,27.000000000003553,148.00000000000176,13.679999999999904,630.95000000000971,GT,model_assisted_not_ground_truth,0,0,0,0,0,0,0,0,0,0,0
18.24,44.999999999999289,74.999999999999289,49.999999999999289,108.99999999999787,98,47,28.999999999998579,148.99999999999929,13.670000000000107,631.9600000000213,GT,model_assisted_not_ground_truth,0,0,0,0,0,0,0,0,0,0,0
18.25,43,75,49,104,98,48,29,152,13.68,633.96000000000004,GT,model_assisted_not_ground_truth,0,0,0,0,0,0,0,0,0,0,0
18.26,44.000000000001066,74.999999999998934,49.999999999998934,106.99999999999787,97,47,28.999999999997868,151,13.66,634.96000000000106,GT,model_assisted_not_ground_truth,0,0,0,0,0,0,0,0,0,0,0
18.27,45,74,49,104.99999999999822,97.000000000001776,47.000000000001776,27.000000000003553,151.00000000000179,13.66,635.96000000000186,GT,model_assisted_not_ground_truth,0,0,0,0,0,0,0,0,0,0,0
18.28,45,74.000000000002842,49,104,98,47.999999999997158,28.999999999997158,152,13.659999999999972,636.95999999999435,GT,model_assisted_not_ground_truth,0,0,0,0,0,0,0,0,0,0,0
18.29,45,75.000000000003553,49.000000000007105,104.00000000001421,98,47,28,152.00000000000711,13.649999999999894,634.9600000000072,GT,model_assisted_not_ground_truth,0,0,0,0,0,0,0,0,0,0,0
18.30,45.000000000018474,76.000000000009237,50.999999999995381,107.99999999999076,98,47,28,154,13.619999999999999,636.97000000000924,GT,model_assisted_not_ground_truth,0,0,0,0,0,0,0,0,0,0,0
18.31,48.999999999994671,78.000000000005329,49.999999999994671,105.99999999998934,98.000000000005329,47.000000000005329,28.000000000010658,154.00000000000534,13.619999999999946,638.9700000000214,GT,model_assisted_not_ground_truth,0,0,0,0,0,0,0,0,0,0,0
18.32,48.000000000003197,79.000000000003197,49.000000000003197,104.0000000000032,99,48,30,155.00000000000958,13.609999999999999,642.96999999998718,GT,model_assisted_not_ground_truth,0,0,0,0,0,0,0,0,0,0,0
18.33,48.500000000000888,79.500000000000881,49.500000000000888,104.50000000000088,99,48,30,156.50000000000267,13.609999999999925,640.96999999998513,GT,model_assisted_not_ground_truth,0,0,0,0,0,0,0,0,0,0,0
18.34,48.999999999998401,79.999999999998408,49.999999999998401,104.99999999999841,99,48,30,157.9999999999952,13.599999999999918,638.98000000001639,GT,model_assisted_not_ground_truth,0,0,0,0,0,0,0,0,0,0,0
18.35,49,80,50.999999999997868,111.99999999998508,99.999999999997868,48,31.999999999995737,159.99999999999574,13.59,640.98000000000923,GT,model_assisted_not_ground_truth,0,0,0,0,0,0,0,0,0,0,0
18.36,49,80,49.000000000002842,109.00000000000426,100,47.000000000001421,32,160.99999999999858,13.59,641.98000000001002,GT,model_assisted_not_ground_truth,0,0,0,0,0,0,0,0,0,0,0
18.37,49,80.999999999999645,49.999999999999645,121.99999999999538,99.000000000000355,47.999999999999645,32,160.00000000000034,13.58999999999978,642.98000000002207,GT,model_assisted_not_ground_truth,0,0,0,0,0,0,0,0,0,0,0
18.38,48.999999999999645,81,49,119.99999999999432,99.000000000000355,48,32,159.00000000000037,13.569999999999879,644.98000000000604,GT,model_assisted_not_ground_truth,0,0,0,0,0,0,0,0,0,0,0
18.39,48.000000000001421,81,49.000000000001421,104.00000000000284,100.00000000000142,48,32,160,13.230000000000029,661.96000000000572,GT,model_assisted_not_ground_truth,0,0,0,0,0,0,0,0,0,0,0
18.40,48.999999999997513,81,50,105.99999999999503,101,48,32,159.9999999999975,13.249999999999975,665.96000000000254,GT,model_assisted_not_ground_truth,0,0,0,0,0,0,0,0,0,0,0
18.41,47.999999999990408,81,50,103.99999999998401,101.0000000000032,47.999999999996803,32,159,13.23999999999984,666.97000000000969,GT,model_assisted_not_ground_truth,0,0,0,0,0,0,0,0,0,0,0
18.42,44.999999999995737,80.999999999995737,49.999999999995737,99.000000000038369,101.99999999999574,47.000000000004263,31.999999999995737,158.99999999999147,13.190000000000063,669.98999999999569,GT,model_assisted_not_ground_truth,0,0,0,0,0,0,0,0,0,0,0
18.43,44.000000000004974,80,49.000000000004974,107.99999999995026,100.99999999999503,48,31.000000000004974,157.00000000000497,13.205000000000075,668.97999999999502,GT,model_assisted_not_ground_truth,0,0,0,0,0,0,0,0,0,0,0
18.44,45,80,50,97.999999999987921,99.999999999987921,48,31.99999999999396,158,13.220000000000121,667.97000000000003,GT,model_assisted_not_ground_truth,0,0,0,0,0,0,0,0,0,0,0
18.45,45,79.99999999999325,50,96.00000000000675,98.00000000000675,47.99999999999325,31.00000000000675,157.9999999999865,13.239999999999933,667.97000000000673,GT,model_assisted_not_ground_truth,0,0,0,0,0,0,0,0,0,0,0
18.46,45,79.000000000003553,50,96.999999999996447,98.999999999996447,47.000000000003553,31.999999999996447,156.00000000000711,13.229999999999922,668.97000000000787,GT,model_assisted_not_ground_truth,0,0,0,0,0,0,0,0,0,0,0
18.47,45,79,50.999999999997158,97.999999999997158,99,46.000000000002842,31.000000000002842,156,13.219999999999915,669.97000000000014,GT,model_assisted_not_ground_truth,0,0,0,0,0,0,0,0,0,0,0
18.48,45,78.000000000001776,50.000000000001776,98,99,47.999999999996447,31.999999999998224,156,13.209999999999905,669.98000000001923,GT,model_assisted_not_ground_truth,0,0,0,0,0,0,0,0,0,0,0
18.49,45,77.000000000000711,50,93.000000000003553,95.000000000002842,46.000000000001421,29.000000000002132,155.00000000000071,13.200000000000053,671.98000000000002,GT,model_assisted_not_ground_truth,0,0,0,0,0,0,0,0,0,0,0
18.50,45,77,50,95,95,47,28,156,13.205000000000028,671.97500000000002,GT,model_assisted_not_ground_truth,0,0,0,0,0,0,0,0,0,0,0
18.51,45,76.000000000001066,51,96.999999999995737,96,46,28.999999999998934,154,13.210000000000001,671.97000000000003,GT,model_assisted_not_ground_truth,0,0,0,0,0,0,0,0,0,0,0
18.52,45,76.999999999998224,51,93.000000000007105,95.999999999998224,46,28,153.99999999999821,13.20999999999993,671.9699999999965,GT,model_assisted_not_ground_truth,0,0,0,0,0,0,0,0,0,0,0
18.53,45,76,51,97,95,46,28,153,13.170000000000057,669.96999999999434,GT,model_assisted_not_ground_truth,0,0,0,0,0,0,0,0,0,0,0
18.54,45,76,51,97,95,46,28.000000000003553,152.99999999999645,13.19,667.97000000000003,GT,model_assisted_not_ground_truth,0,0,0,0,0,0,0,0,0,0,0
18.55,45,75.999999999986144,51,97.000000000004619,95,46,28.999999999995381,151.99999999999537,13.190000000000046,667.97000000000469,GT,model_assisted_not_ground_truth,0,0,0,0,0,0,0,0,0,0,0
18.56,45,73,51,97.999999999994671,95,46,28,150.99999999999466,13.199999999999999,668.96999999999468,GT,model_assisted_not_ground_truth,0,0,0,0,0,0,0,0,0,0,0
18.57,45,73,50.999999999993605,97.000000000006395,95,46,28,149.99999999998082,13.199999999999999,667.96999999999366,GT,model_assisted_not_ground_truth,0,0,0,0,0,0,0,0,0,0,0
18.58,45,72.999999999992539,50,98.000000000007461,95,46,28.000000000007461,147.00000000002237,13.19999999999985,666.97000000000003,GT,model_assisted_not_ground_truth,0,0,0,0,0,0,0,0,0,0,0
18.59,45,72.000000000003197,50,98.999999999996803,95,46,28.999999999996803,149.99999999999039,13.180000000000081,666.97000000001628,GT,model_assisted_not_ground_truth,0,0,0,0,0,0,0,0,0,0,0
18.60,45,72.999999999997868,50.999999999997868,101.99999999999361,95.999999999997868,46,29,150,13.190000000000184,668.95999999999094,GT,model_assisted_not_ground_truth,0,0,0,0,0,0,0,0,0,0,0
18.61,44.000000000001421,73,50.000000000001421,98.000000000005684,96,46,28.000000000001421,150.99999999999858,13.209999999999802,667.96999999999002,GT,model_assisted_not_ground_truth,0,0,0,0,0,0,0,0,0,0,0
18.62,44,72.000000000000355,50,96.000000000000711,95.000000000000355,46,28,151.99999999999966,13.189999999999889,666.969999999989,GT,model_assisted_not_ground_truth,0,0,0,0,0,0,0,0,0,0,0
18.63,45,71.999999999999645,50.999999999999645,95.000000000000355,96.000000000000355,47.999999999999289,28.000000000000355,150.99999999999963,13.179999999999993,665.96999999999935,GT,model_assisted_not_ground_truth,0,0,0,0,0,0,0,0,0,0,0
18.64,45,71,50.000000000001421,95.999999999997158,96.999999999998579,46.000000000001421,28.999999999998579,149.99999999999858,13.159999999999986,663.96999999999855,GT,model_assisted_not_ground_truth,0,0,0,0,0,0,0,0,0,0,0
18.65,45,71,50.999999999997513,94.000000000004974,96,46.999999999997513,28.000000000002487,149.00000000000497,13.150000000000013,662.97000000000128,GT,model_assisted_not_ground_truth,0,0,0,0,0,0,0,0,0,0,0
18.66,44.999999999996803,70.999999999996803,50.000000000003197,95.999999999996803,96,46,28.999999999996803,150.99999999999361,13.155000000000015,663.47000000000162,GT,model_assisted_not_ground_truth,0,0,0,0,0,0,0,0,0,0,0
18.67,44.000000000004263,70.000000000008527,51,94.999999999995737,96,46.000000000004263,28,149,13.159999999999915,663.9699999999915,GT,model_assisted_not_ground_truth,0,0,0,0,0,0,0,0,0,0,0
18.68,45,71.999999999995026,51,94,95.999999999995026,46.999999999995026,28,148.99999999999503,13.140000000000001,661.97000000000003,GT,model_assisted_not_ground_truth,0,0,0,0,0,0,0,0,0,0,0
18.69,45,71,51,94.00000000000604,95,46.00000000000604,28,148,13.140000000000061,661.97000000000003,GT,model_assisted_not_ground_truth,0,0,0,0,0,0,0,0,0,0,0
18.70,45,70.99999999999325,51,95.0000000000135,95.00000000000675,47,28.00000000000675,148,13.15,661.96999999999321,GT,model_assisted_not_ground_truth,0,0,0,0,0,0,0,0,0,0,0
18.71,45,70.000000000003553,51,96.999999999992895,95.999999999996447,47,28.999999999996447,148,13.150000000000079,660.96000000000788,GT,model_assisted_not_ground_truth,0,0,0,0,0,0,0,0,0,0,0
18.72,45,71.999999999994316,51,97,96,46.000000000002842,28.000000000002842,146.00000000000568,13.159999999999915,661.96000000000004,GT,model_assisted_not_ground_truth,0,0,0,0,0,0,0,0,0,0,0
18.73,45,71.000000000001776,50.000000000001776,96.000000000001776,95.000000000001776,46,28.999999999998224,145.00000000000176,13.149999999999904,661.96000000000004,GT,model_assisted_not_ground_truth,0,0,0,0,0,0,0,0,0,0,0
18.74,45,71,50.999999999999289,96.999999999999289,95.999999999999289,47.999999999998579,28.000000000000711,145.99999999999929,13.139999999999894,661.96000000000015,GT,model_assisted_not_ground_truth,0,0,0,0,0,0,0,0,0,0,0
18.75,45,71,51,97,96,46,28,145,13.130000000000001,661.97000000000003,GT,model_assisted_not_ground_truth,0,0,0,0,0,0,0,0,0,0,0
18.76,45,70,50.000000000001066,96.999999999997868,96,46,28.999999999998934,147,13.130000000000011,660.97000000000105,GT,model_assisted_not_ground_truth,0,0,0,0,0,0,0,0,0,0,0
18.77,45,70,51,95.000000000001776,96,46,28.000000000001776,147,13.140000000000001,661.97000000000003,GT,model_assisted_not_ground_truth,0,0,0,0,0,0,0,0,0,0,0
18.78,45,70,50.999999999997158,96.000000000008527,96,46,29,146.99999999999716,13.140000000000001,661.98000000000002,GT,model_assisted_not_ground_truth,0,0,0,0,0,0,0,0,0,0,0
18.79,45,70,50,99,95.999999999996447,46.000000000003553,29,145.99999999998579,13.140000000000018,661.98000000000002,GT,model_assisted_not_ground_truth,0,0,0,0,0,0,0,0,0,0,0
18.80,45,69.999999999995381,50,98.999999999990763,95,46.999999999995381,28.999999999995381,142,13.145000000000024,661.98000000000002,GT,model_assisted_not_ground_truth,0,0,0,0,0,0,0,0,0,0,0
18.81,45,69,50,97.000000000005329,95,46,28,142.00000000000534,13.15,661.98000000000002,GT,model_assisted_not_ground_truth,0,0,0,0,0,0,0,0,0,0,0
18.82,45,68.999999999993605,50.000000000006395,98,94.999999999993605,46.00000000001279,28.000000000006395,142.99999999999361,13.149999999999936,661.97999999998717,GT,model_assisted_not_ground_truth,0,0,0,0,0,0,0,0,0,0,0
18.83,45,68.000000000007461,50.999999999992539,97.999999999992539,94.000000000007461,47.999999999985079,28.999999999992539,141.99999999999255,13.140000000000224,659.9799999999999,GT,model_assisted_not_ground_truth,0,0,0,0,0,0,0,0,0,0,0
18.84,45,68.999999999996803,50.000000000003197,97.000000000003197,94.999999999996803,46.000000000006395,28.000000000003197,141.00000000000318,13.169999999999918,659.97000000000003,GT,model_assisted_not_ground_truth,0,0,0,0,0,0,0,0,0,0,0
18.85,45,69,50.999999999997868,97,94.000000000002132,46,28,141,13.16,659.96999999999093,GT,model_assisted_not_ground_truth,0,0,0,0,0,0,0,0,0,0,0
18.86,45,68.000000000001421,50.000000000001421,97,94.999999999998579,46,28,143.99999999999574,13.15999999999995,658.98000000000502,GT,model_assisted_not_ground_truth,0,0,0,0,0,0,0,0,0,0,0
18.87,45,66.000000000000711,50.999999999999645,97.999999999999645,95,46.999999999999645,28.999999999999645,144,13.154999999999973,659.48000000000263,GT,model_assisted_not_ground_truth,0,0,0,0,0,0,0,0,0,0,0
18.88,45,66,50.000000000000178,97.000000000000185,94.999999999999815,46,28.000000000000178,143.00000000000017,13.149999999999997,659.97999999999968,GT,model_assisted_not_ground_truth,0,0,0,0,0,0,0,0,0,0,0
18.89,45,66,50.500000000000711,97.500000000000711,94.499999999999289,46,28.500000000000711,143.50000000000071,13.140000000000029,658.98000000000286,GT,model_assisted_not_ground_truth,0,0,0,0,0,0,0,0,0,0,0
18.90,45,65.999999999997513,51,97.999999999995026,94,46,29,144.0000000000025,13.16000000000005,660.97999999999001,GT,model_assisted_not_ground_truth,0,0,0,0,0,0,0,0,0,0,0
18.91,45,65,51,95.999999999996803,94.000000000003197,46,28.999999999996803,145.00000000000321,13.180000000000096,656.96000000000322,GT,model_assisted_not_ground_truth,0,0,0,0,0,0,0,0,0,0,0
18.92,45,65,51,94.999999999995737,95,46,28,146,13.210000000000001,657.94000000000858,GT,model_assisted_not_ground_truth,0,0,0,0,0,0,0,0,0,0,0
18.93,45,65,50.999999999995026,93.999999999995026,95,46,28.000000000004974,146.00000000000497,13.210000000000075,659.93999999999505,GT,model_assisted_not_ground_truth,0,0,0,0,0,0,0,0,0,0,0
18.94,45,65.00000000000604,50.00000000000604,93.000000000012079,95.00000000000604,46,28.99999999999396,147,13.22500000000009,658.93999999999403,GT,model_assisted_not_ground_truth,0,0,0,0,0,0,0,0,0,0,0
18.95,45,66,51,95.000000000027001,96,46,28.00000000000675,146.99999999999326,13.23999999999946,657.9399999999664,GT,model_assisted_not_ground_truth,0,0,0,0,0,0,0,0,0,0,0
18.96,45,66,51,98.999999999985789,96,46,28.999999999996447,146.00000000000355,13.160000000000235,652.95000000003915,GT,model_assisted_not_ground_truth,0,0,0,0,0,0,0,0,0,0,0
18.97,45,66,51,97.000000000005684,96,46,28.000000000002842,146.99999999999716,13.190000000000085,657.94999999998277,GT,model_assisted_not_ground_truth,0,0,0,0,0,0,0,0,0,0,0
18.98,45,66,50.000000000001776,99.999999999994671,97.999999999996447,47.999999999996447,28,147.99999999999824,13.199999999999807,655.92999999998062,GT,model_assisted_not_ground_truth,0,0,0,0,0,0,0,0,0,0,0
18.99,45,66.999999999999289,50,100,96.000000000001421,46.000000000001421,28.999999999999289,148,13.179999999999893,653.9199999999787,GT,model_assisted_not_ground_truth,0,0,0,0,0,0,0,0,0,0,0
19.00,44,66,50,101,96,46,28,149,13.17,651.91999999999996,GT,model_assisted_not_ground_truth,0,0,0,0,0,0,0,0,0,0,0
19.01,45,67.000000000001066,50,102.99999999999893,96,46.999999999998934,28,149,13.190000000000023,654.92000000000314,GT,model_assisted_not_ground_truth,0,0,0,0,0,0,0,0,0,0,0
19.02,45,68,50.000000000001776,102,96,46,28.000000000001776,148.99999999999821,13.209999999999983,657.91999999999109,GT,model_assisted_not_ground_truth,0,0,0,0,0,0,0,0,0,0,0
19.03,45,68,50.999999999997158,102,96,46.000000000005684,28.999999999997158,148.00000000000284,13.199999999999886,652.9200000000028,GT,model_assisted_not_ground_truth,0,0,0,0,0,0,0,0,0,0,0
19.04,45,68,50,101.99999999999645,96,47.999999999992895,28,149.00000000000355,13.160000000000036,653.91999999998927,GT,model_assisted_not_ground_truth,0,0,0,0,0,0,0,0,0,0,0
19.05,45,68.000000000004619,50,101.00000000001386,96,46,28,150,13.169999999999861,650.91999999997211,GT,model_assisted_not_ground_truth,0,0,0,0,0,0,0,0,0,0,0
19.06,45,69,50,104,96,46,28,150,13.139999999999841,644.90000000001623,GT,model_assisted_not_ground_truth,0,0,0,0,0,0,0,0,0,0,0
19.07,44.99999999998721,69,50.000000000006395,104.00000000000639,96.000000000006395,46.000000000006395,28.000000000006395,150.00000000001279,13.109999999999935,647.94000000000335,GT,model_assisted_not_ground_truth,0,0,0,0,0,0,0,0,0,0,0
19.08,43.000000000014921,68.999999999992539,50.999999999992539,105.00000000000746,96.999999999992539,47,28.999999999992539,151.99999999999255,13.099999999999925,648.4500000000038,GT,model_assisted_not_ground_truth,0,0,0,0,0,0,0,0,0,0,0
19.09,44.999999999993605,68.000000000003197,50.000000000003197,105.9999999999968,96.000000000003197,47,28.000000000003197,151.00000000000318,13.089999999999591,648.95999999998378,GT,model_assisted_not_ground_truth,0,0,0,0,0,0,0,0,0,0,0
19.10,44.000000000002132,68.999999999997868,50,106.99999999999787,96.999999999997868,47,28,151,13.039999999999722,646.97000000002777,GT,model_assisted_not_ground_truth,0,0,0,0,0,0,0,0,0,0,0
19.11,44.999999999998579,67.000000000002842,50,106.00000000000142,97,46.000000000001421,28,151,13.009999999999801,649.97000000000014,GT,model_assisted_not_ground_truth,0,0,0,0,0,0,0,0,0,0,0
19.12,45,67.999999999999645,50,105.00000000000036,96.000000000000355,46,28,151.99999999999966,12.98999999999945,649.98000000001105,GT,model_assisted_not_ground_truth,0,0,0,0,0,0,0,0,0,0,0
19.13,45,68.999999999999645,50,105,96.000000000000355,46,28.999999999999645,151.99999999999963,12.94,650.98000000000036,GT,model_assisted_not_ground_truth,0,0,0,0,0,0,0,0,0,0,0
19.14,44.999999999998579,68.000000000001421,50,105,96.999999999998579,46.000000000001421,28.000000000001421,151,12.939999999999971,651.9799999999957,GT,model_assisted_not_ground_truth,0,0,0,0,0,0,0,0,0,0,0
19.15,44,69.000000000002487,50,105,96,46.999999999997513,28.999999999997513,151.00000000000497,12.92,648.96000000000754,GT,model_assisted_not_ground_truth,0,0,0,0,0,0,0,0,0,0,0
19.16,44,70,50,105.0000000000032,96.000000000003197,46,28.000000000003197,152.99999999999679,12.919999999999936,651.97000000000003,GT,model_assisted_not_ground_truth,0,0,0,0,0,0,0,0,0,0,0
19.17,43.999999999995737,70,50.000000000004263,106,97,46,29,152,12.899999999999915,651.97500000000002,GT,model_assisted_not_ground_truth,0,0,0,0,0,0,0,0,0,0,0
19.18,43.000000000004974,70,50.999999999995026,106.00000000000497,97,46,29,152,12.879999999999702,651.97999999996523,GT,model_assisted_not_ground_truth,0,0,0,0,0,0,0,0,0,0,0
19.19,44.00000000000302,70,50,107.00000000000604,97,46.00000000000302,29.000000000009059,152.00000000000603,12.820000000000121,644.98000000004845,GT,model_assisted_not_ground_truth,0,0,0,0,0,0,0,0,0,0,0
19.20,44.500000000000533,70,50,108.00000000000107,97,46.500000000000533,30.500000000001599,153.00000000000108,12.839999999999797,652.99000000001354,GT,model_assisted_not_ground_truth,0,0,0,0,0,0,0,0,0,0,0
19.21,44.999999999998224,70,50,108.99999999999645,97,46.999999999998224,31.999999999994671,153.99999999999645,12.809999999999688,654.99000000000001,GT,model_assisted_not_ground_truth,0,0,0,0,0,0,0,0,0,0,0
19.22,45,70.999999999997158,50,108.00000000000284,97,46.000000000002842,30.000000000005684,152.00000000000568,12.77000000000017,654.99000000002559,GT,model_assisted_not_ground_truth,0,0,0,0,0,0,0,0,0,0,0
19.23,45,71.999999999998224,50,108,97,46,30,150.00000000000355,12.789999999999951,657.99000000000012,GT,model_assisted_not_ground_truth,0,0,0,0,0,0,0,0,0,0,0
19.24,45,72,50,110.99999999999787,97.999999999999289,46.999999999999289,30,150,12.784999999999975,658,GT,model_assisted_not_ground_truth,0,0,0,0,0,0,0,0,0,0,0
19.25,44,71,50,112,98,46,30,151,12.779999999999999,658.00999999999999,GT,model_assisted_not_ground_truth,0,0,0,0,0,0,0,0,0,0,0
19.26,45,71.000000000001066,50.000000000002132,110.99999999999893,97,46.000000000001066,30.000000000002132,151,12.799999999999979,654.99000000000751,GT,model_assisted_not_ground_truth,0,0,0,0,0,0,0,0,0,0,0
19.27,45,72.000000000001776,51.999999999998224,110.00000000000355,97.000000000001776,47,32,151.00000000000179,12.780000000000035,662,GT,model_assisted_not_ground_truth,0,0,0,0,0,0,0,0,0,0,0
19.28,45,73,50.999999999997158,112.00000000000284,98.000000000002842,47.000000000002842,32,151.99999999999432,12.799999999999972,662.00999999999715,GT,model_assisted_not_ground_truth,0,0,0,0,0,0,0,0,0,0,0
19.29,44.999999999996447,73,50.000000000003553,113.00000000000355,98.999999999996447,47.999999999996447,31.999999999996447,150.00000000000355,12.790000000000017,661.01000000000352,GT,model_assisted_not_ground_truth,0,0,0,0,0,0,0,0,0,0,0
19.30,44,73,50.999999999995381,114.00000000000462,97.999999999995381,46.999999999995381,31,151.00000000000463,12.795000000000023,662.01000000000465,GT,model_assisted_not_ground_truth,0,0,0,0,0,0,0,0,0,0,0
19.31,44.000000000005329,73.000000000005329,50,115,97.000000000005329,46,31,152,12.799999999999788,663.01000000002136,GT,model_assisted_not_ground_truth,0,0,0,0,0,0,0,0,0,0,0
19.32,44.999999999993605,73.99999999998721,50,115.00000000000639,97.999999999993605,46,31,152,12.759999999999872,667.0100000000001,GT,model_assisted_not_ground_truth,0,0,0,0,0,0,0,0,0,0,0
19.33,44,72.000000000014921,50,115.99999999999254,97.000000000007461,46,31,152.00000000000745,12.74,667.02000000000749,GT,model_assisted_not_ground_truth,0,0,0,0,0,0,0,0,0,0,0
19.34,44,73.999999999993605,50,115.0000000000032,97.999999999996803,46,31,152.99999999999682,12.740000000000082,668.01999999999975,GT,model_assisted_not_ground_truth,0,0,0,0,0,0,0,0,0,0,0
19.35,44.999999999997868,73.000000000002132,50,115.99999999999787,97.000000000002132,46,31,151.00000000000426,12.750000000000185,667.9900000000091,GT,model_assisted_not_ground_truth,0,0,0,0,0,0,0,0,0,0,0
19.36,45,74.999999999997158,50,116.99999999999858,97,46,31,151.99999999999858,12.769999999999801,668.98000000002014,GT,model_assisted_not_ground_truth,0,0,0,0,0,0,0,0,0,0,0
19.37,45,75,51.999999999999289,117,97.999999999999645,47.999999999999289,31.999999999999645,152.99999999999966,12.749999999999945,671,GT,model_assisted_not_ground_truth,0,0,0,0,0,0,0,0,0,0,0
19.38,45,74.000000000000355,51,116.99999999999964,98,48,32,152.99999999999963,12.744999999999969,671,GT,model_assisted_not_ground_truth,0,0,0,0,0,0,0,0,0,0,0
19.39,44.999999999998579,75,51,116,98,47.999999999997158,31.999999999998579,152,12.739999999999972,670.99999999999864,GT,model_assisted_not_ground_truth,0,0,0,0,0,0,0,0,0,0,0
19.40,44,75,50.999999999997513,116.00000000000497,98,46.000000000004974,31.000000000002487,152.0000000000025,12.720000000000026,670.01000000000749,GT,model_assisted_not_ground_truth,0,0,0,0,0,0,0,0,0,0,0
19.41,43.999999999996803,75,50.000000000003197,117.99999999999361,98.000000000003197,47.999999999993605,31.999999999996803,153,12.729999999999936,673.01000000000636,GT,model_assisted_not_ground_truth,0,0,0,0,0,0,0,0,0,0,0
19.42,43.000000000008527,75,50.999999999995737,116,98.999999999995737,46.000000000008527,31.000000000004263,153,12.709999999999958,675.00999999999567,GT,model_assisted_not_ground_truth,0,0,0,0,0,0,0,0,0,0,0
19.43,45,75,50.000000000004974,116.00000000000497,98.000000000004974,47.999999999995026,31.999999999995026,153,12.69999999999985,674.00999999998999,GT,model_assisted_not_ground_truth,0,0,0,0,0,0,0,0,0,0,0
19.44,45,75,50.99999999999396,117.00000000000604,99.00000000000604,47.00000000000604,31.00000000000604,153,12.67000000000003,672.01000000000602,GT,model_assisted_not_ground_truth,0,0,0,0,0,0,0,0,0,0,0
19.45,45,75,50.00000000000675,117.9999999999865,100,48,32,153.00000000000674,12.675000000000033,673.0100000000067,GT,model_assisted_not_ground_truth,0,0,0,0,0,0,0,0,0,0,0
19.46,45,75,50.999999999996447,116.00000000000711,100,48,32,153.99999999999645,12.679999999999765,674.01000000000784,GT,model_assisted_not_ground_truth,0,0,0,0,0,0,0,0,0,0,0
19.47,45,75,50.000000000002842,116.99999999999716,100,47.000000000002842,32,154.99999999999716,12.650000000000256,675.00999999999988,GT,model_assisted_not_ground_truth,0,0,0,0,0,0,0,0,0,0,0
19.48,45,74.000000000001776,50.999999999998224,117,100.99999999999822,47.999999999998224,32,155,12.680000000000096,674.99999999999989,GT,model_assisted_not_ground_truth,0,0,0,0,0,0,0,0,0,0,0
19.49,45,74.999999999999289,51,116.00000000000071,101,48,32,155.99999999999929,12.689999999999893,674.99000000003218,GT,model_assisted_not_ground_truth,0,0,0,0,0,0,0,0,0,0,0
19.50,45,75,50,118,101,47,32,156,12.68,678.00999999999999,GT,model_assisted_not_ground_truth,0,0,0,0,0,0,0,0,0,0,0
19.51,44.000000000001066,75.999999999998934,50.999999999998934,118,101,47,32,155.99999999999892,12.660000000000011,679.00999999999999,GT,model_assisted_not_ground_truth,0,0,0,0,0,0,0,0,0,0,0
19.52,45,75,50,118,101,47.000000000001776,32,154.99999999999821,12.670000000000018,679.00999999999999,GT,model_assisted_not_ground_truth,0,0,0,0,0,0,0,0,0,0,0
19.53,45,75.000000000002842,50.000000000005684,118,101,48,32,154.00000000000284,12.679999999999801,679.01000000000283,GT,model_assisted_not_ground_truth,0,0,0,0,0,0,0,0,0,0,0
19.54,45,75.999999999996447,51.999999999992895,117.99999999999645,101,48,32,155.00000000000355,12.609999999999964,680.01999999999646,GT,model_assisted_not_ground_truth,0,0,0,0,0,0,0,0,0,0,0
19.55,45,75.000000000004619,50.000000000004619,117,101,47.999999999995381,32,156.00000000000924,12.600000000000046,679.02000000000464,GT,model_assisted_not_ground_truth,0,0,0,0,0,0,0,0,0,0,0
19.56,45,76,51,117,101,47.000000000005329,32,158,12.610000000000106,680.01999999999998,GT,model_assisted_not_ground_truth,0,0,0,0,0,0,0,0,0,0,0
19.57,45,76,51.000000000006395,117.00000000000639,101,48,32,158,12.629999999999873,680.02000000000635,GT,model_assisted_not_ground_truth,0,0,0,0,0,0,0,0,0,0,0
19.58,45,75.999999999992539,51.999999999992539,118,101,48,32,158,12.610000000000223,681.02000000000726,GT,model_assisted_not_ground_truth,0,0,0,0,0,0,0,0,0,0,0
19.59,45,75.000000000003197,51.000000000003197,118,101,48,32,158,12.640000000000001,681.99999999999591,GT,model_assisted_not_ground_truth,0,0,0,0,0,0,0,0,0,0,0
19.60,45,75,51,118.99999999999787,101,46.000000000004263,32,158,12.640000000000001,681.49999999999534,GT,model_assisted_not_ground_truth,0,0,0,0,0,0,0,0,0,0,0
19.61,45,75.999999999998579,51,119,101.99999999999858,46,32.999999999998579,158,12.639999999999702,681.00000000001,GT,model_assisted_not_ground_truth,0,0,0,0,0,0,0,0,0,0,0
19.62,45,75.000000000000355,51,118.00000000000036,101.00000000000036,46,32.000000000000355,158.99999999999966,12.61000000000011,682.01000000001102,GT,model_assisted_not_ground_truth,0,0,0,0,0,0,0,0,0,0,0
19.63,45,74.000000000000355,51,119.99999999999964,102.00000000000036,47.999999999999289,32.000000000000355,158,12.619999999999992,683.00999999999999,GT,model_assisted_not_ground_truth,0,0,0,0,0,0,0,0,0,0,0
19.64,45,75,51,119.00000000000142,103,46.000000000002842,32.999999999998579,158.00000000000142,12.600000000000014,683.02000000000146,GT,model_assisted_not_ground_truth,0,0,0,0,0,0,0,0,0,0,0
19.65,45,75.000000000002487,51,119.99999999999751,103.00000000000746,47.999999999995026,32.000000000002487,159.0000000000025,12.609999999999975,684.02000000000248,GT,model_assisted_not_ground_truth,0,0,0,0,0,0,0,0,0,0,0
19.66,45,76,51,119,105.99999999999361,46.000000000006395,33,160,12.600000000000032,685.01999999999998,GT,model_assisted_not_ground_truth,0,0,0,0,0,0,0,0,0,0,0
19.67,45,76,51,119.00000000001279,104,48,32.999999999995737,160,12.609999999999978,685.02000000000635,GT,model_assisted_not_ground_truth,0,0,0,0,0,0,0,0,0,0,0
19.68,45,76,51.000000000004974,121.99999999998508,104.00000000001492,48,32,160,12.604999999999976,686.52000000000749,GT,model_assisted_not_ground_truth,0,0,0,0,0,0,0,0,0,0,0
19.69,45,76.00000000000604,51.99999999999396,118.99999999999396,106.99999999998792,47.99999999999396,32,160,12.6,688.01999999999998,GT,model_assisted_not_ground_truth,0,0,0,0,0,0,0,0,0,0,0
19.70,45,77,51,117.9999999999865,105,47.00000000000675,32,160,12.600000000000067,688.01999999998645,GT,model_assisted_not_ground_truth,0,0,0,0,0,0,0,0,0,0,0
19.71,45,77,51,116.00000000000711,105,47.999999999996447,32,160,12.609999999999843,686.02000000000783,GT,model_assisted_not_ground_truth,0,0,0,0,0,0,0,0,0,0,0
19.72,45,77,51,114.00000000000568,108.99999999998863,48,32,160,12.589999999999915,687.01999999998304,GT,model_assisted_not_ground_truth,0,0,0,0,0,0,0,0,0,0,0
19.73,45,77,50.000000000001776,114.99999999999822,108.00000000000178,47.000000000001776,32,160,12.580000000000048,685.03000000000475,GT,model_assisted_not_ground_truth,0,0,0,0,0,0,0,0,0,0,0
19.74,45,78.999999999998579,50.999999999999289,115,108.99999999999929,47.999999999999289,32,161.99999999999858,12.585000000000026,685.53000000000247,GT,model_assisted_not_ground_truth,0,0,0,0,0,0,0,0,0,0,0
19.75,45,78,50,117,108,48,33,161,12.59,686.02999999999997,GT,model_assisted_not_ground_truth,0,0,0,0,0,0,0,0,0,0,0
19.76,45,78,50.999999999998934,116.00000000000107,109,48,33,161.00000000000213,12.570000000000011,688.030000000001,GT,model_assisted_not_ground_truth,0,0,0,0,0,0,0,0,0,0,0
19.77,44.999999999998224,78.000000000001776,50.000000000001776,117.00000000000355,109,48,33,163.00000000000179,12.580000000000036,689.02999999999463,GT,model_assisted_not_ground_truth,0,0,0,0,0,0,0,0,0,0,0
19.78,44.000000000002842,78.999999999997158,50.999999999997158,119,109.00000000000284,47.999999999997158,32.999999999997158,164.00000000000284,12.600000000000085,686.00999999999999,GT,model_assisted_not_ground_truth,0,0,0,0,0,0,0,0,0,0,0
19.79,45,78.000000000003553,50,119.00000000000355,110,47.000000000003553,32,165,12.630000000000001,685.99000000000353,GT,model_assisted_not_ground_truth,0,0,0,0,0,0,0,0,0,0,0
19.80,45,79.000000000004619,50,120.00000000000462,110,47.999999999995381,32,164.99999999999537,12.630000000000093,686.98999999999535,GT,model_assisted_not_ground_truth,0,0,0,0,0,0,0,0,0,0,0
19.81,45,79.999999999994671,50,121,110,47.000000000005329,32,164.00000000001066,12.64999999999992,685.99000000000001,GT,model_assisted_not_ground_truth,0,0,0,0,0,0,0,0,0,0,0
19.82,45,79.000000000006395,50.00000000001279,121,110,48,32.000000000006395,166,12.634999999999904,685.995,GT,model_assisted_not_ground_truth,0,0,0,0,0,0,0,0,0,0,0
19.83,44.999999999992539,80,51.999999999985079,121,110,48,32.999999999992539,166,12.620000000000223,685.99999999999989,GT,model_assisted_not_ground_truth,0,0,0,0,0,0,0,0,0,0,0
19.84,44.000000000003197,80,50.000000000006395,121,110,48,32.000000000003197,166,12.649999999999755,685.99000000000012,GT,model_assisted_not_ground_truth,0,0,0,0,0,0,0,0,0,0,0
19.85,44.999999999997868,80,51.999999999995737,121,110,48,32,166,12.619999999999814,685.99999999998147,GT,model_assisted_not_ground_truth,0,0,0,0,0,0,0,0,0,0,0
19.86,45,80,50.000000000002842,121,110,47.000000000001421,32.999999999998579,165.00000000000142,12.600000000000298,684,GT,model_assisted_not_ground_truth,0,0,0,0,0,0,0,0,0,0,0
19.87,45,80.999999999999645,50.999999999999645,121.99999999999964,110,47.999999999999645,32.000000000000355,164.00000000000034,12.630000000000001,683.99999999999977,GT,model_assisted_not_ground_truth,0,0,0,0,0,0,0,0,0,0,0
19.88,45,82,51.000000000000355,121.00000000000036,110.00000000000071,47.999999999999645,32,167,12.630000000000003,683.98000000000002,GT,model_assisted_not_ground_truth,0,0,0,0,0,0,0,0,0,0,0
19.89,44.999999999998579,82,51.999999999998579,122,112,47.000000000001421,32.000000000001421,166.99999999999858,12.635000000000009,683.97500000000002,GT,model_assisted_not_ground_truth,0,0,0,0,0,0,0,0,0,0,0
19.90,44.000000000002487,82,50.999999999997513,121.99999999999503,112,48,32.999999999997513,166,12.639999999999926,683.97000000000253,GT,model_assisted_not_ground_truth,0,0,0,0,0,0,0,0,0,0,0
19.91,45,82,50,120.00000000000639,111.9999999999968,48,32,166.00000000000321,12.610000000000159,684.96999999999355,GT,model_assisted_not_ground_truth,0,0,0,0,0,0,0,0,0,0,0
19.92,45,82,50,121.99999999999574,111.00000000000426,48,32.000000000004263,167,12.65999999999983,682.94999999999163,GT,model_assisted_not_ground_truth,0,0,0,0,0,0,0,0,0,0,0
19.93,45,82,50.000000000004974,121.00000000000497,112,47.999999999995026,32.999999999995026,167,12.620000000000198,680.96999999999503,GT,model_assisted_not_ground_truth,0,0,0,0,0,0,0,0,0,0,0
19.94,45,82.00000000000604,51,122.00000000000604,111.99999999999396,47.00000000000604,32,167,12.659999999999759,679.97000000001219,GT,model_assisted_not_ground_truth,0,0,0,0,0,0,0,0,0,0,0
19.95,45,82.99999999999325,51.00000000000675,123,111.0000000000135,48,32,167.00000000000674,12.619999999999932,681.97999999999331,GT,model_assisted_not_ground_truth,0,0,0,0,0,0,0,0,0,0,0
19.96,45,82.000000000003553,51.999999999996447,123,112.99999999999289,48,32,167.99999999999645,12.609999999999882,680.97999999999217,GT,model_assisted_not_ground_truth,0,0,0,0,0,0,0,0,0,0,0
19.97,45,82.999999999997158,50.000000000005684,123,113,48,32.999999999997158,168,12.594999999999871,679.9749999999915,GT,model_assisted_not_ground_truth,0,0,0,0,0,0,0,0,0,0,0
19.98,45,83.999999999998224,50.999999999998224,123,113,48,33,168.99999999999824,12.579999999999712,678.97000000000037,GT,model_assisted_not_ground_truth,0,0,0,0,0,0,0,0,0,0,0
19.99,45,84,51,123,113,48,32.000000000000711,168.00000000000071,12.549999999999788,678.99999999997885,GT,model_assisted_not_ground_truth,0,0,0,0,0,0,0,0,0,0,0
20.00,44,83,52,123,114,48,33,167,12.529999999999999,677.01999999999998,GT,model_assisted_not_ground_truth,0,0,0,0,0,0,0,0,0,0,0
20.01,44.999999999998934,84,51.000000000001066,123.99999999999893,114,48,33,168,12.51000000000001,675.030000000001,GT,model_assisted_not_ground_truth,0,0,0,0,0,0,0,0,0,0,0
20.02,44.000000000001776,84,51.999999999998224,123,113.99999999999822,48,33,168,12.519999999999982,676.03000000000179,GT,model_assisted_not_ground_truth,0,0,0,0,0,0,0,0,0,0,0
20.03,45,84,51,123,113,48,33,168,12.509999999999986,677.03999999999564,GT,model_assisted_not_ground_truth,0,0,0,0,0,0,0,0,0,0,0
20.04,45,84,50.999999999996447,123.00000000000355,113,48,32.999999999996447,168.00000000000355,12.504999999999981,675.53499999999462,GT,model_assisted_not_ground_truth,0,0,0,0,0,0,0,0,0,0,0
20.05,44.999999999995381,84,50.000000000004619,124,113,47.999999999995381,32.000000000004619,169,12.500000000000046,674.03000000001384,GT,model_assisted_not_ground_truth,0,0,0,0,0,0,0,0,0,0,0
20.06,44.000000000005329,84.000000000005329,51,124,113,47.000000000005329,33,169,12.510000000000053,677.02999999998929,GT,model_assisted_not_ground_truth,0,0,0,0,0,0,0,0,0,0,0
20.07,45,85,50.999999999993605,124,113.00000000000639,48,33,169.00000000000639,12.52,675.02000000000646,GT,model_assisted_not_ground_truth,0,0,0,0,0,0,0,0,0,0,0
20.08,45,85,50.000000000007461,124,114,47.999999999992539,33,169.99999999999255,12.520000000000074,676.02999999999997,GT,model_assisted_not_ground_truth,0,0,0,0,0,0,0,0,0,0,0
20.09,45,85,50.999999999996803,124,114,47.000000000003197,33,169.00000000000318,12.529999999999836,676.03000000000009,GT,model_assisted_not_ground_truth,0,0,0,0,0,0,0,0,0,0,0
20.10,44.000000000002132,85,51.999999999997868,124.99999999999787,114,47.999999999997868,31.000000000004263,169.99999999999787,12.510000000000092,676.04000000000451,GT,model_assisted_not_ground_truth,0,0,0,0,0,0,0,0,0,0,0
20.11,44,85,51.000000000001421,125,113.00000000000142,47.000000000001421,32.999999999997158,169.00000000000142,12.520000000000099,676.53500000000486,GT,model_assisted_not_ground_truth,0,0,0,0,0,0,0,0,0,0,0
20.12,44.999999999999645,85,51.999999999999645,125.99999999999964,113,47.999999999999645,33,169,12.529999999999889,677.02999999998895,GT,model_assisted_not_ground_truth,0,0,0,0,0,0,0,0,0,0,0
20.13,45,84.999999999999645,51.000000000000355,125,112.99999999999964,47.000000000000355,32,169.00000000000037,12.52,676.02999999999997,GT,model_assisted_not_ground_truth,0,0,0,0,0,0,0,0,0,0,0
20.14,45,84.000000000001421,51.999999999998579,124.99999999999858,112.00000000000142,47.999999999998579,32,170,12.519999999999971,676.02999999999713,GT,model_assisted_not_ground_truth,0,0,0,0,0,0,0,0,0,0,0
20.15,45,85,51,123.99999999999751,113,47.000000000002487,32.000000000002487,170,12.50000000000005,674.03000000000247,GT,model_assisted_not_ground_truth,0,0,0,0,0,0,0,0,0,0,0
20.16,45,85.000000000003197,51,123.0000000000032,113.0000000000032,48,33,170,12.520000000000032,675.02000000000646,GT,model_assisted_not_ground_truth,0,0,0,0,0,0,0,0,0,0,0
20.17,45,86,51.000000000004263,124,113.99999999999574,48,33,170,12.529999999999957,677.03999999999996,GT,model_assisted_not_ground_truth,0,0,0,0,0,0,0,0,0,0,0
20.18,45,86,52,123.99999999999005,113,48,33,170,12.52,677.05000000000746,GT,model_assisted_not_ground_truth,0,0,0,0,0,0,0,0,0,0,0
20.19,44.99999999999396,86,51.999999999987921,122.00000000000604,113,48,33,170,12.52,678.55000000000905,GT,model_assisted_not_ground_truth,0,0,0,0,0,0,0,0,0,0,0
20.20,44.00000000000675,86,50.00000000000675,122.9999999999865,113,48,33,170,12.52,680.05000000001348,GT,model_assisted_not_ground_truth,0,0,0,0,0,0,0,0,0,0,0
20.21,44.999999999996447,86,50.999999999996447,121.00000000000711,113,48,33,170,12.519999999999843,682.04999999998427,GT,model_assisted_not_ground_truth,0,0,0,0,0,0,0,0,0,0,0
20.22,45,86,50.000000000002842,122.99999999999432,113,48,33,170.99999999999716,12.499999999999915,680.04999999999995,GT,model_assisted_not_ground_truth,0,0,0,0,0,0,0,0,0,0,0
20.23,44.000000000001776,85.000000000001776,50.999999999998224,123,113,48,33,171,12.490000000000096,680.04999999998063,GT,model_assisted_not_ground_truth,0,0,0,0,0,0,0,0,0,0,0
20.24,44.999999999999289,85.999999999999289,51,123,113,48,33,171,12.50000000000032,678.04000000002122,GT,model_assisted_not_ground_truth,0,0,0,0,0,0,0,0,0,0,0
20.25,45,86,51,122,114,48,33,171,12.529999999999999,680.02999999999997,GT,model_assisted_not_ground_truth,0,0,0,0,0,0,0,0,0,0,0
20.26,45,85.999999999998934,50.000000000001066,124.99999999999893,113,48,32.999999999998934,170,12.529999999999999,680.53000000000054,GT,model_assisted_not_ground_truth,0,0,0,0,0,0,0,0,0,0,0
20.27,45,85.000000000001776,50.999999999998224,123.99999999999822,113,47.999999999998224,32.000000000001776,170.00000000000179,12.530000000000017,681.03000000000179,GT,model_assisted_not_ground_truth,0,0,0,0,0,0,0,0,0,0,0
20.28,45,85.999999999997158,50,123.00000000000284,113.00000000000284,47.000000000002842,33,170.99999999999716,12.539999999999942,682.02999999999997,GT,model_assisted_not_ground_truth,0,0,0,0,0,0,0,0,0,0,0
20.29,45,85.000000000003553,50.000000000003553,123.99999999999645,114,47.999999999996447,33,170,12.52,682.04999999999632,GT,model_assisted_not_ground_truth,0,0,0,0,0,0,0,0,0,0,0
20.30,45,86,51,123.00000000000462,114,47,33,169.99999999999537,12.52,681.04000000000462,GT,model_assisted_not_ground_truth,0,0,0,0,0,0,0,0,0,0,0
20.31,45,86,51,123.99999999999467,114,47.000000000005329,33,169.00000000000534,12.519999999999946,682.03999999998393,GT,model_assisted_not_ground_truth,0,0,0,0,0,0,0,0,0,0,0
20.32,45,86.000000000003197,51,123.0000000000032,114,47.999999999996803,33,170.00000000000318,12.509999999999968,679.04000000000633,GT,model_assisted_not_ground_truth,0,0,0,0,0,0,0,0,0,0,0
20.33,45,86.500000000000881,51,123.50000000000088,114,47.499999999999112,33,170.50000000000088,12.504999999999963,680.04000000000747,GT,model_assisted_not_ground_truth,0,0,0,0,0,0,0,0,0,0,0
20.34,45,86.999999999998408,51,123.99999999999841,114,47.000000000001599,33,170.99999999999841,12.5,681.03999999999996,GT,model_assisted_not_ground_truth,0,0,0,0,0,0,0,0,0,0,0
20.35,44.000000000002132,86.000000000002132,51,123.00000000000213,114,47,33,170.00000000000213,12.499999999999815,681.03999999999075,GT,model_assisted_not_ground_truth,0,0,0,0,0,0,0,0,0,0,0
20.36,44.999999999998579,86,50.000000000001421,123.99999999999858,114,47.999999999998579,32.000000000001421,170.99999999999858,12.480000000000199,680.04000000002986,GT,model_assisted_not_ground_truth,0,0,0,0,0,0,0,0,0,0,0
20.37,45,85.000000000000355,50.999999999999645,123.00000000000036,114,48,32.999999999999645,171.99999999999966,12.5,683.03999999999996,GT,model_assisted_not_ground_truth,0,0,0,0,0,0,0,0,0,0,0
20.38,44,85.000000000000355,52,123.99999999999964,114,48,32.999999999999645,172.99999999999963,12.5,683.03999999999996,GT,model_assisted_not_ground_truth,0,0,0,0,0,0,0,0,0,0,0
20.39,44.000000000001421,86,51.999999999997158,123.00000000000284,114,48,32.000000000001421,172.00000000000142,12.499999999999972,683.0399999999986,GT,model_assisted_not_ground_truth,0,0,0,0,0,0,0,0,0,0,0
20.40,45,86,50.000000000004974,124.99999999999751,114,48,33,172.9999999999975,12.479999999999988,682.0499999999987,GT,model_assisted_not_ground_truth,0,0,0,0,0,0,0,0,0,0,0
20.41,45,86,51.999999999993605,123.9999999999968,114,48,33,172.00000000000321,12.474999999999984,681.54499999999837,GT,model_assisted_not_ground_truth,0,0,0,0,0,0,0,0,0,0,0
20.42,45,86,50.000000000008527,123.00000000000426,114,48,33,173,12.470000000000043,681.03999999999564,GT,model_assisted_not_ground_truth,0,0,0,0,0,0,0,0,0,0,0
20.43,44.999999999995026,86,51.999999999990052,124,114,48,33,173,12.479999999999951,680.03999999999496,GT,model_assisted_not_ground_truth,0,0,0,0,0,0,0,0,0,0,0
20.44,44,86,50.00000000000604,123.99999999999396,114,48,33,173,12.469999999999759,679.04000000001201,GT,model_assisted_not_ground_truth,0,0,0,0,0,0,0,0,0,0,0
20.45,44.00000000000675,86,50.99999999999325,123.00000000000675,114,48,33,173,12.430000000000067,681.04000000001349,GT,model_assisted_not_ground_truth,0,0,0,0,0,0,0,0,0,0,0
20.46,44.999999999996447,86,50.000000000003553,123.99999999999645,114,48,33,173,12.439999999999843,683.0399999999845,GT,model_assisted_not_ground_truth,0,0,0,0,0,0,0,0,0,0,0
20.47,44.000000000002842,85.000000000002842,50.999999999997158,124,114,48,33,172.00000000000284,12.42000000000017,681.06000000000836,GT,model_assisted_not_ground_truth,0,0,0,0,0,0,0,0,0,0,0
20.48,44.999999999998224,85,51.999999999998224,124,114,48,33,172.99999999999824,12.439999999999856,682.05000000000473,GT,model_assisted_not_ground_truth,0,0,0,0,0,0,0,0,0,0,0
20.49,45,85.999999999999289,52,124,114,48,33,173,12.424999999999926,682.55000000000246,GT,model_assisted_not_ground_truth,0,0,0,0,0,0,0,0,0,0,0
20.50,45,86,51,125,115,48,33,172,12.41,683.04999999999995,GT,model_assisted_not_ground_truth,0,0,0,0,0,0,0,0,0,0,0
20.51,45,85.000000000001066,51.999999999997868,124,115,48,33,173,12.429999999999978,681.03000000000213,GT,model_assisted_not_ground_truth,0,0,0,0,0,0,0,0,0,0,0
20.52,45,86,50.000000000001776,123.99999999999822,115,47.999999999998224,33,172.99999999999821,12.41,683.04999999999814,GT,model_assisted_not_ground_truth,0,0,0,0,0,0,0,0,0,0,0
20.53,45,86,51,123.00000000000568,115,47,33,172,12.409999999999972,682.04999999999711,GT,model_assisted_not_ground_truth,0,0,0,0,0,0,0,0,0,0,0
20.54,45,85.999999999996447,51.000000000003553,125,115,47.000000000003553,33,172,12.4,681.05999999999995,GT,model_assisted_not_ground_truth,0,0,0,0,0,0,0,0,0,0,0
20.55,44.999999999995381,85.000000000009237,51.999999999995381,125,115,47.999999999995381,33,172,12.4,681.05999999999995,GT,model_assisted_not_ground_truth,0,0,0,0,0,0,0,0,0,0,0
20.56,44.000000000005329,86.999999999994671,51,124.99999999999467,115.00000000000533,47.000000000005329,33,172.00000000000534,12.399999999999947,681.06000000001063,GT,model_assisted_not_ground_truth,0,0,0,0,0,0,0,0,0,0,0
20.57,44.999999999993605,86.000000000006395,51.000000000006395,123.99999999999361,116,48,33,173,12.390000000000065,683.05999999999358,GT,model_assisted_not_ground_truth,0,0,0,0,0,0,0,0,0,0,0
20.58,44,87,52,123.00000000000746,116,48,33,173,12.399999999999777,682.06000000000006,GT,model_assisted_not_ground_truth,0,0,0,0,0,0,0,0,0,0,0
20.59,44,87,52,123.9999999999968,116,48,33,173,12.370000000000244,682.080000000008,GT,model_assisted_not_ground_truth,0,0,0,0,0,0,0,0,0,0,0
20.60,44.999999999997868,87,51.000000000002132,124,116,47.000000000002132,33,173,12.400000000000185,683.06000000000904,GT,model_assisted_not_ground_truth,0,0,0,0,0,0,0,0,0,0,0
20.61,45,86.000000000001421,51.999999999998579,124,116,47.999999999998579,33,173.99999999999858,12.4199999999999,684.04999999999507,GT,model_assisted_not_ground_truth,0,0,0,0,0,0,0,0,0,0,0
20.62,44.000000000000355,86.999999999999645,51.000000000000355,123.00000000000036,116,47.000000000000355,33,173.00000000000034,12.409999999999947,683.55499999999734,GT,model_assisted_not_ground_truth,0,0,0,0,0,0,0,0,0,0,0
20.63,44,86.000000000000355,51.999999999999645,123.00000000000036,116,47.999999999999645,33,173.99999999999963,12.4,683.0599999999996,GT,model_assisted_not_ground_truth,0,0,0,0,0,0,0,0,0,0,0
20.64,44,87,51.000000000001421,124.00000000000142,116,47.000000000001421,33,172.99999999999858,12.400000000000015,682.06000000000279,GT,model_assisted_not_ground_truth,0,0,0,0,0,0,0,0,0,0,0
20.65,44,87,51.999999999997513,124.99999999999751,116,47.999999999997513,33,172.0000000000025,12.409999999999901,684.03999999999508,GT,model_assisted_not_ground_truth,0,0,0,0,0,0,0,0,0,0,0
20.66,44,87,51,124,116,47.000000000003197,33,173.00000000000321,12.369999999999935,682.06000000000313,GT,model_assisted_not_ground_truth,0,0,0,0,0,0,0,0,0,0,0
20.67,44.000000000004263,87,51,124,116.00000000000426,48,33,173.99999999999574,12.349999999999957,683.07000000000005,GT,model_assisted_not_ground_truth,0,0,0,0,0,0,0,0,0,0,0
20.68,45,86.999999999995026,51.000000000004974,124,116.99999999999503,48,33,173.00000000000497,12.339999999999851,683.07000000000005,GT,model_assisted_not_ground_truth,0,0,0,0,0,0,0,0,0,0,0
20.69,45,86.000000000003013,51.99999999999396,124.00000000000301,116.00000000000301,48,33,173.99999999999699,12.310000000000182,683.080000000003,GT,model_assisted_not_ground_truth,0,0,0,0,0,0,0,0,0,0,0
20.70,45,86.50000000000054,50.999999999998934,124.50000000000054,116.50000000000054,48,33,173.49999999999946,12.340000000000202,683.56000000000324,GT,model_assisted_not_ground_truth,0,0,0,0,0,0,0,0,0,0,0
20.71,45,86.999999999998224,50.000000000003553,124.99999999999822,116.99999999999822,48,33,173.00000000000176,12.369999999999921,684.03999999999996,GT,model_assisted_not_ground_truth,0,0,0,0,0,0,0,0,0,0,0
20.72,44.000000000002842,87,50,125,116.00000000000284,48,33,173,12.359999999999829,684.03999999999996,GT,model_assisted_not_ground_truth,0,0,0,0,0,0,0,0,0,0,0
20.73,44.999999999998224,87.999999999998224,50,125,116,48,33,172.00000000000176,12.34,684.04000000003839,GT,model_assisted_not_ground_truth,0,0,0,0,0,0,0,0,0,0,0
20.74,45,88,50,125.99999999999929,116.99999999999929,48,33,173.99999999999858,12.340000000000106,688.0399999999787,GT,model_assisted_not_ground_truth,0,0,0,0,0,0,0,0,0,0,0
20.75,45,87,51,124,116,48,33,174,12.35,686.03999999999996,GT,model_assisted_not_ground_truth,0,0,0,0,0,0,0,0,0,0,0
20.76,45,87.000000000001066,51,125,116.00000000000107,48,34,174,12.320000000000006,686.04999999999995,GT,model_assisted_not_ground_truth,0,0,0,0,0,0,0,0,0,0,0
20.77,45,88,51,125,117,48,34,174,12.32500000000001,686.04499999999996,GT,model_assisted_not_ground_truth,0,0,0,0,0,0,0,0,0,0,0
20.78,45.000000000014211,87.999999999997158,51,125,117,48,34,174,12.329999999999972,686.03999999999996,GT,model_assisted_not_ground_truth,0,0,0,0,0,0,0,0,0,0,0
20.79,50,87,51.000000000003553,125.00000000000711,117,48,34.000000000003553,174.00000000000355,12.319999999999965,686.04999999999984,GT,model_assisted_not_ground_truth,0,0,0,0,0,0,0,0,0,0,0
20.80,49.999999999995381,87.000000000036948,51.999999999995381,126.99999999999538,117,47.999999999995381,34.999999999995381,174.99999999999537,12.309999999999954,686.02999999999076,GT,model_assisted_not_ground_truth,0,0,0,0,0,0,0,0,0,0,0
20.81,49,95.000000000005329,51.000000000005329,126,117,47.000000000005329,34,174,12.299999999999947,684.03000000000532,GT,model_assisted_not_ground_truth,0,0,0,0,0,0,0,0,0,0,0
20.82,49.000000000006395,96,51.999999999993605,126,117,47.999999999993605,34.000000000006395,174,12.289999999999871,685.03000000000634,GT,model_assisted_not_ground_truth,0,0,0,0,0,0,0,0,0,0,0
20.83,50,96,51.000000000007461,126.00000000000746,117,47.000000000007461,35,174,12.27,686.02000000002249,GT,model_assisted_not_ground_truth,0,0,0,0,0,0,0,0,0,0,0
20.84,50,96,51.999999999996803,126.9999999999968,117,47.999999999996803,35,174,12.269999999999959,689.02999999999997,GT,model_assisted_not_ground_truth,0,0,0,0,0,0,0,0,0,0,0
20.85,49.000000000002132,96,51.000000000002132,126.00000000000213,117,47.000000000002132,35.999999999997868,174,12.264999999999954,689.02999999999997,GT,model_assisted_not_ground_truth,0,0,0,0,0,0,0,0,0,0,0
20.86,49,95.000000000001421,51.999999999998579,127.99999999999716,116.00000000000142,47.999999999998579,36,174.99999999999858,12.2599999999999,689.02999999998008,GT,model_assisted_not_ground_truth,0,0,0,0,0,0,0,0,0,0,0
20.87,46.000000000001066,95.999999999999645,51.000000000000355,128,116.99999999999964,47.000000000000355,36,175,12.25000000000011,687.02999999998906,GT,model_assisted_not_ground_truth,0,0,0,0,0,0,0,0,0,0,0
20.88,48,95,51,126.00000000000036,116.99999999999964,47.000000000000355,34,175,12.26,686.04000000000065,GT,model_assisted_not_ground_truth,0,0,0,0,0,0,0,0,0,0,0
20.89,48.000000000001421,95,51.000000000001421,127,116.00000000000142,47.999999999998579,34,174.99999999999858,12.259999999999957,688.03999999999849,GT,model_assisted_not_ground_truth,0,0,0,0,0,0,0,0,0,0,0
20.90,49,95,52,127,116.99999999999751,47.000000000002487,34,174.0000000000025,12.229999999999901,687.01999999999509,GT,model_assisted_not_ground_truth,0,0,0,0,0,0,0,0,0,0,0
20.91,49,95.000000000003197,52,127,116,47.999999999996803,34,175,12.19,685.03999999999996,GT,model_assisted_not_ground_truth,0,0,0,0,0,0,0,0,0,0,0
20.92,49.000000000008527,96,52,126.99999999999574,116,47.000000000004263,34,175.00000000000426,12.19,685.04499999999996,GT,model_assisted_not_ground_truth,0,0,0,0,0,0,0,0,0,0,0
20.93,50.999999999990052,96,52,126.00000000000497,116.00000000000497,47.999999999995026,34,175.99999999999503,12.18999999999985,685.04999999999995,GT,model_assisted_not_ground_truth,0,0,0,0,0,0,0,0,0,0,0
20.94,49,96,52,126.99999999999396,116.99999999999396,47.00000000000604,34.00000000000604,175,12.15999999999994,685.05000000001814,GT,model_assisted_not_ground_truth,0,0,0,0,0,0,0,0,0,0,0
20.95,48.99999999999325,96,52,126.00000000000675,116.00000000000675,48,35,175.0000000000135,12.149999999999865,688.06999999999334,GT,model_assisted_not_ground_truth,0,0,0,0,0,0,0,0,0,0,0
20.96,48.000000000003553,96,52,126.99999999999645,116.99999999999645,48,35,176.99999999999289,12.130000000000001,687.07999999999242,GT,model_assisted_not_ground_truth,0,0,0,0,0,0,0,0,0,0,0
20.97,48,96,51.000000000002842,127,116.00000000000284,48,34.000000000002842,177,12.129999999999745,686.1000000000256,GT,model_assisted_not_ground_truth,0,0,0,0,0,0,0,0,0,0,0
20.98,48,96,51,127,116,48,34.999999999998224,177,12.099999999999952,689.09999999999525,GT,model_assisted_not_ground_truth,0,0,0,0,0,0,0,0,0,0,0
20.99,48.999999999999289,96.999999999999289,51.999999999999289,126.00000000000071,116,48,34.000000000000711,177,12.094999999999974,688.60499999999752,GT,model_assisted_not_ground_truth,0,0,0,0,0,0,0,0,0,0,0
21.00,49,98,51,127,118,48,34,179,12.09,688.11000000000001,GT,model_assisted_not_ground_truth,0,0,0,0,0,0,0,0,0,0,0
21.01,50,99,51.000000000001066,126.99999999999893,116.99999999999893,48,34.000000000001066,178.99999999999892,12.100000000000042,685.08000000000106,GT,model_assisted_not_ground_truth,0,0,0,0,0,0,0,0,0,0,0
21.02,50,99,52,126,116.00000000000178,48,34.999999999998224,178,12.139999999999947,686.05999999999824,GT,model_assisted_not_ground_truth,0,0,0,0,0,0,0,0,0,0,0
21.03,49.999999999997158,98.999999999985789,52,126.00000000000284,117,48,34,178,12.109999999999943,685.09000000000287,GT,model_assisted_not_ground_truth,0,0,0,0,0,0,0,0,0,0,0
21.04,49,94.000000000017764,51.999999999996447,127,117.00000000000355,48,34,178,12.089999999999964,686.0999999999965,GT,model_assisted_not_ground_truth,0,0,0,0,0,0,0,0,0,0,0
21.05,49.000000000004619,98.999999999990763,51.000000000004619,127,117.99999999999076,48,34,178.00000000000463,12.079999999999977,685.10999999999774,GT,model_assisted_not_ground_truth,0,0,0,0,0,0,0,0,0,0,0
21.06,50,97.000000000010658,52,127,116.00000000000533,47.999999999994671,34,179,12.074999999999974,684.6099999999974,GT,model_assisted_not_ground_truth,0,0,0,0,0,0,0,0,0,0,0
21.07,50,98.999999999996803,52,127,117,47.000000000003197,34,179.00000000000318,12.070000000000064,684.11000000000638,GT,model_assisted_not_ground_truth,0,0,0,0,0,0,0,0,0,0,0
21.08,50,98.499999999999119,52,127,117,47.500000000000888,34,179.50000000000088,12.079999999999776,685.11000000002252,GT,model_assisted_not_ground_truth,0,0,0,0,0,0,0,0,0,0,0
21.09,50,98.000000000001592,52,127,117,47.999999999998401,34,179.99999999999841,12.050000000000001,688.11999999999182,GT,model_assisted_not_ground_truth,0,0,0,0,0,0,0,0,0,0,0
21.10,50,98,52,127,116.50000000000107,47.500000000001066,34,180,12.050000000000001,687.11999999998147,GT,model_assisted_not_ground_truth,0,0,0,0,0,0,0,0,0,0,0
21.11,50,98,52,127,116.00000000000071,47.000000000000711,34,180,12.049999999999702,685.11999999999,GT,model_assisted_not_ground_truth,0,0,0,0,0,0,0,0,0,0,0
21.12,50,98,52,127,116,47,34.999999999999645,180.99999999999966,12.019999999999889,684.12000000006628,GT,model_assisted_not_ground_truth,0,0,0,0,0,0,0,0,0,0,0
21.13,50,97.000000000001066,52,126.00000000000071,116,47.999999999999645,34.000000000000355,181.00000000000071,12.010000000000002,690.14000000000055,GT,model_assisted_not_ground_truth,0,0,0,0,0,0,0,0,0,0,0
21.14,50,100,52,127.99999999999858,116,47.000000000001421,35,182.99999999999574,12.015000000000008,691.64000000000215,GT,model_assisted_not_ground_truth,0,0,0,0,0,0,0,0,0,0,0
21.15,50,99.999999999997513,51.999999999997513,126.99999999999751,116.00000000000249,48,35,180.0000000000025,12.019999999999975,693.13999999999498,GT,model_assisted_not_ground_truth,0,0,0,0,0,0,0,0,0,0,0
21.16,50,99.000000000003197,51,126.0000000000032,117.0000000000032,48,35,181,12.01,691.13999999999999,GT,model_assisted_not_ground_truth,0,0,0,0,0,0,0,0,0,0,0
21.17,50,99.999999999995737,51.000000000004263,127.00000000000426,118,48,35,181,12.009999999999787,691.14000000000431,GT,model_assisted_not_ground_truth,0,0,0,0,0,0,0,0,0,0,0
21.18,50,99.000000000004974,52,127.99999999999503,118.00000000000995,48,35,180.99999999999503,11.9600000000001,692.14999999999998,GT,model_assisted_not_ground_truth,0,0,0,0,0,0,0,0,0,0,0
21.19,49.99999999999396,100.00000000000604,52,127,120.00000000001208,47.99999999999396,35,180,11.97999999999988,692.15000000001805,GT,model_assisted_not_ground_truth,0,0,0,0,0,0,0,0,0,0,0
21.20,49.00000000000675,100.99999999999325,52,127,121.9999999999865,47.00000000000675,35.00000000000675,179.99999999997976,11.959999999999866,695.15000000002021,GT,model_assisted_not_ground_truth,0,0,0,0,0,0,0,0,0,0,0
21.21,49.999999999996447,100.00000000000355,52,127,120.00000000000711,47.999999999996447,35.999999999996447,177.00000000001066,11.939999999999921,698.15000000000384,GT,model_assisted_not_ground_truth,0,0,0,0,0,0,0,0,0,0,0
21.22,49.000000000002842,100.99999999999716,52.999999999997158,127.99999999999716,121.99999999999432,48,36,174.00000000000853,11.929999999999914,698.65000000000418,GT,model_assisted_not_ground_truth,0,0,0,0,0,0,0,0,0,0,0
21.23,49.999999999998224,101,53.999999999998224,128,122.99999999999822,48,35.000000000001776,174,11.92,699.14999999997099,GT,model_assisted_not_ground_truth,0,0,0,0,0,0,0,0,0,0,0
21.24,50,101,53.000000000000711,128,120.00000000000213,48,35,172.00000000000142,11.92,696.13,GT,model_assisted_not_ground_truth,0,0,0,0,0,0,0,0,0,0,0
21.25,50,101,53,129,122,48,35,173,11.92,696.13,GT,model_assisted_not_ground_truth,0,0,0,0,0,0,0,0,0,0,0
21.26,50,101.00000000000107,54,129.99999999999892,123.99999999999893,48,35.000000000001066,172.00000000000213,11.92,699.13000000000102,GT,model_assisted_not_ground_truth,0,0,0,0,0,0,0,0,0,0,0
21.27,50,102,53.999999999998224,129,122.99999999999822,48,36,173.99999999999466,11.920000000000018,700.13000000000534,GT,model_assisted_not_ground_truth,0,0,0,0,0,0,0,0,0,0,0
21.28,50,102,53,128.99999999999716,122.00000000000284,48,36,170.99999999999432,11.929999999999914,703.12999999999147,GT,model_assisted_not_ground_truth,0,0,0,0,0,0,0,0,0,0,0
21.29,50,101.99999999999645,53.000000000003553,128,123,48,36,169,11.900000000000054,700.14000000000351,GT,model_assisted_not_ground_truth,0,0,0,0,0,0,0,0,0,0,0
21.30,50,101.00000000000924,54,127.99999999999538,123,48,35.999999999995381,169,11.91500000000007,701.14000000000465,GT,model_assisted_not_ground_truth,0,0,0,0,0,0,0,0,0,0,0
21.31,50,102.99999999999467,54.000000000005329,127.00000000000533,122.99999999998934,48,35,169.00000000001066,11.929999999999787,702.13999999999999,GT,model_assisted_not_ground_truth,0,0,0,0,0,0,0,0,0,0,0
21.32,49.999999999993605,102,54.999999999993605,128.00000000000639,121,48,35.000000000006395,171.00000000000639,11.890000000000065,702.13999999999362,GT,model_assisted_not_ground_truth,0,0,0,0,0,0,0,0,0,0,0
21.33,49.000000000007461,102,54,129,120.99999999999254,48,35.999999999992539,172,11.899999999999926,701.13999999999248,GT,model_assisted_not_ground_truth,0,0,0,0,0,0,0,0,0,0,0
21.34,49.999999999996803,102,54,129,120.0000000000032,48,35.000000000003197,172,11.890000000000001,700.13999999999999,GT,model_assisted_not_ground_truth,0,0,0,0,0,0,0,0,0,0,0
21.35,50,102,53.000000000002132,128.00000000000213,120,48,35,170.00000000000426,11.890000000000093,700.14000000000919,GT,model_assisted_not_ground_truth,0,0,0,0,0,0,0,0,0,0,0
21.36,50,102,53,128,120,48,35,172.99999999999574,11.90000000000005,701.14000000000499,GT,model_assisted_not_ground_truth,0,0,0,0,0,0,0,0,0,0,0
21.37,50,102,53,128,119.00000000000036,48,35,172.00000000000034,11.905000000000026,701.6400000000026,GT,model_assisted_not_ground_truth,0,0,0,0,0,0,0,0,0,0,0
21.38,50,102,51,127,119.00000000000071,48,35,174.00000000000037,11.91,702.13999999999999,GT,model_assisted_not_ground_truth,0,0,0,0,0,0,0,0,0,0,0
21.39,49.999999999998579,101.99999999999858,51,127.00000000000284,120.99999999999858,48,35,175.00000000000142,11.91,702.13999999999999,GT,model_assisted_not_ground_truth,0,0,0,0,0,0,0,0,0,0,0
21.40,49,101.00000000000249,51,128.99999999999503,119.99999999999503,48,35,176,11.910000000000025,702.1399999999926,GT,model_assisted_not_ground_truth,0,0,0,0,0,0,0,0,0,0,0
21.41,49,101.99999999999361,51,127,118.0000000000032,48,35,176,11.920000000000064,699.15000000001271,GT,model_assisted_not_ground_truth,0,0,0,0,0,0,0,0,0,0,0
21.42,49.000000000004263,100.00000000000853,51,127.00000000000426,119,48,34.999999999995737,176,11.94,703.13999999999362,GT,model_assisted_not_ground_truth,0,0,0,0,0,0,0,0,0,0,0
21.43,49.999999999995026,101.99999999999503,51,128,118.99999999999503,48,34,176.00000000000497,11.94,701.63999999999248,GT,model_assisted_not_ground_truth,0,0,0,0,0,0,0,0,0,0,0
21.44,48.99999999999396,101.00000000000604,51,128,118.00000000000604,48,33.99999999999396,177.00000000000605,11.939999999999879,700.13999999999396,GT,model_assisted_not_ground_truth,0,0,0,0,0,0,0,0,0,0,0
21.45,48.00000000000675,102,51,128,119,48,33.00000000000675,178,11.920000000000067,699.13999999998646,GT,model_assisted_not_ground_truth,0,0,0,0,0,0,0,0,0,0,0
21.46,48.999999999996447,102,51,128,119,48,33.999999999996447,178,11.930000000000234,697.14000000000772,GT,model_assisted_not_ground_truth,0,0,0,0,0,0,0,0,0,0,0
21.47,48.000000000002842,102,51,128,118.00000000000284,48,34,178,11.95999999999983,698.12999999999158,GT,model_assisted_not_ground_truth,0,0,0,0,0,0,0,0,0,0,0
21.48,48.999999999998224,102,51.999999999998224,128,118,48,34,178,11.94,697.13999999999999,GT,model_assisted_not_ground_truth,0,0,0,0,0,0,0,0,0,0,0
21.49,48.000000000000711,102,51.000000000000711,128,118.99999999999929,48,34,177.00000000000071,11.940000000000106,697.14000000001067,GT,model_assisted_not_ground_truth,0,0,0,0,0,0,0,0,0,0,0
21.50,49,103,51,128,122,48,34,178,11.949999999999999,698.13999999999999,GT,model_assisted_not_ground_truth,0,0,0,0,0,0,0,0,0,0,0
21.51,48,102,51,128.99999999999892,120.00000000000107,48,34,179.00000000000108,11.960000000000012,698.13,GT,model_assisted_not_ground_truth,0,0,0,0,0,0,0,0,0,0,0
21.52,48,101.99999999999289,51.000000000001776,128,120.99999999999822,48,34,180,11.970000000000001,698.12,GT,model_assisted_not_ground_truth,0,0,0,0,0,0,0,0,0,0,0
21.53,48.000000000002842,98.000000000014211,52,128,120,48,33.999999999997158,180,11.969999999999944,698.12000000000296,GT,model_assisted_not_ground_truth,0,0,0,0,0,0,0,0,0,0,0
21.54,48.999999999996447,102.99999999999645,51.999999999996447,127.99999999999645,120.00000000000355,48,33.000000000003553,179.99999999999289,11.95000000000007,699.13999999999999,GT,model_assisted_not_ground_truth,0,0,0,0,0,0,0,0,0,0,0
21.55,48,102.00000000000462,51,127,120.99999999999076,48,34,178,11.969999999999908,699.13999999999999,GT,model_assisted_not_ground_truth,0,0,0,0,0,0,0,0,0,0,0
21.56,48.000000000005329,102.99999999999467,51.000000000005329,127.00000000000533,119,48,34,178,11.949999999999999,699.13999999999999,GT,model_assisted_not_ground_truth,0,0,0,0,0,0,0,0,0,0,0
21.57,49,101.99999999999361,51.999999999993605,128,119,48,34,178.00000000001279,11.950000000000031,699.14000000000317,GT,model_assisted_not_ground_truth,0,0,0,0,0,0,0,0,0,0,0
21.58,49,101.00000000001492,50.999999999992539,128,119.00000000000746,48,34,180,11.955000000000037,699.64000000000374,GT,model_assisted_not_ground_truth,0,0,0,0,0,0,0,0,0,0,0
21.59,49,102.99999999999361,50.000000000003197,128,119.9999999999968,48,34,180,11.960000000000083,700.14000000000817,GT,model_assisted_not_ground_truth,0,0,0,0,0,0,0,0,0,0,0
21.60,48.000000000002132,102.00000000000213,50.999999999997868,127.00000000000213,119.00000000000213,48,34,180.99999999999787,11.969999999999908,701.13999999999078,GT,model_assisted_not_ground_truth,0,0,0,0,0,0,0,0,0,0,0
21.61,48.999999999998579,100.00000000000284,51,127,119.99999999999858,48,34,181,11.960000000000299,700.13999999999987,GT,model_assisted_not_ground_truth,0,0,0,0,0,0,0,0,0,0,0
21.62,49,103.99999999999858,51,127,120,48,34,180.00000000000034,11.98999999999978,700.13,GT,model_assisted_not_ground_truth,0,0,0,0,0,0,0,0,0,0,0
21.63,49,103.00000000000036,51.000000000000355,126.99999999999964,119.99999999999964,48,34,180.00000000000037,11.970000000000001,700.13,GT,model_assisted_not_ground_truth,0,0,0,0,0,0,0,0,0,0,0
21.64,49,104,51.999999999998579,125.99999999999858,119,48,34,180.99999999999858,11.970000000000015,700.13000000000432,GT,model_assisted_not_ground_truth,0,0,0,0,0,0,0,0,0,0,0
21.65,49.000000000002487,104,51.000000000002487,125,119,48,34,180,11.98,703.13999999999623,GT,model_assisted_not_ground_truth,0,0,0,0,0,0,0,0,0,0,0
21.66,50,103.9999999999968,51.999999999996803,125.0000000000032,119,48,34,180,11.98,701.63999999999521,GT,model_assisted_not_ground_truth,0,0,0,0,0,0,0,0,0,0,0
21.67,49.999999999995737,103,51,126,119.00000000000426,48,34,180.00000000000426,11.980000000000043,700.14000000001283,GT,model_assisted_not_ground_truth,0,0,0,0,0,0,0,0,0,0,0
21.68,49.000000000004974,103.00000000000497,51,126,119.99999999999005,48,34,181,11.98999999999995,703.13999999999498,GT,model_assisted_not_ground_truth,0,0,0,0,0,0,0,0,0,0,0
21.69,50,104,51,125.99999999999396,118.00000000000604,48,34.00000000000604,180.99999999998792,11.980000000000061,702.13999999998782,GT,model_assisted_not_ground_truth,0,0,0,0,0,0,0,0,0,0,0
21.70,49.99999999999325,104,51,125.0000000000135,118.99999999999325,48,34.99999999999325,179,11.99000000000027,700.13000000000659,GT,model_assisted_not_ground_truth,0,0,0,0,0,0,0,0,0,0,0
21.71,49.000000000003553,104,51,126.99999999999289,118.00000000000355,48,34.000000000003553,179,12.029999999999921,701.09999999999218,GT,model_assisted_not_ground_truth,0,0,0,0,0,0,0,0,0,0,0
21.72,49.999999999997158,103.00000000000284,51,126.00000000000284,118.99999999999716,48,34,179.99999999999716,12.019999999999957,700.10000000000434,GT,model_assisted_not_ground_truth,0,0,0,0,0,0,0,0,0,0,0
21.73,50,103,51.999999999998224,126.99999999999822,119,48,34,180,12.014999999999951,700.6000000000048,GT,model_assisted_not_ground_truth,0,0,0,0,0,0,0,0,0,0,0
21.74,50,102.00000000000071,51.000000000000711,127,119,48,34,181.99999999999858,12.010000000000426,701.10000000000002,GT,model_assisted_not_ground_truth,0,0,0,0,0,0,0,0,0,0,0
21.75,50,103,52,127,120,48,34,182,12.050000000000001,701.10000000000002,GT,model_assisted_not_ground_truth,0,0,0,0,0,0,0,0,0,0,0
21.76,50,103.00000000000107,51.000000000001066,127,120.00000000000107,48,34,182.99999999999892,12.039999999999999,699.10000000000105,GT,model_assisted_not_ground_truth,0,0,0,0,0,0,0,0,0,0,0
21.77,50,103.99999999999645,51.999999999998224,127,121,48,34,182,12.040000000000017,700.11000000000354,GT,model_assisted_not_ground_truth,0,0,0,0,0,0,0,0,0,0,0
21.78,50,102.00000000000284,51.000000000002842,127.00000000000284,121.00000000000284,48,34,182,12.049999999999972,702.10999999999717,GT,model_assisted_not_ground_truth,0,0,0,0,0,0,0,0,0,0,0
21.79,50,103,51.999999999996447,128,121.99999999999645,48,34,181.99999999999289,12.040000000000052,701.10999999999638,GT,model_assisted_not_ground_truth,0,0,0,0,0,0,0,0,0,0,0
21.80,50,103,51.000000000004619,127.99999999999538,121.00000000000924,48,34,180.00000000000924,12.055000000000069,700.09499999999537,GT,model_assisted_not_ground_truth,0,0,0,0,0,0,0,0,0,0,0
21.81,50,103,51.999999999994671,127.00000000000533,122.99999999998934,48,34.000000000005329,181.99999999999466,12.070000000000054,699.0799999999947,GT,model_assisted_not_ground_truth,0,0,0,0,0,0,0,0,0,0,0
21.82,50,102.99999999999361,51,128,121.00000000001279,48,35,181.00000000000639,12.080000000000064,698.0699999999872,GT,model_assisted_not_ground_truth,0,0,0,0,0,0,0,0,0,0,0
21.83,50,102.00000000000746,51,127.99999999999254,122.99999999999254,48,34.999999999992539,182,12.090000000000149,696.07000000000005,GT,model_assisted_not_ground_truth,0,0,0,0,0,0,0,0,0,0,0
21.84,50,102.9999999999968,51,127.0000000000032,122.0000000000032,48,34.000000000003197,182,12.109999999999999,696.07000000000005,GT,model_assisted_not_ground_truth,0,0,0,0,0,0,0,0,0,0,0
21.85,50,103,51,127,122.99999999999787,48,34,182,12.109999999999907,696.07000000000005,GT,model_assisted_not_ground_truth,0,0,0,0,0,0,0,0,0,0,0
21.86,50,104.99999999999716,51,127,122.00000000000142,48,34,182,12.100000000000099,696.06999999999505,GT,model_assisted_not_ground_truth,0,0,0,0,0,0,0,0,0,0,0
21.87,50,104.00000000000036,51,127.99999999999964,122.99999999999964,48,34,181.00000000000034,12.110000000000053,695.56999999999744,GT,model_assisted_not_ground_truth,0,0,0,0,0,0,0,0,0,0,0
21.88,49,103.99999999999964,51.999999999999645,128,122,48,34.000000000000355,180.99999999999963,12.119999999999996,695.07000000000039,GT,model_assisted_not_ground_truth,0,0,0,0,0,0,0,0,0,0,0
21.89,49,103,51,128,122.00000000000142,48,34.999999999998579,180,12.110000000000014,696.06999999999437,GT,model_assisted_not_ground_truth,0,0,0,0,0,0,0,0,0,0,0
21.90,49.000000000002487,103.00000000000249,51,127.99999999999751,122.99999999999751,48,34,180,12.119999999999925,692.04999999999757,GT,model_assisted_not_ground_truth,0,0,0,0,0,0,0,0,0,0,0
21.91,50.000000000003197,104,51,127.0000000000032,122.0000000000032,48,34,180.00000000000321,12.089999999999872,691.07000000000016,GT,model_assisted_not_ground_truth,0,0,0,0,0,0,0,0,0,0,0
21.92,51,104,51,127.99999999999574,123,48,34,180.99999999998295,12.050000000000043,691.10999999999581,GT,model_assisted_not_ground_truth,0,0,0,0,0,0,0,0,0,0,0
21.93,50.999999999995026,104.00000000000497,51,127.00000000000497,123,48,34,177.00000000000995,12.06,690.1199999999975,GT,model_assisted_not_ground_truth,0,0,0,0,0,0,0,0,0,0,0
21.94,50.000000000012079,104.99999999999396,51,127.99999999999396,123,48,34,179.00000000000605,12.06,689.61999999999694,GT,model_assisted_not_ground_truth,0,0,0,0,0,0,0,0,0,0,0
21.95,51.99999999999325,103.9999999999865,51,127.00000000000675,123.0000000000135,48,34,180,12.06,689.12000000000671,GT,model_assisted_not_ground_truth,0,0,0,0,0,0,0,0,0,0,0
21.96,51.000000000003553,102.00000000000711,51,127.99999999999645,124.99999999999289,48,34,180,12.059999999999922,690.12000000000785,GT,model_assisted_not_ground_truth,0,0,0,0,0,0,0,0,0,0,0
21.97,50.000000000002842,102.99999999999716,51,128,122.00000000000853,48,34,180,12.050000000000001,691.12000000000876,GT,model_assisted_not_ground_truth,0,0,0,0,0,0,0,0,0,0,0
21.98,50,103.99999999999822,51,128.99999999999824,122.99999999999822,48,34,179.00000000000176,12.049999999999905,692.13999999997111,GT,model_assisted_not_ground_truth,0,0,0,0,0,0,0,0,0,0,0
21.99,50,103.00000000000071,51.999999999999289,128.00000000000071,122.00000000000071,48,34,179.99999999999929,12.040000000000319,689.12999999999977,GT,model_assisted_not_ground_truth,0,0,0,0,0,0,0,0,0,0,0
22.00,50,102,52,128,122,48,34,181,12.07,689.11000000000001,GT,model_assisted_not_ground_truth,0,0,0,0,0,0,0,0,0,0,0
22.01,50,103.50000000000159,51.499999999999467,128.50000000000054,123.00000000000107,48,34,181,12.06,690.11999999999944,GT,model_assisted_not_ground_truth,0,0,0,0,0,0,0,0,0,0,0
22.02,50,104.99999999999822,51.000000000001776,129.00000000000179,123.99999999999822,48,34,181.00000000000179,12.06,689.6199999999991,GT,model_assisted_not_ground_truth,0,0,0,0,0,0,0,0,0,0,0
22.03,50,104,52,129.99999999999432,123,48,34,181.99999999999716,12.06,689.12000000000285,GT,model_assisted_not_ground_truth,0,0,0,0,0,0,0,0,0,0,0
22.04,50,103.99999999999289,52,128.00000000000355,123,48,34,181.00000000000711,12.060000000000036,690.13,GT,model_assisted_not_ground_truth,0,0,0,0,0,0,0,0,0,0,0
22.05,50,102.00000000000924,52,129,122.99999999999538,48,34,183.00000000000463,12.069999999999908,690.1300000000092,GT,model_assisted_not_ground_truth,0,0,0,0,0,0,0,0,0,0,0
22.06,50,104,51.999999999994671,128.99999999999466,122.00000000001066,48,34,184,12.050000000000107,692.12999999998931,GT,model_assisted_not_ground_truth,0,0,0,0,0,0,0,0,0,0,0
22.07,50,104,51,128.00000000000639,123.99999999999361,48,34,184,12.069999999999936,690.12999999998078,GT,model_assisted_not_ground_truth,0,0,0,0,0,0,0,0,0,0,0
22.08,49.999999999992539,104,51,128.99999999999255,122.99999999999254,48,34,183.99999999999255,12.060000000000075,687.12000000003741,GT,model_assisted_not_ground_truth,0,0,0,0,0,0,0,0,0,0,0
22.09,49.000000000003197,104,51,128.00000000000318,122.0000000000032,48,34,183.00000000000318,12.070000000000041,692.1299999999959,GT,model_assisted_not_ground_truth,0,0,0,0,0,0,0,0,0,0,0
22.10,49.999999999997868,104,51,128,121.00000000000213,48,34,181.00000000000426,12.075000000000045,691.62999999999533,GT,model_assisted_not_ground_truth,0,0,0,0,0,0,0,0,0,0,0
22.11,49.000000000001421,104,51,127.00000000000142,121.99999999999858,48,34,181.99999999999858,12.080000000000199,691.13,GT,model_assisted_not_ground_truth,0,0,0,0,0,0,0,0,0,0,0
22.12,49.999999999999645,104,51,127.99999999999964,121.00000000000036,48,34,180.00000000000071,12.1,691.13,GT,model_assisted_not_ground_truth,0,0,0,0,0,0,0,0,0,0,0
22.13,50,104.99999999999929,51,128,120,48,34,179.99999999999963,12.1,691.13000000000068,GT,model_assisted_not_ground_truth,0,0,0,0,0,0,0,0,0,0,0
22.14,50,103.00000000000284,51,127.99999999999858,120.00000000000142,48,34,179.00000000000142,12.100000000000028,693.13999999999851,GT,model_assisted_not_ground_truth,0,0,0,0,0,0,0,0,0,0,0
22.15,50,104.99999999999751,51,127.00000000000249,120.99999999999751,48,33.999999999997513,179.9999999999975,12.120000000000024,692.119999999995,GT,model_assisted_not_ground_truth,0,0,0,0,0,0,0,0,0,0,0
22.16,50,104,51,127.9999999999968,120,48,33,179,12.130000000000049,690.11000000000001,GT,model_assisted_not_ground_truth,0,0,0,0,0,0,0,0,0,0,0
22.17,50,104,51,126.99999999999574,120,48,33,179.00000000000853,12.145000000000064,690.10500000000002,GT,model_assisted_not_ground_truth,0,0,0,0,0,0,0,0,0,0,0
22.18,50.000000000004974,103.99999999999503,51,126,120,48,33.000000000004974,181,12.16000000000005,690.10000000001003,GT,model_assisted_not_ground_truth,0,0,0,0,0,0,0,0,0,0,0
22.19,50.99999999999396,103.00000000000604,51,126.00000000001208,120.00000000000604,48,34,181.00000000000605,12.17,692.11000000000604,GT,model_assisted_not_ground_truth,0,0,0,0,0,0,0,0,0,0,0
22.20,50.00000000000675,103.99999999999325,51,128,120.99999999999325,48,34,181.99999999999326,12.170000000000067,693.10999999998648,GT,model_assisted_not_ground_truth,0,0,0,0,0,0,0,0,0,0,0
22.21,50.999999999996447,103.00000000000355,51,128,120.00000000000355,48,34,181.00000000000355,12.18,691.11000000000786,GT,model_assisted_not_ground_truth,0,0,0,0,0,0,0,0,0,0,0
22.22,51,103.99999999999716,51.999999999997158,128,119.00000000000284,48,33.000000000002842,181,12.180000000000085,692.11000000000854,GT,model_assisted_not_ground_truth,0,0,0,0,0,0,0,0,0,0,0
22.23,51.999999999998224,104,51.000000000001776,127.00000000000178,119.99999999999822,48,33,180.00000000000176,12.19,693.1099999999808,GT,model_assisted_not_ground_truth,0,0,0,0,0,0,0,0,0,0,0
22.24,51.000000000000711,103.00000000000071,51.999999999999289,127,121.99999999999858,48,33,180,12.19,691.10999999999012,GT,model_assisted_not_ground_truth,0,0,0,0,0,0,0,0,0,0,0
22.25,49,103,50,127,122,48,33,179,12.19,689.11000000000001,GT,model_assisted_not_ground_truth,0,0,0,0,0,0,0,0,0,0,0
22.26,50,103.99999999999787,51.000000000001066,127,121,48,33.000000000001066,179,12.200000000000021,690.11000000000001,GT,model_assisted_not_ground_truth,0,0,0,0,0,0,0,0,0,0,0
22.27,50,101.99999999999467,51.999999999998224,127.00000000000178,121.00000000000178,48,34,178.99999999999466,12.220000000000001,690.11000000000001,GT,model_assisted_not_ground_truth,0,0,0,0,0,0,0,0,0,0,0
22.28,50,99.000000000014211,51.000000000002842,127.99999999999716,122,47.999999999997158,34,176,12.220000000000029,690.10999999999717,GT,model_assisted_not_ground_truth,0,0,0,0,0,0,0,0,0,0,0
22.29,49.999999999996447,104,51.999999999996447,127,121.99999999999645,47.000000000003553,33.999999999996447,176,12.230000000000036,689.11000000000001,GT,model_assisted_not_ground_truth,0,0,0,0,0,0,0,0,0,0,0
22.30,49.000000000004619,104.00000000000462,51,127,121.00000000000462,48,33,176,12.240000000000023,689.11000000000001,GT,model_assisted_not_ground_truth,0,0,0,0,0,0,0,0,0,0,0
22.31,49.999999999994671,105,51,127,122,48,33,176.00000000000534,12.245000000000026,689.11000000000001,GT,model_assisted_not_ground_truth,0,0,0,0,0,0,0,0,0,0,0
22.32,49.000000000006395,105,51,127.00000000001279,121.99999999999361,48,33.000000000006395,177,12.249999999999936,689.11000000001286,GT,model_assisted_not_ground_truth,0,0,0,0,0,0,0,0,0,0,0
22.33,50,105,51,128.99999999999255,121.00000000000746,48,33.999999999992539,177.00000000001492,12.239999999999851,691.11000000000001,GT,model_assisted_not_ground_truth,0,0,0,0,0,0,0,0,0,0,0
22.34,50,105,51,128.00000000000318,121.9999999999968,48,33.000000000003197,178.99999999999361,12.220000000000082,691.10999999998364,GT,model_assisted_not_ground_truth,0,0,0,0,0,0,0,0,0,0,0
22.35,50,104.00000000000213,51,128,121.00000000000213,48,33,178.00000000000213,12.229999999999908,689.10999999999081,GT,model_assisted_not_ground_truth,0,0,0,0,0,0,0,0,0,0,0
22.36,50,104.99999999999858,50.000000000001421,128,121.99999999999858,48,33.999999999998579,178.99999999999858,12.2200000000001,688.11000000001002,GT,model_assisted_not_ground_truth,0,0,0,0,0,0,0,0,0,0,0
22.37,50,104.00000000000036,50.999999999999645,128.99999999999966,120.00000000000071,48,34,179,12.23,689.11000000000001,GT,model_assisted_not_ground_truth,0,0,0,0,0,0,0,0,0,0,0
22.38,50,104.99999999999964,51,129.99999999999963,120.99999999999964,48,33.999999999999645,179,12.23,689.11000000000001,GT,model_assisted_not_ground_truth,0,0,0,0,0,0,0,0,0,0,0
22.39,50,104,51,129,120.00000000000142,48,33,179,12.23,689.11000000000149,GT,model_assisted_not_ground_truth,0,0,0,0,0,0,0,0,0,0,0
22.40,50,104.00000000000249,51,129,121.00000000000249,48,33.000000000002487,179,12.23,690.11000000000001,GT,model_assisted_not_ground_truth,0,0,0,0,0,0,0,0,0,0,0
22.41,50.000000000003197,105,51,129,121.99999999999361,48,34,179.00000000000321,12.230000000000064,690.10999999999672,GT,model_assisted_not_ground_truth,0,0,0,0,0,0,0,0,0,0,0
22.42,50.999999999991473,105.00000000000426,51,128.99999999999574,120.00000000000853,48,34,180.00000000000426,12.249999999999957,689.09000000000003,GT,model_assisted_not_ground_truth,0,0,0,0,0,0,0,0,0,0,0
22.43,49.000000000004974,105.99999999999503,51,128,121.99999999999503,48,34,180.99999999999503,12.23999999999995,689.10000000000502,GT,model_assisted_not_ground_truth,0,0,0,0,0,0,0,0,0,0,0
22.44,50,105,51,128,121.00000000000604,48,34,180,12.337066015448553,693.34261727056276,GT,model_assisted_not_ground_truth,0,0,0,0,0,0,0,0,0,1,1
22.45,50.285868006521774,104.9740792170161,51.183277138163788,127.81707203078551,120.99411867278674,48.036770064310168,34.204589001297201,180.09881565052387,12.289980344690491,691.48670741902686,GT,model_assisted_not_ground_truth,0,1,1,1,1,1,1,1,1,1,1
