time_seconds,FMG_channel_1,FMG_channel_2,FMG_channel_3,FMG_channel_4,FMG_channel_5,FMG_channel_6,FMG_channel_7,FMG_channel_8,CoP,vGRF,provisional_phase,label_status,signal_missing,FMG_channel_1_imputed,FMG_channel_2_imputed,FMG_channel_3_imputed,FMG_channel_4_imputed,FMG_channel_5_imputed,FMG_channel_6_imputed,FMG_channel_7_imputed,FMG_channel_8_imputed,CoP_imputed,vGRF_imputed
0.00,0,39,35,42,145,50,51,39,10.830000000004548,921.00000000025011,QS,model_assisted_not_ground_truth,0,0,0,0,0,0,0,0,0,0,0
0.01,0,38,35.999999999999091,42,145,50,51,39,11.030000000000708,931.99999999990541,QS,model_assisted_not_ground_truth,0,0,0,0,0,0,0,0,0,0,0
0.02,0,38.000000000001819,35,42,145.00000000000182,50,51,39,11.059999999995089,928.00000000081036,QS,model_assisted_not_ground_truth,0,0,0,0,0,0,0,0,0,0,0
0.03,0,39,35.000000000002728,42,146,50,51,39,10.860000000000253,960.9999999998472,QS,model_assisted_not_ground_truth,0,0,0,0,0,0,0,0,0,0,0
0.04,0,39,36,42,146.00000000000364,50,51,39,10.870000000001054,954.99999999984175,QS,model_assisted_not_ground_truth,0,0,0,0,0,0,0,0,0,0,0
0.05,0,39,35.999999999995453,42,147,49.999999999995453,50.999999999995453,39,10.910000000001364,948.99999999995907,QS,model_assisted_not_ground_truth,0,0,0,0,0,0,0,0,0,0,0
0.06,0,39,35.000000000005457,42,146.99999999998909,49.000000000005457,50.000000000005457,39,10.96000000000141,947.49999999995771,QS,model_assisted_not_ground_truth,0,0,0,0,0,0,0,0,0,0,0
0.07,0,39,36,42,144.9999999999809,50,51,39,11.009999999999126,945.99999999976717,QS,model_assisted_not_ground_truth,0,0,0,0,0,0,0,0,0,0,0
0.08,0,39,36,42,142,50,51,39,10.979999999999563,938.00000000005093,QS,model_assisted_not_ground_truth,0,0,0,0,0,0,0,0,0,0,0
0.09,0,39,36,42,142.00000000000819,50,51,39,10.919999999999426,945.00000000034379,QS,model_assisted_not_ground_truth,0,0,0,0,0,0,0,0,0,0,0
0.10,0,39,36,42,143,50,51,39,10.85000000000009,986.99999999997272,QS,model_assisted_not_ground_truth,0,0,0,0,0,0,0,0,0,0,0
0.11,0,39,35.999999999989996,42,143,50,50.999999999989996,39,10.859999999999799,983.99999999996999,QS,model_assisted_not_ground_truth,0,0,0,0,0,0,0,0,0,0,0
0.12,0,39,35.000000000010914,42,143,50,50.000000000010914,39,10.839999999999892,980.99999999995634,QS,model_assisted_not_ground_truth,0,0,0,0,0,0,0,0,0,0,0
0.13,0,39,36,42,143,50,51,39,10.829999999999881,976.99999999995271,QS,model_assisted_not_ground_truth,0,0,0,0,0,0,0,0,0,0,0
0.14,0,39,36,42,143,50,51,39,10.820000000000128,972.99999999997453,QS,model_assisted_not_ground_truth,0,0,0,0,0,0,0,0,0,0,0
0.15,0,39,36,42,143.99999999999091,50,51,39,10.83,971.00000000030013,QS,model_assisted_not_ground_truth,0,0,0,0,0,0,0,0,0,0,0
0.16,0,39,35.000000000008185,42,143.00000000000819,50,51,39,10.829999999999709,992.9999999999709,QS,model_assisted_not_ground_truth,0,0,0,0,0,0,0,0,0,0,0
0.17,0,39,35,42,143,50,50.000000000007276,39,10.809999999999846,990.99999999998454,QS,model_assisted_not_ground_truth,0,0,0,0,0,0,0,0,0,0,0
0.18,0,39,35.999999999993634,42,144.99999999998727,50,50.999999999993634,39,10.799999999998199,989.99999999986903,QS,model_assisted_not_ground_truth,0,0,0,0,0,0,0,0,0,0,0
0.19,0,39,36,42,143.00000000001091,50,51,39,10.69,981.99999999997408,QS,model_assisted_not_ground_truth,0,0,0,0,0,0,0,0,0,0,0
0.20,0,39,36,42,142.00000000000455,50,51,39,10.69,980.49999999997272,QS,model_assisted_not_ground_truth,0,0,0,0,0,0,0,0,0,0,0
0.21,0,39,35.000000000003638,42,142.99999999999636,50,50.000000000003638,39,10.690000000000573,979.0000000000764,QS,model_assisted_not_ground_truth,0,0,0,0,0,0,0,0,0,0,0
0.22,0,39,35.999999999997272,42,143,50,50.999999999997272,39,10.719999999999601,982.99999999993997,QS,model_assisted_not_ground_truth,0,0,0,0,0,0,0,0,0,0,0
0.23,0,39,36,42,144.99999999999636,50,51,39,10.69999999999979,979.99999999993724,QS,model_assisted_not_ground_truth,0,0,0,0,0,0,0,0,0,0,0
0.24,0,39,34.000000000001819,42,143.00000000000182,50,50.000000000000909,39,10.690000000000218,977.00000000002183,QS,model_assisted_not_ground_truth,0,0,0,0,0,0,0,0,0,0,0
0.25,0,39,35,42,144,50,51,39,10.700000000002728,978.00000000015916,QS,model_assisted_not_ground_truth,0,0,0,0,0,0,0,0,0,0,0
0.26,0,39,36,42,143,50,50.999999999999091,39,10.820000000000709,984.99999999976353,QS,model_assisted_not_ground_truth,0,0,0,0,0,0,0,0,0,0,0
0.27,0,39,36,42,143,50,50.000000000001819,39,10.850000000001227,974.99999999977899,QS,model_assisted_not_ground_truth,0,0,0,0,0,0,0,0,0,0,0
0.28,0,39,36,42,143,50,51,39,10.900000000001272,965.99999999977081,QS,model_assisted_not_ground_truth,0,0,0,0,0,0,0,0,0,0,0
0.29,0,39,35.999999999996362,42,143,50,51,39,10.949999999999736,956.99999999986812,QS,model_assisted_not_ground_truth,0,0,0,0,0,0,0,0,0,0,0
0.30,0,39,35,42,142.99999999999545,50,51,39,10.939999999995907,951.99999999972715,QS,model_assisted_not_ground_truth,0,0,0,0,0,0,0,0,0,0,0
0.31,0,39,35,42,142,50,50.999999999994543,39,10.789999999999717,941.99999999991542,QS,model_assisted_not_ground_truth,0,0,0,0,0,0,0,0,0,0,0
0.32,0,39,35.000000000006366,42,142,50,50.000000000006366,39,10.779999999997962,938.9999999999709,QS,model_assisted_not_ground_truth,0,0,0,0,0,0,0,0,0,0,0
0.33,0,39,35.999999999992724,42,142.00000000001455,50,51,39,10.709999999998473,938.00000000011642,QS,model_assisted_not_ground_truth,0,0,0,0,0,0,0,0,0,0,0
0.34,0,39,35,42,144,50,51,39,10.500000000000082,954.00000000001228,QS,model_assisted_not_ground_truth,0,0,0,0,0,0,0,0,0,0,0
0.35,0,39,35,42,143.99999999998181,50,50.999999999990905,39,10.51000000000009,955.50000000001364,QS,model_assisted_not_ground_truth,0,0,0,0,0,0,0,0,0,0,0
0.36,0,39,35.000000000010004,42,142.00000000001,50,50.000000000010004,39,10.520000000000099,956.99999999995998,QS,model_assisted_not_ground_truth,0,0,0,0,0,0,0,0,0,0,0
0.37,0,39,35.999999999989086,42,142.99999999998909,50,51,39,10.529999999999562,952.9999999999236,QS,model_assisted_not_ground_truth,0,0,0,0,0,0,0,0,0,0,0
0.38,0,39,35.000000000011823,42,142,50,51,39,10.490000000000355,945.99999999989359,QS,model_assisted_not_ground_truth,0,0,0,0,0,0,0,0,0,0,0
0.39,0,39,35.999999999989996,42,142,50,51,39,10.520000000002037,936.99999999980901,QS,model_assisted_not_ground_truth,0,0,0,0,0,0,0,0,0,0,0
0.40,0,39,36,42,142,50,50.000000000009095,39,10.680000000002183,921.99999999997272,QS,model_assisted_not_ground_truth,0,0,0,0,0,0,0,0,0,0,0
0.41,0,39,35.000000000008185,42,141.00000000000819,50,50.999999999991815,39,10.84,920.0000000000291,QS,model_assisted_not_ground_truth,0,0,0,0,0,0,0,0,0,0,0
0.42,0,39,34.000000000007276,42,142.99999999998545,50,51,39,10.840000000000078,922,QS,model_assisted_not_ground_truth,0,0,0,0,0,0,0,0,0,0,0
0.43,0,39,34.999999999993634,42,143,50,51,39,10.845000000000082,922,QS,model_assisted_not_ground_truth,0,0,0,0,0,0,0,0,0,0,0
0.44,0,39,35,42,142.00000000000546,50,51,39,10.849999999999827,921.99999999996544,QS,model_assisted_not_ground_truth,0,0,0,0,0,0,0,0,0,0,0
0.45,0,39,35,42,142.99999999999545,50,51,39,10.83999999999909,919.99999999996362,QS,model_assisted_not_ground_truth,0,0,0,0,0,0,0,0,0,0,0
0.46,0,39,35,42,142.00000000000364,50,51,39,10.789999999999425,917.99999999973261,QS,model_assisted_not_ground_truth,0,0,0,0,0,0,0,0,0,0,0
0.47,0,39,35,42,142,50,51,39,10.760000000000201,904.00000000004002,QS,model_assisted_not_ground_truth,0,0,0,0,0,0,0,0,0,0,0
0.48,0,39,35,42,142,50,51,39,10.770000000000419,906.00000000001046,QS,model_assisted_not_ground_truth,0,0,0,0,0,0,0,0,0,0,0
0.49,0,39,35.999999999999091,42,142,50,51,39,10.790000000000436,906.50000000001091,QS,model_assisted_not_ground_truth,0,0,0,0,0,0,0,0,0,0,0
0.50,0,39,35,42,143,50,51,39,10.81,907.00000000004547,QS,model_assisted_not_ground_truth,0,0,0,0,0,0,0,0,0,0,0
0.51,0,39,35,42,142,49.000000000000909,51,37.000000000001819,10.810000000000473,908.99999999997635,QS,model_assisted_not_ground_truth,0,0,0,0,0,0,0,0,0,0,0
0.52,0,39,35,42,142,50,51,39,10.829999999999508,908.00000000007367,QS,model_assisted_not_ground_truth,0,0,0,0,0,0,0,0,0,0,0
0.53,0,39,35.000000000002728,42,142,50,51,39,10.809999999998981,910.99999999994907,QS,model_assisted_not_ground_truth,0,0,0,0,0,0,0,0,0,0,0
0.54,0,39,35.999999999996355,42,142,50,51,39,10.769999999999735,908.99999999997362,QS,model_assisted_not_ground_truth,0,0,0,0,0,0,0,0,0,0,0
0.55,0,39,35,42,142.00000000000455,50,51,38.999999999990898,10.760000000000819,908.00000000005457,QS,model_assisted_not_ground_truth,0,0,0,0,0,0,0,0,0,0,0
0.56,0,39,35,42,142.99999999999454,50,51,37.000000000010928,10.790000000002255,910.00000000015507,QS,model_assisted_not_ground_truth,0,0,0,0,0,0,0,0,0,0,0
0.57,0,39,35,42,142.00000000001273,50,51,39,10.870000000001419,915.50000000009754,QS,model_assisted_not_ground_truth,0,0,0,0,0,0,0,0,0,0,0
0.58,0,39,35,42,143.99999999999272,50,51,39,10.949999999999708,921.00000000002183,QS,model_assisted_not_ground_truth,0,0,0,0,0,0,0,0,0,0,0
0.59,0,39,35,42,142.99999999999181,50,51,38.999999999983636,10.90999999999951,924.00000000004093,QS,model_assisted_not_ground_truth,0,0,0,0,0,0,0,0,0,0,0
0.60,0,39,35,42,142.00000000000909,50,51,37.000000000018183,10.849999999999909,928.99999999995453,QS,model_assisted_not_ground_truth,0,0,0,0,0,0,0,0,0,0,0
0.61,0,39,35,42,142.99999999999,50,51,39,10.8399999999999,923.99999999993997,QS,model_assisted_not_ground_truth,0,0,0,0,0,0,0,0,0,0,0
0.62,0,39,35.000000000010914,41.999999999978172,142,50,51,39,10.830000000001746,918.00000000014188,QS,model_assisted_not_ground_truth,0,0,0,0,0,0,0,0,0,0,0
0.63,0,39,35.999999999988177,40.000000000023647,142.00000000001182,50,51,39,10.990000000000473,930.99999999999409,QS,model_assisted_not_ground_truth,0,0,0,0,0,0,0,0,0,0,0
0.64,0,39,35.000000000010004,41.999999999979991,142.99999999999,50,51,39,11.030000000000509,930.49999999999363,QS,model_assisted_not_ground_truth,0,0,0,0,0,0,0,0,0,0,0
0.65,0,39,34.000000000009095,42,142.00000000000909,50,51,39,11.069999999999864,929.99999999997272,QS,model_assisted_not_ground_truth,0,0,0,0,0,0,0,0,0,0,0
0.66,0,39,34.999999999991815,42,142,50,51,39,11.059999999996943,928.00000000046577,QS,model_assisted_not_ground_truth,0,0,0,0,0,0,0,0,0,0,0
0.67,0,39,35,42,142,50,51,39,10.850000000000154,959.99999999995362,QS,model_assisted_not_ground_truth,0,0,0,0,0,0,0,0,0,0,0
0.68,0,39,35.999999999993641,41.000000000006359,142,49.000000000006359,51,39,10.859999999999836,956.99999999993452,QS,model_assisted_not_ground_truth,0,0,0,0,0,0,0,0,0,0,0
0.69,0,39,36,41.99999999999455,142,49.99999999999455,51,39,10.850000000002419,952.99999999993088,QS,model_assisted_not_ground_truth,0,0,0,0,0,0,0,0,0,0,0
0.70,0,39,36,42,142.99999999999545,50,51,39,10.99,948.99999999990905,QS,model_assisted_not_ground_truth,0,0,0,0,0,0,0,0,0,0,0
0.71,0,39,35.000000000003638,42,142.00000000000364,50,51,39,10.99,943.9999999999045,QS,model_assisted_not_ground_truth,0,0,0,0,0,0,0,0,0,0,0
0.72,0,39,35.999999999997272,42,142.99999999999727,50,51,39,10.989999999997,939.00000000096031,QS,model_assisted_not_ground_truth,0,0,0,0,0,0,0,0,0,0,0
0.73,0,39,35.000000000001819,42,143,50,51,39,10.839999999999163,986.99999999983265,QS,model_assisted_not_ground_truth,0,0,0,0,0,0,0,0,0,0,0
0.74,0,39,35.999999999999091,42,143.99999999999909,50,51,39,10.800000000000875,979.00000000008731,QS,model_assisted_not_ground_truth,0,0,0,0,0,0,0,0,0,0,0
0.75,0,39,35,42,143,50,51,39,10.839999999999318,982.99999999995453,QS,model_assisted_not_ground_truth,0,0,0,0,0,0,0,0,0,0,0
0.76,0,39,35.000000000000909,42,142.99999999999909,49.999999999999091,51,39,10.809999999999764,980.99999999992906,QS,model_assisted_not_ground_truth,0,0,0,0,0,0,0,0,0,0,0
0.77,0,39,36,42,142,49.000000000001819,51,39,10.799999999999878,977.99999999991405,QS,model_assisted_not_ground_truth,0,0,0,0,0,0,0,0,0,0,0
0.78,0,39,35.999999999997272,42,142.00000000000273,50,51,39,10.794999999999872,974.49999999991087,QS,model_assisted_not_ground_truth,0,0,0,0,0,0,0,0,0,0,0
0.79,0,39,35.000000000003645,42,143,50,51,39,10.790000000000264,971.00000000060675,QS,model_assisted_not_ground_truth,0,0,0,0,0,0,0,0,0,0,0
0.80,0,39,35.999999999995445,42,142.99999999999545,50,51,39,10.800000000000274,994,QS,model_assisted_not_ground_truth,0,0,0,0,0,0,0,0,0,0,0
0.81,0,39,35,42,142.0000000000164,50,50.999999999994536,39,10.809999999998308,993.99999999977445,QS,model_assisted_not_ground_truth,0,0,0,0,0,0,0,0,0,0,0
0.82,0,39,35,42,144.99999999998727,50,50.000000000006374,39,10.74999999999738,985.99999999979627,QS,model_assisted_not_ground_truth,0,0,0,0,0,0,0,0,0,0,0
0.83,0,39,35,42,143,50,51,39,10.659999999999927,978.99999999999272,QS,model_assisted_not_ground_truth,0,0,0,0,0,0,0,0,0,0,0
0.84,0,39,35,42,143,50,51,39,10.650000000000041,977.99999999999181,QS,model_assisted_not_ground_truth,0,0,0,0,0,0,0,0,0,0,0
0.85,0,39,35,42,143.00000000001819,50,51,39,10.655000000000046,976.99999999999091,QS,model_assisted_not_ground_truth,0,0,0,0,0,0,0,0,0,0,0
0.86,0,39,35.000000000010004,42,145.00000000001,50,51,39,10.6600000000001,976.00000000005002,QS,model_assisted_not_ground_truth,0,0,0,0,0,0,0,0,0,0,0
0.87,0,38.999999999989086,35.999999999989086,42,146.00000000002183,49.999999999989086,51,39,10.669999999999892,980.99999999997817,QS,model_assisted_not_ground_truth,0,0,0,0,0,0,0,0,0,0,0
0.88,0,38.000000000011823,35.000000000011823,42,147.99999999997635,49.000000000011823,51,39,10.659999999999881,978.99999999995271,QS,model_assisted_not_ground_truth,0,0,0,0,0,0,0,0,0,0,0
0.89,0,38.999999999989996,35.999999999989996,42,146.00000000002001,49.999999999989996,51,39,10.650000000001784,975.00000000008913,QS,model_assisted_not_ground_truth,0,0,0,0,0,0,0,0,0,0,0
0.90,0,39,35.000000000009095,42,147.99999999998181,50,51,39,10.790000000001092,981.99999999978172,QS,model_assisted_not_ground_truth,0,0,0,0,0,0,0,0,0,0,0
0.91,0,39,35,42,143.0000000000409,50,51,39,10.870000000000873,965.99999999982538,QS,model_assisted_not_ground_truth,0,0,0,0,0,0,0,0,0,0,0
0.92,0,39,36.999999999985455,42,143.99999999999272,50,51,39,10.929999999999691,953.99999999996135,QS,model_assisted_not_ground_truth,0,0,0,0,0,0,0,0,0,0,0
0.93,0,39,35.000000000012726,42,143.00000000000637,50,51,39,10.909999999999673,951.49999999995907,QS,model_assisted_not_ground_truth,0,0,0,0,0,0,0,0,0,0,0
0.94,0,39,35,42,142.00000000000546,50,51,39,10.889999999999654,948.99999999993088,QS,model_assisted_not_ground_truth,0,0,0,0,0,0,0,0,0,0,0
0.95,0,39,35,42,142.99999999999545,50,51,39,10.869999999997997,944.99999999990905,QS,model_assisted_not_ground_truth,0,0,0,0,0,0,0,0,0,0,0
0.96,0,39,35,42,145.99999999998909,50,51,38.000000000003638,10.759999999999618,939.9999999999618,QS,model_assisted_not_ground_truth,0,0,0,0,0,0,0,0,0,0,0
0.97,0,39,35,42,146.99999999999727,50,51,38.999999999997272,10.739999999994398,938.00000000030013,QS,model_assisted_not_ground_truth,0,0,0,0,0,0,0,0,0,0,0
0.98,0,39,35,42,144.00000000000546,50,51,39,10.460000000001465,953,QS,model_assisted_not_ground_truth,0,0,0,0,0,0,0,0,0,0,0
0.99,0,39,35,41.000000000000909,145.99999999999818,50,51,39,10.529999999999673,952.99999999991269,QS,model_assisted_not_ground_truth,0,0,0,0,0,0,0,0,0,0,0
1.00,0,39,35,42,146,50,51,39,10.51499999999966,948.99999999990905,QS,model_assisted_not_ground_truth,0,0,0,0,0,0,0,0,0,0,0
1.01,0,39,35,42,147,50,51,39,10.500000000000947,944.99999999969259,QS,model_assisted_not_ground_truth,0,0,0,0,0,0,0,0,0,0,0
1.02,0,39,35,42,146.99999999999454,50,51,39,10.54000000000663,931.99999999970532,QS,model_assisted_not_ground_truth,0,0,0,0,0,0,0,0,0,0,0
1.03,0,39,35.000000000005464,42,144.00000000000546,50,51,39,10.81000000000051,919.99999999997453,QS,model_assisted_not_ground_truth,0,0,0,0,0,0,0,0,0,0,0
1.04,0,39,36.999999999992717,42,146,50,51,39,10.830000000000528,919,QS,model_assisted_not_ground_truth,0,0,0,0,0,0,0,0,0,0,0
1.05,0,39,35.000000000004555,42,146.00000000000455,50,51,39,10.850000000000273,919,QS,model_assisted_not_ground_truth,0,0,0,0,0,0,0,0,0,0,0
1.06,0,39,36.000000000005464,42,146.99999999999454,50,51,39,10.859999999999859,919.00000000002819,QS,model_assisted_not_ground_truth,0,0,0,0,0,0,0,0,0,0,0
1.07,0,39,36.999999999987253,42,146,50,51,39,10.854999999999912,920.00000000001774,QS,model_assisted_not_ground_truth,0,0,0,0,0,0,0,0,0,0,0
1.08,0,39,35.000000000014566,42,146.00000000000728,50,51,39,10.849999999999854,920.99999999995634,QS,model_assisted_not_ground_truth,0,0,0,0,0,0,0,0,0,0,0
1.09,0,39,36.999999999991807,42,147.00000000000819,50,51,39,10.82999999999959,914.99999999991803,QS,model_assisted_not_ground_truth,0,0,0,0,0,0,0,0,0,0,0
1.10,0,39,35.999999999990898,42,148.00000000000909,50,51,39,10.780000000000273,905,QS,model_assisted_not_ground_truth,0,0,0,0,0,0,0,0,0,0,0
1.11,0,39,35,42,148.99999999999,50,51,39,10.810000000000201,905.00000000002001,QS,model_assisted_not_ground_truth,0,0,0,0,0,0,0,0,0,0,0
1.12,0,39,35.000000000021849,42,147.99999999998909,50,51,39,10.83000000000011,907.00000000002183,QS,model_assisted_not_ground_truth,0,0,0,0,0,0,0,0,0,0,0
1.13,0,39,36.999999999976332,42,147.00000000001182,50,51,39,10.840000000000119,909.00000000002365,QS,model_assisted_not_ground_truth,0,0,0,0,0,0,0,0,0,0,0
1.14,0,39,35.00000000001998,42,147.99999999999,50,51,39,10.849999999999872,911,QS,model_assisted_not_ground_truth,0,0,0,0,0,0,0,0,0,0,0
1.15,0,39,36.999999999981839,42,148.99999999999091,50,51,39,10.839999999999863,911,QS,model_assisted_not_ground_truth,0,0,0,0,0,0,0,0,0,0,0
1.16,0,39,35.000000000016385,42,147.0000000000164,50,51,39,10.829999999999854,910.99999999998545,QS,model_assisted_not_ground_truth,0,0,0,0,0,0,0,0,0,0,0
1.17,0,39,35,42,147,50,51,39,10.819999999999537,909.99999999995362,QS,model_assisted_not_ground_truth,0,0,0,0,0,0,0,0,0,0,0
1.18,0,39,36.999999999987253,42,147.99999999999363,50,51,39,10.790000000002944,907.00000000022908,QS,model_assisted_not_ground_truth,0,0,0,0,0,0,0,0,0,0,0
1.19,0,39,37,42,147.00000000000546,50,51,39,10.969999999999654,921.00000000005184,QS,model_assisted_not_ground_truth,0,0,0,0,0,0,0,0,0,0,0
1.20,0,39,37,42,147,50,51,39,10.949999999998726,924.00000000007276,QS,model_assisted_not_ground_truth,0,0,0,0,0,0,0,0,0,0,0
1.21,0,39,35.000000000007283,42,146.00000000000364,50,51,39,10.880000000000001,927.9999999999618,QS,model_assisted_not_ground_truth,0,0,0,0,0,0,0,0,0,0,0
1.22,0,39,35,42,146,50,51,39,10.880000000000001,925.99999999995998,QS,model_assisted_not_ground_truth,0,0,0,0,0,0,0,0,0,0,0
1.23,0,39,35,42,146.99999999999818,50,51,39,10.879999999998955,923.99999999987449,QS,model_assisted_not_ground_truth,0,0,0,0,0,0,0,0,0,0,0
1.24,0,39,36.999999999998181,42,147,50,51,39,10.830000000004583,918.00000000026193,QS,model_assisted_not_ground_truth,0,0,0,0,0,0,0,0,0,0,0
1.25,0,39,37,42,149,50,51,39,11.040000000000454,929.99999999990905,QS,model_assisted_not_ground_truth,0,0,0,0,0,0,0,0,0,0,0
1.26,0,39,36.999999999998181,42,146,49.000000000000909,51,39,11.059999999995744,926.00000000080399,QS,model_assisted_not_ground_truth,0,0,0,0,0,0,0,0,0,0,0
1.27,0,39,35,42,146.00000000000182,50,51,39,10.879999999999509,959.99999999990177,QS,model_assisted_not_ground_truth,0,0,0,0,0,0,0,0,0,0,0
1.28,0,39,35,42,146.99999999999727,50,51,39,10.860000000000509,956,QS,model_assisted_not_ground_truth,0,0,0,0,0,0,0,0,0,0,0
1.29,0,39,35.000000000007283,42,146.00000000000364,50,51,39,10.879999999999736,955.99999999986812,QS,model_assisted_not_ground_truth,0,0,0,0,0,0,0,0,0,0,0
1.30,0,39,36.999999999990898,42,147,50,51,39,10.869999999999727,950.99999999986358,QS,model_assisted_not_ground_truth,0,0,0,0,0,0,0,0,0,0,0
1.31,0,39,35,42,147,50,51,39,10.860000000003101,946.00000000022555,QS,model_assisted_not_ground_truth,0,0,0,0,0,0,0,0,0,0,0
1.32,0,39,35,42,146.99999999999363,50,51,39,10.970000000001164,953.99999999970885,QS,model_assisted_not_ground_truth,0,0,0,0,0,0,0,0,0,0,0
1.33,0,39,35,42,145.99999999998542,50,51,39,11.009999999999854,943.99999999994907,QS,model_assisted_not_ground_truth,0,0,0,0,0,0,0,0,0,0,0
1.34,0,39,35,42,144.00000000002458,50,51,39,10.99,937.00000000002456,QS,model_assisted_not_ground_truth,0,0,0,0,0,0,0,0,0,0,0
1.35,0,39,35,42,147.00000000000909,50,51,39,10.989999999999272,940.00000000019122,QS,model_assisted_not_ground_truth,0,0,0,0,0,0,0,0,0,0,0
1.36,0,39,35.000000000010012,42,147.99999999995995,50,51,39,10.909999999999199,961.00000000021032,QS,model_assisted_not_ground_truth,0,0,0,0,0,0,0,0,0,0,0
1.37,0,39,35.999999999989072,42,144.00000000002186,50,51,39,10.83000000000011,982.00000000001091,QS,model_assisted_not_ground_truth,0,0,0,0,0,0,0,0,0,0,0
1.38,0,39,35,42,145.99999999997632,49.999999999988162,51,39,10.839999999999881,982.99999999995271,QS,model_assisted_not_ground_truth,0,0,0,0,0,0,0,0,0,0,0
1.39,0,39,35,42,144.00000000001998,49.00000000000999,51,39,10.829999999999618,978.99999999988529,QS,model_assisted_not_ground_truth,0,0,0,0,0,0,0,0,0,0,0
1.40,0,38.000000000009081,35,42,144,49.999999999990919,51,39,10.80000000000082,970.00000000021851,QS,model_assisted_not_ground_truth,0,0,0,0,0,0,0,0,0,0,0
1.41,0,38.999999999991807,34.000000000008193,42,146.99999999997542,50,51,39,10.859999999999417,986.00000000005821,QS,model_assisted_not_ground_truth,0,0,0,0,0,0,0,0,0,0,0
1.42,0,39,34.999999999992717,42,148.99999999998545,50,51,39,10.819999999999846,990.00000000001546,QS,model_assisted_not_ground_truth,0,0,0,0,0,0,0,0,0,0,0
1.43,0,39,35,42,147.00000000001273,50,51,39,10.809999999999837,990.99999999999181,QS,model_assisted_not_ground_truth,0,0,0,0,0,0,0,0,0,0,0
1.44,0,39,36.999999999989072,42,147,50,51,39,10.799999999999827,990.49999999999136,QS,model_assisted_not_ground_truth,0,0,0,0,0,0,0,0,0,0,0
1.45,0,39,35.000000000009102,42,146.00000000000455,50,51,39,10.789999999997999,989.99999999983629,QS,model_assisted_not_ground_truth,0,0,0,0,0,0,0,0,0,0,0
1.46,0,39,35,42,146.99999999999636,50,51,39,10.68,980.9999999999618,QS,model_assisted_not_ground_truth,0,0,0,0,0,0,0,0,0,0,0
1.47,0,39,36.999999999994536,42,144.00000000000819,49.000000000002728,51,39,10.6800000000006,979.00000000006003,QS,model_assisted_not_ground_truth,0,0,0,0,0,0,0,0,0,0,0
1.48,0,39,35.000000000003638,42,144.99999999999818,49.999999999998181,51,38.000000000001819,10.71000000000021,982,QS,model_assisted_not_ground_truth,0,0,0,0,0,0,0,0,0,0,0
1.49,0,39,35,42,145.99999999999909,50,51,38.999999999999091,10.719999999999127,981.99999999989086,QS,model_assisted_not_ground_truth,0,0,0,0,0,0,0,0,0,0,0
1.50,0,39,35,42,145,50,51,39,10.680000000001137,977.00000000007958,QS,model_assisted_not_ground_truth,0,0,0,0,0,0,0,0,0,0,0
1.51,0,39,34.999999999999091,42,145,50,51,39,10.730000000001182,980.50000000008276,QS,model_assisted_not_ground_truth,0,0,0,0,0,0,0,0,0,0,0
1.52,0,39,34.000000000005464,42,145.00000000000182,50,51,39,10.780000000000491,983.99999999990177,QS,model_assisted_not_ground_truth,0,0,0,0,0,0,0,0,0,0,0
1.53,0,39,36.999999999994536,42,145.99999999999454,50,51,39,10.800000000001528,979.99999999966894,QS,model_assisted_not_ground_truth,0,0,0,0,0,0,0,0,0,0,0
1.54,0,39,35,42,144.00000000001091,50,51,39,10.860000000002374,966.9999999996835,QS,model_assisted_not_ground_truth,0,0,0,0,0,0,0,0,0,0,0
1.55,0,39,35,41.999999999990898,146.99999999999545,50,51,39,10.94999999999918,954.99999999989086,QS,model_assisted_not_ground_truth,0,0,0,0,0,0,0,0,0,0,0
1.56,0,39,35,40.000000000010928,145.99999999999454,50,51,39,10.919999999994642,950.99999999963336,GI,model_assisted_not_ground_truth,0,0,0,0,0,0,0,0,0,0,0
1.57,0,39,35,42,145,50,51,39,10.730000000000437,938.0000000000291,GI,model_assisted_not_ground_truth,0,0,0,0,0,0,0,0,0,0,0
1.58,0,39,35.000000000014566,42,145,50,51,39,10.74500000000028,939.00000000001864,GI,model_assisted_not_ground_truth,0,0,0,0,0,0,0,0,0,0,0
1.59,0,39,36.999999999983615,42,145.00000000000819,50,51,39,10.760000000000081,939.99999999997544,GI,model_assisted_not_ground_truth,0,0,0,0,0,0,0,0,0,0,0
1.60,0,39,35.000000000018211,42,146.00000000000909,50,51,39,10.769999999999726,936.99999999999091,GI,model_assisted_not_ground_truth,0,0,0,0,0,0,0,0,0,0,0
1.61,0,39,37,42,146.99999999999,50,51,39,10.739999999997798,936.00000000020032,GI,model_assisted_not_ground_truth,0,0,0,0,0,0,0,0,0,0,0
1.62,0,39,36.999999999978151,42,146.00000000001091,50,51,39,10.52000000000011,955.99999999995634,GI,model_assisted_not_ground_truth,0,0,0,0,0,0,0,0,0,0,0
1.63,0,39,35,42,146.99999999998818,50,51,39,10.529999999999644,951.99999999992895,GI,model_assisted_not_ground_truth,0,0,0,0,0,0,0,0,0,0,0
1.64,0,39,35,42,146.00000000001,50,51,39,10.500000000000638,945.99999999983436,GI,model_assisted_not_ground_truth,0,0,0,0,0,0,0,0,0,0,0
1.65,0,39,35.999999999990919,42,145.00000000000909,50,51,39,10.550000000002118,932.99999999989075,GI,model_assisted_not_ground_truth,0,0,0,0,0,0,0,0,0,0,0
1.66,0,39,36.999999999991829,42,144.00000000000819,50,51,39,10.705000000002258,924.99999999988347,GI,model_assisted_not_ground_truth,0,0,0,0,0,0,0,0,0,0,0
1.67,0,39,35.000000000014566,42,146.99999999997814,50,51,39,10.85999999999969,917.00000000004638,GI,model_assisted_not_ground_truth,0,0,0,0,0,0,0,0,0,0,0
1.68,0,39,35,42,147,49.000000000006374,51,39,10.840000000000163,919.99999999998363,GI,model_assisted_not_ground_truth,0,0,0,0,0,0,0,0,0,0,0
1.69,0,39,35,42,146.00000000000546,49.999999999994536,51,39,10.85,919.00000000003456,GI,model_assisted_not_ground_truth,0,0,0,0,0,0,0,0,0,0,0
1.70,0,39,35,42,146.99999999999545,50,51,39,10.849999999999818,921,GI,model_assisted_not_ground_truth,0,0,0,0,0,0,0,0,0,0,0
1.71,0,39,35,42,147,50,51,39,10.839999999999426,920.99999999985675,GI,model_assisted_not_ground_truth,0,0,0,0,0,0,0,0,0,0,0
1.72,0,39,35.999999999997272,42,147,50,51,39,10.8099999999994,913.49999999984993,GI,model_assisted_not_ground_truth,0,0,0,0,0,0,0,0,0,0,0
1.73,0,39,36.999999999998181,42,147,50,50.000000000001819,39,10.77999999999979,906,GI,model_assisted_not_ground_truth,0,0,0,0,0,0,0,0,0,0,0
1.74,0,39,35.000000000001819,42.999999999999091,147,50,51.999999999998181,39,10.770000000000874,906.00000000002183,GI,model_assisted_not_ground_truth,0,0,0,0,0,0,0,0,0,0,0
1.75,0,39,36,43,148,52,52,39,10.810000000000228,907.00000000011369,GI,model_assisted_not_ground_truth,0,0,0,0,0,0,0,0,0,0,0
1.76,0,38.000000000000909,35,44.000000000000909,150.00000000000364,52.000000000000909,52.000000000000909,39,10.819999999993616,912.00000000120599,GI,model_assisted_not_ground_truth,0,0,0,0,0,0,0,0,0,0,0
1.77,0,39,35.000000000003645,45.000000000001819,154.00000000000728,53,53.000000000001819,39,10.549999999999264,963.00000000009823,GI,model_assisted_not_ground_truth,0,0,0,0,0,0,0,0,0,0,0
1.78,0,39.000000000002728,36.999999999997272,46,158.00000000001364,53,54,39.000000000002728,10.519999999998726,967.00000000017826,GI,model_assisted_not_ground_truth,0,0,0,0,0,0,0,0,0,0,0
1.79,0,40,36.000000000003645,46,163.00000000001091,53,54.000000000021849,40,10.469999999998418,974.00000000018463,GI,model_assisted_not_ground_truth,0,0,0,0,0,0,0,0,0,0,0
1.80,0,40.000000000009102,36.999999999990898,46.000000000004555,166,53,60.000000000036415,40,10.409999999998773,981.0000000000955,GI,model_assisted_not_ground_truth,0,0,0,0,0,0,0,0,0,0,0
1.81,0,42,34.999999999994536,47,166,53.000000000016385,68.000000000027313,40,10.364999999998732,984.50000000009868,GI,model_assisted_not_ground_truth,0,0,0,0,0,0,0,0,0,0,0
1.82,0,42,34.000000000006374,47,166.00000000002549,56.000000000006374,73.000000000006366,40,10.319999999997671,988.00000000034936,GI,model_assisted_not_ground_truth,0,0,0,0,0,0,0,0,0,0,0
1.83,0,42,35.000000000007283,47.000000000007283,170.00000000002913,57.000000000007283,74.00000000000729,40,10.240000000000947,1000.0000000001529,GI,model_assisted_not_ground_truth,0,0,0,0,0,0,0,0,0,0,0
1.84,0,42,36,48,174.00000000002458,58.000000000016385,74.9999999999918,40,10.369999999999344,1021.0000000000656,GI,model_assisted_not_ground_truth,0,0,0,0,0,0,0,0,0,0,0
1.85,0,42,36,48,177.00000000000909,60.000000000009102,74.000000000009109,40,10.289999999999361,1029.0000000000909,GI,model_assisted_not_ground_truth,0,0,0,0,0,0,0,0,0,0,0
1.86,0,42,36,48,178.00000000002004,61.000000000010012,75,40,10.21999999999945,1039.000000000085,GI,model_assisted_not_ground_truth,0,0,0,0,0,0,0,0,0,0,0
1.87,0,42,36.000000000010928,48,180.00000000002186,62,75,40,10.164999999999399,1047.5000000000928,GI,model_assisted_not_ground_truth,0,0,0,0,0,0,0,0,0,0,0
1.88,0,42,37,48,181.99999999998818,61.999999999988162,75,40,10.109999999999172,1056.0000000000828,GI,model_assisted_not_ground_truth,0,0,0,0,0,0,0,0,0,0,0
1.89,0,42,37,48,181.00000000001,61.00000000000999,75,40,10.039999999998724,1063.0000000000382,GI,model_assisted_not_ground_truth,0,0,0,0,0,0,0,0,0,0,0
1.90,0,42,38.999999999981839,48,181,61.999999999990919,75,39.000000000009081,9.9399999999993174,1066.0000000000955,GI,model_assisted_not_ground_truth,0,0,0,0,0,0,0,0,0,0,0
1.91,0,41.500000000004086,38.500000000004086,48,183.49999999997956,62.499999999995914,75,39,9.8899999999986896,1073.0000000000146,GI,model_assisted_not_ground_truth,0,0,0,0,0,0,0,0,0,0,0
1.92,0,41.000000000003638,38.000000000003638,48,185.99999999998178,62.999999999996362,75,39,9.8000000000015461,1074.0000000002319,GI,model_assisted_not_ground_truth,0,0,0,0,0,0,0,0,0,0,0
1.93,0,42.999999999987253,38.999999999993626,46.000000000012747,184.00000000001273,62.000000000006374,75,39,9.9000000000000821,1089,GI,model_assisted_not_ground_truth,0,0,0,0,0,0,0,0,0,0,0
1.94,0,43,39,47.999999999989072,185.99999999998909,62.999999999994536,75.999999999994543,39,9.9050000000000864,1089,GI,model_assisted_not_ground_truth,0,0,0,0,0,0,0,0,0,0,0
1.95,0,44.999999999990898,39,48,183.00000000001364,63,76,38.000000000004555,9.9099999999992718,1089.0000000000182,GI,model_assisted_not_ground_truth,0,0,0,0,0,0,0,0,0,0,0
1.96,0,45,39,48,183,63,74.000000000007276,38.999999999996362,9.8699999999996173,1090.0000000000382,GI,model_assisted_not_ground_truth,0,0,0,0,0,0,0,0,0,0,0
1.97,0,45,39,47.000000000002728,183,63,75.999999999994543,39.999999999997272,9.8499999999991985,1092.0000000002001,GI,model_assisted_not_ground_truth,0,0,0,0,0,0,0,0,0,0,0
1.98,0,45.999999999998181,39,47.999999999998181,183.99999999999818,63,75.000000000001819,39.000000000001819,9.8099999999966538,1102.0000000007531,GI,model_assisted_not_ground_truth,0,0,0,0,0,0,0,0,0,0,0
1.99,0,46.999999999999091,37.000000000001819,48,184.99999999999909,63,75,39,9.6499999999997819,1137.9999999998909,GI,model_assisted_not_ground_truth,0,0,0,0,0,0,0,0,0,0,0
2.00,0,47,39,47,184,62,75,38,9.6399999999997732,1132.9999999998181,GI,model_assisted_not_ground_truth,0,0,0,0,0,0,0,0,0,0,0
2.01,0,47,38.999999999998131,48,184.99999999999812,62,75,39,9.6300000000011838,1124.9999999999764,GI,model_assisted_not_ground_truth,0,0,0,0,0,0,0,0,0,0,0
2.02,0,47,37.000000000003645,48,182.99999999999818,62,75,39,9.680000000001229,1123.9999999999754,GI,model_assisted_not_ground_truth,0,0,0,0,0,0,0,0,0,0,0
2.03,0,46.999999999997243,38.999999999994493,48,182.00000000000276,62,74.999999999997243,39,9.7300000000002562,1122.9999999995921,GI,model_assisted_not_ground_truth,0,0,0,0,0,0,0,0,0,0,0
2.04,0,45.999999999989072,37.000000000003645,47.999999999996355,182.99999999998909,61.999999999989072,73.999999999996362,38.999999999996355,9.7399999999986804,1107.0000000000264,GI,model_assisted_not_ground_truth,0,0,0,0,0,0,0,0,0,0,0
2.05,0,43,38,47.000000000004533,179.99999999999548,58.999999999995467,72.999999999972815,38.000000000004533,9.6899999999975446,1108.0000000011726,GI,model_assisted_not_ground_truth,0,0,0,0,0,0,0,0,0,0,0
2.06,0,42.999999999994536,37.999999999994536,47.999999999994536,178.99999999995629,57.999999999972687,66.999999999934445,39.000000000005464,9.6000000000016925,1150.9999999998872,SSSW,model_assisted_not_ground_truth,0,0,0,0,0,0,0,0,0,0,0
2.07,0,42,37,47,170.99999999999366,53,54.999999999993648,40,9.6600000000000001,1146.9999999997383,SSSW,model_assisted_not_ground_truth,0,0,0,0,0,0,0,0,0,0,0
2.08,0,42,37,47,169.99999999999272,52.999999999992717,54,39.999999999992717,9.6600000000001103,1137.99999999996,SSSW,model_assisted_not_ground_truth,0,0,0,0,0,0,0,0,0,0,0
2.09,0,41.999999999991829,37,46.999999999983658,168.99999999995913,51.999999999991829,53.999999999991829,39.000000000008171,9.6750000000001215,1132.499999999955,SSSW,model_assisted_not_ground_truth,0,0,0,0,0,0,0,0,0,0,0
2.10,0,41.000000000009102,37,45,163.99999999996359,51,53,39.999999999990898,9.6900000000004542,1126.9999999998633,SSSW,model_assisted_not_ground_truth,0,0,0,0,0,0,0,0,0,0,0
2.11,0,41.999999999970022,36.999999999980012,44.999999999970022,159.99999999990007,50.999999999980012,52.999999999980012,39,9.7400000000003999,1111.9999999997901,SSSW,model_assisted_not_ground_truth,0,0,0,0,0,0,0,0,0,0,0
2.12,0,39,35.000000000005464,42,149.99999999996723,48.999999999989079,50.999999999994536,39,9.7800000000006548,1090.9999999996833,SSSW,model_assisted_not_ground_truth,0,0,0,0,0,0,0,0,0,0,0
2.13,0,39,35.50000000000022,42,146.99999999999866,47.999999999999559,50.49999999999978,39,9.8400000000010639,1061.999999999563,SSSW,model_assisted_not_ground_truth,0,0,0,0,0,0,0,0,0,0,0
2.14,0,39,35.999999999995005,42,144.00000000002998,47.00000000000999,50.000000000004995,39,9.9300000000019111,1024.9999999995284,SSSW,model_assisted_not_ground_truth,0,0,0,0,0,0,0,0,0,0,0
2.15,0,39,33.000000000027313,41.000000000009102,128.00000000014566,47,50,39,10.080000000002249,987.99999999948875,SSSW,model_assisted_not_ground_truth,0,0,0,0,0,0,0,0,0,0,0
2.16,0,39,34.999999999983658,40.000000000008171,127.00000000000817,46.000000000008171,49.000000000008171,39,10.245000000002403,950.49999999945373,SSSW,model_assisted_not_ground_truth,0,0,0,0,0,0,0,0,0,0,0
2.17,0,39,32.000000000021849,40,128.99999999998545,46,46.000000000021849,38.000000000007283,10.41,912.99999999978365,SSSW,model_assisted_not_ground_truth,0,0,0,0,0,0,0,0,0,0,0
2.18,0,39,33.999999999987295,40,132.99999999997459,46,46,37.000000000006352,10.410000000000819,899.00000000044247,SSSW,model_assisted_not_ground_truth,0,0,0,0,0,0,0,0,0,0,0
2.19,0,39,31.000000000016385,40,137.99999999997269,46.999999999994536,44.000000000010928,37,10.459999999999829,925.99999999986176,SSSW,model_assisted_not_ground_truth,0,0,0,0,0,0,0,0,0,0,0
2.20,0,39,33.999999999986414,40,138.99999999999548,46.000000000004533,44,37,10.449999999998724,917.99999999985437,SSSW,model_assisted_not_ground_truth,0,0,0,0,0,0,0,0,0,0,0
2.21,0,39,33.000000000003638,40,140.99999999999272,46,44,37,10.379999999999809,909.9999999999236,SSSW,model_assisted_not_ground_truth,0,0,0,0,0,0,0,0,0,0,0
2.22,0,39,33.999999999997293,40.999999999997293,141.9999999999973,46.999999999997293,46.999999999991871,37,10.3699999999999,905.99999999997999,SSSW,model_assisted_not_ground_truth,0,0,0,0,0,0,0,0,0,0,0
2.23,0,38.000000000001819,34.999999999998181,41,141.00000000000182,47,47.999999999998181,36.000000000001819,10.364999999999895,904.99999999997908,SSSW,model_assisted_not_ground_truth,0,0,0,0,0,0,0,0,0,0,0
2.24,0,38,35,41.999999999999112,144.99999999999645,47,48,36,10.359999999999344,904.00000000004366,SSSW,model_assisted_not_ground_truth,0,0,0,0,0,0,0,0,0,0,0
2.25,0,38,33,40,143,47,48,35,10.329999999999091,905.99999999995453,SSSW,model_assisted_not_ground_truth,0,0,0,0,0,0,0,0,0,0,0
2.26,0,37,34.999999999998131,41.999999999998131,141.00000000000094,46.999999999999069,48,34.999999999999069,10.289999999999289,903.9999999999053,SSSW,model_assisted_not_ground_truth,0,0,0,0,0,0,0,0,0,0,0
2.27,0,37,33.000000000001819,40.000000000003645,142.00000000000364,46.000000000001819,48.000000000001819,34,10.260000000001227,900.00000000007367,SSSW,model_assisted_not_ground_truth,0,0,0,0,0,0,0,0,0,0,0
2.28,0,37,34,42,143.99999999999173,47,49,33.999999999997243,10.310000000000766,902.99999999982151,SSSW,model_assisted_not_ground_truth,0,0,0,0,0,0,0,0,0,0,0
2.29,0,37,34,42,141.00000000000728,47,48.999999999992717,32.999999999992717,10.340000000002902,895.999999999446,SSSW,model_assisted_not_ground_truth,0,0,0,0,0,0,0,0,0,0,0
2.30,0,37,33.999999999995424,41.999999999995424,143.0000000000183,47.000000000004576,47.000000000009152,31.000000000004576,10.450000000000136,874.99999999994543,SSSW,model_assisted_not_ground_truth,0,0,0,0,0,0,0,0,0,0,0
2.31,0,37,33.000000000010928,40.999999999994536,147.00000000002731,48,49,31.999999999994536,10.45500000000014,872.99999999994361,SSSW,model_assisted_not_ground_truth,0,0,0,0,0,0,0,0,0,0,0
2.32,0,37.000000000006352,34.999999999993648,40.000000000012705,152.00000000006349,48.000000000006352,49.000000000006352,31.000000000012701,10.459999999997383,870.99999999973818,SSSW,model_assisted_not_ground_truth,0,0,0,0,0,0,0,0,0,0,0
2.33,0,38,34.000000000007283,42,162.00000000006554,49,50,33,10.36999999999898,861.99999999989075,SSSW,model_assisted_not_ground_truth,0,0,0,0,0,0,0,0,0,0,0
2.34,0,38,34.999999999991829,42,171.00000000002453,48.999999999991829,50,33.000000000008171,10.230000000000164,846.99999999997544,SSSW,model_assisted_not_ground_truth,0,0,0,0,0,0,0,0,0,0,0
2.35,0,37.999999999990898,34,42,173.99999999999091,48,50,34.000000000009102,10.249999999997815,844.00000000016382,SSSW,model_assisted_not_ground_truth,0,0,0,0,0,0,0,0,0,0,0
2.36,0,37,33.99999999999001,42,172.99999999998002,48,50,35,10.010000000000149,861.99999999997999,SSSW,model_assisted_not_ground_truth,0,0,0,0,0,0,0,0,0,0,0
2.37,0,36.999999999994536,33,42,170.99999999995083,48.000000000005464,50,35,10.025000000000164,859.99999999997817,SSSW,model_assisted_not_ground_truth,0,0,0,0,0,0,0,0,0,0,0
2.38,0,36.49999999999978,33,42,166.49999999999801,48.50000000000022,50,35,10.03999999999988,857.99999999998818,SSSW,model_assisted_not_ground_truth,0,0,0,0,0,0,0,0,0,0,0
2.39,0,36.000000000004995,33,42,162.00000000004496,48.999999999995005,50,35,10.029999999999744,856.99999999992349,SSSW,model_assisted_not_ground_truth,0,0,0,0,0,0,0,0,0,0,0
2.40,0,36,33,42,161.00000000000909,49,50,35,10.010000000000273,850.9999999998364,SSSW,model_assisted_not_ground_truth,0,0,0,0,0,0,0,0,0,0,0
2.41,0,36,33.999999999991829,42,160.00000000000819,48.000000000008171,50,34.000000000008171,10.030000000001602,838.99999999972329,SSSW,model_assisted_not_ground_truth,0,0,0,0,0,0,0,0,0,0,0
2.42,0,36,34,42,162.99999999997814,48.999999999992717,50,34,10.140000000003864,819.99999999989177,SSSW,model_assisted_not_ground_truth,0,0,0,0,0,0,0,0,0,0,0
2.43,0,36,33.000000000006352,42,167.99999999996825,49,50,34,10.390000000000329,813,SSSW,model_assisted_not_ground_truth,0,0,0,0,0,0,0,0,0,0,0
2.44,0,36.999999999994536,35.999999999983615,41.000000000005464,169.99999999998909,49,46.000000000021849,33.000000000005464,10.410000000000087,813.00000000000864,SSSW,model_assisted_not_ground_truth,0,0,0,0,0,0,0,0,0,0,0
2.45,0,37,34.000000000009059,41,171.99999999999093,49,46,33.999999999995467,10.415000000000092,813.50000000000909,SSSW,model_assisted_not_ground_truth,0,0,0,0,0,0,0,0,0,0,0
2.46,0,37,33.000000000003638,41,174.99999999998909,49,45.000000000003638,34,10.419999999999808,813.9999999999809,SSSW,model_assisted_not_ground_truth,0,0,0,0,0,0,0,0,0,0,0
2.47,0,37,35.999999999991871,41,176.99999999999457,49,45,34.999999999997293,10.41,813,SSSW,model_assisted_not_ground_truth,0,0,0,0,0,0,0,0,0,0,0
2.48,0,37.999999999998181,34.000000000003638,41,177,49,45,36.999999999996362,10.409999999998117,812.99999999964439,SSSW,model_assisted_not_ground_truth,0,0,0,0,0,0,0,0,0,0,0
2.49,0,38,34.999999999999112,41,178.99999999999824,49,45,37.999999999999112,10.320000000000656,796.00000000002183,SSSW,model_assisted_not_ground_truth,0,0,0,0,0,0,0,0,0,0,0
2.50,0,38,36,40,179,49,44,38,10.350000000001137,797.00000000004547,SSSW,model_assisted_not_ground_truth,0,0,0,0,0,0,0,0,0,0,0
2.51,0,39,35,40,180.00000000000094,49,45.0000000000028,39,10.400000000000237,799.00000000004729,SSSW,model_assisted_not_ground_truth,0,0,0,0,0,0,0,0,0,0,0
2.52,0,39.000000000001819,35.000000000003645,40,181.00000000000182,49,48,39.000000000001819,10.410000000000245,801.00000000004911,SSSW,model_assisted_not_ground_truth,0,0,0,0,0,0,0,0,0,0,0
2.53,0,40,37.000000000002757,40,182.00000000000276,49.000000000002757,48,40,10.41999999999949,802.99999999994907,SSSW,model_assisted_not_ground_truth,0,0,0,0,0,0,0,0,0,0,0
2.54,0,39.999999999996355,38,40,183,50,48.000000000003645,40,10.400000000000265,801.00000000005275,SSSW,model_assisted_not_ground_truth,0,0,0,0,0,0,0,0,0,0,0
2.55,0,39.000000000013721,37.999999999995424,40,183,49.999999999995424,48.999999999990848,40,10.409999999999181,802.99999999994543,SSSW,model_assisted_not_ground_truth,0,0,0,0,0,0,0,0,0,0,0
2.56,0,42.000000000005464,37.000000000010928,40,183.00000000000546,49,47.000000000010928,40,10.379999999998873,801.00000000002819,SSSW,model_assisted_not_ground_truth,0,0,0,0,0,0,0,0,0,0,0
2.57,0,43.000000000025402,39,40,184.00000000000634,49,49,40,10.34,802.0000000000291,SSSW,model_assisted_not_ground_truth,0,0,0,0,0,0,0,0,0,0,0
2.58,0,47.000000000138378,39,40,184.99999999999272,49.000000000007283,49,40,10.34000000000051,803.00000000003638,SSSW,model_assisted_not_ground_truth,0,0,0,0,0,0,0,0,0,0,0
2.59,0,66.000000000024514,38.999999999983658,40,184.00000000000819,50.000000000024514,49,40.000000000008171,10.410000000000572,808.00000000004081,SSSW,model_assisted_not_ground_truth,0,0,0,0,0,0,0,0,0,0,0
2.60,0,69.000000000091035,37.000000000018211,40,184.99999999999091,53,49,41,10.479999999999636,813,SSSW,model_assisted_not_ground_truth,0,0,0,0,0,0,0,0,0,0,0
2.61,0,79.000000000079936,39.00000000000999,40.00000000000999,184,53,48.99999999999001,41,10.439999999999799,813.00000000006992,SSSW,model_assisted_not_ground_truth,0,0,0,0,0,0,0,0,0,0,0
2.62,0,87.000000000065555,39.999999999978151,41,183.99999999998909,53.000000000010928,48,41.000000000010928,10.42,819.99999999996726,SSSW,model_assisted_not_ground_truth,0,0,0,0,0,0,0,0,0,0,0
2.63,0,93.000000000153562,38,41,183,53.999999999988191,48.000000000011809,42.000000000023626,10.419999999999764,817.00000000001182,SSSW,model_assisted_not_ground_truth,0,0,0,0,0,0,0,0,0,0,0
2.64,0,105.9999999998701,38,41,183,53.00000000000999,48.99999999999001,43.99999999998002,10.40000000000051,818,SSSW,model_assisted_not_ground_truth,0,0,0,0,0,0,0,0,0,0,0
2.65,0,108.99999999997269,38.999999999990898,41,181.00000000001822,53.999999999990898,48.000000000009102,44,10.440000000001023,818.0000000001022,SSSW,model_assisted_not_ground_truth,0,0,0,0,0,0,0,0,0,0,0
2.66,0,116.99999999993463,39,41,180.00000000000819,54.999999999991829,48.999999999991829,44,10.515000000001091,825.50000000010925,SSSW,model_assisted_not_ground_truth,0,0,0,0,0,0,0,0,0,0,0
2.67,0,116.00000000000728,37.000000000014566,41,176.00000000002913,55.999999999992717,48.000000000007283,44.999999999992717,10.590000000000927,832.99999999996908,SSSW,model_assisted_not_ground_truth,0,0,0,0,0,0,0,0,0,0,0
2.68,0,118.99999999998094,37,41,168.00000000005082,57.999999999987295,48,53.999999999942844,10.649999999999181,830.99999999985255,SSSW,model_assisted_not_ground_truth,0,0,0,0,0,0,0,0,0,0,0
2.69,0,119,37.999999999994536,40.000000000005464,154.00000000007648,59.999999999989072,47.000000000005464,51.000000000016385,10.599999999996889,822.00000000029365,SSSW,model_assisted_not_ground_truth,0,0,0,0,0,0,0,0,0,0,0
2.70,0,125.9999999999683,38.999999999995467,40,147.00000000003172,58.000000000009059,47.999999999995467,53.999999999986414,10.419999999999453,838.99999999998181,SSSW,model_assisted_not_ground_truth,0,0,0,0,0,0,0,0,0,0,0
2.71,0,139.99999999994901,39.999999999996362,40,147,58.999999999996362,47.000000000003638,63.999999999963585,10.389999999998663,838.0000000000955,SSSW,model_assisted_not_ground_truth,0,0,0,0,0,0,0,0,0,0,0
2.72,0,157.99999999995123,40,40,156.99999999997291,59,47.999999999997293,70.999999999981043,10.319999999973563,842.99999999878833,SSSW,model_assisted_not_ground_truth,0,0,0,0,0,0,0,0,0,0,0
2.73,0,195.99999999993082,39.000000000001819,40.999999999998181,176.99999999996359,94.99999999993446,48,83.999999999976325,8.9999999999723901,782.49999999873455,SSSW,model_assisted_not_ground_truth,0,0,0,0,0,0,0,0,0,0,0
2.74,0,232.99999999996714,39.999999999999112,41.999999999999112,198.99999999998045,119.9999999999778,55.999999999992895,122.99999999996535,7.6799999999923525,722.00000000262196,SSSW,model_assisted_not_ground_truth,0,0,0,0,0,0,0,0,0,0,0
2.75,0,289,43,43,233,164,95,161,7.3299999999943157,842.0000000020691,SSSW,model_assisted_not_ground_truth,0,0,0,0,0,0,0,0,0,0,0
2.76,57.000000000033573,330.00000000004007,63.00000000001679,46.0000000000028,258.00000000002609,229.00000000001958,118.00000000002238,185.0000000000112,7.080000000003551,933.00000000094678,SSSW,model_assisted_not_ground_truth,0,0,0,0,0,0,0,0,0,0,0
2.77,93.000000000054627,373.00000000006554,81.000000000018204,49.000000000005464,286.00000000003644,250.00000000002004,142.00000000002004,197.00000000001458,7.2299999999995093,973.00000000184184,SSSW,model_assisted_not_ground_truth,0,0,0,0,0,0,0,0,0,0,0
2.78,123.00000000009086,409.00000000010186,90.999999999977973,51.999999999997243,306.00000000001927,260.99999999999727,153.00000000001376,204.99999999998897,7.2099999999997451,1048.0000000004334,SSSW,model_assisted_not_ground_truth,0,0,0,0,0,0,0,0,0,0,0
2.79,156.00000000001458,446.00000000005099,82.99999999995994,51.000000000003645,312.99999999997453,259.99999999998181,157.99999999997814,200.99999999997087,7.2000000000000002,1065,SSSW,model_assisted_not_ground_truth,0,0,0,0,0,0,0,0,0,0,0
2.80,159.99999999994054,460.0000000000183,71.999999999876493,52,305.9999999999817,254.99999999997254,151.99999999993597,192.99999999995427,7.199999999995903,1065.0000000000682,SSSW,model_assisted_not_ground_truth,0,0,0,0,0,0,0,0,0,0,0
2.81,146.99999999999454,464.00000000002183,44.999999999967223,52,302.00000000001091,248.99999999998909,137.999999999929,182.99999999995629,7.0499999999957703,1067.5000000000705,SSSW,model_assisted_not_ground_truth,0,0,0,0,0,0,0,0,0,0,0
2.82,146.00000000005716,468.00000000004445,38.999999999993648,52.000000000165116,304.00000000008254,247.00000000001904,125.00000000003175,175.00000000006349,6.8999999999982551,1070.0000000005236,SSSW,model_assisted_not_ground_truth,0,0,0,0,0,0,0,0,0,0,0
2.83,155.00000000014566,475.00000000003644,38.000000000007283,78.00000000019665,317.0000000000947,250.00000000006554,130.00000000007284,185.00000000009467,6.8400000000002912,1088.0000000002258,SSSW,model_assisted_not_ground_truth,0,0,0,0,0,0,0,0,0,0,0
2.84,175.00000000004903,480.00000000001637,39,105.0000000001144,330.00000000007356,259.00000000003268,140.00000000005721,198.00000000001634,6.880000000000245,1119.0000000001389,SSSW,model_assisted_not_ground_truth,0,0,0,0,0,0,0,0,0,0,0
2.85,180.99999999998178,481.99999999998181,38.999999999990898,119.00000000004552,339.00000000000909,263.00000000001819,147.00000000001822,200,6.9100000000006379,1136.0000000000819,SSSW,model_assisted_not_ground_truth,0,0,0,0,0,0,0,0,0,0,0
2.86,178.99999999997002,479.99999999997999,38,124.00000000002997,340.00000000001,265.00000000002996,148.99999999995003,199.99999999991007,6.9800000000003006,1145.00000000008,SSSW,model_assisted_not_ground_truth,0,0,0,0,0,0,0,0,0,0,0
2.87,175.99999999975967,477.99999999991257,37.999999999967223,127.00000000002186,340.99999999994537,267.99999999991257,143.99999999996723,190.99999999981429,7.0100000000042062,1153.0000000003004,SSSW,model_assisted_not_ground_truth,0,0,0,0,0,0,0,0,0,0,0
2.88,153.99999999976376,469.99999999983464,34.999999999988191,128.99999999995276,335.99999999995276,259.99999999991729,140.9999999999055,173.99999999983461,7.3950000000045479,1180.5000000003249,SSSW,model_assisted_not_ground_truth,0,0,0,0,0,0,0,0,0,0,0
2.89,134.00000000019983,456.00000000013989,34.00000000000999,125.00000000003996,332.00000000003996,253.00000000006995,133.00000000007992,160.00000000013989,7.7800000000098146,1208.0000000005734,SSSW,model_assisted_not_ground_truth,0,0,0,0,0,0,0,0,0,0,0
2.90,124.00000000009103,448.00000000007282,34,126.9999999999818,328.00000000003644,245.00000000007282,126.00000000006372,156.00000000003641,8.5500000000021821,1252.9999999999591,SSSW,model_assisted_not_ground_truth,0,0,0,0,0,0,0,0,0,0,0
2.91,116.00000000006537,427.00000000017161,34,124.00000000002451,326.00000000001637,245,125.00000000000817,156,8.7100000000002922,1249.9999999998688,SSSW,model_assisted_not_ground_truth,0,0,0,0,0,0,0,0,0,0,0
2.92,110.0000000000437,415.00000000008743,34.999999999992717,122.00000000001457,326,244.00000000000728,125,155.00000000000728,8.7300000000000004,1240.9999999998763,SSSW,model_assisted_not_ground_truth,0,0,0,0,0,0,0,0,0,0,0
2.93,101.00000000005716,401.0000000000889,35,116.0000000000381,325.00000000000637,241.00000000001904,124.00000000000635,151.00000000002541,8.7300000000006559,1232.9999999999181,SSSW,model_assisted_not_ground_truth,0,0,0,0,0,0,0,0,0,0,0
2.94,96.000000000027313,386.00000000008191,34.000000000005464,113.00000000001639,320.00000000002728,235.00000000003277,115.00000000004916,141.00000000005463,8.7700000000007776,1227.9999999999482,SSSW,model_assisted_not_ground_truth,0,0,0,0,0,0,0,0,0,0,0
2.95,80.000000000072475,367.00000000008606,34.999999999995467,107.00000000002717,312.00000000003627,220.00000000006796,99.000000000072475,124.00000000007701,8.8150000000008184,1224.9999999999454,SSSW,model_assisted_not_ground_truth,0,0,0,0,0,0,0,0,0,0,0
2.96,71.00000000003277,349.00000000006554,35,98.00000000003277,305.00000000002547,214.00000000002186,94.000000000018204,109.00000000005463,8.8599999999999994,1221.9999999996753,SSSW,model_assisted_not_ground_truth,0,0,0,0,0,0,0,0,0,0,0
2.97,60.0000000000298,326.0000000000623,34.000000000002707,85.000000000035214,292.00000000003524,194.00000000005417,89.000000000013543,87.0000000000596,8.8600000000005998,1204.9999999997797,SSSW,model_assisted_not_ground_truth,0,0,0,0,0,0,0,0,0,0,0
2.98,46.000000000025494,306.00000000003644,33.000000000001819,54.000000000056446,280.00000000002183,183.00000000002004,87.000000000003638,60.000000000049162,8.8900000000004198,1193.9999999996444,SSSW,model_assisted_not_ground_truth,0,0,0,0,0,0,0,0,0,0,0
2.99,24.00000000001954,296.00000000000887,34.999999999998224,54,273.0000000000062,179.00000000000355,84.000000000002672,51.000000000007994,8.9100000000013111,1176.9999999996503,SSSW,model_assisted_not_ground_truth,0,0,0,0,0,0,0,0,0,0,0
3.00,2,289,33,54,266,169,78,49,8.9700000000004554,1160.9999999997726,SSSW,model_assisted_not_ground_truth,0,0,0,0,0,0,0,0,0,0,0
3.01,0,285.99999999999159,34.999999999998131,53,261.99999999999812,155.99999999999534,73.999999999990678,44.999999999998131,8.990000000000947,1150.9999999996687,SSSW,model_assisted_not_ground_truth,0,0,0,0,0,0,0,0,0,0,0
3.02,0,276.99999999997999,33.000000000003645,53,259.99999999999454,150.99999999999091,63.999999999985434,42.999999999998181,9.0300000000004914,1136.9999999998649,SSSW,model_assisted_not_ground_truth,0,0,0,0,0,0,0,0,0,0,0
3.03,0,265.99999999996146,35,53,256.99999999999449,145.99999999997246,56,42.000000000002757,9.0500000000005087,1131.4999999998597,SSSW,model_assisted_not_ground_truth,0,0,0,0,0,0,0,0,0,0,0
3.04,0,251.99999999997451,34.999999999992717,53,254.99999999998909,135.99999999997087,56,42.999999999992717,9.0700000000010554,1125.9999999996571,SSSW,model_assisted_not_ground_truth,0,0,0,0,0,0,0,0,0,0,0
3.05,0,244.99999999999085,33,53,251.9999999999817,127.99999999995426,55.999999999990848,41,9.110000000001639,1112.9999999996176,SSSW,model_assisted_not_ground_truth,0,0,0,0,0,0,0,0,0,0,0
3.06,0,242.99999999996723,33,52.999999999994536,247.99999999997269,117.99999999998907,54.000000000005464,41,9.1699999999999999,1098.9999999996617,SSSW,model_assisted_not_ground_truth,0,0,0,0,0,0,0,0,0,0,0
3.07,0,236.99999999998721,33.000000000006395,52,242.99999999998721,115.99999999997442,55,41,9.1700000000014565,1086.999999999563,SSSW,model_assisted_not_ground_truth,0,0,0,0,0,0,0,0,0,0,0
3.08,0,234.99999999994174,34,52,240.99999999997087,111.99999999994901,55,41,9.2200000000016029,1072.0000000001385,SSSW,model_assisted_not_ground_truth,0,0,0,0,0,0,0,0,0,0,0
3.09,0,226.99999999995097,34.000000000016342,51.999999999991829,236.99999999998366,104.99999999995097,55.000000000032685,41,9.440000000001799,1091.0000000001553,SSSW,model_assisted_not_ground_truth,0,0,0,0,0,0,0,0,0,0,0
3.10,0,220.99999999994537,35.999999999981789,51,234.99999999994537,98.999999999899856,59.000000000072831,40.999999999972687,9.660000000000819,1109.9999999999181,SSSW,model_assisted_not_ground_truth,0,0,0,0,0,0,0,0,0,0,0
3.11,0,214.99999999991007,34.00000000000999,50.999999999980012,228.99999999993005,87.999999999920064,67.000000000059956,38.000000000019988,9.7500000000007994,1100.99999999997,SSSW,model_assisted_not_ground_truth,0,0,0,0,0,0,0,0,0,0,0
3.12,0,205.99999999979244,35,49,221.99999999995629,79.999999999945373,73.000000000010928,39.999999999978151,9.8300000000018581,1098.0000000000437,SSSW,model_assisted_not_ground_truth,0,0,0,0,0,0,0,0,0,0,0
3.13,0,186.99999999982282,35.000000000023626,49.000000000023626,217.99999999998818,75.000000000094502,74.000000000023618,38.000000000011809,10.000000000002009,1101.9999999999882,SSSW,model_assisted_not_ground_truth,0,0,0,0,0,0,0,0,0,0,0
3.14,0,172.00000000014987,36.99999999998002,50.99999999998002,217.00000000001,82.999999999920064,75.99999999998002,38.99999999999001,10.170000000001911,1101.0000000000509,SSSW,model_assisted_not_ground_truth,0,0,0,0,0,0,0,0,0,0,0
3.15,0,145.00000000024579,36.000000000009102,51,216.00000000000909,81.000000000018204,77.999999999981796,38.000000000009102,10.320000000001636,1105,SSSW,model_assisted_not_ground_truth,0,0,0,0,0,0,0,0,0,0,0
3.16,0,128.00000000013893,36.999999999991829,50.000000000008171,216,82.999999999983658,79.999999999983658,38,10.440000000001238,1104.9999999999927,SSSW,model_assisted_not_ground_truth,0,0,0,0,0,0,0,0,0,0,0
3.17,0,99.000000000211202,37.999999999992717,51.999999999985434,216.99999999999272,82.000000000007276,82.999999999978144,38.999999999992717,10.525000000001313,1104.4999999999923,SSSW,model_assisted_not_ground_truth,0,0,0,0,0,0,0,0,0,0,0
3.18,0,51.000000000304823,40.99999999998095,52.999999999993648,217,80.000000000012705,86.999999999974591,39.999999999993648,10.610000000001966,1104.0000000000655,SSSW,model_assisted_not_ground_truth,0,0,0,0,0,0,0,0,0,0,0
3.19,0,45.00000000003277,43.999999999983615,53,218.99999999998909,83.999999999978144,98.99999999993446,46.999999999961766,10.730000000002073,1107.9999999998963,SSSW,model_assisted_not_ground_truth,0,0,0,0,0,0,0,0,0,0,0
3.20,10.999999999950173,43.000000000009059,52.999999999959229,53,217.00000000000907,90.999999999968296,113.99999999993206,67.999999999904873,10.85000000000619,1101.9999999989805,SSSW,model_assisted_not_ground_truth,0,0,0,0,0,0,0,0,0,0,0
3.21,38.999999999898037,42.000000000003638,73.999999999923531,53,217.99999999999636,99.99999999996723,132.99999999993082,96.999999999894399,11.190000000001145,1046.0000000003247,SSSW,model_assisted_not_ground_truth,0,0,0,0,0,0,0,0,0,0,0
3.22,50.999999999967493,42.999999999997293,86.999999999964786,53,219.99999999999457,108.99999999997561,155.9999999999377,113.99999999995394,11.2500000000006,1062.9999999997797,SSSW,model_assisted_not_ground_truth,0,0,0,0,0,0,0,0,0,0,0
3.23,67.999999999969049,43,124.99999999993081,92.999999999927169,221.99999999999636,135.99999999995083,173.99999999996723,117.99999999999272,11.280000000000628,1051.9999999997699,SSSW,model_assisted_not_ground_truth,0,0,0,0,0,0,0,0,0,0,0
3.24,78.999999999990223,43.999999999999112,144.99999999998224,101.99999999999201,224.99999999999733,148.99999999998846,201.99999999997513,124.99999999999378,11.310000000002622,1041.0000000003934,SSSW,model_assisted_not_ground_truth,0,0,0,0,0,0,0,0,0,0,0
3.25,88,48,158,116,230,162,216,140,11.430000000002501,1059.000000000432,SSSW,model_assisted_not_ground_truth,0,0,0,0,0,0,0,0,0,0,0
3.26,97.000000000015859,68.000000000014921,170.0000000000168,122.0000000000084,238.00000000000747,178.0000000000112,226.0000000000112,159.00000000000747,11.540000000002129,1078.0000000004497,SSSW,model_assisted_not_ground_truth,0,0,0,0,0,0,0,0,0,0,0
3.27,114.00000000003277,84.000000000052808,188.00000000000182,131.00000000000909,246.00000000001458,190.00000000003823,238.00000000002368,167.00000000004371,11.630000000002948,1097.000000000663,SSSW,model_assisted_not_ground_truth,0,0,0,0,0,0,0,0,0,0,0
3.28,132.00000000002754,113.00000000003855,189.0000000000303,136.00000000001376,254.00000000001927,211.00000000002478,251.00000000001376,191.00000000002478,11.750000000003824,1124.0000000004843,SSSW,model_assisted_not_ground_truth,0,0,0,0,0,0,0,0,0,0,0
3.29,142.00000000004005,127.00000000005826,200.00000000005099,141.00000000002549,261.00000000001455,220.00000000002913,256.00000000002183,200,11.900000000003166,1143.0000000003165,SSSW,model_assisted_not_ground_truth,0,0,0,0,0,0,0,0,0,0,0
3.30,153.00000000005031,143.00000000005488,214.00000000006861,148.00000000002288,265.00000000000915,228.00000000007319,262.00000000002285,200.00000000007776,12.020000000003279,1155.0000000003276,SSSW,model_assisted_not_ground_truth,0,0,0,0,0,0,0,0,0,0,0
3.31,164.00000000002186,155.00000000004371,229.00000000004371,153.0000000000164,267.00000000001091,244.00000000003823,267.00000000001637,216.9999999999836,12.140000000004513,1167.0000000008743,SSSW,model_assisted_not_ground_truth,0,0,0,0,0,0,0,0,0,0,0
3.32,168.00000000003197,163.00000000003197,237.00000000002558,156,269,251.00000000001918,270.00000000002558,213.99999999996803,12.30000000001311,1197.9999999989514,SSSW,model_assisted_not_ground_truth,0,0,0,0,0,0,0,0,0,0,0
3.33,173,168.00000000004371,241.00000000000728,155.99999999997087,269.00000000000728,254.00000000002186,274.00000000002916,209.00000000007284,12.750000000002622,1161.9999999999418,SSSW,model_assisted_not_ground_truth,0,0,0,0,0,0,0,0,0,0,0
3.34,172.99999999999181,174.00000000003268,242.00000000004087,151.99999999995913,270.00000000000819,257.00000000000819,278.00000000000819,218.99999999998366,13.110000000008089,1153.9999999993872,SSSW,model_assisted_not_ground_truth,0,0,0,0,0,0,0,0,0,0,0
3.35,172.00000000000909,178.00000000001822,247,146.99999999996359,270.99999999998181,258.00000000002728,278.99999999999091,216.99999999989987,14.100000000004917,1079.0000000000091,SSSW,model_assisted_not_ground_truth,0,0,0,0,0,0,0,0,0,0,0
3.36,173,179.99999999998002,246.99999999999,143,268.99999999999,261.00000000001,278.00000000002001,206.00000000001,14.640000000001949,1079.99999999996,SSSW,model_assisted_not_ground_truth,0,0,0,0,0,0,0,0,0,0,0
3.37,172.99999999998909,177.99999999995629,245.99999999997814,142.99999999996723,268,261.99999999997817,280.00000000001091,206.99999999998909,14.835000000002131,1075.9999999999563,SSSW,model_assisted_not_ground_truth,0,0,0,0,0,0,0,0,0,0,0
3.38,171.99999999994094,173.99999999994094,243.99999999992912,139.99999999995276,267.99999999996459,259.99999999997635,280.99999999997635,205.99999999991732,15.030000000000591,1072.0000000001298,SSSW,model_assisted_not_ground_truth,0,0,0,0,0,0,0,0,0,0,0
3.39,167.00000000004997,169.00000000004997,238.00000000005994,136.00000000003996,265.00000000002996,258.00000000002001,279.00000000002001,199.00000000006995,15.079999999999234,1082.999999999847,SSSW,model_assisted_not_ground_truth,0,0,0,0,0,0,0,0,0,0,0
3.40,154.00000000011835,158.00000000010013,224.00000000012744,130.00000000005463,260.00000000004553,260.99999999997272,273.00000000005463,193.00000000005463,15.019999999998909,1070.9999999997274,SSSW,model_assisted_not_ground_truth,0,0,0,0,0,0,0,0,0,0,0
3.41,133.00000000017161,143.00000000012255,216.00000000006537,127.00000000002451,258.00000000001637,256.00000000004087,255.00000000014708,184.00000000007356,14.939999999998106,1050.9999999994757,SSSW,model_assisted_not_ground_truth,0,0,0,0,0,0,0,0,0,0,0
3.42,110.00000000016752,130.00000000009467,203.00000000009467,109.0000000001311,254.00000000002913,231.00000000018207,233.00000000016024,169.00000000010925,14.809999999997219,1014.9999999987173,SSSW,model_assisted_not_ground_truth,0,0,0,0,0,0,0,0,0,0,0
3.43,96.000000000088903,112.00000000011431,182.00000000013335,53.000000000355627,245.00000000005716,216.00000000009527,201.00000000020322,151.00000000011431,14.630000000000575,931.99999999937734,SSSW,model_assisted_not_ground_truth,0,0,0,0,0,0,0,0,0,0,0
3.44,72.000000000131095,76.00000000019665,148.00000000018571,51.000000000010928,231.00000000007648,187.00000000015842,162.00000000021302,141.00000000005463,14.665000000000605,893.99999999934357,SSSW,model_assisted_not_ground_truth,0,0,0,0,0,0,0,0,0,0,0
3.45,41.000000000140417,42.00000000015401,80.00000000030802,49.000000000009059,212.00000000008606,163.00000000010871,133.00000000013137,113.00000000012683,14.700000000003095,855.9999999988529,SSSW,model_assisted_not_ground_truth,0,0,0,0,0,0,0,0,0,0,0
3.46,1.4930634506526985e-10,41.000000000003638,48.000000000116529,47.000000000007283,197.00000000005463,118.00000000016388,75.000000000211202,84.000000000105601,14.870000000002483,792.99999999900706,SSSW,model_assisted_not_ground_truth,0,0,0,0,0,0,0,0,0,0,0
3.47,0,40.000000000002707,40.000000000021672,46.000000000002707,186.00000000002979,87.000000000083986,61.000000000037929,52.000000000086686,14.999999999993991,740.99999999869817,SSSW,model_assisted_not_ground_truth,0,0,0,0,0,0,0,0,0,0,0
3.48,0,37.000000000005464,39.000000000001819,45.000000000001819,180.00000000001091,65.00000000004006,56.000000000009102,41.00000000002003,14.699999999994143,675.99999999910062,SSSW,model_assisted_not_ground_truth,0,0,0,0,0,0,0,0,0,0,0
3.49,0,37,37.000000000001776,45,174.00000000000534,62.000000000002665,49.000000000006217,36.000000000004441,14.419999999928116,633.00000000402031,SSSW,model_assisted_not_ground_truth,0,0,0,0,0,0,0,0,0,0,0
3.50,0,37,37,44,171,61,48,36,11.129999999996022,817.00000000017053,SSSW,model_assisted_not_ground_truth,0,0,0,0,0,0,0,0,0,0,0
3.51,0,37,36.999999999998131,40.000000000000931,154.9999999999944,50.999999999999069,47.99999999999627,35,10.954999999995858,824.50000000017758,SSSW,model_assisted_not_ground_truth,0,0,0,0,0,0,0,0,0,0,0
3.52,0,37,34.999999999998181,40.999999999996355,148.99999999997087,49.999999999998181,43.999999999998181,34.999999999996355,10.779999999917974,831.99999999673378,SSSW,model_assisted_not_ground_truth,0,0,0,0,0,0,0,0,0,0,0
3.53,0,37.000000000002757,34.000000000005507,38.999999999997243,132.99999999998624,48.999999999997243,43,33,7.4400000000012749,699.00000000010198,SSSW,model_assisted_not_ground_truth,0,0,0,0,0,0,0,0,0,0,0
3.54,0,37.999999999996355,35.999999999992717,38,127.9999999999563,47.999999999996355,43,32.999999999996355,7.4899999999994726,702.99999999997362,SSSW,model_assisted_not_ground_truth,0,0,0,0,0,0,0,0,0,0,0
3.55,0,37,34,37.999999999995424,115.99999999999542,47,43,32,7.4699999999989073,701.99999999978149,SSSW,model_assisted_not_ground_truth,0,0,0,0,0,0,0,0,0,0,0
3.56,0,36.999999999989072,34.000000000005464,36.999999999994536,115,47,43,32.000000000016385,7.4300000000025381,694.00000000047942,SSSW,model_assisted_not_ground_truth,0,0,0,0,0,0,0,0,0,0,0
3.57,0,35,35.000000000006395,35.999999999993605,115.00000000006395,47,43,35.000000000006395,7.5199999999999996,710.9999999999709,SSSW,model_assisted_not_ground_truth,0,0,0,0,0,0,0,0,0,0,0
3.58,0,34.999999999992717,35.999999999992717,35,125.00000000005099,47,43,36.000000000007283,7.5200000000000724,709.99999999999636,SSSW,model_assisted_not_ground_truth,0,0,0,0,0,0,0,0,0,0,0
3.59,0,34.000000000008171,34.999999999983658,35.000000000008171,132.00000000004087,47,42.999999999983658,37,7.5300000000000811,709.49999999999591,SSSW,model_assisted_not_ground_truth,0,0,0,0,0,0,0,0,0,0,0
3.60,0,34.999999999990898,33,36.000000000009102,136.99999999999091,46.999999999990898,41.000000000018211,37,7.54,708.99999999997272,SSSW,model_assisted_not_ground_truth,0,0,0,0,0,0,0,0,0,0,0
3.61,0,33.999999999980012,33.00000000000999,37,136.00000000002998,46,43,36.99999999999001,7.5399999999994005,705.99999999990007,SSSW,model_assisted_not_ground_truth,0,0,0,0,0,0,0,0,0,0,0
3.62,0,32,33.999999999989072,37,138.99999999986889,46,42.999999999989072,35.999999999978151,7.4800000000010929,696.00000000008743,SSSW,model_assisted_not_ground_truth,0,0,0,0,0,0,0,0,0,0,0
3.63,0,32,32.999999999988191,37,126.99999999994094,46,42.000000000011809,34,7.5800000000000001,703.99999999996453,SSSW,model_assisted_not_ground_truth,0,0,0,0,0,0,0,0,0,0,0
3.64,0,32,32.00000000000999,37,122.00000000004997,46,42.99999999999001,34,7.5799999999998722,700.99999999993622,SSSW,model_assisted_not_ground_truth,0,0,0,0,0,0,0,0,0,0,0
3.65,0,31.000000000009102,32,37,118.00000000003641,46,43,34.999999999990898,7.570000000000273,695.9999999998978,SSSW,model_assisted_not_ground_truth,0,0,0,0,0,0,0,0,0,0,0
3.66,0,30.500000000004086,30.500000000012257,37,120.49999999997956,46,43,35,7.5900000000002912,688.49999999989075,SSSW,model_assisted_not_ground_truth,0,0,0,0,0,0,0,0,0,0,0
3.67,0,30.000000000003642,29.000000000010925,37,122.9999999999818,46,43,35,7.6100000000013912,680.99999999979912,SSSW,model_assisted_not_ground_truth,0,0,0,0,0,0,0,0,0,0,0
3.68,0,30,29,37.999999999993648,123.99999999999365,46,43,35,7.7000000000006557,668,SSSW,model_assisted_not_ground_truth,0,0,0,0,0,0,0,0,0,0,0
3.69,0,30,26.000000000016385,38,124.99999999999454,45.000000000005464,42.000000000005464,35,7.7400000000006912,667.9999999999136,SSSW,model_assisted_not_ground_truth,0,0,0,0,0,0,0,0,0,0,0
3.70,0,30.99999999999547,26,38,130.99999999997283,45,42,35,7.779999999999454,662.99999999989075,SSSW,model_assisted_not_ground_truth,0,0,0,0,0,0,0,0,0,0,0
3.71,0,32.999999999992717,26,38,131.99999999999636,45,42.999999999996362,35,7.7500000000003819,657.0000000000573,SSSW,model_assisted_not_ground_truth,0,0,0,0,0,0,0,0,0,0,0
3.72,0,33,26,38,139.99999999997834,45,43,35.999999999997293,7.769999999997796,660.00000000021032,SSSW,model_assisted_not_ground_truth,0,0,0,0,0,0,0,0,0,0,0
3.73,0,33.999999999998181,26,38,140.99999999999818,45,43,35.000000000001819,7.6599999999976989,670.50000000021964,SSSW,model_assisted_not_ground_truth,0,0,0,0,0,0,0,0,0,0,0
3.74,0,33.000000000000888,24.000000000001776,37.000000000000888,137.00000000000355,45,43,35,7.5500000000004368,680.9999999999344,SSSW,model_assisted_not_ground_truth,0,0,0,0,0,0,0,0,0,0,0
3.75,0,33,25,36,141,45,43,36,7.5699999999993182,677.99999999979536,SSSW,model_assisted_not_ground_truth,0,0,0,0,0,0,0,0,0,0,0
3.76,0,32,25,37,143.00000000000094,45,43,35.999999999999069,7.5400000000021308,668.99999999950296,SSSW,model_assisted_not_ground_truth,0,0,0,0,0,0,0,0,0,0,0
3.77,0,31.999999999998177,25,36.999999999996355,144.00000000002368,45.000000000001819,43,34.999999999998181,7.6300000000051575,648,SSSW,model_assisted_not_ground_truth,0,0,0,0,0,0,0,0,0,0,0
3.78,0,31,24.999999999997247,34.999999999997243,156.99999999993116,46,43,34,7.8399999999999999,648.00000000002547,SSSW,model_assisted_not_ground_truth,0,0,0,0,0,0,0,0,0,0,0
3.79,0,31,23.999999999989075,33.999999999996355,131.99999999998542,45.999999999996355,43,34.000000000003645,7.8400000000002636,649.0000000001055,SSSW,model_assisted_not_ground_truth,0,0,0,0,0,0,0,0,0,0,0
3.80,0,31,20.999999999995424,32.999999999995424,127.99999999994968,45,43,35,7.8499999999995902,653.00000000006833,SSSW,model_assisted_not_ground_truth,0,0,0,0,0,0,0,0,0,0,0
3.81,0,31,20,31.999999999989075,116.99999999996176,45,42.999999999994536,35.000000000005464,7.8349999999995772,655.50000000007049,SSSW,model_assisted_not_ground_truth,0,0,0,0,0,0,0,0,0,0,0
3.82,0,31,20,29.99999999998721,109.99999999992966,45,41.99999999998721,35.999999999993605,7.8199999999962131,657.99999999965041,SSSW,model_assisted_not_ground_truth,0,0,0,0,0,0,0,0,0,0,0
3.83,0,30.999999999992717,20.000000000036415,27.999999999978151,98.999999999956302,45,40.000000000007283,35.000000000007283,7.6900000000002917,646.00000000000728,SSSW,model_assisted_not_ground_truth,0,0,0,0,0,0,0,0,0,0,0
3.84,0,30.000000000008171,25,24.999999999975486,92.999999999942801,45,41,36,7.729999999999837,647.00000000009811,SSSW,model_assisted_not_ground_truth,0,0,0,0,0,0,0,0,0,0,0
3.85,0,31,25.000000000036415,22.000000000018208,85.999999999563016,45,40.999999999990898,36.000000000009102,7.7099999999999085,659.00000000003638,SSSW,model_assisted_not_ground_truth,0,0,0,0,0,0,0,0,0,0,0
3.86,0,31,29,23.999999999990006,37.999999999980012,45,40,36.99999999999001,7.6999999999998003,663.00000000009993,SSSW,model_assisted_not_ground_truth,0,0,0,0,0,0,0,0,0,0,0
3.87,0,31,29,23.000000000010925,35.999999999978151,45,40.000000000010928,36,7.6800000000002182,673.00000000002728,SSSW,model_assisted_not_ground_truth,0,0,0,0,0,0,0,0,0,0,0
3.88,0,31.000000000070877,29.000000000023626,24.000000000011813,34.000000000011809,45.000000000011809,41,36,7.7000000000002355,675.50000000002956,SSSW,model_assisted_not_ground_truth,0,0,0,0,0,0,0,0,0,0,0
3.89,0,36.999999999940044,30.999999999980016,24.99999999999001,34.99999999999001,45.99999999999001,41,36,7.7200000000002547,678.00000000001273,SSSW,model_assisted_not_ground_truth,0,0,0,0,0,0,0,0,0,0,0
3.90,0,37.999999999990898,31,24.000000000009102,35.999999999990898,46,41.999999999990898,36.999999999990898,7.7400000000000002,679.00000000010903,SSSW,model_assisted_not_ground_truth,0,0,0,0,0,0,0,0,0,0,0
3.91,0,51.999999999885603,31.999999999991829,25.999999999983658,40.999999999959144,46,42.999999999991829,38.999999999983658,7.7400000000001459,687.00000000017485,SSSW,model_assisted_not_ground_truth,0,0,0,0,0,0,0,0,0,0,0
3.92,0,61.499999999930807,32,26.999999999992717,60.999999999854339,48.499999999981796,44.999999999985434,38.500000000003638,7.7500000000001545,699.00000000003092,SSSW,model_assisted_not_ground_truth,0,0,0,0,0,0,0,0,0,0,0
3.93,0,70.999999999939675,32,27.999999999993648,80.999999999872983,50.999999999984126,46.999999999987295,38.000000000003176,7.7599999999998355,700.99999999998363,SSSW,model_assisted_not_ground_truth,0,0,0,0,0,0,0,0,0,0,0
3.94,0,88.999999999901675,32,28.999999999994536,95.99999999991806,56.99999999996723,47,40.999999999983615,7.7500000000012097,699.99999999975819,SSSW,model_assisted_not_ground_truth,0,0,0,0,0,0,0,0,0,0,0
3.95,0,95.999999999968296,32,30.999999999990941,101.99999999997283,57,47,45.999999999977348,7.8200000000012739,685.99999999974511,SSSW,model_assisted_not_ground_truth,0,0,0,0,0,0,0,0,0,0,0
3.96,0,117.99999999991988,32,32.999999999992717,124.99999999991624,57.999999999996362,47,62.999999999938098,7.8899999999998087,672.0000000001146,SSSW,model_assisted_not_ground_truth,0,0,0,0,0,0,0,0,0,0,0
3.97,0,154.99999999989979,32.999999999997293,35.999999999991871,155.99999999991601,58.999999999997293,50.999999999989164,80.999999999951243,7.8800000000090131,678.00000000050068,SSSW,model_assisted_not_ground_truth,0,0,0,0,0,0,0,0,0,0,0
3.98,0,201.99999999991442,33,39.999999999992717,194.999999999929,96.999999999930807,55.999999999990898,88.999999999985434,8.3299999999887042,703.00000000280284,SSSW,model_assisted_not_ground_truth,0,0,0,0,0,0,0,0,0,0,0
3.99,0,266.99999999994225,32.000000000000888,42.999999999997335,229.99999999996891,154.9999999999485,83.999999999975131,119.99999999997246,7.7899999999892939,837.0000000035833,SSSW,model_assisted_not_ground_truth,0,0,0,0,0,0,0,0,0,0,0
4.00,44,303,38,48,263,211,122,160,7.2999999999963618,1001.0000000019099,SSSW,model_assisted_not_ground_truth,0,0,0,0,0,0,0,0,0,0,0
4.01,80.00000000003908,360.00000000003018,39.000000000000888,93.000000000031974,316.00000000003018,246.00000000000978,137.00000000002487,191.00000000001245,7.1399999999969284,1085.0000000006851,SSSW,model_assisted_not_ground_truth,0,0,0,0,0,0,0,0,0,0,0
4.02,124.00000000011005,394.00000000005593,40,129.00000000000372,350.00000000000375,257.00000000001307,165.00000000002612,204.99999999997948,7.0099999999997538,1114.0000000003076,SSSW,model_assisted_not_ground_truth,0,0,0,0,0,0,0,0,0,0,0
4.03,182.9999999999697,424.00000000008538,39.99999999998623,130.99999999999173,351.99999999995322,263.99999999998346,178.99999999992565,193.99999999993668,6.9999999999997451,1126.5000000003186,SSSW,model_assisted_not_ground_truth,0,0,0,0,0,0,0,0,0,0,0
4.04,171.9999999999126,455.00000000005099,34.999999999996355,127.99999999995266,334.99999999990894,257.99999999998545,151.99999999982521,170.99999999991988,6.9899999999947244,1138.9999999993934,SSSW,model_assisted_not_ground_truth,0,0,0,0,0,0,0,0,0,0,0
4.05,147.99999999997283,469.00000000003627,34,114.99999999991394,309.99999999996373,253.99999999997735,103.99999999994564,148.99999999993659,6.7900000000024541,1115.9999999999727,SSSW,model_assisted_not_ground_truth,0,0,0,0,0,0,0,0,0,0,0
4.06,142.00000000014867,477.00000000007708,34,96.000000000115648,302.00000000015967,249.00000000001103,92.000000000192742,135.0000000001597,6.8800000000033892,1115.0000000008474,SSSW,model_assisted_not_ground_truth,0,0,0,0,0,0,0,0,0,0,0
4.07,169.00000000008953,491.00000000002558,34,117.00000000014069,331.00000000012153,251.00000000005116,127.00000000018545,164.00000000010871,7.0000000000413678,1145.0000000026509,SSSW,model_assisted_not_ground_truth,0,0,0,0,0,0,0,0,0,0,0
4.08,182.99999999998542,494.99999999994901,34.000000000007283,138.99999999999272,350.00000000005099,259.00000000002183,155.99999999991988,181.00000000003641,8.4200000000010196,1236.0000000000582,SSSW,model_assisted_not_ground_truth,0,0,0,0,0,0,0,0,0,0,0
4.09,181.00000000002453,487.99999999992644,35,138.00000000004903,357.00000000005718,261.99999999999181,145.00000000003268,185.99999999996732,8.5600000000006542,1244.0000000000041,SSSW,model_assisted_not_ground_truth,0,0,0,0,0,0,0,0,0,0,0
4.10,183.99999999986412,478.9999999999547,35,143.99999999996376,363.99999999992752,260.99999999990035,149.00000000000907,181.99999999986412,8.6400000000007253,1244.5000000000045,SSSW,model_assisted_not_ground_truth,0,0,0,0,0,0,0,0,0,0,0
4.11,168.99999999976916,473.99999999994981,34.99999999998996,139.99999999988961,355.99999999982936,249.99999999979926,149.99999999982938,166.99999999968887,8.7200000000021092,1244.9999999998695,SSSW,model_assisted_not_ground_truth,0,0,0,0,0,0,0,0,0,0,0
4.12,145.9999999995521,468.99999999987983,34,128.99999999984706,338.99999999981429,229.99999999985798,132.99999999974872,135.99999999978149,8.9300000000013107,1231.9999999996833,SLT,model_assisted_not_ground_truth,0,0,0,0,0,0,0,0,0,0,0
4.13,104.99999999966924,457.99999999978735,34,114.99999999978738,321.999999999811,216.99999999969288,109.99999999984644,115.99999999964562,9.0500000000055536,1203.0000000002835,SLT,model_assisted_not_ground_truth,0,0,0,0,0,0,0,0,0,0,0
4.14,77.00000000028102,440.00000000018065,34,97.000000000180648,306.00000000016058,191.00000000026094,97.00000000013047,86.0000000003011,9.5200000000017777,1226.9999999996826,SLT,model_assisted_not_ground_truth,0,0,0,0,0,0,0,0,0,0,0
4.15,64.00000000011778,432.00000000007248,34.999999999990941,54.000000000389555,298.00000000007248,178.00000000011778,92.000000000045304,57.000000000262723,9.6600000000021886,1201.9999999995759,SLT,model_assisted_not_ground_truth,0,0,0,0,0,0,0,0,0,0,0
4.16,52.000000000098055,412.00000000016342,34.000000000008171,54,289.00000000007356,172.00000000004903,91.000000000008171,54.000000000024514,9.8200000000024765,1170.9999999995775,SLT,model_assisted_not_ground_truth,0,0,0,0,0,0,0,0,0,0,0
4.17,40.000000000087397,387.00000000018207,32.000000000014566,54,287.00000000001455,168.00000000002913,91,45.000000000065548,9.9900000000009275,1141.9999999998377,SLT,model_assisted_not_ground_truth,0,0,0,0,0,0,0,0,0,0,0
4.18,1.0000000002494005,360.00000000017269,34.999999999980815,53.000000000006395,285.00000000001279,151.00000000010871,90.000000000006395,42.000000000019185,10.050000000000981,1131.4999999998283,SLT,model_assisted_not_ground_truth,0,0,0,0,0,0,0,0,0,0,0
4.19,5.4178883601707639e-12,323.00000000020049,35,53,277.00000000004331,143.00000000004334,88.000000000010829,40.000000000010836,10.110000000001731,1120.9999999994457,SLT,model_assisted_not_ground_truth,0,0,0,0,0,0,0,0,0,0,0
4.20,0,298.00000000011323,35,53,266.00000000004985,125.00000000008154,84.000000000018119,39.000000000004533,10.210000000002914,1088.9999999995994,SLT,model_assisted_not_ground_truth,0,0,0,0,0,0,0,0,0,0,0
4.21,0,283.00000000005463,34.000000000003638,52.000000000003638,258.0000000000291,103.00000000008012,75.00000000003277,39,10.370000000001719,1066.9999999995989,SLT,model_assisted_not_ground_truth,0,0,0,0,0,0,0,0,0,0,0
4.22,0,264.0000000000523,34,51.000000000002757,243.0000000000413,82.000000000057824,55.000000000055067,39.999999999997243,10.460000000005996,1045.999999998741,SLT,model_assisted_not_ground_truth,0,0,0,0,0,0,0,0,0,0,0
4.23,0,237.00000000004798,34.999999999998224,50.000000000001776,233.00000000001776,65.000000000030198,54.000000000001776,40,10.760000000000629,982.99999999983231,SLT,model_assisted_not_ground_truth,0,0,0,0,0,0,0,0,0,0,0
4.24,0,221.00000000001421,35,50,228.00000000000443,64.000000000000881,54,40,10.790000000000656,974.99999999982515,SLT,model_assisted_not_ground_truth,0,0,0,0,0,0,0,0,0,0,0
4.25,0,205,34,49,221,63,54,39,10.82,966.99999999979536,SLT,model_assisted_not_ground_truth,0,0,0,0,0,0,0,0,0,0,0
4.26,0,186.99999999997158,35.999999999998224,47.999999999999112,210.99999999998312,60.999999999997335,52.000000000001776,39,10.820000000000709,957.99999999995271,SLT,model_assisted_not_ground_truth,0,0,0,0,0,0,0,0,0,0,0
4.27,0,154.99999999994031,34.00000000000373,47,191.99999999998508,57.999999999998131,53.999999999998131,38.999999999998131,10.849999999999753,955.99999999995077,SLT,model_assisted_not_ground_truth,0,0,0,0,0,0,0,0,0,0,0
4.28,0,122.99999999978523,35.999999999997243,47,183.99999999997246,56.999999999988987,53,38,10.840000000001529,953.99999999982151,SLT,model_assisted_not_ground_truth,0,0,0,0,0,0,0,0,0,0,0
4.29,0,44.999999999989072,35.000000000003645,46.999999999996355,173.99999999997451,52.999999999985434,52.999999999996355,38,10.900000000000793,946.99999999994725,SLT,model_assisted_not_ground_truth,0,0,0,0,0,0,0,0,0,0,0
4.30,0,41.999999999981881,35.999999999990941,46,167,49,52,38,10.930000000002455,944.99999999967281,SLT,model_assisted_not_ground_truth,0,0,0,0,0,0,0,0,0,0,0
4.31,0,37.999999999994493,34.000000000011013,46,166.99999999998349,48.999999999994493,52,38,11.020000000000847,932.99999999995759,SLT,model_assisted_not_ground_truth,0,0,0,0,0,0,0,0,0,0,0
4.32,0,36.999999999993605,36.000000000006395,46,163.99999999998721,48,52.000000000006395,38,11.050000000000534,931.4999999999734,SLT,model_assisted_not_ground_truth,0,0,0,0,0,0,0,0,0,0,0
4.33,0,36,37,45.999999999992717,161.99999999999272,48.000000000007283,53,38,11.080000000000437,930,SLT,model_assisted_not_ground_truth,0,0,0,0,0,0,0,0,0,0,0
4.34,0,36,36.999999999983658,45.000000000016342,161.00000000000819,49.000000000032685,53,38,11.139999999999592,929.99999999995919,SLT,model_assisted_not_ground_truth,0,0,0,0,0,0,0,0,0,0,0
4.35,0,36,35.000000000018296,47.000000000009152,161.99999999999085,53.000000000027448,53,38.000000000018296,11.090000000000183,925.00000000003661,SLT,model_assisted_not_ground_truth,0,0,0,0,0,0,0,0,0,0,0
4.36,0,36,37.00000000001004,48.00000000001004,161.0000000000301,56.000000000030113,53.000000000180655,40.000000000060218,11.110000000001305,929.00000000008026,SLT,model_assisted_not_ground_truth,0,0,0,0,0,0,0,0,0,0,0
4.37,0,36,38.000000000021849,49.000000000010928,164.00000000003277,59.000000000010928,71.000000000120167,46.000000000284039,11.240000000000274,937.00000000008743,SLT,model_assisted_not_ground_truth,0,0,0,0,0,0,0,0,0,0,0
4.38,0,36,40.000000000047251,50,167.00000000004724,60.000000000023626,82.000000000200814,72.000000000165372,11.265000000000295,945.00000000009447,SLT,model_assisted_not_ground_truth,0,0,0,0,0,0,0,0,0,0,0
4.39,0,36,43.999999999959854,50,170.99999999995987,61.999999999979927,98.999999999829384,85.999999999859483,11.290000000001143,953.00000000026671,SLT,model_assisted_not_ground_truth,0,0,0,0,0,0,0,0,0,0,0
4.40,0,36,54.999999999900346,51.999999999981881,171,75.999999999873168,126.99999999974634,92.999999999936591,11.380000000003147,974.00000000034197,SLT,model_assisted_not_ground_truth,0,0,0,0,0,0,0,0,0,0,0
4.41,34.999999999714007,36.999999999991829,67.999999999893774,52.999999999991829,179.99999999992644,97.999999999820233,149.99999999981208,114.99999999982023,11.610000000001019,999.00000000045156,SLT,model_assisted_not_ground_truth,0,0,0,0,0,0,0,0,0,0,0
4.42,49.999999999890754,39.999999999978151,88.999999999847063,53,187.99999999994174,122.99999999981793,167.99999999986892,118.99999999997087,11.680000000002472,1030.0000000003245,SLT,model_assisted_not_ground_truth,0,0,0,0,0,0,0,0,0,0,0
4.43,76.999999999827338,41.99999999998721,124.99999999976978,92.999999999744205,203.99999999989768,143.99999999986571,197.99999999980815,135.99999999989129,11.840000000004085,1051.000000000327,SLT,model_assisted_not_ground_truth,0,0,0,0,0,0,0,0,0,0,0
4.44,90.999999999924142,42,151.99999999985371,107.99999999991873,212.99999999995123,153.99999999994583,215.99999999990249,149.99999999992414,12.090000000001213,1071.0000000001471,SLT,model_assisted_not_ground_truth,0,0,0,0,0,0,0,0,0,0,0
4.45,102.99999999994564,50.999999999959229,171.99999999990939,121.99999999993659,223.99999999995018,169.99999999992752,234.99999999991394,164.99999999993204,12.160000000001276,1079.5000000001548,SLT,model_assisted_not_ground_truth,0,0,0,0,0,0,0,0,0,0,0
4.46,125.99999999991624,89.999999999857977,187.99999999994174,130.99999999996723,231.99999999997087,212.9999999998434,247.99999999995265,197.99999999987983,12.230000000007831,1087.9999999999045,SLT,model_assisted_not_ground_truth,0,0,0,0,0,0,0,0,0,0,0
4.47,133.99999999997797,108.99999999994769,196.99999999997522,136.99999999998349,234.99999999999173,224.99999999996697,251.99999999998897,195.00000000000827,12.640000000016787,1082.9999999990807,SLT,model_assisted_not_ground_truth,0,0,0,0,0,0,0,0,0,0,0
4.48,143.99999999998224,117.99999999998401,206.99999999998224,133.00000000000711,236.99999999999645,229.99999999999113,252.99999999999824,206.99999999997868,13.48000000001111,1036.9999999998113,SLT,model_assisted_not_ground_truth,0,0,0,0,0,0,0,0,0,0,0
4.49,149.99999999999466,122.99999999999557,211.99999999999557,133.99999999999912,237,233.99999999999645,253.99999999999912,206.00000000000088,14.010000000005462,1028.0000000001312,SLT,model_assisted_not_ground_truth,0,0,0,0,0,0,0,0,0,0,0
4.50,147,124,212,135,238,235,256,204,14.260000000007276,1033.9999999996362,SLT,model_assisted_not_ground_truth,0,0,0,0,0,0,0,0,0,0,0
4.51,145.49999999999866,124,211.49999999999955,135,239.00000000000088,235.50000000000045,256.50000000000045,198.99999999999557,14.580000000001654,1017.9999999998819,SLT,model_assisted_not_ground_truth,0,0,0,0,0,0,0,0,0,0,0
4.52,143.99999999998695,123.99999999997388,210.9999999999944,134.99999999998508,239.99999999999812,235.99999999999812,257,193.9999999999832,14.65,1012.9999999999262,SLT,model_assisted_not_ground_truth,0,0,0,0,0,0,0,0,0,0,0
4.53,136.99999999998073,109.99999999998899,207.99999999999724,126.99999999998623,238.99999999996695,235.00000000000276,256.99999999999176,184.99999999998073,14.65,1009.9999999999235,SLT,model_assisted_not_ground_truth,0,0,0,0,0,0,0,0,0,0,0
4.54,129.99999999997087,105.99999999997087,206.99999999998542,121.99999999994901,226.99999999998909,235.99999999997451,253.99999999994174,177.99999999997087,14.650000000000793,1006.9999999998945,SLT,model_assisted_not_ground_truth,0,0,0,0,0,0,0,0,0,0,0
4.55,121.99999999993658,97.999999999954696,202.99999999992752,107.99999999993658,223.99999999997283,228.99999999992752,237.9999999999547,169.99999999999548,14.679999999996999,1002.9999999996182,SLT,model_assisted_not_ground_truth,0,0,0,0,0,0,0,0,0,0,0
4.56,107.99999999990638,87.999999999906379,186.99999999988987,93.999999999768718,217.99999999994492,212.99999999990638,227.99999999986784,168.99999999992841,14.569999999994634,988.99999999889849,SLT,model_assisted_not_ground_truth,0,0,0,0,0,0,0,0,0,0,0
4.57,90.999999999865707,70.999999999980815,166.99999999985292,51.999999999993605,207.99999999992326,195.99999999991047,203.99999999973781,155.99999999992966,14.379999999995631,949.99999999828117,SLT,model_assisted_not_ground_truth,0,0,0,0,0,0,0,0,0,0,0
4.58,69.999999999796074,67.999999999934445,143.99999999954844,50.999999999992717,195.9999999999126,181.99999999988347,162.99999999978149,144.99999999985434,14.229999999999345,890.99999999974875,SLT,model_assisted_not_ground_truth,0,0,0,0,0,0,0,0,0,0,0
4.59,41.999999999656808,58.999999999861089,81.999999999730349,49.999999999983658,183.99999999986926,165.99999999968949,132.99999999949338,124.99999999982023,14.139999999999265,856.49999999971806,SLT,model_assisted_not_ground_truth,0,0,0,0,0,0,0,0,0,0,0
4.60,0,41.999999999990848,48.999999999954255,47.999999999981704,167.99999999991766,127.99999999967066,70.999999999844476,102.9999999997347,14.050000000000916,821.99999999944191,SLT,model_assisted_not_ground_truth,0,0,0,0,0,0,0,0,0,0,0
4.61,0,40.99999999998996,43.999999999949814,46,158.99999999998997,91.999999999729013,53.999999999949814,73.999999999729013,14.150000000000803,760.99999999942793,SLT,model_assisted_not_ground_truth,0,0,0,0,0,0,0,0,0,0,0
4.62,0,39.999999999978151,38.999999999978151,45.999999999978151,157.99999999996723,64.99999999996723,49,46.999999999912603,14.229999999998361,703.99999999932265,SLT,model_assisted_not_ground_truth,0,0,0,0,0,0,0,0,0,0,0
4.63,0,37.999999999988191,36.999999999988191,43.999999999988191,155,61.999999999964565,49,38.999999999988191,14.079999999997755,641.99999999962199,SLT,model_assisted_not_ground_truth,0,0,0,0,0,0,0,0,0,0,0
4.64,0,37.000000000010033,36.000000000010033,43.000000000010033,155,59.000000000030113,49,38.000000000010033,13.889999999984123,609.9999999994285,SLT,model_assisted_not_ground_truth,0,0,0,0,0,0,0,0,0,0,0
4.65,0,37,37.999999999981881,42.000000000009059,154.00000000000907,59.999999999990941,49,36.000000000018119,12.639999999970456,565.00000000276293,SLT,model_assisted_not_ground_truth,0,0,0,0,0,0,0,0,0,0,0
4.66,0,37,36.000000000016342,41.000000000008171,148.00000000004903,53.000000000057199,47.000000000016342,36,10.479999999997888,767.00000000025489,SLT,model_assisted_not_ground_truth,0,0,0,0,0,0,0,0,0,0,0
4.67,0,37,34.000000000014566,41,142.00000000004371,53,47.999999999992717,35.000000000007283,10.334999999997759,784.50000000027046,SLT,model_assisted_not_ground_truth,0,0,0,0,0,0,0,0,0,0,0
4.68,0,37.999999999993605,34,40.000000000006395,128.00000000008953,51.00000000001279,45.000000000019185,34.000000000006395,10.189999999957999,801.99999999789179,SLT,model_assisted_not_ground_truth,0,0,0,0,0,0,0,0,0,0,0
4.69,0,38,35.999999999989164,39.000000000005414,123.00000000002709,48.000000000016257,44.000000000005414,33.000000000005414,7.6199999999998269,672.99999999994805,SLT,model_assisted_not_ground_truth,0,0,0,0,0,0,0,0,0,0,0
4.70,0,38,36,39,110.00000000005889,48.999999999995467,43.000000000004533,31.000000000009059,7.6100000000010928,669.99999999987256,SLT,model_assisted_not_ground_truth,0,0,0,0,0,0,0,0,0,0,0
4.71,0,38,34.000000000007283,38.000000000003638,108.00000000000728,47.000000000007283,42.000000000003638,32.999999999992717,7.669999999999618,662.99999999975171,SLT,model_assisted_not_ground_truth,0,0,0,0,0,0,0,0,0,0,0
4.72,0,36.000000000005507,34,37.000000000002757,108,47,42.999999999997243,33,7.649999999999201,650.00000000015984,SLT,model_assisted_not_ground_truth,0,0,0,0,0,0,0,0,0,0,0
4.73,0,35.000000000001776,33.000000000001776,36.000000000001776,115.99999999998579,46.000000000001776,43,34.999999999996447,7.6100000000002099,658.00000000036687,SLT,model_assisted_not_ground_truth,0,0,0,0,0,0,0,0,0,0,0
4.74,0,35,34.999999999998224,35.000000000000888,116.99999999999912,46.999999999999112,42.000000000000888,35.999999999999112,7.6200000000002186,675.50000000038233,SLT,model_assisted_not_ground_truth,0,0,0,0,0,0,0,0,0,0,0
4.75,0,33,33,36,123,47,43,36,7.6299999999999999,692.99999999995453,SLT,model_assisted_not_ground_truth,0,0,0,0,0,0,0,0,0,0,0
4.76,0,32.999999999999112,34.999999999998224,35.000000000000888,125.00000000000267,47,42.000000000000888,36,7.6299999999999999,690.99999999995271,SLT,model_assisted_not_ground_truth,0,0,0,0,0,0,0,0,0,0,0
4.77,0,32,33,36.000000000001869,127.9999999999944,46.999999999998131,42.999999999998131,36,7.6299999999980317,688.99999999975398,SLT,model_assisted_not_ground_truth,0,0,0,0,0,0,0,0,0,0,0
4.78,0,32,32.999999999997243,37,124.99999999997797,45.999999999997243,42,36,7.5500000000033136,679.00000000038233,SLT,model_assisted_not_ground_truth,0,0,0,0,0,0,0,0,0,0,0
4.79,0,31.999999999996358,31.999999999996358,37.000000000003645,116.99999999999271,44.999999999996355,42.000000000003645,36,7.6799999999999997,694.0000000001055,SLT,model_assisted_not_ground_truth,0,0,0,0,0,0,0,0,0,0,0
4.80,0,31,31.000000000009059,38,115.00000000000907,44,42.999999999995467,35.999999999995467,7.6800000000002724,697.99999999994543,SLT,model_assisted_not_ground_truth,0,0,0,0,0,0,0,0,0,0,0
4.81,0,30.999999999994493,32.999999999988987,38,116.99999999997797,44.000000000005507,42,34.999999999994493,7.6900000000001416,695.99999999995759,SLT,model_assisted_not_ground_truth,0,0,0,0,0,0,0,0,0,0,0
4.82,0,30,30.999999999980815,38,112.99999999999361,44.999999999993605,42,34.000000000006395,7.6950000000000891,694.4999999999734,SLT,model_assisted_not_ground_truth,0,0,0,0,0,0,0,0,0,0,0
4.83,0,30.000000000007283,28.000000000007283,38,112.00000000005099,44.000000000007283,42,35,7.7000000000003643,693,SLT,model_assisted_not_ground_truth,0,0,0,0,0,0,0,0,0,0,0
4.84,0,30.999999999991829,28.999999999991829,38,118.9999999998856,45,42,35,7.7499999999999183,692.99999999999181,SLT,model_assisted_not_ground_truth,0,0,0,0,0,0,0,0,0,0,0
4.85,0,30.000000000018296,28,38,104.99999999988107,45,42.000000000009152,35,7.7400000000000917,691.9999999999726,SLT,model_assisted_not_ground_truth,0,0,0,0,0,0,0,0,0,0,0
4.86,0,32.00000000001004,28,38,92.000000000080291,45,43,35.00000000001004,7.7499999999994982,688.99999999997988,SLT,model_assisted_not_ground_truth,0,0,0,0,0,0,0,0,0,0,0
4.87,0,33.000000000010928,27.999999999989075,38,100.0000000000437,45,43,36,7.7000000000004372,686.99999999994543,SLT,model_assisted_not_ground_truth,0,0,0,0,0,0,0,0,0,0,0
4.88,0,34,27,38,104.00000000001181,45.000000000011809,43,36,7.7400000000008866,681.99999999985232,SLT,model_assisted_not_ground_truth,0,0,0,0,0,0,0,0,0,0,0
4.89,0,34,27,38,104.99999999998997,45.999999999989967,43,36,7.8150000000009525,669.49999999984129,SLT,model_assisted_not_ground_truth,0,0,0,0,0,0,0,0,0,0,0
4.90,0,33.000000000009059,27.49999999999547,38,109.49999999995923,46,43,35.000000000009059,7.8899999999999997,657.0000000000274,SLT,model_assisted_not_ground_truth,0,0,0,0,0,0,0,0,0,0,0
4.91,0,32.000000000008171,27.999999999995914,38,113.99999999996322,46,43,34.000000000008171,7.890000000000291,659,SLT,model_assisted_not_ground_truth,0,0,0,0,0,0,0,0,0,0,0
4.92,0,32.999999999992717,26.000000000014566,37.000000000007283,116.99999999997814,46,43,34,7.9100000000000001,658.99999999993815,SLT,model_assisted_not_ground_truth,0,0,0,0,0,0,0,0,0,0,0
4.93,0,31.00000000001279,24.00000000001279,35.00000000001279,112.00000000003197,46,43,34,7.9099999999954242,655.00000000034322,SLT,model_assisted_not_ground_truth,0,0,0,0,0,0,0,0,0,0,0
4.94,0,31,20.000000000021672,33.000000000010836,113.99999999998917,45.000000000005414,43,34.999999999994586,7.6300000000003463,676.00000000001728,SLT,model_assisted_not_ground_truth,0,0,0,0,0,0,0,0,0,0,0
4.95,0,30.00000000000453,17.000000000013589,32.000000000004533,112.00000000000907,45,43,34.000000000004533,7.6499999999996362,676.99999999994543,SLT,model_assisted_not_ground_truth,0,0,0,0,0,0,0,0,0,0,0
4.96,0,30,13.000000000014566,29.000000000010925,106.00000000002186,45,42.000000000003638,34,7.6299999999999999,673.99999999993315,SLT,model_assisted_not_ground_truth,0,0,0,0,0,0,0,0,0,0,0
4.97,0,30,9.0000000000110134,26.00000000000826,106.99999999999724,45,42,34,7.6299999999999999,670.49999999993008,SLT,model_assisted_not_ground_truth,0,0,0,0,0,0,0,0,0,0,0
4.98,0,30,9,25.000000000001776,100.00000000001243,45,42,34,7.6300000000014672,666.99999999958072,SLT,model_assisted_not_ground_truth,0,0,0,0,0,0,0,0,0,0,0
4.99,0,30,15.999999999993783,24.000000000000888,93.000000000006224,44.000000000000888,42,34,7.70000000000437,647.00000000021851,SLT,model_assisted_not_ground_truth,0,0,0,0,0,0,0,0,0,0,0
5.00,0,30,16,22,80,44,42,35,7.8999999999990909,657.0000000001819,SLT,model_assisted_not_ground_truth,0,0,0,0,0,0,0,0,0,0,0
5.01,0,31.000000000000888,24.000000000001776,21.000000000000888,39,44,42,36,7.8600000000004728,665.00000000009447,SLT,model_assisted_not_ground_truth,0,0,0,0,0,0,0,0,0,0,0
5.02,0,32.000000000001869,26.000000000005596,22,38.999999999998131,44,42,36,7.8799999999987698,669.00000000009845,SLT,model_assisted_not_ground_truth,0,0,0,0,0,0,0,0,0,0,0
5.03,0,33.000000000005507,29.000000000005507,22.000000000002753,38,44.000000000002757,42,36.000000000002757,7.8300000000000001,672.99999999989802,SLT,model_assisted_not_ground_truth,0,0,0,0,0,0,0,0,0,0,0
5.04,0,35,31,23,38,45,42.000000000003645,37,7.8299999999997363,669.00000000005275,SLT,model_assisted_not_ground_truth,0,0,0,0,0,0,0,0,0,0,0
5.05,0,35.000000000018119,31.00000000000453,22.99999999999547,37.999999999995467,45.000000000018119,43.000000000004533,36.999999999995467,7.8199999999997267,671.00000000005457,SLT,model_assisted_not_ground_truth,0,0,0,0,0,0,0,0,0,0,0
5.06,0,39.000000000011013,32,22.00000000001652,37.000000000005507,49,44,36.000000000011013,7.8100000000011294,673.0000000001412,SLT,model_assisted_not_ground_truth,0,0,0,0,0,0,0,0,0,0,0
5.07,0,41.000000000076739,32.000000000006395,25.00000000001279,38.000000000198241,49,44.000000000019185,38.000000000006395,7.8499999999999996,678.00000000023306,SLT,model_assisted_not_ground_truth,0,0,0,0,0,0,0,0,0,0,0
5.08,0,53.000000000065548,32.999999999992717,27.000000000014566,69.000000000036422,49,47,39.000000000007283,7.8500000000000725,686.00000000001455,SLT,model_assisted_not_ground_truth,0,0,0,0,0,0,0,0,0,0,0
5.09,0,62.000000000057199,31.999999999983658,29,74.000000000049027,49.000000000008171,47.000000000008171,40,7.8599999999999186,688.00000000007356,SLT,model_assisted_not_ground_truth,0,0,0,0,0,0,0,0,0,0,0
5.10,0,69.000000000228709,29.999999999990852,29.000000000018296,80.000000000109779,50.000000000036593,48,40,7.8499999999999996,697.00000000000909,SLT,model_assisted_not_ground_truth,0,0,0,0,0,0,0,0,0,0,0
5.11,0,94.000000000240874,29,30.999999999989964,92.000000000070258,54.000000000040146,48,40,7.8499999999999996,698.00000000001,SLT,model_assisted_not_ground_truth,0,0,0,0,0,0,0,0,0,0,0
5.12,0,118.00000000034959,29,30.000000000021849,99.00000000019665,58.000000000021849,48,40.000000000010928,7.8499999999982517,699.00000000033867,SLT,model_assisted_not_ground_truth,0,0,0,0,0,0,0,0,0,0,0
5.13,0,150.00000000050795,29.000000000011813,32.000000000070877,117.0000000003662,60.000000000035435,47.999999999988191,41.000000000070877,7.6900000000011817,730.00000000103955,SLT,model_assisted_not_ground_truth,0,0,0,0,0,0,0,0,0,0,0
5.14,0,192.99999999956844,29.999999999989964,37.999999999939782,147.99999999968887,62.999999999969887,47.000000000010033,46.999999999939782,7.7899999999936496,818.00000000177818,SLT,model_assisted_not_ground_truth,0,0,0,0,0,0,0,0,0,0,0
5.15,0,248.99999999949267,30.999999999990941,40.999999999972822,187.99999999963762,95.999999999701032,50.999999999963762,77.999999999719165,7.2899999999968541,958.00000000154557,SLT,model_assisted_not_ground_truth,0,0,0,0,0,0,0,0,0,0,0
5.16,0,282.99999999972215,33.999999999975486,43.999999999975486,229.99999999965681,153.99999999952607,95.999999999632294,135.99999999952607,7.0599999999997083,1071.0000000002767,SLT,model_assisted_not_ground_truth,0,0,0,0,0,0,0,0,0,0,0
5.17,35.99999999973781,312.99999999978149,35.999999999985434,48.999999999963585,263.99999999975239,192.99999999971595,111.99999999988347,159.99999999982521,7.0400000000009273,1090.0000000000618,SLT,model_assisted_not_ground_truth,0,0,0,0,0,0,0,0,0,0,0
5.18,76.99999999973781,361.99999999968668,35.000000000006395,52.99999999997442,296.999999999789,222.99999999980815,133.99999999985931,176.99999999989129,7.0999999999983654,1093.9999999998774,SLT,model_assisted_not_ground_truth,0,0,0,0,0,0,0,0,0,0,0
5.19,116.99999999978328,387.99999999985914,35,87.99999999981037,303.99999999996209,229.99999999996209,141.99999999995666,173.00000000002166,6.9999999999982681,1086.4999999998702,SLT,model_assisted_not_ground_truth,0,0,0,0,0,0,0,0,0,0,0
5.20,121.99999999997735,445.99999999973727,35,53.000000000158543,279.00000000011323,224.00000000002717,86.000000000253664,111.00000000028083,6.9000000000012749,1078.9999999995812,SLT,model_assisted_not_ground_truth,0,0,0,0,0,0,0,0,0,0,0
5.21,82.000000000145661,449.99999999998545,34.000000000003638,52.000000000003638,258.00000000007645,217.00000000002549,55.000000000112891,78.000000000120167,6.9700000000017184,1056.0000000000955,SLT,model_assisted_not_ground_truth,0,0,0,0,0,0,0,0,0,0,0
5.22,80.000000000005514,453.99999999998897,34.999999999997243,52.999999999997243,262.99999999998624,217,63.999999999975216,75.000000000008257,7.0600000000011987,1061.0000000005396,SLT,model_assisted_not_ground_truth,0,0,0,0,0,0,0,0,0,0,0
5.23,110.99999999994493,460.99999999998755,35,93.999999999927169,287.99999999995561,217,94.999999999944933,110.99999999993605,7.1200000000025154,1087.9999999999582,SLT,model_assisted_not_ground_truth,0,0,0,0,0,0,0,0,0,0,0
5.24,126.99999999998579,451.00000000000887,35.999999999999112,107.99999999998757,306.99999999998312,223.99999999999378,114.99999999998224,143.9999999999707,7.2400000000233788,1086.0000000015075,SLT,model_assisted_not_ground_truth,0,0,0,0,0,0,0,0,0,0,0
5.25,135,430,35,115,312,230,116,150,8.3100000000007963,1155.0000000002501,SLT,model_assisted_not_ground_truth,0,0,0,0,0,0,0,0,0,0,0
5.26,142.99999999998934,426.99999999999113,35,117.99999999998667,315.99999999999289,230.99999999998755,119.99999999999555,149.99999999997601,8.3450000000008266,1166.0000000002599,SLT,model_assisted_not_ground_truth,0,0,0,0,0,0,0,0,0,0,0
5.27,130.99999999992352,416.99999999998323,35,102.9999999999683,307.99999999996641,216.99999999994219,114.99999999995524,122.99999999990861,8.3800000000022159,1176.999999999631,SLT,model_assisted_not_ground_truth,0,0,0,0,0,0,0,0,0,0,0
5.28,89.999999999964203,407.99999999997249,34.999999999997243,85.999999999911893,289.99999999995867,185.99999999995319,90.999999999991743,73.99999999994769,8.4700000000022957,1161.9999999995921,SLT,model_assisted_not_ground_truth,0,0,0,0,0,0,0,0,0,0,0
5.29,76.999999999949011,397.99999999995993,33.999999999996355,53.999999999996355,274.99999999997453,168.99999999995995,87.999999999985434,54.999999999956302,8.5600000000134546,1146.0000000009234,SSLW,model_assisted_not_ground_truth,0,0,0,0,0,0,0,0,0,0,0
5.30,62.999999999936584,386.99999999992298,33,53,267.99999999996828,157.99999999998187,83.999999999968296,42.999999999995467,9.0700000000046366,1180.9999999996728,SSLW,model_assisted_not_ground_truth,0,0,0,0,0,0,0,0,0,0,0
5.31,48.999999999928413,369.99999999991189,33,52.999999999994493,260.99999999998346,153.99999999992841,76.999999999994486,42,9.2400000000050841,1168.999999999774,SSLW,model_assisted_not_ground_truth,0,0,0,0,0,0,0,0,0,0,0
5.32,35.999999999808153,353.99999999982094,33.000000000006395,52,258,140.99999999994884,76,41.99999999998721,9.4200000000010196,1160.9999999998106,SSLW,model_assisted_not_ground_truth,0,0,0,0,0,0,0,0,0,0,0
5.33,5.9999999999563016,325.99999999984703,33.999999999992717,52,258,132.99999999994901,75.99999999999271,40.000000000014566,9.455000000000652,1154.4999999998788,SSLW,model_assisted_not_ground_truth,0,0,0,0,0,0,0,0,0,0,0
5.34,0,304.99999999989376,33.000000000016342,52,257.99999999995913,125.99999999986926,74.999999999877431,41.999999999983658,9.4900000000007356,1147.9999999998038,SSLW,model_assisted_not_ground_truth,0,0,0,0,0,0,0,0,0,0,0
5.35,0,291.99999999992679,34.999999999990848,51.999999999981704,252.99999999995427,109.99999999990851,59.999999999945111,40,9.5800000000011902,1123.999999999817,SSLW,model_assisted_not_ground_truth,0,0,0,0,0,0,0,0,0,0,0
5.36,0,283.99999999981935,34,50,247.99999999990968,99.999999999799272,54,39.99999999998996,9.7100000000010045,1103.9999999996387,SSLW,model_assisted_not_ground_truth,0,0,0,0,0,0,0,0,0,0,0
5.37,0,265.99999999983612,33.999999999989072,50,238.99999999993446,79.999999999836135,54,39,9.8100000000009846,1067.9999999998361,SSLW,model_assisted_not_ground_truth,0,0,0,0,0,0,0,0,0,0,0
5.38,0,250.99999999978738,33.000000000023626,49.999999999988191,232.99999999995276,64.999999999988191,53.999999999988191,39,9.8999999999961013,1052.999999999055,SSLW,model_assisted_not_ground_truth,0,0,0,0,0,0,0,0,0,0,0
5.39,0,233.00000000018065,34.999999999979927,49.000000000010033,229.00000000004013,64.000000000010033,53.000000000010033,39,9.5700000000006362,972.99999999986028,SSLW,model_assisted_not_ground_truth,0,0,0,0,0,0,0,0,0,0,0
5.40,0,215.00000000016308,33.000000000018119,49,223.00000000005434,64,53,39,9.6200000000006831,961.99999999984959,SSLW,model_assisted_not_ground_truth,0,0,0,0,0,0,0,0,0,0,0
5.41,0,202.00000000010624,33,49,214.00000000007356,64,53,39,9.6700000000042241,950.99999999903866,SSLW,model_assisted_not_ground_truth,0,0,0,0,0,0,0,0,0,0,0
5.42,0,193.00000000006554,32.000000000007283,49.999999999992717,206.00000000005826,62.000000000014566,53,39.999999999992717,9.9600000000001554,884.99999999981458,SSLW,model_assisted_not_ground_truth,0,0,0,0,0,0,0,0,0,0,0
5.43,0,174.0000000001215,33.99999999998721,49.000000000006395,196.00000000006395,61.000000000006395,53,39.000000000006395,9.9700000000017983,873,SSLW,model_assisted_not_ground_truth,0,0,0,0,0,0,0,0,0,0,0
5.44,0,140.0000000001842,34,48.000000000005414,193.00000000001626,59.000000000010836,53,39,10.080000000000346,872.99999999993076,SSLW,model_assisted_not_ground_truth,0,0,0,0,0,0,0,0,0,0,0
5.45,0,125.00000000006794,32.000000000009059,48,191.00000000000907,57.000000000009059,53,38.000000000004533,10.100000000000547,868.99999999998181,SSLW,model_assisted_not_ground_truth,0,0,0,0,0,0,0,0,0,0,0
5.46,0,98.000000000098325,32,48,189.00000000000728,57,53,38.999999999996362,10.130000000000956,868.0000000000382,SSLW,model_assisted_not_ground_truth,0,0,0,0,0,0,0,0,0,0,0
5.47,0,44.000000000148681,32,47.000000000002757,179.00000000002754,53.000000000011013,53,39,10.1800000000007,869.99999999995998,SSLW,model_assisted_not_ground_truth,0,0,0,0,0,0,0,0,0,0,0
5.48,0,42.000000000003553,34.999999999994671,47,169.00000000001776,52.000000000001776,53,39,10.215000000000733,867.99999999995805,SSLW,model_assisted_not_ground_truth,0,0,0,0,0,0,0,0,0,0,0
5.49,0,40.000000000001776,34.000000000000888,47,165.00000000000355,52,52.000000000000888,39,10.250000000000655,866.00000000008743,SSLW,model_assisted_not_ground_truth,0,0,0,0,0,0,0,0,0,0,0
5.50,0,39,34,47,164,53,53,39,10.280000000000909,870.00000000002274,SSLW,model_assisted_not_ground_truth,0,0,0,0,0,0,0,0,0,0,0
5.51,0,38.999999999998224,36.999999999998224,47.000000000000888,164.99999999999821,53.000000000001776,53.999999999999112,39,10.320000000010632,871.00000000129944,SSLW,model_assisted_not_ground_truth,0,0,0,0,0,0,0,0,0,0,0
5.52,0,36.999999999998131,35.000000000001869,47.99999999999627,163.00000000000372,55.00000000000373,52.999999999998131,39.000000000001869,10.770000000001476,926.00000000024602,SSLW,model_assisted_not_ground_truth,0,0,0,0,0,0,0,0,0,0,0
5.53,0,36.000000000002757,36,46.000000000005507,164.99999999999449,57.000000000005507,52.000000000005507,40.000000000024784,10.830000000003059,936.00000000043337,SSLW,model_assisted_not_ground_truth,0,0,0,0,0,0,0,0,0,0,0
5.54,0,37,36.000000000007283,47.999999999996355,163,59.000000000003645,54.000000000072831,49.000000000080114,10.950000000001319,953.00000000015825,SSLW,model_assisted_not_ground_truth,0,0,0,0,0,0,0,0,0,0,0
5.55,0,37,38,47.000000000013593,163.00000000000452,60.000000000004533,74.000000000040771,71.000000000067942,11.000000000001364,959.0000000001636,SSLW,model_assisted_not_ground_truth,0,0,0,0,0,0,0,0,0,0,0
5.56,0,37.000000000005507,38.000000000005507,50.000000000005507,164.00000000001103,61.00000000001652,83.000000000027541,85.999999999994486,11.050000000003108,965.00000000036721,SSLW,model_assisted_not_ground_truth,0,0,0,0,0,0,0,0,0,0,0
5.57,0,38.000000000019185,39.000000000038369,51.000000000006395,166.00000000003197,64.000000000051159,88.000000000147082,85.000000000121503,11.160000000004079,978.00000000040779,SSLW,model_assisted_not_ground_truth,0,0,0,0,0,0,0,0,0,0,0
5.58,2.7675639557881074e-10,41,45.000000000021849,52.000000000007283,171.00000000007284,72.000000000116529,111.00000000021122,104.00000000005099,11.300000000000583,992.00000000013836,SSLW,model_assisted_not_ground_truth,0,0,0,0,0,0,0,0,0,0,0
5.59,38.00000000006537,41.000000000008171,48.000000000212452,53,181.00000000007356,88.000000000163425,140.00000000017161,111.00000000003268,11.380000000001635,1011.0000000002289,SSLW,model_assisted_not_ground_truth,0,0,0,0,0,0,0,0,0,0,0
5.60,46.000000000146372,42,74.000000000237861,53,190.00000000008234,108.00000000016468,161.00000000021041,115.00000000010978,11.580000000000778,1038.9999999999177,SSLW,model_assisted_not_ground_truth,0,0,0,0,0,0,0,0,0,0,0
5.61,62.000000000200728,42.000000000060218,100.00000000031113,53.000000000381384,199.00000000008029,126.00000000024087,184.00000000017062,127.00000000005018,11.665000000000854,1029.9999999999097,SSLW,model_assisted_not_ground_truth,0,0,0,0,0,0,0,0,0,0,0
5.62,82.000000000163865,48.000000000240341,131.00000000022942,91.000000000098325,207.00000000006554,150.00000000010925,201.00000000022942,132.00000000013111,11.750000000002514,1021.0000000002294,SSLW,model_assisted_not_ground_truth,0,0,0,0,0,0,0,0,0,0,0
5.63,97.000000000082693,70.000000000200814,152.00000000014174,100.00000000014175,213.00000000004724,160.00000000020083,222.00000000016539,144.00000000004724,11.980000000002482,1042.0000000004252,SSLW,model_assisted_not_ground_truth,0,0,0,0,0,0,0,0,0,0,0
5.64,103.99999999992974,86.999999999829384,163.99999999987955,111.99999999987956,216.99999999995987,176.99999999982938,235.99999999985948,147.99999999995987,12.190000000001397,1077.9999999999493,SSLW,model_assisted_not_ground_truth,0,0,0,0,0,0,0,0,0,0,0
5.65,110.99999999993659,106.99999999981881,181.99999999983692,116.9999999999547,220.99999999996376,186.99999999990939,246.99999999990035,160.99999999988222,12.300000000003831,1074.0000000003283,SSLW,model_assisted_not_ground_truth,0,0,0,0,0,0,0,0,0,0,0
5.66,121.99999999991012,122.99999999986926,186.99999999995913,119.99999999997549,229.99999999992644,206.99999999983658,258.99999999990195,165.99999999995913,12.5800000000067,1097.9999999999272,SSLW,model_assisted_not_ground_truth,0,0,0,0,0,0,0,0,0,0,0
5.67,128.99999999994901,130.99999999994174,189.99999999997814,122.99999999997814,232.99999999997814,210.99999999997087,262.9999999999709,166,13.040000000014372,1092.9999999990109,SSLW,model_assisted_not_ground_truth,0,0,0,0,0,0,0,0,0,0,0
5.68,132.99999999997442,132.99999999998721,198.99999999994245,124.99999999998721,236.99999999997442,213.99999999998082,264.99999999998721,161.00000000003197,13.970000000004005,1029.0000000000734,SSLW,model_assisted_not_ground_truth,0,0,0,0,0,0,0,0,0,0,0
5.69,135.99999999998374,136.99999999997834,199.99999999999457,127.99999999998374,237.99999999999457,218.99999999997291,266.99999999998914,161.99999999999457,14.215000000004244,1033.500000000078,SSLW,model_assisted_not_ground_truth,0,0,0,0,0,0,0,0,0,0,0
5.70,135.00000000000452,138.99999999999093,203.99999999998187,128,238,223.99999999997735,268.99999999999096,158.00000000001813,14.460000000006556,1038.0000000001091,SSLW,model_assisted_not_ground_truth,0,0,0,0,0,0,0,0,0,0,0
5.71,126.00000000003277,143.99999999998178,203.00000000000364,121.00000000002549,236.00000000000728,228.99999999998178,269,158.99999999999636,14.820000000004775,1044.0000000002674,SSLW,model_assisted_not_ground_truth,0,0,0,0,0,0,0,0,0,0,0
5.72,122.00000000001101,144,203,120.00000000000276,235.00000000000276,234.99999999998349,263.00000000001654,159.99999999999724,15.0700000000014,1058.00000000008,SSLW,model_assisted_not_ground_truth,0,0,0,0,0,0,0,0,0,0,0
5.73,116.00000000001066,135.00000000001597,199.00000000000711,109.00000000001954,234.00000000000176,235,252.00000000001955,161.99999999999645,15.139999999999162,1061.9999999998533,SSLW,model_assisted_not_ground_truth,0,0,0,0,0,0,0,0,0,0,0
5.74,105.00000000000978,127.00000000000711,196.00000000000267,97.000000000010658,231.00000000000267,229.00000000000534,241.00000000000978,155.00000000000622,15.099999999997815,1054.9999999996503,SSLW,model_assisted_not_ground_truth,0,0,0,0,0,0,0,0,0,0,0
5.75,97.5,116.5,187.5,75,228,227.5,236,150.5,14.999999999998181,1038.9999999993747,SSLW,model_assisted_not_ground_truth,0,0,0,0,0,0,0,0,0,0,0
5.76,89.999999999985789,105.9999999999698,178.99999999998045,52.999999999999112,224.99999999999022,225.99999999999645,230.99999999997956,146.00000000000355,14.91999999999811,1011.4999999993503,SSLW,model_assisted_not_ground_truth,0,0,0,0,0,0,0,0,0,0,0
5.77,73.999999999936577,71.99999999997948,156.99999999997576,51.999999999998131,213.9999999999776,221.99999999999812,207.99999999994031,149.9999999999776,14.839999999995079,983.99999999810564,SSLW,model_assisted_not_ground_truth,0,0,0,0,0,0,0,0,0,0,0
5.78,39.999999999944933,60.999999999973845,143.99999999987472,50.999999999994493,201.99999999996695,220.99999999995043,175.99999999991741,137.99999999997385,14.640000000001786,906.99999999841953,SSLW,model_assisted_not_ground_truth,0,0,0,0,0,0,0,0,0,0,0
5.79,19.999999999927169,51.499999999965404,98.499999999834301,48.999999999992717,189.99999999995629,202.99999999993446,145.99999999989075,128.49999999996541,14.710000000007124,844.99999999878662,SSLW,model_assisted_not_ground_truth,0,0,0,0,0,0,0,0,0,0,0
5.80,0,42,52.999999999968288,46.999999999995467,177.99999999991846,184.99999999981429,115.99999999975992,118.99999999993206,14.979999999997819,798.99999999781858,SSLW,model_assisted_not_ground_truth,0,0,0,0,0,0,0,0,0,0,0
5.81,0,41.999999999988987,45.999999999955946,45.999999999994493,159.99999999995595,143.99999999985133,62.99999999993392,103.99999999977973,14.89999999998955,718.99999999807937,SSLW,model_assisted_not_ground_truth,0,0,0,0,0,0,0,0,0,0,0
5.82,0,40,38,44.999999999993605,152.00000000000639,116.99999999979536,50.99999999998721,63.999999999865707,14.529999999986599,650.99999999969407,SSLW,model_assisted_not_ground_truth,0,0,0,0,0,0,0,0,0,0,0
5.83,0,39.999999999992717,37.999999999985434,44,153.00000000005826,84.999999999861615,49,42.999999999970868,14.069999999991419,640.49999999980412,SSLW,model_assisted_not_ground_truth,0,0,0,0,0,0,0,0,0,0,0
5.84,0,38.999999999991829,36,44,160.99999999997547,65.999999999983658,49,38.999999999983658,13.609999999973361,630.00000000087437,SSLW,model_assisted_not_ground_truth,0,0,0,0,0,0,0,0,0,0,0
5.85,0,38.000000000009152,35.999999999981704,43.999999999990848,157.99999999997254,63.999999999954255,48.999999999990848,37,10.349999999996431,737.00000000023783,SSLW,model_assisted_not_ground_truth,0,0,0,0,0,0,0,0,0,0,0
5.86,0,39,34.00000000001004,43,154.99999999994981,58.999999999919709,48,36.999999999969887,9.9599999999762137,762.99999999881572,SSLW,model_assisted_not_ground_truth,0,0,0,0,0,0,0,0,0,0,0
5.87,0,39,35,43,149.99999999995629,50.999999999978151,47.999999999967223,33.999999999989072,7.5900000000012016,645,SSLW,model_assisted_not_ground_truth,0,0,0,0,0,0,0,0,0,0,0
5.88,0,39,35,43,145.99999999998818,49,44.999999999988191,33,7.6999999999985826,645.00000000048431,SSLW,model_assisted_not_ground_truth,0,0,0,0,0,0,0,0,0,0,0
5.89,0,39,35,43,145.00000000001003,49,44.000000000010033,33,7.5800000000002541,685.99999999994918,SSLW,model_assisted_not_ground_truth,0,0,0,0,0,0,0,0,0,0,0
5.90,0,39,33.000000000018119,43,135.00000000009061,49.999999999990941,44.999999999990941,33.999999999990941,7.6000000000002732,681.99999999994532,SSLW,model_assisted_not_ground_truth,0,0,0,0,0,0,0,0,0,0,0
5.91,0,38.000000000008171,34.999999999983658,43,138.99999999996732,50,44.000000000008171,34.999999999991829,7.6200000000000001,677.99999999992713,SSLW,model_assisted_not_ground_truth,0,0,0,0,0,0,0,0,0,0,0
5.92,0,37.000000000007283,33.000000000014566,43,139.99999999999272,50,44,35.999999999992717,7.620000000001391,672.99999999993815,SSLW,model_assisted_not_ground_truth,0,0,0,0,0,0,0,0,0,0,0
5.93,0,36.000000000006395,33.999999999993605,42.000000000006395,142.99999999998082,50,44,36.999999999993605,7.7100000000006537,668.99999999986926,SSLW,model_assisted_not_ground_truth,0,0,0,0,0,0,0,0,0,0,0
5.94,0,36,34.999999999994586,40.000000000010836,146.99999999997834,50,44.999999999994586,37,7.7499999999982681,660.99999999996533,SSLW,model_assisted_not_ground_truth,0,0,0,0,0,0,0,0,0,0,0
5.95,0,36,33.000000000009059,40,145.00000000000907,48.000000000009059,46.999999999990941,37,7.6500000000005466,659.00000000067371,SSLW,model_assisted_not_ground_truth,0,0,0,0,0,0,0,0,0,0,0
5.96,0,35.000000000003638,33,40,144.00000000000364,48,47.999999999996362,37,7.6799999999998088,695.9999999999618,SSLW,model_assisted_not_ground_truth,0,0,0,0,0,0,0,0,0,0,0
5.97,0,34.000000000002757,33,40,145.99999999999449,46.000000000005507,48,37,7.6699999999994999,693.99999999993008,SSLW,model_assisted_not_ground_truth,0,0,0,0,0,0,0,0,0,0,0
5.98,0,34,33,40.999999999998224,144.00000000000355,46.999999999998224,48,37,7.6449999999994755,690.49999999992667,SSLW,model_assisted_not_ground_truth,0,0,0,0,0,0,0,0,0,0,0
5.99,0,33.000000000000888,34.999999999998224,40.000000000000888,140.00000000000355,47,44.000000000003553,37,7.6199999999989076,686.99999999975967,SSLW,model_assisted_not_ground_truth,0,0,0,0,0,0,0,0,0,0,0
6.00,0,32,33,40,137,45,44,37,7.5700000000038656,676.0000000005457,SSLW,model_assisted_not_ground_truth,0,0,0,0,0,0,0,0,0,0,0
6.01,0,32,31.999999999999112,40,130.99999999999466,44.000000000000888,43,35,7.7399999999995277,700.00000000004729,SSLW,model_assisted_not_ground_truth,0,0,0,0,0,0,0,0,0,0,0
6.02,0,32,30.999999999998135,40,124.99999999998694,45,43,35,7.7200000000004918,701.99999999992622,SSLW,model_assisted_not_ground_truth,0,0,0,0,0,0,0,0,0,0,0
6.03,0,32,29.999999999997247,39.999999999997243,117.99999999997797,45.000000000002757,43,35.000000000002757,7.7399999999992355,698.99999999992349,SSLW,model_assisted_not_ground_truth,0,0,0,0,0,0,0,0,0,0,0
6.04,0,32,29,39,110.00000000000364,45.999999999996355,43,36.000000000003645,7.7100000000013189,696,SSLW,model_assisted_not_ground_truth,0,0,0,0,0,0,0,0,0,0,0
6.05,0,32.000000000004533,29,39,110.99999999999093,45,43,37,7.7600000000002725,695.99999999995907,SSLW,model_assisted_not_ground_truth,0,0,0,0,0,0,0,0,0,0,0
6.06,0,33.000000000005507,28.999999999988987,38.999999999994493,109,45,43,36.999999999994493,7.770000000000282,694.49999999995759,SSLW,model_assisted_not_ground_truth,0,0,0,0,0,0,0,0,0,0,0
6.07,0,34.000000000006395,26.999999999993605,38,109.00000000002558,45.000000000006395,43,35.999999999993605,7.7799999999991263,692.9999999999709,SSLW,model_assisted_not_ground_truth,0,0,0,0,0,0,0,0,0,0,0
6.08,0,34.999999999992717,25.999999999985434,37.999999999992717,113.00000000001457,45.999999999992717,43,34.999999999992717,7.7500000000001457,691.9999999999709,SSLW,model_assisted_not_ground_truth,0,0,0,0,0,0,0,0,0,0,0
6.09,0,34,23.999999999983658,37,115.00000000002451,45,43,34.000000000008171,7.7700000000011435,687.99999999982026,SSLW,model_assisted_not_ground_truth,0,0,0,0,0,0,0,0,0,0,0
6.10,0,34,22.000000000018296,36.999999999981704,117.99999999999085,45.000000000009152,43,35,7.9100000000000001,665.99999999999091,SSLW,model_assisted_not_ground_truth,0,0,0,0,0,0,0,0,0,0,0
6.11,0,33.99999999998996,23.999999999969891,34.99999999998996,117.00000000003011,46,43,35.00000000001004,7.9099999999999495,664.99999999999,SSLW,model_assisted_not_ground_truth,0,0,0,0,0,0,0,0,0,0,0
6.12,0,32.999999999978151,20.999999999989075,33.999999999989072,119.99999999993445,46,43,36,7.9049999999999461,663.99999999998909,SSLW,model_assisted_not_ground_truth,0,0,0,0,0,0,0,0,0,0,0
6.13,0,31.000000000011813,20.000000000011813,33,114,46.000000000011809,43,35.999999999988191,7.9000000000004729,663.00000000001182,SSLW,model_assisted_not_ground_truth,0,0,0,0,0,0,0,0,0,0,0
6.14,0,31.999999999990052,20.999999999990052,33,114,46.999999999990052,43,35.000000000009948,7.9400000000002562,663.99999999996157,SSLW,model_assisted_not_ground_truth,0,0,0,0,0,0,0,0,0,0,0
6.15,0,31.000000000009059,17.000000000036238,31.000000000018119,110.00000000003624,46.000000000009059,43,35,7.9599999999961701,661.00000000028729,SSLW,model_assisted_not_ground_truth,0,0,0,0,0,0,0,0,0,0,0
6.16,0,30.000000000008171,17,29.000000000016342,102.00000000006537,46,43,34.000000000008171,7.6800000000004367,681.99999999988347,SSLW,model_assisted_not_ground_truth,0,0,0,0,0,0,0,0,0,0,0
6.17,0,30.999999999992717,18.999999999985434,28.000000000007283,96.000000000043698,45.000000000007283,43,33.000000000007283,7.7099999999989182,674,SSLW,model_assisted_not_ground_truth,0,0,0,0,0,0,0,0,0,0,0
6.18,0,31,19,26.00000000001279,93.000000000019185,44.000000000006395,42.000000000006395,33.999999999993605,7.6400000000003265,673.99999999977115,SSLW,model_assisted_not_ground_truth,0,0,0,0,0,0,0,0,0,0,0
6.19,0,31,19.999999999994582,24.000000000010836,97.999999999972914,44,42,34,7.6600000000010393,659.99999999996533,SSLW,model_assisted_not_ground_truth,0,0,0,0,0,0,0,0,0,0,0
6.20,0,31,23.999999999981881,22.000000000009059,81.000000000077009,43.000000000004533,42,34,7.7200000000010931,657.99999999996362,SSLW,model_assisted_not_ground_truth,0,0,0,0,0,0,0,0,0,0,0
6.21,0,31,26.999999999989075,22,59.000000000080114,43,42,34,7.7800000000022917,656.00000000022919,SSLW,model_assisted_not_ground_truth,0,0,0,0,0,0,0,0,0,0,0
6.22,0,32.999999999994493,27,21.000000000002753,39.000000000055067,43,42,35.999999999994493,7.9000000000002002,668.00000000019986,SSLW,model_assisted_not_ground_truth,0,0,0,0,0,0,0,0,0,0,0
6.23,0,33,29.999999999994671,23.999999999994671,38.000000000001776,43.999999999998224,42,36,7.9100000000000001,677.99999999995805,SSLW,model_assisted_not_ground_truth,0,0,0,0,0,0,0,0,0,0,0
6.24,0,33.999999999999112,31.999999999998224,24,37.000000000000888,44,42.999999999999112,35.000000000000888,7.9100000000002186,676.00000000008743,SSLW,model_assisted_not_ground_truth,0,0,0,0,0,0,0,0,0,0,0
6.25,0,34,31,24,35,47,44,35,7.9199999999981809,679.99999999995453,SSLW,model_assisted_not_ground_truth,0,0,0,0,0,0,0,0,0,0,0
6.26,0,40.000000000013323,32.000000000000888,25,21.000000000015099,48.000000000000888,44.000000000000888,36.000000000000888,7.8400000000002361,678.00000000011812,SSLW,model_assisted_not_ground_truth,0,0,0,0,0,0,0,0,0,0,0
6.27,0,55.000000000001869,33.000000000001869,25.000000000001865,38.000000000048495,49,45.000000000005599,37,7.8500000000001231,683.00000000018451,SSLW,model_assisted_not_ground_truth,0,0,0,0,0,0,0,0,0,0,0
6.28,0,56.000000000024784,33.999999999997243,26.000000000002753,64.00000000001927,49.000000000002757,48,37.000000000005507,7.8550000000001274,690.50000000019122,SSLW,model_assisted_not_ground_truth,0,0,0,0,0,0,0,0,0,0,0
6.29,0,65.000000000021856,33,27.000000000007283,71.000000000029132,50,48,39,7.8599999999997365,698,SSLW,model_assisted_not_ground_truth,0,0,0,0,0,0,0,0,0,0,0
6.30,0,71.000000000086061,33,29.00000000000453,79.000000000086061,50.000000000013593,48,39.000000000004533,7.849999999999727,698,SSLW,model_assisted_not_ground_truth,0,0,0,0,0,0,0,0,0,0,0
6.31,0,90.000000000104635,33,30.000000000011013,98.000000000027541,53.000000000005507,48,40,7.8399999999980228,698.0000000005366,SSLW,model_assisted_not_ground_truth,0,0,0,0,0,0,0,0,0,0,0
6.32,0,109.00000000019824,33,32.000000000006395,103.00000000011511,54.00000000002558,48,40,7.7700000000099045,717.00000000087391,SSLW,model_assisted_not_ground_truth,0,0,0,0,0,0,0,0,0,0,0
6.33,0,140.00000000077929,33.000000000007283,33.000000000050981,121.00000000050981,58.000000000240341,48.000000000058265,40.000000000247624,8.1099999999977417,747.0000000006263,SSLW,model_assisted_not_ground_truth,0,0,0,0,0,0,0,0,0,0,0
6.34,0,247.00000000034319,34.000000000032685,40.000000000016342,191.00000000032685,91.000000000351363,56.000000000269651,74.000000000269651,7.7999999999974667,833.0000000007027,SSLW,model_assisted_not_ground_truth,0,0,0,0,0,0,0,0,0,0,0
6.35,3.8422598436262361e-10,289.00000000046657,38.000000000027448,42.000000000054889,231.00000000029274,134.0000000005123,89.000000000173813,107.00000000035678,7.489999999996158,919.00000000157354,SSLW,model_assisted_not_ground_truth,0,0,0,0,0,0,0,0,0,0,0
6.36,42.000000000511861,340.00000000044162,41,48.000000000321165,263.00000000035129,190.00000000043156,107.99999999991971,146.00000000025091,7.0699999999989966,1091.0000000005721,SSLW,model_assisted_not_ground_truth,0,0,0,0,0,0,0,0,0,0,0
6.37,93.000000000469754,384.00000000018571,41,79.999999999694111,298.00000000006554,232.9999999999126,100.0000000001311,170.99999999977058,6.9699999999998905,1148.0000000003058,SSLW,model_assisted_not_ground_truth,0,0,0,0,0,0,0,0,0,0,0
6.38,135.99999999992912,401.00000000013586,40.999999999982279,51.999999999994095,303.99999999981691,224.99999999986414,111.99999999985825,149.99999999972241,6.960000000000945,1175.9999999998583,SSLW,model_assisted_not_ground_truth,0,0,0,0,0,0,0,0,0,0,0
6.39,129.99999999999147,412.50000000001637,39.499999999997868,51.499999999999289,288.49999999997794,213.49999999998366,99.999999999982947,126.4999999999666,7.03999999999757,1163.9999999997569,SSLW,model_assisted_not_ground_truth,0,0,0,0,0,0,0,0,0,0,0
6.40,124.00000000005436,423.99999999989581,38.000000000013586,51.000000000004533,273.0000000001404,202.00000000010419,88.000000000108713,103.00000000021291,6.850000000001641,1144.9999999998222,SSLW,model_assisted_not_ground_truth,0,0,0,0,0,0,0,0,0,0,0
6.41,78.000000000375877,447.99999999980389,35.000000000024514,49.000000000016342,254.00000000015524,186.00000000013074,53.000000000285993,55.00000000039222,6.9700000000013835,1132.0000000002549,SSLW,model_assisted_not_ground_truth,0,0,0,0,0,0,0,0,0,0,0
6.42,72.000000000043698,458.99999999991991,34.000000000007283,49,254.99999999999272,151.00000000025491,53.999999999992717,45.000000000072831,7.0650000000014685,1149.5000000002703,SSLW,model_assisted_not_ground_truth,0,0,0,0,0,0,0,0,0,0,0
6.43,99.999999999820943,465.99999999995521,35.99999999998721,51.999999999980815,281.99999999982731,164.99999999991047,88.999999999776179,69.999999999840128,7.160000000000327,1166.999999999673,SSLW,model_assisted_not_ground_truth,0,0,0,0,0,0,0,0,0,0,0
6.44,103.99999999997833,459.00000000003791,36.999999999994586,87.999999999804956,293.99999999993497,182.99999999990249,90.999999999989171,120.99999999972368,7.1800000000185316,1147.0000000009873,SSLW,model_assisted_not_ground_truth,0,0,0,0,0,0,0,0,0,0,0
6.45,100.00000000001812,445.00000000006344,36.000000000004533,110.99999999989582,295.99999999999096,198.99999999992752,88.000000000013586,132.99999999994566,8.2500000000030962,1204.0000000004734,SSLW,model_assisted_not_ground_truth,0,0,0,0,0,0,0,0,0,0,0
6.46,104.9999999999818,426.00000000006918,36,117.99999999997451,301.99999999997817,195.00000000001455,92.999999999981796,123.00000000003641,8.4200000000026733,1229.9999999996562,SSLW,model_assisted_not_ground_truth,0,0,0,0,0,0,0,0,0,0,0
6.47,78.000000000074337,417.00000000002478,35.000000000002757,111.00000000001927,287.00000000004133,177.00000000004957,88.00000000001377,78.000000000123904,8.5600000000023986,1211.9999999997801,SSLW,model_assisted_not_ground_truth,0,0,0,0,0,0,0,0,0,0,0
6.48,54.000000000042633,407.00000000001774,35,83.000000000049738,271.00000000002842,148.0000000000515,84.000000000007105,50.000000000049738,8.6800000000012574,1200.9999999997381,SSLW,model_assisted_not_ground_truth,0,0,0,0,0,0,0,0,0,0,0
6.49,1.0000000000470735,396.00000000000978,33.000000000001776,53.000000000026645,262.00000000000801,133.00000000001333,56.000000000024869,40.000000000008882,8.7400000000013112,1188.4999999997269,SSLW,model_assisted_not_ground_truth,0,0,0,0,0,0,0,0,0,0,0
6.50,0,385,34,52,256,116,54,39,8.8000000000020471,1175.9999999991587,SSLW,model_assisted_not_ground_truth,0,0,0,0,0,0,0,0,0,0,0
6.51,0,366.99999999998312,34.000000000000888,51,252.99999999999912,108.99999999999555,54,38.999999999999112,8.8900000000025994,1138.9999999993149,SSLW,model_assisted_not_ground_truth,0,0,0,0,0,0,0,0,0,0,0
6.52,0,347.99999999994589,34.999999999998131,50.999999999998131,251.99999999999812,103.99999999998694,54,38.00000000000373,9.0000000000019682,1109.9999999992126,SSLW,model_assisted_not_ground_truth,0,0,0,0,0,0,0,0,0,0,0
6.53,0,318.99999999994219,34,49.999999999997243,250.99999999999449,96.99999999998623,54,39.999999999994493,9.0800000000015295,1077.9999999992863,SSLW,model_assisted_not_ground_truth,0,0,0,0,0,0,0,0,0,0,0
6.54,0,297.99999999994901,33.999999999996355,49.000000000003645,248.99999999998178,91.999999999905313,53.999999999996355,38.000000000003645,9.1400000000147728,1050.0000000008176,SSLW,model_assisted_not_ground_truth,0,0,0,0,0,0,0,0,0,0,0
6.55,0,283.99999999994566,33,50,243.99999999997735,66,53,39,9.7000000000032713,1080.9999999992092,SSLW,model_assisted_not_ground_truth,0,0,0,0,0,0,0,0,0,0,0
6.56,0,271.9999999998513,33.000000000011013,50,238.99999999997246,66,53,39,9.8200000000016949,1051.9999999996187,SSLW,model_assisted_not_ground_truth,0,0,0,0,0,0,0,0,0,0,0
6.57,0,244.99999999990408,34.999999999993605,49.999999999993605,233.99999999996803,65.999999999993605,53,39,9.8800000000010648,1038.4999999997601,SSLW,model_assisted_not_ground_truth,0,0,0,0,0,0,0,0,0,0,0
6.58,0,229.99999999986889,34.000000000007283,49,228.99999999994901,64.999999999985434,53,38.999999999992717,9.9400000000001452,1024.9999999998397,SSLW,model_assisted_not_ground_truth,0,0,0,0,0,0,0,0,0,0,0
6.59,0,211.99999999983658,34.999999999983658,48.999999999991829,221.99999999991829,62.999999999991829,53,38,9.9599999999995106,1002.9999999998121,SSLW,model_assisted_not_ground_truth,0,0,0,0,0,0,0,0,0,0,0
6.60,0,191.99999999982617,33.000000000018296,48,211.99999999994512,61.999999999963407,53,37.999999999990848,9.9000000000035691,979.99999999948773,SSLW,model_assisted_not_ground_truth,0,0,0,0,0,0,0,0,0,0,0
6.61,0,172.9999999996989,34.99999999998996,48,205.99999999992974,58,53,37.00000000001004,10.290000000000903,923.99999999999,SSLW,model_assisted_not_ground_truth,0,0,0,0,0,0,0,0,0,0,0
6.62,0,142.99999999956302,33.999999999978151,47.999999999989072,198.99999999986889,57.999999999967223,53,37.999999999989072,10.380000000000601,923.00000000000546,SSLW,model_assisted_not_ground_truth,0,0,0,0,0,0,0,0,0,0,0
6.63,0,102.99999999949205,32.000000000011809,47,186.99999999998818,54.999999999952749,53,36.999999999988191,10.435000000000651,923.50000000000591,SSLW,model_assisted_not_ground_truth,0,0,0,0,0,0,0,0,0,0,0
6.64,0,60.000000000427747,32.999999999990052,47,186.00000000000995,51.00000000003979,53,36.000000000009948,10.49,923.99999999996157,SSLW,model_assisted_not_ground_truth,0,0,0,0,0,0,0,0,0,0,0
6.65,0,45.000000000135891,33.999999999990941,47,177.00000000008154,51,53,36.999999999990941,10.490000000000958,921.00000000012312,SSLW,model_assisted_not_ground_truth,0,0,0,0,0,0,0,0,0,0,0
6.66,0,42.000000000024514,32.000000000016342,47,175.00000000001634,51,51.000000000016342,37,10.560000000000729,930.00000000001455,SSLW,model_assisted_not_ground_truth,0,0,0,0,0,0,0,0,0,0,0
6.67,0,42,34.999999999978151,47,172.00000000002186,51,51.999999999992717,37,10.609999999998299,930.99999999983004,SSLW,model_assisted_not_ground_truth,0,0,0,0,0,0,0,0,0,0,0
6.68,0,39.000000000019185,32.000000000019185,47,172,49.00000000001279,52.999999999993605,37.999999999993605,10.500000000004249,920.00000000026148,SSLW,model_assisted_not_ground_truth,0,0,0,0,0,0,0,0,0,0,0
6.69,0,38.000000000005414,33.999999999989164,47,168.00000000002166,48.000000000005414,53,38,10.75999999999844,936.00000000001728,SSLW,model_assisted_not_ground_truth,0,0,0,0,0,0,0,0,0,0,0
6.70,0,38,34.999999999995467,47,172.99999999997735,51.999999999981881,53,38,10.670000000000819,937.00000000008197,SSLW,model_assisted_not_ground_truth,0,0,0,0,0,0,0,0,0,0,0
6.71,0,38,36.999999999992717,47.999999999996362,173,53.999999999992717,53,38.999999999996362,10.71500000000086,941.50000000008595,SSLW,model_assisted_not_ground_truth,0,0,0,0,0,0,0,0,0,0,0
6.72,0,38,36.000000000002757,48,172.00000000000276,57.999999999988987,53,39.999999999997243,10.760000000001599,946.00000000029979,SSLW,model_assisted_not_ground_truth,0,0,0,0,0,0,0,0,0,0,0
6.73,0,38,36.999999999998224,48.999999999998224,176.99999999999113,60.999999999994671,69.999999999969802,41.999999999996447,10.840000000002306,961.00000000041928,SSLW,model_assisted_not_ground_truth,0,0,0,0,0,0,0,0,0,0,0
6.74,0,38,37,47.000000000001776,177.99999999999912,61,81.999999999989342,67.999999999976907,10.950000000001529,981.00000000030593,SSLW,model_assisted_not_ground_truth,0,0,0,0,0,0,0,0,0,0,0
6.75,0,38,41,50,180,62,86,81,11.020000000002955,995.00000000038654,SSLW,model_assisted_not_ground_truth,0,0,0,0,0,0,0,0,0,0,0
6.76,0,38.000000000002665,44.000000000002665,51.000000000000888,185.00000000000534,67.000000000017764,111.00000000001511,88.000000000008882,11.150000000003308,1012.0000000004488,SSLW,model_assisted_not_ground_truth,0,0,0,0,0,0,0,0,0,0,0
6.77,3.1707969583323306e-11,41,47.000000000037303,52.000000000001869,191.00000000000932,87.000000000022382,128.00000000004289,98.000000000007461,11.290000000002829,1031.0000000002951,SSLW,model_assisted_not_ground_truth,0,0,0,0,0,0,0,0,0,0,0
6.78,17.000000000088107,41.000000000002757,67.000000000041297,53,196.00000000002203,99.000000000046811,151.00000000003854,102.00000000002754,11.40500000000293,1043.0000000003058,SSLW,model_assisted_not_ground_truth,0,0,0,0,0,0,0,0,0,0,0
6.79,49.000000000098325,42,82.000000000192998,53.000000000182077,204.00000000006918,116.00000000015659,165.0000000001493,112.00000000009103,11.520000000008705,1055.0000000001583,SSLW,model_assisted_not_ground_truth,0,0,0,0,0,0,0,0,0,0,0
6.80,76.000000000067942,42.000000000022652,135.00000000010871,103.00000000009059,223.00000000002265,159.00000000004982,206.00000000008606,137.00000000007248,11.850000000004091,1061.0000000003818,SSLW,model_assisted_not_ground_truth,0,0,0,0,0,0,0,0,0,0,0
6.81,91.000000000055067,47.000000000132161,159.00000000007711,123,228.00000000006608,170.00000000011565,225.00000000009913,153.00000000014867,12.000000000005931,1075.0000000005648,SSLW,model_assisted_not_ground_truth,0,0,0,0,0,0,0,0,0,0,0
6.82,101.00000000005116,71.00000000002558,173.00000000008953,123.00000000005116,240.00000000003837,191.00000000018545,243.00000000003197,180.00000000000639,12.210000000004662,1095.0000000007865,SSLW,model_assisted_not_ground_truth,0,0,0,0,0,0,0,0,0,0,0
6.83,109.00000000011653,75.000000000101963,187.00000000004371,131.00000000002186,246.00000000001458,220.00000000009467,248.00000000002186,180.99999999998542,12.370000000000401,1121.9999999999927,SSLW,model_assisted_not_ground_truth,0,0,0,0,0,0,0,0,0,0,0
6.84,125.00000000004903,89.000000000171596,193.00000000009805,134,248.00000000004903,233.00000000007356,251.00000000003268,179.00000000013074,12.425000000000448,1120.9999999999918,SSLW,model_assisted_not_ground_truth,0,0,0,0,0,0,0,0,0,0,0
6.85,131.00000000004573,110.00000000008234,205.00000000005488,134.00000000002746,254.00000000003661,242.00000000002746,255.00000000000915,194.9999999999817,12.480000000004484,1119.9999999999086,SSLW,model_assisted_not_ground_truth,0,0,0,0,0,0,0,0,0,0,0
6.86,136.00000000002007,119.00000000005018,211.00000000001003,137.00000000002007,258,245,256.00000000003013,192.9999999999699,12.970000000007428,1109.9999999996487,SSLW,model_assisted_not_ground_truth,0,0,0,0,0,0,0,0,0,0,0
6.87,137.99999999996723,123.99999999998907,212,138.99999999998909,257.99999999997817,245.00000000001091,259.00000000001091,189.99999999997814,13.710000000008085,1074.9999999994538,SSLW,model_assisted_not_ground_truth,0,0,0,0,0,0,0,0,0,0,0
6.88,134.99999999997638,123,211.99999999997638,137.9999999999055,255.99999999998818,246,260.00000000002365,187.99999999991732,14.450000000003779,1024.9999999999645,SSLW,model_assisted_not_ground_truth,0,0,0,0,0,0,0,0,0,0,0
6.89,133.0000000000199,123,210.0000000000199,130.00000000007958,255.00000000000995,246,261.9999999999801,181.00000000006963,14.770000000004476,1021.9999999997825,SSLW,model_assisted_not_ground_truth,0,0,0,0,0,0,0,0,0,0,0
6.90,130.00000000002717,120.00000000002717,208.00000000001813,127.00000000002717,249.00000000005434,248.99999999997283,262.99999999999096,164.00000000015402,15.120000000001504,1005.0000000000274,SSLW,model_assisted_not_ground_truth,0,0,0,0,0,0,0,0,0,0,0
6.91,126.00000000003268,115.00000000004086,205.0000000000245,121.00000000004903,246.0000000000245,248.00000000000819,261.00000000001637,162.00000000001634,15.229999999999345,1006.9999999998689,SSLW,model_assisted_not_ground_truth,0,0,0,0,0,0,0,0,0,0,0
6.92,113.00000000009467,101.00000000010196,202.00000000002186,105.00000000011653,240.00000000004371,238.00000000007282,246.00000000010925,161.00000000000728,15.184999999999306,997.99999999986096,SSLW,model_assisted_not_ground_truth,0,0,0,0,0,0,0,0,0,0,0
6.93,100.00000000008313,83.000000000115108,190.00000000007674,88.000000000108713,235.00000000003197,229.00000000005755,229.00000000010871,154.00000000004476,15.139999999998366,988.99999999964041,SSLW,model_assisted_not_ground_truth,0,0,0,0,0,0,0,0,0,0,0
6.94,80.000000000108358,70.000000000070429,165.00000000013546,52.000000000195044,227.00000000004334,203.00000000014086,199.00000000016254,146.00000000004334,15.039999999996189,966.9999999988396,SSLW,model_assisted_not_ground_truth,0,0,0,0,0,0,0,0,0,0,0
6.95,48.000000000144951,59.000000000049823,137.00000000012682,52,217.0000000000453,189.00000000006341,160.00000000017667,142.00000000001813,14.819999999996176,899.99999999868908,SSLW,model_assisted_not_ground_truth,0,0,0,0,0,0,0,0,0,0,0
6.96,26.000000000080114,56.000000000010928,83.00000000019665,50.000000000007283,207.00000000003641,172.0000000000619,129.00000000011289,124.00000000006554,14.610000000001719,827.99999999921704,SSLW,model_assisted_not_ground_truth,0,0,0,0,0,0,0,0,0,0,0
6.97,7.1587180627830094e-11,42.000000000038547,51.000000000088107,48.000000000005507,194.00000000003578,140.00000000008811,76.000000000145931,106.00000000004957,14.6999999999988,786.99999999860108,SSLW,model_assisted_not_ground_truth,0,0,0,0,0,0,0,0,0,0,0
6.98,0,42,45.000000000010658,46.000000000003553,180.00000000002487,106.0000000000604,55.000000000037303,92.000000000024869,14.639999999996332,716.99999999914064,SSLW,model_assisted_not_ground_truth,0,0,0,0,0,0,0,0,0,0,0
6.99,0,40.000000000001776,38.000000000006217,43.000000000002665,172.00000000000711,76.000000000026645,49.000000000005329,49.000000000038192,14.464999999996177,675.99999999910415,SSLW,model_assisted_not_ground_truth,0,0,0,0,0,0,0,0,0,0,0
7.00,0,40,37,43,168,62,49,43,14.289999999986811,634.99999999854481,SSLW,model_assisted_not_ground_truth,0,0,0,0,0,0,0,0,0,0,0
7.01,0,38.999999999999112,36,41.999999999999112,166.00000000000088,59.999999999999112,49,37.999999999999112,13.70999999992747,571.00000000255159,SSLW,model_assisted_not_ground_truth,0,0,0,0,0,0,0,0,0,0,0
7.02,0,38,36,41.000000000001869,166.99999999999253,58.999999999990671,48.999999999998131,36.999999999998131,10.639999999986223,679.00000000123009,SSLW,model_assisted_not_ground_truth,0,0,0,0,0,0,0,0,0,0,0
7.03,0,37.999999999997243,35.999999999997243,41.999999999997243,162.99999999996146,53.999999999988987,47.999999999997243,35.999999999997243,10.079999999937293,728.99999999739998,SSLW,model_assisted_not_ground_truth,0,0,0,0,0,0,0,0,0,0,0
7.04,0,37.000000000003645,34.999999999992717,41,148.99999999994174,50,46.999999999992717,34.999999999996355,7.6200000000018466,627.00000000018463,SSLW,model_assisted_not_ground_truth,0,0,0,0,0,0,0,0,0,0,0
7.05,0,38,33.000000000009059,41,133.00000000000907,49.999999999990941,44.999999999995467,33.999999999990941,7.6899999999998636,634.00000000005457,SSLW,model_assisted_not_ground_truth,0,0,0,0,0,0,0,0,0,0,0
7.06,0,38.000000000005507,35.000000000005507,41,134.99999999994492,47.999999999994493,44,32.000000000005507,7.6849999999998584,636.0000000000565,SSLW,model_assisted_not_ground_truth,0,0,0,0,0,0,0,0,0,0,0
7.07,0,39,36,40.999999999993605,124.99999999994884,47,43.999999999993605,33,7.6799999999976691,638.00000000032048,SSLW,model_assisted_not_ground_truth,0,0,0,0,0,0,0,0,0,0,0
7.08,0,38.999999999978151,35.999999999978151,39.999999999992717,117.00000000000729,47,43.000000000007283,33.000000000007283,7.6000000000002181,648.9999999999709,SSLW,model_assisted_not_ground_truth,0,0,0,0,0,0,0,0,0,0,0
7.09,0,36,33.000000000016342,38.999999999991829,117.99999999999183,47,43.999999999991829,34.000000000008171,7.630000000000245,644.999999999951,SSLW,model_assisted_not_ground_truth,0,0,0,0,0,0,0,0,0,0,0
7.10,0,36,34.999999999981704,37.999999999990848,116.99999999997256,47,43,34.999999999990848,7.6600000000004576,639,SSLW,model_assisted_not_ground_truth,0,0,0,0,0,0,0,0,0,0,0
7.11,0,36,33,37,114.00000000005018,47,42.99999999998996,34.000000000020073,7.7100000000006021,638.99999999995987,SSLW,model_assisted_not_ground_truth,0,0,0,0,0,0,0,0,0,0,0
7.12,0,35.999999999989072,33.000000000021849,37,119,47,42,35.999999999989072,7.7699999999989071,635.00000000038233,SSLW,model_assisted_not_ground_truth,0,0,0,0,0,0,0,0,0,0,0
7.13,0,34.999999999976374,34.999999999988191,37,119.00000000004725,47,42.000000000011809,35.000000000011809,7.6700000000001181,669.99999999997635,SSLW,model_assisted_not_ground_truth,0,0,0,0,0,0,0,0,0,0,0
7.14,0,33.000000000019895,34.000000000009948,37,122.99999999996021,47,42.999999999990052,35.999999999990052,7.6800000000001276,667.99999999997442,SSLW,model_assisted_not_ground_truth,0,0,0,0,0,0,0,0,0,0,0
7.15,0,33,34,36.000000000009059,123.99999999999093,46.000000000009059,42.000000000009059,36,7.6899999999995901,665.99999999993156,SSLW,model_assisted_not_ground_truth,0,0,0,0,0,0,0,0,0,0,0
7.16,0,33,33.000000000008171,36.999999999991829,120.00000000003268,46,42.999999999991829,35.000000000008171,7.6600000000017481,660.99999999994168,SSLW,model_assisted_not_ground_truth,0,0,0,0,0,0,0,0,0,0,0
7.17,0,32.000000000007283,32.000000000007283,36.000000000007283,113.00000000005099,46,42.000000000007283,35,7.7799999999996912,656.99999999978365,SSLW,model_assisted_not_ground_truth,0,0,0,0,0,0,0,0,0,0,0
7.18,0,31.000000000006395,32.999999999993605,36,113.99999999999361,45.000000000006395,42,34.000000000006395,7.7599999999993461,643.00000000075181,SSLW,model_assisted_not_ground_truth,0,0,0,0,0,0,0,0,0,0,0
7.19,0,30.000000000005418,30.000000000016254,36.999999999994586,110.00000000002167,45,42,34.999999999994586,7.7199999999999998,688.99999999996533,SSLW,model_assisted_not_ground_truth,0,0,0,0,0,0,0,0,0,0,0
7.20,0,30.99999999999547,29.00000000000453,37,103.0000000000317,45,42,34.000000000004533,7.71999999999918,686.99999999993622,SSLW,model_assisted_not_ground_truth,0,0,0,0,0,0,0,0,0,0,0
7.21,0,30.000000000003642,27.000000000007283,37,102.00000000000364,45,42,34.999999999996362,7.674999999999141,683.49999999993315,SSLW,model_assisted_not_ground_truth,0,0,0,0,0,0,0,0,0,0,0
7.22,0,31.999999999994493,27.999999999997247,37.999999999997243,100.00000000000551,45,42,35.999999999997243,7.6300000000009991,679.99999999995998,SSLW,model_assisted_not_ground_truth,0,0,0,0,0,0,0,0,0,0,0
7.23,0,32.999999999998224,26.000000000003553,37.000000000001776,100.99999999999822,45,42,34.000000000003553,7.6799999999987421,677.99999999985323,SSLW,model_assisted_not_ground_truth,0,0,0,0,0,0,0,0,0,0,0
7.24,0,33.999999999999112,25.000000000000888,37,99.000000000001776,43.000000000001776,42,34.999999999999112,7.620000000003059,671.00000000056809,SSLW,model_assisted_not_ground_truth,0,0,0,0,0,0,0,0,0,0,0
7.25,0,35,23,37,99,43,42,35,7.7600000000002272,697,SSLW,model_assisted_not_ground_truth,0,0,0,0,0,0,0,0,0,0,0
7.26,0,34,24,37,99,45,42,36,7.7699999999997633,696.99999999995271,SSLW,model_assisted_not_ground_truth,0,0,0,0,0,0,0,0,0,0,0
7.27,0,34,24,37,99.000000000005599,45.000000000001869,42,35.999999999998131,7.7599999999995077,694.99999999992622,SSLW,model_assisted_not_ground_truth,0,0,0,0,0,0,0,0,0,0,0
7.28,0,34,23.999999999997247,36.999999999997243,102,46,42.000000000002757,34.999999999997243,7.7400000000006379,692.00000000006378,SSLW,model_assisted_not_ground_truth,0,0,0,0,0,0,0,0,0,0,0
7.29,0,33.999999999996355,23.000000000007283,36,102.0000000000182,46,42.999999999996355,34,7.7650000000006596,694.50000000006594,SSLW,model_assisted_not_ground_truth,0,0,0,0,0,0,0,0,0,0,0
7.30,0,32.999999999995467,24.999999999981881,35.999999999977348,107.00000000001359,45.999999999995467,42,34,7.79,696.99999999991815,SSLW,model_assisted_not_ground_truth,0,0,0,0,0,0,0,0,0,0,0
7.31,0,32,21.000000000011013,31.000000000005507,110,45,41.999999999994493,34,7.79,693.9999999999153,SSLW,model_assisted_not_ground_truth,0,0,0,0,0,0,0,0,0,0,0
7.32,0,32,22.999999999980815,31.999999999980815,109.99999999996803,45,41.000000000006395,33.999999999993605,7.7900000000026219,690.99999999953388,SSLW,model_assisted_not_ground_truth,0,0,0,0,0,0,0,0,0,0,0
7.33,0,32,20.000000000007283,28.999999999992717,104.9999999999563,45,42,33,7.8800000000005097,674.99999999992713,SSLW,model_assisted_not_ground_truth,0,0,0,0,0,0,0,0,0,0,0
7.34,0,32,21,27.999999999975486,98.999999999975486,45.000000000008171,42,33,7.950000000000327,665.00000000000819,SSLW,model_assisted_not_ground_truth,0,0,0,0,0,0,0,0,0,0,0
7.35,0,31.999999999990852,21.000000000027445,24.999999999990852,95.999999999990848,46,41.999999999990848,33.000000000009152,7.9899999999999087,665.99999999999545,SSLW,model_assisted_not_ground_truth,0,0,0,0,0,0,0,0,0,0,0
7.36,0,31.000000000010036,24.000000000030109,23.999999999989964,94.999999999959854,46,41,34,7.9799999999998992,665.499999999995,SSLW,model_assisted_not_ground_truth,0,0,0,0,0,0,0,0,0,0,0
7.37,0,32,27.000000000010925,22.999999999989075,90.999999999814278,46,40.999999999978151,34,7.9699999999994535,665.00000000002183,SSLW,model_assisted_not_ground_truth,0,0,0,0,0,0,0,0,0,0,0
7.38,0,32,28.000000000011813,22.000000000023626,73.999999999432987,46,38.999999999976374,34,7.9199999999975192,667.00000000028353,SSLW,model_assisted_not_ground_truth,0,0,0,0,0,0,0,0,0,0,0
7.39,0,32,28.999999999990052,23.999999999980105,26.000000000477485,46,37.000000000019895,34,7.71,691.00000000005116,SSLW,model_assisted_not_ground_truth,0,0,0,0,0,0,0,0,0,0,0
7.40,0,33.999999999981881,29.999999999990941,24,19.000000000063416,45.000000000009059,37,34,7.7099999999997264,694.99999999994532,SSLW,model_assisted_not_ground_truth,0,0,0,0,0,0,0,0,0,0,0
7.41,0,34,31.999999999983658,24,35.999999999861089,45.999999999991829,37.999999999991829,34.999999999991829,7.6900000000004374,690.99999999989802,SSLW,model_assisted_not_ground_truth,0,0,0,0,0,0,0,0,0,0,0
7.42,0,34,32,24,7.0000000002112088,45.000000000007283,38,35,7.7199999999996907,683.99999999993815,SSLW,model_assisted_not_ground_truth,0,0,0,0,0,0,0,0,0,0,0
7.43,0,35.99999999998721,32.999999999993605,24,18.999999999923261,45.999999999993605,38.999999999993605,35,7.7000000000005722,679.99999999991826,SSLW,model_assisted_not_ground_truth,0,0,0,0,0,0,0,0,0,0,0
7.44,0,37.999999999989164,33,24.999999999994582,35.999999999907899,46,39,34.000000000005414,7.7350000000006061,674.99999999991337,SSLW,model_assisted_not_ground_truth,0,0,0,0,0,0,0,0,0,0,0
7.45,0,39.999999999990941,33,25.99999999999547,36.999999999995467,46.999999999995467,39.999999999995467,36.999999999986414,7.7700000000025486,670.00000000040052,SSLW,model_assisted_not_ground_truth,0,0,0,0,0,0,0,0,0,0,0
7.46,0,46.499999999976332,33,26.499999999998181,37,47.499999999998181,40.499999999998181,37,7.9099999999996182,692.0000000000573,SSLW,model_assisted_not_ground_truth,0,0,0,0,0,0,0,0,0,0,0
7.47,0,52.999999999982101,33,26.999999999998622,37,47.999999999998622,40.999999999998622,37,7.8899999999994002,695.00000000019986,SSLW,model_assisted_not_ground_truth,0,0,0,0,0,0,0,0,0,0,0
7.48,0,65.999999999976907,33,28.999999999996447,84.999999999914735,49.999999999996447,41.999999999998224,37.999999999998224,7.8600000000000003,704.99999999997908,SSLW,model_assisted_not_ground_truth,0,0,0,0,0,0,0,0,0,0,0
7.49,0,70.999999999995566,32.000000000000888,29,101.99999999998491,50,42.999999999999112,38,7.8599999999981431,704.00000000017485,SSLW,model_assisted_not_ground_truth,0,0,0,0,0,0,0,0,0,0,0
7.50,0,88,32,29.5,107,51.5,42.5,38.5,7.7749999999980677,712.0000000001819,SSLW,model_assisted_not_ground_truth,0,0,0,0,0,0,0,0,0,0,0
7.51,0,105.00000000009948,32.000000000001776,30.000000000005329,112.00000000005774,53.000000000007994,42.000000000000888,39.000000000000888,7.6900000000035442,720.00000000222076,SSLW,model_assisted_not_ground_truth,0,0,0,0,0,0,0,0,0,0,0
7.52,0,217.000000000097,34.000000000001869,36.000000000007461,177.00000000008021,62.000000000080206,43.000000000007461,40.000000000057824,7.8399999999881906,814.00000000329669,SSLW,model_assisted_not_ground_truth,0,0,0,0,0,0,0,0,0,0,0
7.53,9.9120711638624126e-11,269.00000000012943,35.000000000011013,40.00000000001377,220.00000000012116,105.00000000019274,47.000000000154188,71.000000000195485,7.3599999999905688,948.00000000364514,SSLW,model_assisted_not_ground_truth,0,0,0,0,0,0,0,0,0,0,0
7.54,36.000000000247624,316.00000000020395,39,45.000000000131095,264.0000000001566,175.00000000013839,103.00000000005826,142.00000000016752,6.9899999999986813,1091.000000000897,SSLW,model_assisted_not_ground_truth,0,0,0,0,0,0,0,0,0,0,0
7.55,104.00000000033067,372.00000000014495,39,81.00000000005889,307.00000000009061,213.00000000004076,119.00000000005436,187.99999999997735,6.9399999999926383,1125.0000000005725,SSLW,model_assisted_not_ground_truth,0,0,0,0,0,0,0,0,0,0,0
7.56,176.99999999990638,404.0000000001707,38.999999999988987,93.999999999900879,326.99999999987335,221.99999999998897,130.99999999990638,182.99999999978525,6.670000000000706,1145.9999999998588,SSLW,model_assisted_not_ground_truth,0,0,0,0,0,0,0,0,0,0,0
7.57,159.99999999979536,435.00000000014711,36.99999999998721,75.999999999846523,303.99999999982094,219.99999999985931,113.99999999960991,143.99999999960991,6.6950000000004444,1140.9999999999111,SSLW,model_assisted_not_ground_truth,0,0,0,0,0,0,0,0,0,0,0
7.58,127.99999999965041,457.99999999996356,35,51.999999999992717,275.99999999986892,197.9999999999126,52.999999999992717,82.999999999752376,6.7200000000004367,1135.9999999999127,SSLW,model_assisted_not_ground_truth,0,0,0,0,0,0,0,0,0,0,0
7.59,80.000000000040856,453.00000000007356,35,51.000000000008171,258.00000000007356,185.99999999991829,52.000000000008171,48.999999999959144,6.7799999999999185,1124.0000000001226,SSLW,model_assisted_not_ground_truth,0,0,0,0,0,0,0,0,0,0,0
7.60,85.000000000338488,462.00000000004576,35,52,267.00000000024698,176.00000000002746,53.000000000247006,44.000000000237854,6.7699999999999081,1139.0000000002103,SSLW,model_assisted_not_ground_truth,0,0,0,0,0,0,0,0,0,0,0
7.61,122.00000000021076,467.00000000001006,35.00000000001004,52.000000000461675,294.00000000029104,179.00000000027097,80.000000000170616,70.00000000079288,6.7600000000018063,1161.9999999999397,SSLW,model_assisted_not_ground_truth,0,0,0,0,0,0,0,0,0,0,0
7.62,143.00000000012017,467.99999999992355,36.000000000010928,98.000000000207564,323.00000000007645,206.00000000009831,97.000000000076469,149.00000000015294,6.9400000000136561,1156.0000000005025,SSLW,model_assisted_not_ground_truth,0,0,0,0,0,0,0,0,0,0,0
7.63,153.99999999996456,460.99999999994094,36.999999999988191,117.00000000004725,329.99999999996459,214.99999999998818,103.99999999996456,162.99999999982282,8.1900000000027173,1201.9999999997283,SSLW,model_assisted_not_ground_truth,0,0,0,0,0,0,0,0,0,0,0
7.64,151.00000000002984,456.00000000004974,36.000000000009948,120.99999999996021,327.00000000002984,214.00000000000995,101.00000000002984,148.00000000014921,8.4200000000010871,1178.9999999999425,SSLW,model_assisted_not_ground_truth,0,0,0,0,0,0,0,0,0,0,0
7.65,131.00000000018119,453.00000000002717,35.000000000009059,119.00000000001812,312.00000000013591,209.0000000000453,91.000000000090594,130.00000000016308,8.5050000000011625,1174.4999999999384,SSLW,model_assisted_not_ground_truth,0,0,0,0,0,0,0,0,0,0,0
7.66,85.000000000375877,437.00000000013074,35,102.00000000013891,291.00000000017161,179.00000000024514,86.000000000040856,65.000000000531131,8.5900000000014565,1169.9999999996942,SSLW,model_assisted_not_ground_truth,0,0,0,0,0,0,0,0,0,0,0
7.67,66.000000000138385,432.00000000003644,35,65.000000000269466,272.00000000013836,166.00000000009467,62.000000000174794,42.00000000016751,8.690000000001854,1148.9999999996601,SSLW,model_assisted_not_ground_truth,0,0,0,0,0,0,0,0,0,0,0
7.68,47.000000000121503,420.00000000007674,33.00000000001279,53.000000000076739,270.00000000001279,157.00000000005755,55.000000000044764,42.999999999993605,8.8100000000014713,1126.9999999996894,SSLW,model_assisted_not_ground_truth,0,0,0,0,0,0,0,0,0,0,0
7.69,28.00000000010294,408.00000000006503,33.999999999994586,52.000000000005414,270,139.00000000009751,54.000000000005414,43,8.9000000000084878,1108.0000000003984,SSLW,model_assisted_not_ground_truth,0,0,0,0,0,0,0,0,0,0,0
7.70,14.000000000063416,391.00000000007702,33.000000000004533,52,271.99999999999096,136.00000000001359,54,43,9.3900000000023685,1130.9999999995448,SSLW,model_assisted_not_ground_truth,0,0,0,0,0,0,0,0,0,0,0
7.71,5.0981441290787188e-11,368.00000000008373,32.000000000003638,52,272.99999999999636,135.00000000000364,54,43,9.5200000000013372,1105.9999999997613,SSLW,model_assisted_not_ground_truth,0,0,0,0,0,0,0,0,0,0,0
7.72,0,341.00000000007435,33.999999999994493,52,273.99999999999727,126.00000000002478,54,42.000000000002757,9.5900000000013996,1093.4999999997501,SSLW,model_assisted_not_ground_truth,0,0,0,0,0,0,0,0,0,0,0
7.73,0,313.00000000004974,32.000000000003553,52,270.00000000000711,121.00000000000888,53.000000000001776,42.999999999998224,9.6600000000031443,1080.999999999518,SSLW,model_assisted_not_ground_truth,0,0,0,0,0,0,0,0,0,0,0
7.74,0,295.00000000001597,34.999999999997335,52,260.00000000000887,108.00000000001154,53,40.000000000002665,9.8100000000026224,1057.9999999992353,SSLW,model_assisted_not_ground_truth,0,0,0,0,0,0,0,0,0,0,0
7.75,0,280,33,50,252,70,52,37,9.9299999999920416,1022.999999998272,SSLW,model_assisted_not_ground_truth,0,0,0,0,0,0,0,0,0,0,0
7.76,0,268.99999999997959,32.999999999999112,49.999999999999112,240.99999999999466,64.999999999997328,52.999999999999112,38.999999999999112,9.5800000000033076,946.99999999950387,SSLW,model_assisted_not_ground_truth,0,0,0,0,0,0,0,0,0,0,0
7.77,0,245.99999999997016,31.999999999994404,48.999999999998131,234.99999999998136,61.999999999998131,52,38,9.7200000000022158,925.99999999953252,SSLW,model_assisted_not_ground_truth,0,0,0,0,0,0,0,0,0,0,0
7.78,0,229.9999999999587,29.00000000000826,48,224.99999999997522,60.999999999988987,51.999999999997243,38.000000000002757,9.8100000000084133,906.99999999864895,SSLW,model_assisted_not_ground_truth,0,0,0,0,0,0,0,0,0,0,0
7.79,0,214.99999999992352,31.999999999992717,47.999999999996355,215.99999999996723,56.999999999996355,51,39.000000000003645,10.140000000000924,853.99999999996044,SSLW,model_assisted_not_ground_truth,0,0,0,0,0,0,0,0,0,0,0
7.80,0,193.99999999985957,30.00000000000453,47,206.99999999996828,56,50.999999999995467,39.999999999990941,10.175000000000955,852.49999999995907,SSLW,model_assisted_not_ground_truth,0,0,0,0,0,0,0,0,0,0,0
7.81,0,162.99999999986233,31,46.999999999988987,199.99999999997246,55.999999999977973,50,37.999999999994493,10.210000000000001,851.0000000000847,SSLW,model_assisted_not_ground_truth,0,0,0,0,0,0,0,0,0,0,0
7.82,0,137.99999999976339,31,44.999999999993605,194.99999999985292,51.999999999993605,50,36.99999999998721,10.21000000000204,854.00000000008743,SSLW,model_assisted_not_ground_truth,0,0,0,0,0,0,0,0,0,0,0
7.83,0,100.99999999976694,31.000000000007283,43.999999999992717,171.99999999997087,51,50,35.000000000007283,10.280000000000509,856.99999999999272,SSLW,model_assisted_not_ground_truth,0,0,0,0,0,0,0,0,0,0,0
7.84,0,68.999999999812061,32,43,167.99999999995097,50.999999999991829,49.999999999991829,35.999999999991829,10.350000000000081,856.00000000001637,SSLW,model_assisted_not_ground_truth,0,0,0,0,0,0,0,0,0,0,0
7.85,0,45.999999999972552,31.999999999981704,42.999999999990848,161.99999999994512,49.999999999990848,48.999999999981704,35,10.360000000000275,857.9999999999817,SSLW,model_assisted_not_ground_truth,0,0,0,0,0,0,0,0,0,0,0
7.86,0,42.99999999998996,30.000000000010036,42,155.99999999998997,48.999999999979927,46.999999999979927,34.99999999998996,10.390000000000402,856.00000000001501,SSLW,model_assisted_not_ground_truth,0,0,0,0,0,0,0,0,0,0,0
7.87,0,41.999999999989072,31.000000000010925,42,154.99999999995629,47,45,34,10.430000000000437,857.50000000001637,SSLW,model_assisted_not_ground_truth,0,0,0,0,0,0,0,0,0,0,0
7.88,0,40.999999999976374,32.000000000011809,41.999999999988191,151,47,45,34,10.470000000000592,859.00000000004729,SSLW,model_assisted_not_ground_truth,0,0,0,0,0,0,0,0,0,0,0
7.89,0,39.000000000019895,32.999999999990052,41.000000000009948,151,47,45,34,10.520000000000895,863.00000000003843,SSLW,model_assisted_not_ground_truth,0,0,0,0,0,0,0,0,0,0,0
7.90,0,38.000000000009059,32.000000000009059,41.999999999990941,146.0000000000453,47,45.999999999990941,34,10.590000000001504,866.00000000006844,SSLW,model_assisted_not_ground_truth,0,0,0,0,0,0,0,0,0,0,0
7.91,0,38.999999999991829,32.999999999991829,42.999999999991829,146.99999999999181,47.999999999991829,49.999999999967315,34.999999999991829,10.700000000000291,871.00000000010198,SSLW,model_assisted_not_ground_truth,0,0,0,0,0,0,0,0,0,0,0
7.92,0,38.000000000007283,35.999999999978151,43.999999999992717,147.99999999999272,48,50.999999999992717,35,10.720000000000928,878.00000000007731,SSLW,model_assisted_not_ground_truth,0,0,0,0,0,0,0,0,0,0,0
7.93,0,38,35.00000000000631,44.99999999999369,149.99999999998738,48.99999999999369,51,36.999999999987388,10.780000000000081,883.00000000003286,SSLW,model_assisted_not_ground_truth,0,0,0,0,0,0,0,0,0,0,0
7.94,0,38,36.999999999989164,46.999999999989164,155.99999999996749,53.999999999972914,51.999999999994586,37.999999999994586,10.785000000000085,885.00000000003467,SSLW,model_assisted_not_ground_truth,0,0,0,0,0,0,0,0,0,0,0
7.95,0,38,37.999999999995467,47.999999999995467,166.99999999995018,55.999999999990941,52.999999999995467,38,10.789999999999999,887.00000000012744,SSLW,model_assisted_not_ground_truth,0,0,0,0,0,0,0,0,0,0,0
7.96,0,38,41.999999999985434,49.999999999992717,178.99999999995629,61.999999999978151,83.999999999887109,41.999999999985434,10.789999999999043,893.9999999999427,SSLW,model_assisted_not_ground_truth,0,0,0,0,0,0,0,0,0,0,0
7.97,0,40.999999999991743,45.999999999988987,51.999999999994493,184.99999999998349,75.99999999996146,91.999999999977973,74.999999999909136,10.739999999999201,891.00000000011994,SSLW,model_assisted_not_ground_truth,0,0,0,0,0,0,0,0,0,0,0
7.98,28.999999999948486,41,69.999999999957367,51.000000000001776,198.99999999997513,95.999999999964473,145.99999999990408,92.999999999968026,10.700000000007545,897.00000000123669,SSLW,model_assisted_not_ground_truth,0,0,0,0,0,0,0,0,0,0,0
7.99,45.999999999984901,41.999999999999112,102.9999999999707,52.999999999998224,211.99999999998846,125.99999999997335,181.99999999996803,117.9999999999778,11.060000000001311,956.00000000004366,SSLW,model_assisted_not_ground_truth,0,0,0,0,0,0,0,0,0,0,0
8.00,77,68,137,92,221,142,215,121,11.120000000002046,958,SSLW,model_assisted_not_ground_truth,0,0,0,0,0,0,0,0,0,0,0
8.01,94.000000000009777,82.000000000015987,155.00000000000978,99.000000000006224,230.00000000000711,159.00000000001421,226.00000000000978,135.0000000000089,11.210000000002719,958.00000000012994,SSLW,model_assisted_not_ground_truth,0,0,0,0,0,0,0,0,0,0,0
8.02,105.00000000000711,100.00000000002487,166.00000000001421,106.00000000001776,238.00000000001066,175.00000000002842,237.00000000001245,145.00000000003732,11.32500000000282,963.50000000013483,SSLW,model_assisted_not_ground_truth,0,0,0,0,0,0,0,0,0,0,0
8.03,109.00000000002665,114.00000000001599,174.00000000001864,116.00000000001333,244.000000000016,191.0000000000453,244.000000000016,166.00000000002666,11.44000000000508,969.00000000040643,SSLW,model_assisted_not_ground_truth,0,0,0,0,0,0,0,0,0,0,0
8.04,119.00000000002612,120.0000000000112,181.0000000000224,120.99999999999626,250.00000000000372,208.00000000001492,250.00000000002612,176.00000000001492,11.640000000009529,984.99999999992065,SSLW,model_assisted_not_ground_truth,0,0,0,0,0,0,0,0,0,0,0
8.05,126.00000000000462,123.00000000002309,187.00000000001847,120.00000000000462,251.00000000000463,212.00000000003695,257.00000000002308,180.00000000004619,12.000000000016414,981.99999999920669,SSLW,model_assisted_not_ground_truth,0,0,0,0,0,0,0,0,0,0,0
8.06,127.00000000001101,128.00000000002203,191.00000000002203,121.00000000002203,252.00000000000551,220.00000000002203,262.00000000001103,189.99999999998897,12.600000000016664,952.99999999895499,SSLW,model_assisted_not_ground_truth,0,0,0,0,0,0,0,0,0,0,0
8.07,129.00000000001279,132.00000000000639,195.00000000002558,124.99999999999361,252.99999999998082,224.00000000002558,264.00000000001279,188.00000000006395,13.19000000000335,916.00000000011653,SSLW,model_assisted_not_ground_truth,0,0,0,0,0,0,0,0,0,0,0
8.08,130.99999999999272,133.00000000001458,199.00000000000728,123.99999999998543,250.00000000000728,228.00000000002186,266,197.99999999995629,13.305000000002146,920.00000000007458,SSLW,model_assisted_not_ground_truth,0,0,0,0,0,0,0,0,0,0,0
8.09,129.99999999996732,135.00000000000819,200.00000000001634,121.99999999991829,250.99999999999181,231.00000000001634,265.99999999999181,191.99999999994279,13.420000000003595,924.00000000000819,SSLW,model_assisted_not_ground_truth,0,0,0,0,0,0,0,0,0,0,0
8.10,125.9999999999547,135.99999999998187,201.99999999999093,111.9999999999547,249.99999999998187,233.00000000001813,264.99999999992752,184.99999999993659,13.860000000000905,925.00000000012687,SSLW,model_assisted_not_ground_truth,0,0,0,0,0,0,0,0,0,0,0
8.11,120.99999999988063,133.99999999990052,200.99999999997016,106.99999999991047,247.99999999995026,234.99999999999005,256.99999999985079,177.99999999997016,13.960000000001891,939.00000000020896,SSLW,model_assisted_not_ground_truth,0,0,0,0,0,0,0,0,0,0,0
8.12,108.99999999986784,123.99999999987885,197.99999999981276,97.999999999504396,242.99999999988987,233.99999999974668,241.99999999983478,174.99999999993392,14.15,960.00000000014313,SSLW,model_assisted_not_ground_truth,0,0,0,0,0,0,0,0,0,0,0
8.13,96.999999999738165,112.99999999984529,180.99999999970245,52.999999999988098,232.9999999999167,210.99999999986909,226.99999999963106,168.99999999990479,14.149999999999762,972.9999999999643,SSLW,model_assisted_not_ground_truth,0,0,0,0,0,0,0,0,0,0,0
8.14,75.000000000218847,100.00000000012932,156.00000000024869,52.000000000009948,226.00000000006963,200.00000000010942,196.00000000030838,161.00000000007958,14.129999999997315,969.99999999951399,SSLW,model_assisted_not_ground_truth,0,0,0,0,0,0,0,0,0,0,0
8.15,43.000000000289901,70.000000000271783,133.00000000020836,52,218.00000000007248,184.00000000014495,163.00000000029897,140.00000000019025,13.919999999998769,931.99999999945976,SSLW,model_assisted_not_ground_truth,0,0,0,0,0,0,0,0,0,0,0
8.16,3.5136338283336954e-10,42.000000000228795,76.000000000465761,50.000000000016342,211.00000000005718,167.00000000013893,144.00000000015524,114.00000000021245,13.829999999998689,892.49999999942463,SSLW,model_assisted_not_ground_truth,0,0,0,0,0,0,0,0,0,0,0
8.17,0,42,49.000000000196643,49.000000000007283,199.0000000000874,125.00000000030589,87.000000000415127,107.00000000005099,13.740000000000618,852.99999999916542,SSLW,model_assisted_not_ground_truth,0,0,0,0,0,0,0,0,0,0,0
8.18,0,41.000000000006395,44.000000000031974,47.00000000001279,174.00000000015987,100.00000000015987,59.000000000179057,98.000000000057554,13.780000000005392,798.99999999931356,SSLW,model_assisted_not_ground_truth,0,0,0,0,0,0,0,0,0,0,0
8.19,0,41,40.000000000022027,46.000000000005507,158.00000000008811,64.000000000198241,49.000000000055067,66.000000000176215,14.11000000000379,756.99999999927627,SSLW,model_assisted_not_ground_truth,0,0,0,0,0,0,0,0,0,0,0
8.20,0,39.000000000009237,37.000000000013856,43.000000000013856,146.00000000005542,60.000000000018474,43.000000000027711,47.000000000087752,14.329999999996557,714.99999999878605,SSLW,model_assisted_not_ground_truth,0,0,0,0,0,0,0,0,0,0,0
8.21,0,37.000000000007105,37,41.000000000007105,144.00000000000711,54.000000000021316,43.999999999996447,37.000000000035527,14.139999999993286,647.99999999913666,SSLW,model_assisted_not_ground_truth,0,0,0,0,0,0,0,0,0,0,0
8.22,0,36.000000000002665,37,39.000000000005329,144.99999999999733,50.000000000010658,44,36.000000000002665,13.789999999971595,603.00000000087311,SSLW,model_assisted_not_ground_truth,0,0,0,0,0,0,0,0,0,0,0
8.23,0,36,36.000000000001776,38.000000000001776,142.00000000000534,49.000000000001776,44,36,12.37499999997034,646.50000000091177,SSLW,model_assisted_not_ground_truth,0,0,0,0,0,0,0,0,0,0,0
8.24,0,34.000000000001776,36,38,141.00000000000088,49,44,35.000000000000888,10.959999999982085,690.00000000120167,SSLW,model_assisted_not_ground_truth,0,0,0,0,0,0,0,0,0,0,0
8.25,0,34,35,38,131,48,44,33,10.139999999944749,744.99999999754436,SSLW,model_assisted_not_ground_truth,0,0,0,0,0,0,0,0,0,0,0
8.26,0,34.999999999999112,34.999999999998224,36.999999999999112,123.99999999999555,47,42,33.999999999998224,7.7100000000004725,637.00000000009447,SSLW,model_assisted_not_ground_truth,0,0,0,0,0,0,0,0,0,0,0
8.27,0,34,33.000000000001776,36,119.00000000000178,47,41.999999999998224,31.999999999998224,7.7299999999995102,641.00000000029422,SSLW,model_assisted_not_ground_truth,0,0,0,0,0,0,0,0,0,0,0
8.28,0,34,34.000000000002665,35.999999999997335,120.00000000000267,47,41.000000000002665,31.000000000002665,7.7099999999987299,653.00000000025398,SSLW,model_assisted_not_ground_truth,0,0,0,0,0,0,0,0,0,0,0
8.29,0,34,34.99999999999627,35,120.9999999999888,46.99999999999627,41.999999999992539,32.00000000000373,7.6600000000002648,662.99999999984118,SSLW,model_assisted_not_ground_truth,0,0,0,0,0,0,0,0,0,0,0
8.30,0,34,34.000000000004619,35,117.99999999995381,46,40.000000000004619,33.000000000004619,7.6700000000006838,656.99999999994532,SSLW,model_assisted_not_ground_truth,0,0,0,0,0,0,0,0,0,0,0
8.31,0,34,35,35,108.00000000001653,46,40.999999999994493,33.999999999994493,7.6950000000007055,654.9999999999435,SSLW,model_assisted_not_ground_truth,0,0,0,0,0,0,0,0,0,0,0
8.32,0,34,35,34.999999999993605,111.00000000005755,46,40,33.000000000006395,7.7200000000008737,652.99999999994179,SSLW,model_assisted_not_ground_truth,0,0,0,0,0,0,0,0,0,0,0
8.33,0,33.999999999992717,34.999999999992717,34.000000000007283,120.00000000002913,46,40.000000000007283,34.000000000021849,7.75,650.99999999994907,SSLW,model_assisted_not_ground_truth,0,0,0,0,0,0,0,0,0,0,0
8.34,0,33.000000000008171,34,34.999999999983658,124.00000000006537,46,41,37,7.7500000000001634,644.00000000017155,SSLW,model_assisted_not_ground_truth,0,0,0,0,0,0,0,0,0,0,0
8.35,0,34,33.999999999990941,32.999999999990941,131.99999999998187,46,41,36.999999999981881,7.769999999999456,665.00000000009061,SSLW,model_assisted_not_ground_truth,0,0,0,0,0,0,0,0,0,0,0
8.36,0,33.999999999980105,33.000000000009948,32.000000000019895,130.0000000000199,46,41.000000000009948,35.000000000019895,7.7100000000003979,674.99999999993031,SSLW,model_assisted_not_ground_truth,0,0,0,0,0,0,0,0,0,0,0
8.37,0,32.000000000011013,34,33.999999999988987,131.99999999998897,45.999999999977973,42,36.999999999988987,7.7500000000001101,667.99999999993395,SSLW,model_assisted_not_ground_truth,0,0,0,0,0,0,0,0,0,0,0
8.38,0,32.999999999988098,33.999999999988098,33.000000000047606,130.9999999999167,44,42,36,7.7600000000001188,661.9999999999286,SSLW,model_assisted_not_ground_truth,0,0,0,0,0,0,0,0,0,0,0
8.39,0,32.000000000009948,33.000000000009948,36.99999999996021,124.00000000006963,44,42,36,7.7700000000005112,656.00000000030695,SSLW,model_assisted_not_ground_truth,0,0,0,0,0,0,0,0,0,0,0
8.40,0,32,32.000000000009059,37,122.00000000001812,44,42,35.000000000009059,7.8099999999983583,680.00000000019145,SSLW,model_assisted_not_ground_truth,0,0,0,0,0,0,0,0,0,0,0
8.41,0,32,29.000000000024514,37,116.00000000004903,44,42,35,7.6900000000000004,693.9999999999709,SSLW,model_assisted_not_ground_truth,0,0,0,0,0,0,0,0,0,0,0
8.42,0,32.999999999992717,28.000000000007283,37.999999999992717,109.00000000005099,44,42,35,7.6900000000000004,691.99999999995362,SSLW,model_assisted_not_ground_truth,0,0,0,0,0,0,0,0,0,0,0
8.43,0,33,27.000000000006395,38,105.00000000002558,44,42,35,7.689999999999837,688.99999999985289,SSLW,model_assisted_not_ground_truth,0,0,0,0,0,0,0,0,0,0,0
8.44,0,33.499999999997243,26.500000000002753,38,103.50000000000826,44.499999999997243,42,35,7.6799999999999997,680.00000000001728,SSLW,model_assisted_not_ground_truth,0,0,0,0,0,0,0,0,0,0,0
8.45,0,33.999999999997691,26.000000000002309,38,102.00000000000693,44.999999999997691,42,35,7.6799999999999997,681.00000000001808,SSLW,model_assisted_not_ground_truth,0,0,0,0,0,0,0,0,0,0,0
8.46,0,34,26,38,106.99999999998224,45,42.999999999996447,35.999999999996447,7.6800000000009589,682.00000000038369,SSLW,model_assisted_not_ground_truth,0,0,0,0,0,0,0,0,0,0,0
8.47,0,32.000000000005329,25.000000000002665,38,105.00000000000533,45.999999999997335,42.000000000002665,35.000000000002665,7.7300000000000004,701.99999999993975,SSLW,model_assisted_not_ground_truth,0,0,0,0,0,0,0,0,0,0,0
8.48,0,33.999999999996447,23.000000000003553,37.000000000001776,109.99999999999112,45.000000000001776,42,35,7.7300000000000004,699.00000000002092,SSLW,model_assisted_not_ground_truth,0,0,0,0,0,0,0,0,0,0,0
8.49,0,33.000000000000888,23,37,109.00000000000088,45,42,35,7.7300000000006559,700.00000000004366,SSLW,model_assisted_not_ground_truth,0,0,0,0,0,0,0,0,0,0,0
8.50,0,33,23,36,111,46,42,35,7.7599999999999998,702.00000000002274,SSLW,model_assisted_not_ground_truth,0,0,0,0,0,0,0,0,0,0,0
8.51,0,30.999999999999112,22.999999999997335,35.999999999997335,111,46,42,34.999999999998224,7.7599999999997635,703,SSLW,model_assisted_not_ground_truth,0,0,0,0,0,0,0,0,0,0,0
8.52,0,30.000000000001776,19.999999999998224,32.999999999998224,111.00000000000178,45.999999999998224,42,33.000000000001776,7.7499999999996323,702.999999999951,SSLW,model_assisted_not_ground_truth,0,0,0,0,0,0,0,0,0,0,0
8.53,0,30.999999999994671,18.999999999992006,31.999999999997335,111.99999999998134,45,42,33.999999999994671,7.7349999999996193,700.99999999994918,SSLW,model_assisted_not_ground_truth,0,0,0,0,0,0,0,0,0,0,0
8.54,0,29.00000000000373,16.00000000000373,30.999999999992539,104.99999999999626,45.00000000000373,42,32.00000000000373,7.7200000000015878,698.99999999984118,SSLW,model_assisted_not_ground_truth,0,0,0,0,0,0,0,0,0,0,0
8.55,0,30,17.000000000004619,28.999999999986144,103.99999999997691,45.999999999995381,42,33,7.7800000000027358,692.99999999945283,SSLW,model_assisted_not_ground_truth,0,0,0,0,0,0,0,0,0,0,0
8.56,0,29.999999999994493,17.999999999994493,25.999999999988987,98.99999999996696,45,41.999999999994493,32.999999999994493,7.8800000000008472,673.0000000000847,SSLW,model_assisted_not_ground_truth,0,0,0,0,0,0,0,0,0,0,0
8.57,0,29.000000000006395,17.000000000031974,24,92.999999999827338,45,40.99999999998721,32.000000000006395,7.9100000000005828,676.00000000005821,SSLW,model_assisted_not_ground_truth,0,0,0,0,0,0,0,0,0,0,0
8.58,0,30,22.000000000029132,23.999999999985434,65.999999999781508,45.000000000007283,38.999999999992717,33,7.9300000000000725,677.99999999999636,SSLW,model_assisted_not_ground_truth,0,0,0,0,0,0,0,0,0,0,0
8.59,0,30.000000000008171,25.999999999991829,22.000000000008171,35.999999999893774,46,37.999999999991829,33.000000000008171,7.9400000000000812,677.49999999999591,SSLW,model_assisted_not_ground_truth,0,0,0,0,0,0,0,0,0,0,0
8.60,0,31.000000000009059,25.000000000018119,23.000000000009059,22.999999999963762,46,37,34,7.9500000000000002,677,SSLW,model_assisted_not_ground_truth,0,0,0,0,0,0,0,0,0,0,0
8.61,0,32.000000000009948,26.999999999970157,23.999999999990052,19.000000000029843,46,37.000000000009948,34.000000000009948,7.9499999999982096,677.00000000004979,SSLW,model_assisted_not_ground_truth,0,0,0,0,0,0,0,0,0,0,0
8.62,0,33.000000000022027,24,23,21.999999999845812,46,38.000000000011013,35.000000000011013,7.7699999999993388,682.00000000016519,SSLW,model_assisted_not_ground_truth,0,0,0,0,0,0,0,0,0,0,0
8.63,0,35.000000000023803,24.000000000011902,23.000000000023803,8.0000000003332445,46,39.000000000011902,35.999999999988098,7.710000000000238,697,SSLW,model_assisted_not_ground_truth,0,0,0,0,0,0,0,0,0,0,0
8.64,0,36.999999999980105,24.999999999990052,24.999999999980105,35.999999999721467,46,39.999999999990052,35.000000000009948,7.7300000000000004,696.99999999997442,SSLW,model_assisted_not_ground_truth,0,0,0,0,0,0,0,0,0,0,0
8.65,0,42.999999999945643,25.999999999990941,25,38.999999999972822,46.999999999990941,41.999999999981881,35.999999999990941,7.730000000000274,694.99999999991792,SSLW,model_assisted_not_ground_truth,0,0,0,0,0,0,0,0,0,0,0
8.66,0,64.999999999820233,26.999999999991829,28.999999999967315,84.999999999624123,49.999999999975486,42,36,7.7499999999998543,688.99999999985437,SSLW,model_assisted_not_ground_truth,0,0,0,0,0,0,0,0,0,0,0
8.67,0,67.999999999978144,27.999999999992717,30.999999999985434,94.999999999927169,51.999999999985434,42.999999999992717,36,7.740000000001082,679.00000000020862,SSLW,model_assisted_not_ground_truth,0,0,0,0,0,0,0,0,0,0,0
8.68,0,82.999999999904077,27.000000000006395,31.999999999993605,98.99999999997442,49.000000000019185,43.999999999993605,36.999999999993605,7.8100000000011445,692.50000000022067,SSLW,model_assisted_not_ground_truth,0,0,0,0,0,0,0,0,0,0,0
8.69,0,97.999999999917407,24.00000000001652,31.000000000005507,105.99999999996146,51.99999999998348,44,37.999999999994493,7.8799999999986214,706.00000000027569,SSLW,model_assisted_not_ground_truth,0,0,0,0,0,0,0,0,0,0,0
8.70,0,121.99999999989342,26.999999999986677,32.999999999991118,123.99999999992006,52.999999999995559,44.999999999995559,38.999999999995559,7.8000000000053058,722.00000000056718,SSLW,model_assisted_not_ground_truth,0,0,0,0,0,0,0,0,0,0,0
8.71,0,167.99999999983658,27.999999999996447,35.999999999989342,163.99999999985789,57.999999999982236,45,39,8.0899999999881054,753.00000000324223,SSLW,model_assisted_not_ground_truth,0,0,0,0,0,0,0,0,0,0,0
8.72,0,227.99999999984013,32.999999999986677,40.999999999986677,203.99999999989342,61.999999999989342,46.999999999994671,39.999999999997335,7.4699999999919706,922.00000000355294,SSLW,model_assisted_not_ground_truth,0,0,0,0,0,0,0,0,0,0,0
8.73,0,263.99999999993605,35.999999999994671,41.999999999998224,238.99999999993781,104.99999999992362,50.999999999992895,70.999999999944933,7.0699999999986378,1099.0000000008069,SSLW,model_assisted_not_ground_truth,0,0,0,0,0,0,0,0,0,0,0
8.74,16.999999999984901,307.99999999996089,36,46.999999999995559,266.9999999999751,148.99999999996092,64.999999999987566,132.99999999994492,7.0049999999985797,1137.5000000008413,SSLW,model_assisted_not_ground_truth,0,0,0,0,0,0,0,0,0,0,0
8.75,92,370,35,52,300,172,85,161,6.9400000000004551,1176.0000000008868,SSLW,model_assisted_not_ground_truth,0,0,0,0,0,0,0,0,0,0,0
8.76,150.99999999999645,394.00000000001955,36.999999999998224,52,317.99999999997158,195.00000000000355,101.99999999997956,151.99999999994847,6.9599999999952749,1214.9999999999764,SSLW,model_assisted_not_ground_truth,0,0,0,0,0,0,0,0,0,0,0
8.77,146.99999999990584,416.00000000004974,35,51.999999999996447,285.99999999995737,198.99999999992716,78.999999999952038,93.999999999916511,6.7600000000031866,1213.9999999993136,SSLW,model_assisted_not_ground_truth,0,0,0,0,0,0,0,0,0,0,0
8.78,93.999999999954696,443.99999999998931,34.999999999997335,49.999999999992006,261.99999999996004,157.99999999996004,51.999999999997335,46.999999999989342,6.8900000000053341,1186.0000000000762,SSLW,model_assisted_not_ground_truth,0,0,0,0,0,0,0,0,0,0,0
8.79,77.00000000002612,440.00000000004104,33.99999999999627,47.000000000011191,247.0000000000224,142.99999999994776,51.000000000007461,43,7.1000000000042345,1189.0000000000264,SSLW,model_assisted_not_ground_truth,0,0,0,0,0,0,0,0,0,0,0
8.80,84.000000000027711,451,33.000000000009237,50.000000000004619,253.00000000005082,128.99999999998153,53.000000000060041,43,7.2600000000284499,1190.0000000015045,SSLW,model_assisted_not_ground_truth,0,0,0,0,0,0,0,0,0,0,0
8.81,89.99999999996696,450.99999999997249,34.999999999988987,51.000000000005507,264.00000000004957,125.00000000009362,65.999999999955946,43.000000000082601,8.300000000002683,1244.9999999995905,SSLW,model_assisted_not_ground_truth,0,0,0,0,0,0,0,0,0,0,0
8.82,84.00000000001279,445.99999999985289,33.000000000006395,52.000000000294165,273.00000000008316,142.0000000001215,57.999999999968026,58.000000000249401,8.3950000000016871,1230.4999999997424,SSLW,model_assisted_not_ground_truth,0,0,0,0,0,0,0,0,0,0,0
8.83,86.000000000029132,422.99999999988347,34,98.000000000014566,286.00000000000728,161,53.000000000072831,96.999999999941735,8.4900000000008014,1215.9999999997524,SSLW,model_assisted_not_ground_truth,0,0,0,0,0,0,0,0,0,0,0
8.84,89.999999999910116,406.99999999985289,34.000000000008171,99.999999999615952,286.99999999991013,160.99999999986926,62.999999999959144,88.999999999722178,8.6000000000010619,1181.9999999997467,SSLW,model_assisted_not_ground_truth,0,0,0,0,0,0,0,0,0,0,0
8.85,78.999999999710099,388.99999999987318,34.999999999981881,52.999999999990941,275.99999999990939,144.9999999997554,57.999999999945643,54.999999999891287,8.7300000000009064,1150.9999999997644,SSLW,model_assisted_not_ground_truth,0,0,0,0,0,0,0,0,0,0,0
8.86,46.999999999532463,374.99999999986073,33,52,265.99999999988063,117.99999999976126,52.000000000009948,42.999999999980105,8.8300000000013927,1124.9999999997115,SSLW,model_assisted_not_ground_truth,0,0,0,0,0,0,0,0,0,0,0
8.87,0,360.99999999975768,32.999999999988987,51.999999999977973,253.99999999991189,93.999999999691624,53,40.999999999955946,8.9700000000058377,1096.0000000001762,SSLW,model_assisted_not_ground_truth,0,0,0,0,0,0,0,0,0,0,0
8.88,0,338.99999999977388,31.999999999988098,49.999999999988098,245.9999999999643,65.999999999976197,52.999999999988098,37,9.5000000000008935,1111.9999999998035,SSLW,model_assisted_not_ground_truth,0,0,0,0,0,0,0,0,0,0,0
8.89,0,320.000000000189,31.000000000009948,49.000000000009948,243.00000000002984,64.000000000019895,52.000000000009948,37,9.5750000000009585,1095.499999999789,SSLW,model_assisted_not_ground_truth,0,0,0,0,0,0,0,0,0,0,0
8.90,0,301.00000000017212,32.999999999981881,49.999999999990941,239.00000000003624,63.000000000009059,52,37.999999999990941,9.6500000000017785,1078.9999999997265,SSLW,model_assisted_not_ground_truth,0,0,0,0,0,0,0,0,0,0,0
8.91,0,289.00000000009805,33.999999999991829,49.000000000008171,237.00000000001634,63,52,38,9.7800000000017473,1058.9999999995775,SSLW,model_assisted_not_ground_truth,0,0,0,0,0,0,0,0,0,0,0
8.92,0,278.00000000008009,33.000000000007283,49,236.00000000000728,62.000000000007283,52,38.999999999992717,9.9000000000009276,1029.9999999995982,SSLW,model_assisted_not_ground_truth,0,0,0,0,0,0,0,0,0,0,0
8.93,0,254.00000000015348,32.000000000006395,49,232.00000000002558,61.000000000006395,52,38.000000000006395,9.9599999999947713,1003.9999999988887,SSLW,model_assisted_not_ground_truth,0,0,0,0,0,0,0,0,0,0,0
8.94,0,238.00000000008811,32.999999999994493,49,227.00000000002754,60.000000000005507,52,38,9.6400000000008621,935.99999999972431,SSLW,model_assisted_not_ground_truth,0,0,0,0,0,0,0,0,0,0,0
8.95,0,228.00000000004439,33,48.000000000004441,222.0000000000222,59.000000000004441,52,38,9.6899999999999995,919.99999999979877,SSLW,model_assisted_not_ground_truth,0,0,0,0,0,0,0,0,0,0,0
8.96,0,202.00000000009237,33,47.000000000003553,213.00000000003197,55.000000000014211,51.000000000003553,38,9.6899999999999995,908.999999999789,SSLW,model_assisted_not_ground_truth,0,0,0,0,0,0,0,0,0,0,0
8.97,0,184.00000000004798,32.000000000002665,47,205.00000000002132,54.000000000002665,51,38,9.6900000000046163,897.99999999885586,SSLW,model_assisted_not_ground_truth,0,0,0,0,0,0,0,0,0,0,0
8.98,0,166.00000000003197,32,47,198.00000000001245,53.000000000001776,51,37.000000000001776,9.9200000000008384,840.99999999981139,SSLW,model_assisted_not_ground_truth,0,0,0,0,0,0,0,0,0,0,0
8.99,0,137.00000000002575,33.999999999998224,47,193.00000000000443,50.000000000002665,51,37,9.9600000000000009,831.99999999991257,SSLW,model_assisted_not_ground_truth,0,0,0,0,0,0,0,0,0,0,0
9.00,0,125,32,47,185,50,51,37,9.9599999999997735,827.99999999990905,SSLW,model_assisted_not_ground_truth,0,0,0,0,0,0,0,0,0,0,0
9.01,0,105.999999999992,31.000000000000888,46.999999999999112,180.99999999999466,50,51,37,9.9500000000101583,824.00000000118132,SSLW,model_assisted_not_ground_truth,0,0,0,0,0,0,0,0,0,0,0
9.02,0,96.999999999918288,32,46,174.99999999998755,50,51,36.999999999998224,10.380000000000246,874.00000000002456,SSLW,model_assisted_not_ground_truth,0,0,0,0,0,0,0,0,0,0,0
9.03,0,50.999999999984013,32,46,167.99999999999466,49.999999999997335,51,36,10.390000000000382,875.00000000002535,SSLW,model_assisted_not_ground_truth,0,0,0,0,0,0,0,0,0,0,0
9.04,0,44.999999999992539,31.99999999999627,46,165.99999999999628,49,51,36,10.405000000000397,876.00000000002649,SSLW,model_assisted_not_ground_truth,0,0,0,0,0,0,0,0,0,0,0
9.05,0,42.999999999990763,31.000000000013856,46,164.99999999999537,49,51,36,10.420000000000273,877.00000000005468,SSLW,model_assisted_not_ground_truth,0,0,0,0,0,0,0,0,0,0,0
9.06,0,41,33.999999999988987,46,163.99999999999449,49,50.999999999988987,36.000000000005507,10.430000000001694,879.0000000001412,SSLW,model_assisted_not_ground_truth,0,0,0,0,0,0,0,0,0,0,0
9.07,0,41,32.000000000019185,46,162.99999999999361,48.999999999993605,49.00000000001279,37.000000000006395,10.490000000000874,884.00000000026216,SSLW,model_assisted_not_ground_truth,0,0,0,0,0,0,0,0,0,0,0
9.08,0,40.999999999985434,34.999999999985434,45.999999999992717,162.00000000001458,48.000000000007283,51.000000000007283,38,10.520000000000437,893.0000000000656,SSLW,model_assisted_not_ground_truth,0,0,0,0,0,0,0,0,0,0,0
9.09,0,38.999999999991829,33.000000000016342,45.000000000016342,164.00000000002453,49.000000000024514,52,38,10.580000000000327,902.00000000004491,SSLW,model_assisted_not_ground_truth,0,0,0,0,0,0,0,0,0,0,0
9.10,0,38,35.000000000009059,47.000000000009059,167.00000000000907,52.000000000018119,52,38.000000000018119,10.620000000000363,907.50000000004979,SSLW,model_assisted_not_ground_truth,0,0,0,0,0,0,0,0,0,0,0
9.11,0,38,36.000000000019895,48,168.00000000000995,54.000000000049738,52.000000000019895,40,10.660000000000498,913.00000000016917,SSLW,model_assisted_not_ground_truth,0,0,0,0,0,0,0,0,0,0,0
9.12,0,37.999999999988987,37.99999999996696,48.000000000011013,169.00000000006608,59,54.000000000176215,40.000000000011013,10.710000000001102,930.00000000019827,SSLW,model_assisted_not_ground_truth,0,0,0,0,0,0,0,0,0,0,0
9.13,0,37,35,49,175.00000000004761,59.000000000023803,70.00000000007141,41,10.810000000000834,948.00000000016666,SSLW,model_assisted_not_ground_truth,0,0,0,0,0,0,0,0,0,0,0
9.14,0,37,35,49,178.99999999996021,60.999999999980105,75.999999999940314,41,10.880000000001536,962.0000000003198,SSLW,model_assisted_not_ground_truth,0,0,0,0,0,0,0,0,0,0,0
9.15,0,37.999999999990941,36.999999999981881,49.999999999990941,181.99999999997283,60.000000000009059,76.999999999990933,41.999999999990941,11.000000000002188,987.00000000021885,SSLW,model_assisted_not_ground_truth,0,0,0,0,0,0,0,0,0,0,0
9.16,0,38,37.999999999991829,49.000000000008171,185.99999999996732,61.999999999983658,78.999999999983658,42.999999999991829,11.160000000002185,1003.0000000002767,SSLW,model_assisted_not_ground_truth,0,0,0,0,0,0,0,0,0,0,0
9.17,0,38,38.999999999992717,50.999999999985434,187.99999999998545,62,84.999999999956302,62.999999999854339,11.310000000002628,1022.0000000000773,SSLW,model_assisted_not_ground_truth,0,0,0,0,0,0,0,0,0,0,0
9.18,0,39.99999999998721,41.999999999980815,50.000000000006395,191.99999999997442,62.999999999993605,90.999999999961631,83.999999999865707,11.48000000000188,1027.0000000000491,SSLW,model_assisted_not_ground_truth,0,0,0,0,0,0,0,0,0,0,0
9.19,0,40,45.999999999977973,52.99999999998348,197.99999999996697,73.999999999939433,133.99999999976322,101.99999999990088,11.595000000001981,1030.0000000000516,SSLW,model_assisted_not_ground_truth,0,0,0,0,0,0,0,0,0,0,0
9.20,0,40.999999999995559,54.999999999960032,53,199.99999999999113,90.999999999924512,161.99999999987566,115.99999999993783,11.710000000002745,1033.0000000000366,SSLW,model_assisted_not_ground_truth,0,0,0,0,0,0,0,0,0,0,0
9.21,39.999999999857891,41,77.999999999918288,53,203.99999999998579,113.99999999991829,178.9999999999396,119.99999999998579,11.860000000003836,1035.0000000000769,SSLW,model_assisted_not_ground_truth,0,0,0,0,0,0,0,0,0,0,0
9.22,47.999999999978684,41.999999999997335,87.999999999973355,53,208.99999999998667,136.99999999993872,196.99999999995202,126.99999999998136,12.060000000003212,1038.9999999998997,SSLW,model_assisted_not_ground_truth,0,0,0,0,0,0,0,0,0,0,0
9.23,49.999999999996447,42,117.99999999994671,52.000000000001776,212.99999999999289,154.99999999996803,201.99999999999113,139.99999999997692,12.220000000015302,1033.999999998407,SSLW,model_assisted_not_ground_truth,0,0,0,0,0,0,0,0,0,0,0
9.24,46.000000000003553,42,132.99999999998667,52.999999999999112,216.99999999999645,158.99999999999645,204.99999999999733,133.00000000000622,12.950000000007101,957.99999999903866,SSLW,model_assisted_not_ground_truth,0,0,0,0,0,0,0,0,0,0,0
9.25,46,42,138,52,218,159,208,141,13.27500000000739,913.99999999899956,SSLW,model_assisted_not_ground_truth,0,0,0,0,0,0,0,0,0,0,0
9.26,44.000000000001776,41.999999999999112,141.99999999999733,52.000000000000888,217.99999999999912,157.99999999999557,209.99999999999733,132.00000000000443,13.600000000004252,869.99999999948022,SSLW,model_assisted_not_ground_truth,0,0,0,0,0,0,0,0,0,0,0
9.27,46.000000000005329,41,138.9999999999911,52.999999999998224,216.99999999999821,152.99999999999289,206.99999999998934,137.00000000000711,13.780000000003186,847.99999999906845,SSLW,model_assisted_not_ground_truth,0,0,0,0,0,0,0,0,0,0,0
9.28,49.000000000007994,40.999999999997335,133.99999999987742,52,215.99999999999201,148.99999999994404,200.99999999995202,140.999999999984,13.90999999999746,809.99999999956822,SSLW,model_assisted_not_ground_truth,0,0,0,0,0,0,0,0,0,0,0
9.29,51.999999999925393,39.999999999992539,87.999999999944038,52.00000000000373,212.99999999998136,127.99999999993658,182.99999999992539,134.99999999999253,13.809999999998412,792.99999999952354,SSLW,model_assisted_not_ground_truth,0,0,0,0,0,0,0,0,0,0,0
9.30,31.999999999852207,38,72.999999999884537,52.999999999990763,207.99999999996766,110.99999999993534,162.99999999989839,132.99999999988452,13.749999999994529,774.99999999920669,SSLW,model_assisted_not_ground_truth,0,0,0,0,0,0,0,0,0,0,0
9.31,0,37.999999999994493,47.999999999977973,50.999999999994493,200.99999999991741,96.999999999895365,140.99999999977422,107.99999999995595,13.549999999998166,745.999999999534,SSLW,model_assisted_not_ground_truth,0,0,0,0,0,0,0,0,0,0,0
9.32,0,37,43.999999999968026,49.999999999993605,185.99999999994884,77.999999999897682,99.999999999788969,99.999999999840128,13.484999999998845,729.49999999970692,SSLW,model_assisted_not_ground_truth,0,0,0,0,0,0,0,0,0,0,0
9.33,0,36.999999999992717,38.999999999985434,48.999999999985434,177.99999999992716,61.999999999985434,66.999999999876181,74.99999999980335,13.420000000001165,712.99999999989075,SSLW,model_assisted_not_ground_truth,0,0,0,0,0,0,0,0,0,0,0
9.34,0,36.000000000016342,37.000000000008171,46.999999999983658,167.99999999989376,59.999999999983658,49.999999999991829,47.999999999975486,13.580000000001307,697.99999999987745,SSLW,model_assisted_not_ground_truth,0,0,0,0,0,0,0,0,0,0,0
9.35,0,38,38,44.999999999954703,154.99999999997283,57.999999999963762,48.999999999981881,44.999999999927525,13.739999999998913,682.99999999963757,SSLW,model_assisted_not_ground_truth,0,0,0,0,0,0,0,0,0,0,0
9.36,0,37.999999999990052,38,40.000000000009948,151.99999999999005,53.99999999996021,46.999999999980105,37,13.619999999997612,642.99999999959209,SSLW,model_assisted_not_ground_truth,0,0,0,0,0,0,0,0,0,0,0
9.37,0,37.000000000011013,38,40.999999999988987,151.00000000001103,49.999999999977973,44.999999999988987,36.999999999977973,13.379999999989868,601.9999999994493,SSLW,model_assisted_not_ground_truth,0,0,0,0,0,0,0,0,0,0,0
9.38,0,37.999999999988098,37.999999999988098,39.999999999988098,151.99999999995239,47.999999999988098,44,35.000000000011902,12.459999999973817,552.00000000227317,SSLW,model_assisted_not_ground_truth,0,0,0,0,0,0,0,0,0,0,0
9.39,0,37.000000000009948,37.000000000009948,39.000000000009948,148.00000000003979,47.000000000009948,44,35.999999999990052,10.259999999998145,743.00000000012153,SSLW,model_assisted_not_ground_truth,0,0,0,0,0,0,0,0,0,0,0
9.40,0,37,35.000000000018119,38.000000000009059,142.00000000005434,47,41.000000000027178,35.000000000009059,10.114999999998016,752.50000000012994,SSLW,model_assisted_not_ground_truth,0,0,0,0,0,0,0,0,0,0,0
9.41,0,37,34.000000000008171,36.000000000016342,138.00000000003268,46.000000000008171,41.999999999991829,33.000000000016342,9.9700000000011659,762.00000000016018,SSLW,model_assisted_not_ground_truth,0,0,0,0,0,0,0,0,0,0,0
9.42,0,36.000000000007283,33.000000000007283,36,137.00000000000728,46.999999999992717,42.999999999992717,31.000000000014566,10.049999999965692,772.99999999840816,SSLW,model_assisted_not_ground_truth,0,0,0,0,0,0,0,0,0,0,0
9.43,0,36,33,35.000000000006395,122.00000000009592,46.000000000006395,42.000000000006395,31.999999999993605,7.8299999999985292,670.00000000001637,SSLW,model_assisted_not_ground_truth,0,0,0,0,0,0,0,0,0,0,0
9.44,0,36,33,35,119.00000000001651,46,42,32,7.7400000000006894,670.99999999998272,SSLW,model_assisted_not_ground_truth,0,0,0,0,0,0,0,0,0,0,0
9.45,0,36,34.999999999991118,34.000000000004441,118.00000000000443,46,42,31.000000000004441,7.7799999999998173,669.99999999996339,SSLW,model_assisted_not_ground_truth,0,0,0,0,0,0,0,0,0,0,0
9.46,0,36,33.000000000007105,34.999999999996447,117.00000000000355,45.000000000003553,41.000000000003553,31.999999999996447,7.7700000000003833,667.99999999993281,SSLW,model_assisted_not_ground_truth,0,0,0,0,0,0,0,0,0,0,0
9.47,0,36,33,35,117,45,41,32,7.7900000000004006,664.49999999992974,SSLW,model_assisted_not_ground_truth,0,0,0,0,0,0,0,0,0,0,0
9.48,0,35.000000000001776,33,35,116.00000000000178,45,40.000000000001776,31.000000000001776,7.8100000000010477,660.9999999999161,SSLW,model_assisted_not_ground_truth,0,0,0,0,0,0,0,0,0,0,0
9.49,0,34.000000000000888,33,35.999999999999112,115.00000000000088,45,40.999999999999112,32.999999999998224,7.8599999999984709,657.00000000065552,SSLW,model_assisted_not_ground_truth,0,0,0,0,0,0,0,0,0,0,0
9.50,0,33,33,35,116,45,41,33,7.7899999999997727,686.99999999988631,SSLW,model_assisted_not_ground_truth,0,0,0,0,0,0,0,0,0,0,0
9.51,0,32.999999999999112,33.999999999998224,35,116.99999999999645,44.000000000000888,41,34.000000000001776,7.7800000000011815,681.99999999981094,SSLW,model_assisted_not_ground_truth,0,0,0,0,0,0,0,0,0,0,0
9.52,0,31.999999999998224,32.000000000001776,35.000000000001776,112.99999999999645,45,41,36,7.8299999999992647,673.99999999968134,SSLW,model_assisted_not_ground_truth,0,0,0,0,0,0,0,0,0,0,0
9.53,0,31,32.999999999992006,36,111,45,41,36,7.7999999999989837,661.00000000106684,SSLW,model_assisted_not_ground_truth,0,0,0,0,0,0,0,0,0,0,0
9.54,0,31,30.000000000007461,36,110.9999999999888,44.99999999999627,41.00000000000373,35.99999999999627,7.7599999999997351,702.99999999997351,SSLW,model_assisted_not_ground_truth,0,0,0,0,0,0,0,0,0,0,0
9.55,0,31,31.999999999990763,36,107.99999999997691,44.000000000004619,41.999999999995381,35.000000000004619,7.7499999999997264,701.9999999999726,SSLW,model_assisted_not_ground_truth,0,0,0,0,0,0,0,0,0,0,0
9.56,0,31,29.999999999988987,36,102.99999999998899,45,41,35.999999999994493,7.7399999999997178,700.99999999997181,SSLW,model_assisted_not_ground_truth,0,0,0,0,0,0,0,0,0,0,0
9.57,0,31.000000000006395,27.999999999993605,36.000000000006395,101.00000000001279,45,41.000000000006395,34.999999999993605,7.7299999999997091,699.99999999988347,SSLW,model_assisted_not_ground_truth,0,0,0,0,0,0,0,0,0,0,0
9.58,0,32,27.000000000014566,37,103,45,41.999999999992717,34,7.7199999999995628,695.99999999992713,SSLW,model_assisted_not_ground_truth,0,0,0,0,0,0,0,0,0,0,0
9.59,0,32.000000000008171,28.999999999983658,37.000000000008171,103,45,41.000000000008171,33.999999999991829,7.6600000000010624,686.00000000021248,SSLW,model_assisted_not_ground_truth,0,0,0,0,0,0,0,0,0,0,0
9.60,0,33,27.000000000018119,37.999999999981881,103.00000000000907,45,42,33.000000000009059,7.7899999999998188,711.99999999996373,SSLW,model_assisted_not_ground_truth,0,0,0,0,0,0,0,0,0,0,0
9.61,0,33.000000000009948,28.999999999980105,36.000000000009948,104.00000000005969,45,42,33.999999999990052,7.7699999999999996,708.00000000001,SSLW,model_assisted_not_ground_truth,0,0,0,0,0,0,0,0,0,0,0
9.62,0,34,27.000000000011013,37.000000000005507,110.00000000003304,45,42,33.000000000005507,7.7699999999999996,709.00000000001103,SSLW,model_assisted_not_ground_truth,0,0,0,0,0,0,0,0,0,0,0
9.63,0,34,28.000000000000533,37.50000000000027,113.00000000000159,45,42,33.50000000000027,7.7699999999999996,709.9999999999643,SSLW,model_assisted_not_ground_truth,0,0,0,0,0,0,0,0,0,0,0
9.64,0,34,28.999999999990052,37.999999999995026,115.99999999997016,45,42,33.999999999995026,7.770000000000767,707.00000000003843,SSLW,model_assisted_not_ground_truth,0,0,0,0,0,0,0,0,0,0,0
9.65,0,34,28.000000000009059,37.000000000009059,120.9999999999547,45,42,35.999999999981881,7.8299999999998633,710.00000000001364,SSLW,model_assisted_not_ground_truth,0,0,0,0,0,0,0,0,0,0,0
9.66,0,34,27.000000000008171,36.000000000008171,120.00000000000817,45,42,36,7.819999999999709,710.9999999999709,SSLW,model_assisted_not_ground_truth,0,0,0,0,0,0,0,0,0,0,0
9.67,0,34,26.000000000007283,34.000000000014566,126.99999999994901,45.999999999992717,42,35.000000000007283,7.8000000000001544,708.99999999995362,SSLW,model_assisted_not_ground_truth,0,0,0,0,0,0,0,0,0,0,0
9.68,0,33.000000000006395,25.000000000006395,34.999999999993605,115.00000000007674,45.000000000006395,42,35,7.8099999999999996,705.99999999998363,SSLW,model_assisted_not_ground_truth,0,0,0,0,0,0,0,0,0,0,0
9.69,0,33,22.00000000001652,33.000000000011013,115,45,42,34.000000000005507,7.8099999999999996,704.99999999998272,SSLW,model_assisted_not_ground_truth,0,0,0,0,0,0,0,0,0,0,0
9.70,0,32.000000000004441,18.000000000017764,31.000000000008882,115.99999999999557,45.999999999995559,42,34,7.8100000000007315,703.99999999987187,SSLW,model_assisted_not_ground_truth,0,0,0,0,0,0,0,0,0,0,0
9.71,0,32.999999999996447,16.000000000007105,29.000000000007105,106.00000000003553,45.000000000003553,42,34,7.8500000000019181,696.99999999973136,SSLW,model_assisted_not_ground_truth,0,0,0,0,0,0,0,0,0,0,0
9.72,0,32.000000000002665,16,26.000000000007994,103.00000000000799,45,42,34,7.9500000000008031,682.99999999995987,SSLW,model_assisted_not_ground_truth,0,0,0,0,0,0,0,0,0,0,0
9.73,0,31.000000000001776,11.000000000008882,24.000000000003553,99.000000000007105,45,42,34,7.9900000000000002,681.00000000006287,SSLW,model_assisted_not_ground_truth,0,0,0,0,0,0,0,0,0,0,0
9.74,0,32.999999999998224,1.0000000000088818,22.000000000001776,85.000000000012434,45,42,33.000000000000888,7.9899999999997817,683.99999999997817,SSLW,model_assisted_not_ground_truth,0,0,0,0,0,0,0,0,0,0,0
9.75,0,34,0,22,78,45,42,34,7.9799999999956803,683.00000000027285,SSLW,model_assisted_not_ground_truth,0,0,0,0,0,0,0,0,0,0,0
9.76,0,34,0,22.000000000000888,79.000000000010658,45,42,33,7.7899999999995275,695.00000000008265,SSLW,model_assisted_not_ground_truth,0,0,0,0,0,0,0,0,0,0,0
9.77,0,34.000000000003553,0,23,91.000000000007105,45.000000000001776,42,33,7.7699999999995093,698.50000000008583,SSLW,model_assisted_not_ground_truth,0,0,0,0,0,0,0,0,0,0,0
9.78,0,36,1.5987211554616794e-11,23.000000000007994,95.000000000021316,46,42.000000000002665,33,7.750000000000508,702.00000000002535,SSLW,model_assisted_not_ground_truth,0,0,0,0,0,0,0,0,0,0,0
9.79,0,36.00000000000373,6.0000000000410338,26.000000000022382,103.00000000004104,46.00000000000373,43,33.000000000007461,7.7699999999992055,702.99999999992065,SSLW,model_assisted_not_ground_truth,0,0,0,0,0,0,0,0,0,0,0
9.80,0,37.000000000013856,17.000000000004619,32.000000000009237,114.00000000003233,47.000000000004619,43.000000000004619,35.000000000009237,7.7400000000000002,699.99999999989052,SSLW,model_assisted_not_ground_truth,0,0,0,0,0,0,0,0,0,0,0
9.81,0,40.000000000005507,18.00000000001652,34.000000000011013,121.00000000005507,48.000000000005507,44.00000000001652,37.000000000005507,7.7400000000045193,696.00000000031071,SSLW,model_assisted_not_ground_truth,0,0,0,0,0,0,0,0,0,0,0
9.82,0,41.000000000076739,21.00000000002558,36.000000000006395,131.00000000003837,48.999999999993605,47.000000000006395,38,7.8999999999986894,707.00000000030593,SSLW,model_assisted_not_ground_truth,0,0,0,0,0,0,0,0,0,0,0
9.83,0,53.000000000138378,25,37.000000000010928,137.00000000006918,48.000000000025494,48.000000000007283,38.000000000014566,7.8549999999991602,717.50000000019588,SSLW,model_assisted_not_ground_truth,0,0,0,0,0,0,0,0,0,0,0
9.84,0,72.000000000155254,25,38.500000000012257,146.50000000007762,51.500000000028599,49.000000000008171,40.000000000016342,7.8099999999991825,728.00000000012255,SSLW,model_assisted_not_ground_truth,0,0,0,0,0,0,0,0,0,0,0
9.85,0,91.000000000706635,25.000000000072475,40.000000000027178,156.00000000043485,55.000000000063416,50.000000000036238,42.000000000190248,7.7099999999980069,743.00000000068849,SSLW,model_assisted_not_ground_truth,0,0,0,0,0,0,0,0,0,0,0
9.86,0,169.0000000006068,33.000000000009948,43.000000000029843,204.00000000023874,62.000000000387956,54.000000000169109,63.000000000268585,7.4899999999974138,819.00000000088539,SSLW,model_assisted_not_ground_truth,0,0,0,0,0,0,0,0,0,0,0
9.87,0,230.00000000025332,34,46.00000000003304,228.00000000020927,101.0000000002423,71.000000000187228,90.000000000297362,7.2299999999983484,908.00000000090313,SSLW,model_assisted_not_ground_truth,0,0,0,0,0,0,0,0,0,0,0
9.88,0,253.00000000030943,34.000000000011902,49.000000000035705,247.00000000009521,123.0000000000833,87.999999999964302,117.00000000007141,7.079999999999762,990.00000000061891,SSLW,model_assisted_not_ground_truth,0,0,0,0,0,0,0,0,0,0,0
9.89,0,278.99999999974136,34.999999999990052,51.999999999970157,254.99999999992042,129.99999999993037,85.000000000029843,122.99999999994031,7.0600000000006391,1042.0000000002942,SSLW,model_assisted_not_ground_truth,0,0,0,0,0,0,0,0,0,0,0
9.90,41.999999999619504,296.99999999983692,33.000000000018119,52.999999999990941,263.99999999991849,153.99999999978257,95.999999999900353,123,7.1100000000010262,1065.0000000002051,SSLW,model_assisted_not_ground_truth,0,0,0,0,0,0,0,0,0,0,0
9.91,73.99999999973852,312.99999999986926,33.999999999991829,53,267.99999999996732,164.99999999991013,104.99999999992646,123.99999999999183,7.185000000001093,1080.0000000002185,SSLW,model_assisted_not_ground_truth,0,0,0,0,0,0,0,0,0,0,0
9.92,85.999999999912603,318.99999999995629,34,53,267.00000000000728,172.99999999994174,106.99999999998543,106.0000000001311,7.260000000018854,1095.0000000012981,SSLW,model_assisted_not_ground_truth,0,0,0,0,0,0,0,0,0,0,0
9.93,77.000000000057554,334.99999999989768,34.999999999993605,53.999999999993605,262.00000000003195,177.99999999996803,104.00000000001918,84.000000000140687,8.4800000000022884,1179.0000000001635,SSLW,model_assisted_not_ground_truth,0,0,0,0,0,0,0,0,0,0,0
9.94,65.00000000006608,346.99999999993395,34.000000000005507,53.000000000005507,255.00000000003854,174.00000000002203,91.000000000071594,68.000000000088107,8.6200000000010331,1188.9999999999827,SSLW,model_assisted_not_ground_truth,0,0,0,0,0,0,0,0,0,0,0
9.95,43.0000000000977,348.99999999999113,34,53,255.99999999999557,168.00000000002666,90.000000000004434,67.000000000004434,8.6800000000005486,1188.0000000000366,SSLW,model_assisted_not_ground_truth,0,0,0,0,0,0,0,0,0,0,0
9.96,43.999999999996447,350.99999999999289,34,53.999999999996447,257.99999999999289,166.00000000000711,90.999999999996447,62.000000000017764,8.7100000000005764,1190.0000000000191,SSLW,model_assisted_not_ground_truth,0,0,0,0,0,0,0,0,0,0,0
9.97,46.999999999992006,351,33.000000000002665,54,258,153.00000000003465,90.000000000002672,57.000000000013323,8.7400000000006024,1190.999999999739,SSLW,model_assisted_not_ground_truth,0,0,0,0,0,0,0,0,0,0,0
9.98,47,347.00000000000711,33,54,258,147.00000000001066,88.000000000003553,59.999999999994671,8.7700000000006284,1177.9999999997276,SSLW,model_assisted_not_ground_truth,0,0,0,0,0,0,0,0,0,0,0
9.99,50.999999999996447,344.00000000000267,33.999999999999112,53.000000000000888,258,141.00000000000534,87.000000000000881,57.000000000002665,8.8000000000021856,1164.9999999992572,SSLW,model_assisted_not_ground_truth,0,0,0,0,0,0,0,0,0,0,0
10.00,35,335,33,53,255,124,85,47,8.9000000000052299,1130.9999999995225,SSLW,model_assisted_not_ground_truth,0,0,0,0,0,0,0,0,0,0,0
10.01,12.999999999991118,323.99999999998846,33.000000000000888,51.999999999999112,248.99999999999378,104.99999999998489,82.999999999994671,42.999999999999112,9.1300000000023633,1109.9999999992913,SSLW,model_assisted_not_ground_truth,0,0,0,0,0,0,0,0,0,0,0
10.02,2.9999999999946709,310.9999999999751,34.000000000001776,50.999999999998224,241.99999999998755,87.999999999985789,76.999999999994671,41.999999999998224,9.2300000000026969,1079.9999999995832,SSLW,model_assisted_not_ground_truth,0,0,0,0,0,0,0,0,0,0,0
10.03,0,296.99999999997601,35,50,234.99999999998136,79.999999999981341,73.99999999998667,41,9.340000000002286,1062.9999999994666,SSLW,model_assisted_not_ground_truth,0,0,0,0,0,0,0,0,0,0,0
10.04,0,287.99999999994031,34.999999999992539,50,227.99999999998136,72.999999999970157,68.999999999944038,40.99999999999627,9.4299999999992057,1041.9999999991267,SSLW,model_assisted_not_ground_truth,0,0,0,0,0,0,0,0,0,0,0
10.05,0,271.99999999990763,33.000000000009237,50,222.99999999997689,65,54,39.999999999995381,9.4000000000015049,1008.9999999997538,SSLW,model_assisted_not_ground_truth,0,0,0,0,0,0,0,0,0,0,0
10.06,0,251.99999999990638,35,50,217.99999999997797,64.999999999994486,54,39.000000000005507,9.4550000000015544,999.9999999997458,SSLW,model_assisted_not_ground_truth,0,0,0,0,0,0,0,0,0,0,0
10.07,0,234.99999999988489,35,50,213.99999999998721,64,54,40,9.5100000000064089,990.99999999959221,SSLW,model_assisted_not_ground_truth,0,0,0,0,0,0,0,0,0,0,0
10.08,0,216.9999999999126,35,49.999999999992717,211.99999999997087,63.999999999985434,53.999999999992717,40,9.7300000000011657,976.99999999983254,SSLW,model_assisted_not_ground_truth,0,0,0,0,0,0,0,0,0,0,0
10.09,0,204.99999999991829,35,48.999999999991829,207.99999999996732,62,53,40,9.8900000000005726,953.99999999992644,SSLW,model_assisted_not_ground_truth,0,0,0,0,0,0,0,0,0,0,0
10.10,0,194.99999999981881,35,48,203.99999999994563,61.999999999990941,53,40,9.9600000000021751,944.9999999995199,SSLW,model_assisted_not_ground_truth,0,0,0,0,0,0,0,0,0,0,0
10.11,0,174.99999999952252,34.999999999990052,47.999999999990052,197.99999999986073,60.99999999996021,53,39.999999999990052,10.200000000000696,892.0000000000199,SSLW,model_assisted_not_ground_truth,0,0,0,0,0,0,0,0,0,0,0
10.12,0,126.99999999973568,34,47,184,56.999999999977973,52.999999999988987,39,10.27000000000022,894,SSLW,model_assisted_not_ground_truth,0,0,0,0,0,0,0,0,0,0,0
10.13,0,102.99999999978577,34.000000000011902,46.999999999988098,183.99999999994048,54.999999999952394,52,39,10.290000000000237,894,SSLW,model_assisted_not_ground_truth,0,0,0,0,0,0,0,0,0,0,0
10.14,0,85.000000000179057,34.999999999990052,46.000000000009948,179.00000000004974,51.00000000003979,52,39,10.310000000000384,894.00000000001285,SSLW,model_assisted_not_ground_truth,0,0,0,0,0,0,0,0,0,0,0
10.15,0,48.000000000335199,33.000000000018119,46,171.00000000007248,50.000000000009059,52,39,10.340000000000957,895.00000000001364,SSLW,model_assisted_not_ground_truth,0,0,0,0,0,0,0,0,0,0,0
10.16,0,43.000000000040856,34.999999999983658,45.000000000008171,167.00000000003268,49.000000000008171,52,39,10.410000000000874,896.00000000005832,SSLW,model_assisted_not_ground_truth,0,0,0,0,0,0,0,0,0,0,0
10.17,0,43,35,45,163.00000000002913,49,50.000000000014566,38.000000000007283,10.469999999999537,899.99999999996908,SSLW,model_assisted_not_ground_truth,0,0,0,0,0,0,0,0,0,0,0
10.18,0,42.000000000006395,35.999999999993605,44.000000000006395,158.00000000003197,49,50.999999999993605,38,10.440000000000653,898.00000000009811,SSLW,model_assisted_not_ground_truth,0,0,0,0,0,0,0,0,0,0,0
10.19,0,40.000000000011013,34.000000000011013,43.000000000005507,153.00000000002754,49,51,38,10.479999999999913,904.00000000002581,SSLW,model_assisted_not_ground_truth,0,0,0,0,0,0,0,0,0,0,0
10.20,0,39.000000000004441,35.999999999991118,43,151.00000000000887,49,50.000000000004441,38,10.474999999999909,905.5000000000274,SSLW,model_assisted_not_ground_truth,0,0,0,0,0,0,0,0,0,0,0
10.21,0,39,36,43,148.00000000001066,49,50,38.999999999996447,10.470000000000768,907.00000000013426,SSLW,model_assisted_not_ground_truth,0,0,0,0,0,0,0,0,0,0,0
10.22,0,39,36,43,150.99999999999201,49,50.999999999997335,38.000000000002665,10.509999999999197,914.00000000014052,SSLW,model_assisted_not_ground_truth,0,0,0,0,0,0,0,0,0,0,0
10.23,0,38.000000000001776,36,41.000000000003553,151,49,51,38,10.470000000001049,920.99999999997908,SSLW,model_assisted_not_ground_truth,0,0,0,0,0,0,0,0,0,0,0
10.24,0,38.999999999999112,36,42.999999999998224,140.00000000000978,49,51,38,10.519999999999781,920.0000000000656,SSLW,model_assisted_not_ground_truth,0,0,0,0,0,0,0,0,0,0,0
10.25,0,39,37,44,144,49,51,39,10.510000000001137,923.0000000001819,SSLW,model_assisted_not_ground_truth,0,0,0,0,0,0,0,0,0,0,0
10.26,0,39,36,44,143.00000000000088,50,51.000000000000888,39,10.559999999999881,931.00000000004729,SSLW,model_assisted_not_ground_truth,0,0,0,0,0,0,0,0,0,0,0
10.27,0,39.000000000001776,36.000000000003553,43.999999999998224,144.00000000000355,49.999999999998224,52,39,10.554999999999879,933.000000000049,SSLW,model_assisted_not_ground_truth,0,0,0,0,0,0,0,0,0,0,0
10.28,0,39.999999999997335,37.999999999997335,43.000000000005329,146.000000000016,49.000000000005329,52.000000000002665,39,10.549999999999493,934.99999999992383,SSLW,model_assisted_not_ground_truth,0,0,0,0,0,0,0,0,0,0,0
10.29,0,38.99999999999627,36.999999999992539,45,152,51,52.99999999999627,39.00000000000373,10.530000000010586,932.00000000142927,SSLW,model_assisted_not_ground_truth,0,0,0,0,0,0,0,0,0,0,0
10.30,0,38,35.000000000009237,45.000000000004619,152.00000000000924,51,52.000000000004619,39.999999999995381,10.930000000000273,985.99999999991792,SSLW,model_assisted_not_ground_truth,0,0,0,0,0,0,0,0,0,0,0
10.31,0,38,36.999999999994493,46.000000000005507,154.00000000000551,51.000000000022027,53,39,10.940000000002541,982.99999999977399,SSLW,model_assisted_not_ground_truth,0,0,0,0,0,0,0,0,0,0,0
10.32,0,38,36,47,155.00000000005755,55.000000000006395,53,39.00000000001279,11.030000000001747,975.00000000011653,SSLW,model_assisted_not_ground_truth,0,0,0,0,0,0,0,0,0,0,0
10.33,0,38,36.000000000007283,47,164.00000000001458,56.000000000007283,53.000000000050981,41.000000000007283,11.090000000000183,978.99999999996362,SSLW,model_assisted_not_ground_truth,0,0,0,0,0,0,0,0,0,0,0
10.34,0,38,37.000000000016342,47.000000000008171,166.00000000002453,57.000000000016342,60.000000000106226,42.000000000016342,11.115000000000204,973.99999999995919,SSLW,model_assisted_not_ground_truth,0,0,0,0,0,0,0,0,0,0,0
10.35,0,38,39,48.000000000009059,169.00000000005437,59.000000000009059,73.000000000072475,44.000000000135891,11.14000000000145,968.99999999991849,SSLW,model_assisted_not_ground_truth,0,0,0,0,0,0,0,0,0,0,0
10.36,0,38,39,49.000000000009948,175.00000000007958,60.000000000009948,81.000000000029843,59.000000000069633,11.300000000001692,959.99999999970157,SSLW,model_assisted_not_ground_truth,0,0,0,0,0,0,0,0,0,0,0
10.37,0,38,39.000000000011013,49.999999999977973,183.00000000004405,61.000000000011013,84.000000000044054,66.000000000242295,11.470000000008922,929.99999999918498,SSLW,model_assisted_not_ground_truth,0,0,0,0,0,0,0,0,0,0,0
10.38,0,37.999999999988098,40.000000000011902,48.000000000035705,187.00000000002379,62.000000000023803,88.000000000142819,88.000000000047606,12.280000000002975,855.99999999972624,SSLW,model_assisted_not_ground_truth,0,0,0,0,0,0,0,0,0,0,0
10.39,0,37.000000000009948,40.999999999990052,50.999999999970157,188.9999999999801,63.999999999980105,99.999999999880629,91.99999999996021,12.530000000002941,832.99999999978252,SSLW,model_assisted_not_ground_truth,0,0,0,0,0,0,0,0,0,0,0
10.40,0,38.999999999981881,42.999999999981881,51,193.9999999999547,84.999999999809745,128.99999999973727,100.99999999991846,12.760000000001094,815.99999999993156,SSLW,model_assisted_not_ground_truth,0,0,0,0,0,0,0,0,0,0,0
10.41,0,38.000000000008171,43.999999999991829,51.999999999991829,198.99999999995913,87.999999999975486,136.99999999993463,105.99999999995914,12.84000000000051,811.00000000000728,SSLW,model_assisted_not_ground_truth,0,0,0,0,0,0,0,0,0,0,0
10.42,0,40.999999999978151,44.999999999992717,52.999999999992717,200.99999999998545,90.999999999978144,152.99999999988347,108.99999999997814,12.87500000000054,811.50000000000773,SSLW,model_assisted_not_ground_truth,0,0,0,0,0,0,0,0,0,0,0
10.43,0,41,46.99999999998721,53,201,93.999999999980815,153.99999999999361,112.99999999997442,12.910000000003269,811.999999999951,SSLW,model_assisted_not_ground_truth,0,0,0,0,0,0,0,0,0,0,0
10.44,0,40.000000000005507,54.999999999955946,52.500000000002757,201.99999999999449,95.499999999991743,157.99999999997797,120.4999999999587,13.110000000002929,808.99999999994827,SSLW,model_assisted_not_ground_truth,0,0,0,0,0,0,0,0,0,0,0
10.45,0,39.000000000004441,62.999999999964473,52.000000000002217,202.99999999999557,96.999999999993335,161.99999999998224,127.99999999996669,13.280000000000914,805.99999999992679,SSLW,model_assisted_not_ground_truth,0,0,0,0,0,0,0,0,0,0,0
10.46,0,38.000000000003553,62.000000000003553,52.999999999996447,202.00000000000355,96.000000000003553,161.00000000000355,118.00000000003553,13.330000000000767,802.00000000009595,SSLW,model_assisted_not_ground_truth,0,0,0,0,0,0,0,0,0,0,0
10.47,0,37.000000000002665,60.000000000005329,51.000000000005329,202,96,161.99999999999733,112.00000000001599,13.3700000000001,806.99999999996987,SSLW,model_assisted_not_ground_truth,0,0,0,0,0,0,0,0,0,0,0
10.48,0,37,48.000000000021316,51.999999999998224,200.00000000000355,92.000000000007105,152.00000000001776,109.00000000000533,13.375000000000105,805.49999999996851,SSLW,model_assisted_not_ground_truth,0,0,0,0,0,0,0,0,0,0,0
10.49,0,37,44.000000000003553,51.000000000000888,199.00000000000088,86.000000000005329,131.00000000001864,105.00000000000355,13.379999999999345,803.99999999978149,SSLW,model_assisted_not_ground_truth,0,0,0,0,0,0,0,0,0,0,0
10.50,0,37,45,50,195,65,108,103,13.349999999997271,793.99999999959073,SSLW,model_assisted_not_ground_truth,0,0,0,0,0,0,0,0,0,0,0
10.51,0,36.000000000000888,39.999999999999112,47.999999999999112,185.99999999999022,62.999999999996447,76.999999999977788,95.999999999981341,13.23,775.99999999964564,SSLW,model_assisted_not_ground_truth,0,0,0,0,0,0,0,0,0,0,0
10.52,0,36.999999999998224,38.999999999992895,46.999999999998224,174.99999999996803,58.999999999992895,51.999999999996447,74.999999999955591,13.230000000001226,760.99999999946067,SSLW,model_assisted_not_ground_truth,0,0,0,0,0,0,0,0,0,0,0
10.53,0,35.999999999997335,35.000000000002665,45.999999999992006,156.99999999998667,54.999999999984013,49.999999999997335,49.999999999984013,13.279999999999237,738.99999999900933,SSLW,model_assisted_not_ground_truth,0,0,0,0,0,0,0,0,0,0,0
10.54,0,34.99999999999627,36,42.999999999992539,151.99999999995896,48.99999999999627,48.99999999999627,43.99999999999627,13.250000000000794,699.99999999896772,SSLW,model_assisted_not_ground_truth,0,0,0,0,0,0,0,0,0,0,0
10.55,0,33.999999999995381,35.999999999995381,40.999999999995381,140.99999999993994,48,47.999999999981526,42.999999999972289,13.280000000002188,660.9999999995897,SSLW,model_assisted_not_ground_truth,0,0,0,0,0,0,0,0,0,0,0
10.56,0,33,34.999999999994493,39.999999999988987,127.99999999997246,47.999999999994493,43.999999999994493,36.999999999988987,13.360000000002259,645.99999999957629,SSLW,model_assisted_not_ground_truth,0,0,0,0,0,0,0,0,0,0,0
10.57,0,32.999999999993605,34,37.999999999993605,122.99999999997442,47,43,35,13.440000000002621,630.99999999927172,SSLW,model_assisted_not_ground_truth,0,0,0,0,0,0,0,0,0,0,0
10.58,0,32,33.999999999992717,37,119.00000000000729,47,43,35,13.529999999999198,605.99999999975239,SSLW,model_assisted_not_ground_truth,0,0,0,0,0,0,0,0,0,0,0
10.59,0,32,33.000000000008171,37,120,47,43,35,13.419999999994852,571.99999999942804,SSLW,model_assisted_not_ground_truth,0,0,0,0,0,0,0,0,0,0,0
10.60,0,32,34.000000000009059,37,119.99999999998188,47,43,34.999999999990941,12.789999999988131,502.00000000077006,SSLW,model_assisted_not_ground_truth,0,0,0,0,0,0,0,0,0,0,0
10.61,0,32.000000000019895,34.999999999980105,36.999999999980105,117.99999999999005,47,43,33.999999999980105,11.479999999988063,587.00000000141256,SSLW,model_assisted_not_ground_truth,0,0,0,0,0,0,0,0,0,0,0
10.62,0,34,33.000000000022027,35.000000000022027,116.99999999998899,46.999999999988987,43,32.000000000011013,10.279999999999283,729.00000000008811,SSLW,model_assisted_not_ground_truth,0,0,0,0,0,0,0,0,0,0,0
10.63,0,34,34.999999999988098,36.999999999988098,115.9999999999643,46,42.999999999988098,33,10.214999999999225,737.00000000009527,SSLW,model_assisted_not_ground_truth,0,0,0,0,0,0,0,0,0,0,0
10.64,0,34,34.000000000009948,36.000000000009948,113.00000000002984,46,42.000000000009948,33,10.149999999999361,744.99999999992326,SSLW,model_assisted_not_ground_truth,0,0,0,0,0,0,0,0,0,0,0
10.65,0,34,34.999999999990941,36,110.00000000002717,45.000000000009059,42.999999999990941,33,10.099999999970182,738.99999999856379,SSLW,model_assisted_not_ground_truth,0,0,0,0,0,0,0,0,0,0,0
10.66,0,34,34.000000000008171,36,109.00000000000817,45.999999999991829,42.000000000008171,33,7.9199999999981063,634.00000000040791,SSLW,model_assisted_not_ground_truth,0,0,0,0,0,0,0,0,0,0,0
10.67,0,34,32.000000000014566,35.000000000007283,109,45.000000000007283,42,32.000000000007283,7.7899999999998455,661.99999999990723,SSLW,model_assisted_not_ground_truth,0,0,0,0,0,0,0,0,0,0,0
10.68,0,33.000000000006395,32.999999999993605,35,107.00000000001279,45,42,31.000000000006395,7.7800000000011442,655.99999999986926,SSLW,model_assisted_not_ground_truth,0,0,0,0,0,0,0,0,0,0,0
10.69,0,33,33,35,107,45,42,31.999999999994493,7.849999999999655,647.99999999981048,SSLW,model_assisted_not_ground_truth,0,0,0,0,0,0,0,0,0,0,0
10.70,0,33,33.999999999995559,35,107.99999999999557,45,42,31.000000000004441,7.8299999999999086,637.00000000035675,SSLW,model_assisted_not_ground_truth,0,0,0,0,0,0,0,0,0,0,0
10.71,0,32.000000000003553,33.000000000003553,35.999999999996447,108.99999999999645,45.999999999996447,42,31.999999999996447,7.8249999999999043,656.50000000037414,SSLW,model_assisted_not_ground_truth,0,0,0,0,0,0,0,0,0,0,0
10.72,0,31.000000000002665,34.999999999994671,36,109,45.000000000002665,42,32,7.8199999999989966,676.00000000006025,SSLW,model_assisted_not_ground_truth,0,0,0,0,0,0,0,0,0,0,0
10.73,0,31,33.000000000003553,36,109,45,42,32.999999999998224,7.76999999999979,678.99999999997908,SSLW,model_assisted_not_ground_truth,0,0,0,0,0,0,0,0,0,0,0
10.74,0,30.000000000000888,33,36,109.99999999999912,45.999999999999112,42.999999999999112,33.999999999999112,7.7599999999997813,677.99999999995634,SSLW,model_assisted_not_ground_truth,0,0,0,0,0,0,0,0,0,0,0
10.75,0,30,33,36,110,46,42,35,7.749999999998181,675.99999999974989,SSLW,model_assisted_not_ground_truth,0,0,0,0,0,0,0,0,0,0,0
10.76,0,30.000000000000888,32.999999999998224,37.000000000000888,110,45.999999999999112,43,35.999999999999112,7.6700000000033075,665.0000000005906,SSLW,model_assisted_not_ground_truth,0,0,0,0,0,0,0,0,0,0,0
10.77,0,31,31.000000000001776,38,110.00000000000711,45.000000000001776,43,35.000000000001776,7.809999999999877,689.99999999997544,SSLW,model_assisted_not_ground_truth,0,0,0,0,0,0,0,0,0,0,0
10.78,0,31.000000000002665,31.999999999997335,38.000000000002665,114.00000000000267,46,42.999999999997335,36,7.8049999999998727,688.99999999997465,SSLW,model_assisted_not_ground_truth,0,0,0,0,0,0,0,0,0,0,0
10.79,0,31.99999999999627,30.999999999992539,39,114.99999999999626,46,42.00000000000373,36,7.7999999999994705,687.99999999994702,SSLW,model_assisted_not_ground_truth,0,0,0,0,0,0,0,0,0,0,0
10.80,0,31.000000000004619,29.000000000004619,39.000000000004619,114.00000000001847,46,43,36,7.7799999999997267,685.99999999991792,SSLW,model_assisted_not_ground_truth,0,0,0,0,0,0,0,0,0,0,0
10.81,0,32.000000000005507,30.000000000005507,40,118.00000000000551,45.999999999994493,42.999999999994493,36,7.7700000000014118,683.000000000113,SSLW,model_assisted_not_ground_truth,0,0,0,0,0,0,0,0,0,0,0
10.82,0,33.000000000006395,30.99999999998721,39.999999999993605,119.00000000001279,45.000000000006395,42.000000000006395,36,7.8200000000002916,686.99999999994179,SSLW,model_assisted_not_ground_truth,0,0,0,0,0,0,0,0,0,0,0
10.83,0,34.000000000007283,29,39,121.00000000002913,46,43,35.999999999992717,7.8299999999997087,684.9999999999709,SSLW,model_assisted_not_ground_truth,0,0,0,0,0,0,0,0,0,0,0
10.84,0,34.999999999991829,29.000000000008171,38.999999999991829,125,46,43,35,7.7900000000000817,680.99999999998772,SSLW,model_assisted_not_ground_truth,0,0,0,0,0,0,0,0,0,0,0
10.85,0,34,30.000000000018119,38,125,46,42.999999999990941,35,7.8000000000000904,679.49999999998636,SSLW,model_assisted_not_ground_truth,0,0,0,0,0,0,0,0,0,0,0
10.86,0,34,31.999999999980105,37.999999999990052,125,46,42.000000000009948,35.000000000009948,7.810000000000298,677.99999999995021,SSLW,model_assisted_not_ground_truth,0,0,0,0,0,0,0,0,0,0,0
10.87,0,34,29.999999999977973,36.999999999988987,125.00000000002203,46,43,35.999999999988987,7.8400000000009911,672.99999999983481,SSLW,model_assisted_not_ground_truth,0,0,0,0,0,0,0,0,0,0,0
10.88,0,34,28.000000000011902,36,127.0000000000595,46,42.999999999988098,34.999999999988098,7.9300000000005948,657.99999999997624,SSLW,model_assisted_not_ground_truth,0,0,0,0,0,0,0,0,0,0,0
10.89,0,34,28.999999999990052,36,131.99999999995026,46,42.000000000009948,34.000000000009948,7.9800000000000004,656.00000000001285,SSLW,model_assisted_not_ground_truth,0,0,0,0,0,0,0,0,0,0,0
10.90,0,33.000000000009059,28.000000000009059,36,128.00000000003624,46,42.999999999990941,33.000000000009059,7.979999999999043,656.99999999995896,SSLW,model_assisted_not_ground_truth,0,0,0,0,0,0,0,0,0,0,0
10.91,0,33,26.000000000016342,36,130.9999999999755,46,43,33.999999999991829,7.9099999999978152,654.00000000026216,SSLW,model_assisted_not_ground_truth,0,0,0,0,0,0,0,0,0,0,0
10.92,0,33,23.000000000021849,35.000000000007283,124.00000000005099,46,43,33.000000000007283,7.7600000000001543,671.99999999993815,SSLW,model_assisted_not_ground_truth,0,0,0,0,0,0,0,0,0,0,0
10.93,0,33,21.00000000001279,33.00000000001279,113.00000000007034,46,43,33,7.7699999999994276,667.99999999998363,SSLW,model_assisted_not_ground_truth,0,0,0,0,0,0,0,0,0,0,0
10.94,0,33,21,31.000000000011013,111.00000000001101,46,43,33,7.7349999999993972,666.99999999998272,SSLW,model_assisted_not_ground_truth,0,0,0,0,0,0,0,0,0,0,0
10.95,0,33,19.000000000008882,28.000000000013323,108.00000000001333,46,41.000000000008882,33,7.7000000000005491,665.99999999979877,SSLW,model_assisted_not_ground_truth,0,0,0,0,0,0,0,0,0,0,0
10.96,0,33,17.000000000007105,26.000000000007105,105.00000000001066,45.000000000003553,41,33,7.7300000000051803,654.99999999973136,SSLW,model_assisted_not_ground_truth,0,0,0,0,0,0,0,0,0,0,0
10.97,0,32.000000000002665,17,26,91.000000000037303,45.999999999997335,41.999999999997335,33,7.9999999999997993,641.00000000016064,SSLW,model_assisted_not_ground_truth,0,0,0,0,0,0,0,0,0,0,0
10.98,0,32.999999999998224,14.000000000005329,25.000000000001776,92.999999999996447,46,42.999999999998224,33,7.9899999999997906,649.00000000010482,SSLW,model_assisted_not_ground_truth,0,0,0,0,0,0,0,0,0,0,0
10.99,0,33.999999999999112,16.999999999997335,26.999999999998224,102.99999999999112,46,43.999999999999112,33,7.9799999999997819,654.00000000007651,SSLW,model_assisted_not_ground_truth,0,0,0,0,0,0,0,0,0,0,0
11.00,0,35,17,30,107,46,44,35,7.9699999999997733,657.50000000007958,SSLW,model_assisted_not_ground_truth,0,0,0,0,0,0,0,0,0,0,0
11.01,0,38.000000000000888,19.000000000004441,33.000000000001776,109.00000000000533,47,44,35.000000000000888,7.9599999999978737,661.00000000004729,SSLW,model_assisted_not_ground_truth,0,0,0,0,0,0,0,0,0,0,0
11.02,0,39.000000000015987,24.000000000001776,35.000000000001776,115.00000000001599,47.000000000001776,44.000000000001776,36,7.8699999999977939,663.00000000041678,SSLW,model_assisted_not_ground_truth,0,0,0,0,0,0,0,0,0,0,0
11.03,0,48.000000000037303,25.000000000007994,36.000000000005329,124.00000000002932,48.000000000002665,45.000000000007994,36.000000000005329,7.7799999999984761,680.00000000035561,SSLW,model_assisted_not_ground_truth,0,0,0,0,0,0,0,0,0,0,0
11.04,0,62.000000000085798,28,38.000000000007461,135.00000000004476,49.000000000011191,48,38.000000000007461,7.7199999999978823,694.0000000005823,SSLW,model_assisted_not_ground_truth,0,0,0,0,0,0,0,0,0,0,0
11.05,0,85.000000000133937,28.000000000013856,40.000000000004619,147.000000000097,52.000000000023093,48.000000000009237,40.000000000009237,7.6400000000098478,716.00000000073862,SSLW,model_assisted_not_ground_truth,0,0,0,0,0,0,0,0,0,0,0
11.06,0,114.00000000027534,31.000000000011013,41.000000000005507,168.00000000022578,57.000000000110134,50.000000000011013,42.000000000137668,7.999999999989126,743.00000000180762,SSLW,model_assisted_not_ground_truth,0,0,0,0,0,0,0,0,0,0,0
11.07,0,164.00000000035811,33.000000000006395,42.000000000031974,209.00000000017906,77.00000000030056,52.000000000153477,67.00000000026219,7.6149999999931612,807.00000000113687,SSLW,model_assisted_not_ground_truth,0,0,0,0,0,0,0,0,0,0,0
11.08,0,220.00000000031318,34.000000000007283,47.000000000021849,237.00000000018937,124.00000000021849,76.00000000026219,108.00000000017479,7.2299999999989808,871.00000000053899,SSLW,model_assisted_not_ground_truth,0,0,0,0,0,0,0,0,0,0,0
11.09,1.7976731214746884e-10,263.0000000002043,34.999999999991829,50.000000000016342,263.00000000010624,154.00000000024514,112.00000000002451,132.0000000001144,7.0899999999999181,945.00000000030229,SSLW,model_assisted_not_ground_truth,0,0,0,0,0,0,0,0,0,0,0
11.10,22.000000000344258,288.00000000020839,34.000000000018119,52.00000000031708,276.00000000005434,184.00000000021743,114.99999999998188,146.0000000000453,7.080000000000453,982.0000000000997,SSLW,model_assisted_not_ground_truth,0,0,0,0,0,0,0,0,0,0,0
11.11,60.000000000159162,311.00000000023874,36,86.999999999651834,281.9999999999801,208.00000000007958,113.00000000011937,151,7.1300000000011936,992.99999999999,SSLW,model_assisted_not_ground_truth,0,0,0,0,0,0,0,0,0,0,0
11.12,76.000000000088107,335.00000000025329,36,52,279.99999999994492,216.00000000001103,125,150.99999999994492,7.2500000000159694,992.00000000087005,SSLW,model_assisted_not_ground_truth,0,0,0,0,0,0,0,0,0,0,0
11.13,84.000000000047606,358.00000000005952,35.999999999988098,52.000000000428457,274.99999999994048,217.00000000005952,125.0000000000238,145.99999999977388,8.7000000000021416,1071.0000000001667,SSLW,model_assisted_not_ground_truth,0,0,0,0,0,0,0,0,0,0,0
11.14,87.99999999996021,362.99999999995026,35.000000000009948,87.999999999641886,270.00000000004974,221.99999999995026,126.9999999999801,127.000000000189,8.8800000000005124,1085.000000000096,SSLW,model_assisted_not_ground_truth,0,0,0,0,0,0,0,0,0,0,0
11.15,88.999999999990933,371.99999999991849,35,95.999999999927525,267.00000000002717,224.99999999997283,126.00000000000907,126.00000000000907,8.9200000000005488,1092.5000000001025,SSLW,model_assisted_not_ground_truth,0,0,0,0,0,0,0,0,0,0,0
11.16,85.000000000032685,376.99999999995913,35,99.999999999967315,269.9999999999755,223.00000000001634,122.00000000003268,128.9999999999755,8.9600000000029141,1100.0000000002622,SSLW,model_assisted_not_ground_truth,0,0,0,0,0,0,0,0,0,0,0
11.17,84.000000000007276,379.99999999997817,35,100,272.99999999997817,222.00000000000728,122,129,9.1600000000007729,1117.9999999999845,SSLW,model_assisted_not_ground_truth,0,0,0,0,0,0,0,0,0,0,0
11.18,88.999999999968026,379.00000000000637,35,101.99999999998721,275.99999999998079,220.00000000001279,116.00000000003837,118.00000000007034,9.2100000000055573,1117.0000000006537,SSLW,model_assisted_not_ground_truth,0,0,0,0,0,0,0,0,0,0,0
11.19,90.999999999988987,379,35,96.00000000003304,276,216.00000000002203,110.00000000003304,118,9.5499999999996561,1157.0000000001035,SSLW,model_assisted_not_ground_truth,0,0,0,0,0,0,0,0,0,0,0
11.20,90.000000000004434,377.00000000000887,34.000000000004441,70.000000000115463,274.00000000000887,209.00000000003109,106.00000000001776,109.00000000003996,9.5300000000021949,1163,SSLW,model_assisted_not_ground_truth,0,0,0,0,0,0,0,0,0,0,0
11.21,84.000000000021316,371.00000000002132,34,54.000000000056843,269.00000000001774,191.00000000006395,90.000000000056843,83.000000000092371,9.6500000000009596,1162.9999999999136,SSLW,model_assisted_not_ground_truth,0,0,0,0,0,0,0,0,0,0,0
11.22,79.00000000001333,365.00000000001597,35.999999999994671,54,261.00000000002132,183.00000000002132,87.000000000007987,62.000000000055955,9.7000000000010047,1158.4999999999097,SSLW,model_assisted_not_ground_truth,0,0,0,0,0,0,0,0,0,0,0
11.23,73.000000000010658,352.00000000002308,36,54,257.00000000000711,169.00000000002487,87,58.000000000007105,9.7500000000029345,1153.9999999997485,SSLW,model_assisted_not_ground_truth,0,0,0,0,0,0,0,0,0,0,0
11.24,59.000000000012434,340.00000000001069,34.000000000001776,54,251.00000000000534,167.00000000000176,86.000000000000881,52.000000000005329,9.890000000002404,1141.9999999996285,SSLW,model_assisted_not_ground_truth,0,0,0,0,0,0,0,0,0,0,0
11.25,46,320,36,53,245,165,86,49,10.000000000001819,1124.9999999996817,SSLW,model_assisted_not_ground_truth,0,0,0,0,0,0,0,0,0,0,0
11.26,11,304.99999999998846,34.000000000000888,53,242.99999999999821,161.99999999999557,85.999999999999105,48.999999999998224,10.080000000002599,1110.9999999996219,SSLW,model_assisted_not_ground_truth,0,0,0,0,0,0,0,0,0,0,0
11.27,10.999999999996447,291.99999999998221,35.000000000001776,52.999999999998224,240.99999999999645,156.99999999999289,85.000000000001776,46.999999999996447,10.190000000002206,1094.9999999996323,SSLW,model_assisted_not_ground_truth,0,0,0,0,0,0,0,0,0,0,0
11.28,8.9999999999760192,281.99999999997067,35.999999999997335,52.000000000002665,238.99999999998934,152.999999999984,85.999999999997328,44.999999999992006,10.280000000003048,1079.9999999996951,SSLW,model_assisted_not_ground_truth,0,0,0,0,0,0,0,0,0,0,0
11.29,0,270.99999999995151,35.000000000001869,52.999999999998131,234.99999999998695,146.99999999996268,84.999999999992539,41.999999999998131,10.400000000000663,1067.9999999997485,SSLW,model_assisted_not_ground_truth,0,0,0,0,0,0,0,0,0,0,0
11.30,0,257.99999999993997,35.500000000002309,52.499999999997691,231.49999999998383,136.99999999995381,82.999999999990763,41.499999999997691,10.425000000000683,1058.4999999997401,SSLW,model_assisted_not_ground_truth,0,0,0,0,0,0,0,0,0,0,0
11.31,0,244.99999999976322,35.999999999994493,51.999999999988987,227.99999999996695,126.99999999982379,80.999999999906379,41,10.450000000001411,1048.9999999996328,SSLW,model_assisted_not_ground_truth,0,0,0,0,0,0,0,0,0,0,0
11.32,0,201.99999999993605,35,50,221.99999999998082,94.999999999897682,63.999999999942446,41.000000000006395,10.500000000002331,1035.9999999998543,SSLW,model_assisted_not_ground_truth,0,0,0,0,0,0,0,0,0,0,0
11.33,0,191.99999999986161,35.000000000014566,50,218.99999999997814,78.999999999912603,54.999999999992717,41.999999999992717,10.580000000001966,1030.9999999995848,SSLW,model_assisted_not_ground_truth,0,0,0,0,0,0,0,0,0,0,0
11.34,0,172.99999999974668,37,50,215.99999999996732,66.999999999991829,54,41,10.85,974,SSLW,model_assisted_not_ground_truth,0,0,0,0,0,0,0,0,0,0,0
11.35,0,141.99999999987315,36.999999999981881,49.999999999981881,211.99999999991846,66,54,41.000000000009059,10.850000000000181,973.99999999996373,SSLW,model_assisted_not_ground_truth,0,0,0,0,0,0,0,0,0,0,0
11.36,0,127.99999999987068,35.000000000019895,48.000000000009948,202.99999999997016,65.999999999990052,54,41.999999999990052,10.870000000000745,970.00000000001489,SSLW,model_assisted_not_ground_truth,0,0,0,0,0,0,0,0,0,0,0
11.37,0,114.99999999976872,36.999999999988987,48.999999999988987,199.99999999991189,64.999999999977973,54,41,10.945000000000825,971.50000000001648,SSLW,model_assisted_not_ground_truth,0,0,0,0,0,0,0,0,0,0,0
11.38,0,93.999999999500133,36.000000000011902,48,191.9999999999286,62.999999999988098,53.999999999988098,40.999999999988098,11.020000000000595,972.99999999998806,SSLW,model_assisted_not_ground_truth,0,0,0,0,0,0,0,0,0,0,0
11.39,0,52.000000000417799,36.999999999990052,48,186.00000000005969,62.000000000009948,53.000000000009948,40.000000000009948,11.070000000001151,971.99999999998715,SSLW,model_assisted_not_ground_truth,0,0,0,0,0,0,0,0,0,0,0
11.40,0,46.000000000054357,37,48,183.00000000002717,62.999999999990941,53.999999999990941,40.999999999990941,11.16000000000041,970.99999999991792,SSLW,model_assisted_not_ground_truth,0,0,0,0,0,0,0,0,0,0,0
11.41,0,43.000000000024514,36.000000000008171,47.000000000008171,180.0000000000245,62.000000000008171,54,40.000000000008171,11.189999999999708,965.00000000004366,SSLW,model_assisted_not_ground_truth,0,0,0,0,0,0,0,0,0,0,0
11.42,0,41.000000000014566,36.999999999992717,47,171.00000000006554,60.000000000014566,54,40,11.17,968.00000000020088,SSLW,model_assisted_not_ground_truth,0,0,0,0,0,0,0,0,0,0,0
11.43,0,39.00000000001279,37.999999999993605,47,166.00000000003197,59.000000000006395,54,40,11.170000000000327,981.00000000009811,SSLW,model_assisted_not_ground_truth,0,0,0,0,0,0,0,0,0,0,0
11.44,0,39,36.000000000011013,47,165.00000000000551,57.000000000011013,54,40,11.190000000000346,987.00000000010334,SSLW,model_assisted_not_ground_truth,0,0,0,0,0,0,0,0,0,0,0
11.45,0,38.000000000004441,36.999999999995559,47,162.00000000001333,56.000000000004441,53.000000000004441,40,11.210000000000916,993.00000000010982,SSLW,model_assisted_not_ground_truth,0,0,0,0,0,0,0,0,0,0,0
11.46,0,38.999999999996447,35.000000000007105,47,161.00000000000355,53.000000000010658,53.999999999996447,40,11.260000000000383,999.00000000013426,SSLW,model_assisted_not_ground_truth,0,0,0,0,0,0,0,0,0,0,0
11.47,0,38.000000000002665,34.000000000002665,47,161.99999999999733,53,54,40,11.280000000001003,1006.0000000002409,SSLW,model_assisted_not_ground_truth,0,0,0,0,0,0,0,0,0,0,0
11.48,0,38,34.999999999998224,47,162.99999999999824,55.999999999994671,54,40,11.329999999999162,1018.0000000002934,SSLW,model_assisted_not_ground_truth,0,0,0,0,0,0,0,0,0,0,0
11.49,0,38,35.999999999999112,47,163.99999999999912,56.999999999999112,54,39.000000000000888,11.290000000000765,1032.000000000153,SSLW,model_assisted_not_ground_truth,0,0,0,0,0,0,0,0,0,0,0
11.50,0,38,37,47,163,57,54,41,11.325000000000795,1039.0000000001592,SSLW,model_assisted_not_ground_truth,0,0,0,0,0,0,0,0,0,0,0
11.51,0,38.000000000000888,36.999999999998224,47.000000000000888,167.00000000000179,59.000000000000888,66.000000000008882,41.000000000001776,11.360000000001417,1046.0000000002126,SSLW,model_assisted_not_ground_truth,0,0,0,0,0,0,0,0,0,0,0
11.52,0,39,35.000000000001776,48,169.0000000000089,60.000000000001776,76.000000000008882,43.000000000008882,11.420000000001471,1055.0000000001717,SSLW,model_assisted_not_ground_truth,0,0,0,0,0,0,0,0,0,0,0
11.53,0,39,36.000000000005329,48,174.00000000001066,61.000000000005329,81.000000000008001,48.000000000045297,11.480000000003303,1062.0000000001778,SSLW,model_assisted_not_ground_truth,0,0,0,0,0,0,0,0,0,0,0
11.54,0,38.99999999999627,37.99999999999627,48.000000000011191,178.00000000001492,63.000000000007461,84.000000000018659,65.00000000002612,11.610000000002646,1069.0000000000264,SSLW,model_assisted_not_ground_truth,0,0,0,0,0,0,0,0,0,0,0
11.55,0,38.000000000004619,37.000000000013856,51,182.00000000001387,65.000000000004619,89.000000000069278,72.000000000083134,11.710000000003831,1069.9999999999179,SSLW,model_assisted_not_ground_truth,0,0,0,0,0,0,0,0,0,0,0
11.56,0,39.000000000011013,40.000000000011013,51.000000000005507,185.00000000002754,66.00000000003304,104.00000000011565,90.000000000016527,11.850000000005931,1066.999999999661,SSLW,model_assisted_not_ground_truth,0,0,0,0,0,0,0,0,0,0,0
11.57,0,41,42.000000000019185,51.999999999993605,190.00000000003197,72.000000000070344,125.0000000001215,93.000000000038369,12.060000000007284,1054.9999999992863,SSLW,model_assisted_not_ground_truth,0,0,0,0,0,0,0,0,0,0,0
11.58,0,41,45.000000000021849,51.000000000014566,195.00000000005099,83.000000000080121,144.00000000010925,99.000000000087397,12.310000000004663,1030.499999999543,SSLW,model_assisted_not_ground_truth,0,0,0,0,0,0,0,0,0,0,0
11.59,2.6147972675995468e-10,41,48.000000000147082,53,202.00000000002453,94.000000000098055,159.0000000000899,111.0000000000572,12.560000000004413,1005.9999999995832,SSLW,model_assisted_not_ground_truth,0,0,0,0,0,0,0,0,0,0,0
11.60,32.000000000063416,41.000000000009059,66.000000000081542,53,205.00000000001813,106.00000000007248,170.00000000005437,118,13.100000000003352,954.99999999968293,SSLW,model_assisted_not_ground_truth,0,0,0,0,0,0,0,0,0,0,0
11.61,39.000000000079581,42,75.000000000029843,53,207.00000000003979,114.00000000008953,176.00000000012932,118.00000000005969,13.470000000002786,919.99999999986073,SSLW,model_assisted_not_ground_truth,0,0,0,0,0,0,0,0,0,0,0
11.62,47.000000000022027,42,78.000000000022027,52.999999999988987,210.99999999998897,123.00000000005507,189,124.00000000001101,13.750000000000991,905.99999999991189,SSLW,model_assisted_not_ground_truth,0,0,0,0,0,0,0,0,0,0,0
11.63,48.999999999976197,41.999999999994053,80.000000000011894,52.000000000005947,210.00000000001191,128.00000000000594,188.99999999998215,125.00000000001189,13.840000000003213,897.9999999999286,SSLW,model_assisted_not_ground_truth,0,0,0,0,0,0,0,0,0,0,0
11.64,46.999999999997158,41.499999999999289,81.000000000001421,52.500000000000711,211.00000000000142,128.50000000000071,187.49999999999787,126.00000000000142,14.110000000001023,892.00000000005116,SSLW,model_assisted_not_ground_truth,0,0,0,0,0,0,0,0,0,0,0
11.65,45.000000000018119,41.000000000004533,81.999999999990933,52.999999999995467,211.99999999999093,128.99999999999548,186.00000000001359,126.99999999999093,14.19000000000041,896.00000000000682,SSLW,model_assisted_not_ground_truth,0,0,0,0,0,0,0,0,0,0,0
11.66,40.000000000040856,41,79.000000000024514,51.000000000016342,212,123.00000000004903,176.00000000008171,126.00000000000817,14.220000000000436,896.50000000000728,SSLW,model_assisted_not_ground_truth,0,0,0,0,0,0,0,0,0,0,0
11.67,39.000000000007283,40.000000000007283,74.000000000036408,51,212,121.00000000001457,159.0000000001238,119.00000000005099,14.250000000000155,896.99999999979912,SSLW,model_assisted_not_ground_truth,0,0,0,0,0,0,0,0,0,0,0
11.68,2.4940050025179517e-10,37.000000000019185,57.000000000108713,51.999999999993605,209.00000000001918,108.00000000008313,136.00000000014708,110.00000000005755,14.259999999998856,883.99999999968952,SSLW,model_assisted_not_ground_truth,0,0,0,0,0,0,0,0,0,0,0
11.69,0,37,44.000000000071587,51.000000000005507,198.00000000006057,85.000000000126647,100.00000000019824,106.00000000002203,14.18999999999707,864.99999999936244,SSLW,model_assisted_not_ground_truth,0,0,0,0,0,0,0,0,0,0,0
11.70,0,37,42.000000000008882,49.000000000008882,187.00000000004886,64.000000000093252,80.000000000088818,96.000000000044409,14.019999999998536,827.99999999904855,SSLW,model_assisted_not_ground_truth,0,0,0,0,0,0,0,0,0,0,0
11.71,0,36.000000000003553,40.000000000007105,47.000000000007105,170.0000000000604,59.000000000017764,52.000000000099476,76.000000000071054,13.939999999999904,775.99999999962586,SSLW,model_assisted_not_ground_truth,0,0,0,0,0,0,0,0,0,0,0
11.72,0,34.000000000005329,36.000000000010658,46.000000000002665,156.00000000003729,55.000000000010658,50.000000000005329,49.000000000071942,13.934999999999899,756.49999999960858,SSLW,model_assisted_not_ground_truth,0,0,0,0,0,0,0,0,0,0,0
11.73,0,34,35.000000000001776,42.000000000007105,148.00000000001421,49.000000000010658,49.000000000001776,42.000000000012434,13.930000000000419,736.99999999899387,SSLW,model_assisted_not_ground_truth,0,0,0,0,0,0,0,0,0,0,0
11.74,0,34,35,40.000000000001776,133.00000000001333,49,45.000000000003553,39.000000000002665,13.949999999998251,688.99999999925717,SSLW,model_assisted_not_ground_truth,0,0,0,0,0,0,0,0,0,0,0
11.75,0,33,35,38,123,48,44,37,13.869999999997043,654.99999999922693,SSLW,model_assisted_not_ground_truth,0,0,0,0,0,0,0,0,0,0,0
11.76,0,32,35.999999999999112,36,122.99999999999555,47,43.999999999999112,35.999999999999112,13.739999999989369,620.99999999827537,SSLW,model_assisted_not_ground_truth,0,0,0,0,0,0,0,0,0,0,0
11.77,0,32.000000000001776,34.999999999996447,35.999999999998224,117.99999999999822,47,43,34.999999999998224,13.289999999998283,547.99999999980389,SSLW,model_assisted_not_ground_truth,0,0,0,0,0,0,0,0,0,0,0
11.78,0,33,33,35,117.00000000000267,47,43,34,13.219999999929383,540.00000000604564,SSLW,model_assisted_not_ground_truth,0,0,0,0,0,0,0,0,0,0,0
11.79,0,33.00000000000373,33.00000000000373,35,117.99999999999254,46.99999999999627,43,33.99999999999627,10.439999999996161,778.00000000015882,SSLW,model_assisted_not_ground_truth,0,0,0,0,0,0,0,0,0,0,0
11.80,0,34,34.000000000004619,34.999999999995381,115.99999999998153,46,42.999999999995381,33,10.294999999996033,784.00000000016416,SSLW,model_assisted_not_ground_truth,0,0,0,0,0,0,0,0,0,0,0
11.81,0,34,35,34,112.00000000002203,46,42,33.000000000005507,10.149999999998023,790.00000000070611,SSLW,model_assisted_not_ground_truth,0,0,0,0,0,0,0,0,0,0,0
11.82,0,34,34.99999999998721,34,115.99999999995524,45.999999999993605,42,33.999999999993605,10.079999999997087,814.99999999970873,SSLW,model_assisted_not_ground_truth,0,0,0,0,0,0,0,0,0,0,0
11.83,0,34,33.000000000014566,34,108.99999999996358,45.000000000007283,42,33,9.979999999983832,804.99999999916975,SSLW,model_assisted_not_ground_truth,0,0,0,0,0,0,0,0,0,0,0
11.84,0,34,34.999999999991829,34,104,45.999999999991829,41.999999999983658,33.000000000008171,7.7600000000000815,690.99999999997544,SSLW,model_assisted_not_ground_truth,0,0,0,0,0,0,0,0,0,0,0
11.85,0,34,34.000000000009059,34,104.00000000005436,45,39.999999999981881,33.999999999990941,7.7700000000004525,688,SSLW,model_assisted_not_ground_truth,0,0,0,0,0,0,0,0,0,0,0
11.86,0,34,34.999999999980105,34,110.0000000000199,45,38.000000000009948,33,7.8199999999999505,688.000000000005,SSLW,model_assisted_not_ground_truth,0,0,0,0,0,0,0,0,0,0,0
11.87,0,33.999999999988987,33.000000000022027,34,112,45,39,33,7.8149999999999444,688.50000000000546,SSLW,model_assisted_not_ground_truth,0,0,0,0,0,0,0,0,0,0,0
11.88,0,33,34.999999999976197,34.000000000011902,112,45.000000000011902,39.000000000011902,33.000000000023803,7.8099999999999996,688.9999999999643,SSLW,model_assisted_not_ground_truth,0,0,0,0,0,0,0,0,0,0,0
11.89,0,33,33.000000000019895,34.999999999990052,112,45.999999999990052,39.999999999990052,34.999999999980105,7.8099999999996159,685.99999999994884,SSLW,model_assisted_not_ground_truth,0,0,0,0,0,0,0,0,0,0,0
11.90,0,33,33.999999999990941,34.000000000009059,112.99999999999093,46,40,34.000000000009059,7.7800000000002738,681.99999999987688,SSLW,model_assisted_not_ground_truth,0,0,0,0,0,0,0,0,0,0,0
11.91,0,32.000000000008171,33.000000000008171,34.999999999991829,112.00000000000817,46,40.999999999991829,34,7.8000000000014564,672.99999999973784,SSLW,model_assisted_not_ground_truth,0,0,0,0,0,0,0,0,0,0,0
11.92,0,31.000000000007283,32.000000000007283,35,112.99999999999272,46,41,34,7.9000000000000004,654.99999999987631,SSLW,model_assisted_not_ground_truth,0,0,0,0,0,0,0,0,0,0,0
11.93,0,30.000000000006395,32.999999999993605,35,113,46,41,35.99999999998721,7.9000000000004906,647.000000000049,SSLW,model_assisted_not_ground_truth,0,0,0,0,0,0,0,0,0,0,0
11.94,0,30,32.500000000002757,35.499999999997243,113,46,41,36.499999999997243,7.9300000000005166,650.00000000005173,SSLW,model_assisted_not_ground_truth,0,0,0,0,0,0,0,0,0,0,0
11.95,0,30,32.000000000002217,35.999999999997783,113,46,41,36.999999999997783,7.9599999999985362,652.99999999994509,SSLW,model_assisted_not_ground_truth,0,0,0,0,0,0,0,0,0,0,0
11.96,0,30,31.000000000003553,37.999999999992895,104.00000000003197,46,41,35.000000000007105,7.8799999999969303,650.00000000032617,SSLW,model_assisted_not_ground_truth,0,0,0,0,0,0,0,0,0,0,0
11.97,0,30.999999999997335,30.000000000002665,38.999999999997335,104,46,42.999999999994671,35,7.7200000000002005,666.99999999989961,SSLW,model_assisted_not_ground_truth,0,0,0,0,0,0,0,0,0,0,0
11.98,0,31.999999999998224,29.000000000001776,39,104.99999999999822,46,43,35,7.7299999999993716,661.9999999999161,SSLW,model_assisted_not_ground_truth,0,0,0,0,0,0,0,0,0,0,0
11.99,0,32.999999999999112,29,39.999999999999112,110.99999999999467,46,43,35,7.7000000000004372,657.99999999989075,SSLW,model_assisted_not_ground_truth,0,0,0,0,0,0,0,0,0,0,0
12.00,0,33,31,40,111,46,43,36,7.7200000000029556,652.99999999947704,SSLW,model_assisted_not_ground_truth,0,0,0,0,0,0,0,0,0,0,0
12.01,0,33.000000000000888,30,39.999999999999112,114.00000000000178,46,41.000000000001776,35.999999999999112,7.8500000000021259,630.00000000001182,SSLW,model_assisted_not_ground_truth,0,0,0,0,0,0,0,0,0,0,0
12.02,0,34,30,39,116.00000000000533,46,43,35,7.9400000000022057,630.50000000001228,SSLW,model_assisted_not_ground_truth,0,0,0,0,0,0,0,0,0,0,0
12.03,0,34,30.000000000005684,38.999999999997158,119,46,43,34.999999999997158,8.0300000000002552,631.00000000005116,SSLW,model_assisted_not_ground_truth,0,0,0,0,0,0,0,0,0,0,0
12.04,0,34,31.99999999999627,37.99999999999627,119.00000000000374,46.00000000000373,43,34.00000000000373,8.0399999999997345,633,SSLW,model_assisted_not_ground_truth,0,0,0,0,0,0,0,0,0,0,0
12.05,0,34,30.999999999986144,36.999999999986144,119.99999999999538,47,43,35,8.0299999999956224,632.99999999967167,SSLW,model_assisted_not_ground_truth,0,0,0,0,0,0,0,0,0,0,0
12.06,0,33.99999999998348,28,34.000000000005507,118.99999999997797,47,42.999999999994493,34.999999999994493,7.8699999999997177,621.00000000002819,SSLW,model_assisted_not_ground_truth,0,0,0,0,0,0,0,0,0,0,0
12.07,0,31.000000000006395,28.000000000006395,34.99999999998721,115.00000000001918,46.999999999993605,42,33.999999999993605,7.860000000000583,622.00000000005821,SSLW,model_assisted_not_ground_truth,0,0,0,0,0,0,0,0,0,0,0
12.08,0,32,28.999999999970868,33,117.99999999997814,45.999999999992717,42,33,7.8799999999999271,624.00000000000364,SSLW,model_assisted_not_ground_truth,0,0,0,0,0,0,0,0,0,0,0
12.09,0,31.999999999983658,24.999999999967315,32.999999999975486,114.99999999995914,45.000000000008171,42,32.999999999991829,7.8699999999999184,624.50000000000409,SSLW,model_assisted_not_ground_truth,0,0,0,0,0,0,0,0,0,0,0
12.10,0,30.000000000009059,20.999999999981881,29.999999999981881,109.99999999998188,45.999999999990941,42,32,7.8600000000002721,625.00000000002717,SSLW,model_assisted_not_ground_truth,0,0,0,0,0,0,0,0,0,0,0
12.11,0,31,18.999999999970157,27.999999999980105,107.9999999999801,45,41.999999999990052,32.000000000009948,7.8899999999997013,628.0000000000299,SSLW,model_assisted_not_ground_truth,0,0,0,0,0,0,0,0,0,0,0
12.12,0,31,15.999999999988987,25.999999999988987,105.99999999993392,45,41,32.999999999988987,7.8600000000003307,631.00000000001103,SSLW,model_assisted_not_ground_truth,0,0,0,0,0,0,0,0,0,0,0
12.13,0,31.000000000011902,14.999999999976197,24.999999999988098,99.999999999833378,45,41,32.000000000011902,7.8899999999998807,632.00000000009527,SSLW,model_assisted_not_ground_truth,0,0,0,0,0,0,0,0,0,0,0
12.14,0,31.999999999990052,13.000000000019895,24.000000000009948,86.000000000139266,45,41,32.999999999990052,7.879999999999872,640.00000000010232,SSLW,model_assisted_not_ground_truth,0,0,0,0,0,0,0,0,0,0,0
12.15,0,32.999999999990941,1.1777245845223661e-10,23.000000000009059,79.000000000063409,45,39.000000000018119,33,7.8700000000008208,647.99999999982219,SSLW,model_assisted_not_ground_truth,0,0,0,0,0,0,0,0,0,0,0
12.16,0,33,0,23,77.000000000016342,45,39.999999999991829,32.000000000008171,7.930000000000291,635.0000000000291,SSLW,model_assisted_not_ground_truth,0,0,0,0,0,0,0,0,0,0,0
12.17,0,33.999999999992717,0,23,82.999999999956302,45,40.999999999992717,32,7.9500000000003084,637.00000000003092,SSLW,model_assisted_not_ground_truth,0,0,0,0,0,0,0,0,0,0,0
12.18,0,35.99999999998721,0,24.99999999998721,99.999999999891287,46.99999999998721,42.99999999998721,34.999999999980815,7.97000000000049,639.00000000001637,SSLW,model_assisted_not_ground_truth,0,0,0,0,0,0,0,0,0,0,0
12.19,0,36.999999999994493,13.999999999922906,27.99999999998348,105.99999999996696,47,43,35.999999999994493,8.0000000000013785,640.00000000010334,SSLW,model_assisted_not_ground_truth,0,0,0,0,0,0,0,0,0,0,0
12.20,0,38.999999999991118,21.999999999964473,31.999999999982236,122.99999999992451,47.999999999995559,43.999999999995559,36,8.0800000000010979,645.9999999999817,SSLW,model_assisted_not_ground_truth,0,0,0,0,0,0,0,0,0,0,0
12.21,0,39.999999999996447,26.999999999982236,34.999999999989342,125.99999999998934,48.999999999996447,44.999999999996447,36.999999999996447,8.139999999994437,645.0000000001919,SSLW,model_assisted_not_ground_truth,0,0,0,0,0,0,0,0,0,0,0
12.22,0,49.999999999973355,27,35,130.99999999998667,49,46.999999999994671,37,7.8499999999999996,655.00000000016064,SSLW,model_assisted_not_ground_truth,0,0,0,0,0,0,0,0,0,0,0
12.23,0,54.999999999991118,26.000000000001776,36.999999999996447,136.99999999998934,49,47.999999999998224,37.999999999998224,7.8499999999994756,663.00000000014677,SSLW,model_assisted_not_ground_truth,0,0,0,0,0,0,0,0,0,0,0
12.24,0,58.999999999996447,27.999999999998224,38.999999999998224,147.99999999999022,49,48,39.999999999998224,7.8249999999994539,670.00000000015291,SSLW,model_assisted_not_ground_truth,0,0,0,0,0,0,0,0,0,0,0
12.25,0,77,28,41,165,52,49,42,7.8000000000095495,677.00000000027285,SSLW,model_assisted_not_ground_truth,0,0,0,0,0,0,0,0,0,0,0
12.26,0,113.00000000004353,31.000000000000888,41.000000000002665,187.00000000002399,59.000000000016875,51.000000000002665,46.000000000020428,8.2199999999898417,689.00000000243347,SSLW,model_assisted_not_ground_truth,0,0,0,0,0,0,0,0,0,0,0
12.27,0,162.00000000007995,32.000000000005329,44.000000000003553,214.00000000003908,78.000000000051514,54.000000000033751,69.000000000012434,7.7899999999931362,792.00000000277009,SSLW,model_assisted_not_ground_truth,0,0,0,0,0,0,0,0,0,0,0
12.28,0,207.00000000009663,34.999999999997158,46.000000000008527,236.00000000003695,107.00000000006821,73.000000000014211,76.000000000045475,7.5099999999874658,905.0000000013813,SSLW,model_assisted_not_ground_truth,0,0,0,0,0,0,0,0,0,0,0
12.29,0,241.00000000009325,33.99999999999627,49.00000000000373,249.00000000003357,131.00000000004849,78.000000000063423,92.000000000108187,7.0199999999992055,959.00000000108514,SSLW,model_assisted_not_ground_truth,0,0,0,0,0,0,0,0,0,0,0
12.30,1.2008172234356615e-10,266.00000000010624,33.000000000009237,50.000000000009237,258.00000000003695,144.00000000011084,95.000000000036948,121.0000000000508,6.9900000000010944,1000.0000000006565,SSLW,model_assisted_not_ground_truth,0,0,0,0,0,0,0,0,0,0,0
12.31,26.000000000176215,289.00000000010465,35,51.999999999988987,266.00000000002206,168.00000000005508,103.00000000000551,132.00000000002203,7.029999999999859,1024.0000000001412,SSLW,model_assisted_not_ground_truth,0,0,0,0,0,0,0,0,0,0,0
12.32,58.000000000172662,308.00000000007674,35,50.000000000019185,269.99999999998721,178.0000000001279,104.00000000007674,135.99999999998082,7.0249999999999115,1029.0000000000889,SSLW,model_assisted_not_ground_truth,0,0,0,0,0,0,0,0,0,0,0
12.33,84.999999999956302,320.00000000010925,35,53,267.99999999994174,198.00000000006554,115.99999999993445,132.99999999972323,7.0200000000107785,1034.0000000008158,SSLW,model_assisted_not_ground_truth,0,0,0,0,0,0,0,0,0,0,0
12.34,78.999999999893774,335.00000000001637,35,53.000000000008171,259.99999999995094,206.99999999995913,106.99999999995097,94.99999999986926,8.5000000000007354,1146.000000000098,SSLW,model_assisted_not_ground_truth,0,0,0,0,0,0,0,0,0,0,0
12.35,65.999999999918458,337.00000000001813,35,53.999999999990941,253.99999999999093,201.99999999998187,100.99999999993658,78.999999999981881,8.590000000000634,1158.0000000001269,SSLW,model_assisted_not_ground_truth,0,0,0,0,0,0,0,0,0,0,0
12.36,57.00000000003979,339,35,53.000000000348166,253.00000000003979,200,94.000000000089528,77.000000000019895,8.6600000000000996,1172.0000000000896,SSLW,model_assisted_not_ground_truth,0,0,0,0,0,0,0,0,0,0,0
12.37,61.00000000006608,339.00000000004405,35,88.00000000003304,257.00000000002206,199.99999999991189,103.00000000001101,79.000000000022027,8.6699999999999999,1181.0000000000109,SSLW,model_assisted_not_ground_truth,0,0,0,0,0,0,0,0,0,0,0
12.38,67.000000000011894,343,35,90.999999999821483,259.00000000004758,191.9999999999286,103.9999999999643,81,8.6700000000001793,1182.0000000000118,SSLW,model_assisted_not_ground_truth,0,0,0,0,0,0,0,0,0,0,0
12.39,67.999999999990052,343,35,76.000000000149214,262.99999999996021,186.00000000005969,101.00000000002984,81,8.6850000000001906,1183.0000000000127,SSLW,model_assisted_not_ground_truth,0,0,0,0,0,0,0,0,0,0,0
12.40,68,342.00000000000904,34.000000000009059,54.000000000199307,262.00000000000904,178.00000000007248,97.000000000036238,78.000000000027171,8.7000000000004096,1183.9999999999727,SSLW,model_assisted_not_ground_truth,0,0,0,0,0,0,0,0,0,0,0
12.41,68,340.00000000001637,35.999999999983658,54,260.00000000001637,160.00000000014708,95.000000000016342,63.000000000122569,8.7300000000062639,1182.0000000005098,SSLW,model_assisted_not_ground_truth,0,0,0,0,0,0,0,0,0,0,0
12.42,58.000000000072831,336.0000000000291,34.000000000014566,53.000000000007283,256.0000000000291,151.00000000006554,86.00000000006554,54.000000000065548,9.1600000000012365,1216.9999999998608,SSLW,model_assisted_not_ground_truth,0,0,0,0,0,0,0,0,0,0,0
12.43,42.000000000102318,328.00000000005116,35.99999999998721,52.000000000006395,249.00000000004476,142.00000000005755,86,44.000000000063949,9.2400000000013076,1207.9999999997058,SSLW,model_assisted_not_ground_truth,0,0,0,0,0,0,0,0,0,0,0
12.44,12.000000000165201,315.00000000007157,35.000000000005507,52,245.00000000002203,137.00000000002754,85.000000000005514,42.000000000011013,9.3200000000012064,1189.999999999621,SSLW,model_assisted_not_ground_truth,0,0,0,0,0,0,0,0,0,0,0
12.45,6.0000000000266454,303.00000000005332,33.000000000008882,51.000000000004441,241.00000000001776,133.00000000001776,85,42,9.3900000000004589,1167.9999999997897,SSLW,model_assisted_not_ground_truth,0,0,0,0,0,0,0,0,0,0,0
12.46,2.1316282072803006e-11,292.00000000003911,33,51,234.00000000002487,129.00000000001421,83.000000000007105,41.000000000003553,9.4150000000004788,1156.4999999997794,SSLW,model_assisted_not_ground_truth,0,0,0,0,0,0,0,0,0,0,0
12.47,0,272.00000000005332,34.999999999994671,51,226.00000000002132,113.00000000004263,76.000000000018645,41,9.4400000000016053,1144.9999999996787,SSLW,model_assisted_not_ground_truth,0,0,0,0,0,0,0,0,0,0,0
12.48,0,256.00000000002842,33.000000000003553,51,225.00000000000176,107.00000000001066,73.000000000005329,40.000000000001776,9.5200000000014668,1128.9999999996646,SSLW,model_assisted_not_ground_truth,0,0,0,0,0,0,0,0,0,0,0
12.49,0,242.00000000001245,33.999999999999112,51,223.00000000000176,96.000000000009777,68.000000000004434,40,9.5900000000010923,1112.9999999995848,SSLW,model_assisted_not_ground_truth,0,0,0,0,0,0,0,0,0,0,0
12.50,0,226,36,50,224,89,64,41,9.639999999991133,1093.9999999984539,SSLW,model_assisted_not_ground_truth,0,0,0,0,0,0,0,0,0,0,0
12.51,0,211.99999999999022,36,50,221.99999999999821,74.999999999993776,55.999999999999112,40.999999999999112,9.2500000000037801,1026,SSLW,model_assisted_not_ground_truth,0,0,0,0,0,0,0,0,0,0,0
12.52,0,200.99999999997868,36.000000000001776,50,219.99999999999645,68,54.999999999998224,40.000000000001776,9.4100000000003678,1025.9999999998652,SSLW,model_assisted_not_ground_truth,0,0,0,0,0,0,0,0,0,0,0
12.53,0,188.99999999995168,36.999999999994316,50,217.99999999998863,67.999999999997158,54,40.999999999997158,9.4250000000003844,1020.4999999998593,SSLW,model_assisted_not_ground_truth,0,0,0,0,0,0,0,0,0,0,0
12.54,0,171.999999999903,35.000000000007461,50,213.99999999999628,67,54,40.00000000000373,9.4400000000010582,1014.9999999996824,SSLW,model_assisted_not_ground_truth,0,0,0,0,0,0,0,0,0,0,0
12.55,0,145.99999999993071,37,49.999999999995381,212.99999999997689,66.999999999995381,54,41,9.4800000000008211,1002.9999999998086,SSLW,model_assisted_not_ground_truth,0,0,0,0,0,0,0,0,0,0,0
12.56,0,130.99999999991741,37,48.999999999994493,207.99999999997797,65.999999999994486,54,41,9.510000000001412,995.99999999997181,SSLW,model_assisted_not_ground_truth,0,0,0,0,0,0,0,0,0,0,0
12.57,0,115.9999999998721,37,48,203.99999999998082,65,54,41,9.5600000000005831,994.99999999976694,SSLW,model_assisted_not_ground_truth,0,0,0,0,0,0,0,0,0,0,0
12.58,0,95.999999999796074,37,48,200.99999999997087,65,54,40.999999999992717,9.5800000000002914,987,SSLW,model_assisted_not_ground_truth,0,0,0,0,0,0,0,0,0,0,0
12.59,0,67.999999999828404,36.999999999991829,48,196.99999999995097,64.999999999991829,53.999999999991829,40,9.6200000000002035,986.99999999997135,SSLW,model_assisted_not_ground_truth,0,0,0,0,0,0,0,0,0,0,0
12.60,0,46.999999999963762,36,48,190.99999999997283,63.999999999990941,53.000000000009059,40,9.6450000000002269,983.49999999996828,SSLW,model_assisted_not_ground_truth,0,0,0,0,0,0,0,0,0,0,0
12.61,0,42.999999999980105,36,48,187.99999999995026,63,54,40,9.6700000000009947,979.99999999990052,SSLW,model_assisted_not_ground_truth,0,0,0,0,0,0,0,0,0,0,0
12.62,0,41.000000000011013,36,48,182.99999999997797,63,54,40,9.7700000000006604,969.99999999993395,SSLW,model_assisted_not_ground_truth,0,0,0,0,0,0,0,0,0,0,0
12.63,0,41.999999999976197,36,48,181.00000000001191,62.999999999988098,54,40.000000000023803,9.8300000000003571,964.00000000001194,SSLW,model_assisted_not_ground_truth,0,0,0,0,0,0,0,0,0,0,0
12.64,0,40.000000000019895,36,48,181.99999999999005,62.000000000009948,54,41.999999999980105,9.860000000000511,965.00000000005116,SSLW,model_assisted_not_ground_truth,0,0,0,0,0,0,0,0,0,0,0
12.65,0,40,37.999999999981881,48,180.00000000001813,61.000000000009059,54,42,9.9000000000002739,968.99999999995896,SSLW,model_assisted_not_ground_truth,0,0,0,0,0,0,0,0,0,0,0
12.66,0,40,36.000000000016342,48,180,61,54,42,9.9200000000065547,966.00000000085936,SSLW,model_assisted_not_ground_truth,0,0,0,0,0,0,0,0,0,0,0
12.67,0,40,36.999999999992717,48,180.99999999999272,62.999999999985434,57.999999999970868,42.999999999992717,10.370000000000308,1024.9999999999923,SSLW,model_assisted_not_ground_truth,0,0,0,0,0,0,0,0,0,0,0
12.68,0,39.000000000006395,38.99999999998721,48,181,63.999999999993605,65.999999999948841,42.000000000006395,10.390000000000327,1024.4999999999918,SSLW,model_assisted_not_ground_truth,0,0,0,0,0,0,0,0,0,0,0
12.69,0,38.000000000005507,37.000000000011013,47.000000000005507,181,61.00000000001652,69.999999999977973,42,10.410000000004825,1023.9999999992763,SSLW,model_assisted_not_ground_truth,0,0,0,0,0,0,0,0,0,0,0
12.70,0,38,37,46.000000000004441,181.99999999999557,61.999999999995559,73.999999999982236,41.000000000004441,10.690000000000365,982.00000000018292,SSLW,model_assisted_not_ground_truth,0,0,0,0,0,0,0,0,0,0,0
12.71,0,38.999999999996447,38.999999999992895,48.999999999989342,182.99999999999645,60.000000000007105,74.999999999996447,41.999999999996447,10.710000000001919,992.00000000011516,SSLW,model_assisted_not_ground_truth,0,0,0,0,0,0,0,0,0,0,0
12.72,0,38.000000000002665,37.000000000005329,49,183.99999999999733,62.999999999992006,75.999999999997328,43.999999999994671,10.8099999999998,998.00000000020077,SSLW,model_assisted_not_ground_truth,0,0,0,0,0,0,0,0,0,0,0
12.73,0,38.999999999998224,37,49.999999999998224,184.99999999999824,63,78.999999999994671,44.999999999998224,10.800000000000839,1008.0000000004193,SSLW,model_assisted_not_ground_truth,0,0,0,0,0,0,0,0,0,0,0
12.74,0,39,38.999999999998224,50,185.99999999999912,63,81.999999999997328,56.999999999989342,10.840000000000437,1028.0000000001639,SSLW,model_assisted_not_ground_truth,0,0,0,0,0,0,0,0,0,0,0
12.75,0,39,37,48,185,63,84,66,10.860000000000454,1035.5000000001705,SSLW,model_assisted_not_ground_truth,0,0,0,0,0,0,0,0,0,0,0
12.76,0,39,39,51,186,64.000000000000895,87.000000000011553,77.000000000012434,10.880000000001182,1042.9999999999527,SSLW,model_assisted_not_ground_truth,0,0,0,0,0,0,0,0,0,0,0
12.77,0,39,39.000000000005329,51.000000000001776,186.00000000000711,65.000000000001776,100.00000000002842,91.000000000005329,10.93000000000049,1041.0000000000734,SSLW,model_assisted_not_ground_truth,0,0,0,0,0,0,0,0,0,0,0
12.78,0,38.999999999998579,42.000000000002842,52.000000000001421,190.00000000001421,66.000000000019895,116.00000000004263,94.000000000008527,10.950000000003069,1044.0000000002303,SSLW,model_assisted_not_ground_truth,0,0,0,0,0,0,0,0,0,0,0
12.79,0,38.499999999998138,43.00000000000373,52.500000000001862,195.00000000001864,73.00000000002612,131.00000000005596,97.000000000011198,11.070000000002647,1052.9999999999206,SSLW,model_assisted_not_ground_truth,0,0,0,0,0,0,0,0,0,0,0
12.80,0,38.000000000013856,44.000000000092371,53,200.00000000002311,80.000000000101608,146.00000000006929,100.00000000006928,11.170000000007112,1049.9999999996444,SSLW,model_assisted_not_ground_truth,0,0,0,0,0,0,0,0,0,0,0
12.81,1.7621459846866511e-10,41,64.000000000038554,53,205.00000000001103,102.00000000004405,161.00000000003854,115.00000000006058,11.430000000015252,1036.9999999984184,SSLW,model_assisted_not_ground_truth,0,0,0,0,0,0,0,0,0,0,0
12.82,32.000000000038369,41,71.00000000002558,53,207.00000000001279,110.00000000005755,168.00000000003837,126,11.970000000009591,980.99999999900524,SSLW,model_assisted_not_ground_truth,0,0,0,0,0,0,0,0,0,0,0
12.83,38.000000000036415,41,75.000000000029132,52.999999999992717,209.00000000001458,119.00000000005099,174.00000000003641,125.99999999998543,12.510000000003423,924.99999999978877,SSLW,model_assisted_not_ground_truth,0,0,0,0,0,0,0,0,0,0,0
12.84,42.999999999991829,41.000000000008171,79.000000000024514,52.000000000008171,210.99999999999181,126.00000000000817,179.00000000004087,124.0000000000572,12.980000000002615,895.9999999997957,SSLW,model_assisted_not_ground_truth,0,0,0,0,0,0,0,0,0,0,0
12.85,42,41.999999999990941,82.000000000027185,53,210.00000000000907,127.00000000000907,184.00000000001813,130.99999999996376,13.300000000001088,871.00000000004525,SSLW,model_assisted_not_ground_truth,0,0,0,0,0,0,0,0,0,0,0
12.86,41.999999999990052,41,85,52.999999999990052,210.99999999999005,127.99999999997016,186,126.99999999999005,13.420000000002885,875.99999999964189,SSLW,model_assisted_not_ground_truth,0,0,0,0,0,0,0,0,0,0,0
12.87,40.999999999944933,41,84.999999999977973,52,210,124.99999999996696,185.99999999995595,126.00000000001101,13.710000000000992,840.00000000007708,SSLW,model_assisted_not_ground_truth,0,0,0,0,0,0,0,0,0,0,0
12.88,35.999999999940492,41,82.999999999964302,52.000000000011902,210.00000000001191,121.99999999998811,181.99999999984527,127.00000000004761,13.800000000000358,847.0000000000357,SSLW,model_assisted_not_ground_truth,0,0,0,0,0,0,0,0,0,0,0
12.89,31.000000000049738,41,80.000000000029843,52.999999999990052,210.99999999999005,121.00000000000995,169.00000000012932,130.99999999996021,13.830000000000384,849.99999999998715,SSLW,model_assisted_not_ground_truth,0,0,0,0,0,0,0,0,0,0,0
12.90,33.999999999972822,37.000000000036238,75.000000000045304,53,209.00000000001813,111.00000000009059,162.00000000006341,132.99999999998187,13.860000000000412,848.99999999998636,SSLW,model_assisted_not_ground_truth,0,0,0,0,0,0,0,0,0,0,0
12.91,24.000000000081712,37,65.000000000081712,53,208.00000000000819,100.00000000008988,141.00000000017161,119.0000000001144,13.890000000000292,847.99999999994168,SSLW,model_assisted_not_ground_truth,0,0,0,0,0,0,0,0,0,0,0
12.92,1.7479351299698465e-10,36.000000000007283,50.000000000109246,51.000000000014566,197.00000000008012,80.000000000145661,119.00000000016023,111.00000000005826,13.909999999998764,843.99999999975273,SSLW,model_assisted_not_ground_truth,0,0,0,0,0,0,0,0,0,0,0
12.93,0,36,44.000000000038369,50.000000000006395,188.00000000005755,64.000000000102318,88.000000000198241,102.00000000005755,13.829999999996241,827.99999999928093,SSLW,model_assisted_not_ground_truth,0,0,0,0,0,0,0,0,0,0,0
12.94,0,35.000000000005507,40.000000000022027,48.000000000011013,174.00000000007708,61.00000000001652,56.000000000176215,92.000000000055067,13.599999999997415,783.99999999929355,SSLW,model_assisted_not_ground_truth,0,0,0,0,0,0,0,0,0,0,0
12.95,0,34.000000000004441,37.000000000013323,46.000000000008882,163.00000000004886,57.000000000017764,51.000000000022204,49.000000000190958,13.450000000000824,742.99999999978957,SSLW,model_assisted_not_ground_truth,0,0,0,0,0,0,0,0,0,0,0
12.96,0,34,37.999999999996447,42.000000000014211,150.00000000004619,50.000000000024869,49.000000000007105,44.000000000017764,13.495000000000863,731.49999999977933,SSLW,model_assisted_not_ground_truth,0,0,0,0,0,0,0,0,0,0,0
12.97,0,34,36.000000000005329,41.000000000002665,136.00000000003729,49.000000000002665,49,40.000000000010658,13.540000000000601,719.99999999921715,SSLW,model_assisted_not_ground_truth,0,0,0,0,0,0,0,0,0,0,0
12.98,0,33.000000000001776,34.000000000003553,39.000000000003553,120.00000000002842,47.000000000003553,43.000000000010658,37.000000000005329,13.569999999998743,680.99999999932925,SSLW,model_assisted_not_ground_truth,0,0,0,0,0,0,0,0,0,0,0
12.99,0,32.000000000000888,35.999999999998224,38.000000000000888,118.00000000000178,47.999999999999112,43,37,13.509999999999344,648.99999999930083,SSLW,model_assisted_not_ground_truth,0,0,0,0,0,0,0,0,0,0,0
13.00,0,32,33,36,117,47,43,36,13.47999999998704,616.99999999818101,SSLW,model_assisted_not_ground_truth,0,0,0,0,0,0,0,0,0,0,0
13.01,0,32.000000000000888,34.000000000000888,35,116.0000000000009,46.999999999999112,43,34.000000000000888,12.909999999997165,536.99999999976376,SSLW,model_assisted_not_ground_truth,0,0,0,0,0,0,0,0,0,0,0
13.02,0,33,35,35,116.99999999999645,46,43,34.999999999998224,12.789999999939941,527.00000000487819,SSLW,model_assisted_not_ground_truth,0,0,0,0,0,0,0,0,0,0,0
13.03,0,33.000000000002842,34.999999999997158,35,115.00000000000284,46,42.999999999997158,34,10.33999999999514,726.00000000038369,SSLW,model_assisted_not_ground_truth,0,0,0,0,0,0,0,0,0,0,0
13.04,0,34,34.00000000000373,34.99999999999627,116,45.99999999999627,42.00000000000373,34,10.149999999994971,741.00000000039699,SSLW,model_assisted_not_ground_truth,0,0,0,0,0,0,0,0,0,0,0
13.05,0,34.000000000004619,35,34,115.99999999997229,45,42.999999999995381,34,9.9599999999926148,756.00000000051978,SSLW,model_assisted_not_ground_truth,0,0,0,0,0,0,0,0,0,0,0
13.06,0,34.999999999994493,35,34,109.99999999998347,45.000000000005507,42,34,9.6899999999460533,774.99999999723207,SSLW,model_assisted_not_ground_truth,0,0,0,0,0,0,0,0,0,0,0
13.07,0,34,34.99999999998721,34,106.99999999997442,46,42,34,7.7799999999973783,676.99999999982526,SSLW,model_assisted_not_ground_truth,0,0,0,0,0,0,0,0,0,0,0
13.08,0,34,33,34,103,46,41.999999999992717,33.999999999992717,7.6900000000000004,670.99999999983982,SSLW,model_assisted_not_ground_truth,0,0,0,0,0,0,0,0,0,0,0
13.09,0,34,33,33.999999999991829,103.00000000001634,46,41,33.000000000008171,7.6900000000026152,648.99999999991826,SSLW,model_assisted_not_ground_truth,0,0,0,0,0,0,0,0,0,0,0
13.10,0,33.999999999990941,33,33,105.00000000000907,46,41,33.999999999990941,8.0100000000001366,638.99999999997738,SSLW,model_assisted_not_ground_truth,0,0,0,0,0,0,0,0,0,0,0
13.11,0,33,33,33.000000000009948,106,46,41.000000000009948,33.000000000019895,8.0250000000001478,636.4999999999751,SSLW,model_assisted_not_ground_truth,0,0,0,0,0,0,0,0,0,0,0
13.12,0,32.999999999988987,33,34,105.99999999998899,46,42,34.999999999988987,8.0400000000001093,634,SSLW,model_assisted_not_ground_truth,0,0,0,0,0,0,0,0,0,0,0
13.13,0,32,33,34.000000000023803,105.0000000000357,46,42,34.000000000011902,8.0499999999998817,634,SSLW,model_assisted_not_ground_truth,0,0,0,0,0,0,0,0,0,0,0
13.14,0,32,33,35.999999999980105,107.99999999997016,46,42,34.999999999990052,8.0399999999999991,633.99999999997442,SSLW,model_assisted_not_ground_truth,0,0,0,0,0,0,0,0,0,0,0
13.15,0,32,33,36,107.00000000000907,46,42,35.999999999990941,8.0399999999976739,631.9999999997948,SSLW,model_assisted_not_ground_truth,0,0,0,0,0,0,0,0,0,0,0
13.16,0,31.000000000008171,32.000000000008171,35.000000000008171,107,46,42.999999999991829,36,7.8699999999997088,617.00000000001455,SSLW,model_assisted_not_ground_truth,0,0,0,0,0,0,0,0,0,0,0
13.17,0,31,32,35,106.00000000000728,46,43,36,7.8499999999999996,618,SSLW,model_assisted_not_ground_truth,0,0,0,0,0,0,0,0,0,0,0
13.18,0,31.999999999993605,31.000000000006395,35.999999999993605,106,45.000000000006395,42.000000000006395,36,7.8500000000000814,618.00000000000819,SSLW,model_assisted_not_ground_truth,0,0,0,0,0,0,0,0,0,0,0
13.19,0,32,31,36.999999999994493,106.99999999999449,45,42.999999999994493,35.000000000005507,7.8550000000000857,618.50000000000864,SSLW,model_assisted_not_ground_truth,0,0,0,0,0,0,0,0,0,0,0
13.20,0,32,31,37.999999999995559,107,45,43,36.999999999991118,7.8599999999998174,619.0000000000183,SSLW,model_assisted_not_ground_truth,0,0,0,0,0,0,0,0,0,0,0
13.21,0,32,30.000000000003553,38.999999999996447,115.99999999996803,45.999999999996447,43,37,7.8499999999999996,620.00000000003843,SSLW,model_assisted_not_ground_truth,0,0,0,0,0,0,0,0,0,0,0
13.22,0,32.999999999997335,29.000000000002665,39,115.00000000000267,46,43,36.000000000002665,7.8500000000006018,622.00000000002012,SSLW,model_assisted_not_ground_truth,0,0,0,0,0,0,0,0,0,0,0
13.23,0,33,30.999999999996447,39,113.00000000000355,46,43,36,7.8799999999999999,623.00000000004195,SSLW,model_assisted_not_ground_truth,0,0,0,0,0,0,0,0,0,0,0
13.24,0,33,29.000000000001776,39,117.99999999999557,46,43,36.999999999999112,7.8799999999996722,625.0000000000656,SSLW,model_assisted_not_ground_truth,0,0,0,0,0,0,0,0,0,0,0
13.25,0,34,31,39,119,46,43,36,7.8649999999996592,628.00000000006821,SSLW,model_assisted_not_ground_truth,0,0,0,0,0,0,0,0,0,0,0
13.26,0,34.000000000000888,31.000000000000888,38.999999999999112,118.0000000000009,46,43,35,7.8499999999995271,630.99999999997635,SSLW,model_assisted_not_ground_truth,0,0,0,0,0,0,0,0,0,0,0
13.27,0,35,32,37.999999999998224,119.00000000000355,46,43,35,7.8300000000007355,629.999999999951,SSLW,model_assisted_not_ground_truth,0,0,0,0,0,0,0,0,0,0,0
13.28,0,34.999999999997158,31.999999999991473,37,121.00000000000568,46,43,35,7.8600000000007677,627.99999999994884,SSLW,model_assisted_not_ground_truth,0,0,0,0,0,0,0,0,0,0,0
13.29,0,34,29,36.99999999999627,123,46,43,35,7.8900000000015877,625.99999999994702,SSLW,model_assisted_not_ground_truth,0,0,0,0,0,0,0,0,0,0,0
13.30,0,33.999999999995381,29,36,122.99999999999538,46.000000000009237,43,35,7.9499999999950761,624.00000000073862,SSLW,model_assisted_not_ground_truth,0,0,0,0,0,0,0,0,0,0,0
13.31,0,33,29.000000000005507,35.999999999994493,122.00000000000551,47.999999999988987,43,34.999999999994493,7.7700000000005645,650.999999999887,SSLW,model_assisted_not_ground_truth,0,0,0,0,0,0,0,0,0,0,0
13.32,0,32.99999999998721,29.999999999968026,34.99999999997442,122.99999999991047,45.999999999993605,42.999999999993605,33.999999999993605,7.7900000000010197,646.99999999992713,SSLW,model_assisted_not_ground_truth,0,0,0,0,0,0,0,0,0,0,0
13.33,0,31,24.999999999970868,30.999999999992717,108.99999999998543,45,42,33,7.825000000000653,644.49999999995339,SSLW,model_assisted_not_ground_truth,0,0,0,0,0,0,0,0,0,0,0
13.34,0,31,20.999999999975486,29.999999999975486,106.99999999998366,45.000000000008171,42,32.999999999983658,7.8599999999994283,641.99999999991826,SSLW,model_assisted_not_ground_truth,0,0,0,0,0,0,0,0,0,0,0
13.35,0,31,17.999999999981881,26.999999999981881,104.99999999998188,45.999999999990941,42,31.000000000009059,7.7899999999999094,632.0000000003896,SSLW,model_assisted_not_ground_truth,0,0,0,0,0,0,0,0,0,0,0
13.36,0,31,16.000000000019895,25,102.99999999993037,45.000000000009948,42,32,7.7800000000000002,674.99999999999,SSLW,model_assisted_not_ground_truth,0,0,0,0,0,0,0,0,0,0,0
13.37,0,31,17.999999999801759,24.999999999988987,95.999999999823785,46,42,32,7.7799999999998901,673.99999999998897,SSLW,model_assisted_not_ground_truth,0,0,0,0,0,0,0,0,0,0,0
13.38,0,31.000000000023803,0,23.999999999988098,79.999999999940499,46,41.999999999988098,31.999999999988098,7.7699999999998806,672.99999999995237,SSLW,model_assisted_not_ground_truth,0,0,0,0,0,0,0,0,0,0,0
13.39,0,32.999999999980105,0,23.000000000009948,75.000000000049738,46,41.000000000009948,31.000000000009948,7.7599999999992324,668.99999999988484,SSLW,model_assisted_not_ground_truth,0,0,0,0,0,0,0,0,0,0,0
13.40,0,33,0,23.999999999990941,79.999999999954696,46,41.999999999990941,32.999999999981881,7.700000000001026,660.00000000014359,SSLW,model_assisted_not_ground_truth,0,0,0,0,0,0,0,0,0,0,0
13.41,0,34.999999999983658,0,24,90.999999999910116,46,42.999999999991829,33,7.7750000000010928,670.50000000015291,SSLW,model_assisted_not_ground_truth,0,0,0,0,0,0,0,0,0,0,0
13.42,0,35.999999999992717,0,24.999999999992717,99.99999999993446,46.999999999992717,43.999999999992717,34.999999999985434,7.8499999999999996,681.00000000004638,SSLW,model_assisted_not_ground_truth,0,0,0,0,0,0,0,0,0,0,0
13.43,0,36,0,27.999999999980815,101.99999999998721,48.99999999998721,44,35,7.8499999999998362,684.000000000049,SSLW,model_assisted_not_ground_truth,0,0,0,0,0,0,0,0,0,0,0
13.44,0,38.99999999998348,14.999999999917399,32.999999999972466,113.99999999993392,49,44,35,7.8399999999996552,687.00000000017235,SSLW,model_assisted_not_ground_truth,0,0,0,0,0,0,0,0,0,0,0
13.45,0,41.999999999986677,16.999999999991118,34.999999999991118,129.99999999992895,49,47.999999999982236,36.999999999991118,7.8199999999990855,697.00000000009152,SSLW,model_assisted_not_ground_truth,0,0,0,0,0,0,0,0,0,0,0
13.46,0,59.999999999936051,18.999999999992895,35.999999999996447,135.99999999997868,49,48.999999999996447,37,7.7699999999988485,702.00000000024943,SSLW,model_assisted_not_ground_truth,0,0,0,0,0,0,0,0,0,0,0
13.47,0,71.999999999968026,24.999999999984013,37.999999999994671,139.99999999998934,49.999999999997335,49,37,7.7100000000043156,715.0000000002409,SSLW,model_assisted_not_ground_truth,0,0,0,0,0,0,0,0,0,0,0
13.48,0,92.999999999962697,24.000000000001776,39.999999999996447,156.99999999996982,49.000000000001776,49.999999999998224,40.999999999992895,7.9250000000045073,727.00000000025148,SSLW,model_assisted_not_ground_truth,0,0,0,0,0,0,0,0,0,0,0
13.49,0,117.9999999999778,25.999999999998224,40.999999999999112,176.99999999998224,55.999999999993783,50,42.999999999998224,8.1399999999919164,739.0000000022942,SSLW,model_assisted_not_ground_truth,0,0,0,0,0,0,0,0,0,0,0
13.50,0,149,30,41,216,63,52,64,7.7699999999940879,844.0000000020691,SSLW,model_assisted_not_ground_truth,0,0,0,0,0,0,0,0,0,0,0
13.51,0,193.00000000004351,33.000000000001776,45.000000000003553,236.00000000002044,105.00000000003287,72.000000000016882,98.000000000028422,7.5099999999893683,935.00000000158286,SSLW,model_assisted_not_ground_truth,0,0,0,0,0,0,0,0,0,0,0
13.52,0,242.00000000005329,35.000000000001776,49.000000000005329,259.00000000001779,142.00000000004798,91.000000000023093,130.00000000001955,7.060000000000735,1002.0000000007844,SSLW,model_assisted_not_ground_truth,0,0,0,0,0,0,0,0,0,0,0
13.53,6.5369931689988671e-11,272.00000000009663,35.999999999994316,52.000000000002842,269.00000000003126,169.00000000006821,104.00000000007674,141.00000000001137,7.0900000000030694,1034.0000000006396,SSLW,model_assisted_not_ground_truth,0,0,0,0,0,0,0,0,0,0,0
13.54,23.000000000145484,306.00000000011192,34.00000000000373,53.000000000126832,280.00000000000375,193.00000000005596,131.00000000007088,144.99999999999253,7.2100000000349374,1059.0000000015086,SSLW,model_assisted_not_ground_truth,0,0,0,0,0,0,0,0,0,0,0
13.55,62.000000000060041,336.00000000004155,34.999999999995381,86.999999999847589,280.99999999996305,208.00000000002771,149.99999999995842,142.99999999994458,8.5300000000032821,1116.0000000000684,SSLW,model_assisted_not_ground_truth,0,0,0,0,0,0,0,0,0,0,0
13.56,74.99999999996696,345.00000000004957,34.000000000005507,53.999999999994493,272.99999999994492,214.00000000003854,140.99999999994492,130.99999999994492,8.6500000000033879,1118.5000000000707,SSLW,model_assisted_not_ground_truth,0,0,0,0,0,0,0,0,0,0,0
13.57,68.999999999993605,354.00000000004479,34.999999999993605,53.000000000179057,262.99999999997442,221.00000000001279,130.99999999991047,120.99999999994245,8.7700000000034954,1121.0000000004079,SSLW,model_assisted_not_ground_truth,0,0,0,0,0,0,0,0,0,0,0
13.58,67.999999999970868,361.00000000001455,34,81.000000000050989,259.00000000002916,223.00000000000728,117.0000000000437,111.99999999999271,8.8900000000004376,1135.0000000001091,SSLW,model_assisted_not_ground_truth,0,0,0,0,0,0,0,0,0,0,0
13.59,63.999999999959144,363.00000000000819,34,88.000000000114397,263.00000000005718,224.00000000000819,123.00000000006537,111.00000000004086,8.950000000000081,1150.0000000000573,SSLW,model_assisted_not_ground_truth,0,0,0,0,0,0,0,0,0,0,0
13.60,59.000000000072475,364.00000000000904,34.000000000009059,102,270.00000000005434,224.99999999997283,130.99999999999093,116.00000000003624,8.9599999999988231,1157.0000000001178,SSLW,model_assisted_not_ground_truth,0,0,0,0,0,0,0,0,0,0,0
13.61,67.000000000089528,365.00000000000995,35,101.99999999994031,276.00000000004974,221.99999999995026,129.99999999997016,119.9999999999801,8.8300000000034817,1170.0000000005471,SSLW,model_assisted_not_ground_truth,0,0,0,0,0,0,0,0,0,0,0
13.62,76.000000000011013,365.99999999998897,34.999999999977973,95.999999999537437,281,216.99999999980176,126.99999999991189,117.99999999997797,9.1800000000002751,1224.999999999967,SSLW,model_assisted_not_ground_truth,0,0,0,0,0,0,0,0,0,0,0
13.63,77.000000000023803,364.9999999999286,33.000000000011902,54,280.99999999990479,198.999999999881,118.99999999984529,115.99999999972627,9.2050000000002967,1221.9999999999643,SSLW,model_assisted_not_ground_truth,0,0,0,0,0,0,0,0,0,0,0
13.64,78.999999999980105,359.00000000005969,33.999999999990052,54,273.00000000007958,189.00000000009948,106.00000000012932,93.000000000228795,9.2300000000007678,1218.9999999997954,SSLW,model_assisted_not_ground_truth,0,0,0,0,0,0,0,0,0,0,0
13.65,67.000000000108713,352.00000000006344,34.999999999990941,53.000000000009059,267.00000000005434,178.00000000009965,94.000000000108713,69.000000000217426,9.290000000000683,1202.9999999996853,SSLW,model_assisted_not_ground_truth,0,0,0,0,0,0,0,0,0,0,0
13.66,43.00000000019611,340.00000000009805,35.999999999991829,53,259.00000000006537,167.00000000008987,91.000000000024514,61.00000000006537,9.3400000000004368,1179.9999999996651,SSLW,model_assisted_not_ground_truth,0,0,0,0,0,0,0,0,0,0,0
13.67,3.1317171078626416e-10,310.00000000021851,35.000000000007283,52.000000000007283,247.0000000000874,162.00000000003641,86.000000000036408,49.000000000087397,9.3700000000012356,1156.9999999997835,SSLW,model_assisted_not_ground_truth,0,0,0,0,0,0,0,0,0,0,0
13.68,0,299.00000000007037,34.000000000006395,52.999999999993605,245.00000000001279,162,86,49,9.450000000001797,1142.9999999997385,SSLW,model_assisted_not_ground_truth,0,0,0,0,0,0,0,0,0,0,0
13.69,0,287.00000000006605,35.999999999988987,53,244.00000000000551,161.00000000000551,86,48.000000000005507,9.5600000000009491,1126.999999999819,SSLW,model_assisted_not_ground_truth,0,0,0,0,0,0,0,0,0,0,0
13.70,0,280.00000000003109,36,53,243.00000000000443,157.00000000001776,86.999999999995566,48,9.6150000000010074,1116.4999999998079,SSLW,model_assisted_not_ground_truth,0,0,0,0,0,0,0,0,0,0,0
13.71,0,270.00000000003553,36.999999999996447,52.000000000003553,242.00000000000355,145.00000000004263,86.000000000003553,47.000000000003553,9.670000000001151,1105.9999999998465,SSLW,model_assisted_not_ground_truth,0,0,0,0,0,0,0,0,0,0,0
13.72,0,264.00000000001597,35.000000000005329,52,242,140.00000000001333,86,47,9.7300000000014055,1097.999999999739,SSLW,model_assisted_not_ground_truth,0,0,0,0,0,0,0,0,0,0,0
13.73,0,250.00000000002487,36.999999999996447,52,240.00000000000355,134.00000000001066,86,46.000000000001776,9.800000000001468,1084.9999999995598,SSLW,model_assisted_not_ground_truth,0,0,0,0,0,0,0,0,0,0,0
13.74,0,231.00000000001688,37,51.000000000000888,239.00000000000088,120.00000000001243,84.000000000001776,43.000000000002665,9.8700000000010917,1063.9999999996503,SSLW,model_assisted_not_ground_truth,0,0,0,0,0,0,0,0,0,0,0
13.75,0,217,36,50,231,110,81,43,9.920000000002501,1047.9999999995453,SSLW,model_assisted_not_ground_truth,0,0,0,0,0,0,0,0,0,0,0
13.76,0,203.99999999999022,38,50,228.99999999999466,94.999999999983118,78.999999999998224,42.000000000000888,10.030000000000827,1027.9999999998818,SSLW,model_assisted_not_ground_truth,0,0,0,0,0,0,0,0,0,0,0
13.77,0,192.99999999998224,37.999999999998224,50,222.99999999999289,75.999999999984013,76.999999999996447,42.999999999998224,10.065000000000857,1022.9999999998774,SSLW,model_assisted_not_ground_truth,0,0,0,0,0,0,0,0,0,0,0
13.78,0,182.99999999994031,37.000000000002842,50,218.99999999999147,66.999999999997158,75,41.999999999997158,10.100000000002813,1017.9999999996675,SSLW,model_assisted_not_ground_truth,0,0,0,0,0,0,0,0,0,0,0
13.79,0,161.99999999989555,38,50,215.99999999998136,66.000000000003737,74.999999999996263,41,10.210000000002383,1004.9999999998942,SSLW,model_assisted_not_ground_truth,0,0,0,0,0,0,0,0,0,0,0
13.80,0,133.99999999994918,38,50,210.99999999997229,66.999999999990763,73.999999999995381,41,10.300000000010122,1000.9999999984134,SSLW,model_assisted_not_ground_truth,0,0,0,0,0,0,0,0,0,0,0
13.81,0,122.99999999991189,38,50,204.99999999996695,65,72.999999999977973,41,10.67,943.0000000001412,SSLW,model_assisted_not_ground_truth,0,0,0,0,0,0,0,0,0,0,0
13.82,0,106.99999999991687,37.99999999998721,50,198.99999999997442,65,68.999999999948841,41,10.670000000000583,948.00000000005821,SSLW,model_assisted_not_ground_truth,0,0,0,0,0,0,0,0,0,0,0
13.83,0,93.999999999635847,36.000000000014566,49.999999999992717,194.99999999994174,64.999999999985434,60.999999999949019,41,10.690000000000145,950.00000000001819,SSLW,model_assisted_not_ground_truth,0,0,0,0,0,0,0,0,0,0,0
13.84,0,43.999999999991829,38.000000000008171,48.999999999991829,186.99999999998366,62.999999999991829,54,41,10.710000000000164,952.50000000002046,SSLW,model_assisted_not_ground_truth,0,0,0,0,0,0,0,0,0,0,0
13.85,0,42.999999999990941,38.999999999990941,48,185,61.999999999972822,54,40.999999999990941,10.729999999999547,955.00000000000909,SSLW,model_assisted_not_ground_truth,0,0,0,0,0,0,0,0,0,0,0
13.86,0,41.999999999980105,37.999999999990052,48,184.99999999996021,59,54,40.000000000009948,10.680000000001193,956.00000000015916,SSLW,model_assisted_not_ground_truth,0,0,0,0,0,0,0,0,0,0,0
13.87,0,39.999999999988987,37.000000000011013,48,180.99999999993392,59,54,41,10.800000000000001,972.00000000007708,SSLW,model_assisted_not_ground_truth,0,0,0,0,0,0,0,0,0,0,0
13.88,0,39,38,48,174.9999999999167,58.999999999988098,54,41,10.800000000000477,979.00000000005946,SSLW,model_assisted_not_ground_truth,0,0,0,0,0,0,0,0,0,0,0
13.89,0,39,38,48,168.00000000006963,58.000000000009948,54,41,10.840000000000639,984.00000000010232,SSLW,model_assisted_not_ground_truth,0,0,0,0,0,0,0,0,0,0,0
13.90,0,38.000000000009059,38,46.000000000018119,167.00000000000907,58,54,39.000000000018119,10.890000000000137,992.0000000000274,SSLW,model_assisted_not_ground_truth,0,0,0,0,0,0,0,0,0,0,0
13.91,0,38.999999999991829,38,45.000000000008171,167,58,54,39.999999999991829,10.899999999999491,994.00000000001455,SSLW,model_assisted_not_ground_truth,0,0,0,0,0,0,0,0,0,0,0
13.92,0,38.000000000007283,36.000000000014566,45,167,58.999999999992717,53.000000000007283,41.999999999985434,10.864999999999458,995.00000000001546,SSLW,model_assisted_not_ground_truth,0,0,0,0,0,0,0,0,0,0,0
13.93,0,38,38.999999999980815,47.999999999980815,167,59.999999999993605,53.999999999993605,42,10.830000000000817,996.00000000014711,SSLW,model_assisted_not_ground_truth,0,0,0,0,0,0,0,0,0,0,0
13.94,0,37.000000000005507,39,46.000000000011013,167.99999999999449,60,64.999999999939433,42,10.880000000000518,1005.0000000000517,SSLW,model_assisted_not_ground_truth,0,0,0,0,0,0,0,0,0,0,0
13.95,0,37,38.000000000004441,47.999999999991118,168.99999999999557,64.999999999977803,69.999999999977803,42,10.91,1008.0000000000732,SSLW,model_assisted_not_ground_truth,0,0,0,0,0,0,0,0,0,0,0
13.96,0,37.999999999996447,37.000000000003553,48,174.99999999997868,65,75.999999999978684,42,10.91,1012.0000000000384,SSLW,model_assisted_not_ground_truth,0,0,0,0,0,0,0,0,0,0,0
13.97,0,37.000000000002665,38.999999999994671,48.999999999997335,183.99999999997601,65,78.999999999992013,52.99999999997069,10.910000000001105,1013.9999999999297,SSLW,model_assisted_not_ground_truth,0,0,0,0,0,0,0,0,0,0,0
13.98,0,37,39,49,185.99999999999645,64.000000000001776,82.999999999992895,61.999999999984013,10.965000000001153,1010.4999999999267,SSLW,model_assisted_not_ground_truth,0,0,0,0,0,0,0,0,0,0,0
13.99,0,37,39,49.999999999999112,186,64.999999999999119,84.999999999998224,69.999999999992895,11.02,1007.0000000001311,SSLW,model_assisted_not_ground_truth,0,0,0,0,0,0,0,0,0,0,0
14.00,0,38,43,51,193,67,98,81,11.020000000002273,1012.9999999998863,SSLW,model_assisted_not_ground_truth,0,0,0,0,0,0,0,0,0,0,0
14.01,0,38,42.999999999999112,52,196.00000000000355,68.000000000011553,111.000000000008,88.000000000008001,11.120000000004488,1007.9999999996456,SSLW,model_assisted_not_ground_truth,0,0,0,0,0,0,0,0,0,0,0
14.02,0,38,42.000000000005329,52.000000000001776,200.00000000000355,81.000000000003553,120.00000000002132,97.000000000007105,11.310000000021327,992.99999999781824,SSLW,model_assisted_not_ground_truth,0,0,0,0,0,0,0,0,0,0,0
14.03,0,38.000000000008527,45.000000000005684,53,202.00000000001137,83.000000000022737,132.00000000002842,101.00000000001421,12.180000000012278,903.99999999882334,SSLW,model_assisted_not_ground_truth,0,0,0,0,0,0,0,0,0,0,0
14.04,7.4606987254878374e-11,41,47.000000000033573,53,206.00000000000747,91.00000000002612,142.00000000004476,106.00000000001492,12.660000000004104,857.99999999966917,SSLW,model_assisted_not_ground_truth,0,0,0,0,0,0,0,0,0,0,0
14.05,20.000000000078515,41,56.000000000073896,53,208.00000000002771,98.00000000003233,154.00000000005082,110.00000000005542,12.81500000000424,845.49999999965803,SSLW,model_assisted_not_ground_truth,0,0,0,0,0,0,0,0,0,0,0
14.06,37.00000000003304,41,72.000000000027541,53,214.00000000001103,105.00000000003304,165.00000000002203,122.00000000003304,12.970000000003107,833.000000000113,SSLW,model_assisted_not_ground_truth,0,0,0,0,0,0,0,0,0,0,0
14.07,43.00000000002558,41,77.000000000044764,52.999999999993605,216.00000000001279,111.00000000002558,169.00000000003837,128.00000000002558,13.080000000002913,837.00000000005821,SSLW,model_assisted_not_ground_truth,0,0,0,0,0,0,0,0,0,0,0
14.08,47.000000000007283,41,84.000000000050989,52.000000000007283,217.99999999998542,115.00000000003642,175.00000000003641,132,13.18000000000051,838.99999999996362,SSLW,model_assisted_not_ground_truth,0,0,0,0,0,0,0,0,0,0,0
14.09,47.999999999983658,41,91.000000000081712,53,216.00000000002453,120.00000000007354,180.00000000002453,132,13.250000000001879,833.99999999991826,SSLW,model_assisted_not_ground_truth,0,0,0,0,0,0,0,0,0,0,0
14.10,46,41,101.00000000008154,53,219.00000000002717,129.0000000000453,183.00000000002717,132.00000000010871,13.479999999999638,824.00000000001808,SSLW,model_assisted_not_ground_truth,0,0,0,0,0,0,0,0,0,0,0
14.11,45.999999999940314,41,110.00000000000995,53,221.99999999999005,134.00000000000995,186.0000000000199,143.99999999992042,13.440000000000198,826.0000000000199,SSLW,model_assisted_not_ground_truth,0,0,0,0,0,0,0,0,0,0,0
14.12,39.999999999988987,41,111.00000000003304,53,221.00000000001103,135.00000000001103,188.00000000002203,136.00000000005508,13.460000000000221,828.00000000002206,SSLW,model_assisted_not_ground_truth,0,0,0,0,0,0,0,0,0,0,0
14.13,38.999999999988098,41.000000000011902,114.00000000001189,52.999999999976197,222,136,189.99999999998809,140.99999999995239,13.480000000000238,829.99999999998806,SSLW,model_assisted_not_ground_truth,0,0,0,0,0,0,0,0,0,0,0
14.14,38.000000000009948,41.999999999990052,114.99999999999005,51.000000000019895,222,136,189.00000000000995,137.00000000003979,13.5,829,SSLW,model_assisted_not_ground_truth,0,0,0,0,0,0,0,0,0,0,0
14.15,36.000000000018119,41.000000000009059,111.00000000003624,51,222,136,188.00000000000907,142.99999999994566,13.500000000000137,828.9999999999726,SSLW,model_assisted_not_ground_truth,0,0,0,0,0,0,0,0,0,0,0
14.16,35.000000000008171,41,95.00000000013074,52.999999999983658,222,131.00000000004087,188,143.99999999999181,13.510000000000145,826.99999999992713,SSLW,model_assisted_not_ground_truth,0,0,0,0,0,0,0,0,0,0,0
14.17,40.999999999956302,40.000000000007283,80.000000000109253,52.000000000007283,220.00000000001455,127.00000000002913,176.0000000000874,138.00000000004371,13.519999999998609,821.99999999975273,SSLW,model_assisted_not_ground_truth,0,0,0,0,0,0,0,0,0,0,0
14.18,36.000000000031974,40,74.000000000038369,52,216.00000000002558,118.00000000005755,153.00000000014708,127.00000000007034,13.429999999998856,805.99999999982026,SSLW,model_assisted_not_ground_truth,0,0,0,0,0,0,0,0,0,0,0
14.19,1.9824142327706795e-10,38.000000000011013,50.000000000132161,50.000000000011013,207.00000000004957,96.000000000121148,122.0000000001707,111.00000000008811,13.359999999998793,794.99999999981048,SSLW,model_assisted_not_ground_truth,0,0,0,0,0,0,0,0,0,0,0
14.20,0,37.000000000004441,42.000000000035527,49.000000000004441,199.00000000003553,66.000000000133227,88.00000000015099,102.00000000003996,13.289999999998169,783.99999999924989,SSLW,model_assisted_not_ground_truth,0,0,0,0,0,0,0,0,0,0,0
14.21,0,36.000000000003553,39.000000000010658,47.000000000007105,186.00000000004619,64.000000000007105,60.000000000099476,74.000000000099476,13.190000000000383,742.99999999929014,SSLW,model_assisted_not_ground_truth,0,0,0,0,0,0,0,0,0,0,0
14.22,0,35.000000000002665,36.000000000007994,46.000000000002665,173.00000000003465,61.000000000007994,51.000000000023981,49.000000000066613,13.210000000001406,705.99999999923728,SSLW,model_assisted_not_ground_truth,0,0,0,0,0,0,0,0,0,0,0
14.23,0,35,36.999999999998224,43.000000000005329,158.00000000002666,52.000000000015987,50.000000000001776,43.000000000010658,13.280000000000419,667.99999999930833,SSLW,model_assisted_not_ground_truth,0,0,0,0,0,0,0,0,0,0,0
14.24,0,34.000000000000888,35.000000000001776,41.000000000001776,149.00000000000799,51.000000000000888,49.000000000000888,40.000000000002665,13.299999999999564,634.99999999919157,SSLW,model_assisted_not_ground_truth,0,0,0,0,0,0,0,0,0,0,0
14.25,0,34,36,40,149,49,49,38,13.279999999998862,597.99999999943157,SSLW,model_assisted_not_ground_truth,0,0,0,0,0,0,0,0,0,0,0
14.26,0,34,36,38.999999999999112,141.99999999999821,47.999999999999112,44.999999999999112,36.999999999998224,13.229999999994684,572.99999999920851,SSLW,model_assisted_not_ground_truth,0,0,0,0,0,0,0,0,0,0,0
14.27,0,34,35.999999999996447,38,140,47,44,35,13.004999999994485,539.49999999917884,SSLW,model_assisted_not_ground_truth,0,0,0,0,0,0,0,0,0,0,0
14.28,0,34.000000000002842,34,37.999999999994316,139.99999999999716,47,44,34.999999999994316,12.779999999998976,506.00000000005116,SSLW,model_assisted_not_ground_truth,0,0,0,0,0,0,0,0,0,0,0
14.29,0,35,34.000000000007461,36.00000000000373,138.99999999997016,47,43.99999999999627,33.00000000000373,12.739999999940183,508.00000000516121,SSLW,model_assisted_not_ground_truth,0,0,0,0,0,0,0,0,0,0,0
14.30,0,35,36,36.999999999995381,130.99999999993534,46.999999999995381,43,34,10.479999999990152,703.00000000060186,SSLW,model_assisted_not_ground_truth,0,0,0,0,0,0,0,0,0,0,0
14.31,0,34.999999999994493,36,36,117.00000000001653,46,43,34,10.119999999996045,724.99999999983049,SSLW,model_assisted_not_ground_truth,0,0,0,0,0,0,0,0,0,0,0
14.32,0,34,35.999999999980815,35.999999999993605,119.99999999994884,46,43,34,9.9799999999965046,718.99999999962131,SSLW,model_assisted_not_ground_truth,0,0,0,0,0,0,0,0,0,0,0
14.33,0,34,33.000000000007283,35,111.99999999999271,46,43,34,9.8599999999926791,705.99999999967224,SSLW,model_assisted_not_ground_truth,0,0,0,0,0,0,0,0,0,0,0
14.34,0,34,34.000000000016342,35,111.00000000000817,45.999999999991829,42.999999999991829,33.999999999991829,8.8549999999917866,660.99999999963234,SSLW,model_assisted_not_ground_truth,0,0,0,0,0,0,0,0,0,0,0
14.35,0,34,35.999999999972822,34.999999999990941,111.99999999999093,45.000000000009059,42,33,7.8499999999999091,615.99999999999091,SSLW,model_assisted_not_ground_truth,0,0,0,0,0,0,0,0,0,0,0
14.36,0,33.999999999990052,33.000000000019895,34,111,46,42,33,7.8400000000000993,614.99999999999,SSLW,model_assisted_not_ground_truth,0,0,0,0,0,0,0,0,0,0,0
14.37,0,33,34.999999999988987,34,110.99999999998899,46,42,33.000000000011013,7.8500000000001098,614,SSLW,model_assisted_not_ground_truth,0,0,0,0,0,0,0,0,0,0,0
14.38,0,32.999999999988098,34,34.000000000011902,110.00000000001189,46,42,34,7.8600000000001193,614.00000000001194,SSLW,model_assisted_not_ground_truth,0,0,0,0,0,0,0,0,0,0,0
14.39,0,32.000000000009948,34,34.999999999990052,110.99999999999005,46,42,34,7.8700000000000001,615,SSLW,model_assisted_not_ground_truth,0,0,0,0,0,0,0,0,0,0,0
14.40,0,32.999999999990941,34.999999999990941,35.999999999990941,111.99999999999093,46,42,34,7.8700000000001369,615.00000000001364,SSLW,model_assisted_not_ground_truth,0,0,0,0,0,0,0,0,0,0,0
14.41,0,33,33.000000000016342,36,112,46,42.999999999991829,34.999999999991829,7.8799999999997814,616.00000000005093,SSLW,model_assisted_not_ground_truth,0,0,0,0,0,0,0,0,0,0,0
14.42,0,32.000000000007283,33,36.999999999992717,112,46,43,35.999999999992717,7.8649999999997675,619.50000000005411,SSLW,model_assisted_not_ground_truth,0,0,0,0,0,0,0,0,0,0,0
14.43,0,31.000000000006395,33,37,112,46,43,36,7.8499999999988557,623.00000000003274,SSLW,model_assisted_not_ground_truth,0,0,0,0,0,0,0,0,0,0,0
14.44,0,31.999999999994493,31.000000000011013,37,113.99999999998899,45.000000000005507,43,36,7.7800000000005172,624.99999999994827,SSLW,model_assisted_not_ground_truth,0,0,0,0,0,0,0,0,0,0,0
14.45,0,32,31.999999999995559,37.999999999995559,113.00000000000443,45,42.000000000004441,36,7.8100000000009144,621.99999999992679,SSLW,model_assisted_not_ground_truth,0,0,0,0,0,0,0,0,0,0,0
14.46,0,32,30.000000000007105,38,114.99999999999289,45,42.999999999996447,36,7.8600000000007677,618.0000000001919,SSLW,model_assisted_not_ground_truth,0,0,0,0,0,0,0,0,0,0,0
14.47,0,31.000000000002665,29.000000000002665,38,117.99999999999201,45,43,35.000000000002665,7.8999999999973909,628.0000000003613,SSLW,model_assisted_not_ground_truth,0,0,0,0,0,0,0,0,0,0,0
14.48,0,31.999999999998224,29,38,119.99999999999645,44.000000000001776,43,35,7.7700000000001044,645.99999999995805,SSLW,model_assisted_not_ground_truth,0,0,0,0,0,0,0,0,0,0,0
14.49,0,32.999999999999112,30.999999999998224,38.999999999999112,120.99999999999912,44.999999999999112,42.000000000000888,35,7.7750000000001087,643.99999999995634,SSLW,model_assisted_not_ground_truth,0,0,0,0,0,0,0,0,0,0,0
14.50,0,34,30,39,119,45,42,37,7.7800000000018192,641.9999999998181,SSLW,model_assisted_not_ground_truth,0,0,0,0,0,0,0,0,0,0,0
14.51,0,35,30,37.999999999999112,121.00000000000445,46,43,37,7.8599999999997641,633.99999999988188,SSLW,model_assisted_not_ground_truth,0,0,0,0,0,0,0,0,0,0,0
14.52,0,35,29.999999999998224,37,125.99999999999822,45.999999999998224,43,36.999999999998224,7.8499999999999996,629.00000000058833,SSLW,model_assisted_not_ground_truth,0,0,0,0,0,0,0,0,0,0,0
14.53,0,34.999999999997158,29,37,125.00000000000284,45,43,36,7.8499999999974417,653.00000000040927,SSLW,model_assisted_not_ground_truth,0,0,0,0,0,0,0,0,0,0,0
14.54,0,34,29,36.99999999999627,126.00000000000746,45,43,35.99999999999627,7.749999999999206,668.99999999992065,SSLW,model_assisted_not_ground_truth,0,0,0,0,0,0,0,0,0,0,0
14.55,0,34,29,35.999999999995381,127.99999999999076,45,43.000000000004619,35,7.7199999999999998,665.99999999964439,SSLW,model_assisted_not_ground_truth,0,0,0,0,0,0,0,0,0,0,0
14.56,0,33.999999999994493,28.99999999996696,34.999999999994493,125.99999999999449,45.000000000005507,44,34.999999999994493,7.7200000000009883,653.0000000003389,SSLW,model_assisted_not_ground_truth,0,0,0,0,0,0,0,0,0,0,0
14.57,0,32.999999999993605,23,33.999999999993605,124.99999999999361,46,43.999999999993605,34,7.7550000000006216,665.00000000021316,SSLW,model_assisted_not_ground_truth,0,0,0,0,0,0,0,0,0,0,0
14.58,0,32,22.999999999985434,32.999999999985434,123.99999999999271,45.999999999978151,42.999999999985434,34,7.7899999999998544,677,SSLW,model_assisted_not_ground_truth,0,0,0,0,0,0,0,0,0,0,0
14.59,0,32,20.999999999950973,30.999999999983658,122.99999999990195,43,41.000000000016342,33.999999999991829,7.7700000000000813,676.99999999999181,SSLW,model_assisted_not_ground_truth,0,0,0,0,0,0,0,0,0,0,0
14.60,0,32,14.999999999981881,28.999999999990941,110.99999999999093,42.999999999990941,43,32.999999999981881,7.7799999999999097,675.99999999999091,SSLW,model_assisted_not_ground_truth,0,0,0,0,0,0,0,0,0,0,0
14.61,0,32,12.999999999890576,27.99999999996021,109.99999999997016,42.000000000009948,43,31.000000000019895,7.7699999999999001,674.9999999999701,SSLW,model_assisted_not_ground_truth,0,0,0,0,0,0,0,0,0,0,0
14.62,0,32,1.9999999999779732,23.999999999988987,106.99999999990088,42.999999999988987,42.999999999988987,33,7.7600000000002201,672.00000000002206,SSLW,model_assisted_not_ground_truth,0,0,0,0,0,0,0,0,0,0,0
14.63,0,32,0,23,97.999999999892893,42.000000000011902,42,33,7.7800000000001193,673.99999999998806,SSLW,model_assisted_not_ground_truth,0,0,0,0,0,0,0,0,0,0,0
14.64,0,32,0,23,89.000000000089528,42.999999999990052,42,33,7.79,672.99999999998079,SSLW,model_assisted_not_ground_truth,0,0,0,0,0,0,0,0,0,0,0
14.65,0,32.999999999990941,0,23,83.000000000054357,43.999999999990941,42,33,7.79,671.49999999997954,SSLW,model_assisted_not_ground_truth,0,0,0,0,0,0,0,0,0,0,0
14.66,0,33.999999999991829,0,23,85.999999999975486,44,41.000000000008171,33.999999999991829,7.790000000000874,669.99999999986892,SSLW,model_assisted_not_ground_truth,0,0,0,0,0,0,0,0,0,0,0
14.67,0,34.999999999992717,0,26.999999999970868,90.999999999963592,42.000000000014566,42.999999999985434,34,7.8500000000018542,660.99999999973727,SSLW,model_assisted_not_ground_truth,0,0,0,0,0,0,0,0,0,0,0
14.68,0,35.999999999993605,0,27.999999999993605,97.999999999955236,43.99999999998721,43,34,7.9700000000011437,644.00000000003274,SSLW,model_assisted_not_ground_truth,0,0,0,0,0,0,0,0,0,0,0
14.69,0,36.999999999994493,1.9999999999889866,24.000000000022027,98.999999999994486,45.999999999988987,43.999999999994493,34.999999999994493,8.0400000000005161,646.00000000003445,SSLW,model_assisted_not_ground_truth,0,0,0,0,0,0,0,0,0,0,0
14.70,0,37,19.999999999920064,28.999999999977796,108.99999999995559,46.999999999995559,44.999999999995559,35.999999999995559,8.0699999999999079,648.00000000000909,SSLW,model_assisted_not_ground_truth,0,0,0,0,0,0,0,0,0,0,0
14.71,0,39.999999999989342,20,31.999999999989342,114.99999999997868,47,47.999999999989342,36.999999999996447,8.0649999999999054,648.50000000000955,SSLW,model_assisted_not_ground_truth,0,0,0,0,0,0,0,0,0,0,0
14.72,0,40.999999999997335,24.999999999986677,35.999999999989342,123.99999999997601,47,48.999999999997335,37,8.0599999999985954,649.00000000004013,SSLW,model_assisted_not_ground_truth,0,0,0,0,0,0,0,0,0,0,0
14.73,0,52.999999999978684,23.000000000003553,36.999999999998224,131.99999999998579,47.999999999998224,49,37.999999999998224,7.9899999999945504,651.00000000083844,SSLW,model_assisted_not_ground_truth,0,0,0,0,0,0,0,0,0,0,0
14.74,0,58.999999999994671,25.999999999997335,38.999999999998224,141.99999999999113,48.999999999999112,49,40.999999999997335,7.729999999998471,691.00000000026216,SSLW,model_assisted_not_ground_truth,0,0,0,0,0,0,0,0,0,0,0
14.75,0,76,25,40,157,59,50,43,7.6600000000079582,703.00000000045475,SSLW,model_assisted_not_ground_truth,0,0,0,0,0,0,0,0,0,0,0
14.76,0,106.00000000003465,28.000000000002665,41.000000000001776,184.00000000002842,63.000000000010658,51.000000000000888,46.000000000017764,8.009999999989132,723.00000000302407,SSLW,model_assisted_not_ground_truth,0,0,0,0,0,0,0,0,0,0,0
14.77,0,145.0000000000835,31,43.000000000005329,216.00000000002132,75.000000000063949,52.000000000035527,66.000000000030198,7.5499999999943617,851.00000000220621,SSLW,model_assisted_not_ground_truth,0,0,0,0,0,0,0,0,0,0,0
14.78,0,192.000000000216,31.000000000014211,46.000000000011369,228.00000000008242,111.00000000007958,72.000000000073896,83.000000000136424,7.3200000000005119,941.00000000104876,SSLW,model_assisted_not_ground_truth,0,0,0,0,0,0,0,0,0,0,0
14.79,0,268.00000000008953,36,50.000000000007461,257.00000000002984,139.00000000004104,98.000000000067146,131.00000000001864,7.3400000000005292,982.00000000108514,SSLW,model_assisted_not_ground_truth,0,0,0,0,0,0,0,0,0,0,0
14.80,1.0622613899623159e-10,292.00000000008316,36,52.000000000004619,265.00000000003234,150.00000000009237,116.00000000012932,136.00000000001847,7.3599999999906993,1023.0000000009575,SSLW,model_assisted_not_ground_truth,0,0,0,0,0,0,0,0,0,0,0
14.81,23.000000000275335,310.00000000011016,36,52.999999999994493,272.00000000001103,170.00000000011013,143.99999999998897,140.00000000000551,7.0200000000033889,1058.000000000819,SSLW,model_assisted_not_ground_truth,0,0,0,0,0,0,0,0,0,0,0
14.82,73.000000000063949,330.00000000005758,35.999999999980815,52.000000000006395,273.999999999968,190.00000000011511,141.99999999998721,140.99999999996163,7.1400000000346671,1087.0000000024179,SSLW,model_assisted_not_ground_truth,0,0,0,0,0,0,0,0,0,0,0
14.83,82.999999999861615,339.00000000003644,33.000000000007283,53.00000000018936,268.99999999992718,208.00000000002186,139.99999999993446,134.99999999985434,8.3300000000018208,1170.00000000008,SSLW,model_assisted_not_ground_truth,0,0,0,0,0,0,0,0,0,0,0
14.84,63.999999999705835,344.00000000004906,33.999999999991829,78.999999999787548,258.99999999995913,210.99999999993463,130.99999999986107,114.99999999977121,8.5800000000008989,1180.9999999999673,SSLW,model_assisted_not_ground_truth,0,0,0,0,0,0,0,0,0,0,0
14.85,27.999999999945643,349.99999999997283,33.000000000009059,53.000000000253664,253.99999999999093,202.99999999998187,114.00000000003624,86.999999999954696,8.6900000000004525,1177.0000000000182,SSLW,model_assisted_not_ground_truth,0,0,0,0,0,0,0,0,0,0,0
14.86,22.000000000109424,346.99999999997016,34,81.000000000109424,253.00000000002984,201.00000000002984,118.00000000007958,81.999999999990052,8.7400000000004958,1179.00000000002,SSLW,model_assisted_not_ground_truth,0,0,0,0,0,0,0,0,0,0,0
14.87,33.000000000187228,344.00000000001103,34.000000000011013,91.999999999977973,256.00000000007708,203.99999999993392,126.00000000002203,81.000000000022027,8.7900000000003295,1180.9999999999779,SSLW,model_assisted_not_ground_truth,0,0,0,0,0,0,0,0,0,0,0
14.88,50.000000000035705,345.00000000001188,34.999999999988098,89.999999999631058,263.00000000004758,197.99999999984527,127.99999999984529,83.000000000059501,8.8199999999998813,1178.9999999998929,SSLW,model_assisted_not_ground_truth,0,0,0,0,0,0,0,0,0,0,0
14.89,52.999999999970157,345.99999999999005,34.000000000009948,59.000000000308376,266.99999999996021,185.00000000012932,115.00000000012932,87.999999999950262,8.8100000000003842,1169.9999999997569,SSLW,model_assisted_not_ground_truth,0,0,0,0,0,0,0,0,0,0,0
14.90,53.999999999990941,342.00000000003627,34,54.000000000045297,267,168.00000000015402,109.00000000005436,84.000000000036238,8.8400000000015044,1150.9999999995896,SSLW,model_assisted_not_ground_truth,0,0,0,0,0,0,0,0,0,0,0
14.91,44.000000000081712,333.00000000007356,34.999999999991829,53.000000000008171,262.00000000004087,158.00000000008171,96.000000000106226,64.000000000163425,8.9500000000075737,1121.0000000002185,SSLW,model_assisted_not_ground_truth,0,0,0,0,0,0,0,0,0,0,0
14.92,14.000000000218492,318.00000000010925,35,53,259.00000000002183,145.00000000009467,92.000000000029132,49.000000000109246,9.4700000000020097,1135.9999999993972,SSLW,model_assisted_not_ground_truth,0,0,0,0,0,0,0,0,0,0,0
14.93,10.00000000002558,310.00000000005116,35.999999999993605,53,251.00000000005116,134.00000000007034,86.000000000038369,44.000000000031974,9.6000000000008985,1096.9999999998201,SSLW,model_assisted_not_ground_truth,0,0,0,0,0,0,0,0,0,0,0
14.94,5.5067062021407764e-11,300.00000000005508,34.000000000011013,52.000000000005507,246.00000000002754,130.00000000002203,85.000000000005514,41.00000000001652,9.6550000000009479,1085.9999999998104,SSLW,model_assisted_not_ground_truth,0,0,0,0,0,0,0,0,0,0,0
14.95,0,288.00000000005332,35.999999999991118,52,243.00000000001333,122.00000000003553,84.000000000004434,40.000000000004441,9.7100000000014646,1074.9999999996708,SSLW,model_assisted_not_ground_truth,0,0,0,0,0,0,0,0,0,0,0
14.96,0,278.00000000003553,36.999999999996447,52,237.00000000002132,119.00000000001066,84,40,9.7900000000015339,1056.9999999997121,SSLW,model_assisted_not_ground_truth,0,0,0,0,0,0,0,0,0,0,0
14.97,0,266.00000000003195,36.000000000002665,52,231.00000000001597,115.00000000001066,83.000000000002672,40.999999999997335,9.8700000000018058,1041.9999999995384,SSLW,model_assisted_not_ground_truth,0,0,0,0,0,0,0,0,0,0,0
14.98,0,254.00000000002132,35.000000000001776,52,227.00000000000711,111.00000000000711,83.999999999998224,41,9.9600000000025162,1018.9999999997066,SSLW,model_assisted_not_ground_truth,0,0,0,0,0,0,0,0,0,0,0
14.99,0,233.00000000001864,35.999999999999112,51.000000000000888,225.00000000000176,109.00000000000178,84,40.000000000000888,10.080000000000766,1004.9999999998798,SSLW,model_assisted_not_ground_truth,0,0,0,0,0,0,0,0,0,0,0
15.00,0,218,36,52,225,106,84,41,10.115000000000796,999.49999999987494,SSLW,model_assisted_not_ground_truth,0,0,0,0,0,0,0,0,0,0,0
15.01,0,206.9999999999911,37.999999999999112,51,224.99999999999912,99.99999999998046,80.999999999996447,41,10.150000000001654,993.99999999962199,SSLW,model_assisted_not_ground_truth,0,0,0,0,0,0,0,0,0,0,0
15.02,0,196.999999999984,37.000000000001776,50.999999999998224,223.99999999999645,77.999999999985789,76.999999999998224,40.999999999998224,10.220000000006374,977.99999999870079,SSLW,model_assisted_not_ground_truth,0,0,0,0,0,0,0,0,0,0,0
15.03,0,187.99999999994031,38,50,221.99999999999432,70,75.999999999997158,40,10.480000000000512,924.99999999997442,SSLW,model_assisted_not_ground_truth,0,0,0,0,0,0,0,0,0,0,0
15.04,0,166.999999999903,38,50,219.9999999999776,69.999999999996263,74.999999999992539,40.00000000000373,10.500000000001059,924,SSLW,model_assisted_not_ground_truth,0,0,0,0,0,0,0,0,0,0,0
15.05,0,140.99999999991687,38.000000000004619,50,213.99999999998613,68.999999999986144,72.999999999944578,41,10.540000000001093,924.00000000005468,SSLW,model_assisted_not_ground_truth,0,0,0,0,0,0,0,0,0,0,0
15.06,0,122.9999999996696,38.999999999994493,50,210.99999999993392,65.999999999983473,60.999999999961453,41,10.58000000000113,925.9999999999153,SSLW,model_assisted_not_ground_truth,0,0,0,0,0,0,0,0,0,0,0
15.07,0,62.999999999897682,38.000000000006395,50,198.99999999996803,63,54.000000000006395,41,10.620000000000436,923.00000000007287,SSLW,model_assisted_not_ground_truth,0,0,0,0,0,0,0,0,0,0,0
15.08,0,46.999999999978151,38.999999999992717,49.999999999992717,193.99999999994901,62.999999999992717,55,40.999999999992717,10.635000000000279,925.50000000004661,SSLW,model_assisted_not_ground_truth,0,0,0,0,0,0,0,0,0,0,0
15.09,0,43.999999999991829,38,48.999999999975486,186.99999999995913,61.999999999991829,54.999999999991829,40,10.650000000000164,928.00000000002456,SSLW,model_assisted_not_ground_truth,0,0,0,0,0,0,0,0,0,0,0
15.10,0,42.999999999972822,38.000000000009059,46.000000000018119,181.99999999998187,60.999999999972822,54,40.000000000009059,10.670000000000272,931.00000000004525,SSLW,model_assisted_not_ground_truth,0,0,0,0,0,0,0,0,0,0,0
15.11,0,39.999999999990052,39.000000000009948,48,179.99999999997016,57.999999999990052,54,40.999999999990052,10.700000000000397,936.00000000006969,SSLW,model_assisted_not_ground_truth,0,0,0,0,0,0,0,0,0,0,0
15.12,0,39,39.999999999988987,48,176.99999999993392,56.999999999988987,54,40,10.740000000000551,943.00000000006605,SSLW,model_assisted_not_ground_truth,0,0,0,0,0,0,0,0,0,0,0
15.13,0,39,39.000000000011902,48,170.99999999998809,56.000000000011902,54,40,10.790000000000475,949.00000000014279,SSLW,model_assisted_not_ground_truth,0,0,0,0,0,0,0,0,0,0,0
15.14,0,39,39.999999999990052,48,170.00000000000995,56.999999999990052,54,40,10.83000000000064,961.00000000006401,SSLW,model_assisted_not_ground_truth,0,0,0,0,0,0,0,0,0,0,0
15.15,0,38.000000000009059,40,46.000000000018119,170.99999999999093,57,54,40,10.88000000000048,966.0000000000615,SSLW,model_assisted_not_ground_truth,0,0,0,0,0,0,0,0,0,0,0
15.16,0,38.999999999991829,39.000000000008171,47.999999999983658,171,57,54,40,10.915000000000511,970.5000000000656,SSLW,model_assisted_not_ground_truth,0,0,0,0,0,0,0,0,0,0,0
15.17,0,39,39,48,171,57,54,40.999999999992717,10.950000000000308,975.00000000016996,SSLW,model_assisted_not_ground_truth,0,0,0,0,0,0,0,0,0,0,0
15.18,0,39,39,48,171.99999999999361,58.99999999998721,54.999999999993605,42.99999999998721,10.970000000001635,986.00000000016348,SSLW,model_assisted_not_ground_truth,0,0,0,0,0,0,0,0,0,0,0
15.19,0,39,38.000000000005507,48,177.99999999996697,63.999999999972466,69.999999999917407,43,11.07000000000069,996.00000000010334,SSLW,model_assisted_not_ground_truth,0,0,0,0,0,0,0,0,0,0,0
15.20,0,39,41.999999999982236,48.999999999995559,179.99999999999113,64,74.999999999977803,43,11.110000000000731,1002.0000000001098,SSLW,model_assisted_not_ground_truth,0,0,0,0,0,0,0,0,0,0,0
15.21,0,39,45.999999999985789,49.999999999996447,185.99999999997868,64,83.999999999968026,74.999999999886313,11.150000000000288,1008.0000000000384,SSLW,model_assisted_not_ground_truth,0,0,0,0,0,0,0,0,0,0,0
15.22,0,39,46,50.999999999997335,190.99999999998667,64.999999999997328,86.999999999992013,87.999999999965354,11.165000000000301,1010.0000000000401,SSLW,model_assisted_not_ground_truth,0,0,0,0,0,0,0,0,0,0,0
15.23,0,39,46,51,192.99999999999645,65.999999999998224,102.99999999997158,88,11.180000000001257,1012.0000000001677,SSLW,model_assisted_not_ground_truth,0,0,0,0,0,0,0,0,0,0,0
15.24,0,38.000000000000888,47.999999999998224,51.999999999999112,195.99999999999733,66.999999999999119,110.99999999999289,89.999999999998224,11.24000000000153,1020.0000000001093,SSLW,model_assisted_not_ground_truth,0,0,0,0,0,0,0,0,0,0,0
15.25,0,39,62,53,199,68,118,95,11.310000000002047,1025.0000000001364,SSLW,model_assisted_not_ground_truth,0,0,0,0,0,0,0,0,0,0,0
15.26,1.9539925233420527e-11,38,65.000000000006224,53,201.00000000000179,71.000000000008001,131.00000000000534,103.00000000000978,11.400000000001418,1030.9999999999054,SSLW,model_assisted_not_ground_truth,0,0,0,0,0,0,0,0,0,0,0
15.27,22.000000000028422,38,72.000000000014211,53,203.00000000000355,80.000000000014211,137.00000000002132,114.00000000000355,11.460000000001962,1027.0000000003922,SSLW,model_assisted_not_ground_truth,0,0,0,0,0,0,0,0,0,0,0
15.28,38.000000000008527,38.000000000002842,80.000000000022737,53,205.00000000001137,88.000000000019895,149.00000000003411,115.99999999998579,11.540000000001278,1043.0000000000896,SSLW,model_assisted_not_ground_truth,0,0,0,0,0,0,0,0,0,0,0
15.29,41.000000000011191,39,88.00000000003358,53,209,95.000000000007461,161.00000000001864,111.00000000002984,11.590000000001323,1046.5000000000925,SSLW,model_assisted_not_ground_truth,0,0,0,0,0,0,0,0,0,0,0
15.30,44,39.000000000009237,97.000000000036948,53,209.00000000001387,97.000000000018474,166.00000000003234,119,11.640000000001368,1049.9999999998631,SSLW,model_assisted_not_ground_truth,0,0,0,0,0,0,0,0,0,0,0
15.31,44.000000000022027,41,105.00000000001653,53,212.00000000002203,101.00000000006608,173.00000000005508,119.00000000002754,11.690000000001694,1044.9999999999152,SSLW,model_assisted_not_ground_truth,0,0,0,0,0,0,0,0,0,0,0
15.32,48.000000000031974,41,108.00000000007674,52.999999999993605,216.00000000002558,113.00000000004476,183.00000000006395,124.00000000010871,11.750000000003205,1041.999999999796,SSLW,model_assisted_not_ground_truth,0,0,0,0,0,0,0,0,0,0,0
15.33,53.000000000065548,41,120.00000000001457,52.000000000203926,220.00000000000728,120.00000000003642,193.00000000007284,141.00000000000728,11.860000000001092,1034.99999999992,SSLW,model_assisted_not_ground_truth,0,0,0,0,0,0,0,0,0,0,0
15.34,62.000000000040856,41.000000000008171,122.00000000000817,80.000000000049027,221,125.00000000004903,203.00000000003268,142.00000000004087,12.010000000002288,1023.9999999998365,SSLW,model_assisted_not_ground_truth,0,0,0,0,0,0,0,0,0,0,0
15.35,67.000000000018119,41.999999999990941,123.00000000006342,86.000000000027185,221.00000000001813,131.00000000003624,207.00000000002717,147.00000000007248,12.290000000003488,1003.9999999996149,SSLW,model_assisted_not_ground_truth,0,0,0,0,0,0,0,0,0,0,0
15.36,69.000000000019895,41.000000000009948,130.0000000000199,89.000000000019895,223.00000000000995,134.99999999999005,210.0000000000199,155.00000000002984,12.675000000003831,961.4999999995772,SSLW,model_assisted_not_ground_truth,0,0,0,0,0,0,0,0,0,0,0
15.37,71.000000000011013,42.000000000011013,132.00000000004405,90.99999999996696,224.00000000001103,134.00000000001103,212.00000000002203,157.99999999997797,13.060000000002864,918.99999999971362,SSLW,model_assisted_not_ground_truth,0,0,0,0,0,0,0,0,0,0,0
15.38,72.000000000011894,43,136,88,225,135.00000000001191,214.00000000001191,155.9999999999167,13.320000000001905,892.99999999964291,SSLW,model_assisted_not_ground_truth,0,0,0,0,0,0,0,0,0,0,0
15.39,72.999999999990052,43,136,88,225,135.99999999999005,214.99999999999005,149.00000000006963,13.48000000000064,862.99999999973136,SSLW,model_assisted_not_ground_truth,0,0,0,0,0,0,0,0,0,0,0
15.40,73,43,136.99999999999093,87.000000000009067,225,137.99999999998187,215,149,13.53000000000082,841.99999999989052,SSLW,model_assisted_not_ground_truth,0,0,0,0,0,0,0,0,0,0,0
15.41,73.999999999991829,43.999999999991829,139.9999999999755,85.000000000016342,224.00000000000819,143.99999999995097,215.99999999999181,152.99999999996732,13.590000000002039,833.99999999969407,SSLW,model_assisted_not_ground_truth,0,0,0,0,0,0,0,0,0,0,0
15.42,75.999999999985434,44,140.99999999999272,87.999999999978144,224.99999999999272,145.99999999998545,216.99999999999272,159.99999999994901,13.729999999999691,812.99999999978365,SSLW,model_assisted_not_ground_truth,0,0,0,0,0,0,0,0,0,0,0
15.43,76.999999999993605,46.999999999980815,137.00000000002558,93.999999999961631,226.99999999998721,146.99999999999361,220.99999999997442,161.99999999998721,13.709999999999511,798.99999999994282,SSLW,model_assisted_not_ground_truth,0,0,0,0,0,0,0,0,0,0,0
15.44,79.999999999983487,56.999999999944933,137,94.999999999994486,227.99999999999449,149.99999999998349,224.99999999997797,165.99999999997797,13.679999999999485,795.49999999993975,SSLW,model_assisted_not_ground_truth,0,0,0,0,0,0,0,0,0,0,0
15.45,79.000000000004434,64.999999999964473,130.00000000003109,90.000000000022197,229.99999999999113,152.99999999998667,224.00000000000443,161.0000000000222,13.649999999999086,791.99999999954264,SSLW,model_assisted_not_ground_truth,0,0,0,0,0,0,0,0,0,0,0
15.46,66.000000000046185,65.999999999996447,120.00000000003553,53.00000000013145,227.00000000001066,152.00000000000355,210.00000000004974,162.99999999999289,13.599999999997889,766.9999999994053,SSLW,model_assisted_not_ground_truth,0,0,0,0,0,0,0,0,0,0,0
15.47,40.000000000069278,48.000000000047962,84.000000000095923,53,220.00000000001864,153.99999999999466,197.00000000003465,158.00000000001333,13.489999999997391,735.99999999957845,SSLW,model_assisted_not_ground_truth,0,0,0,0,0,0,0,0,0,0,0
15.48,7.1054273576010019e-11,43.000000000008882,62.00000000003908,52.000000000001776,207.00000000002308,154.99999999999824,163.0000000000604,151.00000000001245,13.360000000000209,714.99999999953889,SSLW,model_assisted_not_ground_truth,0,0,0,0,0,0,0,0,0,0,0
15.49,0,42.000000000000888,45.000000000015099,50.000000000001776,191.00000000001421,145.00000000000887,128.00000000003109,125.00000000002309,13.369999999999234,692.99999999972692,SSLW,model_assisted_not_ground_truth,0,0,0,0,0,0,0,0,0,0,0
15.50,0,41,43,49,189,136,87,118,13.334999999999205,680.49999999971578,SSLW,model_assisted_not_ground_truth,0,0,0,0,0,0,0,0,0,0,0
15.51,0,40.999999999998224,37.999999999998224,47,188,115.99999999997246,58.999999999991118,100.99999999999467,13.299999999998819,667.9999999994094,SSLW,model_assisted_not_ground_truth,0,0,0,0,0,0,0,0,0,0,0
15.52,0,39,36,46.999999999992895,188.00000000000355,84.999999999966249,49,94.999999999959144,13.249999999999265,642.99999999950967,SSLW,model_assisted_not_ground_truth,0,0,0,0,0,0,0,0,0,0,0
15.53,0,39,36.000000000002842,43,190.00000000001137,65.999999999994316,49,71.99999999997442,13.22000000000128,622.99999999948841,SSLW,model_assisted_not_ground_truth,0,0,0,0,0,0,0,0,0,0,0
15.54,0,39,36.99999999999627,42.99999999999627,194.00000000000747,64,48.99999999999627,62.999999999947775,13.26999999998703,602.99999999825309,SSLW,model_assisted_not_ground_truth,0,0,0,0,0,0,0,0,0,0,0
15.55,0,38.999999999995381,35.999999999990763,41.999999999990763,195.99999999998153,63.999999999972289,48,48.999999999981526,12.780000000003009,536.99999999972647,SSLW,model_assisted_not_ground_truth,0,0,0,0,0,0,0,0,0,0,0
15.56,0,38,34,39.999999999994493,191.99999999992289,57.999999999988987,48.000000000005507,44.999999999994493,12.88999999998842,527.00000000087562,SSLW,model_assisted_not_ground_truth,0,0,0,0,0,0,0,0,0,0,0
15.57,0,38,34.000000000006395,39,177.99999999991047,55.999999999961631,48.99999999998721,43.99999999997442,12.479999999973199,558.00000000225771,SSLW,model_assisted_not_ground_truth,0,0,0,0,0,0,0,0,0,0,0
15.58,0,38,35,39,163.99999999997087,49.999999999992717,47,39.999999999985434,11.559999999982841,635.50000000144553,SSLW,model_assisted_not_ground_truth,0,0,0,0,0,0,0,0,0,0,0
15.59,0,38,35,39,159.99999999992644,49,47.000000000016342,37.999999999991829,10.639999999996814,713.00000000029422,SSLW,model_assisted_not_ground_truth,0,0,0,0,0,0,0,0,0,0,0
15.60,0,38,34.999999999990941,39.000000000009059,150.99999999999093,49,49,36.999999999990941,10.249999999998279,749.00000000003627,SSLW,model_assisted_not_ground_truth,0,0,0,0,0,0,0,0,0,0,0
15.61,0,37.999999999989875,34,40,149.99999999994938,49,49,35.999999999989875,10.060000000000406,752.99999999994941,SSLW,model_assisted_not_ground_truth,0,0,0,0,0,0,0,0,0,0,0
15.62,0,37,34.000000000011013,40.000000000011013,145.00000000002203,49,49,34.999999999988987,10.100000000001101,748.00000000003308,SSLW,model_assisted_not_ground_truth,0,0,0,0,0,0,0,0,0,0,0
15.63,0,37.000000000011902,35.000000000011902,41.000000000011902,147.00000000001191,49,49,34,10.200000000000594,750.99999999994054,GT,model_assisted_not_ground_truth,0,0,0,0,0,0,0,0,0,0,0
15.64,0,37.999999999990052,35.999999999990052,41.999999999990052,147.99999999999005,49,49,34,10.250000000001407,746.0000000001919,GT,model_assisted_not_ground_truth,0,0,0,0,0,0,0,0,0,0,0
15.65,0,37.000000000009059,36,42,150.99999999997283,49,49,34.999999999990941,10.359999999983653,760.99999999937768,GT,model_assisted_not_ground_truth,0,0,0,0,0,0,0,0,0,0,0
15.66,0,37.999999999991829,35.000000000008171,42,153.9999999999755,49,49,35.999999999991829,9.1649999999825926,715.49999999933721,GT,model_assisted_not_ground_truth,0,0,0,0,0,0,0,0,0,0,0
15.67,0,37.000000000007283,34.000000000007283,41.000000000007283,154.99999999999272,49,49,36.999999999992717,7.9699999999996907,669.99999999990723,GT,model_assisted_not_ground_truth,0,0,0,0,0,0,0,0,0,0,0
15.68,0,37,34,42.99999999998721,155.99999999999361,49,49,37.999999999993605,7.9500000000013076,663.99999999993463,GT,model_assisted_not_ground_truth,0,0,0,0,0,0,0,0,0,0,0
15.69,0,37,33.000000000005507,43,163.99999999995595,49,49,38,8.0299999999993101,659.99999999975876,GT,model_assisted_not_ground_truth,0,0,0,0,0,0,0,0,0,0,0
15.70,0,37,34.999999999991118,43.999999999995559,167.99999999998224,49.999999999995559,49,38.999999999995559,7.9899999999989024,646.00000000084162,GT,model_assisted_not_ground_truth,0,0,0,0,0,0,0,0,0,0,0
15.71,0,36.000000000003553,34.000000000003553,44,172.99999999998224,50,48.000000000003553,38.000000000003553,7.9299999999999038,691.99999999999045,GT,model_assisted_not_ground_truth,0,0,0,0,0,0,0,0,0,0,0
15.72,0,36,34,44,172.00000000000267,50,48,38,7.9249999999998995,691.49999999999,GT,model_assisted_not_ground_truth,0,0,0,0,0,0,0,0,0,0,0
15.73,0,35.000000000001776,34,44,165.00000000001245,49.000000000001776,48.999999999998224,38,7.9199999999995807,690.99999999993713,GT,model_assisted_not_ground_truth,0,0,0,0,0,0,0,0,0,0,0
15.74,0,35,34,44,164.00000000000088,48.000000000000888,49,38,7.8999999999995634,687.9999999999344,GT,model_assisted_not_ground_truth,0,0,0,0,0,0,0,0,0,0,0
15.75,0,35,35,44,163,48,48,37,7.8799999999986357,684.99999999974989,GT,model_assisted_not_ground_truth,0,0,0,0,0,0,0,0,0,0,0
15.76,0,35,34,44,158.99999999999733,48,48,38,7.8200000000023628,674.00000000056707,GT,model_assisted_not_ground_truth,0,0,0,0,0,0,0,0,0,0,0
15.77,0,35,34.000000000003553,44,155.99999999999466,47.999999999998224,48,38,7.9199999999999999,698.00000000009811,GT,model_assisted_not_ground_truth,0,0,0,0,0,0,0,0,0,0,0
15.78,0,34.999999999997158,35.999999999994316,44,152.99999999999147,47,47.999999999988631,38,7.9200000000002557,701.9999999998721,GT,model_assisted_not_ground_truth,0,0,0,0,0,0,0,0,0,0,0
15.79,0,34,34,43.99999999999627,149.99999999999628,47,44,38,7.9299999999994704,696.99999999990735,GT,model_assisted_not_ground_truth,0,0,0,0,0,0,0,0,0,0,0
15.80,0,34,34.000000000004619,43,149.00000000002311,47,44,37.999999999990763,7.909999999999453,693.49999999990428,GT,model_assisted_not_ground_truth,0,0,0,0,0,0,0,0,0,0,0
15.81,0,34.000000000005507,35.000000000005507,42.999999999994493,154.00000000002754,47,44,36.000000000005507,7.8900000000016943,690.00000000016951,GT,model_assisted_not_ground_truth,0,0,0,0,0,0,0,0,0,0,0
15.82,0,35,35.99999999998721,41.999999999993605,159.00000000004476,47,43.999999999993605,36.999999999993605,7.9499999999994175,696.0000000000291,GT,model_assisted_not_ground_truth,0,0,0,0,0,0,0,0,0,0,0
15.83,0,35,34,40.999999999992717,166.00000000003641,47,43,36,7.9299999999999269,696.99999999994907,GT,model_assisted_not_ground_truth,0,0,0,0,0,0,0,0,0,0,0
15.84,0,35,34,40,171.00000000000819,47,43,35.999999999991829,7.9200000000002451,689.99999999995919,GT,model_assisted_not_ground_truth,0,0,0,0,0,0,0,0,0,0,0
15.85,0,35,33.999999999990941,40,172.00000000000907,47,43,35,7.9500000000009967,684.99999999983697,GT,model_assisted_not_ground_truth,0,0,0,0,0,0,0,0,0,0,0
15.86,0,35,32.999999999989875,40,173,47,43,35,8.060000000000052,666.99999999997976,GT,model_assisted_not_ground_truth,0,0,0,0,0,0,0,0,0,0,0
15.87,0,35,32,39.999999999994493,173.00000000000551,47,43.000000000005507,35,8.0650000000000546,664.99999999997794,GT,model_assisted_not_ground_truth,0,0,0,0,0,0,0,0,0,0,0
15.88,0,35,32,39.49999999999973,173.50000000000026,47,43.50000000000027,35,8.0700000000004763,663.00000000002376,GT,model_assisted_not_ground_truth,0,0,0,0,0,0,0,0,0,0,0
15.89,0,35,32,39.000000000004974,173.99999999999503,47,43.999999999995026,35,8.109999999999232,664.99999999992326,GT,model_assisted_not_ground_truth,0,0,0,0,0,0,0,0,0,0,0
15.90,0,35,28.000000000036238,39,180.99999999993659,47.999999999990941,44,35.999999999990941,8.0499999999974019,659.00000000023249,GT,model_assisted_not_ground_truth,0,0,0,0,0,0,0,0,0,0,0
15.91,0,35.999999999991829,29.999999999983658,39,188.99999999993463,49.999999999983658,44.999999999991829,36,7.860000000000146,675.99999999995634,GT,model_assisted_not_ground_truth,0,0,0,0,0,0,0,0,0,0,0
15.92,0,36,29.000000000007283,39.999999999992717,191.99999999997814,50,45,36.999999999992717,7.8699999999989183,672.99999999987631,GT,model_assisted_not_ground_truth,0,0,0,0,0,0,0,0,0,0,0
15.93,0,36,29,40,196.99999999996803,50,44.000000000006395,37,7.800000000000245,664.99999999991826,GT,model_assisted_not_ground_truth,0,0,0,0,0,0,0,0,0,0,0
15.94,0,36,29.999999999994493,40,197,50,44,37,7.8150000000002589,659.99999999991383,GT,model_assisted_not_ground_truth,0,0,0,0,0,0,0,0,0,0,0
15.95,0,36.999999999995559,30,40,195.00000000000887,50.999999999995559,44,37,7.8300000000060379,654.99999999965235,GT,model_assisted_not_ground_truth,0,0,0,0,0,0,0,0,0,0,0
15.96,0,37,30.999999999996447,40,189.00000000002132,51,44,37,8.1600000000000001,636.00000000005753,GT,model_assisted_not_ground_truth,0,0,0,0,0,0,0,0,0,0,0
15.97,0,37,31,39.000000000002665,181.00000000002132,51,44.999999999997335,37,8.1600000000000001,639.00000000006025,GT,model_assisted_not_ground_truth,0,0,0,0,0,0,0,0,0,0,0
15.98,0,37,29.000000000003553,39.999999999998224,180.00000000000176,51,45,37,8.1600000000000001,641.99999999995805,GT,model_assisted_not_ground_truth,0,0,0,0,0,0,0,0,0,0,0
15.99,0,37,29.999999999999112,39.000000000000888,177.00000000000267,51,44.000000000000888,37,8.1599999999958488,639.99999999965041,GT,model_assisted_not_ground_truth,0,0,0,0,0,0,0,0,0,0,0
16.00,0,37,30,38,165,51,44,37,7.9700000000004545,624,GT,model_assisted_not_ground_truth,0,0,0,0,0,0,0,0,0,0,0
16.01,0,36.999999999998934,30,35.000000000001066,155.99999999999466,51,43,36.000000000001066,7.9899999999995241,624.00000000016666,GT,model_assisted_not_ground_truth,0,0,0,0,0,0,0,0,0,0,0
16.02,0,36.000000000001776,30.000000000001776,35.999999999998224,151.00000000000179,51,43,36.999999999998224,7.9699999999993869,631.00000000009811,GT,model_assisted_not_ground_truth,0,0,0,0,0,0,0,0,0,0,0
16.03,0,37,31,35.000000000002842,151.99999999999432,51,43,35.999999999997158,7.9449999999993608,635.00000000010232,GT,model_assisted_not_ground_truth,0,0,0,0,0,0,0,0,0,0,0
16.04,0,37,31,36.000000000003553,149.99999999999289,51,42.999999999996447,35.000000000007105,7.9199999999994741,639.00000000026296,GT,model_assisted_not_ground_truth,0,0,0,0,0,0,0,0,0,0,0
16.05,0,37,30.999999999995381,37,147.99999999999537,51,42.000000000009237,36.999999999990763,7.9000000000519766,649.00000000279033,GT,model_assisted_not_ground_truth,0,0,0,0,0,0,0,0,0,0,0
16.06,0,37,30.000000000005329,37,146.99999999999466,51,44,35.000000000005329,9.8000000000058947,751.00000000056139,GT,model_assisted_not_ground_truth,0,0,0,0,0,0,0,0,0,0,0
16.07,0,36.999999999993605,31,37,146.00000000000639,51,44.000000000006395,36.00000000001279,10.010000000005826,771.00000000069917,GT,model_assisted_not_ground_truth,0,0,0,0,0,0,0,0,0,0,0
16.08,0,36.000000000007461,31,36.999999999992539,146.99999999999253,51,45.000000000007461,37.999999999992539,10.210000000000299,795.00000000008959,GT,model_assisted_not_ground_truth,0,0,0,0,0,0,0,0,0,0,0
16.09,0,37,31.000000000008171,36,146,51,46.000000000024514,37.000000000016342,10.249999999999796,807.00000000006946,GT,model_assisted_not_ground_truth,0,0,0,0,0,0,0,0,0,0,0
16.10,0,36.999999999990763,32,36.000000000009237,146,51,49,39,10.224999999999769,815.50000000007856,GT,model_assisted_not_ground_truth,0,0,0,0,0,0,0,0,0,0,0
16.11,0,36,31.999999999990052,37.000000000009948,146,51,49.000000000009948,39,10.200000000000298,824.00000000003979,GT,model_assisted_not_ground_truth,0,0,0,0,0,0,0,0,0,0,0
16.12,0,36.000000000011013,31.000000000011013,38,146,51,50,39,10.23,827.99999999998897,GT,model_assisted_not_ground_truth,0,0,0,0,0,0,0,0,0,0,0
16.13,0,37,32,38.000000000011724,145.99999999998829,51,50,39,10.230000000000938,827.00000000005866,GT,model_assisted_not_ground_truth,0,0,0,0,0,0,0,0,0,0,0
16.14,0,37,32,38.999999999990052,145.00000000000995,51,50,39,10.310000000001791,832.00000000014074,GT,model_assisted_not_ground_truth,0,0,0,0,0,0,0,0,0,0,0
16.15,0,37,33.999999999981526,39.999999999990763,145.99999999999076,51,50,39.999999999990763,10.450000000000809,842.99999999993247,GT,model_assisted_not_ground_truth,0,0,0,0,0,0,0,0,0,0,0
16.16,0,37,33.000000000008171,40,146,51,50,40,10.509999999999563,838.00000000015291,GT,model_assisted_not_ground_truth,0,0,0,0,0,0,0,0,0,0,0
16.17,0,37,32.000000000007105,40,146,51,50,40,10.479999999999531,848.50000000016416,GT,model_assisted_not_ground_truth,0,0,0,0,0,0,0,0,0,0,0
16.18,0,37,32.999999999993605,40,146.99999999999361,51,50,40,10.449999999998365,859.00000000024511,GT,model_assisted_not_ground_truth,0,0,0,0,0,0,0,0,0,0,0
16.19,0,37.999999999994671,33.999999999994671,40.999999999994671,147,51,50,38.000000000010658,10.350000000000174,873.99999999994782,GT,model_assisted_not_ground_truth,0,0,0,0,0,0,0,0,0,0,0
16.20,0,37.000000000004619,33.000000000004619,41,147,51,50,38.999999999995381,10.360000000002174,870.99999999998192,GT,model_assisted_not_ground_truth,0,0,0,0,0,0,0,0,0,0,0
16.21,0,37.999999999996447,32.000000000003553,41,147,51,50,39,10.48,870,GT,model_assisted_not_ground_truth,0,0,0,0,0,0,0,0,0,0,0
16.22,0,38,31.000000000002842,41,149.99999999999147,51,50,39.999999999997158,10.479999999999801,869.9999999999801,GT,model_assisted_not_ground_truth,0,0,0,0,0,0,0,0,0,0,0
16.23,0,38,32.999999999996447,41,148.00000000000355,51,48.000000000003553,40,10.469999999999791,868.99999999997908,GT,model_assisted_not_ground_truth,0,0,0,0,0,0,0,0,0,0,0
16.24,0,38,33,41,147.00000000000071,51,49.999999999998579,40,10.460000000001102,867.99999999977967,GT,model_assisted_not_ground_truth,0,0,0,0,0,0,0,0,0,0,0
16.25,0,38,31,41,146,51,50,39,10.509999999997044,858.00000000106866,GT,model_assisted_not_ground_truth,0,0,0,0,0,0,0,0,0,0,0
16.26,0,38,32.000000000001066,40.999999999998934,147.99999999999787,51,50,39,10.37999999999286,905.0000000015234,GT,model_assisted_not_ground_truth,0,0,0,0,0,0,0,0,0,0,0
16.27,0,38,33.000000000001776,40.000000000001776,146.00000000000355,51,50,39,10.079999999998529,969,GT,model_assisted_not_ground_truth,0,0,0,0,0,0,0,0,0,0,0
16.28,0,37.999999999998579,33.999999999998579,41,147.99999999999574,50.999999999998579,50,39,10.019999999999744,969,GT,model_assisted_not_ground_truth,0,0,0,0,0,0,0,0,0,0,0
16.29,0,37.499999999998224,33.499999999998224,41,146.49999999999466,50.499999999998224,50,39,10.009999999999737,969.00000000010516,GT,model_assisted_not_ground_truth,0,0,0,0,0,0,0,0,0,0,0
16.30,0,37,32.999999999995381,41.000000000004619,144.99999999999076,50,50,39,9.9999999999995897,973.00000000001364,GT,model_assisted_not_ground_truth,0,0,0,0,0,0,0,0,0,0,0
16.31,0,37,32,42,143.00000000000534,50,50,39,9.9849999999995802,973.50000000001398,GT,model_assisted_not_ground_truth,0,0,0,0,0,0,0,0,0,0,0
16.32,0,37,32.00000000001279,42,144.00000000002558,50.000000000006395,50,39,9.9699999999982527,973.99999999979605,GT,model_assisted_not_ground_truth,0,0,0,0,0,0,0,0,0,0,0
16.33,0,37,33.999999999992539,42,148.00000000000747,51,50,39.000000000007461,9.9100000000001494,967.00000000023874,GT,model_assisted_not_ground_truth,0,0,0,0,0,0,0,0,0,0,0
16.34,0,37,33.000000000008171,42.000000000008171,149,51,50,39.999999999991829,9.9299999999999997,999.00000000002456,GT,model_assisted_not_ground_truth,0,0,0,0,0,0,0,0,0,0,0
16.35,0,37,34.000000000009237,43,149.00000000003695,51.000000000009237,50.000000000009237,39,9.9299999999987989,1002.0000000000092,GT,model_assisted_not_ground_truth,0,0,0,0,0,0,0,0,0,0,0
16.36,0,37,34.999999999980105,43,153.00000000000995,52.000000000009948,51,39.000000000009948,9.7999999999998018,1002.9999999999801,GT,model_assisted_not_ground_truth,0,0,0,0,0,0,0,0,0,0,0
16.37,0,37,32.999999999988987,43.000000000011013,154.00000000001103,53,51,40,9.7799999999998342,1000.9999999999945,GT,model_assisted_not_ground_truth,0,0,0,0,0,0,0,0,0,0,0
16.38,0,37,32.000000000011724,44,155,53,51,40,9.7649999999998229,1000.4999999999941,GT,model_assisted_not_ground_truth,0,0,0,0,0,0,0,0,0,0,0
16.39,0,37,32.999999999990052,44,155,53,51,40,9.75,1000.0000000001023,GT,model_assisted_not_ground_truth,0,0,0,0,0,0,0,0,0,0,0
16.40,0,37,33,44,155.99999999999076,53,51,40,9.749999999999865,1008.0000000000271,GT,model_assisted_not_ground_truth,0,0,0,0,0,0,0,0,0,0,0
16.41,0,37.999999999991829,34.999999999983658,44,156,53,51,40,9.7399999999998546,1010.0000000000729,GT,model_assisted_not_ground_truth,0,0,0,0,0,0,0,0,0,0,0
16.42,0,37.000000000007105,33.000000000014211,44,156,53,51,39.000000000007105,9.7299999999996878,1015.0000000000313,GT,model_assisted_not_ground_truth,0,0,0,0,0,0,0,0,0,0,0
16.43,0,37,33.999999999993605,44,155.00000000000639,53,51.999999999993605,39.999999999993605,9.7099999999998374,1017.0000000000327,GT,model_assisted_not_ground_truth,0,0,0,0,0,0,0,0,0,0,0
16.44,0,37.999999999994671,34.999999999994671,44,155,53,51.000000000005329,40,9.7000000000004345,1019.0000000000871,GT,model_assisted_not_ground_truth,0,0,0,0,0,0,0,0,0,0,0
16.45,0,38,34.000000000004619,44,155,53,51.999999999995381,40,9.7250000000004526,1024.0000000000905,GT,model_assisted_not_ground_truth,0,0,0,0,0,0,0,0,0,0,0
16.46,0,38,33.000000000003553,44,155.99999999999645,53,52,40,9.7499999999998082,1028.9999999999616,GT,model_assisted_not_ground_truth,0,0,0,0,0,0,0,0,0,0,0
16.47,0,37.000000000002842,33.999999999997158,44,156.99999999999716,53,52,40,9.7400000000013929,1026.9999999997613,GT,model_assisted_not_ground_truth,0,0,0,0,0,0,0,0,0,0,0
16.48,0,37.999999999998224,34.999999999998224,44,157,53,52,40,9.8099999999997909,1015.0000000000209,GT,model_assisted_not_ground_truth,0,0,0,0,0,0,0,0,0,0,0
16.49,0,38,34.000000000000711,44,157,53,52,40,9.7999999999991196,1016,GT,model_assisted_not_ground_truth,0,0,0,0,0,0,0,0,0,0,0
16.50,0,38,34,44,158,53,52,40,9.7599999999988629,1016,GT,model_assisted_not_ground_truth,0,0,0,0,0,0,0,0,0,0,0
16.51,0,38,34,44.000000000001066,158,53,52,40,9.7099999999992868,1016.0000000000953,GT,model_assisted_not_ground_truth,0,0,0,0,0,0,0,0,0,0,0
16.52,0,38,34,45,157.99999999999821,53,52,40,9.679999999998774,1020.000000000049,GT,model_assisted_not_ground_truth,0,0,0,0,0,0,0,0,0,0,0
16.53,0,38,34,45,157.00000000000568,53.000000000008527,52,40,9.62999999999872,1022.0000000000512,GT,model_assisted_not_ground_truth,0,0,0,0,0,0,0,0,0,0,0
16.54,0,38,34,45,159,56.000000000003553,52,39.999999999996447,9.5799999999986856,1023.9999999999474,GT,model_assisted_not_ground_truth,0,0,0,0,0,0,0,0,0,0,0
16.55,0,38,34,45,158.99999999999537,57,52,39.000000000004619,9.5299999999997258,1021.9999999999453,GT,model_assisted_not_ground_truth,0,0,0,0,0,0,0,0,0,0,0
16.56,0,38,33.999999999994671,45,158.00000000000534,57,52,40,9.5199999999985963,1020.0000000000281,GT,model_assisted_not_ground_truth,0,0,0,0,0,0,0,0,0,0,0
16.57,0,38,33.00000000001279,45,159.00000000000639,57,52,40,9.4699999999938829,1021.0000000005535,GT,model_assisted_not_ground_truth,0,0,0,0,0,0,0,0,0,0,0
16.58,0,38,35,45,160,57,52,39.999999999992539,9.2600000000002982,1039.9999999999925,GT,model_assisted_not_ground_truth,0,0,0,0,0,0,0,0,0,0,0
16.59,0,38,34.999999999991829,45,160,57,52,39.000000000008171,9.2999999999998373,1039,GT,model_assisted_not_ground_truth,0,0,0,0,0,0,0,0,0,0,0
16.60,0,38,34,45,160,57,52,40,9.2799999999998164,1039,GT,model_assisted_not_ground_truth,0,0,0,0,0,0,0,0,0,0,0
16.61,0,38,34.000000000019895,45,160.00000000000995,57,52,40,9.2599999999999998,1038.99999999999,GT,model_assisted_not_ground_truth,0,0,0,0,0,0,0,0,0,0,0
16.62,0,38,35.999999999977973,45,160.99999999998897,57,52,40,9.2599999999999998,1037.9999999999779,GT,model_assisted_not_ground_truth,0,0,0,0,0,0,0,0,0,0,0
16.63,0,38,34,45,160,56.999999999964828,52,39.999999999988276,9.2599999999996481,1035.9999999999413,GT,model_assisted_not_ground_truth,0,0,0,0,0,0,0,0,0,0,0
16.64,0,38,34,45,160,54.000000000029843,52,39.000000000009948,9.2300000000002562,1030.9999999999104,GT,model_assisted_not_ground_truth,0,0,0,0,0,0,0,0,0,0,0
16.65,0,38,34,45,160,54,52,39.999999999990763,9.25000000000027,1023.9999999997975,GT,model_assisted_not_ground_truth,0,0,0,0,0,0,0,0,0,0,0
16.66,0,38,35.999999999983658,45,160.99999999999181,54,52,40,9.2700000000017475,1008.9999999999271,GT,model_assisted_not_ground_truth,0,0,0,0,0,0,0,0,0,0,0
16.67,0,38,36,43.000000000014211,161.99999999999289,54,52,40,9.3900000000018764,1003.9999999999218,GT,model_assisted_not_ground_truth,0,0,0,0,0,0,0,0,0,0,0
16.68,0,38,35.000000000006395,44.99999999998721,162,54,52,40,9.5100000000001632,998.99999999996726,GT,model_assisted_not_ground_truth,0,0,0,0,0,0,0,0,0,0,0
16.69,0,38,34.000000000005329,45,162.99999999999466,54,52,40,9.5200000000001737,997.00000000003479,GT,model_assisted_not_ground_truth,0,0,0,0,0,0,0,0,0,0,0
16.70,0,38,34.999999999995381,45,162.0000000000046,54,52,40,9.5299999999999994,998.99999999992747,GT,model_assisted_not_ground_truth,0,0,0,0,0,0,0,0,0,0,0
16.71,0,38,35,45,162.99999999999645,53.000000000003553,52,40,9.5300000000001912,995.00000000001921,GT,model_assisted_not_ground_truth,0,0,0,0,0,0,0,0,0,0,0
16.72,0,38,35.999999999997158,45,163.99999999999716,53,52,40,9.5399999999996012,995.99999999994031,GT,model_assisted_not_ground_truth,0,0,0,0,0,0,0,0,0,0,0
16.73,0,38,35.000000000001776,45,164,53,52,40,9.5199999999990563,992.9999999997799,GT,model_assisted_not_ground_truth,0,0,0,0,0,0,0,0,0,0,0
16.74,0,38,35,45,161.00000000000213,53,52,40,9.4749999999990084,982.49999999976876,GT,model_assisted_not_ground_truth,0,0,0,0,0,0,0,0,0,0,0
16.75,0,38,35,45,162,53,52,40,9.4300000000002271,971.99999999997726,GT,model_assisted_not_ground_truth,0,0,0,0,0,0,0,0,0,0,0
16.76,0,38,35.000000000001066,44.000000000001066,161,53,52,40,9.4399999999997615,970.99999999995237,GT,model_assisted_not_ground_truth,0,0,0,0,0,0,0,0,0,0,0
16.77,0,38,35.999999999998224,45,160.99999999999466,53,52,40,9.4300000000019608,969.00000000014711,GT,model_assisted_not_ground_truth,0,0,0,0,0,0,0,0,0,0,0
16.78,0,38,35,45,158.00000000000853,53,52,40,9.5099999999999998,974.99999999994884,GT,model_assisted_not_ground_truth,0,0,0,0,0,0,0,0,0,0,0
16.79,0,38,35.000000000003553,44.999999999996447,160.99999999998934,53,52,40,9.5100000000002627,972.99999999997374,GT,model_assisted_not_ground_truth,0,0,0,0,0,0,0,0,0,0,0
16.80,0,38,35.999999999995381,44,158.00000000001387,53,52,40,9.5199999999994525,972,GT,model_assisted_not_ground_truth,0,0,0,0,0,0,0,0,0,0,0
16.81,0,38,34.999999999994671,44.000000000005329,161,53,52,40,9.4999999999998597,971.99999999992986,GT,model_assisted_not_ground_truth,0,0,0,0,0,0,0,0,0,0,0
16.82,0,38.00000000001279,34.00000000001279,44.999999999993605,160.99999999999361,53,52,40,9.4949999999999122,969.49999999995555,GT,model_assisted_not_ground_truth,0,0,0,0,0,0,0,0,0,0,0
16.83,0,40,35.999999999992539,44,160.00000000000747,53,51.999999999992539,40.000000000007461,9.489999999999851,966.99999999998511,GT,model_assisted_not_ground_truth,0,0,0,0,0,0,0,0,0,0,0
16.84,0,40,35,44,161.00000000000819,53,51,41,9.4700000000017166,965.00000000008993,GT,model_assisted_not_ground_truth,0,0,0,0,0,0,0,0,0,0,0
16.85,0,40,35.000000000009237,44.000000000009237,161.99999999999076,53,51.000000000009237,41,9.6800000000000921,975.99999999999079,GT,model_assisted_not_ground_truth,0,0,0,0,0,0,0,0,0,0,0
16.86,0,40,35.999999999990052,44.999999999990052,161,53,52,41,9.6899999999996016,975,GT,model_assisted_not_ground_truth,0,0,0,0,0,0,0,0,0,0,0
16.87,0,40,35,44,161,53,52,41,9.6499999999994497,975.00000000009913,GT,model_assisted_not_ground_truth,0,0,0,0,0,0,0,0,0,0,0
16.88,0,40.000000000011724,34.999999999988276,44.000000000011724,160.99999999998829,53,51.999999999988276,41,9.5999999999999996,983.99999999998238,GT,model_assisted_not_ground_truth,0,0,0,0,0,0,0,0,0,0,0
16.89,0,40.999999999990052,34.000000000009948,44.999999999990052,160.00000000000995,53,51.000000000009948,41,9.5999999999999996,982.49999999998079,GT,model_assisted_not_ground_truth,0,0,0,0,0,0,0,0,0,0,0
16.90,0,41,34,45,160,53,51.999999999990763,41,9.5999999999999996,980.99999999995953,GT,model_assisted_not_ground_truth,0,0,0,0,0,0,0,0,0,0,0
16.91,0,41,33.000000000008171,44.000000000008171,160,53,52,41,9.599999999999854,977.99999999991257,GT,model_assisted_not_ground_truth,0,0,0,0,0,0,0,0,0,0,0
16.92,0,41,33,43.000000000007105,160,53,52,41,9.5900000000032826,972.00000000014074,GT,model_assisted_not_ground_truth,0,0,0,0,0,0,0,0,0,0,0
16.93,0,41.999999999993605,33.999999999993605,43,159.00000000000639,53,52,41,9.8000000000003276,980.99999999986926,GT,model_assisted_not_ground_truth,0,0,0,0,0,0,0,0,0,0,0
16.94,0,42,34.999999999994671,43,158.00000000000534,53,51.000000000005329,41,9.819999999997215,973.00000000067894,GT,model_assisted_not_ground_truth,0,0,0,0,0,0,0,0,0,0,0
16.95,0,41.000000000004619,34.000000000004619,43,157.0000000000046,53,51,41,9.6600000000001813,1011.9999999999548,GT,model_assisted_not_ground_truth,0,0,0,0,0,0,0,0,0,0,0
16.96,0,41.999999999996447,32.000000000007105,43,156.00000000000355,53,51.999999999996447,41,9.6700000000001918,1009.499999999952,GT,model_assisted_not_ground_truth,0,0,0,0,0,0,0,0,0,0,0
16.97,0,42,34.999999999991473,41.000000000005684,156,53,52,41,9.6799999999999997,1006.9999999998209,GT,model_assisted_not_ground_truth,0,0,0,0,0,0,0,0,0,0,0
16.98,0,42,34.000000000001776,41.999999999998224,156,53,50.000000000003553,41,9.6800000000035631,997.99999999993713,GT,model_assisted_not_ground_truth,0,0,0,0,0,0,0,0,0,0,0
16.99,0,42,34.999999999999289,42.999999999999289,153.00000000000213,52.000000000000711,50.999999999999289,41,9.8500000000006604,994.99999999993395,GT,model_assisted_not_ground_truth,0,0,0,0,0,0,0,0,0,0,0
17.00,0,42,33,43,153,53,52,41,9.8799999999997734,991.99999999974989,GT,model_assisted_not_ground_truth,0,0,0,0,0,0,0,0,0,0,0
17.01,0,42,33.000000000001066,43,150.99999999999892,52.999999999997868,52,41,9.8699999999978569,981.00000000116631,GT,model_assisted_not_ground_truth,0,0,0,0,0,0,0,0,0,0,0
17.02,0,42,34,43,150.00000000000179,51,51.999999999998224,41,9.7800000000004896,1029.9999999999754,GT,model_assisted_not_ground_truth,0,0,0,0,0,0,0,0,0,0,0
17.03,0,41.999999999997158,34,43,150.99999999999432,51,51.000000000002842,41,9.7999999999997449,1028.9999999999361,GT,model_assisted_not_ground_truth,0,0,0,0,0,0,0,0,0,0,0
17.04,0,41,33.999999999996447,43,149,51,52,41,9.7899999999997362,1026.4999999999343,GT,model_assisted_not_ground_truth,0,0,0,0,0,0,0,0,0,0,0
17.05,0,41,33.000000000004619,43,149,50.999999999995381,52,41.000000000004619,9.7800000000010936,1023.9999999998905,GT,model_assisted_not_ground_truth,0,0,0,0,0,0,0,0,0,0,0
17.06,0,41,34,42.999999999994671,149,50.000000000005329,51.999999999994671,41.999999999994671,9.8199999999991583,1019.9999999997193,GT,model_assisted_not_ground_truth,0,0,0,0,0,0,0,0,0,0,0
17.07,0,41,33.99999999998721,42,148.99999999998721,50.999999999993605,51.000000000006395,41,9.7900000000026211,1010.0000000003496,GT,model_assisted_not_ground_truth,0,0,0,0,0,0,0,0,0,0,0
17.08,0,41,32.000000000007461,42,147,50.000000000007461,52,41,9.8799999999997024,1022.0000000000522,GT,model_assisted_not_ground_truth,0,0,0,0,0,0,0,0,0,0,0
17.09,0,41,33.000000000016342,42,147,51,52,41,9.8399999999999181,1029.0000000000164,GT,model_assisted_not_ground_truth,0,0,0,0,0,0,0,0,0,0,0
17.10,0,41,34.999999999981526,42,147,50.999999999990763,52,41,9.8300000000001386,1030.9999999999768,GT,model_assisted_not_ground_truth,0,0,0,0,0,0,0,0,0,0,0
17.11,0,41,33.000000000009948,42,147.00000000000995,50.000000000009948,52,41,9.8450000000001481,1028.4999999999752,GT,model_assisted_not_ground_truth,0,0,0,0,0,0,0,0,0,0,0
17.12,0,41,33.999999999988987,42,148,50.999999999988987,52,41,9.8599999999999994,1025.9999999999779,GT,model_assisted_not_ground_truth,0,0,0,0,0,0,0,0,0,0,0
17.13,0,41,33,42,147.99999999997655,50.000000000011724,52,41,9.8599999999994132,1023.9999999999296,GT,model_assisted_not_ground_truth,0,0,0,0,0,0,0,0,0,0,0
17.14,0,41,33,42,146.0000000000199,50.999999999990052,52,41,9.8100000000002563,1017.9999999999104,GT,model_assisted_not_ground_truth,0,0,0,0,0,0,0,0,0,0,0
17.15,0,40.000000000008882,33,42,146,50.000000000008882,51.000000000008882,41,9.8300000000002772,1011.000000000097,GT,model_assisted_not_ground_truth,0,0,0,0,0,0,0,0,0,0,0
17.16,0,40.999999999991829,33,42,146,50.999999999991829,51,41,9.849999999999854,1017.9999999999709,GT,model_assisted_not_ground_truth,0,0,0,0,0,0,0,0,0,0,0
17.17,0,41,33,42,145.00000000000711,50.000000000007105,51,41,9.840000000000078,1015.9999999999766,GT,model_assisted_not_ground_truth,0,0,0,0,0,0,0,0,0,0,0
17.18,0,40.000000000006395,33,42,145,50,51,41,9.8450000000000806,1014.4999999999754,GT,model_assisted_not_ground_truth,0,0,0,0,0,0,0,0,0,0,0
17.19,0,40,33,42,144.00000000000534,50.999999999994671,51,41,9.8499999999998256,1012.9999999999478,GT,model_assisted_not_ground_truth,0,0,0,0,0,0,0,0,0,0,0
17.20,0,40.999999999995381,33,42,148.99999999997692,50.000000000004619,51,41,9.8400000000016306,1010.0000000001087,GT,model_assisted_not_ground_truth,0,0,0,0,0,0,0,0,0,0,0
17.21,0,40.000000000003553,33,42,149.99999999999645,50.999999999996447,51,41,9.9299999999999997,1015.9999999998273,GT,model_assisted_not_ground_truth,0,0,0,0,0,0,0,0,0,0,0
17.22,0,39.000000000002842,33,42,150,51,51,40.000000000002842,9.9300000000023871,1006.9999999996419,GT,model_assisted_not_ground_truth,0,0,0,0,0,0,0,0,0,0,0
17.23,0,38.000000000001776,33,42,149.00000000000176,50.000000000001776,51,40.999999999998224,10.05000000000021,988.99999999997908,GT,model_assisted_not_ground_truth,0,0,0,0,0,0,0,0,0,0,0
17.24,0,38,33,42,149,50,51,41,10.05999999999978,987.99999999996692,GT,model_assisted_not_ground_truth,0,0,0,0,0,0,0,0,0,0,0
17.25,0,38,33,41,148,50,51,41,10.049999999999773,986.49999999996589,GT,model_assisted_not_ground_truth,0,0,0,0,0,0,0,0,0,0,0
17.26,0,38,33,42,146.99999999999892,50.000000000001066,51,41,10.039999999998809,984.9999999999286,GT,model_assisted_not_ground_truth,0,0,0,0,0,0,0,0,0,0,0
17.27,0,38,33,42,146.00000000000179,50.999999999998224,51,41,9.9899999999963232,981.99999999977933,GT,model_assisted_not_ground_truth,0,0,0,0,0,0,0,0,0,0,0
17.28,0,38,33,42,146.99999999999432,50,50.999999999997158,41,9.8400000000020462,973.00000000002558,GT,model_assisted_not_ground_truth,0,0,0,0,0,0,0,0,0,0,0
17.29,0,38,33,42,145.00000000000355,50.000000000003553,50.000000000003553,41,9.9199999999950048,974.00000000023658,GT,model_assisted_not_ground_truth,0,0,0,0,0,0,0,0,0,0,0
17.30,0,38,33,42,146.00000000000463,50.999999999995381,51,41,9.7299999999994533,983.00000000013677,GT,model_assisted_not_ground_truth,0,0,0,0,0,0,0,0,0,0,0
17.31,0,38,32.999999999994671,42,146.99999999999466,50,51,41,9.7099999999997202,987.99999999990177,GT,model_assisted_not_ground_truth,0,0,0,0,0,0,0,0,0,0,0
17.32,0,38,32.000000000006395,42,146.00000000000639,50.000000000006395,51,41,9.6999999999998217,984.49999999993781,GT,model_assisted_not_ground_truth,0,0,0,0,0,0,0,0,0,0,0
17.33,0,38,33.000000000007461,42,146.99999999999253,50.999999999992539,51,41,9.6899999999997757,980.99999999986574,GT,model_assisted_not_ground_truth,0,0,0,0,0,0,0,0,0,0,0
17.34,0,38.000000000008171,33.999999999983658,42,146,50,51,41,9.6600000000017161,962.99999999986926,GT,model_assisted_not_ground_truth,0,0,0,0,0,0,0,0,0,0,0
17.35,0,38.999999999990763,32.000000000018474,42,146.00000000001847,50.000000000009237,51,41,9.8700000000012,947.00000000000921,GT,model_assisted_not_ground_truth,0,0,0,0,0,0,0,0,0,0,0
17.36,0,38,34.000000000009948,42,148.0000000000199,51,51,41,9.9999999999997016,948.00000000001,GT,model_assisted_not_ground_truth,0,0,0,0,0,0,0,0,0,0,0
17.37,0,38.000000000011013,34.999999999977973,42.000000000011013,149.99999999998897,51,51.000000000011013,41,9.9700000000000006,949,GT,model_assisted_not_ground_truth,0,0,0,0,0,0,0,0,0,0,0
17.38,0,38.999999999988276,32.999999999988276,43,149,51,52,41,9.9700000000002351,949.00000000001171,GT,model_assisted_not_ground_truth,0,0,0,0,0,0,0,0,0,0,0
17.39,0,38.000000000009948,32.000000000009948,43,149,51,52,41,9.9899999999999363,949.99999999998715,GT,model_assisted_not_ground_truth,0,0,0,0,0,0,0,0,0,0,0
17.40,0,39.999999999982236,32.999999999991118,43,149.99999999999113,51,52,41,9.9849999999999319,948.99999999998613,GT,model_assisted_not_ground_truth,0,0,0,0,0,0,0,0,0,0,0
17.41,0,40,33,43,150.99999999999181,51,52,41.999999999991829,9.9799999999986895,947.99999999976694,GT,model_assisted_not_ground_truth,0,0,0,0,0,0,0,0,0,0,0
17.42,0,40,33,43,151,51,52,41.000000000007105,9.8900000000001569,932.00000000004695,GT,model_assisted_not_ground_truth,0,0,0,0,0,0,0,0,0,0,0
17.43,0,40.999999999993605,33,43,149.00000000001279,51,52,41,9.9000000000006541,935.00000000009811,GT,model_assisted_not_ground_truth,0,0,0,0,0,0,0,0,0,0,0
17.44,0,40.000000000005329,34.999999999989342,43,148.00000000000534,51,52,41,9.9400000000001736,940.99999999994782,GT,model_assisted_not_ground_truth,0,0,0,0,0,0,0,0,0,0,0
17.45,0,40.999999999995381,33.000000000009237,43,150.99999999998613,51,52,41,9.9499999999994557,937.99999999996373,GT,model_assisted_not_ground_truth,0,0,0,0,0,0,0,0,0,0,0
17.46,0,41,32.000000000003553,43.999999999996447,151.99999999999645,51,52,41,9.919999999999904,936,GT,model_assisted_not_ground_truth,0,0,0,0,0,0,0,0,0,0,0
17.47,0,40.000000000002842,33.999999999994316,44,152,51,52,41,9.9149999999998997,936,GT,model_assisted_not_ground_truth,0,0,0,0,0,0,0,0,0,0,0
17.48,0,40,34,44,152,51,52,41,9.9099999999993713,935.99999999995805,GT,model_assisted_not_ground_truth,0,0,0,0,0,0,0,0,0,0,0
17.49,0,40,34.999999999999289,44,151.00000000000071,51,51.000000000000711,41.999999999999289,9.8800000000039656,934.00000000028638,GT,model_assisted_not_ground_truth,0,0,0,0,0,0,0,0,0,0,0
17.50,0,41,34,44,151,51,52,42,10.060000000000228,947,GT,model_assisted_not_ground_truth,0,0,0,0,0,0,0,0,0,0,0
17.51,0,40.000000000001066,35,43.000000000001066,152.00000000000108,51,52,42,10.069999999999048,947.0000000000714,GT,model_assisted_not_ground_truth,0,0,0,0,0,0,0,0,0,0,0
17.52,0,40.999999999998224,34.999999999998224,43.999999999998224,152.99999999999821,51,52,42,10.029999999998774,950.00000000002456,GT,model_assisted_not_ground_truth,0,0,0,0,0,0,0,0,0,0,0
17.53,0,40,34.000000000002842,43,151.99999999999716,51,52,41.999999999997158,9.9799999999994888,950.99999999984652,GT,model_assisted_not_ground_truth,0,0,0,0,0,0,0,0,0,0,0
17.54,0,40.000000000003553,34.999999999996447,43,151,51,52,41.000000000003553,9.9600000000026299,945.00000000010516,GT,model_assisted_not_ground_truth,0,0,0,0,0,0,0,0,0,0,0
17.55,0,41,34,43,150.99999999999076,51,52,42,10.060000000002736,949.00000000010937,GT,model_assisted_not_ground_truth,0,0,0,0,0,0,0,0,0,0,0
17.56,0,41,34,43,149,51,52,42,10.160000000000281,952.99999999997192,GT,model_assisted_not_ground_truth,0,0,0,0,0,0,0,0,0,0,0
17.57,0,41,33.999999999993605,43,148.99999999999361,51,52,42,10.17,951.99999999991257,GT,model_assisted_not_ground_truth,0,0,0,0,0,0,0,0,0,0,0
17.58,0,41,33.000000000007461,43,148.00000000000747,51,52,41.999999999992539,10.170000000000224,948.99999999998511,GT,model_assisted_not_ground_truth,0,0,0,0,0,0,0,0,0,0,0
17.59,0,41,34,43,148.99999999998366,51,52,41.000000000008171,10.19999999999861,947.00000000028604,GT,model_assisted_not_ground_truth,0,0,0,0,0,0,0,0,0,0,0
17.60,0,40.999999999990763,33.999999999990763,43,147.00000000002771,51,52,42,10.029999999999861,982.00000000000466,GT,model_assisted_not_ground_truth,0,0,0,0,0,0,0,0,0,0,0
17.61,0,40,33.000000000019895,43,149.99999999997016,50.999999999990052,52,41.999999999990052,10.014999999999851,982.500000000005,GT,model_assisted_not_ground_truth,0,0,0,0,0,0,0,0,0,0,0
17.62,0,40,34.999999999988987,43,147.00000000001103,50.000000000011013,52,41.000000000011013,10.00000000000022,982.99999999991189,GT,model_assisted_not_ground_truth,0,0,0,0,0,0,0,0,0,0,0
17.63,0,40,34,43,148,51,52,42,10.020000000001172,975,GT,model_assisted_not_ground_truth,0,0,0,0,0,0,0,0,0,0,0
17.64,0,40,34,43,148,51,52,42,10.119999999999999,974.99999999985926,GT,model_assisted_not_ground_truth,0,0,0,0,0,0,0,0,0,0,0
17.65,0,40.999999999991118,34.999999999991118,42.000000000008882,148.99999999999113,51,52,41.000000000008882,10.119999999999029,964.00000000015245,GT,model_assisted_not_ground_truth,0,0,0,0,0,0,0,0,0,0,0
17.66,0,40.000000000008171,35,42.999999999991829,149,51,52,41.999999999991829,10.049999999998981,975.00000000052444,GT,model_assisted_not_ground_truth,0,0,0,0,0,0,0,0,0,0,0
17.67,0,40,34.000000000007105,43,148.00000000000711,51,52,42,9.9800000000000004,1010.999999999953,GT,model_assisted_not_ground_truth,0,0,0,0,0,0,0,0,0,0,0
17.68,0,40,34,43,149.99999999998721,51,52,42,9.9799999999999187,1007.9999999999836,GT,model_assisted_not_ground_truth,0,0,0,0,0,0,0,0,0,0,0
17.69,0,40.999999999994671,34,43,148.00000000001066,51,52,41.000000000005329,9.9749999999999126,1006.9999999999826,GT,model_assisted_not_ground_truth,0,0,0,0,0,0,0,0,0,0,0
17.70,0,40.000000000004619,34.999999999995381,43,149.99999999999076,51,52,41,9.9699999999996383,1005.9999999998731,GT,model_assisted_not_ground_truth,0,0,0,0,0,0,0,0,0,0,0
17.71,0,40,34.000000000003553,43,147.00000000001066,51,52,41,9.9500000000007667,999.00000000046043,GT,model_assisted_not_ground_truth,0,0,0,0,0,0,0,0,0,0,0
17.72,0,40,34,43,147.99999999999716,51,52,41,9.9899999999994034,1022.9999999999403,GT,model_assisted_not_ground_truth,0,0,0,0,0,0,0,0,0,0,0
17.73,0,40.999999999998224,34.999999999998224,43,148,51,52,41.999999999998224,9.9600000000004201,1019.9999999999791,GT,model_assisted_not_ground_truth,0,0,0,0,0,0,0,0,0,0,0
17.74,0,41,35,43,147.00000000000071,51,52,41.000000000000711,9.9800000000000004,1018.9999999999559,GT,model_assisted_not_ground_truth,0,0,0,0,0,0,0,0,0,0,0
17.75,0,40,35,43,150,51,52,41,9.979999999999432,1016.9999999999432,GT,model_assisted_not_ground_truth,0,0,0,0,0,0,0,0,0,0,0
17.76,0,40.000000000001066,34.000000000001066,43,148,51,52,41,9.954999999999405,1014.4999999999405,GT,model_assisted_not_ground_truth,0,0,0,0,0,0,0,0,0,0,0
17.77,0,40.999999999994671,35,43,148.00000000000355,51,51.999999999998224,41,9.9299999999985289,1011.9999999999019,GT,model_assisted_not_ground_truth,0,0,0,0,0,0,0,0,0,0,0
17.78,0,38.000000000002842,34.999999999997158,43,149.99999999999147,51,51.000000000002842,41,9.8699999999997434,1007.9999999998977,GT,model_assisted_not_ground_truth,0,0,0,0,0,0,0,0,0,0,0
17.79,0,39,34,43,146.99999999999645,51,52,41,9.8599999999999994,1003.9999999999211,GT,model_assisted_not_ground_truth,0,0,0,0,0,0,0,0,0,0,0
17.80,0,38.999999999990763,34,43,146,51,52,41,9.8600000000010937,1001.0000000001642,GT,model_assisted_not_ground_truth,0,0,0,0,0,0,0,0,0,0,0
17.81,0,37.000000000005329,34,43,146.00000000001066,51,52,41,9.8999999999991584,1006.9999999998877,GT,model_assisted_not_ground_truth,0,0,0,0,0,0,0,0,0,0,0
17.82,0,38.000000000006395,34,42.999999999993605,147.99999999999361,51,52,41,9.8700000000018928,1003.0000000000582,GT,model_assisted_not_ground_truth,0,0,0,0,0,0,0,0,0,0,0
17.83,0,38.999999999992539,34.000000000007461,42.000000000007461,146.9999999999776,50.999999999992539,51.999999999992539,41,9.9350000000012244,1005.0000000000376,GT,model_assisted_not_ground_truth,0,0,0,0,0,0,0,0,0,0,0
17.84,0,38.000000000008171,34.999999999983658,42.999999999991829,144.00000000002453,50,51,41,9.9999999999999183,1006.9999999999918,GT,model_assisted_not_ground_truth,0,0,0,0,0,0,0,0,0,0,0
17.85,0,38.999999999990763,33.000000000018474,42,146.99999999996305,50,51,41,9.9900000000000926,1005.9999999999445,GT,model_assisted_not_ground_truth,0,0,0,0,0,0,0,0,0,0,0
17.86,0,38,34.999999999990052,42,143.00000000002984,50,51,41,10.000000000000995,999.99999999981094,GT,model_assisted_not_ground_truth,0,0,0,0,0,0,0,0,0,0,0
17.87,0,38,34.000000000011013,42,146.00000000001103,50,51,40.999999999988987,10.09999999999989,980.99999999997794,GT,model_assisted_not_ground_truth,0,0,0,0,0,0,0,0,0,0,0
17.88,0,38,34.999999999988276,42,146.99999999997655,50,50.999999999988276,40.000000000011724,10.090000000000117,978.99999999990621,GT,model_assisted_not_ground_truth,0,0,0,0,0,0,0,0,0,0,0
17.89,0,38,34.000000000009948,42,145.0000000000199,50,50.000000000009948,40.999999999990052,10.099999999997953,970.99999999994884,GT,model_assisted_not_ground_truth,0,0,0,0,0,0,0,0,0,0,0
17.90,0,38,33.000000000008882,42,144.00000000000887,50,50.999999999991118,41,9.9399999999998609,966.99999999995839,GT,model_assisted_not_ground_truth,0,0,0,0,0,0,0,0,0,0,0
17.91,0,38,34.999999999983658,41.000000000008171,144,50,51,41,9.9299999999998541,963.99999999995634,GT,model_assisted_not_ground_truth,0,0,0,0,0,0,0,0,0,0,0
17.92,0,38,33.000000000014211,41.999999999992895,145.99999999998579,50,50.000000000007105,41,9.9199999999973425,961.00000000029706,GT,model_assisted_not_ground_truth,0,0,0,0,0,0,0,0,0,0,0
17.93,0,38,33,42,145.00000000000639,50,50,40.000000000006395,9.7499999999998366,979.99999999990189,GT,model_assisted_not_ground_truth,0,0,0,0,0,0,0,0,0,0,0
17.94,0,38,33,41.000000000005329,147.99999999998403,50,50,40,9.739999999999478,973.99999999970407,GT,model_assisted_not_ground_truth,0,0,0,0,0,0,0,0,0,0,0
17.95,0,38,33,41,147.0000000000046,50,50,40,9.7100000000056177,956.9999999997101,GT,model_assisted_not_ground_truth,0,0,0,0,0,0,0,0,0,0,0
17.96,0,38,33,41,147,50,50,40.999999999996447,10.020000000000191,940.99999999996157,GT,model_assisted_not_ground_truth,0,0,0,0,0,0,0,0,0,0,0
17.97,0,38,33,41,145.00000000000568,50,50,40.000000000002842,10.030000000000298,939,GT,model_assisted_not_ground_truth,0,0,0,0,0,0,0,0,0,0,0
17.98,0,38,33,41,145,50,47.000000000005329,40,10.045000000000314,939,GT,model_assisted_not_ground_truth,0,0,0,0,0,0,0,0,0,0,0
17.99,0,38,33,41,145.99999999999929,50,47,40,10.05999999999978,939,GT,model_assisted_not_ground_truth,0,0,0,0,0,0,0,0,0,0,0
18.00,0,38,35,41,141,49,46,40,10.050000000000001,939.00000000009095,GT,model_assisted_not_ground_truth,0,0,0,0,0,0,0,0,0,0,0
18.01,0,38,33.999999999998934,41,142,49.000000000001066,46.999999999997868,40,10.049999999999763,942.99999999980957,GT,model_assisted_not_ground_truth,0,0,0,0,0,0,0,0,0,0,0
18.02,0,38,33.000000000001776,41,141.99999999999466,49.999999999998224,45.000000000003553,40,10.039999999998283,934.99999999963234,GT,model_assisted_not_ground_truth,0,0,0,0,0,0,0,0,0,0,0
18.03,0,38,33.999999999997158,41,139.00000000000853,49,46.999999999997158,40,9.9700000000000006,919.99999999997442,GT,model_assisted_not_ground_truth,0,0,0,0,0,0,0,0,0,0,0
18.04,0,38,33,41,142.00000000000355,49,46,40,9.9700000000013151,919.00000000010516,GT,model_assisted_not_ground_truth,0,0,0,0,0,0,0,0,0,0,0
18.05,0,38,33.000000000009237,41,143.00000000001847,49,46.000000000004619,40,10.019999999999863,923,GT,model_assisted_not_ground_truth,0,0,0,0,0,0,0,0,0,0,0
18.06,0,37.999999999994671,34.999999999989342,41,146.99999999997868,49,47,40,10.014999999999858,923,GT,model_assisted_not_ground_truth,0,0,0,0,0,0,0,0,0,0,0
18.07,0,37.000000000006395,33,41,142.99999999999361,49,46.999999999993605,40,10.010000000000874,923.0000000000291,GT,model_assisted_not_ground_truth,0,0,0,0,0,0,0,0,0,0,0
18.08,0,38,33,41,142,49,46.000000000007461,40,10.039999999999701,924.0000000000075,GT,model_assisted_not_ground_truth,0,0,0,0,0,0,0,0,0,0,0
18.09,0,38,33.000000000008171,41,142,49,46.999999999991829,40,10,924.99999999998363,GT,model_assisted_not_ground_truth,0,0,0,0,0,0,0,0,0,0,0
18.10,0,38,33.999999999990763,41,142.00000000000924,49,46.000000000009237,40,9.9999999999999076,922.99999999999079,GT,model_assisted_not_ground_truth,0,0,0,0,0,0,0,0,0,0,0
18.11,0,38,33,41,142.99999999996021,49,46.999999999990052,40,9.9900000000010944,922.00000000001489,GT,model_assisted_not_ground_truth,0,0,0,0,0,0,0,0,0,0,0
18.12,0,38,33,41,139,49,46,40,10.100000000001213,923.50000000001648,GT,model_assisted_not_ground_truth,0,0,0,0,0,0,0,0,0,0,0
18.13,0,38,33,41,138.99999999998829,49,45.999999999988276,40,10.209999999998477,925.00000000011721,GT,model_assisted_not_ground_truth,0,0,0,0,0,0,0,0,0,0,0
18.14,0,38,33,41,138.00000000000995,49,45.000000000009948,40,10.080000000000256,934.99999999994884,GT,model_assisted_not_ground_truth,0,0,0,0,0,0,0,0,0,0,0
18.15,0,38,33,41,138.99999999999113,49,46.999999999982236,40,10.099999999999723,930.99999999997226,GT,model_assisted_not_ground_truth,0,0,0,0,0,0,0,0,0,0,0
18.16,0,38,33,41,138.00000000000819,49,47,40,10.080000000000437,928.99999999994168,GT,model_assisted_not_ground_truth,0,0,0,0,0,0,0,0,0,0,0
18.17,0,38,33,41,138.99999999999289,49,47,40,10.110000000003126,925.00000000009379,GT,model_assisted_not_ground_truth,0,0,0,0,0,0,0,0,0,0,0
18.18,0,38,33,41,139,49,47,40,10.310000000000082,930.99999999999181,GT,model_assisted_not_ground_truth,0,0,0,0,0,0,0,0,0,0,0
18.19,0,38,32.000000000005329,41,139,49,47,40,10.315000000000087,930.49999999999125,GT,model_assisted_not_ground_truth,0,0,0,0,0,0,0,0,0,0,0
18.20,0,38,32.999999999995381,41,139.9999999999954,49,46.000000000004619,40,10.319999999996739,930.00000000067041,GT,model_assisted_not_ground_truth,0,0,0,0,0,0,0,0,0,0,0
18.21,0,38,33.999999999996447,41,139.00000000000355,49,46,40,10.140000000000001,966.99999999984652,GT,model_assisted_not_ground_truth,0,0,0,0,0,0,0,0,0,0,0
18.22,0,38,34,41,139,49,46.999999999997158,40,10.140000000002388,959.0000000000199,GT,model_assisted_not_ground_truth,0,0,0,0,0,0,0,0,0,0,0
18.23,0,38,32.000000000003553,41,138.00000000000176,49,47,40,10.260000000000419,959.99999999976944,GT,model_assisted_not_ground_truth,0,0,0,0,0,0,0,0,0,0,0
18.24,0,38,33.999999999998579,41,138.99999999999929,49,47,40,10.279999999998898,948.99999999995589,GT,model_assisted_not_ground_truth,0,0,0,0,0,0,0,0,0,0,0
18.25,0,38,34,41,138,49,46,40,10.229999999999546,947.00000000059117,GT,model_assisted_not_ground_truth,0,0,0,0,0,0,0,0,0,0,0
18.26,0,38,33.000000000001066,41,138.99999999999892,49,45.000000000002132,40,10.209999999999049,973.00000000038085,GT,model_assisted_not_ground_truth,0,0,0,0,0,0,0,0,0,0,0
18.27,0,37.999999999996447,34,41,137.99999999999821,49,47,40,10.17,988.99999999997544,GT,model_assisted_not_ground_truth,0,0,0,0,0,0,0,0,0,0,0
18.28,0,36.000000000005684,34.000000000002842,41,137.00000000000284,49.000000000002842,47,40,10.17,987.99999999997442,GT,model_assisted_not_ground_truth,0,0,0,0,0,0,0,0,0,0,0
18.29,0,37.999999999996447,34.999999999992895,41,137.99999999999289,49.999999999996447,47,40,10.169999999999474,986.99999999989484,GT,model_assisted_not_ground_truth,0,0,0,0,0,0,0,0,0,0,0
18.30,0,37.000000000004619,33,41,136,49,47,40,10.149999999999727,982.99999999986323,GT,model_assisted_not_ground_truth,0,0,0,0,0,0,0,0,0,0,0
18.31,0,38,32.999999999994671,41,135.99999999999466,49.000000000005329,47,40,10.13999999999972,977.99999999974739,GT,model_assisted_not_ground_truth,0,0,0,0,0,0,0,0,0,0,0
18.32,0,37.999999999993605,32.000000000006395,41,135.00000000002558,50,47,40,10.130000000007284,968.99999999927172,GT,model_assisted_not_ground_truth,0,0,0,0,0,0,0,0,0,0,0
18.33,0,37.000000000007461,33,41,139,50,47,40,10.380000000000038,944,GT,model_assisted_not_ground_truth,0,0,0,0,0,0,0,0,0,0,0
18.34,0,38,33,41,139.00000000001634,50,47,40,10.385000000000041,944,GT,model_assisted_not_ground_truth,0,0,0,0,0,0,0,0,0,0,0
18.35,0,38,33.000000000018474,41,140.99999999997229,50,47,40,10.389999999999816,943.99999999995384,GT,model_assisted_not_ground_truth,0,0,0,0,0,0,0,0,0,0,0
18.36,0,38,34.999999999980105,41,138.0000000000199,50,47,40,10.369999999999601,938.99999999999,GT,model_assisted_not_ground_truth,0,0,0,0,0,0,0,0,0,0,0
18.37,0,38,33,41,139.999999999989,50,47,40,10.32999999999956,937.99999999995589,GT,model_assisted_not_ground_truth,0,0,0,0,0,0,0,0,0,0,0
18.38,0,38,33,41,138.99999999999966,50,47,40,10.289999999999647,933.99999999990621,GT,model_assisted_not_ground_truth,0,0,0,0,0,0,0,0,0,0,0
18.39,0,38,33,41,138.00000000000995,50,47,40,10.260000000000511,926.00000000011516,GT,model_assisted_not_ground_truth,0,0,0,0,0,0,0,0,0,0,0
18.40,0,38,33.999999999991118,41,138.99999999999113,49.000000000008882,47,39.000000000008882,10.299999999999446,934.99999999991689,GT,model_assisted_not_ground_truth,0,0,0,0,0,0,0,0,0,0,0
18.41,0,38,33.000000000008171,41,139,49.999999999991829,47,39.999999999991829,10.260000000000947,929.0000000000291,GT,model_assisted_not_ground_truth,0,0,0,0,0,0,0,0,0,0,0
18.42,0,38,33,41,139,50,47,40,10.325000000001015,931.00000000003126,GT,model_assisted_not_ground_truth,0,0,0,0,0,0,0,0,0,0,0
18.43,0,38,33.999999999993605,41,140.99999999998721,50,47,40,10.390000000000818,932.99999999975489,GT,model_assisted_not_ground_truth,0,0,0,0,0,0,0,0,0,0,0
18.44,0,38,33.000000000005329,41,141,50,47,40,10.440000000001566,917.99999999984334,GT,model_assisted_not_ground_truth,0,0,0,0,0,0,0,0,0,0,0
18.45,0,38,34.999999999990763,41,141,49.000000000004619,47,39.000000000004619,10.529999999998912,908.99999999989132,GT,model_assisted_not_ground_truth,0,0,0,0,0,0,0,0,0,0,0
18.46,0,38,33.000000000007105,41,141,49.999999999996447,47,39.999999999996447,10.469999999997698,902.99999999982731,GT,model_assisted_not_ground_truth,0,0,0,0,0,0,0,0,0,0,0
18.47,0,38,33,41,140.00000000000284,50,45.000000000005684,40,10.350000000000398,894,GT,model_assisted_not_ground_truth,0,0,0,0,0,0,0,0,0,0,0
18.48,0,38,32.000000000001776,41,139.00000000000176,50,46.999999999996447,40,10.370000000000104,893.99999999998954,GT,model_assisted_not_ground_truth,0,0,0,0,0,0,0,0,0,0,0
18.49,0,38,34.999999999997868,41,139,49.000000000000711,47,40,10.37500000000011,893.49999999998897,GT,model_assisted_not_ground_truth,0,0,0,0,0,0,0,0,0,0,0
18.50,0,38,33,41,140,50,47,40,10.379999999994316,893.00000000043201,GT,model_assisted_not_ground_truth,0,0,0,0,0,0,0,0,0,0,0
18.51,0,38,33.000000000002132,41,141.99999999999892,50,47,40,10.130000000000239,911.99999999990473,GT,model_assisted_not_ground_truth,0,0,0,0,0,0,0,0,0,0,0
18.52,0,38,34.999999999996447,41,140.99999999999821,50,47,40,10.140000000000001,907.99999999982845,GT,model_assisted_not_ground_truth,0,0,0,0,0,0,0,0,0,0,0
18.53,0,38,33.000000000005684,41,140.00000000000284,49.999999999997158,47,40,10.139999999999745,900.99999999979536,GT,model_assisted_not_ground_truth,0,0,0,0,0,0,0,0,0,0,0
18.54,0,38,34.999999999992895,41,140.99999999999645,49.000000000003553,47,40,10.130000000000789,892.99999999981594,GT,model_assisted_not_ground_truth,0,0,0,0,0,0,0,0,0,0,0
18.55,0,38,33,41,140,50,47,40,10.160000000007933,885.9999999995897,GT,model_assisted_not_ground_truth,0,0,0,0,0,0,0,0,0,0,0
18.56,0,38,33,41,140.00000000001066,50,47,40,10.449999999999859,870.99999999997192,GT,model_assisted_not_ground_truth,0,0,0,0,0,0,0,0,0,0,0
18.57,0,38,33,41,141.99999999999361,50,47,40,10.444999999999911,869.99999999998226,GT,model_assisted_not_ground_truth,0,0,0,0,0,0,0,0,0,0,0
18.58,0,38,33,41,140.99999999999253,50,47,40,10.440000000000149,869.0000000000299,GT,model_assisted_not_ground_truth,0,0,0,0,0,0,0,0,0,0,0
18.59,0,38,33,41,139.99999999998366,49.999999999991829,47,40,10.460000000000001,873.00000000000819,GT,model_assisted_not_ground_truth,0,0,0,0,0,0,0,0,0,0,0
18.60,0,38,33,41,138.00000000003695,49.000000000009237,47,40,10.459999999999262,873.99999999987995,GT,model_assisted_not_ground_truth,0,0,0,0,0,0,0,0,0,0,0
18.61,0,38,33.000000000019895,41,141.9999999999801,50,47,40,10.380000000000001,860.99999999995021,GT,model_assisted_not_ground_truth,0,0,0,0,0,0,0,0,0,0,0
18.62,0,38,34.999999999977973,41,139.99999999997797,50,47,40,10.380000000000111,856.00000000001103,GT,model_assisted_not_ground_truth,0,0,0,0,0,0,0,0,0,0,0
18.63,0,38,33,41,138.00000000001759,50,47,40,10.390000000000118,857.00000000001171,GT,model_assisted_not_ground_truth,0,0,0,0,0,0,0,0,0,0,0
18.64,0,38,33,41,139.50000000000213,50,47,40,10.400000000000256,858.00000000003843,GT,model_assisted_not_ground_truth,0,0,0,0,0,0,0,0,0,0,0
18.65,0,38,33,41,140.99999999998667,50,47,40,10.419999999999723,860.99999999998613,GT,model_assisted_not_ground_truth,0,0,0,0,0,0,0,0,0,0,0
18.66,0,38,33,41,141,50,46.000000000008171,40,10.399999999999855,860.00000000001455,GT,model_assisted_not_ground_truth,0,0,0,0,0,0,0,0,0,0,0
18.67,0,38,34.999999999985789,41,139.00000000001421,50,46.999999999992895,40,10.39000000000047,861.00000000003126,GT,model_assisted_not_ground_truth,0,0,0,0,0,0,0,0,0,0,0
18.68,0,38,33.00000000001279,41,139,50,47,40,10.419999999999346,862.99999999998363,GT,model_assisted_not_ground_truth,0,0,0,0,0,0,0,0,0,0,0
18.69,0,38,33.999999999994671,41,139,50,47,40,10.380000000001568,862.00000000007833,GT,model_assisted_not_ground_truth,0,0,0,0,0,0,0,0,0,0,0
18.70,0,38,34.999999999995381,41,143.99999999997692,50,46.000000000004619,40,10.470000000001631,866.50000000008151,GT,model_assisted_not_ground_truth,0,0,0,0,0,0,0,0,0,0,0
18.71,0,38,33.000000000007105,41,144,50,46.999999999996447,40,10.559999999999809,871.00000000001921,GT,model_assisted_not_ground_truth,0,0,0,0,0,0,0,0,0,0,0
18.72,0,38,33,41,144.99999999999716,50,47,40,10.549999999998409,872.00000000011937,GT,model_assisted_not_ground_truth,0,0,0,0,0,0,0,0,0,0,0
18.73,0,37.000000000001776,33,41,144.00000000000176,50,47,40,10.469999999998953,877.99999999985323,GT,model_assisted_not_ground_truth,0,0,0,0,0,0,0,0,0,0,0
18.74,0,37.999999999999289,34.999999999998579,41,140.00000000000284,50,47,40,10.420000000000661,871.00000000008811,GT,model_assisted_not_ground_truth,0,0,0,0,0,0,0,0,0,0,0
18.75,0,38,33,41,138,50,47,40,10.450000000000227,874.99999999988631,GT,model_assisted_not_ground_truth,0,0,0,0,0,0,0,0,0,0,0
18.76,0,38,33.000000000002132,41,139.00000000000534,50,45.000000000002132,40,10.460000000004285,870.00000000016666,GT,model_assisted_not_ground_truth,0,0,0,0,0,0,0,0,0,0,0
18.77,0,38,34.999999999996447,41,143.99999999999289,50,47,40,10.640000000000246,876.99999999997544,GT,model_assisted_not_ground_truth,0,0,0,0,0,0,0,0,0,0,0
18.78,0,38,33.000000000005684,41,140.00000000000284,50,47,40,10.650000000000256,875.99999999997442,GT,model_assisted_not_ground_truth,0,0,0,0,0,0,0,0,0,0,0
18.79,0,38,34.999999999992895,41,140.99999999999289,50,47,40,10.659999999994479,875.00000000084128,GT,model_assisted_not_ground_truth,0,0,0,0,0,0,0,0,0,0,0
18.80,0,38,33,41,139.00000000000463,50,47,39.999999999990763,10.450000000000273,906.99999999994532,GT,model_assisted_not_ground_truth,0,0,0,0,0,0,0,0,0,0,0
18.81,0,38,33,41,139.99999999998934,50,47,38.000000000010658,10.460000000000001,904.99999999977547,GT,model_assisted_not_ground_truth,0,0,0,0,0,0,0,0,0,0,0
18.82,0,38,33,41,138,50,47,40,10.460000000000583,897,GT,model_assisted_not_ground_truth,0,0,0,0,0,0,0,0,0,0,0
18.83,0,38,33.000000000014921,40.999999999992539,138.00000000002984,50,47,40,10.480000000000896,897.00000000001489,GT,model_assisted_not_ground_truth,0,0,0,0,0,0,0,0,0,0,0
18.84,0,38,35,40.000000000008171,142,50,46.999999999983658,40,10.599999999999877,898.99999999994691,GT,model_assisted_not_ground_truth,0,0,0,0,0,0,0,0,0,0,0
18.85,0,38,34.999999999981526,41,141.99999999998153,50,45.000000000018474,40,10.584999999999862,892.49999999993997,GT,model_assisted_not_ground_truth,0,0,0,0,0,0,0,0,0,0,0
18.86,0,38,33,41,140,50,47,40,10.569999999998906,886.00000000047748,GT,model_assisted_not_ground_truth,0,0,0,0,0,0,0,0,0,0,0
18.87,0,38,33.000000000011013,41,139.99999999999449,50,47,40,10.459999999999781,934,GT,model_assisted_not_ground_truth,0,0,0,0,0,0,0,0,0,0,0
18.88,0,38,34.000000000000355,41,139.49999999999983,50,47,40,10.439999999999882,933.99999999996487,GT,model_assisted_not_ground_truth,0,0,0,0,0,0,0,0,0,0,0
18.89,0,38,34.999999999990052,41,139.00000000000497,50,47,40,10.43,930.99999999998715,GT,model_assisted_not_ground_truth,0,0,0,0,0,0,0,0,0,0,0
18.90,0,38,33.000000000017764,41,144.99999999994671,50,47,40,10.43,929.99999999993076,GT,model_assisted_not_ground_truth,0,0,0,0,0,0,0,0,0,0,0
18.91,0,38,33,41,145,50,47,40,10.429999999999781,924.99999999996362,GT,model_assisted_not_ground_truth,0,0,0,0,0,0,0,0,0,0,0
18.92,0,38,33,41,142.00000000002132,50,45.000000000014211,40,10.414999999999765,922.49999999996089,GT,model_assisted_not_ground_truth,0,0,0,0,0,0,0,0,0,0,0
18.93,0,38,34.99999999998721,41,141.00000000000639,50,46.99999999998721,40,10.400000000000327,920.00000000040859,GT,model_assisted_not_ground_truth,0,0,0,0,0,0,0,0,0,0,0
18.94,0,38,33.000000000010658,41,140.00000000000534,50,47,40,10.42,944.99999999998261,GT,model_assisted_not_ground_truth,0,0,0,0,0,0,0,0,0,0,0
18.95,0,36.000000000009237,33,41,139.0000000000046,50,47,40,10.419999999998732,943.99999999990939,GT,model_assisted_not_ground_truth,0,0,0,0,0,0,0,0,0,0,0
18.96,0,37.999999999992895,34.999999999992895,40.000000000003553,139.99999999999645,50,47,40,10.349999999999424,938.99999999988484,GT,model_assisted_not_ground_truth,0,0,0,0,0,0,0,0,0,0,0
18.97,0,37.000000000002842,33.000000000005684,40.999999999997158,140,50,47,40,10.319999999999006,932.99999999992042,GT,model_assisted_not_ground_truth,0,0,0,0,0,0,0,0,0,0,0
18.98,0,37,33,41,139.00000000000176,50,47,40,10.270000000001048,929.00000000014677,GT,model_assisted_not_ground_truth,0,0,0,0,0,0,0,0,0,0,0
18.99,0,37.999999999999289,33,41,141.99999999999787,50,47,40,10.31999999999978,935.99999999998897,GT,model_assisted_not_ground_truth,0,0,0,0,0,0,0,0,0,0,0
19.00,0,38,35,40,140,50,47,40,10.309999999999773,935.49999999998863,GT,model_assisted_not_ground_truth,0,0,0,0,0,0,0,0,0,0,0
19.01,0,37.000000000001066,33,41,143,50,47,40,10.300000000000239,934.9999999999286,GT,model_assisted_not_ground_truth,0,0,0,0,0,0,0,0,0,0,0
19.02,0,38,33,41,142.99999999999645,50,47,40,10.30999999999902,931.99999999990189,GT,model_assisted_not_ground_truth,0,0,0,0,0,0,0,0,0,0,0
19.03,0,37.999999999994316,33.000000000002842,41,140.99999999999716,50,47,40,10.270000000003581,928.0000000001279,GT,model_assisted_not_ground_truth,0,0,0,0,0,0,0,0,0,0,0
19.04,0,36.000000000007105,34,41,140.00000000001421,50,47,40,10.410000000001578,932.99999999965826,GT,model_assisted_not_ground_truth,0,0,0,0,0,0,0,0,0,0,0
19.05,0,38,34,41,143.99999999999537,50,47,39.999999999990763,10.470000000001642,919.99999999975375,GT,model_assisted_not_ground_truth,0,0,0,0,0,0,0,0,0,0,0
19.06,0,38,34,41,142.999999999984,50,47,38.000000000010658,10.529999999999719,910.99999999994384,GT,model_assisted_not_ground_truth,0,0,0,0,0,0,0,0,0,0,0
19.07,0,38,34,40.999999999993605,139.99999999998721,50,47,40,10.519999999999822,908.99999999996453,GT,model_assisted_not_ground_truth,0,0,0,0,0,0,0,0,0,0,0
19.08,0,37.999999999992539,34,40.000000000007461,138.0000000000224,50,47,40,10.509999999998955,906.99999999994031,GT,model_assisted_not_ground_truth,0,0,0,0,0,0,0,0,0,0,0
19.09,0,36.999999999991829,34,41,140.99999999999181,50,47,40,10.370000000000163,898.99999999996726,GT,model_assisted_not_ground_truth,0,0,0,0,0,0,0,0,0,0,0
19.10,0,36.000000000009237,33.999999999990763,41,140.00000000000924,50,47,40,10.389999999999908,894.99999999999079,GT,model_assisted_not_ground_truth,0,0,0,0,0,0,0,0,0,0,0
19.11,0,36.999999999990052,33.000000000009948,41,141,50,47,40,10.380000000000001,893.99999999999,GT,model_assisted_not_ground_truth,0,0,0,0,0,0,0,0,0,0,0
19.12,0,36.000000000011013,34,41,140.99999999998897,50,46.999999999988987,40,10.379999999998844,893.00000000011562,GT,model_assisted_not_ground_truth,0,0,0,0,0,0,0,0,0,0,0
19.13,0,37,34,40.999999999988276,140,50,46.000000000011724,40,10.274999999998769,903.50000000012312,GT,model_assisted_not_ground_truth,0,0,0,0,0,0,0,0,0,0,0
19.14,0,37,34,40.000000000009948,140,50,46.999999999990052,40,10.169999999999872,913.99999999992326,GT,model_assisted_not_ground_truth,0,0,0,0,0,0,0,0,0,0,0
19.15,0,37,34.999999999991118,40,142.99999999997334,50,47,40,10.159999999999584,907.99999999990303,GT,model_assisted_not_ground_truth,0,0,0,0,0,0,0,0,0,0,0
19.16,0,37,34.000000000008171,41.999999999983658,141.00000000001634,50,47,40,10.130000000000438,900.99999999985437,GT,model_assisted_not_ground_truth,0,0,0,0,0,0,0,0,0,0,0
19.17,0,36.000000000007105,34.999999999992895,41.000000000007105,141.99999999999289,50,47,40,10.16000000000172,890.9999999997342,GT,model_assisted_not_ground_truth,0,0,0,0,0,0,0,0,0,0,0
19.18,0,36.999999999993605,33.00000000001279,41,142.99999999999361,50,47,40,10.270000000002614,873.99999999991826,GT,model_assisted_not_ground_truth,0,0,0,0,0,0,0,0,0,0,0
19.19,0,37,33.999999999994671,41,142.00000000000534,50,47,39.000000000005329,10.43000000000087,869.00000000008708,GT,model_assisted_not_ground_truth,0,0,0,0,0,0,0,0,0,0,0
19.20,0,37,34,40.000000000004619,142,50,47,39.999999999995381,10.480000000000091,874,GT,model_assisted_not_ground_truth,0,0,0,0,0,0,0,0,0,0,0
19.21,0,37,34,40,142,50,47,40,10.485000000000095,874,GT,model_assisted_not_ground_truth,0,0,0,0,0,0,0,0,0,0,0
19.22,0,37,32.000000000005684,41.999999999994316,143.99999999999432,50,47,40,10.489999999999801,874,GT,model_assisted_not_ground_truth,0,0,0,0,0,0,0,0,0,0,0
19.23,0,37,33.999999999996447,42,144.99999999999824,50,47,40,10.479999999999791,874.00000000002092,GT,model_assisted_not_ground_truth,0,0,0,0,0,0,0,0,0,0,0
19.24,0,36.000000000000711,34,41.000000000000711,143.00000000000142,50,47,40,10.469999999998899,874.99999999971362,GT,model_assisted_not_ground_truth,0,0,0,0,0,0,0,0,0,0,0
19.25,0,36,32,41,144,50,47,40,10.419999999999773,861.99999999990905,GT,model_assisted_not_ground_truth,0,0,0,0,0,0,0,0,0,0,0
19.26,0,37,33.999999999997868,41,142.00000000000108,50,46.999999999998934,40,10.41,858,GT,model_assisted_not_ground_truth,0,0,0,0,0,0,0,0,0,0,0
19.27,0,36.999999999998224,32.000000000003553,41,143.00000000000179,50,46.000000000001776,40,10.410000000000981,858.00000000009811,GT,model_assisted_not_ground_truth,0,0,0,0,0,0,0,0,0,0,0
19.28,0,36.000000000002842,34,40.999999999997158,144,50,47,40.000000000002842,10.449999999999871,861.99999999998715,GT,model_assisted_not_ground_truth,0,0,0,0,0,0,0,0,0,0,0
19.29,0,37,34,40.000000000007105,143.99999999999645,50,47,40.999999999996447,10.444999999999869,861.49999999998681,GT,model_assisted_not_ground_truth,0,0,0,0,0,0,0,0,0,0,0
19.30,0,36.999999999995381,34,41.999999999995381,143.00000000000463,50,47,40,10.439999999999452,861.0000000000274,GT,model_assisted_not_ground_truth,0,0,0,0,0,0,0,0,0,0,0
19.31,0,36.000000000005329,34,41,143.99999999998934,50,47,40,10.420000000000281,862,GT,model_assisted_not_ground_truth,0,0,0,0,0,0,0,0,0,0,0
19.32,0,37,34,41.000000000006395,142.00000000001279,50,47,40,10.429999999999417,861.9999999999709,GT,model_assisted_not_ground_truth,0,0,0,0,0,0,0,0,0,0,0
19.33,0,37,33.999999999992539,42,144,50,47,40,10.409999999999926,860.99999999998511,GT,model_assisted_not_ground_truth,0,0,0,0,0,0,0,0,0,0,0
19.34,0,36.999999999991829,33.000000000008171,41.999999999991829,143.99999999997547,50,47,40.000000000008171,10.400000000000736,859.00000000005309,GT,model_assisted_not_ground_truth,0,0,0,0,0,0,0,0,0,0,0
19.35,0,36.000000000009237,34,41.000000000009237,141.00000000001847,50,47,40.999999999990763,10.490000000000832,865.50000000006003,GT,model_assisted_not_ground_truth,0,0,0,0,0,0,0,0,0,0,0
19.36,0,37,33.999999999990052,41.999999999990052,142.99999999999005,50,47,40,10.5800000000001,872,GT,model_assisted_not_ground_truth,0,0,0,0,0,0,0,0,0,0,0
19.37,0,36.999999999988987,33.000000000011013,41.000000000011013,142.00000000003305,50,47,40,10.589999999999339,872.00000000002206,GT,model_assisted_not_ground_truth,0,0,0,0,0,0,0,0,0,0,0
19.38,0,36.000000000011724,34,41.999999999976552,144.99999999997655,50,47,40.000000000011724,10.529999999999648,874.00000000001171,GT,model_assisted_not_ground_truth,0,0,0,0,0,0,0,0,0,0,0
19.39,0,36.999999999990052,34,40.000000000019895,143.0000000000199,50,47,40.999999999990052,10.499999999999744,874.99999999998715,GT,model_assisted_not_ground_truth,0,0,0,0,0,0,0,0,0,0,0
19.40,0,37,33.000000000008882,40.999999999991118,143.99999999999113,50,47,41,10.479999999999308,873.99999999984755,GT,model_assisted_not_ground_truth,0,0,0,0,0,0,0,0,0,0,0
19.41,0,37,33.999999999991829,41.999999999991829,144,50,47,40.000000000008171,10.430000000003204,863.00000000023306,GT,model_assisted_not_ground_truth,0,0,0,0,0,0,0,0,0,0,0
19.42,0,37,33.000000000007105,41.000000000007105,141.00000000002132,50,47,40,10.650000000000313,878.99999999995305,GT,model_assisted_not_ground_truth,0,0,0,0,0,0,0,0,0,0,0
19.43,0,37,33,40.000000000006395,143.99999999998082,50,47,40.999999999993605,10.670000000000327,875.999999999951,GT,model_assisted_not_ground_truth,0,0,0,0,0,0,0,0,0,0,0
19.44,0,36.000000000005329,33,40.999999999994671,143.00000000000534,50,47,40.000000000005329,10.689999999998433,873.00000000031332,GT,model_assisted_not_ground_truth,0,0,0,0,0,0,0,0,0,0,0
19.45,0,36.999999999995381,33.999999999995381,40.000000000004619,143,50,47,40,10.599999999998369,891.00000000025364,GT,model_assisted_not_ground_truth,0,0,0,0,0,0,0,0,0,0,0
19.46,0,37,34,40,142.00000000000355,50,47,40.999999999996447,10.510000000000192,904.99999999986574,GT,model_assisted_not_ground_truth,0,0,0,0,0,0,0,0,0,0,0
19.47,0,37,34,40,142.99999999999716,50,47,41,10.519999999999801,898,GT,model_assisted_not_ground_truth,0,0,0,0,0,0,0,0,0,0,0
19.48,0,37,33.000000000001776,40,141.00000000000355,50,47,40.000000000001776,10.510000000002725,897.99999999995805,GT,model_assisted_not_ground_truth,0,0,0,0,0,0,0,0,0,0,0
19.49,0,37,33.999999999999289,41.999999999998579,141.99999999999929,50,47,40,10.640000000000111,895.99999999992292,GT,model_assisted_not_ground_truth,0,0,0,0,0,0,0,0,0,0,0
19.50,0,37,34,42,144,50,47,40,10.645000000000113,892.49999999992042,GT,model_assisted_not_ground_truth,0,0,0,0,0,0,0,0,0,0,0
19.51,0,36.000000000001066,33.000000000001066,40.999999999998934,141.00000000000108,50,47,40.000000000001066,10.649999999998096,889.00000000049988,GT,model_assisted_not_ground_truth,0,0,0,0,0,0,0,0,0,0,0
19.52,0,37,34,40.000000000001776,142.00000000000355,50,47,41,10.569999999997794,910.00000000053933,GT,model_assisted_not_ground_truth,0,0,0,0,0,0,0,0,0,0,0
19.53,0,37,33.999999999997158,41.000000000002842,144,50,47.000000000005684,40.999999999997158,10.48,931.99999999992326,GT,model_assisted_not_ground_truth,0,0,0,0,0,0,0,0,0,0,0
19.54,0,37,33,41.999999999992895,143.99999999998934,50,49,39.999999999996447,10.479999999999738,928.99999999989484,GT,model_assisted_not_ground_truth,0,0,0,0,0,0,0,0,0,0,0
19.55,0,37,33.000000000004619,40,141.00000000000463,50,49,39.000000000009237,10.46999999999918,924.99999999975375,GT,model_assisted_not_ground_truth,0,0,0,0,0,0,0,0,0,0,0
19.56,0,37,34.000000000005329,40.000000000005329,142.00000000000534,50,49,40.999999999994671,10.439999999999579,916,GT,model_assisted_not_ground_truth,0,0,0,0,0,0,0,0,0,0,0
19.57,0,37,34.999999999993605,41.000000000006395,142.99999999999361,50,49.000000000006395,40,10.424999999999734,916,GT,model_assisted_not_ground_truth,0,0,0,0,0,0,0,0,0,0,0
19.58,0,37,34,41.999999999985079,142.00000000000747,50,50,40.000000000007461,10.410000000000224,916.00000000018656,GT,model_assisted_not_ground_truth,0,0,0,0,0,0,0,0,0,0,0
19.59,0,37,33.999999999991829,40.000000000016342,143.00000000001634,50,50,41,10.439999999999836,940.99999999999181,GT,model_assisted_not_ground_truth,0,0,0,0,0,0,0,0,0,0,0
19.60,0,37,33.000000000018474,42,144.99999999997229,50,50,41,10.42,939.99999999999079,GT,model_assisted_not_ground_truth,0,0,0,0,0,0,0,0,0,0,0
19.61,0,37,34.999999999990052,41.999999999980105,141.99999999999005,50,50,41,10.419999999999105,938.99999999993031,GT,model_assisted_not_ground_truth,0,0,0,0,0,0,0,0,0,0,0
19.62,0,36.999999999988987,34.000000000011013,40.000000000022027,141.00000000001103,50,50,41,10.32999999999978,931.99999999998897,GT,model_assisted_not_ground_truth,0,0,0,0,0,0,0,0,0,0,0
19.63,0,36.000000000011724,34.999999999976552,42,142,50,50,40.999999999988276,10.310000000000587,931,GT,model_assisted_not_ground_truth,0,0,0,0,0,0,0,0,0,0,0
19.64,0,36.999999999990052,33.000000000019895,42,142,50,50,40.000000000009948,10.359999999999935,931,GT,model_assisted_not_ground_truth,0,0,0,0,0,0,0,0,0,0,0
19.65,0,37,34.999999999982236,42,142.99999999999113,50,50,40,10.354999999999929,931,GT,model_assisted_not_ground_truth,0,0,0,0,0,0,0,0,0,0,0
19.66,0,37,35,41.000000000008171,142.00000000000819,50,50,40.999999999991829,10.349999999999417,930.99999999994168,GT,model_assisted_not_ground_truth,0,0,0,0,0,0,0,0,0,0,0
19.67,0,37,34.000000000007105,41.999999999992895,141.00000000000711,50,50,40.000000000007105,10.310000000001876,927.00000000007822,GT,model_assisted_not_ground_truth,0,0,0,0,0,0,0,0,0,0,0
19.68,0,37,34.999999999993605,40.00000000001279,142.99999999998721,50,50,39.000000000006395,10.430000000001307,931.99999999980389,GT,model_assisted_not_ground_truth,0,0,0,0,0,0,0,0,0,0,0
19.69,0,37,34.000000000005329,41.999999999989342,142.00000000000534,50,50,39.999999999994671,10.510000000000522,919.99999999980855,GT,model_assisted_not_ground_truth,0,0,0,0,0,0,0,0,0,0,0
19.70,0,36.000000000004619,34,42,142.9999999999954,50,50,40.999999999995381,10.540000000000362,908.99999999994566,GT,model_assisted_not_ground_truth,0,0,0,0,0,0,0,0,0,0,0
19.71,0,36.999999999996447,34,40.000000000007105,143,50,50,39.000000000007105,10.559999999999905,905.99999999994247,GT,model_assisted_not_ground_truth,0,0,0,0,0,0,0,0,0,0,0
19.72,0,37,34.999999999997158,41.999999999994316,143,50,50,39.999999999997158,10.5549999999999,902.99999999994031,GT,model_assisted_not_ground_truth,0,0,0,0,0,0,0,0,0,0,0
19.73,0,37,35,42,143.99999999999824,50,49.000000000001776,40,10.549999999997276,899.99999999987426,GT,model_assisted_not_ground_truth,0,0,0,0,0,0,0,0,0,0,0
19.74,0,36.000000000000711,35,41.000000000000711,143.00000000000071,50,49.999999999999289,40.999999999999289,10.42,893.99999999991189,GT,model_assisted_not_ground_truth,0,0,0,0,0,0,0,0,0,0,0
19.75,0,37,35,42,142,50,50,40,10.419999999994088,890.0000000003638,GT,model_assisted_not_ground_truth,0,0,0,0,0,0,0,0,0,0,0
19.76,0,36.999999999998934,33,40.000000000002132,142,50.999999999998934,50,40.999999999998934,10.160000000001666,905.99999999997624,GT,model_assisted_not_ground_truth,0,0,0,0,0,0,0,0,0,0,0
19.77,0,36.000000000001776,33.000000000003553,41.999999999998224,142,50,50,40.000000000001776,10.23,905,GT,model_assisted_not_ground_truth,0,0,0,0,0,0,0,0,0,0,0
19.78,0,37,35,41.000000000002842,142.00000000000284,50,50,40.999999999997158,10.230000000000256,904.99999999979536,GT,model_assisted_not_ground_truth,0,0,0,0,0,0,0,0,0,0,0
19.79,0,37,35,42,143,50,50,40,10.239999999999737,896.99999999996055,GT,model_assisted_not_ground_truth,0,0,0,0,0,0,0,0,0,0,0
19.80,0,37,34.999999999990763,41.999999999990763,143,50,50,40.000000000004619,10.229999999999727,895.49999999995896,GT,model_assisted_not_ground_truth,0,0,0,0,0,0,0,0,0,0,0
19.81,0,37,33,40.000000000005329,143,50,50,40.999999999989342,10.220000000000843,893.99999999971931,GT,model_assisted_not_ground_truth,0,0,0,0,0,0,0,0,0,0,0
19.82,0,37,33.00000000001279,41.000000000006395,143.00000000000639,50,50,39.000000000006395,10.250000000007866,883.99999999956299,GT,model_assisted_not_ground_truth,0,0,0,0,0,0,0,0,0,0,0
19.83,0,37,35,41.999999999985079,144.00000000000747,50,50,39.999999999992539,10.520000000000074,869.0000000000075,GT,model_assisted_not_ground_truth,0,0,0,0,0,0,0,0,0,0,0
19.84,0,37.000000000008171,35,40.000000000016342,145,50,50,39.000000000016342,10.529999999999918,870.00000000000819,GT,model_assisted_not_ground_truth,0,0,0,0,0,0,0,0,0,0,0
19.85,0,37.999999999990763,34.999999999981526,41.999999999990763,144.99999999998153,50,49.999999999990763,41,10.519999999999907,870.99999999998613,GT,model_assisted_not_ground_truth,0,0,0,0,0,0,0,0,0,0,0
19.86,0,37,33.000000000019895,41.000000000009948,143,50,49.000000000009948,40.999999999990052,10.5099999999999,869.49999999998511,GT,model_assisted_not_ground_truth,0,0,0,0,0,0,0,0,0,0,0
19.87,0,37,35,42,143,50,50,40,10.500000000000551,868.00000000003308,GT,model_assisted_not_ground_truth,0,0,0,0,0,0,0,0,0,0,0
19.88,0,37,35,41.999999999976552,143.00000000001171,50,50,40.000000000011724,10.549999999999883,870.99999999998829,GT,model_assisted_not_ground_truth,0,0,0,0,0,0,0,0,0,0,0
19.89,0,37,35,40.000000000019895,143.99999999999005,50,50,40.999999999990052,10.522133737165802,863.03453478462757,GT,model_assisted_not_ground_truth,0,0,0,0,0,0,0,0,0,1,1
