time_seconds,FMG_channel_1,FMG_channel_2,FMG_channel_3,FMG_channel_4,FMG_channel_5,FMG_channel_6,FMG_channel_7,FMG_channel_8,CoP,vGRF,provisional_phase,label_status,signal_missing,FMG_channel_1_imputed,FMG_channel_2_imputed,FMG_channel_3_imputed,FMG_channel_4_imputed,FMG_channel_5_imputed,FMG_channel_6_imputed,FMG_channel_7_imputed,FMG_channel_8_imputed,CoP_imputed,vGRF_imputed
0.00,42,29,50,0,51,49,17,150,14.119348704790099,1204.4912677897617,QS,model_assisted_not_ground_truth,0,0,0,0,0,0,0,0,0,1,1
0.01,42,29.999999999998181,50,0,51,48.999999999999091,17,149,14.140000000000009,1206.940000000001,QS,model_assisted_not_ground_truth,0,0,0,0,0,0,0,0,0,0,0
0.02,42,27.999999999998181,50,0,51,48.000000000001819,17,149,14.15,1207.9400000000019,QS,model_assisted_not_ground_truth,0,0,0,0,0,0,0,0,0,0,0
0.03,41.999999999997272,27.000000000005457,50.000000000002728,0,51,48.999999999997272,17,148.99999999999727,14.149999999999945,1208.9399999999837,QS,model_assisted_not_ground_truth,0,0,0,0,0,0,0,0,0,0,0
0.04,41.000000000003638,28.999999999996362,51,0,51,48.000000000003638,17.000000000003638,147.99999999999636,14.130000000000182,1202.9400000000546,QS,model_assisted_not_ground_truth,0,0,0,0,0,0,0,0,0,0,0
0.05,42,28,51,0,51,48.999999999995453,17.999999999995453,147,14.18,1217.9400000000228,QS,model_assisted_not_ground_truth,0,0,0,0,0,0,0,0,0,0,0
0.06,42,28.000000000010914,51,0,51,48,17,147,14.180000000000055,1222.9500000000082,QS,model_assisted_not_ground_truth,0,0,0,0,0,0,0,0,0,0,0
0.07,42,29.999999999989996,51,0,51,48,17,147,14.190000000000063,1224.4450000000095,QS,model_assisted_not_ground_truth,0,0,0,0,0,0,0,0,0,0,0
0.08,42,28.000000000008185,51,0,51,48.999999999995907,17.999999999995907,146.00000000000409,14.200000000000145,1225.9399999999926,QS,model_assisted_not_ground_truth,0,0,0,0,0,0,0,0,0,0,0
0.09,42,27.000000000003183,51,0,51,49,17.000000000003183,146.99999999999682,14.220000000000001,1224.9000000000412,QS,model_assisted_not_ground_truth,0,0,0,0,0,0,0,0,0,0,0
0.10,42,28.999999999995453,51,0,51,49,17.999999999997726,147,14.220000000000001,1229.9299999999887,QS,model_assisted_not_ground_truth,0,0,0,0,0,0,0,0,0,0,0
0.11,41.000000000001364,28.000000000001364,50.000000000001364,0,51,49,17.000000000001364,147.99999999999864,14.220000000000001,1232.939999999996,QS,model_assisted_not_ground_truth,0,0,0,0,0,0,0,0,0,0,0
0.12,41.999999999999545,27.000000000000455,50.999999999999545,0,51,49,17.999999999999545,147.00000000000045,14.220000000000001,1234.9399999999991,QS,model_assisted_not_ground_truth,0,0,0,0,0,0,0,0,0,0,0
0.13,42,28.999999999999545,51,0,51,49,18,147.00000000000045,14.220000000000001,1234.4449999999999,QS,model_assisted_not_ground_truth,0,0,0,0,0,0,0,0,0,0,0
0.14,42,28.000000000004096,51,0,51,49,17.999999999998636,148,14.219999999999986,1233.95,QS,model_assisted_not_ground_truth,0,0,0,0,0,0,0,0,0,0,0
0.15,42,30.999999999997726,51,0,51,49,17,148.00000000000682,14.209999999999933,1233.9599999999728,QS,model_assisted_not_ground_truth,0,0,0,0,0,0,0,0,0,0,0
0.16,41.999999999996817,30,51,0,51,49,17,151,14.18000000000051,1221.9600000000312,QS,model_assisted_not_ground_truth,0,0,0,0,0,0,0,0,0,0,0
0.17,41.000000000004093,30,51,0,51,48.999999999995907,17,151,14.340000000000041,1231.7800000000163,QS,model_assisted_not_ground_truth,0,0,0,0,0,0,0,0,0,0,0
0.18,42,29.999999999994998,51,0,51,48.000000000005002,17.000000000005002,151,14.34999999999995,1235.76999999998,QS,model_assisted_not_ground_truth,0,0,0,0,0,0,0,0,0,0,0
0.19,42,29.000000000005457,51,0,51,48.999999999994543,17.999999999994543,151,14.34,1231.7700000000029,QS,model_assisted_not_ground_truth,0,0,0,0,0,0,0,0,0,0,0
0.20,42,29.999999999995453,51,0,51,49,18,151.99999999999545,14.34,1232.2700000000034,QS,model_assisted_not_ground_truth,0,0,0,0,0,0,0,0,0,0,0
0.21,42,27.000000000010917,50.000000000003638,0,51,49,18,152.99999999999636,14.340000000000851,1232.7699999999058,QS,model_assisted_not_ground_truth,0,0,0,0,0,0,0,0,0,0,0
0.22,41.000000000002728,29.999999999991815,50,0,51,49,18,153,14.449999999999699,1220.5800000000331,QS,model_assisted_not_ground_truth,0,0,0,0,0,0,0,0,0,0,0
0.23,41.999999999998181,30,50,0,51,49,18,153,14.579999999999764,1215.4100000000094,QS,model_assisted_not_ground_truth,0,0,0,0,0,0,0,0,0,0,0
0.24,42,30.999999999999091,50,0,50.000000000000909,49,18,152.00000000000091,14.599999999999982,1218.3799999999974,QS,model_assisted_not_ground_truth,0,0,0,0,0,0,0,0,0,0,0
0.25,42,31,50,0,51,49,18,154,14.609999999999999,1221.3699999999999,QS,model_assisted_not_ground_truth,0,0,0,0,0,0,0,0,0,0,0
0.26,42,27.000000000000909,51,0,51,48.000000000000909,18,154.00000000000091,14.630000000000019,1220.349999999999,QS,model_assisted_not_ground_truth,0,0,0,0,0,0,0,0,0,0,0
0.27,42,28.000000000001823,50.999999999998181,0,51,49,18,155,14.65,1219.3300000000036,QS,model_assisted_not_ground_truth,0,0,0,0,0,0,0,0,0,0,0
0.28,42,28.999999999997268,50.000000000002728,0,51,48.999999999997272,18.000000000030042,155,14.649999999999974,1221.3399999999999,QS,model_assisted_not_ground_truth,0,0,0,0,0,0,0,0,0,0,0
0.29,42,28.000000000007272,51,0,51,48,28.999999999996366,154.99999999999636,14.639999999999674,1221.3399999998398,QS,model_assisted_not_ground_truth,0,0,0,0,0,0,0,0,0,0,0
0.30,42,29.999999999981814,51.000000000004547,0,51,48,28.000000000004547,154.00000000000909,14.549999999999455,1177.3299999999915,QS,model_assisted_not_ground_truth,0,0,0,0,0,0,0,0,0,0,0
0.31,42,26,51.999999999989086,0,51,48.000000000005457,29,155.99999999999454,14.429999999999563,1175.4700000000059,QS,model_assisted_not_ground_truth,0,0,0,0,0,0,0,0,0,0,0
0.32,42,26,50.000000000010004,0,51,48.999999999994998,29,155.000000000005,14.349999999999936,1176.560000000032,QS,model_assisted_not_ground_truth,0,0,0,0,0,0,0,0,0,0,0
0.33,42,27.999999999991818,51.999999999991815,0,51,47.000000000008185,29,156.99999999999181,14.339999999999964,1181.6100000000072,QS,model_assisted_not_ground_truth,0,0,0,0,0,0,0,0,0,0,0
0.34,42,27.00000000000318,51.000000000003183,0,51,47.999999999996817,28.00000000000318,157,14.334999999999987,1182.6200000000026,QS,model_assisted_not_ground_truth,0,0,0,0,0,0,0,0,0,0,0
0.35,42,27,51.999999999997726,0,51,48,28,157.99999999999773,14.330000000000011,1183.6299999999978,QS,model_assisted_not_ground_truth,0,0,0,0,0,0,0,0,0,0,0
0.36,42,27.999999999998636,52,0,51,48,28.999999999998636,157.00000000000136,14.320000000000014,1185.6499999999974,QS,model_assisted_not_ground_truth,0,0,0,0,0,0,0,0,0,0,0
0.37,42,28.999999999999545,51.000000000000455,0,51,48.999999999999545,29,157,14.30000000000001,1187.6799999999992,QS,model_assisted_not_ground_truth,0,0,0,0,0,0,0,0,0,0,0
0.38,41.000000000000455,30.000000000000455,51,0,51,48,29,157,14.169999999999991,1162.7700000000063,QS,model_assisted_not_ground_truth,0,0,0,0,0,0,0,0,0,0,0
0.39,42,30.999999999994536,51,0,51,48,29,157.00000000000409,14.150000000000007,1176.8400000000026,QS,model_assisted_not_ground_truth,0,0,0,0,0,0,0,0,0,0,0
0.40,42,27,51,0,51,48,29,159.99999999999773,14.155000000000012,1178.8450000000046,QS,model_assisted_not_ground_truth,0,0,0,0,0,0,0,0,0,0,0
0.41,42,27.000000000012747,51,0,51,48.000000000003183,29,159.00000000000637,14.159999999999968,1180.8500000000256,QS,model_assisted_not_ground_truth,0,0,0,0,0,0,0,0,0,0,0
0.42,42,31,51.000000000004093,0,51,48.999999999995907,28.999999999995907,161,14.149999999999959,1188.8800000000165,QS,model_assisted_not_ground_truth,0,0,0,0,0,0,0,0,0,0,0
0.43,42,31,52,0,51,48,28.000000000005002,161,14.140000000000001,1192.9000000000251,QS,model_assisted_not_ground_truth,0,0,0,0,0,0,0,0,0,0,0
0.44,42,31,52,0,51,48,28.999999999994543,161,14.140000000000178,1197.9100000000533,QS,model_assisted_not_ground_truth,0,0,0,0,0,0,0,0,0,0,0
0.45,42,27.000000000018186,51.000000000004547,0,51,48,29,161,14.170000000000067,1206.9000000000478,QS,model_assisted_not_ground_truth,0,0,0,0,0,0,0,0,0,0,0
0.46,42,29.999999999989093,51.999999999996362,0,51,48,29,161.99999999999636,14.180000000000021,1213.9050000000145,QS,model_assisted_not_ground_truth,0,0,0,0,0,0,0,0,0,0,0
0.47,42,27.000000000008178,52,0,51,47.000000000002728,29,161.00000000000273,14.189999999999973,1220.909999999981,QS,model_assisted_not_ground_truth,0,0,0,0,0,0,0,0,0,0,0
0.48,42,30.999999999992717,50.000000000003638,0,51,48.999999999996362,29.999999999998181,161.99999999999818,14.199999999999982,1225.909999999991,QS,model_assisted_not_ground_truth,0,0,0,0,0,0,0,0,0,0,0
0.49,42,31,50.999999999999091,0,51,48.000000000000909,29.000000000000909,162.99999999999909,14.180000000000017,1228.9299999999973,QS,model_assisted_not_ground_truth,0,0,0,0,0,0,0,0,0,0,0
0.50,42,31,51,0,51,48,29,163,14.17,1228.9400000000001,QS,model_assisted_not_ground_truth,0,0,0,0,0,0,0,0,0,0,0
0.51,42,28.000000000001823,51,0,51,48,29,164,14.160000000000009,1227.9400000000055,QS,model_assisted_not_ground_truth,0,0,0,0,0,0,0,0,0,0,0
0.52,42,30,51.000000000001819,0,51,48,29,164.00000000000182,14.169999999999991,1233.9500000000028,QS,model_assisted_not_ground_truth,0,0,0,0,0,0,0,0,0,0,0
0.53,42,30,51.999999999997272,0,51,48,29,165.00000000000546,14.164999999999987,1235.4550000000042,QS,model_assisted_not_ground_truth,0,0,0,0,0,0,0,0,0,0,0
0.54,42,29.999999999996358,51,0,51.000000000003645,47.999999999996355,28.999999999996358,167.00000000000364,14.159999999999963,1236.9599999999964,QS,model_assisted_not_ground_truth,0,0,0,0,0,0,0,0,0,0,0
0.55,42,29,51.000000000004555,0,52,47.000000000009102,28.000000000004551,167.99999999999545,14.149999999999954,1235.9700000000182,QS,model_assisted_not_ground_truth,0,0,0,0,0,0,0,0,0,0,0
0.56,42,28.999999999994539,51.999999999994536,0,52,48.999999999994536,29,167,14.139999999999946,1239.9799999999946,QS,model_assisted_not_ground_truth,0,0,0,0,0,0,0,0,0,0,0
0.57,42,28.000000000004995,51.000000000004995,0,52,48.000000000004995,29,167,14.129999999999809,1238.9899999999298,QS,model_assisted_not_ground_truth,0,0,0,0,0,0,0,0,0,0,0
0.58,42,28,51,0,52,48.9999999999959,29,167.99999999999591,14.099999999999927,1227.9700000000003,QS,model_assisted_not_ground_truth,0,0,0,0,0,0,0,0,0,0,0
0.59,42,27.000000000003187,51.999999999996817,0,52,49,29,168,14.089999999999959,1227.9900000000041,QS,model_assisted_not_ground_truth,0,0,0,0,0,0,0,0,0,0,0
0.60,42.999999999997726,27.999999999997723,51.000000000002274,0,52.999999999997726,48.000000000002274,29.999999999997723,169.99999999999545,14.084999999999983,1228.4900000000016,QS,model_assisted_not_ground_truth,0,0,0,0,0,0,0,0,0,0,0
0.61,42.000000000001364,28,51.999999999998636,0,53,48,30,169.00000000000136,14.080000000000007,1228.9899999999993,QS,model_assisted_not_ground_truth,0,0,0,0,0,0,0,0,0,0,0
0.62,42,28.999999999999545,51.000000000000455,0,52.000000000000455,48.999999999999545,30,169,14.060000000000009,1229.01,QS,model_assisted_not_ground_truth,0,0,0,0,0,0,0,0,0,0,0
0.63,42,29.000000000000909,51,0,53,49,30,167.00000000000091,14.03999999999999,1227.0099999999986,QS,model_assisted_not_ground_truth,0,0,0,0,0,0,0,0,0,0,0
0.64,42,31,51,0,52.999999999998636,49,30,169,14.019999999999973,1224.0299999999959,QS,model_assisted_not_ground_truth,0,0,0,0,0,0,0,0,0,0,0
0.65,42.000000000002274,31,51,0,52.000000000002274,49,30,169.00000000000682,13.999999999999909,1221.0299999999727,QS,model_assisted_not_ground_truth,0,0,0,0,0,0,0,0,0,0,0
0.66,43,30.999999999993626,51.000000000003183,0,53.000000000003183,49,30,172.00000000000318,13.959999999999873,1209.0349999999617,QS,model_assisted_not_ground_truth,0,0,0,0,0,0,0,0,0,0,0
0.67,42.9999999999959,29.000000000008193,51.9999999999959,0,54,49,30,173,13.92,1197.04,QS,model_assisted_not_ground_truth,0,0,0,0,0,0,0,0,0,0,0
0.68,42,31.000000000005006,51,0,53.999999999994991,49,30,173.000000000005,13.91999999999995,1197.0400000000202,QS,model_assisted_not_ground_truth,0,0,0,0,0,0,0,0,0,0,0
0.69,42,31.99999999999455,51,0,53.00000000000545,49,30,173.99999999999454,13.910000000000119,1201.0599999999938,QS,model_assisted_not_ground_truth,0,0,0,0,0,0,0,0,0,0,0
0.70,42,31.00000000000454,51.99999999999546,0,53.99999999999546,49,30.99999999999546,174.99999999999545,13.929999999999932,1200.0400000000068,QS,model_assisted_not_ground_truth,0,0,0,0,0,0,0,0,0,0,0
0.71,42,31.999999999996358,52,0,53.000000000003638,48.000000000003638,31,175.99999999999636,13.919999999999845,1201.0499999999458,QS,model_assisted_not_ground_truth,0,0,0,0,0,0,0,0,0,0,0
0.72,42,31.000000000002732,52,0,53,48.999999999997272,31,176.99999999999727,13.900000000000055,1194.0500000000191,QS,model_assisted_not_ground_truth,0,0,0,0,0,0,0,0,0,0,0
0.73,42,31.999999999998181,51.000000000001819,0,53.999999999998181,49,31,177.99999999999818,13.924999999999955,1202.0499999999854,QS,model_assisted_not_ground_truth,0,0,0,0,0,0,0,0,0,0,0
0.74,42,32,51,0,54,49,31,178,13.949999999999976,1210.0499999999927,QS,model_assisted_not_ground_truth,0,0,0,0,0,0,0,0,0,0,0
0.75,42,30,51,0,53,49,31,178,13.960000000000001,1212.05,QS,model_assisted_not_ground_truth,0,0,0,0,0,0,0,0,0,0,0
0.76,42,31.000000000000909,52,0,54,49,31,179.00000000000091,13.98,1217.0500000000018,QS,model_assisted_not_ground_truth,0,0,0,0,0,0,0,0,0,0,0
0.77,42,32,52,0,53.999999999998181,49,31,179.99999999999818,13.980000000000055,1219.0500000000018,QS,model_assisted_not_ground_truth,0,0,0,0,0,0,0,0,0,0,0
0.78,42,31.999999999997268,51.999999999997272,0,53.000000000002728,49.000000000002728,31,179,14.01,1220.0200000000191,QS,model_assisted_not_ground_truth,0,0,0,0,0,0,0,0,0,0,0
0.79,42,31,51.000000000003645,0,54,50,31,179.00000000000364,14.01,1227.05,QS,model_assisted_not_ground_truth,0,0,0,0,0,0,0,0,0,0,0
0.80,42,31.000000000004551,52,0,53.999999999995445,49.999999999990898,31,179.99999999999545,14.01,1227.05,QS,model_assisted_not_ground_truth,0,0,0,0,0,0,0,0,0,0,0
0.81,42,32,51.999999999994536,0,53,48.000000000010921,31,179.00000000001091,14.010000000000055,1227.05,QS,model_assisted_not_ground_truth,0,0,0,0,0,0,0,0,0,0,0
0.82,42,32,51.000000000004995,0,53,49.99999999999001,31,180.99999999999,14.020000000000127,1227.0500000000382,QS,model_assisted_not_ground_truth,0,0,0,0,0,0,0,0,0,0,0
0.83,42,31.000000000004086,51.999999999995914,0,53,50,31,181.99999999999591,14.039999999999926,1233.0499999999636,QS,model_assisted_not_ground_truth,0,0,0,0,0,0,0,0,0,0,0
0.84,42,31.999999999996813,51.000000000003183,0,53,50,31,181.00000000000318,14.029999999999918,1228.0499999999754,QS,model_assisted_not_ground_truth,0,0,0,0,0,0,0,0,0,0,0
0.85,42,31.000000000002277,51,0,53,49.000000000002274,30.000000000002277,179.00000000000455,14.020000000000023,1225.0500000000068,QS,model_assisted_not_ground_truth,0,0,0,0,0,0,0,0,0,0,0
0.86,42,31,51.999999999998636,0,53,49.999999999998636,30.999999999998636,179,14.089999999999904,1227.4599999999966,QS,model_assisted_not_ground_truth,0,0,0,0,0,0,0,0,0,0,0
0.87,41.000000000000455,31.999999999999545,51.000000000000455,0,53,50,31,179,14.159999999999968,1229.8699999999988,QS,model_assisted_not_ground_truth,0,0,0,0,0,0,0,0,0,0,0
0.88,42,31.999999999999091,51,0,53,49.999999999999545,31,179.99999999999955,14.170000000000009,1226.8500000000013,QS,model_assisted_not_ground_truth,0,0,0,0,0,0,0,0,0,0,0
0.89,42,30,51.000000000001364,0,53,49,31,179.00000000000136,14.190000000000014,1229.8500000000054,QS,model_assisted_not_ground_truth,0,0,0,0,0,0,0,0,0,0,0
0.90,42,30,51.999999999997726,0,52.999999999997726,49,31,180,14.199999999999999,1233.8499999999954,QS,model_assisted_not_ground_truth,0,0,0,0,0,0,0,0,0,0,0
0.91,42.000000000003183,30.000000000003187,51,0,52.000000000003183,49.000000000003183,31,180,14.200000000000317,1231.8499999999515,QS,model_assisted_not_ground_truth,0,0,0,0,0,0,0,0,0,0,0
0.92,42.999999999997954,31,51.0000000000041,0,53,49.999999999997954,31,180.00000000000205,14.300000000000082,1216.6499999999917,QS,model_assisted_not_ground_truth,0,0,0,0,0,0,0,0,0,0,0
0.93,42.500000000000341,31,51.999999999999325,0,53,49.500000000000341,31,180.49999999999966,14.3200000000001,1214.6199999999899,QS,model_assisted_not_ground_truth,0,0,0,0,0,0,0,0,0,0,0
0.94,42.000000000002728,31,52.99999999999455,0,53,49.000000000002728,31,180.99999999999727,14.340000000000591,1212.5900000000288,QS,model_assisted_not_ground_truth,0,0,0,0,0,0,0,0,0,0,0
0.95,42,30.00000000000454,52.00000000000454,0,53,49,31,180.00000000000455,14.440000000000477,1217.4700000000064,QS,model_assisted_not_ground_truth,0,0,0,0,0,0,0,0,0,0,0
0.96,42,30.999999999996358,52.999999999996362,0,53,49,31,180.99999999999636,14.510000000000154,1218.4100000000078,QS,model_assisted_not_ground_truth,0,0,0,0,0,0,0,0,0,0,0
0.97,42.999999999997272,30.000000000002732,52.000000000002728,0,52.000000000002728,49,31,180.00000000000273,14.529999999999944,1219.3999999999974,QS,model_assisted_not_ground_truth,0,0,0,0,0,0,0,0,0,0,0
0.98,42.000000000001819,30,52.999999999998181,0,52,49,30.000000000001819,180,14.520000000000017,1215.3900000000074,QS,model_assisted_not_ground_truth,0,0,0,0,0,0,0,0,0,0,0
0.99,42,30,52.000000000000909,0,52,49,30.999999999999091,180.99999999999909,14.500000000000018,1185.3400000000272,QS,model_assisted_not_ground_truth,0,0,0,0,0,0,0,0,0,0,0
1.00,43,30,53,0,53,48,31,180,14.425000000000001,1180.4200000000001,QS,model_assisted_not_ground_truth,0,0,0,0,0,0,0,0,0,0,0
1.01,42.000000000000909,29.999999999999091,52,0,52.000000000000909,49,31,180,14.349999999999927,1175.5000000000027,QS,model_assisted_not_ground_truth,0,0,0,0,0,0,0,0,0,0,0
1.02,43,29.000000000001823,52,0,52.999999999998181,49,31,179.99999999999818,14.269999999999945,1178.6099999999999,QS,model_assisted_not_ground_truth,0,0,0,0,0,0,0,0,0,0,0
1.03,43,30,51.999999999997272,0,52,49,31,179,14.24,1178.6500000000001,QS,model_assisted_not_ground_truth,0,0,0,0,0,0,0,0,0,0,0
1.04,43,30,51.000000000007283,0,52,48.999999999996355,31,179,14.23999999999989,1178.6600000000003,QS,model_assisted_not_ground_truth,0,0,0,0,0,0,0,0,0,0,0
1.05,43,30,53,0,52.000000000004555,48,31,179,14.20999999999991,1178.7100000000139,QS,model_assisted_not_ground_truth,0,0,0,0,0,0,0,0,0,0,0
1.06,43,30,52.999999999994536,0,53,48.000000000005464,31,179,14.189999999999644,1181.7499999999484,QS,model_assisted_not_ground_truth,0,0,0,0,0,0,0,0,0,0,0
1.07,43,30,52.000000000004995,0,53,48.999999999995005,31,179,14.124999999999586,1172.3049999999398,QS,model_assisted_not_ground_truth,0,0,0,0,0,0,0,0,0,0,0
1.08,42.000000000004086,30,52,0,53,49,31,179,14.06,1162.8600000001022,QS,model_assisted_not_ground_truth,0,0,0,0,0,0,0,0,0,0,0
1.09,42,30,52.999999999996824,0,53,48.000000000003176,31,179.99999999999682,14.06,1176.9000000000331,QS,model_assisted_not_ground_truth,0,0,0,0,0,0,0,0,0,0,0
1.10,42.999999999997733,30,53,0,53,48.999999999997733,31,179.00000000000227,14.06,1180.929999999991,QS,model_assisted_not_ground_truth,0,0,0,0,0,0,0,0,0,0,0
1.11,43,29.000000000001354,52.000000000001357,0,53,48.000000000001357,31,179,14.069999999999986,1181.9299999999987,QS,model_assisted_not_ground_truth,0,0,0,0,0,0,0,0,0,0,0
1.12,43,29.999999999999556,51.000000000000441,0,53,48.999999999999559,31,179,14.060000000000006,1182.9399999999996,QS,model_assisted_not_ground_truth,0,0,0,0,0,0,0,0,0,0,0
1.13,42.000000000000469,29,52,0,53,49,31,178.99999999999955,14.050000000000002,1187.9500000000012,QS,model_assisted_not_ground_truth,0,0,0,0,0,0,0,0,0,0,0
1.14,42.999999999998622,29,52,0,53,49,31,178.00000000000136,14.055000000000007,1190.4500000000035,QS,model_assisted_not_ground_truth,0,0,0,0,0,0,0,0,0,0,0
1.15,42,29.000000000002288,52,0,53,49,31,179,14.060000000000047,1192.9500000000207,QS,model_assisted_not_ground_truth,0,0,0,0,0,0,0,0,0,0,0
1.16,42,29.999999999996824,52,0,53,49,31,179,14.080000000000032,1201.9500000000319,QS,model_assisted_not_ground_truth,0,0,0,0,0,0,0,0,0,0,0
1.17,42.000000000004086,29.000000000004086,52,0,52.999999999995914,49,31,179,14.090000000000082,1211.9600000000123,QS,model_assisted_not_ground_truth,0,0,0,0,0,0,0,0,0,0,0
1.18,42.999999999995005,30,52.000000000004995,0,52,48.999999999995005,31,179,14.1099999999999,1214.97000000002,QS,model_assisted_not_ground_truth,0,0,0,0,0,0,0,0,0,0,0
1.19,42.000000000005464,30,52.999999999994536,0,52,48.000000000005464,31,179,14.08999999999997,1218.98,QS,model_assisted_not_ground_truth,0,0,0,0,0,0,0,0,0,0,0
1.20,42,30,53,0,52.999999999995445,48.999999999995445,31,179,14.084999999999965,1218.9850000000001,QS,model_assisted_not_ground_truth,0,0,0,0,0,0,0,0,0,0,0
1.21,42.999999999996362,30,52.000000000003638,0,52.000000000003638,48.000000000003638,31,178.00000000000364,14.079999999999924,1218.9899999999614,QS,model_assisted_not_ground_truth,0,0,0,0,0,0,0,0,0,0,0
1.22,42.000000000002728,30,51.000000000002728,0,52.999999999997272,48.999999999997272,31,178,14.070000000000027,1213.9800000000137,QS,model_assisted_not_ground_truth,0,0,0,0,0,0,0,0,0,0,0
1.23,42.999999999998181,30,51.999999999998181,0,52.000000000001819,49,31,178,14.079999999999982,1222.9899999999836,QS,model_assisted_not_ground_truth,0,0,0,0,0,0,0,0,0,0,0
1.24,43,30.999999999999091,51.000000000000909,0,52.999999999999091,49,31,178.99999999999909,14.070000000000009,1224.0099999999991,QS,model_assisted_not_ground_truth,0,0,0,0,0,0,0,0,0,0,0
1.25,43,31,53,0,53,48,31,180,14.07,1226.02,QS,model_assisted_not_ground_truth,0,0,0,0,0,0,0,0,0,0,0
1.26,42,30.999999999999091,53,0,53,48.999999999999091,31,179,14.069999999999991,1227.0199999999986,QS,model_assisted_not_ground_truth,0,0,0,0,0,0,0,0,0,0,0
1.27,42,30.000000000001823,53,0,53,48,31,179,14.059999999999983,1225.5249999999974,QS,model_assisted_not_ground_truth,0,0,0,0,0,0,0,0,0,0,0
1.28,42.000000000002728,31.000000000002732,53,0,53,48,31,179.00000000000546,14.049999999999946,1224.0299999999643,QS,model_assisted_not_ground_truth,0,0,0,0,0,0,0,0,0,0,0
1.29,43,32,53,0,53,48,31,181,14.029999999999999,1211.0000000000073,QS,model_assisted_not_ground_truth,0,0,0,0,0,0,0,0,0,0,0
1.30,42.999999999995445,31.999999999995449,52.999999999995445,0,53,48.000000000004555,31,181,14.030000000000046,1213.01,QS,model_assisted_not_ground_truth,0,0,0,0,0,0,0,0,0,0,0
1.31,42,31.000000000005461,51.999999999994536,0,53,49,31,181.00000000000546,14.039999999999944,1213,QS,model_assisted_not_ground_truth,0,0,0,0,0,0,0,0,0,0,0
1.32,42,31.999999999995005,51.000000000004995,0,53,49,31,181.999999999995,14.029999999999935,1213.0199999999936,QS,model_assisted_not_ground_truth,0,0,0,0,0,0,0,0,0,0,0
1.33,42.999999999995914,32,51.999999999995914,0,53,49,31,180.00000000000819,14.02,1212.02,QS,model_assisted_not_ground_truth,0,0,0,0,0,0,0,0,0,0,0
1.34,42.000000000003176,31.000000000003176,52,0,53,49,31,180.99999999999682,14.02,1212.02,QS,model_assisted_not_ground_truth,0,0,0,0,0,0,0,0,0,0,0
1.35,42.999999999997733,31.999999999997733,52.999999999997733,0,53,48.000000000002267,31,181.99999999999773,14.02,1212.02,QS,model_assisted_not_ground_truth,0,0,0,0,0,0,0,0,0,0,0
1.36,42.000000000001357,31.000000000001354,52.000000000001357,0,53,48.999999999998643,31,182,14.000000000000027,1211.0400000000013,QS,model_assisted_not_ground_truth,0,0,0,0,0,0,0,0,0,0,0
1.37,42,31,52,0,53,49,31,182,13.940000000000026,1190.0300000000093,QS,model_assisted_not_ground_truth,0,0,0,0,0,0,0,0,0,0,0
1.38,42,31,52.000000000000469,0,53,49.000000000000469,30.999999999999535,182,13.93,1186.0299999999995,QS,model_assisted_not_ground_truth,0,0,0,0,0,0,0,0,0,0,0
1.39,42,31.000000000002753,52.999999999997243,0,53,50,30.000000000001378,182.00000000000136,13.93,1185.03,QS,model_assisted_not_ground_truth,0,0,0,0,0,0,0,0,0,0,0
1.40,42,32.999999999997712,51.000000000002288,0,53,49.999999999995424,31,182.99999999999773,13.93,1185.03,QS,model_assisted_not_ground_truth,0,0,0,0,0,0,0,0,0,0,0
1.41,42,31.999999999996824,52,0,53,48.000000000003176,31,182,13.93,1185.0299999999904,QS,model_assisted_not_ground_truth,0,0,0,0,0,0,0,0,0,0,0
1.42,42,31,52,0,53,49,31,182,13.93,1182.0100000000245,QS,model_assisted_not_ground_truth,0,0,0,0,0,0,0,0,0,0,0
1.43,42.000000000004995,31.000000000004995,52.000000000004995,0,53,49,31,182.000000000005,13.9299999999999,1188.039999999975,QS,model_assisted_not_ground_truth,0,0,0,0,0,0,0,0,0,0,0
1.44,42.999999999994536,31.999999999994536,52.999999999994536,0,53,49,31,182.99999999999454,13.910000000000178,1183.0400000000591,QS,model_assisted_not_ground_truth,0,0,0,0,0,0,0,0,0,0,0
1.45,42.000000000004555,32,53,0,53,48.000000000004555,31,183,13.940000000000067,1193.0400000000477,QS,model_assisted_not_ground_truth,0,0,0,0,0,0,0,0,0,0,0
1.46,42.999999999996362,31.000000000003642,53,0,53,48,31,183,13.949999999999999,1200.0499999999922,QS,model_assisted_not_ground_truth,0,0,0,0,0,0,0,0,0,0,0
1.47,42.000000000002728,31.999999999997268,52.000000000002728,0,53,48.999999999997272,31,183.99999999999727,13.949999999999999,1199.049999999997,QS,model_assisted_not_ground_truth,0,0,0,0,0,0,0,0,0,0,0
1.48,42.999999999998181,32,52.999999999998181,0,53,48.000000000001819,31,184.99999999999818,13.949999999999999,1198.0500000000018,QS,model_assisted_not_ground_truth,0,0,0,0,0,0,0,0,0,0,0
1.49,42.000000000000909,32,53,0,53,48,31,184.00000000000091,13.999999999999954,1202.9899999999955,QS,model_assisted_not_ground_truth,0,0,0,0,0,0,0,0,0,0,0
1.50,43,32,53,0,53,48,31,185,13.970000000000001,1203.04,QS,model_assisted_not_ground_truth,0,0,0,0,0,0,0,0,0,0,0
1.51,43,31.999999999999091,52,0,53,49.999999999999091,31,186.99999999999818,13.97000000000001,1209.0600000000009,QS,model_assisted_not_ground_truth,0,0,0,0,0,0,0,0,0,0,0
1.52,43,31.000000000001823,52,0,53,49,31,185.00000000000182,13.979999999999945,1210.0600000000018,QS,model_assisted_not_ground_truth,0,0,0,0,0,0,0,0,0,0,0
1.53,43,32,52,0,53,48.999999999997272,31,186,13.950000000000014,1211.0699999999958,QS,model_assisted_not_ground_truth,0,0,0,0,0,0,0,0,0,0,0
1.54,43,32,52,0,53,48,31,186.00000000000364,13.955000000000018,1209.5699999999945,QS,model_assisted_not_ground_truth,0,0,0,0,0,0,0,0,0,0,0
1.55,43,32,52.000000000004555,0,53,48.000000000004555,31,187,13.95999999999991,1208.0699999999908,QS,model_assisted_not_ground_truth,0,0,0,0,0,0,0,0,0,0,0
1.56,42.999999999994536,31.999999999994539,52.999999999994536,0,53,48.999999999994536,31,186.99999999999454,13.940000000000547,1206.0799999999772,QS,model_assisted_not_ground_truth,0,0,0,0,0,0,0,0,0,0,0
1.57,42.000000000004995,31.000000000004995,52.000000000004995,0,53,48.000000000004995,31,186.000000000005,14.040000000000063,1201.9199999999871,QS,model_assisted_not_ground_truth,0,0,0,0,0,0,0,0,0,0,0
1.58,42,30.000000000004086,52,0,53,48.999999999995914,31,186,14.050000000000074,1199.8900000000147,QS,model_assisted_not_ground_truth,0,0,0,0,0,0,0,0,0,0,0
1.59,42.999999999996824,30.999999999996824,52,0,53,49,31,186,14.05999999999996,1201.8899999999919,QS,model_assisted_not_ground_truth,0,0,0,0,0,0,0,0,0,0,0
1.60,43,31,52,0,53,49,31,186,14.054999999999984,1200.8899999999967,QS,model_assisted_not_ground_truth,0,0,0,0,0,0,0,0,0,0,0
1.61,42.000000000001357,31,52,0,53,49,31,187.9999999999973,14.050000000000008,1199.8900000000015,QS,model_assisted_not_ground_truth,0,0,0,0,0,0,0,0,0,0,0
1.62,42,30.50000000000022,52,0,53,49,31,187.50000000000023,14.040000000000003,1199.8900000000001,QS,model_assisted_not_ground_truth,0,0,0,0,0,0,0,0,0,0,0
1.63,42.000000000000469,29.999999999999535,52,0,53,49,31,187,14.050000000000001,1181.8899999999996,QS,model_assisted_not_ground_truth,0,0,0,0,0,0,0,0,0,0,0
1.64,43,29,52,0,53,49,31,187.00000000000136,14.05000000000029,1180.8899999999735,QS,model_assisted_not_ground_truth,0,0,0,0,0,0,0,0,0,0,0
1.65,42.999999999997712,29.000000000004576,51.999999999997712,0,53,49,31,187.99999999999773,14.260000000000113,1161.550000000009,QS,model_assisted_not_ground_truth,0,0,0,0,0,0,0,0,0,0,0
1.66,42.000000000003197,30.999999999996803,51.000000000003197,0,53,49,31,187.00000000000639,14.310000000000048,1165.49,QS,model_assisted_not_ground_truth,0,0,0,0,0,0,0,0,0,0,0
1.67,43,29.999999999995914,52,0,53,49,31,189,14.325000000000061,1165.47,QS,model_assisted_not_ground_truth,0,0,0,0,0,0,0,0,0,0,0
1.68,42.999999999995005,29.000000000004995,52.000000000004995,0,53,49,31,189,14.34000000000005,1165.449999999995,QS,model_assisted_not_ground_truth,0,0,0,0,0,0,0,0,0,0,0
1.69,42.000000000005464,29.999999999994536,52.999999999994536,0,53,49,31,189,14.35,1164.4500000000119,QS,model_assisted_not_ground_truth,0,0,0,0,0,0,0,0,0,0,0
1.70,42,27.000000000013657,52.000000000004555,0,53,49,31,189,14.349999999999932,1166.4399999999864,QS,model_assisted_not_ground_truth,0,0,0,0,0,0,0,0,0,0,0
1.71,42,28.999999999992717,52,0,53,48.000000000003638,31,189,14.340000000000154,1164.4499999999998,QS,model_assisted_not_ground_truth,0,0,0,0,0,0,0,0,0,0,0
1.72,42,29,52,0,53,48.999999999997272,31,189.99999999999727,14.359999999999944,1164.4200000000001,QS,model_assisted_not_ground_truth,0,0,0,0,0,0,0,0,0,0,0
1.73,42.999999999998181,29.999999999998181,52,0,53,49,31,189.00000000000182,14.310000000000091,1151.4400000000237,QS,model_assisted_not_ground_truth,0,0,0,0,0,0,0,0,0,0,0
1.74,43,28.000000000001819,51.000000000000909,0,53,49,29.000000000001819,189.99999999999909,14.240000000000064,1134.4700000000155,QS,model_assisted_not_ground_truth,0,0,0,0,0,0,0,0,0,0,0
1.75,43,29,52,0,53,49,31,189,14.17,1117.5,QS,model_assisted_not_ground_truth,0,0,0,0,0,0,0,0,0,0,0
1.76,42,30,51,0,53,49,31,190,14.069999999999963,1119.6199999999999,QS,model_assisted_not_ground_truth,0,0,0,0,0,0,0,0,0,0,0
1.77,42,29.999999999998177,51.000000000001819,0,52.999999999998181,49,31,190,14.029999999999982,1119.6900000000128,QS,model_assisted_not_ground_truth,0,0,0,0,0,0,0,0,0,0,0
1.78,42,29,52,0,52.000000000002728,49,31,190,14.019999999999918,1126.7299999999864,QS,model_assisted_not_ground_truth,0,0,0,0,0,0,0,0,0,0,0
1.79,42,29.000000000003642,52,0,53,49,31,190.00000000000364,13.99,1121.7500000000036,QS,model_assisted_not_ground_truth,0,0,0,0,0,0,0,0,0,0,0
1.80,42,30.000000000004551,52,0,53,48.999999999995445,31,191,13.989999999999954,1122.7600000000068,QS,model_assisted_not_ground_truth,0,0,0,0,0,0,0,0,0,0,0
1.81,42,31.000000000005461,52,0,53,48.000000000005464,31,191.00000000000546,13.979999999999945,1124.2800000000084,QS,model_assisted_not_ground_truth,0,0,0,0,0,0,0,0,0,0,0
1.82,42,31.999999999995005,52,0,53,48.999999999995005,31,191.999999999995,13.969999999999299,1125.7999999998665,QS,model_assisted_not_ground_truth,0,0,0,0,0,0,0,0,0,0,0
1.83,42,30.000000000008171,51.000000000004086,0,53,49,31,190.00000000000819,13.859999999999562,1104.8600000000297,QS,model_assisted_not_ground_truth,0,0,0,0,0,0,0,0,0,0,0
1.84,42,31.999999999993648,51.999999999996824,0,52.000000000003176,49,31,190,13.800000000000001,1108.9500000000824,QS,model_assisted_not_ground_truth,0,0,0,0,0,0,0,0,0,0,0
1.85,42,31.000000000002267,52,0,52.999999999997733,49,31,190,13.800000000000001,1118.9899999999773,QS,model_assisted_not_ground_truth,0,0,0,0,0,0,0,0,0,0,0
1.86,42,30.000000000001354,52,0,53,49,31,190.99999999999864,13.819999999999974,1124.0099999999932,QS,model_assisted_not_ground_truth,0,0,0,0,0,0,0,0,0,0,0
1.87,42.999999999999559,31.999999999999112,51.000000000000441,0,53,49,31,191,13.810000000000006,1126.0199999999991,QS,model_assisted_not_ground_truth,0,0,0,0,0,0,0,0,0,0,0
1.88,42,31.999999999999535,51.000000000000931,0,53,48.999999999999531,31,191,13.815000000000003,1129.5200000000016,QS,model_assisted_not_ground_truth,0,0,0,0,0,0,0,0,0,0,0
1.89,42.000000000001378,31.000000000001378,53,0,53,48.000000000001378,31,191,13.819999999999959,1133.0200000000013,QS,model_assisted_not_ground_truth,0,0,0,0,0,0,0,0,0,0,0
1.90,43,31.999999999990852,52.999999999997712,0,53,48.999999999997712,31,191,13.789999999999999,1134.0299999999977,QS,model_assisted_not_ground_truth,0,0,0,0,0,0,0,0,0,0,0
1.91,43,28.00000000001279,51.999999999996803,0,53,48,31,190.99999999999679,13.790000000000127,1133.0400000000416,QS,model_assisted_not_ground_truth,0,0,0,0,0,0,0,0,0,0,0
1.92,43,31.999999999991829,51.000000000004086,0,53,48.000000000004086,31,189.99999999999591,13.830000000000082,1146.0300000000532,QS,model_assisted_not_ground_truth,0,0,0,0,0,0,0,0,0,0,0
1.93,43,30.00000000000999,51.999999999995005,0,53,49,31,189.000000000005,13.850000000000049,1159.04000000001,QS,model_assisted_not_ground_truth,0,0,0,0,0,0,0,0,0,0,0
1.94,43,31.999999999989075,51.000000000005464,0,53,49,31,189.99999999999454,13.859999999999911,1161.0500000000059,QS,model_assisted_not_ground_truth,0,0,0,0,0,0,0,0,0,0,0
1.95,43,31.000000000004551,51.999999999995445,0,53,49,31,190,13.844999999999898,1162.0550000000069,GI,model_assisted_not_ground_truth,0,0,0,0,0,0,0,0,0,0,0
1.96,43,30.000000000003642,52,0,53,49,31,190.99999999999636,13.83,1163.0599999999922,GI,model_assisted_not_ground_truth,0,0,0,0,0,0,0,0,0,0,0
1.97,43,30,52,0,53,49,31,190.00000000000273,13.83,1162.0700000000027,GI,model_assisted_not_ground_truth,0,0,0,0,0,0,0,0,0,0,0
1.98,43,30.999999999998181,52,0,53,49,31,190,13.83,1167.0799999999908,GI,model_assisted_not_ground_truth,0,0,0,0,0,0,0,0,0,0,0
1.99,43,31,52,0,53,49,31,190,13.839999999999991,1170.0799999999972,GI,model_assisted_not_ground_truth,0,0,0,0,0,0,0,0,0,0,0
2.00,43,32,53,0,53,48,31,190,13.83,1168.0899999999999,GI,model_assisted_not_ground_truth,0,0,0,0,0,0,0,0,0,0,0
2.01,43,32,51,0,53,49,31,191,13.829999999999991,1169.089999999999,GI,model_assisted_not_ground_truth,0,0,0,0,0,0,0,0,0,0,0
2.02,43,31.999999999998177,51,0,53,49,31,190.99999999999818,13.819999999999983,1168.0949999999982,GI,model_assisted_not_ground_truth,0,0,0,0,0,0,0,0,0,0,0
2.03,42.999999999997243,31,51.000000000002757,0,53,49,31,190.00000000000276,13.810000000000029,1167.1000000000138,GI,model_assisted_not_ground_truth,0,0,0,0,0,0,0,0,0,0,0
2.04,42.000000000003645,30.999999999996358,52,0,53,49,31,191,13.819999999999927,1172.0999999999524,GI,model_assisted_not_ground_truth,0,0,0,0,0,0,0,0,0,0,0
2.05,43,30.000000000009059,51.999999999995467,0,53,49,31,191,13.799999999999955,1159.0799999999999,GI,model_assisted_not_ground_truth,0,0,0,0,0,0,0,0,0,0,0
2.06,43,31.999999999983615,51.000000000005464,0,53,49,31,191.00000000000546,13.789999999999999,1159.0900000000163,GI,model_assisted_not_ground_truth,0,0,0,0,0,0,0,0,0,0,0
2.07,43,29.000000000015056,51.999999999994984,0,53,49,31,191.99999999999497,13.789999999999935,1162.0899999999936,GI,model_assisted_not_ground_truth,0,0,0,0,0,0,0,0,0,0,0
2.08,43,30.999999999991829,51.000000000004086,0,53,49,31,191.00000000000409,13.779999999999999,1161.0999999999963,GI,model_assisted_not_ground_truth,0,0,0,0,0,0,0,0,0,0,0
2.09,43,30.000000000003197,51.999999999996803,0,53,49,31,191,13.779999999999999,1160.5999999999988,GI,model_assisted_not_ground_truth,0,0,0,0,0,0,0,0,0,0,0
2.10,42.000000000002267,30,52.999999999997733,0,53,48.000000000002267,31,191,13.779999999999999,1160.100000000001,GI,model_assisted_not_ground_truth,0,0,0,0,0,0,0,0,0,0,0
2.11,42,30.999999999998622,52.000000000001378,0,53,48,31,191,13.770000000000014,1159.1000000000013,GI,model_assisted_not_ground_truth,0,0,0,0,0,0,0,0,0,0,0
2.12,42,29.000000000000888,51.000000000000441,0,53,48.999999999999559,31,191,13.750000000000009,1158.1100000000004,GI,model_assisted_not_ground_truth,0,0,0,0,0,0,0,0,0,0,0
2.13,42.999999999999552,30.000000000000444,51.000000000000448,0,53,49,31,191.00000000000045,13.679999999999968,1142.1199999999924,GI,model_assisted_not_ground_truth,0,0,0,0,0,0,0,0,0,0,0
2.14,42.000000000001378,31,52,0,53.000000000001378,48.999999999998622,31,191.99999999999724,13.609999999999944,1125.1299999999919,GI,model_assisted_not_ground_truth,0,0,0,0,0,0,0,0,0,0,0
2.15,43,31,52.000000000002267,0,54,48,31,189.99999999999773,13.569999999999908,1119.1399999999865,GI,model_assisted_not_ground_truth,0,0,0,0,0,0,0,0,0,0,0
2.16,43.000000000003197,30.999999999996803,53,0,53.999999999996803,48,31,189.00000000000321,13.530000000000095,1113.1499999999489,GI,model_assisted_not_ground_truth,0,0,0,0,0,0,0,0,0,0,0
2.17,43.999999999995914,30.000000000004086,53,0,53.000000000004086,48.000000000004086,31,190.00000000000409,13.559999999999551,1097.1699999999348,GI,model_assisted_not_ground_truth,0,0,0,0,0,0,0,0,0,0,0
2.18,43,31,52.999999999994984,0,54,48.999999999994984,31,191.00000000001003,13.449999999999447,1081.1899999998748,GI,model_assisted_not_ground_truth,0,0,0,0,0,0,0,0,0,0,0
2.19,43,31,52.000000000005464,0,54,48.000000000005464,31,192.99999999998909,13.339999999999172,1056.2099999997579,GI,model_assisted_not_ground_truth,0,0,0,0,0,0,0,0,0,0,0
2.20,46.999999999981881,31.99999999999547,52.999999999995467,0,54,48,31,193,13.199999999998973,1015.2299999997263,GI,model_assisted_not_ground_truth,0,0,0,0,0,0,0,0,0,0,0
2.21,47,31.000000000003642,53,0,54,48.999999999996362,31,193,13.049999999999653,975.19999999986464,GI,model_assisted_not_ground_truth,0,0,0,0,0,0,0,0,0,0,0
2.22,47,29.000000000005418,53,0,54,48.000000000002707,31,192.0000000000027,13.004999999999868,957.67499999994789,GI,model_assisted_not_ground_truth,0,0,0,0,0,0,0,0,0,0,0
2.23,45.000000000003638,29,53,0,54,48,31,191.00000000000182,12.960000000000083,940.15000000003192,GI,model_assisted_not_ground_truth,0,0,0,0,0,0,0,0,0,0,0
2.24,45,27.000000000001776,52.000000000000888,0,54,48,31,190.00000000000088,12.890000000000063,907.07000000002938,GI,model_assisted_not_ground_truth,0,0,0,0,0,0,0,0,0,0,0
2.25,45,29,53,0,53,48,31,186,12.789999999999999,865.97000000000003,GI,model_assisted_not_ground_truth,0,0,0,0,0,0,0,0,0,0,0
2.26,45,28.000000000001865,52.000000000000931,0,53,47.999999999999069,31,182.99999999999346,12.449999999999804,806.99999999996555,GI,model_assisted_not_ground_truth,0,0,0,0,0,0,0,0,0,0,0
2.27,45,29.999999999994536,53,0,53,47.000000000001819,31,175.99999999998909,12.239999999999927,770.02999999997257,GI,model_assisted_not_ground_truth,0,0,0,0,0,0,0,0,0,0,0
2.28,44.999999999994493,26.999999999997247,52.999999999997243,0,53,47.999999999997243,31,169.9999999999697,12.199999999999971,755.00999999998896,GI,model_assisted_not_ground_truth,0,0,0,0,0,0,0,0,0,0,0
2.29,43,26,52,0,53,47.000000000003645,31,158.99999999997451,12.189999999999962,751.00999999998544,GI,model_assisted_not_ground_truth,0,0,0,0,0,0,0,0,0,0,0
2.30,43,26,52.000000000004576,0,52.999999999990848,47.999999999995424,31,151.99999999996797,12.18,747.00999999996793,GI,model_assisted_not_ground_truth,0,0,0,0,0,0,0,0,0,0,0
2.31,42.999999999994536,26.000000000010925,53,0,51,47,30.999999999994539,144.99999999995632,12.179999999999671,740.00999999992348,GI,model_assisted_not_ground_truth,0,0,0,0,0,0,0,0,0,0,0
2.32,42.000000000005016,27.999999999989964,53,0,51,47,30.000000000005016,137.00000000004013,12.119999999999809,725.99999999995555,GI,model_assisted_not_ground_truth,0,0,0,0,0,0,0,0,0,0,0
2.33,42.999999999995914,27.000000000004086,52.000000000004086,0,51,48.999999999991829,30,127.00000000004086,12.089999999999709,718.99999999991985,GI,model_assisted_not_ground_truth,0,0,0,0,0,0,0,0,0,0,0
2.34,43,27.999999999996803,52.999999999996803,0,51,47.000000000006395,30,114.00000000004157,12.049999999999837,707.99999999997544,GI,model_assisted_not_ground_truth,0,0,0,0,0,0,0,0,0,0,0
2.35,43,28,51.000000000004533,0,51,47,30,99.000000000033978,12.030000000000044,705.00000000000682,GI,model_assisted_not_ground_truth,0,0,0,0,0,0,0,0,0,0,0
2.36,43.999999999998622,28,51.999999999998622,0,51,48.999999999997243,30,95.000000000005514,12.054999999999966,703.99000000000137,GI,model_assisted_not_ground_truth,0,0,0,0,0,0,0,0,0,0,0
2.37,44,28,52,0,51,48.000000000000441,30,96.999999999999119,12.079999999999989,702.98000000000047,GI,model_assisted_not_ground_truth,0,0,0,0,0,0,0,0,0,0,0
2.38,44,28.000000000000444,51,0,51,47.999999999999552,30,93.999999999996888,12.029999999999973,700.99999999999557,GI,model_assisted_not_ground_truth,0,0,0,0,0,0,0,0,0,0,0
2.39,44,29.000000000001378,51,0,51,47,30,87,11.970000000000015,691.00000000000273,GI,model_assisted_not_ground_truth,0,0,0,0,0,0,0,0,0,0,0
2.40,44,29.99999999999547,51.000000000002267,0,51,47.000000000004533,30,86.999999999995467,11.979999999999977,693,GI,model_assisted_not_ground_truth,0,0,0,0,0,0,0,0,0,0,0
2.41,44,28.000000000009592,52,0,51,48.999999999993605,30,85.000000000006395,11.970000000000001,692.99999999999352,GI,model_assisted_not_ground_truth,0,0,0,0,0,0,0,0,0,0,0
2.42,44,31,52,0,51,47.000000000004086,30,87,11.969999999999857,690.98999999999387,GI,model_assisted_not_ground_truth,0,0,0,0,0,0,0,0,0,0,0
2.43,44.000000000005016,30.999999999994984,52,0,51,47.999999999994984,30,87.000000000005016,11.934999999999825,689.4999999999925,GI,model_assisted_not_ground_truth,0,0,0,0,0,0,0,0,0,0,0
2.44,44.999999999994536,30.000000000005464,52,0,51,47.000000000005464,30,87.999999999994543,11.900000000000059,688.01000000004137,GI,model_assisted_not_ground_truth,0,0,0,0,0,0,0,0,0,0,0
2.45,45,29.00000000000453,51.000000000004533,0,51,47.999999999995467,30,88,11.909999999999794,695.01000000002068,GI,model_assisted_not_ground_truth,0,0,0,0,0,0,0,0,0,0,0
2.46,45,29.999999999996358,51.999999999996362,0,51,47.000000000003638,29.000000000003642,88.999999999996362,11.879999999999924,698.04000000003111,GI,model_assisted_not_ground_truth,0,0,0,0,0,0,0,0,0,0,0
2.47,45,30.999999999997293,51.000000000002707,0,51,47,29.999999999997293,89,11.870000000000026,702.06999999998914,GI,model_assisted_not_ground_truth,0,0,0,0,0,0,0,0,0,0,0
2.48,45,31,51,0,51,47,30,93.999999999990891,11.899999999999945,713.04999999997995,GI,model_assisted_not_ground_truth,0,0,0,0,0,0,0,0,0,0,0
2.49,45,30.000000000000888,51,0,51,47.999999999999112,29.000000000000888,94,11.9,718.05999999999551,GI,model_assisted_not_ground_truth,0,0,0,0,0,0,0,0,0,0,0
2.50,45,26,51,0,53,48,30,99,11.9,725.08000000000004,GI,model_assisted_not_ground_truth,0,0,0,0,0,0,0,0,0,0,0
2.51,45.000000000000931,29,51,0,53,48.999999999998131,30,101.00000000000374,11.829999999999957,733.13000000000329,GI,model_assisted_not_ground_truth,0,0,0,0,0,0,0,0,0,0,0
2.52,45.999999999998181,28.999999999998177,51,0,53,47.000000000003645,30,105.00000000000546,11.784999999999918,736.65000000000634,GI,model_assisted_not_ground_truth,0,0,0,0,0,0,0,0,0,0,0
2.53,45,28.000000000005507,51,0,53,48.999999999997243,30.000000000002753,108.00000000001653,11.739999999999835,740.17000000003304,GI,model_assisted_not_ground_truth,0,0,0,0,0,0,0,0,0,0,0
2.54,45,30,51,0,53,48,31,114.00000000007283,11.679999999999781,752.2000000000329,GI,model_assisted_not_ground_truth,0,0,0,0,0,0,0,0,0,0,0
2.55,45.000000000002288,30.000000000002288,51.000000000004576,0,53.000000000002288,48,31,134.00000000002288,11.61999999999945,761.2200000000322,GI,model_assisted_not_ground_truth,0,0,0,0,0,0,0,0,0,0,0
2.56,45.499999999999886,30.49999999999989,51.99999999999978,0,53.499999999999886,48,31,138.99999999999889,11.4999999999994,768.25000000005468,GI,model_assisted_not_ground_truth,0,0,0,0,0,0,0,0,0,0,0
2.57,45.999999999997492,30.999999999997492,52.999999999994984,0,53.999999999997492,48,31,143.9999999999749,11.389999999999429,778.26000000002523,GI,model_assisted_not_ground_truth,0,0,0,0,0,0,0,0,0,0,0
2.58,45.000000000004086,31,51.000000000008171,0,54,48,31,166.99999999990604,11.299999999999383,782.23000000012041,GI,model_assisted_not_ground_truth,0,0,0,0,0,0,0,0,0,0,0
2.59,45,34.99999999998721,51,0,53.000000000003197,48,31,164.00000000000961,11.21499999999979,798.75500000004104,GI,model_assisted_not_ground_truth,0,0,0,0,0,0,0,0,0,0,0
2.60,45.999999999997733,34.000000000002267,51,0,53.999999999997733,48,31,174.99999999997507,11.130000000000193,815.27999999996257,GI,model_assisted_not_ground_truth,0,0,0,0,0,0,0,0,0,0,0
2.61,46,37.999999999994493,51,0,55.999999999997243,48.999999999998622,31,180.99999999999173,10.890000000000331,815.33999999999992,GI,model_assisted_not_ground_truth,0,0,0,0,0,0,0,0,0,0,0
2.62,56.999999999995111,38,51,0,56.999999999999559,49,31,182.99999999999912,10.810000000000036,843.40999999998746,GI,model_assisted_not_ground_truth,0,0,0,0,0,0,0,0,0,0,0
2.63,61.000000000000888,43.000000000003112,51,0,57.000000000000448,48.000000000000448,31,186.00000000000222,10.750000000000032,852.45000000000937,GI,model_assisted_not_ground_truth,0,0,0,0,0,0,0,0,0,0,0
2.64,63,50.000000000002757,51.000000000001378,0,58,49,31,191,10.820000000000041,873.44000000001654,GI,model_assisted_not_ground_truth,0,0,0,0,0,0,0,0,0,0,0
2.65,63.000000000002267,52,52,0,58,49,31,191.00000000000679,10.850000000000069,885.45000000002722,GI,model_assisted_not_ground_truth,0,0,0,0,0,0,0,0,0,0,0
2.66,64,52.000000000009592,51.999999999996803,0,58.000000000009592,49,31,194.00000000000321,10.880000000000193,897.46000000005768,GI,model_assisted_not_ground_truth,0,0,0,0,0,0,0,0,0,0,0
2.67,64,55.000000000004086,51,0,61.000000000012257,49.000000000004086,31,195.00000000000819,10.940000000000367,915.47000000007358,GI,model_assisted_not_ground_truth,0,0,0,0,0,0,0,0,0,0,0
2.68,64.000000000005016,55.999999999989967,51,0,64.000000000020066,49.999999999994984,31,197.00000000000503,11.030000000000351,933.47000000014054,GI,model_assisted_not_ground_truth,0,0,0,0,0,0,0,0,0,0,0
2.69,64.999999999994543,54.000000000010928,51,0,67.999999999978144,49.000000000005464,31,197.99999999999454,11.100000000000177,961.48000000002958,GI,model_assisted_not_ground_truth,0,0,0,0,0,0,0,0,0,0,0
2.70,65,52.000000000009059,51,0,69.999999999990933,49,31,198,11.130000000000344,966.48999999999285,GI,model_assisted_not_ground_truth,0,0,0,0,0,0,0,0,0,0,0
2.71,65,47.000000000018204,51.999999999996362,0,70,48.000000000003638,34.999999999985434,194.00000000001455,11.180000000000154,965.44999999995343,GI,model_assisted_not_ground_truth,0,0,0,0,0,0,0,0,0,0,0
2.72,64.000000000002714,47,52,0,64.000000000016257,48.999999999997293,35,189.00000000001356,11.199999999999946,959.42000000001633,GI,model_assisted_not_ground_truth,0,0,0,0,0,0,0,0,0,0,0
2.73,63.000000000001819,45.000000000003638,51.000000000001819,0,60.000000000007283,49,35,190.99999999999636,11.199999999999999,942.36000000003105,GI,model_assisted_not_ground_truth,0,0,0,0,0,0,0,0,0,0,0
2.74,62.000000000000888,44.000000000000888,51,0,60,48.000000000000888,35,186.00000000000443,11.199999999999999,925.30000000001507,GI,model_assisted_not_ground_truth,0,0,0,0,0,0,0,0,0,0,0
2.75,62,43,53,0,58,48,35,186,11.640000000000001,918.66999999999996,GI,model_assisted_not_ground_truth,0,0,0,0,0,0,0,0,0,0,0
2.76,63.000000000000931,44,51.000000000000931,0,57.999999999999069,48.999999999999069,35,184.00000000000094,11.740000000000029,925.53999999998871,GI,model_assisted_not_ground_truth,0,0,0,0,0,0,0,0,0,0,0
2.77,64.000000000001819,44.000000000001819,52,0,57,48,35,185.00000000000546,11.769999999999982,913.48999999998352,GI,model_assisted_not_ground_truth,0,0,0,0,0,0,0,0,0,0,0
2.78,65.000000000002757,45,52.000000000002757,0,57,47.999999999997243,35,188.00000000001651,11.760000000000138,904.45999999998901,GI,model_assisted_not_ground_truth,0,0,0,0,0,0,0,0,0,0,0
2.79,66.000000000003638,44.999999999996355,53,0,57,47.000000000003645,35,194,11.810000000000146,900.44000000001279,GI,model_assisted_not_ground_truth,0,0,0,0,0,0,0,0,0,0,0
2.80,67.000000000004576,44.000000000004576,53,0,57.000000000004576,47.999999999995424,35,193.99999999999542,11.850000000000183,903.93000000001598,GI,model_assisted_not_ground_truth,0,0,0,0,0,0,0,0,0,0,0
2.81,68,45.000000000005464,52.999999999994536,0,58.000000000005464,47,35,193.00000000002186,11.890000000000382,907.4199999999945,GI,model_assisted_not_ground_truth,0,0,0,0,0,0,0,0,0,0,0
2.82,68,45.999999999994984,52.000000000005016,0,58.999999999994984,47,35,196.99999999997993,11.960000000000763,906.42000000005078,GI,model_assisted_not_ground_truth,0,0,0,0,0,0,0,0,0,0,0
2.83,68,46.999999999995914,52,0,59,47,35,197.99999999999591,12.080000000000583,914.43000000011693,GI,model_assisted_not_ground_truth,0,0,0,0,0,0,0,0,0,0,0
2.84,67.000000000003197,48.999999999993605,52,0,61.999999999990408,47.999999999996803,40.999999999980815,198,12.15999999999951,930.4899999998122,GI,model_assisted_not_ground_truth,0,0,0,0,0,0,0,0,0,0,0
2.85,67,51.999999999993207,52.999999999997733,0,68.999999999984141,48,46.999999999986414,198.99999999999773,12.100000000000136,907.50000000005207,GI,model_assisted_not_ground_truth,0,0,0,0,0,0,0,0,0,0,0
2.86,67,54.999999999995872,52.000000000001378,0,71.999999999995865,49.999999999997243,47.999999999998622,198.00000000000136,12.1,939.8199999999556,GI,model_assisted_not_ground_truth,0,0,0,0,0,0,0,0,0,0,0
2.87,67,55,52,0,77.999999999997328,48.000000000000888,50.999999999998664,202.99999999999778,12.284999999999918,977.88999999998316,GI,model_assisted_not_ground_truth,0,0,0,0,0,0,0,0,0,0,0
2.88,65.999999999999559,59,52,0,81.000000000001336,49.000000000000888,53,206.00000000000267,12.470000000000098,1015.9600000000191,GI,model_assisted_not_ground_truth,0,0,0,0,0,0,0,0,0,0,0
2.89,65.000000000001378,59.000000000004128,52,0,84.000000000004135,51.000000000001378,53.000000000005507,212.00000000000827,12.690000000000248,1059.0700000000566,GI,model_assisted_not_ground_truth,0,0,0,0,0,0,0,0,0,0,0
2.90,65.99999999999774,62.000000000004533,52.000000000002267,0,87.000000000004533,52.000000000011326,57,218.00000000000452,12.870000000000022,1100.1299999999981,GI,model_assisted_not_ground_truth,0,0,0,0,0,0,0,0,0,0,0
2.91,65.000000000003197,63.999999999996803,53,0,89.000000000003197,57.000000000003197,57.000000000006395,220.00000000000961,12.88000000000064,1099.230000000128,GI,model_assisted_not_ground_truth,0,0,0,0,0,0,0,0,0,0,0
2.92,66.000000000004093,63.000000000016342,53,0,90.000000000012264,58.000000000012257,59.000000000004086,223.00000000000409,13.080000000000981,1139.2700000001553,GI,model_assisted_not_ground_truth,0,0,0,0,0,0,0,0,0,0,0
2.93,66.999999999994984,66.999999999994984,53,0,93.000000000010033,60.999999999994984,60.000000000020073,224.00000000003513,13.320000000000904,1177.2800000001605,GI,model_assisted_not_ground_truth,0,0,0,0,0,0,0,0,0,0,0
2.94,66.000000000005457,66.000000000005457,53,0,94.999999999989072,60.000000000005464,63.999999999978151,230.99999999996177,13.500000000000442,1209.2800000000914,GI,model_assisted_not_ground_truth,0,0,0,0,0,0,0,0,0,0,0
2.95,66,68.999999999986414,53.999999999995467,0,98.999999999981881,61.999999999990941,70.999999999968296,238.99999999996376,13.575000000000513,1224.7700000001059,GI,model_assisted_not_ground_truth,0,0,0,0,0,0,0,0,0,0,0
2.96,67.999999999992724,72.999999999985434,54,0,100.99999999999272,58.000000000014566,80.999999999963592,240.99999999999272,13.650000000001931,1240.2600000003085,GI,model_assisted_not_ground_truth,0,0,0,0,0,0,0,0,0,0,0
2.97,68,71.000000000005414,54.999999999997293,0,103.99999999999187,61.999999999989164,78.000000000008129,250.99999999997291,13.899999999999324,1280.1799999998918,GI,model_assisted_not_ground_truth,0,0,0,0,0,0,0,0,0,0,0
2.98,68.999999999998181,75.999999999990891,54.000000000001819,0,103.00000000000182,68.999999999987253,82.999999999990891,255.99999999999091,14.139999999999564,1341.1499999998891,GI,model_assisted_not_ground_truth,0,0,0,0,0,0,0,0,0,0,0
2.99,67.000000000001776,80.999999999995566,54.999999999999112,0,105.99999999999733,66.000000000002672,91.999999999992013,251.00000000000443,14.299999999999859,1361.1099999999822,GI,model_assisted_not_ground_truth,0,0,0,0,0,0,0,0,0,0,0
3.00,69,87,55,0,103,71,94,258,14.529999999999999,1386.04,GI,model_assisted_not_ground_truth,0,0,0,0,0,0,0,0,0,0,0
3.01,67.999999999999062,90.000000000000938,55,0,101.00000000000186,87.000000000003737,100.9999999999972,260.99999999999812,14.625000000000089,1398.0050000000113,GI,model_assisted_not_ground_truth,0,0,0,0,0,0,0,0,0,0,0
3.02,67.000000000009109,91.000000000014566,55,0,102.99999999999818,91.000000000001819,98.000000000009109,259.00000000000182,14.720000000000237,1409.9700000000255,GI,model_assisted_not_ground_truth,0,0,0,0,0,0,0,0,0,0,0
3.03,72.000000000005514,99.000000000008257,55,0,102.00000000000276,91.999999999997243,103.00000000000551,260.00000000002206,14.850000000000744,1423.9000000001236,GI,model_assisted_not_ground_truth,0,0,0,0,0,0,0,0,0,0,0
3.04,73.999999999989072,102.00000000001457,55,0,103,90.999999999996362,105.00000000000729,267.99999999997453,15.120000000002367,1468.7300000000375,GI,model_assisted_not_ground_truth,0,0,0,0,0,0,0,0,0,0,0
3.05,71.000000000009152,106.00000000000915,55,0,103.00000000000458,90.000000000027441,107.00000000000915,261.000000000032,15.770000000001463,1479.0100000001678,GI,model_assisted_not_ground_truth,0,0,0,0,0,0,0,0,0,0,0
3.06,72.999999999994543,107.99999999999454,55,0,104,96.000000000016385,109.00000000001093,268.00000000005463,16.090000000002675,1515.7000000000191,GI,model_assisted_not_ground_truth,0,0,0,0,0,0,0,0,0,0,0
3.07,72.000000000004974,107.00000000000497,55,0,104,98.999999999985079,110.99999999999005,277.99999999995026,16.580000000000446,1519.2000000000123,GI,model_assisted_not_ground_truth,0,0,0,0,0,0,0,0,0,0,0
3.08,72.999999999995907,117.99999999995507,55.999999999995914,0,105.99999999999183,100.99999999999183,120.99999999995914,281.99999999998363,16.65000000000051,1521.120000000014,GI,model_assisted_not_ground_truth,0,0,0,0,0,0,0,0,0,0,0
3.09,72.000000000003197,119.99999999999361,55.000000000003197,0,105.0000000000032,99.000000000006395,123.99999999999041,283.99999999999363,16.720000000002532,1523.0399999999486,GI,model_assisted_not_ground_truth,0,0,0,0,0,0,0,0,0,0,0
3.10,74.999999999993207,124.99999999998867,55.999999999997733,0,103.00000000000453,99,124,283.00000000000227,17.029999999999298,1516.7400000000143,GI,model_assisted_not_ground_truth,0,0,0,0,0,0,0,0,0,0,0
3.11,75,124.00000000000138,55.000000000001378,0,100.00000000000414,95.000000000005514,121.00000000000414,281.00000000000273,17.179999999999794,1538.5899999999699,GI,model_assisted_not_ground_truth,0,0,0,0,0,0,0,0,0,0,0
3.12,75,121.00000000000134,55,0,96.000000000001776,91.000000000001776,118.00000000000134,281.99999999999955,17.209999999999987,1558.5799999999911,SSSW,model_assisted_not_ground_truth,0,0,0,0,0,0,0,0,0,0,0
3.13,74.999999999999559,117.9999999999991,54.000000000000448,0,81.999999999992895,87.999999999995111,113.99999999999956,286.99999999999909,17.239999999999998,1570.5699999999995,SSSW,model_assisted_not_ground_truth,0,0,0,0,0,0,0,0,0,0,0
3.14,73.999999999998622,115.99999999999586,54.999999999997243,0,65.999999999987608,76.999999999979352,112.99999999999724,284.99999999999864,17.239999999999984,1569.5699999999717,SSSW,model_assisted_not_ground_truth,0,0,0,0,0,0,0,0,0,0,0
3.15,73,112.99999999999321,53.000000000002267,0,56.999999999995467,61.999999999990941,110.99999999998414,283.99999999999096,17.229999999999976,1549.0649999999534,SSSW,model_assisted_not_ground_truth,0,0,0,0,0,0,0,0,0,0,0
3.16,72.999999999996803,109.99999999996483,53.999999999996803,0,54.999999999993605,57.999999999993605,103.9999999999968,280.00000000001279,17.219999999999967,1528.5599999998817,SSSW,model_assisted_not_ground_truth,0,0,0,0,0,0,0,0,0,0,0
3.17,71.999999999995907,98.999999999967315,53.000000000004086,0,52.999999999995914,55.999999999991829,102.99999999999183,283.99999999998772,17.209999999999877,1491.5599999997507,SSSW,model_assisted_not_ground_truth,0,0,0,0,0,0,0,0,0,0,0
3.18,71,90.999999999959854,53.999999999974911,0,52,53.999999999969894,100.99999999994481,280.999999999995,17.179999999999648,1430.5599999994931,SSSW,model_assisted_not_ground_truth,0,0,0,0,0,0,0,0,0,0,0
3.19,71,83.000000000043698,49.000000000027313,0,52,48.00000000003277,90.000000000060083,280.00000000000546,17.109999999999467,1329.5599999993206,SSSW,model_assisted_not_ground_truth,0,0,0,0,0,0,0,0,0,0,0
3.20,68.000000000013586,68.000000000067942,45.000000000018119,0,51.000000000004533,47.000000000004533,80.000000000045304,271.00000000004076,17.019999999999659,1214.5499999997298,SSSW,model_assisted_not_ground_truth,0,0,0,0,0,0,0,0,0,0,0
3.21,51.000000000061902,42.00000000009468,43.000000000007283,0,47.000000000014566,46.000000000003638,59.000000000076469,257.00000000005099,16.969999999999899,1175.0499999999192,SSSW,model_assisted_not_ground_truth,0,0,0,0,0,0,0,0,0,0,0
3.22,46.000000000013543,30.000000000032507,41.000000000005414,0,45.000000000005414,46,47.000000000032507,232.00000000006773,16.920000000000137,1135.550000000107,SSSW,model_assisted_not_ground_truth,0,0,0,0,0,0,0,0,0,0,0
3.23,45.000000000001819,23.000000000012747,38.000000000005464,0,42.000000000005464,46,34.000000000023668,218.00000000002549,16.850000000000129,1075.5400000001093,SSSW,model_assisted_not_ground_truth,0,0,0,0,0,0,0,0,0,0,0
3.24,44.000000000000888,15.000000000007105,38,0,42,44.000000000001776,30.000000000003553,201.00000000001509,16.800000000000047,1063.5400000000107,SSSW,model_assisted_not_ground_truth,0,0,0,0,0,0,0,0,0,0,0
3.25,44,22,39,0,41,45,30,186,16.710000000000001,997.53999999999996,SSSW,model_assisted_not_ground_truth,0,0,0,0,0,0,0,0,0,0,0
3.26,44,20.999999999994404,38.000000000000931,0,38.999999999998131,41,28.999999999998135,156.99999999998508,16.649999999999952,942.52999999994961,SSSW,model_assisted_not_ground_truth,0,0,0,0,0,0,0,0,0,0,0
3.27,44,15.000000000012745,38.999999999998181,0,37,41,26.999999999978151,140.99999999995265,16.59999999999879,888.52999999991698,SSSW,model_assisted_not_ground_truth,0,0,0,0,0,0,0,0,0,0,0
3.28,43.999999999997243,21.99999999994218,38.000000000005507,0,37,41.000000000002757,15.000000000002753,114.99999999994218,15.934999999998169,842.93999999987443,SSSW,model_assisted_not_ground_truth,0,0,0,0,0,0,0,0,0,0,0
3.29,43.000000000003645,0.99999999999635847,39.999999999992717,0,37.000000000007283,42.000000000007283,15.999999999996358,93.99999999995994,15.269999999994063,797.34999999968704,SSSW,model_assisted_not_ground_truth,0,0,0,0,0,0,0,0,0,0,0
3.30,44,0,38.000000000004576,0,39.000000000004576,43.999999999986279,14.999999999986278,82.999999999935966,13.63999999999753,711.39999999952875,SSSW,model_assisted_not_ground_truth,0,0,0,0,0,0,0,0,0,0,0
3.31,44,0,39.000000000005464,0,40,41.000000000016385,11.999999999994538,68.99999999985252,13.099999999999181,608.3699999998305,SSSW,model_assisted_not_ground_truth,0,0,0,0,0,0,0,0,0,0,0
3.32,44,0,39.999999999995026,0,40,43.999999999985079,11.000000000004974,42.000000000134293,12.949999999995651,577.32999999934088,SSSW,model_assisted_not_ground_truth,0,0,0,0,0,0,0,0,0,0,0
3.33,44,0,38.000000000008171,0,39.000000000004086,41.000000000012257,10.000000000004086,40.000000000008171,12.26999999999949,474.2499999999124,SSSW,model_assisted_not_ground_truth,0,0,0,0,0,0,0,0,0,0,0
3.34,44,0,38.999999999996803,0,39.999999999996803,41,9.0000000000031974,35.000000000015987,12.199999999999427,462.21999999992232,SSSW,model_assisted_not_ground_truth,0,0,0,0,0,0,0,0,0,0,0
3.35,44,0,37.000000000004533,0,40,41,2.0383694732117874e-11,19.000000000036238,12.129999999999761,452.70999999996747,SSSW,model_assisted_not_ground_truth,0,0,0,0,0,0,0,0,0,0,0
3.36,44,0,36.000000000001378,0,40,41,0,11.000000000011013,12.060000000000096,443.20000000001306,SSSW,model_assisted_not_ground_truth,0,0,0,0,0,0,0,0,0,0,0
3.37,43.000000000000441,0,36.999999999999559,0,40,41,0,9.0000000000008882,12.050000000000004,441.19000000000091,SSSW,model_assisted_not_ground_truth,0,0,0,0,0,0,0,0,0,0,0
3.38,41.999999999999112,3.9968028886541986e-12,37,0,40,41,0,10,11.969999999999995,433.18999999999954,SSSW,model_assisted_not_ground_truth,0,0,0,0,0,0,0,0,0,0,0
3.39,40,9.0000000000123901,37,0,40,40.999999999998622,0,9.9999999999862332,11.960000000000015,432.18999999999721,SSSW,model_assisted_not_ground_truth,0,0,0,0,0,0,0,0,0,0,0
3.40,39.999999999997733,17.99999999999547,36.999999999997733,0,39.999999999997733,40.000000000002267,0,0,11.969999999999933,430.16999999999547,SSSW,model_assisted_not_ground_truth,0,0,0,0,0,0,0,0,0,0,0
3.41,39,16.000000000003197,36,0,39,41,0,0,11.939999999999968,428.16999999999359,SSSW,model_assisted_not_ground_truth,0,0,0,0,0,0,0,0,0,0,0
3.42,39,17.000000000004086,36,0,39.000000000004086,40.999999999995914,0,0,11.929999999999959,426.16499999999184,SSSW,model_assisted_not_ground_truth,0,0,0,0,0,0,0,0,0,0,0
3.43,39,18,36,0,40,40,0,0,11.919999999999247,424.15999999992977,SSSW,model_assisted_not_ground_truth,0,0,0,0,0,0,0,0,0,0,0
3.44,39,18,36,0,40,40,0,0,11.77,410.15999999997024,SSSW,model_assisted_not_ground_truth,0,0,0,0,0,0,0,0,0,0,0
3.45,38.000000000004533,20.999999999986411,36,0,40,35.000000000022652,0,0,11.769999999999452,405.11999999997971,SSSW,model_assisted_not_ground_truth,0,0,0,0,0,0,0,0,0,0,0
3.46,38,21,36,0,39.000000000003638,35,0,0,11.690000000000463,402.15000000003079,SSSW,model_assisted_not_ground_truth,0,0,0,0,0,0,0,0,0,0,0
3.47,38,25.999999999986457,36.999999999997293,0,39,34.000000000002707,0,0,11.749999999999837,406.13999999998919,SSSW,model_assisted_not_ground_truth,0,0,0,0,0,0,0,0,0,0,0
3.48,25.000000000023668,26,37,0,39.999999999998181,34,0,0,11.75,405.13000000000181,SSSW,model_assisted_not_ground_truth,0,0,0,0,0,0,0,0,0,0,0
3.49,25,19.000000000006217,37,0,40,34,0,0,11.730000000000018,402.12000000000268,SSSW,model_assisted_not_ground_truth,0,0,0,0,0,0,0,0,0,0,0
3.50,25,24,37,0,40,34,0,0,11.73,402.12,SSSW,model_assisted_not_ground_truth,0,0,0,0,0,0,0,0,0,0,0
3.51,25,27.99999999999627,38.999999999998131,0,40,34.999999999999069,0,0,11.740000000000009,402.11500000000001,SSSW,model_assisted_not_ground_truth,0,0,0,0,0,0,0,0,0,0,0
3.52,25.000000000001823,23.999999999992717,37.000000000001819,0,40,34.000000000001819,0,0,11.749999999999963,402.10999999999819,SSSW,model_assisted_not_ground_truth,0,0,0,0,0,0,0,0,0,0,0
3.53,26,19.999999999994493,37.999999999997243,0,40,35,0,0,11.730000000000084,401.11000000000274,SSSW,model_assisted_not_ground_truth,0,0,0,0,0,0,0,0,0,0,0
3.54,26.000000000025491,17.999999999996358,37.000000000003645,0,40,35,0,0,11.759999999999962,402.09999999999269,SSSW,model_assisted_not_ground_truth,0,0,0,0,0,0,0,0,0,0,0
3.55,33,17.000000000022872,38,0,40,35,0,0,11.749999999999634,400.08999999996337,SSSW,model_assisted_not_ground_truth,0,0,0,0,0,0,0,0,0,0,0
3.56,33,22.000000000005461,38.000000000005464,0,40,35,0,0,11.670000000000492,392.09000000004363,SSSW,model_assisted_not_ground_truth,0,0,0,0,0,0,0,0,0,0,0
3.57,33,22.999999999995026,38.999999999995026,0,40,35,0,0,11.759999999999872,400.0799999999935,SSSW,model_assisted_not_ground_truth,0,0,0,0,0,0,0,0,0,0,0
3.58,25.000000000032685,24.999999999991829,39,0,40,35.999999999995914,0,0,11.740000000000473,399.07000000004001,SSSW,model_assisted_not_ground_truth,0,0,0,0,0,0,0,0,0,0,0
3.59,25,23.000000000006395,38.000000000003197,0,40,35.000000000003197,0,0,11.805000000000161,404.56500000001364,SSSW,model_assisted_not_ground_truth,0,0,0,0,0,0,0,0,0,0,0
3.60,24.000000000002267,20.000000000006793,38,0,40,35,0,0,11.869999999999852,410.05999999998755,SSSW,model_assisted_not_ground_truth,0,0,0,0,0,0,0,0,0,0,0
3.61,22.000000000002753,20,38,0,40,35,0,0,12.129999999999644,425.00999999997941,SSSW,model_assisted_not_ground_truth,0,0,0,0,0,0,0,0,0,0,0
3.62,26.99999999999778,19.000000000000444,38,0,40,35,0,0,12.100000000000012,424.04000000000048,SSSW,model_assisted_not_ground_truth,0,0,0,0,0,0,0,0,0,0,0
3.63,22.000000000003553,18,37.999999999999112,0,39.999999999999552,34.999999999999552,0,1.3322676295513995e-12,12.09,424.03999999999866,SSSW,model_assisted_not_ground_truth,0,0,0,0,0,0,0,0,0,0,0
3.64,29.999999999998622,17.999999999998622,36.000000000001378,0,39,33.999999999977973,0,3,12.090000000000014,421.02000000000203,SSSW,model_assisted_not_ground_truth,0,0,0,0,0,0,0,0,0,0,0
3.65,29.000000000002267,16.99999999999547,37,0,38.999999999997733,18,0,3.0000000000022649,12.100000000000023,422.5150000000034,SSSW,model_assisted_not_ground_truth,0,0,0,0,0,0,0,0,0,0,0
3.66,30.000000000006395,15.000000000022382,37,0,37.999999999996803,18,0,4.0000000000223821,12.109999999999967,424.00999999998714,SSSW,model_assisted_not_ground_truth,0,0,0,0,0,0,0,0,0,0,0
3.67,31.999999999991829,21.999999999979572,37.000000000008171,0,36.999999999979572,18,0,10.999999999983658,12.100000000000163,419.98999999998762,SSSW,model_assisted_not_ground_truth,0,0,0,0,0,0,0,0,0,0,0
3.68,30.000000000010036,17.000000000025089,39,0,32,18,0,7.0000000000401457,12.140000000000402,416.96000000005529,SSSW,model_assisted_not_ground_truth,0,0,0,0,0,0,0,0,0,0,0
3.69,31.999999999989075,21.999999999972687,39,0,32,18,0,14.999999999956302,12.22000000000012,427.97999999999399,SSSW,model_assisted_not_ground_truth,0,0,0,0,0,0,0,0,0,0,0
3.70,32.999999999995467,20.000000000009059,39,0,30.000000000009059,18,0,15.99999999999547,12.240000000000206,426.95999999999987,SSSW,model_assisted_not_ground_truth,0,0,0,0,0,0,0,0,0,0,0
3.71,33,18.000000000007283,39.999999999996362,0,31.999999999992717,18,0,25.999999999963585,12.269999999999769,426.93999999996902,SSSW,model_assisted_not_ground_truth,0,0,0,0,0,0,0,0,0,0,0
3.72,33.999999999997293,15.000000000008127,39.000000000002707,0,36.999999999986457,18,0,38.999999999964786,12.240000000000082,422.93000000001086,SSSW,model_assisted_not_ground_truth,0,0,0,0,0,0,0,0,0,0,0
3.73,34.999999999998181,19.999999999990898,40.999999999996362,0,37,18,0,65.99999999995083,12.230000000000018,421.93000000000183,SSSW,model_assisted_not_ground_truth,0,0,0,0,0,0,0,0,0,0,0
3.74,35.999999999999112,19.000000000000888,41.999999999999112,0,37,33.999999999985789,0,81.999999999985789,12.22000000000001,420.93000000000092,SSSW,model_assisted_not_ground_truth,0,0,0,0,0,0,0,0,0,0,0
3.75,38,20,42,0,39,18,0,107,12.19,422.94999999999999,SSSW,model_assisted_not_ground_truth,0,0,0,0,0,0,0,0,0,0,0
3.76,38.000000000000931,26,42,0,39,18.999999999999066,0,120.0000000000056,12.190000000000019,417.93000000000279,SSSW,model_assisted_not_ground_truth,0,0,0,0,0,0,0,0,0,0,0
3.77,39.000000000003645,26.000000000003642,42.000000000001819,0,39,18,0,126.00000000001275,12.210000000000074,420.92000000000183,SSSW,model_assisted_not_ground_truth,0,0,0,0,0,0,0,0,0,0,0
3.78,41,28.000000000002753,42.999999999997243,0,39,18,0,133.00000000001927,12.250000000000139,421.93000000001103,SSSW,model_assisted_not_ground_truth,0,0,0,0,0,0,0,0,0,0,0
3.79,41.000000000007283,28.999999999996358,42.000000000003645,0,39,18.000000000058265,0,140.00000000005099,12.300000000000111,425.94000000001824,SSSW,model_assisted_not_ground_truth,0,0,0,0,0,0,0,0,0,0,0
3.80,43,27.999999999977128,42.999999999995424,0,39,34.000000000004576,0,154.00000000001373,12.330000000000137,430.9500000000229,SSSW,model_assisted_not_ground_truth,0,0,0,0,0,0,0,0,0,0,0
3.81,43,23.000000000032774,42,0,39,35,0,157.0000000000874,12.359999999996504,435.95999999982064,SSSW,model_assisted_not_ground_truth,0,0,0,0,0,0,0,0,0,0,0
3.82,43,28.999999999970157,42,0,39,35,0,172.99999999992042,11.719999999990856,403.12999999964387,SSSW,model_assisted_not_ground_truth,0,0,0,0,0,0,0,0,0,0,0
3.83,43,32.999999999983658,42.999999999995914,0,39,35.999999999995914,6.9999999999714007,189.99999999993054,10.289999999984559,347.43999999982105,SSSW,model_assisted_not_ground_truth,0,0,0,0,0,0,0,0,0,0,0
3.84,53.999999999964828,37.999999999984013,43,0,41.999999999990408,36.999999999996803,26.999999999936051,208.99999999993923,8.1699999999975486,322.87000000064137,SSSW,model_assisted_not_ground_truth,0,0,0,0,0,0,0,0,0,0,0
3.85,67.999999999968296,51.999999999968296,43.999999999997733,0,46.999999999988674,39.999999999993207,28.99999999999547,237.99999999993432,7.8700000000006796,401.35999999982226,SSSW,model_assisted_not_ground_truth,0,0,0,0,0,0,0,0,0,0,0
3.86,101.99999999995319,85.999999999953189,46.999999999995872,0,58.99999999998348,40.999999999998622,29,273.99999999995043,8.9399999999985269,538.54999999981112,SSSW,model_assisted_not_ground_truth,0,0,0,0,0,0,0,0,0,0,0
3.87,142.99999999998178,120.99999999998445,51.999999999997783,0,103.99999999998002,41,29,312.99999999998266,9.2899999999998428,597.58999999997377,SSSW,model_assisted_not_ground_truth,0,0,0,0,0,0,0,0,0,0,0
3.88,186.0000000000089,132.00000000000222,50.999999999999552,0,142.00000000000665,44.000000000001776,30,324.00000000000222,9.9100000000002684,654.52000000003216,SSSW,model_assisted_not_ground_truth,0,0,0,0,0,0,0,0,0,0,0
3.89,205.99999999996422,136.99999999997246,49.999999999988987,0,156.99999999999724,48.000000000008264,29.999999999998622,328.99999999999312,10.515000000000832,726.98000000009984,SSSW,model_assisted_not_ground_truth,0,0,0,0,0,0,0,0,0,0,0
3.90,179.99999999999321,116.99999999994564,42,0,154.99999999999321,54.000000000011326,28.999999999997733,323.99999999998641,11.120000000000815,799.44000000022913,SSSW,model_assisted_not_ground_truth,0,0,0,0,0,0,0,0,0,0,0
3.91,177.00000000005437,92.999999999990408,42.000000000019185,0,152.0000000001215,59.000000000063949,28.000000000003197,318.00000000004479,11.480000000003198,900.59000000083506,SSSW,model_assisted_not_ground_truth,0,0,0,0,0,0,0,0,0,0,0
3.92,194.00000000006946,90.000000000093976,48.000000000008171,0,190.00000000013074,79.000000000032685,29.000000000004086,332.00000000004087,12.480000000000613,1161.7400000003106,SSSW,model_assisted_not_ground_truth,0,0,0,0,0,0,0,0,0,0,0
3.93,211.00000000002007,113.0000000001104,50.000000000005016,0,222.00000000010539,87.000000000040146,30,342.00000000004013,12.630000000000704,1237.7800000001957,SSSW,model_assisted_not_ground_truth,0,0,0,0,0,0,0,0,0,0,0
3.94,214.99999999997814,134.99999999987983,50.999999999994536,0,242.99999999988529,94.999999999956302,30,349.99999999995629,12.770000000000945,1276.7799999999997,SSSW,model_assisted_not_ground_truth,0,0,0,0,0,0,0,0,0,0,0
3.95,218.99999999998187,145.99999999995018,51,0,250.99999999996376,104.9999999999547,29.00000000000453,346.00000000001813,12.930000000000513,1276.7600000000682,SSSW,model_assisted_not_ground_truth,0,0,0,0,0,0,0,0,0,0,0
3.96,221.99999999998909,145.00000000000364,49.000000000007283,0,261.99999999995993,116.9999999999563,29,344.00000000000728,13.005000000000154,1286.7450000000204,SSSW,model_assisted_not_ground_truth,0,0,0,0,0,0,0,0,0,0,0
3.97,215.00000000001896,154.99999999997291,49.999999999997293,0,267.99999999998374,117.99999999999729,29,344,13.079999999999798,1296.729999999973,SSSW,model_assisted_not_ground_truth,0,0,0,0,0,0,0,0,0,0,0
3.98,196.00000000003459,143.00000000002186,49.000000000001819,0,268.99999999999818,115.00000000000546,28.000000000001819,335.00000000001637,13.219999999999747,1308.6699999999782,SSSW,model_assisted_not_ground_truth,0,0,0,0,0,0,0,0,0,0,0
3.99,187.00000000000799,137.00000000000534,48.000000000000888,0,268.00000000000091,109.00000000000533,14.000000000012434,327.00000000000711,13.38999999999985,1319.5899999999901,SSSW,model_assisted_not_ground_truth,0,0,0,0,0,0,0,0,0,0,0
4.00,175,130,48,0,268,108,12,322,13.550000000000001,1317.49,SSSW,model_assisted_not_ground_truth,0,0,0,0,0,0,0,0,0,0,0
4.01,164.99999999999466,125.99999999999555,49,0,267.99999999999733,108.00000000000178,12,314.99999999998488,13.690000000000044,1326.4600000000032,SSSW,model_assisted_not_ground_truth,0,0,0,0,0,0,0,0,0,0,0
4.02,158.99999999998508,120.9999999999888,48.999999999998131,0,264.99999999999812,109.99999999999626,11.999999999998135,297.99999999997573,13.740000000000093,1329.9350000000065,SSSW,model_assisted_not_ground_truth,0,0,0,0,0,0,0,0,0,0,0
4.03,150.99999999997797,114.99999999997797,48.000000000002757,0,263.99999999999449,108.00000000000826,11.000000000002753,284.99999999997522,13.790000000000495,1333.4100000000467,SSSW,model_assisted_not_ground_truth,0,0,0,0,0,0,0,0,0,0,0
4.04,142.99999999995265,106.99999999994174,48.999999999996355,0,261.99999999997817,110.99999999998907,11.999999999996358,275.99999999996356,13.970000000000292,1350.3700000000142,SSSW,model_assisted_not_ground_truth,0,0,0,0,0,0,0,0,0,0,0
4.05,129.99999999994563,90.999999999959229,47.999999999995467,0,255.99999999996376,107.99999999995018,11.00000000000453,265.99999999991394,14.050000000000544,1354.3300000000902,SSSW,model_assisted_not_ground_truth,0,0,0,0,0,0,0,0,0,0,0
4.06,117.99999999994493,81.999999999977973,46.999999999988987,0,247.99999999995595,96.99999999996146,11.999999999994493,246.99999999998349,14.17000000000033,1374.2700000000823,SSSW,model_assisted_not_ground_truth,0,0,0,0,0,0,0,0,0,0,0
4.07,108.00000000004974,78.000000000019895,45.000000000009948,0,240.00000000003979,90.000000000034817,11.000000000004974,244.00000000001492,14.230000000000384,1389.2000000000123,SSSW,model_assisted_not_ground_truth,0,0,0,0,0,0,0,0,0,0,0
4.08,80.000000000114397,67.000000000044935,44.000000000004086,0,230.00000000004087,78.000000000049027,10.000000000004086,236.00000000003268,14.290000000000399,1391.1299999999453,SSSW,model_assisted_not_ground_truth,0,0,0,0,0,0,0,0,0,0,0
4.09,71.000000000028777,53.000000000044764,43.000000000003197,0,217.00000000004155,65.000000000041567,9.0000000000031974,228.00000000002558,14.345000000000137,1383.5999999999813,SSSW,model_assisted_not_ground_truth,0,0,0,0,0,0,0,0,0,0,0
4.10,68.000000000006935,47.000000000013856,41.000000000004619,0,197.00000000004619,55.000000000023093,9,222.00000000001387,14.399999999999874,1376.0700000000172,SSSW,model_assisted_not_ground_truth,0,0,0,0,0,0,0,0,0,0,0
4.11,58.000000000013323,39.000000000010658,41.999999999998664,0,183.00000000001864,55,9,221.00000000000134,14.459999999999921,1416.0299999999468,SSSW,model_assisted_not_ground_truth,0,0,0,0,0,0,0,0,0,0,0
4.12,51.000000000003112,35.000000000001776,40.000000000000888,0,164.00000000000844,53.000000000000888,9,211.00000000000443,14.529999999999969,1436.0199999999911,SSSW,model_assisted_not_ground_truth,0,0,0,0,0,0,0,0,0,0,0
4.13,47.99999999999978,26.999999999998888,41,0,147.99999999999267,50.999999999999112,9,212.99999999999801,14.590000000000005,1440.9699999999964,SSSW,model_assisted_not_ground_truth,0,0,0,0,0,0,0,0,0,0,0
4.14,47.499999999999332,24.499999999996668,41,0,131.499999999978,48.999999999997335,9,208.499999999994,14.6,1432.9299999999828,SSSW,model_assisted_not_ground_truth,0,0,0,0,0,0,0,0,0,0,0
4.15,46.999999999997691,22.000000000002309,40.999999999997691,0,114.99999999991455,47,9,203.99999999998153,14.6,1419.90499999997,SSSW,model_assisted_not_ground_truth,0,0,0,0,0,0,0,0,0,0,0
4.16,46,22.999999999996803,40,0,77.999999999942446,47,9,195.99999999997442,14.600000000000191,1406.880000000019,SSSW,model_assisted_not_ground_truth,0,0,0,0,0,0,0,0,0,0,0
4.17,46,21.999999999995914,40,0,59.999999999971401,47,9,187.99999999996322,14.660000000000531,1412.8000000000197,SSSW,model_assisted_not_ground_truth,0,0,0,0,0,0,0,0,0,0,0
4.18,45.999999999995026,21,39.999999999990052,0,52.999999999990052,47,8.9999999999950262,178.99999999993037,14.790000000000198,1417.6399999999201,SSSW,model_assisted_not_ground_truth,0,0,0,0,0,0,0,0,0,0,0
4.19,45.000000000005414,21,38.000000000010836,0,51.000000000010836,47,8.0000000000054179,165.00000000007586,14.83000000000137,1401.5500000000695,SSSW,model_assisted_not_ground_truth,0,0,0,0,0,0,0,0,0,0,0
4.20,45,13.000000000036238,38.999999999995467,0,50.000000000004533,47,8.9999999999954703,164.00000000000452,15.060000000000958,1413.2599999998961,SSSW,model_assisted_not_ground_truth,0,0,0,0,0,0,0,0,0,0,0
4.21,45,19.999999999974509,38.000000000003638,0,48.000000000007283,47,9.9999999999963585,159.00000000001822,15.200000000001003,1398.0600000001689,SSSW,model_assisted_not_ground_truth,0,0,0,0,0,0,0,0,0,0,0
4.22,43.000000000005507,13.000000000019273,38,0,48,47,10,148.0000000000303,15.329999999999643,1419.9099999999398,SSSW,model_assisted_not_ground_truth,0,0,0,0,0,0,0,0,0,0,0
4.23,43,18.999999999989342,38.999999999998224,0,48.999999999998224,47,9.0000000000017764,135.00000000002308,15.37999999999991,1416.8600000000054,SSSW,model_assisted_not_ground_truth,0,0,0,0,0,0,0,0,0,0,0
4.24,42.000000000000888,20.999999999998224,39,0,45.000000000003553,47,8.0000000000008882,134.00000000000088,15.429999999999955,1413.8100000000027,SSSW,model_assisted_not_ground_truth,0,0,0,0,0,0,0,0,0,0,0
4.25,43,21,40,0,44,47,27,119,15.51,1418.71,SSSW,model_assisted_not_ground_truth,0,0,0,0,0,0,0,0,0,0,0
4.26,43,20.000000000000888,41,0,45,47,28.000000000000888,102.99999999999555,15.610000000000035,1428.5700000000008,SSSW,model_assisted_not_ground_truth,0,0,0,0,0,0,0,0,0,0,0
4.27,43,21.000000000001865,40.999999999998131,0,44.999999999998131,47,28.999999999998135,97.999999999972019,15.65000000000015,1429.5400000000111,SSSW,model_assisted_not_ground_truth,0,0,0,0,0,0,0,0,0,0,0
4.28,43,21.999999999997247,40,0,44.000000000002757,47.000000000002757,28.000000000002753,82.99999999996696,15.730000000000139,1435.4700000000262,SSSW,model_assisted_not_ground_truth,0,0,0,0,0,0,0,0,0,0,0
4.29,43.000000000003645,21.000000000007283,40.000000000007283,0,45,47.999999999992717,28.999999999992717,71.000000000010928,15.780000000000182,1444.9400000000346,SSSW,model_assisted_not_ground_truth,0,0,0,0,0,0,0,0,0,0,0
4.30,44,22.999999999990941,41.999999999995467,0,45.000000000018119,46,27,74.000000000031704,15.830000000000362,1454.4100000000496,SSSW,model_assisted_not_ground_truth,0,0,0,0,0,0,0,0,0,0,0
4.31,44.000000000005507,21.000000000005507,41.000000000005507,0,48.999999999994493,46,27.000000000011013,81.000000000022027,15.910000000000826,1465.3500000000929,SSSW,model_assisted_not_ground_truth,0,0,0,0,0,0,0,0,0,0,0
4.32,44.999999999995026,21.999999999995026,41.999999999995026,0,48.000000000004974,46,28.999999999990052,84.999999999980105,16.06000000000051,1482.2400000000061,SSSW,model_assisted_not_ground_truth,0,0,0,0,0,0,0,0,0,0,0
4.33,45,24.999999999987743,43.999999999991829,0,48.999999999995914,46,29.999999999995914,89.999999999979565,16.140000000001166,1483.1899999999414,SSSW,model_assisted_not_ground_truth,0,0,0,0,0,0,0,0,0,0,0
4.34,58.999999999955236,30.999999999980815,45.999999999993605,0,49,45.000000000003197,30.999999999996803,114.99999999992006,16.300000000000328,1475.1300000001145,SSSW,model_assisted_not_ground_truth,0,0,0,0,0,0,0,0,0,0,0
4.35,64.99999999998667,54.999999999946709,49.999999999991118,0,49.999999999997783,48.999999999991118,52.99999999995115,167.99999999988231,16.339999999999911,1489.1199999999687,SSSW,model_assisted_not_ground_truth,0,0,0,0,0,0,0,0,0,0,0
4.36,67.999999999996007,71.999999999977348,50,0,56.999999999990678,53.999999999993335,60.999999999989342,195.99999999996271,16.369999999999958,1500.1049999999852,SSSW,model_assisted_not_ground_truth,0,0,0,0,0,0,0,0,0,0,0
4.37,70.999999999998664,91.999999999991118,50,0,63.999999999996888,59.999999999997335,72.999999999994671,224.99999999998712,16.399999999999984,1511.0899999999951,SSSW,model_assisted_not_ground_truth,0,0,0,0,0,0,0,0,0,0,0
4.38,75.000000000001776,114.00000000000666,51.000000000000448,0,90.000000000003993,77.000000000003553,90.000000000005329,241.00000000000756,16.460000000000033,1524.0400000000107,SSSW,model_assisted_not_ground_truth,0,0,0,0,0,0,0,0,0,0,0
4.39,79.000000000015987,129.00000000001467,52.000000000004,0,99.000000000010658,85.000000000021316,102.000000000008,258.00000000001069,16.530000000000147,1548.0200000000573,SSSW,model_assisted_not_ground_truth,0,0,0,0,0,0,0,0,0,0,0
4.40,91.000000000009237,140.00000000001154,55.000000000009237,0,107.00000000003926,101.00000000002771,108.00000000002771,266.00000000001154,16.640000000000395,1590.9500000000874,SSSW,model_assisted_not_ground_truth,0,0,0,0,0,0,0,0,0,0,0
4.41,95.000000000022382,145.00000000004158,59.00000000001279,0,124.00000000001599,113.00000000003197,120,271.00000000004798,16.810000000000286,1628.8000000001884,SSSW,model_assisted_not_ground_truth,0,0,0,0,0,0,0,0,0,0,0
4.42,102.00000000004086,158.00000000003678,63.000000000057199,0,129.00000000002453,123.00000000001226,120.00000000004903,286.0000000000245,16.900000000000286,1687.720000000063,SSSW,model_assisted_not_ground_truth,0,0,0,0,0,0,0,0,0,0,0
4.43,112.00000000006963,167.00000000003979,77.000000000004974,0,135.00000000000497,126.00000000002984,132.00000000002984,292.00000000004974,16.970000000000347,1703.1500000000767,SSSW,model_assisted_not_ground_truth,0,0,0,0,0,0,0,0,0,0,0
4.44,125.99999999992414,174.99999999995666,77.999999999994586,0,135.99999999999457,131.99999999996749,137.99999999996749,301.99999999994583,17.040000000000358,1718.580000000107,SSSW,model_assisted_not_ground_truth,0,0,0,0,0,0,0,0,0,0,0
4.45,128.99999999998641,176.99999999999093,82.999999999977348,0,139.99999999998187,135.99999999998187,146.99999999995924,313.99999999994566,17.100000000000481,1736.5700000002391,SSSW,model_assisted_not_ground_truth,0,0,0,0,0,0,0,0,0,0,0
4.46,138.99999999996359,183.99999999997451,82.000000000003638,0,141.99999999999272,134.00000000000728,149.99999999998909,325.99999999995629,17.170000000000154,1771.5600000001546,SSSW,model_assisted_not_ground_truth,0,0,0,0,0,0,0,0,0,0,0
4.47,138.00000000000276,188.99999999998624,82.999999999997243,0,144.99999999999173,136.99999999999173,157.99999999997797,329.99999999998897,17.189999999999948,1791.5599999999449,SSSW,model_assisted_not_ground_truth,0,0,0,0,0,0,0,0,0,0,0
4.48,138,189.99999999999824,82.000000000001776,0,144.00000000000176,134.00000000000534,159.99999999999645,334.99999999999113,17.309999999999786,1803.5599999999786,SSSW,model_assisted_not_ground_truth,0,0,0,0,0,0,0,0,0,0,0
4.49,137.00000000000088,190,81.000000000000881,0,143.00000000000088,126.00000000000711,163.99999999999645,336.99999999999824,17.329999999999981,1813.5499999999911,SSSW,model_assisted_not_ground_truth,0,0,0,0,0,0,0,0,0,0,0
4.50,135,188,68,0,138,123,158,340,17.34,1810.05,SSSW,model_assisted_not_ground_truth,0,0,0,0,0,0,0,0,0,0,0
4.51,131.99999999999022,184.99999999999289,60.999999999992895,0,132.99999999999466,119.99999999999645,149.99999999999466,333.99999999999909,17.349999999999984,1806.5499999999458,SSSW,model_assisted_not_ground_truth,0,0,0,0,0,0,0,0,0,0,0
4.52,120.99999999998694,176.9999999999776,52.999999999998131,0,126.99999999997762,115.99999999998694,143.9999999999776,332.99999999998136,17.329999999999924,1745.5399999999963,SSSW,model_assisted_not_ground_truth,0,0,0,0,0,0,0,0,0,0,0
4.53,113.99999999995043,164.99999999996146,52,0,114.99999999996696,108.99999999991189,131.99999999998073,322.99999999993668,17.289999999999971,1743.5399999999117,SSSW,model_assisted_not_ground_truth,0,0,0,0,0,0,0,0,0,0,0
4.54,95.999999999923531,150.99999999990169,51.999999999985434,0,102.99999999986527,76.999999999923531,124.99999999994174,299.99999999996356,17.279999999999855,1711.5399999998288,SSSW,model_assisted_not_ground_truth,0,0,0,0,0,0,0,0,0,0,0
4.55,75.000000000004533,123.99999999988222,47.999999999990941,0,65.999999999936577,55.999999999959229,108.99999999989129,289.99999999992752,17.239999999999771,1664.5299999996421,SSSW,model_assisted_not_ground_truth,0,0,0,0,0,0,0,0,0,0,0
4.56,75.99999999996696,97.999999999917407,45.99999999998348,0,51.99999999998348,46.999999999988987,84.999999999878852,273.99999999992292,17.189999999999809,1585.5299999996282,SSSW,model_assisted_not_ground_truth,0,0,0,0,0,0,0,0,0,0,0
4.57,70.000000000029843,83.000000000074607,43.000000000014921,0,49.000000000014921,45.000000000009948,63.000000000109424,260.00000000006963,17.154999999999777,1518.0299999995684,SSSW,model_assisted_not_ground_truth,0,0,0,0,0,0,0,0,0,0,0
4.58,51.000000000077627,50.000000000134825,42.000000000004086,0,47.000000000008171,44.000000000004086,46.000000000069456,242.00000000007356,17.119999999999781,1450.5299999993081,SSSW,model_assisted_not_ground_truth,0,0,0,0,0,0,0,0,0,0,0
4.59,44.000000000022382,23.000000000086331,37.000000000015987,0,43.00000000001279,43.000000000003197,32.000000000044764,207.00000000011192,17.08999999999951,1355.5199999987335,SSSW,model_assisted_not_ground_truth,0,0,0,0,0,0,0,0,0,0,0
4.60,43.000000000002217,20.000000000006661,34.000000000006665,0,41.000000000004441,40.000000000006665,30.000000000004441,188.00000000004218,17.030000000000136,1200.5200000003442,SSSW,model_assisted_not_ground_truth,0,0,0,0,0,0,0,0,0,0,0
4.61,39.000000000005329,21.999999999997335,34,0,39.000000000002665,39.000000000001336,29.000000000001332,171.00000000002265,16.840000000000252,1103.5200000001291,SSSW,model_assisted_not_ground_truth,0,0,0,0,0,0,0,0,0,0,0
4.62,39,1.0000000000093259,34.999999999999559,0,39,39,29,147.00000000001066,16.820000000000007,1053.5100000000223,SSSW,model_assisted_not_ground_truth,0,0,0,0,0,0,0,0,0,0,0
4.63,38.999999999999552,0,35,0,38.999999999999552,37.999999999999552,28.999999999999556,128.99999999998889,16.769999999999758,1012.5099999999786,SSSW,model_assisted_not_ground_truth,0,0,0,0,0,0,0,0,0,0,0
4.64,38,0,34.999999999998664,0,38,37.000000000001336,28,103.99999999999733,16.224999999999273,964.40499999993585,SSSW,model_assisted_not_ground_truth,0,0,0,0,0,0,0,0,0,0,0
4.65,38,0,34.000000000004619,0,38.000000000002309,37.999999999997691,28,101.99999999993534,15.679999999995935,916.29999999951701,SSSW,model_assisted_not_ground_truth,0,0,0,0,0,0,0,0,0,0,0
4.66,37.999999999996803,0,35.999999999996803,0,38.999999999996803,36.999999999993605,27.999999999996803,73.999999999932854,13.920000000000064,707.15999999992289,SSSW,model_assisted_not_ground_truth,0,0,0,0,0,0,0,0,0,0,0
4.67,37,0,35,0,37.999999999995914,34.999999999987743,26.999999999926459,52.999999999885603,13.939999999999591,683.04999999991412,SSSW,model_assisted_not_ground_truth,0,0,0,0,0,0,0,0,0,0,0
4.68,37,0,35.000000000009948,0,37,32.000000000004974,8.9999999999900524,25,13.84,662.04999999992515,SSSW,model_assisted_not_ground_truth,0,0,0,0,0,0,0,0,0,0,0
4.69,37,0,36.999999999989164,0,37,32.999999999994586,7.0000000000108358,25,13.83999999999982,647.00999999990449,SSSW,model_assisted_not_ground_truth,0,0,0,0,0,0,0,0,0,0,0
4.70,37,0,37,0,37.999999999995467,32.000000000004533,7,18.000000000031708,13.809999999999624,630.96999999992477,SSSW,model_assisted_not_ground_truth,0,0,0,0,0,0,0,0,0,0,0
4.71,37.999999999996362,0,37,0,38,32,7,19.999999999992717,13.754999999999887,619.95999999997753,SSSW,model_assisted_not_ground_truth,0,0,0,0,0,0,0,0,0,0,0
4.72,38.999999999997243,0,36.000000000002757,0,38,32,1.9273471707492718e-11,18.000000000005507,13.70000000000015,608.9500000000304,SSSW,model_assisted_not_ground_truth,0,0,0,0,0,0,0,0,0,0,0
4.73,39,0,35.000000000001776,0,38,33.999999999996447,0,18.999999999998224,13.500000000000355,571.93000000006566,SSSW,model_assisted_not_ground_truth,0,0,0,0,0,0,0,0,0,0,0
4.74,39,1.9999999999982236,35,0,38.999999999999112,34,0,1.6875389974302379e-11,13.41000000000008,559.94000000001074,SSSW,model_assisted_not_ground_truth,0,0,0,0,0,0,0,0,0,0,0
4.75,38,0,36,0,39,34,0,0,13.41,552.91999999999996,SSSW,model_assisted_not_ground_truth,0,0,0,0,0,0,0,0,0,0,0
4.76,38,1.0000000000017764,37,0,39,33.999999999998224,0,0,13.299999999999876,536.91999999998313,SSSW,model_assisted_not_ground_truth,0,0,0,0,0,0,0,0,0,0,0
4.77,37.999999999964558,2.9999999999944045,37,0,39,32.00000000000373,0,0,13.160000000000037,517.92999999999427,SSSW,model_assisted_not_ground_truth,0,0,0,0,0,0,0,0,0,0,0
4.78,19.000000000019273,0,37,0,38.999999999997243,34,0,0,13.180000000000055,514.89999999999168,SSSW,model_assisted_not_ground_truth,0,0,0,0,0,0,0,0,0,0,0
4.79,26.000000000003642,6.1906035853155029e-11,37,0,38,34,0,0,13.199999999999781,511.86999999997443,SSSW,model_assisted_not_ground_truth,0,0,0,0,0,0,0,0,0,0,0
4.80,27,16.99999999999547,37,0,38,34,0,0,13.139999999999729,504.84999999991828,SSSW,model_assisted_not_ground_truth,0,0,0,0,0,0,0,0,0,0,0
4.81,27.000000000005507,16,37.000000000005507,0,37.999999999994493,34.000000000005507,0,0,13.079999999999945,486.8099999999834,SSSW,model_assisted_not_ground_truth,0,0,0,0,0,0,0,0,0,0,0
4.82,27.999999999995026,16,37.999999999995026,0,37.000000000004974,34.999999999995026,0,0,13.069999999999872,483.79999999995516,SSSW,model_assisted_not_ground_truth,0,0,0,0,0,0,0,0,0,0,0
4.83,20.000000000032685,11.000000000020428,38,0,30.000000000028599,34.000000000004086,0,0,13.049999999999855,476.78999999996353,SSSW,model_assisted_not_ground_truth,0,0,0,0,0,0,0,0,0,0,0
4.84,22.999999999990408,20.999999999968026,37.000000000003197,0,29.000000000003197,34.999999999996803,0,0,13.029999999999346,471.77999999991829,SSSW,model_assisted_not_ground_truth,0,0,0,0,0,0,0,0,0,0,0
4.85,21.000000000004441,20.00000000000222,36.000000000002217,0,35.999999999984453,35,0,0,12.950000000000177,461.7800000000222,SSSW,model_assisted_not_ground_truth,0,0,0,0,0,0,0,0,0,0,0
4.86,21.999999999998668,20.999999999998668,36.999999999998664,0,36,35,0,0,12.949999999999999,459.26000000000334,SSSW,model_assisted_not_ground_truth,0,0,0,0,0,0,0,0,0,0,0
4.87,22.999999999999556,21,37,0,37.999999999999112,35,0,0,12.949999999999999,456.74000000000115,SSSW,model_assisted_not_ground_truth,0,0,0,0,0,0,0,0,0,0,0
4.88,24.999999999999556,21.999999999999556,37.000000000000448,0,38.000000000000448,35,0,0,12.940000000000049,449.71999999999957,SSSW,model_assisted_not_ground_truth,0,0,0,0,0,0,0,0,0,0,0
4.89,24,20.999999999997335,38,0,39,35,0,0,13.050000000000388,448.64000000003989,SSSW,model_assisted_not_ground_truth,0,0,0,0,0,0,0,0,0,0,0
4.90,24,18.999999999997691,38,0,39,35,0,0,13.340000000000092,478.60000000001156,SSSW,model_assisted_not_ground_truth,0,0,0,0,0,0,0,0,0,0,0
4.91,24.000000000015987,17.999999999980815,38,0,39,35,0,0,13.380000000000001,483.59999999998075,SSSW,model_assisted_not_ground_truth,0,0,0,0,0,0,0,0,0,0,0
4.92,29.000000000008171,12.000000000012257,37.999999999991829,0,39,35,0,0,13.380000000000287,477.57000000000392,SSSW,model_assisted_not_ground_truth,0,0,0,0,0,0,0,0,0,0,0
4.93,30.999999999990052,14.999999999930367,36,0,38.999999999995026,35.000000000004974,0,4.9737991502686794e-12,13.44999999999995,478.52999999999497,SSSW,model_assisted_not_ground_truth,0,0,0,0,0,0,0,0,0,0,0
4.94,29.000000000010836,1.0000000000758504,36,0,38.000000000005414,35.999999999994586,0,0.99999999999458211,13.439999999999941,477.529999999994,SSSW,model_assisted_not_ground_truth,0,0,0,0,0,0,0,0,0,0,0
4.95,31.999999999986411,4.5297099404706387e-12,36,0,38,36,0,4.5297099404706387e-12,13.430000000000479,476.52999999999969,SSSW,model_assisted_not_ground_truth,0,0,0,0,0,0,0,0,0,0,0
4.96,30.000000000007283,0,35.000000000003638,0,33.000000000018204,35.000000000003638,0,0,13.499999999999845,476.49000000000007,SSSW,model_assisted_not_ground_truth,0,0,0,0,0,0,0,0,0,0,0
4.97,27.00000000000826,0,35.999999999997243,0,31.000000000005507,18.000000000046807,0,0,13.480000000000055,476.5,SSSW,model_assisted_not_ground_truth,0,0,0,0,0,0,0,0,0,0,0
4.98,24.000000000005329,0,35.000000000001776,0,30.000000000001776,18,0,0,13.56999999999984,477.44999999999828,SSSW,model_assisted_not_ground_truth,0,0,0,0,0,0,0,0,0,0,0
4.99,24.999999999999112,0,35.999999999999112,0,30,18,0,0,13.609999999999964,475.37000000000182,SSSW,model_assisted_not_ground_truth,0,0,0,0,0,0,0,0,0,0,0
5.00,28,0,36,0,30,16,0,0,13.73,474.29000000000002,SSSW,model_assisted_not_ground_truth,0,0,0,0,0,0,0,0,0,0,0
5.01,27,0,36,0,27.999999999999112,15.999999999997335,0,0,14.030000000000173,486.18000000000706,SSSW,model_assisted_not_ground_truth,0,0,0,0,0,0,0,0,0,0,0
5.02,26.999999999992539,0,36.000000000001869,0,26.999999999994404,12.999999999975753,0,0,14.225000000000364,494.1050000000148,SSSW,model_assisted_not_ground_truth,0,0,0,0,0,0,0,0,0,0,0
5.03,23.00000000000826,0,36.999999999997243,0,23.999999999997247,3.8546943415020493e-11,0,0,14.419999999999945,502.02999999998889,SSSW,model_assisted_not_ground_truth,0,0,0,0,0,0,0,0,0,0,0
5.04,26.000000000007283,5.8264504332381206e-11,36,0,23,14.000000000010925,0,0,14.400000000001238,498.01000000017098,SSSW,model_assisted_not_ground_truth,0,0,0,0,0,0,0,0,0,0,0
5.05,28.00000000000453,16,36.000000000009059,0,23.000000000018119,17,0,1.2230216839281847e-10,14.73999999999991,544.96000000004551,SSSW,model_assisted_not_ground_truth,0,0,0,0,0,0,0,0,0,0,0
5.06,29.000000000011013,15.999999999994493,38,0,26.999999999988987,17,0,27.000000000115641,14.71999999999934,555.00000000000034,SSSW,model_assisted_not_ground_truth,0,0,0,0,0,0,0,0,0,0,0
5.07,30.999999999990052,15.000000000004974,38,0,25.000000000009948,17,0,47.99999999989555,14.600000000000191,555.07000000006406,SSSW,model_assisted_not_ground_truth,0,0,0,0,0,0,0,0,0,0,0
5.08,32.999999999991829,16.999999999991829,38.999999999995914,0,17.000000000032685,17,0,42.000000000024514,14.629999999999747,565.07000000000016,SSSW,model_assisted_not_ground_truth,0,0,0,0,0,0,0,0,0,0,0
5.09,33.999999999996803,18.999999999993605,39.999999999996803,0,15.000000000006395,17,0,65.999999999923261,14.594999999999914,565.09000000000003,SSSW,model_assisted_not_ground_truth,0,0,0,0,0,0,0,0,0,0,0
5.10,34.999999999997783,22.999999999991118,40.999999999997783,0,14.00000000000222,17,0,66,14.560000000000079,565.11000000000001,SSSW,model_assisted_not_ground_truth,0,0,0,0,0,0,0,0,0,0,0
5.11,35,26.999999999994671,41,0,16.999999999996003,17,0,69.999999999994671,14.400000000000214,565.20999999999992,SSSW,model_assisted_not_ground_truth,0,0,0,0,0,0,0,0,0,0,0
5.12,37.999999999998664,27,41.999999999999559,0,12.00000000000222,17,0,77.999999999996447,13.970000000000191,564.48000000000036,SSSW,model_assisted_not_ground_truth,0,0,0,0,0,0,0,0,0,0,0
5.13,39.000000000000448,26.999999999999556,42,0,13.000000000003553,17.000000000006661,0,93.000000000007105,12.889999999999254,516.94999999994729,SSSW,model_assisted_not_ground_truth,0,0,0,0,0,0,0,0,0,0,0
5.14,40.000000000001336,26.000000000001332,42.000000000002665,0,20.999999999998668,32.000000000004,1.3322676295513995e-12,109.00000000002932,11.209999999997869,398.11999999997511,SSSW,model_assisted_not_ground_truth,0,0,0,0,0,0,0,0,0,0,0
5.15,41,27.000000000006928,43.999999999997691,0,20.000000000034639,35.000000000004619,1.0000000000138556,131.0000000000762,9.6099999999960968,379.44999999997572,SSSW,model_assisted_not_ground_truth,0,0,0,0,0,0,0,0,0,0,0
5.16,41.000000000003197,30.000000000015987,43.00000000001279,0,35.000000000019185,37.000000000009592,7.0000000000671463,164.00000000011832,7.9200000000020303,368.95000000028028,SSSW,model_assisted_not_ground_truth,0,0,0,0,0,0,0,0,0,0,0
5.17,42.000000000106226,35.000000000126654,47.000000000008171,0,41.000000000028599,40.000000000008171,28,201.00000000013893,8.5550000000025932,456.60500000035813,SSSW,model_assisted_not_ground_truth,0,0,0,0,0,0,0,0,0,0,0
5.18,68.000000000238742,66.000000000114397,49.000000000004974,0,48.000000000054712,42.000000000009948,28,235.00000000012932,9.1900000000005964,544.26000000022418,SSSW,model_assisted_not_ground_truth,0,0,0,0,0,0,0,0,0,0,0
5.19,115.99999999973994,88.999999999875385,49.999999999994586,0,58.9999999999404,43.999999999989164,28,260.99999999985914,9.3100000000013701,589.34000000013066,SSSW,model_assisted_not_ground_truth,0,0,0,0,0,0,0,0,0,0,0
5.20,160.99999999979616,118.99999999986412,48.000000000009059,0,101.99999999980523,44.999999999995467,28.99999999999547,289.99999999986863,9.5400000000027347,611.29000000004703,SSSW,model_assisted_not_ground_truth,0,0,0,0,0,0,0,0,0,0,0
5.21,171.99999999995995,124.99999999997814,48,0,138.99999999986525,51.999999999974506,29,297.9999999999709,9.940000000007803,618.1800000009581,SSSW,model_assisted_not_ground_truth,0,0,0,0,0,0,0,0,0,0,0
5.22,168.00000000001103,113.00000000003304,48,0,156.99999999995043,76.999999999931163,28.000000000002753,299.99999999999449,10.949999999997218,742.17999999965855,SSSW,model_assisted_not_ground_truth,0,0,0,0,0,0,0,0,0,0,0
5.23,162.00000000001066,91.00000000003908,43.000000000008882,0,161.99999999999113,84.999999999985789,28,300.99999999999824,11.469999999999077,870.34999999977231,SSSW,model_assisted_not_ground_truth,0,0,0,0,0,0,0,0,0,0,0
5.24,163.99999999999824,71.000000000017764,46.999999999996447,0,182.99999999998136,92.999999999992895,27.000000000000888,306.99999999999466,11.904999999999614,996.97999999988747,SSSW,model_assisted_not_ground_truth,0,0,0,0,0,0,0,0,0,0,0
5.25,176,88,48,0,213,112,30,320,12.34,1123.6099999999999,SSSW,model_assisted_not_ground_truth,0,0,0,0,0,0,0,0,0,0,0
5.26,192.99999999999821,120.00000000001243,48.999999999999112,0,231.00000000000711,113.00000000002665,29.000000000000888,325.99999999999909,12.440000000000008,1171.6600000000169,SSSW,model_assisted_not_ground_truth,0,0,0,0,0,0,0,0,0,0,0
5.27,191.00000000000188,134.0000000000056,48.000000000001869,0,239.00000000000747,143.00000000000372,29.999999999998135,324.99999999998693,12.450000000000484,1190.6800000000892,SSSW,model_assisted_not_ground_truth,0,0,0,0,0,0,0,0,0,0,0
5.28,191.99999999999173,136.99999999998897,48.999999999997243,0,243.00000000000551,145.00000000000827,29,317.99999999999727,12.71000000000058,1238.4499999999941,SSSW,model_assisted_not_ground_truth,0,0,0,0,0,0,0,0,0,0,0
5.29,188.99999999995995,132.99999999994174,47.999999999996355,0,245.00000000000364,148,28.999999999996358,316.99999999997817,12.920000000000655,1236.2999999999922,SSSW,model_assisted_not_ground_truth,0,0,0,0,0,0,0,0,0,0,0
5.30,177.99999999992301,116.99999999990487,47.000000000004533,0,245.99999999997735,147.99999999990939,27.999999999936584,310.99999999996373,13.100000000000385,1234.1700000000158,SSSW,model_assisted_not_ground_truth,0,0,0,0,0,0,0,0,0,0,0
5.31,160.99999999993392,95.999999999983487,48,0,240.99999999996697,128,13.999999999994493,302.99999999993395,13.185000000000468,1237.630000000019,SSSW,model_assisted_not_ground_truth,0,0,0,0,0,0,0,0,0,0,0
5.32,149.00000000005969,93.000000000014921,48,0,235.00000000002984,128,13.000000000004974,291.00000000005969,13.270000000001023,1241.0900000000636,SSSW,model_assisted_not_ground_truth,0,0,0,0,0,0,0,0,0,0,0
5.33,135.00000000005718,86.000000000028592,48,0,234.00000000000409,119.00000000003678,12.000000000004086,288.00000000001228,13.430000000000073,1251.039999999716,SSSW,model_assisted_not_ground_truth,0,0,0,0,0,0,0,0,0,0,0
5.34,121.00000000004476,85.000000000003197,47.000000000003197,0,231.00000000000961,115.00000000001279,11.000000000003197,278.00000000003195,13.440000000000245,1212.0400000000009,SSSW,model_assisted_not_ground_truth,0,0,0,0,0,0,0,0,0,0,0
5.35,110.00000000002443,82.000000000006665,47.999999999997783,0,226.00000000001111,117.99999999999334,10.00000000000222,274.00000000000887,13.469999999999935,1212.1499999999999,SSSW,model_assisted_not_ground_truth,0,0,0,0,0,0,0,0,0,0,0
5.36,95.00000000001998,75.000000000009322,48,0,221.00000000000665,112.00000000000799,10.999999999998668,269.00000000000665,13.58999999999984,1237.1699999999666,SSSW,model_assisted_not_ground_truth,0,0,0,0,0,0,0,0,0,0,0
5.37,71.000000000010658,64.000000000004889,47.000000000000441,0,211.00000000000443,106.00000000000267,10.000000000000444,261.00000000000352,13.76999999999992,1235.130000000001,SSSW,model_assisted_not_ground_truth,0,0,0,0,0,0,0,0,0,0,0
5.38,67.999999999996888,51.999999999995559,43.999999999999112,0,195.99999999999466,95.999999999994671,10,255.99999999999778,13.845000000000033,1246.1000000000049,SSSW,model_assisted_not_ground_truth,0,0,0,0,0,0,0,0,0,0,0
5.39,60.999999999988006,41.999999999993335,42.000000000001336,0,183.99999999997601,83.999999999978684,10,250.99999999998801,13.920000000000133,1257.0699999999399,SSSW,model_assisted_not_ground_truth,0,0,0,0,0,0,0,0,0,0,0
5.40,51.999999999993072,36.999999999981526,42.999999999997691,0,165.99999999995842,67.999999999981526,10,241.99999999997922,14.020000000000207,1212.0000000000371,SSSW,model_assisted_not_ground_truth,0,0,0,0,0,0,0,0,0,0,0
5.41,48.999999999990408,28.999999999996803,42,0,147.9999999998785,59.999999999980815,10,232.99999999992966,14.110000000000479,1228.0299999999966,SSSW,model_assisted_not_ground_truth,0,0,0,0,0,0,0,0,0,0,0
5.42,46,27.999999999975486,42,0,109.99999999991829,53.999999999995914,10,210.99999999996322,14.260000000000531,1226.9799999999916,SSSW,model_assisted_not_ground_truth,0,0,0,0,0,0,0,0,0,0,0
5.43,46,22,41.999999999995026,0,89.999999999860734,52.999999999985079,10,201.99999999998508,14.390000000000747,1224.9200000000244,SSSW,model_assisted_not_ground_truth,0,0,0,0,0,0,0,0,0,0,0
5.44,46,22,41.000000000005414,0,62.000000000151701,50.000000000016257,10,199.00000000001626,14.540000000000298,1229.8299999999672,SSSW,model_assisted_not_ground_truth,0,0,0,0,0,0,0,0,0,0,0
5.45,46,22.99999999999547,41,0,56.000000000027178,47.000000000013586,10,190.00000000004076,14.590000000000341,1224.3149999999623,SSSW,model_assisted_not_ground_truth,0,0,0,0,0,0,0,0,0,0,0
5.46,45.000000000003638,20.000000000010925,41.999999999996362,0,53.000000000010928,47,27.999999999934452,183.00000000002549,14.640000000000695,1218.7999999999918,SSSW,model_assisted_not_ground_truth,0,0,0,0,0,0,0,0,0,0,0
5.47,45,20.999999999997247,42,0,53,47.999999999997243,28,162.00000000005781,14.729999999999752,1217.740000000003,SSSW,model_assisted_not_ground_truth,0,0,0,0,0,0,0,0,0,0,0
5.48,45,14.000000000012434,42,0,52.000000000001776,47.000000000001776,28,153.00000000001597,14.809999999999858,1219.6799999999967,SSSW,model_assisted_not_ground_truth,0,0,0,0,0,0,0,0,0,0,0
5.49,45,20.999999999993783,40.000000000001776,0,50.000000000001776,47,28,132.00000000001864,14.909999999999911,1219.5899999999999,SSSW,model_assisted_not_ground_truth,0,0,0,0,0,0,0,0,0,0,0
5.50,44,19,39,0,49,48,28,117,15.07,1221.4100000000001,SSSW,model_assisted_not_ground_truth,0,0,0,0,0,0,0,0,0,0,0
5.51,43.999999999999112,13.999999999999112,41,0,48.999999999997335,47,27.999999999999112,93.999999999988447,15.12500000000005,1227.8700000000058,SSSW,model_assisted_not_ground_truth,0,0,0,0,0,0,0,0,0,0,0
5.52,43,13.000000000013056,41,0,45.999999999998131,47,27.00000000000373,80.999999999977618,15.180000000000206,1234.3300000000147,SSSW,model_assisted_not_ground_truth,0,0,0,0,0,0,0,0,0,0,0
5.53,43,19.999999999997247,41.000000000002757,0,45,47,28.999999999997247,68.99999999996696,15.290000000000495,1242.2400000000407,SSSW,model_assisted_not_ground_truth,0,0,0,0,0,0,0,0,0,0,0
5.54,43,19.000000000007283,42,0,45,46.999999999996355,28.000000000003642,56.999999999992717,15.470000000000329,1257.0600000000325,SSSW,model_assisted_not_ground_truth,0,0,0,0,0,0,0,0,0,0,0
5.55,43.000000000004533,20.99999999999547,41.999999999995467,0,45.000000000004533,45.999999999995467,29,55.000000000004533,15.560000000000453,1265.9900000001039,SSSW,model_assisted_not_ground_truth,0,0,0,0,0,0,0,0,0,0,0
5.56,44,20,41.000000000011013,0,45.999999999988987,45,29,56.000000000005507,15.660000000000496,1288.9300000000878,SSSW,model_assisted_not_ground_truth,0,0,0,0,0,0,0,0,0,0,0
5.57,44,20,42.999999999990052,0,44.000000000009948,45,29,56.999999999995026,15.750000000000735,1304.8700000000663,SSSW,model_assisted_not_ground_truth,0,0,0,0,0,0,0,0,0,0,0
5.58,44,19.000000000004086,42.000000000004086,0,48.999999999979572,44.000000000004086,29.999999999995914,69.99999999994688,15.865000000000837,1315.2550000000756,SSSW,model_assisted_not_ground_truth,0,0,0,0,0,0,0,0,0,0,0
5.59,47.99999999998721,22.99999999998721,43.999999999993605,0,48.000000000003197,44,30,90.999999999932854,15.980000000000899,1325.6400000000974,SSSW,model_assisted_not_ground_truth,0,0,0,0,0,0,0,0,0,0,0
5.60,57.999999999977796,31.999999999980016,44.999999999997783,0,48,44.999999999997783,31.999999999995559,121.99999999993116,16.089999999999755,1337.5399999999736,SSSW,model_assisted_not_ground_truth,0,0,0,0,0,0,0,0,0,0,0
5.61,63.999999999992006,38.999999999990678,45.999999999998664,0,49.999999999997335,41.000000000005329,40.999999999988006,156.99999999995336,16.14999999999992,1337.47,SSSW,model_assisted_not_ground_truth,0,0,0,0,0,0,0,0,0,0,0
5.62,65.499999999999332,63.499999999989114,47.499999999999332,0,54.999999999997783,52.499999999994891,59.499999999991786,180.49999999998957,16.289999999999935,1353.3499999999929,SSSW,model_assisted_not_ground_truth,0,0,0,0,0,0,0,0,0,0,0
5.63,67.000000000000895,88.000000000008882,49.000000000000448,0,60.000000000008441,64.000000000004448,78.000000000008001,204.00000000001421,16.440000000000023,1378.2200000000071,SSSW,model_assisted_not_ground_truth,0,0,0,0,0,0,0,0,0,0,0
5.64,69.000000000008001,108.00000000002932,50.000000000001336,0,79.000000000021316,74.00000000002531,96.000000000008001,236.00000000002797,16.490000000000066,1394.1900000000214,SSSW,model_assisted_not_ground_truth,0,0,0,0,0,0,0,0,0,0,0
5.65,75.000000000046185,130.00000000006236,51.000000000004619,0,95.000000000057739,93.000000000064659,102.00000000003695,257.00000000005082,16.540000000000163,1410.1600000000531,SSSW,model_assisted_not_ground_truth,0,0,0,0,0,0,0,0,0,0,0
5.66,95.000000000035172,157.00000000002558,53.00000000001279,0,120.00000000001599,121.00000000002238,118.00000000002238,279.00000000002876,16.610000000000799,1433.1300000001374,SSSW,model_assisted_not_ground_truth,0,0,0,0,0,0,0,0,0,0,0
5.67,106.00000000003268,165.00000000001634,57.000000000008171,0,125.00000000001226,128.00000000000819,125.00000000002044,288.00000000002041,16.860000000000571,1476.0500000001998,SSSW,model_assisted_not_ground_truth,0,0,0,0,0,0,0,0,0,0,0
5.68,114.00000000003979,169.00000000003482,59.00000000003979,0,128.0000000000199,130.00000000000995,130.00000000002487,293.00000000006463,17.000000000000945,1524.9500000001933,SSSW,model_assisted_not_ground_truth,0,0,0,0,0,0,0,0,0,0,0
5.69,121.99999999995666,175.99999999996209,66.999999999956657,0,131.99999999997834,131.99999999998917,134.99999999997291,305.99999999992957,17.190000000000893,1563.8000000001539,SSSW,model_assisted_not_ground_truth,0,0,0,0,0,0,0,0,0,0,0
5.70,123.99999999999093,176.99999999999548,74.999999999963762,0,132,130.00000000000907,137.99999999998641,314.99999999995924,17.340000000000511,1589.6500000000749,SSSW,model_assisted_not_ground_truth,0,0,0,0,0,0,0,0,0,0,0
5.71,127.99999999998543,180.99999999998545,79.999999999981796,0,132.99999999999636,130,140.99999999998909,322.9999999999709,17.415000000000152,1600.5850000000223,SSSW,model_assisted_not_ground_truth,0,0,0,0,0,0,0,0,0,0,0
5.72,130.99999999999173,183.99999999999173,80,0,137.99999999998624,131.99999999999449,157.99999999995319,335.99999999996419,17.489999999999792,1611.51999999997,SSSW,model_assisted_not_ground_truth,0,0,0,0,0,0,0,0,0,0,0
5.73,131.99999999999824,184.99999999999824,80.999999999998224,0,142.99999999999113,128.00000000000711,158.99999999999824,339.99999999999289,17.519999999999946,1625.5199999999752,SSSW,model_assisted_not_ground_truth,0,0,0,0,0,0,0,0,0,0,0
5.74,133.99999999999824,186.99999999999824,74.000000000006224,0,143.99999999999912,125.00000000000267,155.00000000000355,340.99999999999909,17.569999999999958,1650.5099999999777,SSSW,model_assisted_not_ground_truth,0,0,0,0,0,0,0,0,0,0,0
5.75,135,185,70,0,146,122,155,339,17.59,1663.5,SSSW,model_assisted_not_ground_truth,0,0,0,0,0,0,0,0,0,0,0
5.76,135.99999999999645,182.99999999999466,62.999999999993783,0,142.99999999999733,113.99999999998401,152.99999999999201,342.99999999999022,17.600000000000005,1662.4999999999948,SSSW,model_assisted_not_ground_truth,0,0,0,0,0,0,0,0,0,0,0
5.77,131.9999999999832,176.99999999996828,55.999999999992539,0,139.99999999997016,95.999999999968296,143.99999999997203,331.99999999998505,17.605000000000011,1656.4999999999889,SSSW,model_assisted_not_ground_truth,0,0,0,0,0,0,0,0,0,0,0
5.78,122.99999999997797,159.99999999996695,51.999999999997243,0,123.9999999999587,78.999999999939419,128.99999999996422,323.99999999997522,17.609999999999971,1650.4999999999752,SSSW,model_assisted_not_ground_truth,0,0,0,0,0,0,0,0,0,0,0
5.79,114.99999999994537,147.9999999999381,50.999999999992717,0,108.99999999990897,56.999999999974506,115.99999999996723,314.99999999996356,17.599999999999781,1641.4899999997924,SSSW,model_assisted_not_ground_truth,0,0,0,0,0,0,0,0,0,0,0
5.80,99.999999999886754,130.99999999984598,48.999999999986407,0,83.999999999859583,49.999999999972822,106.99999999990487,304.99999999995015,17.539999999999502,1584.4899999995152,SSSW,model_assisted_not_ground_truth,0,0,0,0,0,0,0,0,0,0,0
5.81,74.999999999944933,96.999999999779732,45.99999999998348,0,52.99999999996696,44,85.999999999889866,293.99999999984584,17.429999999999339,1477.4799999993888,SSSW,model_assisted_not_ground_truth,0,0,0,0,0,0,0,0,0,0,0
5.82,65.000000000049738,57.000000000198952,43.000000000014921,0,47.000000000029843,44,66.000000000099476,266.00000000013927,17.309999999999807,1366.4799999995139,SSSW,model_assisted_not_ground_truth,0,0,0,0,0,0,0,0,0,0,0
5.83,45.000000000081712,24.000000000134825,40.000000000012257,0,43.000000000016342,44,44.000000000089884,242.00000000009805,17.279999999998033,1290.4699999990896,SSSW,model_assisted_not_ground_truth,0,0,0,0,0,0,0,0,0,0,0
5.84,44.000000000003197,19.000000000015987,37.000000000009592,0,43,42.000000000006395,32.000000000038369,215.00000000008635,17.009999999999838,1165.4699999996935,SSSW,model_assisted_not_ground_truth,0,0,0,0,0,0,0,0,0,0,0
5.85,44.999999999997783,20.999999999995559,37,0,42.000000000002217,40.000000000004441,29.000000000006661,184.00000000006884,16.989999999999931,1127.9699999998702,SSSW,model_assisted_not_ground_truth,0,0,0,0,0,0,0,0,0,0,0
5.86,43.000000000002665,7.0000000000186517,37,0,41.000000000001336,39.000000000001336,28.000000000001332,164.00000000002666,16.970000000000027,1090.47000000005,SSSW,model_assisted_not_ground_truth,0,0,0,0,0,0,0,0,0,0,0
5.87,42.000000000000441,3.1086244689504383e-12,37,0,41,38.000000000000441,28,158.00000000000267,16.400000000000251,1016.8500000000327,SSSW,model_assisted_not_ground_truth,0,0,0,0,0,0,0,0,0,0,0
5.88,38.999999999999552,0,37.999999999998664,0,40,39.999999999999552,28.999999999999556,134.99999999999423,15.19999999999971,942.75999999993564,SSSW,model_assisted_not_ground_truth,0,0,0,0,0,0,0,0,0,0,0
5.89,37.999999999998664,0,35.000000000001336,0,40,38.999999999998664,28,121.99999999997335,14.549999999999601,797.89999999999225,SSSW,model_assisted_not_ground_truth,0,0,0,0,0,0,0,0,0,0,0
5.90,37.000000000004619,0,36.000000000002309,0,40,38.000000000002309,27.999999999997691,101.99999999992379,14.249999999999895,792.12999999997578,SSSW,model_assisted_not_ground_truth,0,0,0,0,0,0,0,0,0,0,0
5.91,39,0,36.999999999993605,0,40,38.999999999993605,26.999999999939249,68.999999999910472,14.204999999999856,781.62999999996646,SSSW,model_assisted_not_ground_truth,0,0,0,0,0,0,0,0,0,0,0
5.92,39,0,35.000000000004086,0,39.999999999995914,36.999999999987743,7.9999999999918288,40.999999999930544,14.159999999999878,771.12999999995088,SSSW,model_assisted_not_ground_truth,0,0,0,0,0,0,0,0,0,0,0
5.93,39,0,36.000000000004974,0,39,34,6.0000000000049738,24.000000000049738,14.130000000000399,759.10999999995977,SSSW,model_assisted_not_ground_truth,0,0,0,0,0,0,0,0,0,0,0
5.94,39,0,36.999999999994586,0,39,34,6.9999999999945821,33.999999999945821,14.21000000000018,751.00999999985663,SSSW,model_assisted_not_ground_truth,0,0,0,0,0,0,0,0,0,0,0
5.95,39,0,36.000000000004533,0,39,34,7,23.000000000049827,14.239999999999316,726.9099999998358,SSSW,model_assisted_not_ground_truth,0,0,0,0,0,0,0,0,0,0,0
5.96,39,0,37.999999999992717,0,39,34.999999999996362,2.5490720645393594e-11,23,14.139999999999846,702.89999999980614,SSSW,model_assisted_not_ground_truth,0,0,0,0,0,0,0,0,0,0,0
5.97,39,0,37.000000000002757,0,39,34.000000000002757,0,13.000000000027534,14.120000000000054,677.82000000006906,SSSW,model_assisted_not_ground_truth,0,0,0,0,0,0,0,0,0,0,0
5.98,39,0.99999999999822364,37,0,39,34,0,12.000000000001776,13.820000000000533,658.98000000003344,SSSW,model_assisted_not_ground_truth,0,0,0,0,0,0,0,0,0,0,0
5.99,39,2.9999999999982236,36.000000000000888,0,39,34.999999999999112,0,1.0658141036401503e-11,13.645000000000156,625.47500000002981,SSSW,model_assisted_not_ground_truth,0,0,0,0,0,0,0,0,0,0,0
6.00,38,1,37,0,39,35,0,0,13.470000000000001,591.97000000000003,SSSW,model_assisted_not_ground_truth,0,0,0,0,0,0,0,0,0,0,0
6.01,29.999999999992006,1.7763568394018661e-12,38,0,38,34,0,0,13.389999999999983,567.91999999999553,SSSW,model_assisted_not_ground_truth,0,0,0,0,0,0,0,0,0,0,0
6.02,21.00000000000373,2.0000000000018652,38,0,38,33.999999999998131,0,0,13.36999999999998,562.90999999998496,SSSW,model_assisted_not_ground_truth,0,0,0,0,0,0,0,0,0,0,0
6.03,23,2.9999999999917399,37.999999999997243,0,38,33.000000000002757,0,0,13.359999999999173,554.87999999992587,SSSW,model_assisted_not_ground_truth,0,0,0,0,0,0,0,0,0,0,0
6.04,22.999999999996358,0,37,0,38,34.000000000003645,0,0,13.060000000000111,527.969999999945,SSSW,model_assisted_not_ground_truth,0,0,0,0,0,0,0,0,0,0,0
6.05,22.000000000002263,0,37,0,37.999999999990941,34.999999999997733,0,0,13.090000000001496,512.8699999999443,SSSW,model_assisted_not_ground_truth,0,0,0,0,0,0,0,0,0,0,0
6.06,22.499999999999911,0,37,0,36.000000000000355,34.500000000000085,0,0,13.419999999999394,500.58000000000317,SSSW,model_assisted_not_ground_truth,0,0,0,0,0,0,0,0,0,0,0
6.07,22.999999999997513,0,37,0,34.000000000009948,34.000000000002487,0,0,13.309999999999295,501.15500000000367,SSSW,model_assisted_not_ground_truth,0,0,0,0,0,0,0,0,0,0,0
6.08,21.000000000008171,15.99999999993463,37.999999999995914,0,33.000000000004086,34.999999999995914,0,0,13.200000000002694,501.73000000003475,SSSW,model_assisted_not_ground_truth,0,0,0,0,0,0,0,0,0,0,0
6.09,21.999999999996803,21.999999999980815,38,0,36.99999999998721,34.000000000003197,0,0,13.569999999997059,506.50000000000205,SSSW,model_assisted_not_ground_truth,0,0,0,0,0,0,0,0,0,0,0
6.10,21.00000000000222,20.000000000004441,38,0,37,34,0,0,13.2100000000008,506.74999999999943,SSSW,model_assisted_not_ground_truth,0,0,0,0,0,0,0,0,0,0,0
6.11,19.000000000002665,14.000000000007994,38,0,37.999999999998664,34.999999999998664,0,0,13.589999999999494,506.50000000000034,SSSW,model_assisted_not_ground_truth,0,0,0,0,0,0,0,0,0,0,0
6.12,21.999999999998668,17.999999999998224,38,0,38.999999999999559,34.000000000000441,0,0,13.729999999999938,506.41000000000008,SSSW,model_assisted_not_ground_truth,0,0,0,0,0,0,0,0,0,0,0
6.13,22.000000000000444,12.999999999994227,38.000000000000448,0,39,34.000000000000448,0,0,13.820000000000018,507.35999999999956,SSSW,model_assisted_not_ground_truth,0,0,0,0,0,0,0,0,0,0,0
6.14,22.999999999992895,0,38.999999999995737,0,39,35,0,0,13.860000000000035,506.32999999999998,SSSW,model_assisted_not_ground_truth,0,0,0,0,0,0,0,0,0,0,0
6.15,18.000000000011546,0,36,0,38.999999999997691,34.999999999995381,0,0,13.885000000000058,506.31499999999994,SSSW,model_assisted_not_ground_truth,0,0,0,0,0,0,0,0,0,0,0
6.16,22.999999999990408,0,36,0,38,33.000000000003197,0,0,13.910000000000064,506.30000000000962,SSSW,model_assisted_not_ground_truth,0,0,0,0,0,0,0,0,0,0,0
6.17,20.000000000016342,0,36,0,38,34.000000000004086,0,0,13.929999999999877,509.29999999998364,SSSW,model_assisted_not_ground_truth,0,0,0,0,0,0,0,0,0,0,0
6.18,24,0,36,0,37.999999999995026,34.999999999995026,0,0,13.899999999999851,505.29999999998012,SSSW,model_assisted_not_ground_truth,0,0,0,0,0,0,0,0,0,0,0
6.19,24,0,36,0,37.000000000005414,34.000000000005414,0,0,13.869999999999939,501.29999999997614,SSSW,model_assisted_not_ground_truth,0,0,0,0,0,0,0,0,0,0,0
6.20,21.000000000013589,0,36,0,34.000000000013586,33.000000000004533,0,0,13.859999999999999,497.2900000000206,SSSW,model_assisted_not_ground_truth,0,0,0,0,0,0,0,0,0,0,0
6.21,20.000000000003642,0,35.000000000003638,0,34.999999999996362,33.999999999996362,0,0,13.859999999999769,500.30000000000405,SSSW,model_assisted_not_ground_truth,0,0,0,0,0,0,0,0,0,0,0
6.22,20.999999999997247,0,35,0,34.000000000002757,34,0,0,13.829999999999913,500.82000000000153,SSSW,model_assisted_not_ground_truth,0,0,0,0,0,0,0,0,0,0,0
6.23,22.999999999996447,0,35.999999999998224,0,34,34,0,0,13.800000000000054,501.33999999999907,SSSW,model_assisted_not_ground_truth,0,0,0,0,0,0,0,0,0,0,0
6.24,25.999999999997335,0,35.000000000000888,0,33.000000000000888,34,0,0,13.650000000000134,498.42000000000263,SSSW,model_assisted_not_ground_truth,0,0,0,0,0,0,0,0,0,0,0
6.25,27,6,36,0,32,34,0,0,13.69,512.45000000000005,SSSW,model_assisted_not_ground_truth,0,0,0,0,0,0,0,0,0,0,0
6.26,30.000000000000888,10.000000000002665,38.000000000001776,0,31.999999999999112,34,0,15.000000000002665,13.310000000000063,517.72000000000446,SSSW,model_assisted_not_ground_truth,0,0,0,0,0,0,0,0,0,0,0
6.27,31.000000000005596,12.999999999998135,40.00000000000373,0,31,34,0,18.000000000005596,13.380000000000244,522.69000000002427,SSSW,model_assisted_not_ground_truth,0,0,0,0,0,0,0,0,0,0,0
6.28,34.000000000011013,12.000000000022027,42,0,30.999999999994493,34,0,21.00000000005782,13.510000000000193,535.6700000000219,SSSW,model_assisted_not_ground_truth,0,0,0,0,0,0,0,0,0,0,0
6.29,38.000000000003645,20,42,0,29.000000000003642,34,0,42.000000000087397,13.580000000000254,543.65500000002908,SSSW,model_assisted_not_ground_truth,0,0,0,0,0,0,0,0,0,0,0
6.30,39.000000000009059,19.999999999990941,42,0,30.000000000027178,34,0,66.000000000099661,13.65000000000154,551.64000000011265,SSSW,model_assisted_not_ground_truth,0,0,0,0,0,0,0,0,0,0,0
6.31,41,18.000000000044054,42,0,36.000000000005507,34,0,88.000000000110134,13.990000000000496,576.52000000004386,SSSW,model_assisted_not_ground_truth,0,0,0,0,0,0,0,0,0,0,0
6.32,41,25.99999999996021,42,0,36.999999999995026,34,0,107.99999999990052,14.08000000000032,584.48000000003185,SSSW,model_assisted_not_ground_truth,0,0,0,0,0,0,0,0,0,0,0
6.33,41.999999999995914,25.000000000004086,42,0,37.999999999995914,34.999999999995914,0,113.99999999997549,14.129999999999418,589.45999999998583,SSSW,model_assisted_not_ground_truth,0,0,0,0,0,0,0,0,0,0,0
6.34,42.999999999996803,25,42,0,38.999999999996803,35,0,121.99999999997442,14.049999999999265,587.51000000000045,SSSW,model_assisted_not_ground_truth,0,0,0,0,0,0,0,0,0,0,0
6.35,43,30.999999999986677,42,0,39,35,0,139.99999999996004,13.9600000000002,587.56999999999994,SSSW,model_assisted_not_ground_truth,0,0,0,0,0,0,0,0,0,0,0
6.36,43.999999999998664,25.000000000007994,42,0,39,35,0,148.99999999998801,13.740000000000293,581.70000000000789,SSSW,model_assisted_not_ground_truth,0,0,0,0,0,0,0,0,0,0,0
6.37,43.000000000000441,28.999999999998224,42,0,38.000000000000441,38.999999999998224,0,162.99999999999378,13.620000000000053,586.80999999999767,SSSW,model_assisted_not_ground_truth,0,0,0,0,0,0,0,0,0,0,0
6.38,48.000000000005329,28.00000000000222,42,0,39,39,4.4408920985046651e-13,176.00000000000665,13.019999999999733,539.47499999997899,SSSW,model_assisted_not_ground_truth,0,0,0,0,0,0,0,0,0,0,0
6.39,60.000000000005684,33.000000000008527,42,0,39,39.000000000002842,1.0000000000071054,191.00000000000711,12.419999999997939,492.13999999990091,SSSW,model_assisted_not_ground_truth,0,0,0,0,0,0,0,0,0,0,0
6.40,64.000000000013856,39.000000000006928,42.000000000004619,0,39.000000000004619,41.000000000006928,6.0000000000508038,196.00000000002771,10.969999999997114,422.43000000000757,SSSW,model_assisted_not_ground_truth,0,0,0,0,0,0,0,0,0,0,0
6.41,70.000000000041567,42.00000000002558,44.000000000003197,0,41.000000000028777,44.000000000006395,28.000000000003197,208.00000000003837,9.7199999999934779,425.7099999998515,SSSW,model_assisted_not_ground_truth,0,0,0,0,0,0,0,0,0,0,0
6.42,83.000000000089884,50.000000000057199,45.000000000012257,0,50.000000000118483,46.000000000004086,29,220.00000000019611,7.680000000004167,379.27000000067557,SSSW,model_assisted_not_ground_truth,0,0,0,0,0,0,0,0,0,0,0
6.43,105.00000000007958,64.000000000139266,48.000000000004974,0,79.000000000174083,47.000000000084555,29,268.00000000013426,8.7000000000022375,544.63000000055308,SSSW,model_assisted_not_ground_truth,0,0,0,0,0,0,0,0,0,0,0
6.44,120.99999999991331,91.999999999848299,48.999999999994586,0,113.99999999981037,63.999999999907899,29,294.99999999985374,9.1500000000044643,655.82000000064261,SSSW,model_assisted_not_ground_truth,0,0,0,0,0,0,0,0,0,0,0
6.45,151.99999999985957,122.99999999985958,49.999999999995467,0,138.99999999988677,77.999999999936591,29.99999999999547,315.9999999999049,9.9000000000051287,763.80000000073846,SSSW,model_assisted_not_ground_truth,0,0,0,0,0,0,0,0,0,0,0
6.46,177.99999999990533,132.99999999996359,49.000000000003638,0,165.99999999990169,95.99999999993446,30,328.99999999995265,10.650000000004713,871.7800000004471,SSSW,model_assisted_not_ground_truth,0,0,0,0,0,0,0,0,0,0,0
6.47,202.99999999993116,138.99999999998349,46.000000000008257,0,176.9999999999697,110.9999999999587,30,333.99999999998624,11.259999999998321,929.63999999984071,SSSW,model_assisted_not_ground_truth,0,0,0,0,0,0,0,0,0,0,0
6.48,203,107.00000000005684,45.000000000001776,0,176.00000000000176,107.00000000000711,29.000000000001776,328.00000000001069,11.959999999998757,1046.709999999792,SSSW,model_assisted_not_ground_truth,0,0,0,0,0,0,0,0,0,0,0
6.49,183.00000000001776,70.000000000032855,45,0,174.00000000000176,97.000000000008882,29,314.00000000001245,12.749999999999298,1239.6799999998286,SSSW,model_assisted_not_ground_truth,0,0,0,0,0,0,0,0,0,0,0
6.50,182,48,48,0,178,108,28,315,13.02,1365.6600000000001,SSSW,model_assisted_not_ground_truth,0,0,0,0,0,0,0,0,0,0,0
6.51,185.00000000000711,63.00000000000977,47.000000000000888,0,203.0000000000089,117.0000000000009,29,331.00000000000267,13.260000000000177,1443.6200000000372,SSSW,model_assisted_not_ground_truth,0,0,0,0,0,0,0,0,0,0,0
6.52,193.00000000002052,74.000000000029843,48.000000000001869,0,213.00000000001305,118.00000000000374,29,333.99999999999255,13.460000000000374,1485.5250000000781,SSSW,model_assisted_not_ground_truth,0,0,0,0,0,0,0,0,0,0,0
6.53,204.00000000000551,89.999999999983473,48.999999999997243,0,220.00000000001927,120.00000000000826,29,329.99999999998346,13.660000000000524,1527.430000000066,SSSW,model_assisted_not_ground_truth,0,0,0,0,0,0,0,0,0,0,0
6.54,206,84.000000000003638,48.000000000003645,0,227,123,28.999999999996358,324,13.850000000000291,1551.3500000001022,SSSW,model_assisted_not_ground_truth,0,0,0,0,0,0,0,0,0,0,0
6.55,205.99999999993204,84.999999999972815,48.999999999972822,0,226.99999999997283,122.99999999997281,28,323.99999999997283,13.930000000000906,1579.4500000000946,SSSW,model_assisted_not_ground_truth,0,0,0,0,0,0,0,0,0,0,0
6.56,190.99999999991189,78.999999999922906,43,0,220.99999999990638,116.99999999994493,27.999999999922906,317.99999999992843,14.130000000000717,1600.3500000000324,SSSW,model_assisted_not_ground_truth,0,0,0,0,0,0,0,0,0,0,0
6.57,175.00000000007958,65.000000000069633,43,0,204.00000000008455,107.00000000004974,14.000000000069633,305.00000000006469,14.260000000001215,1606.269999999992,SSSW,model_assisted_not_ground_truth,0,0,0,0,0,0,0,0,0,0,0
6.58,163.00000000004903,42.000000000093969,43,0,186.00000000007356,98.000000000036778,13.000000000004086,293.000000000049,14.450000000000982,1605.0400000000022,SSSW,model_assisted_not_ground_truth,0,0,0,0,0,0,0,0,0,0,0
6.59,140.00000000007356,39.000000000009592,42.000000000003197,0,173.00000000004155,80.000000000057554,12.000000000003197,286.0000000000224,14.585000000000335,1605.3550000000007,SSSW,model_assisted_not_ground_truth,0,0,0,0,0,0,0,0,0,0,0
6.60,134.00000000001333,31.000000000017764,41.000000000002217,0,166.00000000001555,64.000000000035527,12,275.00000000002444,14.7199999999997,1605.6699999999994,SSSW,model_assisted_not_ground_truth,0,0,0,0,0,0,0,0,0,0,0
6.61,115.00000000002531,25.000000000007994,41.999999999998664,0,160.00000000000799,54.000000000013323,11.000000000001332,260.00000000002001,14.849999999999827,1597.5600000000109,SSSW,model_assisted_not_ground_truth,0,0,0,0,0,0,0,0,0,0,0
6.62,101.00000000000622,21.000000000001776,42,0,153.0000000000031,52.000000000000888,10.000000000000444,252.00000000000355,14.939999999999959,1582.4900000000066,SSSW,model_assisted_not_ground_truth,0,0,0,0,0,0,0,0,0,0,0
6.63,86.999999999992454,25.000000000000444,42,0,145.99999999999378,49.999999999998664,11,244.99999999999733,14.990000000000014,1565.4699999999768,SSSW,model_assisted_not_ground_truth,0,0,0,0,0,0,0,0,0,0,0
6.64,69.999999999991473,26.000000000002842,41.999999999998579,0,131.9999999999801,47,11,238.99999999999005,15.019999999999943,1513.389999999983,SSSW,model_assisted_not_ground_truth,0,0,0,0,0,0,0,0,0,0,0
6.65,63.999999999981526,27.999999999986144,40.999999999997691,0,117.99999999996997,47,11,231.99999999999537,14.979999999999908,1501.4349999999724,SSSW,model_assisted_not_ground_truth,0,0,0,0,0,0,0,0,0,0,0
6.66,55.999999999968026,22.000000000009592,40,0,104.99999999992646,46.999999999996803,11,229.99999999998721,14.939999999999968,1489.4799999999266,SSSW,model_assisted_not_ground_truth,0,0,0,0,0,0,0,0,0,0,0
6.67,45.999999999997961,24.999999999989786,39.999999999997961,0,81.999999999938723,46.000000000002039,11,225.99999999997345,14.929999999999918,1466.5399999999102,SSSW,model_assisted_not_ground_truth,0,0,0,0,0,0,0,0,0,0,0
6.68,45.500000000000355,22.500000000001776,39.500000000000355,0,67.000000000010658,46.499999999999645,11,219.5000000000046,14.9100000000001,1444.5599999998858,SSSW,model_assisted_not_ground_truth,0,0,0,0,0,0,0,0,0,0,0
6.69,45.000000000002707,20.000000000013543,39.000000000002707,0,52.000000000081272,46.999999999997293,11,213.00000000003521,14.93000000000006,1421.589999999881,SSSW,model_assisted_not_ground_truth,0,0,0,0,0,0,0,0,0,0,0
6.70,45,13.000000000031708,38.000000000004533,0,51.000000000004533,47.999999999995467,27.999999999922995,197.00000000007248,14.939999999999726,1401.589999999788,SSSW,model_assisted_not_ground_truth,0,0,0,0,0,0,0,0,0,0,0
6.71,45,11.000000000007283,39.999999999992717,0,50.000000000003638,47.000000000003638,28,187.00000000003641,14.899999999999924,1370.6099999999924,SSSW,model_assisted_not_ground_truth,0,0,0,0,0,0,0,0,0,0,0
6.72,45,11.999999999997247,40,0,49.000000000002757,47,28,174.00000000003578,14.889999999999972,1369.6299999999972,SSSW,model_assisted_not_ground_truth,0,0,0,0,0,0,0,0,0,0,0
6.73,45,12.999999999998224,40,0,49,47,28,161.00000000002308,14.880000000000019,1368.6500000000019,SSSW,model_assisted_not_ground_truth,0,0,0,0,0,0,0,0,0,0,0
6.74,45,19.999999999993783,40.999999999999112,0,46.000000000002665,46.000000000000888,28,155.00000000000534,14.909999999999973,1361.620000000006,SSSW,model_assisted_not_ground_truth,0,0,0,0,0,0,0,0,0,0,0
6.75,45,20,41,0,46,47,28,147,14.94,1359.5999999999999,SSSW,model_assisted_not_ground_truth,0,0,0,0,0,0,0,0,0,0,0
6.76,45,20.000000000000888,41.000000000000888,0,45.999999999999112,47.999999999999112,28,116.99999999998667,14.940000000000035,1359.5900000000061,SSSW,model_assisted_not_ground_truth,0,0,0,0,0,0,0,0,0,0,0
6.77,45,20.999999999994404,42,0,45,47,28.000000000001865,102.00000000000374,14.980000000000112,1366.5500000000279,SSSW,model_assisted_not_ground_truth,0,0,0,0,0,0,0,0,0,0,0
6.78,45,18.000000000005507,42,0,44.999999999997243,46.999999999997243,29,103.99999999995319,15.040000000000028,1381.5100000000302,SSSW,model_assisted_not_ground_truth,0,0,0,0,0,0,0,0,0,0,0
6.79,45,20.000000000007283,42.000000000003645,0,44.000000000003645,46,28.999999999996358,86.999999999978144,15.050000000000036,1392.5050000000401,SSSW,model_assisted_not_ground_truth,0,0,0,0,0,0,0,0,0,0,0
6.80,45,22,43.000000000013593,0,45.000000000013593,46,28.00000000000453,81.000000000072475,15.060000000000272,1403.5000000000496,SSSW,model_assisted_not_ground_truth,0,0,0,0,0,0,0,0,0,0,0
6.81,45,21.999999999994493,46,0,48,45.999999999994493,29.000000000005507,96.999999999983487,15.120000000000109,1414.4500000000605,SSSW,model_assisted_not_ground_truth,0,0,0,0,0,0,0,0,0,0,0
6.82,45,21.000000000004974,46,0,48,45.000000000004974,29.999999999995026,94.000000000014921,15.140000000000384,1425.4200000000571,SSSW,model_assisted_not_ground_truth,0,0,0,0,0,0,0,0,0,0,0
6.83,55.999999999955058,25.999999999979572,46.999999999995914,0,48,45,30.999999999995914,110.99999999993054,15.200000000000509,1434.3500000001382,SSSW,model_assisted_not_ground_truth,0,0,0,0,0,0,0,0,0,0,0
6.84,59.99999999998721,34.999999999971223,47,0,49.999999999993605,45,31.999999999996803,134.99999999992326,15.270000000000817,1453.3200000000643,SSSW,model_assisted_not_ground_truth,0,0,0,0,0,0,0,0,0,0,0
6.85,64.999999999988901,51.999999999962256,47.999999999997783,0,50,46.999999999995559,46.99999999996669,158.99999999994671,15.370000000000346,1461.2000000000273,SSSW,model_assisted_not_ground_truth,0,0,0,0,0,0,0,0,0,0,0
6.86,65.999999999998664,66.99999999998002,48.999999999998664,0,56.999999999990678,54.999999999989342,56.999999999986677,188.99999999996004,15.469999999999867,1469.0799999999895,SSSW,model_assisted_not_ground_truth,0,0,0,0,0,0,0,0,0,0,0
6.87,66.999999999999559,90.999999999989342,49.999999999999559,0,59.999999999998664,64.999999999995566,68.999999999994671,205.99999999999244,15.62999999999993,1483.9199999999935,SSSW,model_assisted_not_ground_truth,0,0,0,0,0,0,0,0,0,0,0
6.88,72.000000000000895,110.000000000008,51.000000000001336,0,77.000000000004889,79.000000000007105,83.000000000006665,238.00000000001245,15.910000000000071,1487.6800000000196,SSSW,model_assisted_not_ground_truth,0,0,0,0,0,0,0,0,0,0,0
6.89,74.000000000008527,128.00000000001279,54.000000000001421,0,88.00000000001279,95.000000000009948,98.000000000011369,266.00000000000995,16.070000000000384,1531.5200000000436,SSSW,model_assisted_not_ground_truth,0,0,0,0,0,0,0,0,0,0,0
6.90,80,137.00000000001617,55.000000000006928,0,97.000000000036948,102.00000000003233,106.00000000003003,273.00000000001387,16.34000000000044,1562.2400000001201,SSSW,model_assisted_not_ground_truth,0,0,0,0,0,0,0,0,0,0,0
6.91,80.00000000001279,144.00000000002558,58.000000000006395,0,113.00000000000639,116.00000000002238,119.00000000000959,279.0000000000224,16.530000000000371,1614.2000000000301,SSSW,model_assisted_not_ground_truth,0,0,0,0,0,0,0,0,0,0,0
6.92,84.000000000006125,152.0000000000143,60.000000000022467,0,115.00000000001022,122.99999999999795,122.00000000001225,285.99999999999795,16.645000000000472,1623.6100000000386,SSSW,model_assisted_not_ground_truth,0,0,0,0,0,0,0,0,0,0,0
6.93,85.499999999998934,155.4999999999975,65.499999999996092,0,117.49999999999822,122.50000000000036,124.99999999999787,285.50000000000034,16.760000000001394,1633.0200000001878,SSSW,model_assisted_not_ground_truth,0,0,0,0,0,0,0,0,0,0,0
6.94,86.999999999991871,158.99999999998104,70.9999999999702,0,119.99999999998646,122.00000000000271,127.99999999998374,285.00000000000273,17.040000000000951,1670.7900000000709,SSSW,model_assisted_not_ground_truth,0,0,0,0,0,0,0,0,0,0,0
6.95,96.999999999954696,163.99999999997735,78.999999999963762,0,121.99999999999093,123.99999999999093,127.00000000000453,305.9999999999049,17.200000000001435,1682.7000000002383,SSSW,model_assisted_not_ground_truth,0,0,0,0,0,0,0,0,0,0,0
6.96,97.999999999996362,166.99999999998909,79.999999999996362,0,122.99999999999636,124.99999999999636,137.99999999995995,316.99999999995993,17.41000000000054,1717.5300000000848,SSSW,model_assisted_not_ground_truth,0,0,0,0,0,0,0,0,0,0,0
6.97,104.99999999998073,171.99999999998624,82.999999999991743,0,123.99999999999724,121.00000000001101,139.99999999999449,319.99999999999176,17.479999999999809,1728.5199999999697,SSSW,model_assisted_not_ground_truth,0,0,0,0,0,0,0,0,0,0,0
6.98,104.00000000000178,171.00000000000176,83,0,125.99999999999645,117.00000000000711,146.99999999998755,324.99999999999113,17.529999999999912,1747.5199999999663,SSSW,model_assisted_not_ground_truth,0,0,0,0,0,0,0,0,0,0,0
6.99,104,171.99999999999912,66.000000000015092,0,130.99999999999557,117.99999999999912,147,327.99999999999733,17.599999999999937,1757.0149999999915,SSSW,model_assisted_not_ground_truth,0,0,0,0,0,0,0,0,0,0,0
7.00,104,169,60,0,128,116,147,323,17.670000000000002,1766.51,SSSW,model_assisted_not_ground_truth,0,0,0,0,0,0,0,0,0,0,0
7.01,98.999999999995552,160.99999999999289,54,0,120.99999999998312,108.99999999998046,139.9999999999911,318.99999999998931,17.730000000000018,1766.4999999999902,SSSW,model_assisted_not_ground_truth,0,0,0,0,0,0,0,0,0,0,0
7.02,93.99999999997948,152.99999999997203,53.999999999994401,0,101.99999999997388,86.999999999962697,129.99999999997576,306.9999999999776,17.749999999999943,1755.4999999999384,SSSW,model_assisted_not_ground_truth,0,0,0,0,0,0,0,0,0,0,0
7.03,82.999999999972459,137.99999999993668,50.999999999994493,0,87.999999999922906,66.999999999958703,116.9999999999587,294.99999999997522,17.719999999999697,1722.4899999997385,SSSW,model_assisted_not_ground_truth,0,0,0,0,0,0,0,0,0,0,0
7.04,73.000000000003638,114.99999999992717,48.999999999985434,0,59.999999999963585,51.999999999963585,101.99999999993081,285.99999999993082,17.609999999999562,1627.4899999997342,SSSW,model_assisted_not_ground_truth,0,0,0,0,0,0,0,0,0,0,0
7.05,73.999999999932058,94.999999999827864,44.999999999986407,0,49.999999999972822,42.000000000004533,82.999999999900339,266.99999999989126,17.49000000000002,1554.4799999997599,SSSW,model_assisted_not_ground_truth,0,0,0,0,0,0,0,0,0,0,0
7.06,58.999999999922906,56.999999999812772,41.99999999996696,0,43.999999999988987,42.999999999994493,60.999999999851319,242.99999999986233,17.495000000000026,1501.4799999997081,SSSW,model_assisted_not_ground_truth,0,0,0,0,0,0,0,0,0,0,0
7.07,45.000000000069633,23.000000000169109,36.000000000029843,0,42.000000000009948,42.000000000004974,34.000000000134293,218.00000000012434,17.499999999999936,1448.4799999993286,SSSW,model_assisted_not_ground_truth,0,0,0,0,0,0,0,0,0,0,0
7.08,44.000000000004086,19.000000000016342,34.000000000008171,0,41.000000000004086,38.000000000016342,30.000000000016342,200.00000000007356,17.489999999999707,1343.4799999993372,SSSW,model_assisted_not_ground_truth,0,0,0,0,0,0,0,0,0,0,0
7.09,43.000000000003197,6.0751403907488566e-11,34,0,39.000000000006395,39.999999999993605,29.000000000003197,184.00000000005116,17.449999999996976,1252.4699999990848,SSSW,model_assisted_not_ground_truth,0,0,0,0,0,0,0,0,0,0,0
7.10,40.000000000006665,0,34.999999999997783,0,39.999999999997783,38.000000000004441,29,166.00000000003996,17.080000000000819,1140.4700000002488,SSSW,model_assisted_not_ground_truth,0,0,0,0,0,0,0,0,0,0,0
7.11,38.000000000002665,0,35,0,39.000000000001336,37.000000000001336,29,145.00000000002797,16.870000000000282,1055.4600000001133,SSSW,model_assisted_not_ground_truth,0,0,0,0,0,0,0,0,0,0,0
7.12,38,0,35,0,39,37,29,131.00000000000622,15.690000000000524,960.34000000004232,SSSW,model_assisted_not_ground_truth,0,0,0,0,0,0,0,0,0,0,0
7.13,38,0,35,0,38,35.999999999999112,28,104.99999999999245,15.094999999999736,900.19999999997333,SSSW,model_assisted_not_ground_truth,0,0,0,0,0,0,0,0,0,0,0
7.14,38,0,35.000000000001421,0,37.999999999998579,34,28,87.99999999998721,14.499999999999773,840.0599999999331,SSSW,model_assisted_not_ground_truth,0,0,0,0,0,0,0,0,0,0,0
7.15,37.999999999997691,0,36.000000000002309,0,37,33.999999999997691,28,78.999999999956117,14.339999999999284,793.02999999985229,SSSW,model_assisted_not_ground_truth,0,0,0,0,0,0,0,0,0,0,0
7.16,37,0,37.000000000003197,0,37.000000000006395,32.999999999993605,28,59.999999999939249,14.029999999999488,729.05999999990411,SSSW,model_assisted_not_ground_truth,0,0,0,0,0,0,0,0,0,0,0
7.17,37,0,38,0,38.999999999995914,31,27.999999999914202,40.99999999993463,13.869999999999386,699.08999999982825,SSSW,model_assisted_not_ground_truth,0,0,0,0,0,0,0,0,0,0,0
7.18,37.000000000004974,0,38,0,38,31.000000000004974,7,24.999999999995026,13.719999999999304,657.04999999986069,SSSW,model_assisted_not_ground_truth,0,0,0,0,0,0,0,0,0,0,0
7.19,37.999999999994586,0,38,0,38,31.999999999994582,7,24.000000000005418,13.579999999999583,629.03999999992254,SSSW,model_assisted_not_ground_truth,0,0,0,0,0,0,0,0,0,0,0
7.20,38,0,38,0,38,31.00000000000453,6.0000000000045297,23.00000000000453,13.509999999999623,616.02999999994177,SSSW,model_assisted_not_ground_truth,0,0,0,0,0,0,0,0,0,0,0
7.21,38.999999999996362,0,36.000000000007283,0,37.000000000003638,31.999999999996358,2.1849189124623081e-11,12.000000000040057,13.454999999999888,607.52499999998258,SSSW,model_assisted_not_ground_truth,0,0,0,0,0,0,0,0,0,0,0
7.22,39,2.9999999999917399,36,0,37.999999999997243,32,0,11.000000000002753,13.400000000000151,599.0200000000234,SSSW,model_assisted_not_ground_truth,0,0,0,0,0,0,0,0,0,0,0
7.23,38.000000000001776,6.9999999999928946,36.999999999998224,0,38,31.000000000001776,0,1.9539925233402755e-11,13.350000000000088,591.02000000001419,SSSW,model_assisted_not_ground_truth,0,0,0,0,0,0,0,0,0,0,0
7.24,38.999999999999112,13.999999999993783,35.000000000001776,0,38.999999999999112,31.999999999999112,0,0,13.310000000000036,574.00000000001512,SSSW,model_assisted_not_ground_truth,0,0,0,0,0,0,0,0,0,0,0
7.25,37,19,36,0,39,32,0,0,13.25,557.97000000000003,SSSW,model_assisted_not_ground_truth,0,0,0,0,0,0,0,0,0,0,0
7.26,22.000000000002665,16.000000000000888,36.999999999999112,0,38,32.000000000001776,0,0,13.170000000000009,551.97999999999729,SSSW,model_assisted_not_ground_truth,0,0,0,0,0,0,0,0,0,0,0
7.27,25,17.000000000005596,35.999999999998131,0,38,34,0,0,13.17999999999998,548.95999999999344,SSSW,model_assisted_not_ground_truth,0,0,0,0,0,0,0,0,0,0,0
7.28,24.999999999997247,19.999999999997247,35.000000000002757,0,38,34,0,0,13.169999999999973,545.45499999999038,SSSW,model_assisted_not_ground_truth,0,0,0,0,0,0,0,0,0,0,0
7.29,24,18.999999999998177,35.999999999998181,0,38,34,0,0,13.159999999999672,541.94999999993809,SSSW,model_assisted_not_ground_truth,0,0,0,0,0,0,0,0,0,0,0
7.30,24,18.499999999997733,35.499999999997733,0,38,34,0,0,13.07,524.9299999999954,SSSW,model_assisted_not_ground_truth,0,0,0,0,0,0,0,0,0,0,0
7.31,24.000000000005507,18.000000000027534,35.000000000005507,0,37.999999999972466,34,0,0,13.07,523.92999999998324,SSSW,model_assisted_not_ground_truth,0,0,0,0,0,0,0,0,0,0,0
7.32,24.999999999995026,22.999999999975131,35.999999999995026,0,33.000000000024869,34,0,0,13.069999999999936,520.89999999998088,SSSW,model_assisted_not_ground_truth,0,0,0,0,0,0,0,0,0,0,0
7.33,25,23,36.999999999995914,0,33,35.999999999991829,0,0,13.060000000000292,517.91000000001441,SSSW,model_assisted_not_ground_truth,0,0,0,0,0,0,0,0,0,0,0
7.34,33.999999999971223,24.999999999993605,37,0,36.99999999998721,35.000000000003197,0,0,13.1,519.8899999999918,SSSW,model_assisted_not_ground_truth,0,0,0,0,0,0,0,0,0,0,0
7.35,34,20.000000000011102,37,0,37,35.999999999997783,0,0,13.1,518.88499999999647,SSSW,model_assisted_not_ground_truth,0,0,0,0,0,0,0,0,0,0,0
7.36,34,17.000000000003997,37,0,37.999999999998664,36,0,0,13.1,517.88000000000136,SSSW,model_assisted_not_ground_truth,0,0,0,0,0,0,0,0,0,0,0
7.37,35.999999999999112,22.999999999997335,37.999999999999559,0,39.999999999999112,36,0,0,13.109999999999996,515.87000000000091,SSSW,model_assisted_not_ground_truth,0,0,0,0,0,0,0,0,0,0,0
7.38,35.999999999998664,19.999999999998668,37,0,41,36,0,0,13.09,515.87,SSSW,model_assisted_not_ground_truth,0,0,0,0,0,0,0,0,0,0,0
7.39,33.000000000001421,17,37,0,40.999999999998579,35.999999999998579,0,0,13.090000000000014,515.85999999999433,SSSW,model_assisted_not_ground_truth,0,0,0,0,0,0,0,0,0,0,0
7.40,34,16.999999999997691,36.999999999997691,0,39.999999999997691,35,0,0,13.100000000000277,511.84000000003226,SSSW,model_assisted_not_ground_truth,0,0,0,0,0,0,0,0,0,0,0
7.41,33.999999999996803,16.000000000009592,36,0,38.999999999996803,34.999999999996803,0,2.2382096176463512e-11,13.220000000000161,525.82000000002881,SSSW,model_assisted_not_ground_truth,0,0,0,0,0,0,0,0,0,0,0
7.42,33.000000000004086,19.000000000004086,36,0,38,34,0,6.9999999999754863,13.27000000000004,534.82000000000619,SSSW,model_assisted_not_ground_truth,0,0,0,0,0,0,0,0,0,0,0
7.43,33.999999999995026,19.999999999995026,36.000000000004974,0,37.999999999980105,34,0,1.000000000024869,13.280000000000049,536.32500000000755,SSSW,model_assisted_not_ground_truth,0,0,0,0,0,0,0,0,0,0,0
7.44,33.000000000005414,19.000000000005418,36.999999999994586,0,34.000000000021672,34,0,5.9999999999729106,13.290000000000179,537.83000000004176,SSSW,model_assisted_not_ground_truth,0,0,0,0,0,0,0,0,0,0,0
7.45,33,17.000000000009059,37,0,34,34.999999999995467,0,11.999999999972822,13.320000000000411,544.8400000000272,SSSW,model_assisted_not_ground_truth,0,0,0,0,0,0,0,0,0,0,0
7.46,32.000000000003638,17,37,0,32.000000000007283,34.000000000003638,0,10.000000000007283,13.380000000000386,548.82000000002313,SSSW,model_assisted_not_ground_truth,0,0,0,0,0,0,0,0,0,0,0
7.47,32.999999999997243,20.999999999988987,36.000000000002757,0,32,34.999999999997243,0,10,13.429999999999861,551.79999999999177,SSSW,model_assisted_not_ground_truth,0,0,0,0,0,0,0,0,0,0,0
7.48,32.000000000001776,22.999999999996447,36.999999999998224,0,30.000000000003553,35,0,12.999999999994671,13.539999999999804,559.75999999998589,SSSW,model_assisted_not_ground_truth,0,0,0,0,0,0,0,0,0,0,0
7.49,31.000000000000888,14.000000000007994,37,0,27.000000000002665,18.000000000015099,0,13,13.679999999999875,564.67999999999563,SSSW,model_assisted_not_ground_truth,0,0,0,0,0,0,0,0,0,0,0
7.50,31,17,37,0,15,17,0,1,14.050000000000001,582.50999999999999,SSSW,model_assisted_not_ground_truth,0,0,0,0,0,0,0,0,0,0,0
7.51,33,16,36.999999999999112,0,16.000000000002665,18.000000000013323,0,8.0000000000115463,14.165000000000102,589.45500000000618,SSSW,model_assisted_not_ground_truth,0,0,0,0,0,0,0,0,0,0,0
7.52,33.000000000005599,16.000000000005596,36.000000000001869,0,19,33.000000000001869,0,21.000000000052225,14.280000000000168,596.40000000002237,SSSW,model_assisted_not_ground_truth,0,0,0,0,0,0,0,0,0,0,0
7.53,36.000000000011013,19.000000000011013,37.000000000002757,0,19.000000000019273,34.000000000002757,0,49.000000000118398,14.369999999999834,608.38000000000011,SSSW,model_assisted_not_ground_truth,0,0,0,0,0,0,0,0,0,0,0
7.54,40.000000000007283,23.000000000003642,38,0,26.000000000003642,35,0,92.000000000047336,14.310000000000365,608.42000000003986,SSSW,model_assisted_not_ground_truth,0,0,0,0,0,0,0,0,0,0,0
7.55,42,23.999999999993207,38,0,27.00000000000453,34.999999999997733,0,105.00000000001812,14.410000000000137,619.38999999999999,SSSW,model_assisted_not_ground_truth,0,0,0,0,0,0,0,0,0,0,0
7.56,42,22.500000000000266,38,0,27.999999999999822,34.500000000000085,0,108.99999999999929,14.439999999994878,619.37999999999818,SSSW,model_assisted_not_ground_truth,0,0,0,0,0,0,0,0,0,0,0
7.57,42,21.000000000007461,38,0,28.999999999995026,34.000000000002487,0,112.9999999999801,13.509999999987913,619.05999999888218,SSSW,model_assisted_not_ground_truth,0,0,0,0,0,0,0,0,0,0,0
7.58,42,26.999999999975486,40.999999999987743,0,34.999999999975486,34,0,119.99999999997141,11.619999999995484,444.26999999998668,SSSW,model_assisted_not_ground_truth,0,0,0,0,0,0,0,0,0,0,0
7.59,42,26.000000000003197,41,0,28.000000000022382,34.999999999996803,0,131.99999999996163,10.999999999998458,442.44499999999545,SSSW,model_assisted_not_ground_truth,0,0,0,0,0,0,0,0,0,0,0
7.60,43.999999999995559,32.999999999984453,42.999999999995559,0,28,35.999999999997783,6.9999999999844569,181.99999999988898,10.380000000001377,440.62000000000404,SSSW,model_assisted_not_ground_truth,0,0,0,0,0,0,0,0,0,0,0
7.61,61.999999999976019,45.999999999982677,43.999999999998664,0,39.999999999984013,37.999999999997335,28.99999999997069,209.99999999996271,9.0100000000018241,474.1499999999553,SSSW,model_assisted_not_ground_truth,0,0,0,0,0,0,0,0,0,0,0
7.62,72.499999999995339,62.499999999992667,45.499999999999332,0,44.999999999997783,41.499999999998444,30.999999999999112,224.99999999999335,8.8400000000000745,565.5099999999594,SSSW,model_assisted_not_ground_truth,0,0,0,0,0,0,0,0,0,0,0
7.63,83.000000000018659,79.000000000016428,47,0,50.000000000010658,45.000000000000448,33,240.00000000002132,9.680000000000204,739.77000000003375,SSSW,model_assisted_not_ground_truth,0,0,0,0,0,0,0,0,0,0,0
7.64,125.00000000006821,116.00000000001563,47.000000000005684,0,74.000000000066791,46,33,288.00000000002274,10.140000000001663,815.72000000021308,SSSW,model_assisted_not_ground_truth,0,0,0,0,0,0,0,0,0,0,0
7.65,173.00000000004619,126.99999999998614,50.999999999995381,0,121.00000000006004,46.00000000003233,32.999999999993072,304.00000000001847,11.310000000001178,965.63000000020907,SSSW,model_assisted_not_ground_truth,0,0,0,0,0,0,0,0,0,0,0
7.66,192.9999999999776,120.9999999998753,48.99999999997442,0,147.00000000000639,60.000000000003197,29.999999999993605,311.99999999996481,11.820000000001631,1056.1600000002895,SSSW,model_assisted_not_ground_truth,0,0,0,0,0,0,0,0,0,0,0
7.67,186,81.999999999942801,41.000000000004086,0,149.00000000000614,61.000000000020428,27.999999999997957,301.00000000000205,12.33000000000192,1146.69000000047,SSSW,model_assisted_not_ground_truth,0,0,0,0,0,0,0,0,0,0,0
7.68,186,68.000000000009948,41.999999999999289,0,150.49999999999892,65.999999999996447,27.500000000000355,301.49999999999966,12.800000000001194,1261.7000000005273,SSSW,model_assisted_not_ground_truth,0,0,0,0,0,0,0,0,0,0,0
7.69,186,54.00000000007585,42.999999999994586,0,151.99999999999187,70.999999999972914,27.000000000002707,301.99999999999727,13.040000000001369,1367.7100000006608,SSSW,model_assisted_not_ground_truth,0,0,0,0,0,0,0,0,0,0,0
7.70,186,58.999999999977348,46.999999999981881,0,175.99999999989129,83.99999999994111,28.999999999990941,312.99999999995015,13.270000000001573,1478.7300000003349,SSSW,model_assisted_not_ground_truth,0,0,0,0,0,0,0,0,0,0,0
7.71,193.99999999997087,81.999999999916241,47.999999999996362,0,196.99999999992352,94.99999999995994,28.000000000003642,316.99999999998545,13.500000000001391,1527.7000000001538,SSSW,model_assisted_not_ground_truth,0,0,0,0,0,0,0,0,0,0,0
7.72,197.99999999998897,89.999999999977973,48,0,212.99999999995595,106.99999999996696,28.999999999997247,318.99999999999449,13.679999999999504,1547.5799999999451,SSSW,model_assisted_not_ground_truth,0,0,0,0,0,0,0,0,0,0,0
7.73,199.99999999999645,90.999999999998224,47.000000000001776,0,218.99999999998934,107.99999999999822,29,319,13.774999999999832,1559.5449999999787,SSSW,model_assisted_not_ground_truth,0,0,0,0,0,0,0,0,0,0,0
7.74,185.00000000001333,88.000000000002672,45.000000000001776,0,212.00000000000622,103.00000000000443,29,308.00000000000978,13.869999999999916,1571.5099999999893,SSSW,model_assisted_not_ground_truth,0,0,0,0,0,0,0,0,0,0,0
7.75,167,66,44,0,193,86,13,295,13.99,1571.45,SSSW,model_assisted_not_ground_truth,0,0,0,0,0,0,0,0,0,0,0
7.76,152.99999999998491,53.999999999988454,41.999999999999112,0,180.9999999999911,77.999999999995552,10.999999999999112,286.9999999999938,14.080000000000089,1565.399999999993,SSSW,model_assisted_not_ground_truth,0,0,0,0,0,0,0,0,0,0,0
7.77,135.99999999998695,41.000000000001869,41,0,170.99999999998695,72.999999999968296,9.9999999999981348,279.99999999997948,14.180000000000131,1557.3399999999924,SSSW,model_assisted_not_ground_truth,0,0,0,0,0,0,0,0,0,0,0
7.78,128.99999999995319,41.999999999988987,40.999999999997243,0,163.99999999998073,55.999999999994493,9,268.99999999997249,14.249999999999972,1553.2999999999436,SSSW,model_assisted_not_ground_truth,0,0,0,0,0,0,0,0,0,0,0
7.79,111.99999999994174,37.999999999985434,40,0,156.99999999998909,53.999999999992717,8.9999999999672262,258.99999999994901,14.239999999999963,1532.7799999999252,SSSW,model_assisted_not_ground_truth,0,0,0,0,0,0,0,0,0,0,0
7.80,95.999999999909406,33.999999999977348,40.000000000004533,0,153.99999999995018,51.999999999990941,0,244.99999999995018,14.230000000000228,1512.2599999999136,SSSW,model_assisted_not_ground_truth,0,0,0,0,0,0,0,0,0,0,0
7.81,75.999999999972474,29,40.999999999994493,0,142.99999999996697,49.999999999994493,0,233.999999999989,14.280000000000275,1493.1899999999061,SSSW,model_assisted_not_ground_truth,0,0,0,0,0,0,0,0,0,0,0
7.82,71.000000000024869,29,40.000000000004974,0,137.00000000002984,49.000000000004974,0,232.00000000000995,14.330000000000128,1476.1499999999103,SSSW,model_assisted_not_ground_truth,0,0,0,0,0,0,0,0,0,0,0
7.83,68.00000000001225,25.000000000016342,40,0,125.00000000004903,48.000000000004086,0,229.00000000001225,14.350000000000145,1462.1099999998103,SSSW,model_assisted_not_ground_truth,0,0,0,0,0,0,0,0,0,0,0
7.84,61.000000000022382,28.99999999998721,38.000000000006395,0,109.00000000005116,47.000000000003197,0,219.00000000003197,14.370000000000244,1436.0599999999426,SSSW,model_assisted_not_ground_truth,0,0,0,0,0,0,0,0,0,0,0
7.85,50.000000000024428,25.000000000008882,38,0,87.000000000048857,47,0,217.00000000000443,14.399999999999935,1429.0400000000157,SSSW,model_assisted_not_ground_truth,0,0,0,0,0,0,0,0,0,0,0
7.86,47.000000000003993,28.999999999994671,38,0,61.000000000034639,47,0,217,14.395000000000007,1419.5300000000127,SSSW,model_assisted_not_ground_truth,0,0,0,0,0,0,0,0,0,0,0
7.87,46.000000000000441,25.000000000001776,38.999999999999559,0,53.000000000003553,47.999999999999559,0,209.00000000000355,14.390000000000002,1410.0200000000043,SSSW,model_assisted_not_ground_truth,0,0,0,0,0,0,0,0,0,0,0
7.88,46,17.00000000000222,38,0,51.999999999999112,48,0,210.99999999999778,14.34,1391.0099999999888,SSSW,model_assisted_not_ground_truth,0,0,0,0,0,0,0,0,0,0,0
7.89,46,22.000000000001421,38,0,50,47.999999999998579,0,205.99999999999574,14.339999999999872,1365.939999999976,SSSW,model_assisted_not_ground_truth,0,0,0,0,0,0,0,0,0,0,0
7.90,45.999999999997691,22.999999999997691,38.000000000002309,0,50,47.000000000002309,0,202.99999999999307,14.250000000000023,1348.9800000000162,SSSW,model_assisted_not_ground_truth,0,0,0,0,0,0,0,0,0,0,0
7.91,45,22,39,0,50,47.999999999996803,2.5579538487386871e-11,200.00000000000639,14.259999999999936,1355.9799999999968,SSSW,model_assisted_not_ground_truth,0,0,0,0,0,0,0,0,0,0,0
7.92,45,21.999999999963229,39,0,49.999999999995914,47,7.9999999999959144,202.00000000000819,14.24,1354.9900000000021,SSSW,model_assisted_not_ground_truth,0,0,0,0,0,0,0,0,0,0,0
7.93,45,13,39,0,48.99999999997975,47,6.9999999999949374,204,14.24,1355.4900000000025,SSSW,model_assisted_not_ground_truth,0,0,0,0,0,0,0,0,0,0,0
7.94,45,13,39,0,45.000000000021672,47,6.0000000000054179,204,14.240000000000061,1355.9899999999761,SSSW,model_assisted_not_ground_truth,0,0,0,0,0,0,0,0,0,0,0
7.95,45,13.99999999999547,39,0,45,47,6,208.99999999997735,14.249999999999863,1351.9699999999796,SSSW,model_assisted_not_ground_truth,0,0,0,0,0,0,0,0,0,0,0
7.96,45,12.000000000007283,39,0,45,47,6.9999999999963585,208.00000000000364,14.23,1348.9800000000155,SSSW,model_assisted_not_ground_truth,0,0,0,0,0,0,0,0,0,0,0
7.97,45,13.999999999994493,38.000000000002757,0,44.000000000002757,47,7.9999999999972466,199.00000000002478,14.23,1350.9799999999946,SSSW,model_assisted_not_ground_truth,0,0,0,0,0,0,0,0,0,0,0
7.98,45,14.999999999998224,38.999999999998224,0,44.999999999998224,47,14.999999999987566,199,14.23,1347.9800000000052,SSSW,model_assisted_not_ground_truth,0,0,0,0,0,0,0,0,0,0,0
7.99,44.000000000000888,15.999999999999112,39,0,44.000000000000888,47,26.999999999989342,194.00000000000443,14.234999999999996,1346.9800000000009,SSSW,model_assisted_not_ground_truth,0,0,0,0,0,0,0,0,0,0,0
8.00,44,11,41,0,45,46,27,188,14.24,1345.98,SSSW,model_assisted_not_ground_truth,0,0,0,0,0,0,0,0,0,0,0
8.01,45,12.000000000003553,41.000000000000888,0,43.999999999999112,46,28,178.00000000000179,14.480000000000107,1344.6299999999983,SSSW,model_assisted_not_ground_truth,0,0,0,0,0,0,0,0,0,0,0
8.02,45,16.000000000001776,42,0,43.000000000003553,46.000000000001776,27.999999999998224,179.99999999999289,14.600000000000106,1342.47,SSSW,model_assisted_not_ground_truth,0,0,0,0,0,0,0,0,0,0,0
8.03,45,17,42.000000000005329,0,45,47,27.000000000002665,175.99999999998667,14.66000000000008,1342.4300000000053,SSSW,model_assisted_not_ground_truth,0,0,0,0,0,0,0,0,0,0,0
8.04,45,17.000000000007461,44.00000000000373,0,45.000000000011191,46.999999999992539,28.00000000000373,171.00000000000372,14.690000000000037,1344.419999999873,SSSW,model_assisted_not_ground_truth,0,0,0,0,0,0,0,0,0,0,0
8.05,45.000000000013856,19.000000000013856,45.000000000004619,0,48,45.000000000004619,29.000000000004619,172.00000000001847,14.699999999999399,1310.3699999999824,SSSW,model_assisted_not_ground_truth,0,0,0,0,0,0,0,0,0,0,0
8.06,48.000000000055067,22.00000000003304,45.999999999994493,0,47.999999999994493,46,30.000000000022027,176.00000000004957,14.57,1306.5900000000113,SSSW,model_assisted_not_ground_truth,0,0,0,0,0,0,0,0,0,0,0
8.07,57.999999999950262,27.999999999970157,45.000000000004974,0,47.000000000004974,46,33.999999999980105,184.99999999995524,14.57,1308.6350000000132,SSSW,model_assisted_not_ground_truth,0,0,0,0,0,0,0,0,0,0,0
8.08,59.999999999991829,34.999999999971401,46.999999999991829,0,48.999999999991829,45.000000000004086,44.999999999955058,197.99999999994688,14.570000000000437,1310.6800000000658,SSSW,model_assisted_not_ground_truth,0,0,0,0,0,0,0,0,0,0,0
8.09,64.999999999984013,37.999999999990408,47.999999999996803,0,49.999999999996803,45,50.999999999980815,206.99999999997124,14.630000000000736,1319.7000000000817,SSSW,model_assisted_not_ground_truth,0,0,0,0,0,0,0,0,0,0,0
8.10,65.999999999997698,55.999999999958433,49.999999999995381,0,52.999999999993072,46.999999999995381,60.999999999976907,216.99999999997692,14.719999999999793,1329.6999999999769,SSSW,model_assisted_not_ground_truth,0,0,0,0,0,0,0,0,0,0,0
8.11,66.999999999998579,79.999999999965894,50,0,57.999999999992895,55.99999999998721,66.999999999991473,217,14.729999999999986,1340.7399999999843,SSSW,model_assisted_not_ground_truth,0,0,0,0,0,0,0,0,0,0,0
8.12,68.999999999999289,92.999999999995381,50.999999999999645,0,64.999999999997513,69.999999999995026,72.999999999997868,232.99999999999432,14.879999999999947,1372.7299999999886,SSSW,model_assisted_not_ground_truth,0,0,0,0,0,0,0,0,0,0,0
8.13,74.000000000001606,110.00000000000639,52.000000000001066,0,79.000000000007461,81.000000000007461,84.000000000004803,243.0000000000112,15.055000000000094,1396.1400000000124,SSSW,model_assisted_not_ground_truth,0,0,0,0,0,0,0,0,0,0,0
8.14,77.000000000004263,122.00000000001705,54.000000000005684,0,93.000000000015632,95.000000000021316,93.00000000001279,264.00000000001137,15.230000000000469,1419.5500000000764,SSSW,model_assisted_not_ground_truth,0,0,0,0,0,0,0,0,0,0,0
8.15,80.00000000002079,134.00000000002541,58.000000000006928,0,104.00000000002771,110.00000000000693,102.00000000002079,272.00000000001847,15.560000000000924,1473.230000000096,SSSW,model_assisted_not_ground_truth,0,0,0,0,0,0,0,0,0,0,0
8.16,89.000000000022382,145.00000000002558,61.000000000003197,0,116.00000000001918,113.00000000003197,111.00000000003197,280.00000000006395,15.960000000001504,1514.8000000002003,SSSW,model_assisted_not_ground_truth,0,0,0,0,0,0,0,0,0,0,0
8.17,96.000000000028592,153.00000000002044,62.000000000036771,0,122.0000000000143,123.00000000001839,121.00000000003881,300.00000000003882,16.430000000000941,1577.4300000000319,SSSW,model_assisted_not_ground_truth,0,0,0,0,0,0,0,0,0,0,0
8.18,102.99999999999503,157.99999999999645,70.999999999993605,0,125.49999999999751,127.4999999999968,130.49999999999324,309.49999999999324,16.660000000001194,1585.2400000003026,SSSW,model_assisted_not_ground_truth,0,0,0,0,0,0,0,0,0,0,0
8.19,109.99999999996146,162.99999999997246,79.999999999950433,0,128.99999999998073,131.99999999997522,139.99999999994768,318.9999999999477,16.900000000000439,1646.0800000000436,SSSW,model_assisted_not_ground_truth,0,0,0,0,0,0,0,0,0,0,0
8.20,116.99999999996767,169.99999999996766,89.999999999953815,0,130.99999999999076,133.99999999999076,141.99999999999076,329.99999999994918,16.975000000000506,1653.5350000000503,SSSW,model_assisted_not_ground_truth,0,0,0,0,0,0,0,0,0,0,0
8.21,120.99999999998579,174.99999999998224,91.999999999992895,0,132.99999999999289,133.00000000000355,144.99999999998934,342.99999999995384,17.050000000001564,1660.9900000003113,SSSW,model_assisted_not_ground_truth,0,0,0,0,0,0,0,0,0,0,0
8.22,123.99999999999201,178.99999999998934,92.999999999997328,0,134.99999999999466,133.99999999999733,147.99999999999201,351.99999999997601,17.249999999999467,1700.8299999998937,SSSW,model_assisted_not_ground_truth,0,0,0,0,0,0,0,0,0,0,0
8.23,125.99999999999645,183.99999999999113,89.000000000007105,0,135.99999999999824,130.00000000000711,151.99999999999289,355.99999999999289,17.439999999999664,1725.649999999956,SSSW,model_assisted_not_ground_truth,0,0,0,0,0,0,0,0,0,0,0
8.24,125.00000000000088,182.00000000000176,87.000000000001776,0,133.00000000000267,127.00000000000267,148.00000000000355,356,17.619999999999841,1751.509999999977,SSSW,model_assisted_not_ground_truth,0,0,0,0,0,0,0,0,0,0,0
8.25,121,176,71,0,129,126,144,351,17.670000000000002,1770.51,SSSW,model_assisted_not_ground_truth,0,0,0,0,0,0,0,0,0,0,0
8.26,115.99999999999378,169.99999999999022,60.999999999995559,0,122.99999999999022,117.99999999998757,130.99999999999289,348.99999999999466,17.710000000000015,1766.5099999999879,SSSW,model_assisted_not_ground_truth,0,0,0,0,0,0,0,0,0,0,0
8.27,108.99999999998579,158.99999999997868,55.999999999994671,0,111.99999999997691,103.99999999996625,122.99999999999289,342.99999999997692,17.725000000000026,1753.004999999976,SSSW,model_assisted_not_ground_truth,0,0,0,0,0,0,0,0,0,0,0
8.28,100.99999999996803,146.99999999996004,52.999999999992006,0,98.999999999968026,84.999999999976012,118.99999999996803,329.99999999998931,17.740000000000293,1739.4999999999759,SSSW,model_assisted_not_ground_truth,0,0,0,0,0,0,0,0,0,0,0
8.29,88.999999999947775,131.99999999994404,49.99999999999627,0,86.99999999989555,75.999999999929116,106.99999999998134,325.99999999997016,17.849999999999888,1730.4899999998022,SSSW,model_assisted_not_ground_truth,0,0,0,0,0,0,0,0,0,0,0
8.30,74.999999999995381,116.99999999993072,48.999999999986144,0,58.999999999953815,56.999999999958433,101.99999999991225,317.99999999994458,17.819999999999585,1677.4799999995798,SSSW,model_assisted_not_ground_truth,0,0,0,0,0,0,0,0,0,0,0
8.31,73.999999999944933,101.99999999980727,45.99999999998348,0,48.999999999972466,47.999999999972466,82.999999999900879,305.99999999984584,17.729999999999833,1586.4799999994493,SSSW,model_assisted_not_ground_truth,0,0,0,0,0,0,0,0,0,0,0
8.32,64.000000000049738,67.000000000174083,43.000000000014921,0,44.000000000024869,43.000000000024869,65.000000000089528,278.00000000013927,17.700000000000031,1486.4799999996994,SSSW,model_assisted_not_ground_truth,0,0,0,0,0,0,0,0,0,0,0
8.33,46.000000000073541,23.000000000179767,36.000000000028599,0,44,43.999999999995914,34.000000000126654,253.00000000010215,17.705000000000037,1439.4749999996577,SSSW,model_assisted_not_ground_truth,0,0,0,0,0,0,0,0,0,0,0
8.34,44.000000000006395,19.00000000001279,36,0,41.000000000009592,44,31.000000000009592,230.00000000007356,17.709999999999265,1392.4699999991747,SSSW,model_assisted_not_ground_truth,0,0,0,0,0,0,0,0,0,0,0
8.35,44,17.000000000004619,35.000000000002309,0,39.000000000004619,41.000000000006928,30.000000000002309,220.00000000002308,17.620000000000211,1291.4700000002333,SSSW,model_assisted_not_ground_truth,0,0,0,0,0,0,0,0,0,0,0
8.36,44,2.4158453015843406e-11,35,0,39,38.000000000004263,29.000000000001421,192.00000000003979,17.260000000000513,1158.470000000189,SSSW,model_assisted_not_ground_truth,0,0,0,0,0,0,0,0,0,0,0
8.37,42.000000000000711,0,35.999999999999645,0,39,38,29,164.00000000000995,16.880000000000134,1040.4600000000419,SSSW,model_assisted_not_ground_truth,0,0,0,0,0,0,0,0,0,0,0
8.38,38,0,36,0,38,37.999999999999467,29,148.99999999999361,15.979999999999089,935.05999999992912,SSSW,model_assisted_not_ground_truth,0,0,0,0,0,0,0,0,0,0,0
8.39,38,0,36,0,38.000000000001421,37.000000000001421,28.999999999998579,136.99999999996589,14.269999999999644,802.16999999991606,SSSW,model_assisted_not_ground_truth,0,0,0,0,0,0,0,0,0,0,0
8.40,37.999999999997691,0,36,0,39,37.999999999995381,28,112.99999999996997,14.019999999999422,743.15499999986366,SSSW,model_assisted_not_ground_truth,0,0,0,0,0,0,0,0,0,0,0
8.41,37,0,36,0,39,36,27.999999999996803,99.999999999942446,13.769999999997026,684.13999999952364,SSSW,model_assisted_not_ground_truth,0,0,0,0,0,0,0,0,0,0,0
8.42,37,0,35.999999999995914,0,39,35.999999999983658,26.999999999922373,81.999999999938709,12.840000000000449,535.15000000006535,SSSW,model_assisted_not_ground_truth,0,0,0,0,0,0,0,0,0,0,0
8.43,37.000000000004974,0,35,0,39,32.000000000004974,8,66.999999999900524,12.950000000000049,551.14999999996996,SSSW,model_assisted_not_ground_truth,0,0,0,0,0,0,0,0,0,0,0
8.44,37.999999999994493,0,35,0,39,32.999999999994493,8,47.000000000110134,12.960000000000528,545.11000000001741,SSSW,model_assisted_not_ground_truth,0,0,0,0,0,0,0,0,0,0,0
8.45,38,0,34.000000000004619,0,39,32.000000000004619,7.0000000000046185,33.000000000064659,13.050000000000878,548.07000000010794,SSSW,model_assisted_not_ground_truth,0,0,0,0,0,0,0,0,0,0,0
8.46,38,0,34,0,39,31.000000000003553,7,12.000000000074607,13.180000000000547,564.06000000004667,SSSW,model_assisted_not_ground_truth,0,0,0,0,0,0,0,0,0,0,0
8.47,38.999999999997335,0,33.000000000002665,0,39,32.999999999994671,6.0000000000026645,12.999999999997335,13.249999999999813,570.03999999998405,SSSW,model_assisted_not_ground_truth,0,0,0,0,0,0,0,0,0,0,0
8.48,39,0,33,0,39.999999999998224,33.999999999998224,1.0658141036401503e-11,12.000000000001776,13.245000000000008,567.03000000000532,SSSW,model_assisted_not_ground_truth,0,0,0,0,0,0,0,0,0,0,0
8.49,38.000000000000888,0,34.999999999998224,0,39.000000000000888,34,0,12,13.240000000000006,564.02000000000271,SSSW,model_assisted_not_ground_truth,0,0,0,0,0,0,0,0,0,0,0
8.50,38,1,36,0,38,34,0,2,13.19,557.01999999999998,SSSW,model_assisted_not_ground_truth,0,0,0,0,0,0,0,0,0,0,0
8.51,38,1,36,0,38,34.999999999997335,0,0,13.149999999999965,549.00999999999112,SSSW,model_assisted_not_ground_truth,0,0,0,0,0,0,0,0,0,0,0
8.52,37.999999999969802,0.99999999999822364,36.000000000001776,0,38,32.000000000001776,0,0,13.109999999999875,538.98999999998398,SSSW,model_assisted_not_ground_truth,0,0,0,0,0,0,0,0,0,0,0
8.53,20.999999999997335,2.6645352591027991e-12,37,0,38,32.999999999997335,0,0,13.039999999999919,529.98999999998125,SSSW,model_assisted_not_ground_truth,0,0,0,0,0,0,0,0,0,0,0
8.54,20.000000000007461,0.99999999999626965,37,0,38,32.000000000007461,0,0,13.00999999999998,522.96999999999252,SSSW,model_assisted_not_ground_truth,0,0,0,0,0,0,0,0,0,0,0
8.55,22.000000000004619,0,37,0,37.999999999995381,34,0,0,13.004999999999978,520.96499999999082,SSSW,model_assisted_not_ground_truth,0,0,0,0,0,0,0,0,0,0,0
8.56,23,0,37,0,36.99999999996696,34,0,0,12.999999999999945,518.95999999997241,SSSW,model_assisted_not_ground_truth,0,0,0,0,0,0,0,0,0,0,0
8.57,23,0,37,0,31.000000000029843,34,0,0,12.989999999999872,513.94999999997435,SSSW,model_assisted_not_ground_truth,0,0,0,0,0,0,0,0,0,0,0
8.58,23,11.999999999950973,36.000000000004086,0,32.999999999991829,34.999999999995914,0,0,12.969999999999345,509.93999999989791,SSSW,model_assisted_not_ground_truth,0,0,0,0,0,0,0,0,0,0,0
8.59,23.999999999996803,15.99999999998721,36.999999999996803,0,31.000000000006395,35,0,0,12.879999999999184,495.91999999989372,SSSW,model_assisted_not_ground_truth,0,0,0,0,0,0,0,0,0,0,0
8.60,23.000000000002309,17.999999999995381,37,0,31,35,0,0,12.78000000000023,482.9100000000301,SSSW,model_assisted_not_ground_truth,0,0,0,0,0,0,0,0,0,0,0
8.61,20.000000000004263,20.999999999995737,37.999999999998579,0,31.999999999998579,35,0,0,12.789999999999985,481.9000000000014,SSSW,model_assisted_not_ground_truth,0,0,0,0,0,0,0,0,0,0,0
8.62,23.999999999998579,21.999999999999645,37.000000000000355,0,36.999999999998224,35,0,0,12.809999999999993,482.88999999999965,SSSW,model_assisted_not_ground_truth,0,0,0,0,0,0,0,0,0,0,0
8.63,24.000000000004263,15,38.000000000000533,0,37.000000000000533,34.000000000000533,0,0,12.86500000000003,488.38500000000295,SSSW,model_assisted_not_ground_truth,0,0,0,0,0,0,0,0,0,0,0
8.64,32.000000000002842,15.000000000001421,38.999999999997158,0,38,35,0,0,12.92,493.88,SSSW,model_assisted_not_ground_truth,0,0,0,0,0,0,0,0,0,0,0
8.65,33.999999999979217,15.999999999965361,36.999999999995381,0,38,34.999999999997691,0,0,12.920000000000069,493.88000000000926,SSSW,model_assisted_not_ground_truth,0,0,0,0,0,0,0,0,0,0,0
8.66,25.000000000006395,0.99999999999680256,35.000000000003197,0,38,34,0,0,12.950000000000031,497.87999999999994,SSSW,model_assisted_not_ground_truth,0,0,0,0,0,0,0,0,0,0,0
8.67,27.000000000004086,0,36,0,38,34,0,0,12.959999999999756,497.87000000000018,SSSW,model_assisted_not_ground_truth,0,0,0,0,0,0,0,0,0,0,0
8.68,27.999999999980105,0,36,0,38,34,0,0,12.900000000000597,497.91000000007961,SSSW,model_assisted_not_ground_truth,0,0,0,0,0,0,0,0,0,0,0
8.69,24.000000000022027,0,36,0,38,34,0,0,13.020000000000469,513.91000000005272,SSSW,model_assisted_not_ground_truth,0,0,0,0,0,0,0,0,0,0,0
8.70,26.999999999986677,0,36.999999999995559,0,33.000000000022204,34,0,0,13.100000000000138,522.91000000003123,SSSW,model_assisted_not_ground_truth,0,0,0,0,0,0,0,0,0,0,0
8.71,27,0,36.000000000003553,0,33,34.999999999996447,0,0,13.120000000000044,527.41500000000951,SSSW,model_assisted_not_ground_truth,0,0,0,0,0,0,0,0,0,0,0
8.72,21.000000000015987,0,35.000000000002665,0,32.000000000002665,18.000000000045297,0,0,13.139999999999947,531.91999999998791,SSSW,model_assisted_not_ground_truth,0,0,0,0,0,0,0,0,0,0,0
8.73,21,0,35,0,31.000000000001776,18,0,0,13.189999999999911,536.9099999999911,SSSW,model_assisted_not_ground_truth,0,0,0,0,0,0,0,0,0,0,0
8.74,13.000000000007105,0,35,0,31,18.999999999999112,0,0,13.150000000000036,534.92000000000178,SSSW,model_assisted_not_ground_truth,0,0,0,0,0,0,0,0,0,0,0
8.75,17,0,35,0,28,19,0,0,13.19,538.90999999999997,SSSW,model_assisted_not_ground_truth,0,0,0,0,0,0,0,0,0,0,0
8.76,20,0,35,0,27.000000000000888,17.000000000000888,0,0,13.230000000000125,543.91000000001145,SSSW,model_assisted_not_ground_truth,0,0,0,0,0,0,0,0,0,0,0
8.77,20.000000000003553,0,35.000000000001776,0,28.000000000001776,18,0,0,13.370000000000044,556.87000000000717,SSSW,model_assisted_not_ground_truth,0,0,0,0,0,0,0,0,0,0,0
8.78,22.000000000002665,0,36,0,29.000000000005329,17.999999999997335,0,2.3980817331925192e-11,13.395000000000067,560.87000000001069,SSSW,model_assisted_not_ground_truth,0,0,0,0,0,0,0,0,0,0,0
8.79,23.000000000026112,0,36.00000000000373,0,31,17.00000000000373,0,9,13.420000000000224,564.8700000000224,SSSW,model_assisted_not_ground_truth,0,0,0,0,0,0,0,0,0,0,0
8.80,30.000000000009237,0,37,0,30.999999999995381,18.000000000064659,0,9.0000000000554223,13.480000000000786,570.86000000008301,SSSW,model_assisted_not_ground_truth,0,0,0,0,0,0,0,0,0,0,0
8.81,32.000000000005507,3.3040237212499085e-11,37.000000000011013,0,30,32.000000000005507,0,21.00000000001652,13.650000000001157,588.82000000007656,SSSW,model_assisted_not_ground_truth,0,0,0,0,0,0,0,0,0,0,0
8.82,32.999999999995026,5.9999999999701572,38.999999999990052,0,30,32.999999999995026,0,23.999999999985079,13.860000000001023,602.72000000001856,SSSW,model_assisted_not_ground_truth,0,0,0,0,0,0,0,0,0,0,0
8.83,33.999999999995914,16.999999999955058,37.000000000008171,0,30,32.000000000004086,0,29.999999999975486,14.020000000001238,605.62000000008686,SSSW,model_assisted_not_ground_truth,0,0,0,0,0,0,0,0,0,0,0
8.84,34.999999999996803,14.000000000009592,37,0,30.999999999996803,32,0,51.999999999929656,14.190000000000245,617.55000000007362,SSSW,model_assisted_not_ground_truth,0,0,0,0,0,0,0,0,0,0,0
8.85,35.999999999997691,13.000000000002309,37,0,30.000000000002309,33.999999999995381,0,55.999999999990763,14.219999999999931,626.55999999997914,SSSW,model_assisted_not_ground_truth,0,0,0,0,0,0,0,0,0,0,0
8.86,38.999999999995737,20.999999999988631,37,0,30,18.000000000022737,0,76.999999999970157,14.195000000000036,626.57999999999993,SSSW,model_assisted_not_ground_truth,0,0,0,0,0,0,0,0,0,0,0
8.87,39.999999999999645,21.999999999999645,37,0,30,18,0,80.999999999998579,14.170000000000009,626.60000000000002,SSSW,model_assisted_not_ground_truth,0,0,0,0,0,0,0,0,0,0,0
8.88,40.000000000001066,18.00000000000373,38.000000000000533,0,28.999999999998401,18.000000000008527,0,89.000000000006935,12.759999999998897,555.23999999991588,SSSW,model_assisted_not_ground_truth,0,0,0,0,0,0,0,0,0,0,0
8.89,42,25.000000000005684,39.000000000001421,0,26.000000000002842,34,8.526512829128957e-12,102.00000000004547,10.689999999998337,397.46000000000316,SSSW,model_assisted_not_ground_truth,0,0,0,0,0,0,0,0,0,0,0
8.90,42.000000000002309,29,40.000000000006928,0,28.000000000009237,34.000000000002309,6.0000000000069278,134.00000000008313,9.5199999999971361,399.68000000000819,SSSW,model_assisted_not_ground_truth,0,0,0,0,0,0,0,0,0,0,0
8.91,43.00000000001279,29.000000000003197,43.000000000003197,0,32.000000000031974,35.00000000001279,9.000000000057554,170.00000000008953,8.2800000000018219,403.23000000040707,SSSW,model_assisted_not_ground_truth,0,0,0,0,0,0,0,0,0,0,0
8.92,47.000000000085798,30.000000000077627,44.000000000016342,0,42.000000000012257,39.000000000020428,27.000000000004086,198.00000000015527,8.8500000000009198,530.54000000022495,SSSW,model_assisted_not_ground_truth,0,0,0,0,0,0,0,0,0,0,0
8.93,68.000000000089528,49.000000000119371,48,0,45.000000000034817,44.000000000004974,28.000000000019895,236.00000000012932,9.0750000000011184,585.61500000027399,SSSW,model_assisted_not_ground_truth,0,0,0,0,0,0,0,0,0,0,0
8.94,85.999999999900879,72.999999999867839,48,0,51.999999999961453,44.999999999994493,31.999999999977973,261.99999999985681,9.3000000000026972,640.69000000046901,SSSW,model_assisted_not_ground_truth,0,0,0,0,0,0,0,0,0,0,0
8.95,115.99999999986677,87.99999999993338,47.000000000004441,0,54.999999999986677,45.999999999995559,32,273.99999999994668,9.7600000000087981,720.69000000110759,SSSW,model_assisted_not_ground_truth,0,0,0,0,0,0,0,0,0,0,0
8.96,132.9999999999396,94.999999999975131,47.999999999996447,0,86.999999999886313,47.999999999992895,28.000000000014211,275.99999999999289,11.030000000003126,880.56000000017889,SSSW,model_assisted_not_ground_truth,0,0,0,0,0,0,0,0,0,0,0
8.97,135.99999999999201,92.000000000007987,42.000000000015987,0,99.999999999965354,56.999999999976019,28,277.99999999999466,11.429999999998934,903.45999999993899,SSSW,model_assisted_not_ground_truth,0,0,0,0,0,0,0,0,0,0,0
8.98,143.99999999998579,71.000000000037303,42,0,105.99999999998934,55.000000000003553,28,279.99999999999648,11.799999999999343,979.45999999986498,SSSW,model_assisted_not_ground_truth,0,0,0,0,0,0,0,0,0,0,0
8.99,143.00000000000088,42.000000000025757,42,0,108.99999999999733,50.000000000004441,10.000000000015987,283.99999999999648,12.51999999999936,1191.5899999998114,SSSW,model_assisted_not_ground_truth,0,0,0,0,0,0,0,0,0,0,0
9.00,151,40,44,0,123,64,10,283,13.01,1338.6199999999999,SSSW,model_assisted_not_ground_truth,0,0,0,0,0,0,0,0,0,0,0
9.01,157.00000000000978,52.000000000015099,46,0,148.00000000002044,78.000000000016882,28.000000000000888,292.0000000000062,13.110000000000088,1367.6100000000256,SSSW,model_assisted_not_ground_truth,0,0,0,0,0,0,0,0,0,0,0
9.02,168.00000000000534,69.000000000028422,46,0,171.00000000001421,97,29,299.00000000000176,13.210000000000285,1396.600000000039,SSSW,model_assisted_not_ground_truth,0,0,0,0,0,0,0,0,0,0,0
9.03,170.99999999999201,85.000000000002672,46.000000000002665,0,179.00000000001066,97.000000000008001,29,299.9999999999867,13.370000000000505,1418.560000000133,SSSW,model_assisted_not_ground_truth,0,0,0,0,0,0,0,0,0,0,0
9.04,168.0000000000224,85.999999999951498,47.000000000007461,0,183.00000000003732,100.00000000002238,28.99999999999627,294.99999999997391,13.560000000000672,1468.520000000108,SSSW,model_assisted_not_ground_truth,0,0,0,0,0,0,0,0,0,0,0
9.05,173.99999999993994,72.999999999995381,48.999999999986144,0,192.99999999998153,105.99999999998153,27.999999999926104,287.99999999998613,13.740000000000601,1497.4600000000737,SSSW,model_assisted_not_ground_truth,0,0,0,0,0,0,0,0,0,0,0
9.06,160.99999999989538,71.999999999955946,45.999999999994493,0,188.99999999996146,101.99999999997247,12,284.99999999996697,13.87000000000055,1513.4300000000385,SSSW,model_assisted_not_ground_truth,0,0,0,0,0,0,0,0,0,0,0
9.07,142.0000000000945,64.00000000003979,45.000000000004974,0,182.00000000003482,97.000000000024869,12,279.00000000002984,13.970000000000192,1520.4000000000065,SSSW,model_assisted_not_ground_truth,0,0,0,0,0,0,0,0,0,0,0
9.08,135.00000000002859,54.000000000040856,42.000000000012257,0,173.00000000003678,88.000000000036778,11.000000000004086,270.00000000003678,14.000000000000218,1521.3900000000074,SSSW,model_assisted_not_ground_truth,0,0,0,0,0,0,0,0,0,0,0
9.09,132.00000000000961,48.000000000019185,42.999999999996803,0,165.00000000002558,73.000000000047962,10.000000000003197,263.0000000000224,14.03000000000049,1522.3800000000078,SSSW,model_assisted_not_ground_truth,0,0,0,0,0,0,0,0,0,0,0
9.10,115.00000000003925,37.000000000025402,42.000000000002309,0,158.00000000001617,64.000000000020776,10.999999999997691,256.00000000001614,14.089999999999861,1523.3299999999977,SSSW,model_assisted_not_ground_truth,0,0,0,0,0,0,0,0,0,0,0
9.11,97.00000000002558,39.999999999995737,41.000000000001421,0,145.00000000001847,56.000000000011369,10.000000000001421,240.00000000002274,14.149999999999915,1516.29000000001,SSSW,model_assisted_not_ground_truth,0,0,0,0,0,0,0,0,0,0,0
9.12,87.000000000003553,35.000000000001776,41.999999999999645,0,143.00000000000071,55.000000000000355,10,237.00000000000108,14.249999999999964,1515.2200000000005,SSSW,model_assisted_not_ground_truth,0,0,0,0,0,0,0,0,0,0,0
9.13,72.999999999998934,28.999999999997868,41.999999999999467,0,130.99999999999253,52.999999999998934,10,230.00000000000108,14.320000000000022,1509.1799999999982,SSSW,model_assisted_not_ground_truth,0,0,0,0,0,0,0,0,0,0,0
9.14,70.999999999991473,25,41.000000000001421,0,116.99999999999432,50.999999999997158,10,231.99999999999005,14.360000000000056,1505.644999999995,SSSW,model_assisted_not_ground_truth,0,0,0,0,0,0,0,0,0,0,0
9.15,64.999999999976907,24.999999999993072,42,0,112.99999999995381,48.999999999997691,9.9999999999976907,224.99999999998846,14.400000000000116,1502.109999999986,SSSW,model_assisted_not_ground_truth,0,0,0,0,0,0,0,0,0,0,0
9.16,54.999999999977618,22,42,0,92.999999999920064,47.999999999996803,8.9999999999968026,219.99999999998721,14.449999999999935,1496.0699999998719,SSSW,model_assisted_not_ground_truth,0,0,0,0,0,0,0,0,0,0,0
9.17,47.999999999995914,22.000000000016342,41.999999999995914,0,67.999999999955051,47.000000000004086,8.0000000000040856,215.99999999999591,14.430000000000081,1456.0399999999672,SSSW,model_assisted_not_ground_truth,0,0,0,0,0,0,0,0,0,0,0
9.18,46.999999999995026,25.999999999955236,41,0,56.999999999985079,47.999999999995026,9,215.00000000002487,14.450000000000149,1448.0099999999352,SSSW,model_assisted_not_ground_truth,0,0,0,0,0,0,0,0,0,0,0
9.19,46.000000000005507,17.00000000004956,41,0,54.00000000001652,47.000000000005507,9,219.99999999997246,14.480000000000059,1434.989999999912,SSSW,model_assisted_not_ground_truth,0,0,0,0,0,0,0,0,0,0,0
9.20,46,16.000000000004441,40.000000000004441,0,52.000000000008882,47,8.0000000000044409,208.00000000005329,14.490000000000103,1419.9799999999757,SSSW,model_assisted_not_ground_truth,0,0,0,0,0,0,0,0,0,0,0
9.21,46,19.999999999985789,40.999999999996447,0,52,47,8.9999999999964473,206.00000000000711,14.505000000000031,1416.4649999999926,SSSW,model_assisted_not_ground_truth,0,0,0,0,0,0,0,0,0,0,0
9.22,46,21.999999999994671,39.000000000005329,0,52,47,9,206,14.51999999999996,1412.9500000000094,SSSW,model_assisted_not_ground_truth,0,0,0,0,0,0,0,0,0,0,0
9.23,45.000000000001776,20.000000000003553,39,0,50.000000000003553,47,9.9999999999982236,206,14.529999999999982,1404.9400000000144,SSSW,model_assisted_not_ground_truth,0,0,0,0,0,0,0,0,0,0,0
9.24,45,17.000000000002665,39.999999999999112,0,50.999999999999112,47,9.0000000000008882,205.00000000000088,14.589999999999947,1415.9199999999903,SSSW,model_assisted_not_ground_truth,0,0,0,0,0,0,0,0,0,0,0
9.25,45,15,41,0,50,47,10,198,14.65,1411.8800000000001,SSSW,model_assisted_not_ground_truth,0,0,0,0,0,0,0,0,0,0,0
9.26,45,19.999999999999112,42,0,49.999999999999112,47,27,194.99999999999645,14.670000000000023,1421.8800000000001,SSSW,model_assisted_not_ground_truth,0,0,0,0,0,0,0,0,0,0,0
9.27,45,19.000000000003553,41.999999999996447,0,48.999999999994671,47.000000000001776,27.000000000003553,190.99999999997513,14.695000000000045,1421.8599999999999,SSSW,model_assisted_not_ground_truth,0,0,0,0,0,0,0,0,0,0,0
9.28,45,20.999999999994671,40,0,46,47.999999999994671,28.999999999997335,176.99999999999201,14.720000000000081,1421.8400000000024,SSSW,model_assisted_not_ground_truth,0,0,0,0,0,0,0,0,0,0,0
9.29,45,19.000000000011191,40.00000000000373,0,45.99999999999627,46,28.00000000000373,173.99999999993284,14.750000000000187,1422.8200000000186,SSSW,model_assisted_not_ground_truth,0,0,0,0,0,0,0,0,0,0,0
9.30,45,21.999999999990763,40.999999999995381,0,45,46.000000000004619,28.999999999995381,155.99999999995842,14.800000000000047,1427.8,SSSW,model_assisted_not_ground_truth,0,0,0,0,0,0,0,0,0,0,0
9.31,44.999999999994493,19.999999999988987,40.000000000005507,0,45,46.999999999994493,28,146.99999999990089,14.810000000000276,1427.7799999999888,SSSW,model_assisted_not_ground_truth,0,0,0,0,0,0,0,0,0,0,0
9.32,44.000000000004974,18.000000000009948,40.999999999995026,0,45,46.000000000004974,28,129.00000000008953,14.860000000000191,1425.7399999999934,SSSW,model_assisted_not_ground_truth,0,0,0,0,0,0,0,0,0,0,0
9.33,44,19.999999999991829,41.999999999995914,0,44.000000000004086,46,28.999999999995914,113.00000000006537,14.890000000000001,1424.71,SSSW,model_assisted_not_ground_truth,0,0,0,0,0,0,0,0,0,0,0
9.34,44.999999999996803,22.999999999990408,42.999999999996803,0,44,46.999999999996803,29,103.00000000003197,14.890000000000001,1424.72,SSSW,model_assisted_not_ground_truth,0,0,0,0,0,0,0,0,0,0,0
9.35,45,20.000000000006928,43.999999999997691,0,44,45.000000000004619,29.999999999997691,91.000000000027711,14.890000000000001,1424.73,SSSW,model_assisted_not_ground_truth,0,0,0,0,0,0,0,0,0,0,0
9.36,49.999999999992895,20,44,0,47.999999999994316,46.999999999997158,34.999999999992895,95.999999999992895,14.939999999999928,1430.7099999999916,SSSW,model_assisted_not_ground_truth,0,0,0,0,0,0,0,0,0,0,0
9.37,57.999999999997158,25.999999999997868,45.999999999999289,0,48,46.000000000000355,45.999999999996092,120.99999999999112,15.019999999999971,1437.6599999999976,SSSW,model_assisted_not_ground_truth,0,0,0,0,0,0,0,0,0,0,0
9.38,62.000000000001066,37.000000000006928,47.000000000001066,0,50,45,54.000000000006395,133.0000000000048,15.090000000000181,1450.6200000000083,SSSW,model_assisted_not_ground_truth,0,0,0,0,0,0,0,0,0,0,0
9.39,64.000000000005684,50.000000000034106,49.000000000001421,0,50.000000000004263,45.000000000008527,66.000000000007105,142.00000000003695,15.430000000000383,1466.2299999999898,SSSW,model_assisted_not_ground_truth,0,0,0,0,0,0,0,0,0,0,0
9.40,67.999999999995381,74.000000000009237,50,0,53.000000000016165,51.000000000023093,71.000000000002316,168.0000000000739,15.700000000000276,1459.0000000000505,SSSW,model_assisted_not_ground_truth,0,0,0,0,0,0,0,0,0,0,0
9.41,66.000000000003197,78.000000000044764,50,0,60.000000000035172,61.00000000002558,72.000000000031974,200.00000000004158,15.820000000000384,1480.87500000007,SSSW,model_assisted_not_ground_truth,0,0,0,0,0,0,0,0,0,0,0
9.42,67.000000000028606,92.000000000073541,50.000000000008171,0,71.000000000057199,69.000000000057199,82.000000000057199,213.00000000004087,15.940000000001021,1502.7500000001012,SSSW,model_assisted_not_ground_truth,0,0,0,0,0,0,0,0,0,0,0
9.43,74.000000000014921,110.00000000008953,51.999999999995026,0,85.000000000059686,83.000000000034817,96.000000000034817,223.00000000006466,16.190000000000946,1527.4900000001085,SSSW,model_assisted_not_ground_truth,0,0,0,0,0,0,0,0,0,0,0
9.44,76.999999999983487,127.99999999990088,51.000000000005507,0,96.99999999993392,89.99999999996146,102.99999999996146,235.99999999992841,16.380000000001115,1549.3000000000397,SSSW,model_assisted_not_ground_truth,0,0,0,0,0,0,0,0,0,0,0
9.45,81.999999999977803,138.99999999995114,52.999999999991118,0,103.99999999996891,102.99999999994228,110.99999999996447,266.99999999986233,16.570000000001109,1556.0900000003046,SSSW,model_assisted_not_ground_truth,0,0,0,0,0,0,0,0,0,0,0
9.46,96.999999999946709,147.99999999996803,53,0,107.99999999998579,123.99999999992539,115.99999999998224,274.99999999997158,16.730000000000743,1600.0800000000465,SSSW,model_assisted_not_ground_truth,0,0,0,0,0,0,0,0,0,0,0
9.47,103.99999999998136,151.99999999998934,53.999999999997335,0,116.99999999997601,132.99999999997601,120.99999999998667,283.99999999997601,16.825000000000287,1606.0300000000179,SSSW,model_assisted_not_ground_truth,0,0,0,0,0,0,0,0,0,0,0
9.48,110.99999999998757,161.99999999998224,56.999999999994671,0,121.99999999999112,133,133.99999999997692,295.99999999997868,16.919999999999831,1611.9799999999896,SSSW,model_assisted_not_ground_truth,0,0,0,0,0,0,0,0,0,0,0
9.49,116.99999999999467,167.99999999999466,57,0,124.99999999999733,133,136.99999999999733,304.99999999999199,17.019999999999911,1617.9399999999948,SSSW,model_assisted_not_ground_truth,0,0,0,0,0,0,0,0,0,0,0
9.50,130,177,56,0,128,133,140,317,17.190000000000001,1643.8099999999999,SSSW,model_assisted_not_ground_truth,0,0,0,0,0,0,0,0,0,0,0
9.51,134.00000000000534,184.00000000000267,54,0,130.00000000000267,132.99999999999912,147.99999999999821,322.0000000000062,17.290000000000123,1670.7399999999884,SSSW,model_assisted_not_ground_truth,0,0,0,0,0,0,0,0,0,0,0
9.52,140.00000000000355,187.00000000000179,53.999999999998224,0,133.00000000000179,131.99999999999466,146.00000000000534,329.00000000001421,17.430000000000195,1657.6100000000351,SSSW,model_assisted_not_ground_truth,0,0,0,0,0,0,0,0,0,0,0
9.53,142.00000000001066,188,52.999999999997335,0,134.00000000000267,128.99999999999201,148.99999999999733,337.0000000000133,17.540000000000038,1677.5100000000227,SSSW,model_assisted_not_ground_truth,0,0,0,0,0,0,0,0,0,0,0
9.54,145.99999999999628,187.99999999999628,52,0,135,125.99999999997388,147.9999999999776,341.99999999998505,17.555000000000057,1686.0100000000316,SLT,model_assisted_not_ground_truth,0,0,0,0,0,0,0,0,0,0,0
9.55,144.99999999999076,186.99999999998613,51.999999999995381,0,134.99999999997229,118.99999999988916,141.99999999999537,337.99999999999073,17.570000000000139,1694.5100000000323,SLT,model_assisted_not_ground_truth,0,0,0,0,0,0,0,0,0,0,0
9.56,142.99999999997797,183.99999999996146,50.999999999994493,0,128.99999999994495,94.99999999993392,140.999999999989,335.99999999998897,17.600000000000168,1701.4999999999118,SLT,model_assisted_not_ground_truth,0,0,0,0,0,0,0,0,0,0,0
9.57,139.0000000000199,177.00000000003482,50.000000000004974,0,119.00000000004974,83.000000000059686,139.00000000000995,334.00000000000995,17.629999999999679,1685.4899999996419,SLT,model_assisted_not_ground_truth,0,0,0,0,0,0,0,0,0,0,0
9.58,124.00000000006128,164.00000000005312,48.000000000008171,0,104.00000000006128,63.000000000081712,129.00000000004087,331.00000000001228,17.579999999999561,1629.489999999643,SLT,model_assisted_not_ground_truth,0,0,0,0,0,0,0,0,0,0,0
9.59,115.00000000002878,153.00000000003519,44.00000000001279,0,95.000000000028777,56.000000000022382,117.00000000003837,331,17.519999999999428,1580.4799999993952,SLT,model_assisted_not_ground_truth,0,0,0,0,0,0,0,0,0,0,0
9.60,98.00000000003925,136.00000000003925,43.000000000002309,0,62.000000000076206,53.000000000006928,109.00000000001847,319.00000000002774,17.450000000000159,1506.470000000171,SLT,model_assisted_not_ground_truth,0,0,0,0,0,0,0,0,0,0,0
9.61,75.000000000032685,100.00000000005116,41.000000000002842,0,49.000000000018474,43.000000000014211,79.000000000042633,306.00000000001847,17.420000000000044,1473.465000000047,SLT,model_assisted_not_ground_truth,0,0,0,0,0,0,0,0,0,0,0
9.62,69.000000000002132,76.000000000008527,35.000000000002132,0,45.000000000001421,44.999999999999289,70.000000000003197,280.00000000000921,17.390000000000011,1440.4600000000119,SLT,model_assisted_not_ground_truth,0,0,0,0,0,0,0,0,0,0,0
9.63,56.999999999994138,37.999999999992006,33.000000000001066,0,42.999999999999467,45,36.999999999997868,253.99999999998826,17.459999999999951,1384.4599999999548,SLT,model_assisted_not_ground_truth,0,0,0,0,0,0,0,0,0,0,0
9.64,45.999999999998579,22.999999999998579,35,0,41.999999999997158,44.999999999994316,32.999999999998579,231.99999999997442,17.369999999999532,1299.4599999998281,SLT,model_assisted_not_ground_truth,0,0,0,0,0,0,0,0,0,0,0
9.65,44.999999999997691,21.999999999986144,35.000000000002309,0,40,40.999999999997691,31.999999999993072,213.99999999995612,17.039999999999928,1178.4499999997922,SLT,model_assisted_not_ground_truth,0,0,0,0,0,0,0,0,0,0,0
9.66,43.999999999990408,16.000000000022382,36,0,40.000000000006395,40,29,194.99999999992005,17.009999999998019,1088.4399999997936,SLT,model_assisted_not_ground_truth,0,0,0,0,0,0,0,0,0,0,0
9.67,40.999999999995914,22.999999999906031,36,0,42,40.000000000004086,28.999999999991829,169.99999999993054,16.389999999997059,1023.8799999997979,SLT,model_assisted_not_ground_truth,0,0,0,0,0,0,0,0,0,0,0
9.68,39.999999999995026,0,36.000000000004974,0,42,40.999999999990052,27.000000000004974,152.99999999989058,15.669999999996419,974.40999999975395,SLT,model_assisted_not_ground_truth,0,0,0,0,0,0,0,0,0,0,0
9.69,39.000000000005507,0,36.999999999994493,0,42,39.000000000011013,27.999999999994493,131.00000000012113,14.949999999997186,924.93999999950267,SLT,model_assisted_not_ground_truth,0,0,0,0,0,0,0,0,0,0,0
9.70,39,0,37.999999999995559,0,41.000000000004441,38.000000000004441,28,120.00000000004886,14.469999999996952,840.09999999934223,SLT,model_assisted_not_ground_truth,0,0,0,0,0,0,0,0,0,0,0
9.71,39,0,37.000000000003553,0,39.000000000007105,37.000000000003553,28,101.0000000000675,14.030000000000156,745.15000000000771,SLT,model_assisted_not_ground_truth,0,0,0,0,0,0,0,0,0,0,0
9.72,38.000000000002665,0,37,0,39,33.000000000010658,28,72.000000000077279,14.049999999999947,746.13999999999737,SLT,model_assisted_not_ground_truth,0,0,0,0,0,0,0,0,0,0,0
9.73,38.999999999998224,0,33.000000000007105,0,38.000000000001776,33.999999999998224,28,51.000000000037303,13.980000000000125,720.11000000004628,SLT,model_assisted_not_ground_truth,0,0,0,0,0,0,0,0,0,0,0
9.74,39,0,33.999999999999112,0,38.999999999999112,34.999999999999112,28,38.000000000011546,13.890000000000081,684.05000000003201,SLT,model_assisted_not_ground_truth,0,0,0,0,0,0,0,0,0,0,0
9.75,39,0,34,0,38,34,8,23,13.81,664.01999999999998,SLT,model_assisted_not_ground_truth,0,0,0,0,0,0,0,0,0,0,0
9.76,39,0,33.999999999999112,0,38,33.000000000000888,6.9999999999937828,13,13.734999999999934,648.51499999998623,SLT,model_assisted_not_ground_truth,0,0,0,0,0,0,0,0,0,0,0
9.77,39,0,33.000000000003553,0,38.000000000001776,33.999999999998224,0,13,13.659999999999947,633.00999999997691,SLT,model_assisted_not_ground_truth,0,0,0,0,0,0,0,0,0,0,0
9.78,38.999999999997335,0,35.000000000007994,0,38.999999999997335,32.999999999997335,0,12.999999999965361,13.629999999999841,619.98999999996806,SLT,model_assisted_not_ground_truth,0,0,0,0,0,0,0,0,0,0,0
9.79,37.999999999940314,0,37.999999999992539,0,38,32.00000000000373,0,0,13.570000000000149,607.98000000000366,SLT,model_assisted_not_ground_truth,0,0,0,0,0,0,0,0,0,0,0
9.80,21.999999999995381,0,36,0,38,33.000000000004619,0,0,13.609999999999907,608.96999999994455,SLT,model_assisted_not_ground_truth,0,0,0,0,0,0,0,0,0,0,0
9.81,21.000000000005507,0,36,0,38,33.999999999988987,0,0,13.590000000000055,596.9500000000055,SLT,model_assisted_not_ground_truth,0,0,0,0,0,0,0,0,0,0,0
9.82,21.999999999995026,0,36,0,38,32.000000000009948,0,0,13.600000000000319,597.9400000000511,SLT,model_assisted_not_ground_truth,0,0,0,0,0,0,0,0,0,0,0
9.83,22,0,36,0,38,33.999999999991829,0,0,13.650000000000109,605.91999999998529,SLT,model_assisted_not_ground_truth,0,0,0,0,0,0,0,0,0,0,0
9.84,24.999999999990408,0,36,0,38,34,0,0,13.665000000000038,603.90999999999497,SLT,model_assisted_not_ground_truth,0,0,0,0,0,0,0,0,0,0,0
9.85,25,0,36.999999999997691,0,38,34.999999999997691,0,0,13.679999999999964,601.90000000000464,SLT,model_assisted_not_ground_truth,0,0,0,0,0,0,0,0,0,0,0
9.86,24.000000000001421,0,36.000000000001421,0,38,35,0,0,13.610000000000099,585.87000000002274,SLT,model_assisted_not_ground_truth,0,0,0,0,0,0,0,0,0,0,0
9.87,22.000000000000711,0,36,0,38.999999999999645,35,0,0,13.570000000000014,575.85000000000355,SLT,model_assisted_not_ground_truth,0,0,0,0,0,0,0,0,0,0,0
9.88,19.999999999999467,0,36,0,39.000000000000533,35,0,0,13.400000000000059,551.8700000000058,SLT,model_assisted_not_ground_truth,0,0,0,0,0,0,0,0,0,0,0
9.89,19.000000000004263,0,36,0,40,35.000000000001421,0,0,13.510000000000092,562.85000000000639,SLT,model_assisted_not_ground_truth,0,0,0,0,0,0,0,0,0,0,0
9.90,22,0,36.000000000002309,0,40.000000000002309,35.999999999997691,0,0,13.57500000000015,567.33000000001039,SLT,model_assisted_not_ground_truth,0,0,0,0,0,0,0,0,0,0,0
9.91,21.999999999990408,0,37,0,41.000000000003197,35,0,0,13.640000000000128,571.81000000001586,SLT,model_assisted_not_ground_truth,0,0,0,0,0,0,0,0,0,0,0
9.92,19.000000000008171,0,36.999999999995914,0,42,35,0,0,13.679999999999877,576.78999999997541,SLT,model_assisted_not_ground_truth,0,0,0,0,0,0,0,0,0,0,0
9.93,21.000000000014921,0,36.000000000004974,0,42,35,0,0,13.65000000000005,570.78000000003487,SLT,model_assisted_not_ground_truth,0,0,0,0,0,0,0,0,0,0,0
9.94,23.99999999998348,0,36.999999999994493,0,42,35,0,0,13.660000000000235,577.80000000001155,SLT,model_assisted_not_ground_truth,0,0,0,0,0,0,0,0,0,0,0
9.95,14.000000000044409,0,37,0,42,35,0,0,13.700000000000069,579.7800000000417,SLT,model_assisted_not_ground_truth,0,0,0,0,0,0,0,0,0,0,0
9.96,21.999999999971578,0,37,0,42,35,0,0,13.710000000000235,585.79999999999188,SLT,model_assisted_not_ground_truth,0,0,0,0,0,0,0,0,0,0,0
9.97,20.000000000005329,0,37,0,42,35,0,0,13.73999999999992,584.77000000000271,SLT,model_assisted_not_ground_truth,0,0,0,0,0,0,0,0,0,0,0
9.98,20,0,37,0,40.000000000003553,34.000000000001776,0,0,13.710000000000054,575.77000000001601,SLT,model_assisted_not_ground_truth,0,0,0,0,0,0,0,0,0,0,0
9.99,19.000000000000888,0,37,0,40.999999999999112,34.999999999999112,0,0,13.744999999999969,581.27499999999509,SLT,model_assisted_not_ground_truth,0,0,0,0,0,0,0,0,0,0,0
10.00,20,0,37,0,42,35,0,0,13.779999999999999,586.77999999999997,SLT,model_assisted_not_ground_truth,0,0,0,0,0,0,0,0,0,0,0
10.01,19.999999999995559,0,37,0,41,35,0,0,13.770000000000008,585.78000000000088,SLT,model_assisted_not_ground_truth,0,0,0,0,0,0,0,0,0,0,0
10.02,15.000000000001776,0,37,0,41,35,0,0,13.779999999999928,586.7599999999876,SLT,model_assisted_not_ground_truth,0,0,0,0,0,0,0,0,0,0,0
10.03,16,0,37.000000000002665,0,41,35,0,0,13.740000000000054,579.76999999997849,SLT,model_assisted_not_ground_truth,0,0,0,0,0,0,0,0,0,0,0
10.04,16,0,38,0,41,35,0,0,13.760000000000336,571.72000000008586,SLT,model_assisted_not_ground_truth,0,0,0,0,0,0,0,0,0,0,0
10.05,16.000000000004619,0,38,0,40.999999999995381,35,0,0,13.850000000000415,594.73000000000445,SLT,model_assisted_not_ground_truth,0,0,0,0,0,0,0,0,0,0,0
10.06,17,0,37.999999999994493,0,40,35,0,5.5067062020831808e-11,13.940000000000165,595.70000000001642,SLT,model_assisted_not_ground_truth,0,0,0,0,0,0,0,0,0,0,0
10.07,17,0,37.000000000004974,0,40,35,0,9.999999999950262,13.970000000000191,598.67000000001906,SLT,model_assisted_not_ground_truth,0,0,0,0,0,0,0,0,0,0,0
10.08,20.999999999983658,0,39.999999999987743,0,40,35,0,10.999999999995914,14.000000000000947,601.64000000010162,SLT,model_assisted_not_ground_truth,0,0,0,0,0,0,0,0,0,0,0
10.09,20.000000000003197,0,40.999999999996803,0,40,35,0,19.999999999971223,14.129999999996242,615.60000000007642,SLT,model_assisted_not_ground_truth,0,0,0,0,0,0,0,0,0,0,0
10.10,29.999999999976907,3.9999999999907629,42.999999999995381,0,40.999999999997691,35.999999999997691,0,51.999999999926104,13.670000000001062,624.94999999997844,SLT,model_assisted_not_ground_truth,0,0,0,0,0,0,0,0,0,0,0
10.11,30.999999999998579,17.999999999980105,43,0,41.999999999998579,36.999999999998579,0,73.999999999968736,13.460000000000299,614.01000000001557,SLT,model_assisted_not_ground_truth,0,0,0,0,0,0,0,0,0,0,0
10.12,31.999999999999645,18,43.999999999999645,0,42,38.999999999999289,0,83.999999999996447,13.280000000000063,603.08000000000391,SLT,model_assisted_not_ground_truth,0,0,0,0,0,0,0,0,0,0,0
10.13,32.000000000002132,22.999999999998934,44,0,41.000000000001066,40.000000000000533,0,112.00000000002878,13.059999999999667,591.12999999997953,SLT,model_assisted_not_ground_truth,0,0,0,0,0,0,0,0,0,0,0
10.14,36.000000000011369,20.999999999994316,43.999999999998579,0,43.000000000004263,41.000000000002842,0,166.00000000002984,12.434999999999112,552.75999999994542,SLT,model_assisted_not_ground_truth,0,0,0,0,0,0,0,0,0,0,0
10.15,44,17.000000000025402,43.000000000004619,0,46.000000000011546,43.000000000006928,2.771116669466911e-11,187.00000000006236,11.809999999999539,514.3900000002526,SLT,model_assisted_not_ground_truth,0,0,0,0,0,0,0,0,0,0,0
10.16,44.000000000051159,28.000000000035172,45.000000000003197,0,51.000000000102318,46.000000000003197,12.000000000047962,214.00000000009274,11.610000000000063,623.79000000029475,SLT,model_assisted_not_ground_truth,0,0,0,0,0,0,0,0,0,0,0
10.17,60.000000000036771,39.000000000106226,46.000000000008171,0,83.00000000011849,47.000000000020428,27.000000000004086,243.00000000010215,11.630000000003392,716.00000000096134,SLT,model_assisted_not_ground_truth,0,0,0,0,0,0,0,0,0,0,0
10.18,69.000000000074607,65.00000000003979,48.000000000009948,0,112.00000000010942,52.000000000049738,28.000000000004974,268.00000000003479,12.460000000002438,951.29000000062672,SLT,model_assisted_not_ground_truth,0,0,0,0,0,0,0,0,0,0,0
10.19,83.999999999917407,72.999999999955946,49.999999999988987,0,133.99999999987887,61.999999999944933,28.999999999994493,274.99999999996146,12.950000000001582,1077.3100000003458,SLT,model_assisted_not_ground_truth,0,0,0,0,0,0,0,0,0,0,0
10.20,70.000000000062172,75.99999999998667,49.000000000004441,0,139.99999999997334,68.999999999968907,28.000000000004441,275,13.220000000000555,1136.3100000001698,SLT,model_assisted_not_ground_truth,0,0,0,0,0,0,0,0,0,0,0
10.21,69.000000000003553,73.000000000010658,48.000000000003553,0,141.99999999999289,66.000000000010658,28,248.00000000009592,13.300000000000171,1160.8250000000521,SLT,model_assisted_not_ground_truth,0,0,0,0,0,0,0,0,0,0,0
10.22,61.000000000021316,54.000000000050626,46.000000000005329,0,142,66,28,238.00000000002666,13.379999999999788,1185.3399999999347,SLT,model_assisted_not_ground_truth,0,0,0,0,0,0,0,0,0,0,0
10.23,63.999999999994671,38.000000000028422,45.000000000001776,0,140.00000000000355,65.000000000001776,8.0000000000355271,238.99999999999824,13.469999999999841,1235.3799999999112,SLT,model_assisted_not_ground_truth,0,0,0,0,0,0,0,0,0,0,0
10.24,79.999999999985789,39.999999999998224,44.000000000000888,0,141.99999999999824,72.999999999992895,8.9999999999991118,249.99999999999022,13.509999999999964,1269.4199999999698,SLT,model_assisted_not_ground_truth,0,0,0,0,0,0,0,0,0,0,0
10.25,94,54,47,0,156,84,28,264,13.51,1290.45,SLT,model_assisted_not_ground_truth,0,0,0,0,0,0,0,0,0,0,0
10.26,109.00000000000711,78.000000000016882,47,0,185.00000000002132,87.000000000008882,29,279.00000000000267,13.630000000000116,1346.4400000000489,SLT,model_assisted_not_ground_truth,0,0,0,0,0,0,0,0,0,0,0
10.27,117.00000000001776,97.000000000008882,47,0,209.00000000001066,96.999999999994671,29,282.00000000000534,13.760000000000097,1401.410000000016,SLT,model_assisted_not_ground_truth,0,0,0,0,0,0,0,0,0,0,0
10.28,127.00000000000533,101.99999999998934,47.000000000005329,0,215.00000000001066,94.000000000005329,29,285.00000000001069,13.815000000000147,1410.3950000000241,SLT,model_assisted_not_ground_truth,0,0,0,0,0,0,0,0,0,0,0
10.29,128.9999999999776,97.999999999977618,49,0,219,96,29,288.99999999997016,13.870000000000559,1419.3800000000597,SLT,model_assisted_not_ground_truth,0,0,0,0,0,0,0,0,0,0,0
10.30,122.99999999995843,91.99999999996767,49,0,218.99999999994918,95.999999999972289,29,280.99999999995379,14.020000000000554,1435.3500000000413,SLT,model_assisted_not_ground_truth,0,0,0,0,0,0,0,0,0,0,0
10.31,113.99999999991189,84.999999999955946,49,0,207.99999999993943,89.9999999999945,29,270.99999999991741,14.140000000000827,1444.2900000000327,SLT,model_assisted_not_ground_truth,0,0,0,0,0,0,0,0,0,0,0
10.32,98.000000000079581,77.00000000003979,49,0,197.00000000005471,89.000000000004974,29,256.00000000007458,14.290000000000958,1450.2500000001212,SLT,model_assisted_not_ground_truth,0,0,0,0,0,0,0,0,0,0,0
10.33,75.000000000093962,73.000000000016342,49,0,191.0000000000245,86.00000000001225,29,249.00000000002859,14.440000000000582,1469.1999999999234,SLT,model_assisted_not_ground_truth,0,0,0,0,0,0,0,0,0,0,0
10.34,71.00000000001279,63.000000000031974,49,0,184.0000000000224,85.000000000003197,29,247.00000000000639,14.520000000000199,1458.6699999999739,SLT,model_assisted_not_ground_truth,0,0,0,0,0,0,0,0,0,0,0
10.35,69.000000000004619,52.000000000025402,49,0,165.00000000004388,79.000000000013856,29,238.00000000002078,14.599999999999815,1448.1400000000244,SLT,model_assisted_not_ground_truth,0,0,0,0,0,0,0,0,0,0,0
10.36,60.00000000001279,45.000000000009948,49,0,155.00000000001421,77.000000000002842,29,232.00000000000853,14.71999999999983,1431.0700000000243,SLT,model_assisted_not_ground_truth,0,0,0,0,0,0,0,0,0,0,0
10.37,46.000000000004974,45,49,0,139.00000000000568,69.000000000002842,29,226.00000000000213,14.809999999999969,1400.0100000000111,SLT,model_assisted_not_ground_truth,0,0,0,0,0,0,0,0,0,0,0
10.38,46.999999999999467,36.999999999998401,47,0,110.9999999999888,65.999999999994131,29,220.99999999999628,14.930000000000064,1385.9199999999871,SLT,model_assisted_not_ground_truth,0,0,0,0,0,0,0,0,0,0,0
10.39,46,33.999999999995737,47,0,89.999999999957367,54.999999999998579,29,213.99999999998863,15.050000000000185,1361.8099999999927,SLT,model_assisted_not_ground_truth,0,0,0,0,0,0,0,0,0,0,0
10.40,46,30.999999999993072,47,0,59.999999999986144,53.999999999993072,29,205.99999999997689,15.180000000000254,1356.7099999999928,SLT,model_assisted_not_ground_truth,0,0,0,0,0,0,0,0,0,0,0
10.41,45.999999999996803,28,47,0,53.999999999996803,50.999999999990408,29,195.99999999997442,15.290000000000351,1353.5799999999899,SLT,model_assisted_not_ground_truth,0,0,0,0,0,0,0,0,0,0,0
10.42,45,27.999999999995914,46.999999999991829,0,53,48,29,187.99999999995913,15.400000000000777,1350.4500000000442,SLT,model_assisted_not_ground_truth,0,0,0,0,0,0,0,0,0,0,0
10.43,45,26.999999999980105,45.000000000004974,0,52.999999999995026,47.999999999995026,29,177.99999999994031,15.590000000000447,1361.2399999998649,SLT,model_assisted_not_ground_truth,0,0,0,0,0,0,0,0,0,0,0
10.44,45,23.000000000022027,45.999999999994493,0,52.000000000005507,47.000000000005507,29,166.00000000006608,15.680000000000703,1334.0800000000345,SLT,model_assisted_not_ground_truth,0,0,0,0,0,0,0,0,0,0,0
10.45,45,28.999999999973355,44.000000000008882,0,52,47,29,161.0000000000222,15.800000000000971,1339.9600000000892,SLT,model_assisted_not_ground_truth,0,0,0,0,0,0,0,0,0,0,0
10.46,45,28.000000000003553,44,0,51.000000000003553,47.999999999996447,29,157.00000000001421,15.940000000001172,1352.820000000022,SLT,model_assisted_not_ground_truth,0,0,0,0,0,0,0,0,0,0,0
10.47,45,28.999999999997335,44,0,51,47.000000000002665,29,149.00000000002132,16.089999999999598,1355.6499999999926,SLT,model_assisted_not_ground_truth,0,0,0,0,0,0,0,0,0,0,0
10.48,45,21.000000000014211,44,0,50.000000000001776,47,29,140.00000000001597,16.139999999999912,1359.1099999999938,SLT,model_assisted_not_ground_truth,0,0,0,0,0,0,0,0,0,0,0
10.49,45,24.999999999996447,43.000000000000888,0,50,47,29,117.00000000002044,16.189999999999955,1362.5699999999968,SLT,model_assisted_not_ground_truth,0,0,0,0,0,0,0,0,0,0,0
10.50,45,26,44,0,50,47,29,101,16.25,1366.51,SLT,model_assisted_not_ground_truth,0,0,0,0,0,0,0,0,0,0,0
10.51,45,19.000000000001776,44.000000000000888,0,50,46.999999999999112,29,92.999999999996447,16.460000000000065,1385.3100000000088,SLT,model_assisted_not_ground_truth,0,0,0,0,0,0,0,0,0,0,0
10.52,45,21.000000000001776,45,0,50,46.000000000003553,29,88.999999999985789,16.530000000000125,1395.2499999999964,SLT,model_assisted_not_ground_truth,0,0,0,0,0,0,0,0,0,0,0
10.53,45,21.999999999992006,45,0,49.999999999997335,47.999999999997335,28.999999999994671,80.999999999994671,16.600000000000083,1393.1800000000173,SLT,model_assisted_not_ground_truth,0,0,0,0,0,0,0,0,0,0,0
10.54,45.000000000033573,18.99999999999627,45,0,49,46.99999999999627,27.000000000007461,79.000000000014921,16.630000000000113,1399.6600000000242,SLT,model_assisted_not_ground_truth,0,0,0,0,0,0,0,0,0,0,0
10.55,54.000000000027711,17.999999999921485,45,0,49,46,29.000000000004619,82.999999999976907,16.660000000000416,1406.1400000000228,SLT,model_assisted_not_ground_truth,0,0,0,0,0,0,0,0,0,0,0
10.56,60.000000000011013,0.99999999999449329,45,0,49,46,30,78.0000000000055,16.750000000000881,1411.0400000000045,SSLW,model_assisted_not_ground_truth,0,0,0,0,0,0,0,0,0,0,0
10.57,61.999999999990052,4.9737991503207013e-12,45,0,49,46,30,78.999999999995026,16.910000000000384,1411.869999999974,SSLW,model_assisted_not_ground_truth,0,0,0,0,0,0,0,0,0,0,0
10.58,64.99999999998775,0,45.999999999995914,0,49,46.999999999995914,30,85.999999999971408,16.970000000000582,1407.809999999992,SSLW,model_assisted_not_ground_truth,0,0,0,0,0,0,0,0,0,0,0
10.59,65.999999999996803,0,45.000000000003197,0,49,46.000000000003197,30,94.999999999971223,17.050000000001717,1406.7099999999082,SSLW,model_assisted_not_ground_truth,0,0,0,0,0,0,0,0,0,0,0
10.60,68.999999999993065,0,46.999999999995381,0,50.999999999995381,47.999999999995381,30,112.99999999995843,17.259999999999515,1395.4800000000259,SSLW,model_assisted_not_ground_truth,0,0,0,0,0,0,0,0,0,0,0
10.61,69,0,46.000000000001421,0,51,46.000000000002842,30,117.99999999999289,17.250000000000014,1389.9800000000077,SSLW,model_assisted_not_ground_truth,0,0,0,0,0,0,0,0,0,0,0
10.62,70.999999999999289,19.999999999992895,46.999999999999645,0,51,46,30,132.99999999999466,17.240000000000002,1384.4800000000021,SSLW,model_assisted_not_ground_truth,0,0,0,0,0,0,0,0,0,0,0
10.63,72.000000000001606,21.000000000001599,47,0,52,47,31.000000000000533,152.00000000000426,17.210000000000001,1371.4799999999964,SSLW,model_assisted_not_ground_truth,0,0,0,0,0,0,0,0,0,0,0
10.64,75.000000000015632,24.000000000005684,47.000000000002842,0,52.000000000007105,47.000000000001421,32.000000000008527,160.00000000000853,17.209999999999958,1364.4699999999816,SSLW,model_assisted_not_ground_truth,0,0,0,0,0,0,0,0,0,0,0
10.65,86.000000000013856,28,49,0,56.999999999997691,48,38.000000000004619,166.00000000004619,17.18,1351.47,SSLW,model_assisted_not_ground_truth,0,0,0,0,0,0,0,0,0,0,0
10.66,92,28,48.999999999993605,0,55.999999999990408,47.999999999996803,40.00000000002558,186.00000000003837,17.179999999999936,1351.4499999999809,SSLW,model_assisted_not_ground_truth,0,0,0,0,0,0,0,0,0,0,0
10.67,92.000000000008171,28.000000000008171,47.000000000004086,0,53,47,48.000000000032685,198.00000000001634,17.159999999999979,1345.449999999953,SSLW,model_assisted_not_ground_truth,0,0,0,0,0,0,0,0,0,0,0
10.68,93.999999999980105,30.000000000029843,47.999999999990052,0,53.000000000004974,47,55.999999999985079,202.00000000010445,17.154999999999973,1333.9449999999429,SSLW,model_assisted_not_ground_truth,0,0,0,0,0,0,0,0,0,0,0
10.69,90.000000000022027,35.99999999996696,46.000000000011013,0,53.999999999994493,47,53.00000000001652,222.99999999988435,17.149999999999938,1322.4399999998125,SSLW,model_assisted_not_ground_truth,0,0,0,0,0,0,0,0,0,0,0
10.70,82.000000000035527,39.999999999982236,46,0,55.999999999991118,51.999999999977796,61.999999999960032,226.99999999998224,17.140000000000001,1290.4299999998129,SSLW,model_assisted_not_ground_truth,0,0,0,0,0,0,0,0,0,0,0
10.71,72.000000000035527,40.999999999996447,46,0,53.000000000010658,51.000000000003553,57.000000000017764,235.99999999996803,17.139999999999688,1263.4299999995546,SSLW,model_assisted_not_ground_truth,0,0,0,0,0,0,0,0,0,0,0
10.72,71.000000000002672,41.999999999997335,45.000000000002665,0,51.000000000005329,48.000000000007994,45.000000000031974,226.00000000002666,17.100000000000108,1206.4300000001519,SSLW,model_assisted_not_ground_truth,0,0,0,0,0,0,0,0,0,0,0
10.73,64.000000000012434,33.000000000015987,44.000000000001776,0,51,47.000000000001776,30.000000000026645,222.00000000000711,17.070000000000054,1162.4200000000783,SSLW,model_assisted_not_ground_truth,0,0,0,0,0,0,0,0,0,0,0
10.74,59.000000000004441,32.000000000000888,43.000000000000888,0,50.000000000000888,47,28.000000000001776,215.00000000000622,17.060000000000009,1115.4200000000419,SSLW,model_assisted_not_ground_truth,0,0,0,0,0,0,0,0,0,0,0
10.75,46,31,42,0,50,47,28,215,17.045000000000002,1102.4200000000001,SSLW,model_assisted_not_ground_truth,0,0,0,0,0,0,0,0,0,0,0
10.76,45.999999999999112,31,41.999999999999112,0,49,46,28.000000000000888,207.9999999999911,17.029999999999983,1089.4199999999778,SSLW,model_assisted_not_ground_truth,0,0,0,0,0,0,0,0,0,0,0
10.77,45,30.999999999994671,41,0,49,45.999999999998224,29,197.99999999996803,17.009999999999184,1064.4199999999546,SSLW,model_assisted_not_ground_truth,0,0,0,0,0,0,0,0,0,0,0
10.78,44.999999999997335,27.999999999997335,41,0,48.999999999992006,45.000000000002665,28.999999999997335,179.99999999993071,16.549999999999308,1038.7699999999045,SSLW,model_assisted_not_ground_truth,0,0,0,0,0,0,0,0,0,0,0
10.79,43.999999999992539,26.999999999988809,40.999999999992539,0,45.99999999999627,45.999999999988809,28,153.99999999992539,16.289999999998209,1002.9399999998371,SSLW,model_assisted_not_ground_truth,0,0,0,0,0,0,0,0,0,0,0
10.80,41.999999999995381,23.999999999958433,39,0,44.999999999995381,42.999999999995381,28,133.99999999993071,15.809999999997045,959.25999999968781,SSLW,model_assisted_not_ground_truth,0,0,0,0,0,0,0,0,0,0,0
10.81,41,15.000000000044054,39,0,44,42,27.999999999994493,118.9999999998293,15.169999999998925,891.66999999983523,SSLW,model_assisted_not_ground_truth,0,0,0,0,0,0,0,0,0,0,0
10.82,41,22.99999999996021,39,0,44,42,27.000000000004974,88.000000000154188,14.974999999998753,861.75999999980877,SSLW,model_assisted_not_ground_truth,0,0,0,0,0,0,0,0,0,0,0
10.83,39.000000000008171,12.000000000044942,37.000000000008171,0,44,42,7.0000000000817124,61.000000000110312,14.779999999999198,831.84999999972308,SSLW,model_assisted_not_ground_truth,0,0,0,0,0,0,0,0,0,0,0
10.84,39.999999999996803,3.836930773104541e-11,37.999999999996803,0,44,42,7,45.000000000051159,14.670000000000163,793.81999999981133,SSLW,model_assisted_not_ground_truth,0,0,0,0,0,0,0,0,0,0,0
10.85,40,0.99999999999769074,37.000000000002309,0,44,41.000000000002309,7,35.000000000023093,14.689999999999953,770.73000000005334,SSLW,model_assisted_not_ground_truth,0,0,0,0,0,0,0,0,0,0,0
10.86,39.000000000001421,1.4210854715202004e-12,37,0,44,41,9.9475983006414026e-12,35,14.640000000000072,756.73000000001991,SSLW,model_assisted_not_ground_truth,0,0,0,0,0,0,0,0,0,0,0
10.87,39,0,37.999999999999645,0,44,41,0,35,14.580000000000021,734.70000000000789,SSLW,model_assisted_not_ground_truth,0,0,0,0,0,0,0,0,0,0,0
10.88,39,0,37,0,43.999999999999467,41.000000000000533,0,0,14.550000000000001,725.68999999999789,SSLW,model_assisted_not_ground_truth,0,0,0,0,0,0,0,0,0,0,0
10.89,39,0,37,0,42.999999999998579,41.999999999998579,0,0,14.550000000000001,721.67999999999427,SSLW,model_assisted_not_ground_truth,0,0,0,0,0,0,0,0,0,0,0
10.90,39,0,37,0,42,41.000000000002309,0,0,14.549999999999955,717.67000000000223,SSLW,model_assisted_not_ground_truth,0,0,0,0,0,0,0,0,0,0,0
10.91,39,0,37.000000000003197,0,41.999999999996803,42,0,0,14.529999999999935,718.65999999999678,SSLW,model_assisted_not_ground_truth,0,0,0,0,0,0,0,0,0,0,0
10.92,39,0,37.999999999997961,0,41,42,0,0,14.509999999999918,717.66999999997552,SSLW,model_assisted_not_ground_truth,0,0,0,0,0,0,0,0,0,0,0
10.93,39,0,37.500000000000355,0,41,42,0,0,14.489999999999901,711.68999999999016,SSLW,model_assisted_not_ground_truth,0,0,0,0,0,0,0,0,0,0,0
10.94,39,0,37.000000000002757,0,41,42,0,0,14.469999999999708,709.69999999997083,SSLW,model_assisted_not_ground_truth,0,0,0,0,0,0,0,0,0,0,0
10.95,38.000000000004441,0,37.999999999995559,0,41,42,0,0,14.419999999999931,704.71999999993056,SSLW,model_assisted_not_ground_truth,0,0,0,0,0,0,0,0,0,0,0
10.96,38,0,38.999999999996447,0,41,42,0,0,14.410000000000039,694.70000000003142,SSLW,model_assisted_not_ground_truth,0,0,0,0,0,0,0,0,0,0,0
10.97,26.000000000031974,0,39,0,41,42,0,0,14.415000000000015,698.7150000000122,SSLW,model_assisted_not_ground_truth,0,0,0,0,0,0,0,0,0,0,0
10.98,25.000000000001776,1.9999999999964473,39,0,41,42,0,0,14.419999999999991,702.72999999999286,SSLW,model_assisted_not_ground_truth,0,0,0,0,0,0,0,0,0,0,0
10.99,26.999999999998224,2.9999999999991118,39,0,41,42,0,0,14.390000000000027,703.7399999999991,SSLW,model_assisted_not_ground_truth,0,0,0,0,0,0,0,0,0,0,0
11.00,27,21,40,0,41,42,0,0,14.369999999999999,700.75,SSLW,model_assisted_not_ground_truth,0,0,0,0,0,0,0,0,0,0,0
11.01,27,21,39.999999999999112,0,41,42,0,0,14.289999999999777,685.75999999996543,SSLW,model_assisted_not_ground_truth,0,0,0,0,0,0,0,0,0,0,0
11.02,27.000000000001776,21.000000000007105,39,0,41,42,0,0,14.03999999999991,646.82000000000551,SSLW,model_assisted_not_ground_truth,0,0,0,0,0,0,0,0,0,0,0
11.03,28,24.999999999994671,38.999999999997335,0,41,42,0,0,13.99,649.87000000000671,SSLW,model_assisted_not_ground_truth,0,0,0,0,0,0,0,0,0,0,0
11.04,28.000000000022382,23.000000000007461,38,0,41,41.99999999999627,0,0,13.99,652.38000000000932,SSLW,model_assisted_not_ground_truth,0,0,0,0,0,0,0,0,0,0,0
11.05,33.99999999996767,24.999999999976907,38,0,41,41,0,0,13.99,654.89000000002318,SSLW,model_assisted_not_ground_truth,0,0,0,0,0,0,0,0,0,0,0
11.06,27.000000000055067,20.000000000027534,38,0,41,41.000000000005507,0,0,13.99,659.90999999994472,SSLW,model_assisted_not_ground_truth,0,0,0,0,0,0,0,0,0,0,0
11.07,36.999999999950262,24.999999999975131,38,0,41,41.999999999995026,0,0,13.990000000000128,649.86999999996783,SSLW,model_assisted_not_ground_truth,0,0,0,0,0,0,0,0,0,0,0
11.08,37.999999999995914,24.000000000004086,38.999999999995914,0,41,42,0,0,14.009999999999854,644.8400000000147,SSLW,model_assisted_not_ground_truth,0,0,0,0,0,0,0,0,0,0,0
11.09,37.000000000003197,24,39,0,41,41.000000000003197,0,0,13.99,646.86000000004924,SSLW,model_assisted_not_ground_truth,0,0,0,0,0,0,0,0,0,0,0
11.10,37.999999999997691,24.999999999997691,38.000000000002309,0,40.000000000002309,36.000000000011546,0,0,13.99,652.87999999998613,SSLW,model_assisted_not_ground_truth,0,0,0,0,0,0,0,0,0,0,0
11.11,37.000000000001421,21.000000000005684,38.999999999998579,0,40,36,0,0,14.009999999999971,655.87999999999579,SSLW,model_assisted_not_ground_truth,0,0,0,0,0,0,0,0,0,0,0
11.12,37,23.999999999998934,38.000000000000355,0,40.999999999999645,35.000000000000355,0,0,14.014999999999997,657.37999999999943,SSLW,model_assisted_not_ground_truth,0,0,0,0,0,0,0,0,0,0,0
11.13,36.999999999993605,10.999999999994138,38,0,41.000000000000533,35.999999999999467,0,0,14.019999999999989,658.8799999999984,SSLW,model_assisted_not_ground_truth,0,0,0,0,0,0,0,0,0,0,0
11.14,25.000000000001421,0,38,0,42,35,0,0,14.000000000000028,655.88999999999567,SSLW,model_assisted_not_ground_truth,0,0,0,0,0,0,0,0,0,0,0
11.15,26,0,38.000000000002309,0,42,35.000000000002309,0,0,14.02,652.85999999999081,SSLW,model_assisted_not_ground_truth,0,0,0,0,0,0,0,0,0,0,0
11.16,25.999999999996803,0,38.999999999990408,0,42,35.999999999993605,0,0,14.019999999999872,648.84999999998411,SSLW,model_assisted_not_ground_truth,0,0,0,0,0,0,0,0,0,0,0
11.17,24.999999999991829,0,36.000000000004086,0,42,34,0,0,13.980000000000491,643.85999999990941,SSLW,model_assisted_not_ground_truth,0,0,0,0,0,0,0,0,0,0,0
11.18,23,0,37,0,41.999999999995026,34,0,0,14.100000000001044,621.69000000019889,SSLW,model_assisted_not_ground_truth,0,0,0,0,0,0,0,0,0,0,0
11.19,23,0,37,0,41.000000000005507,34,0,0,14.31,661.66999999999405,SSLW,model_assisted_not_ground_truth,0,0,0,0,0,0,0,0,0,0,0
11.20,18.000000000022204,0,37,0,41,34,0,0,14.31,660.66499999999303,SSLW,model_assisted_not_ground_truth,0,0,0,0,0,0,0,0,0,0,0
11.21,20.999999999989342,0,37.999999999996447,0,40.000000000003553,34,0,0,14.31,659.65999999992164,SSLW,model_assisted_not_ground_truth,0,0,0,0,0,0,0,0,0,0,0
11.22,19.000000000005329,0,36.000000000005329,0,40,34,0,0,14.31,649.6400000000267,SSLW,model_assisted_not_ground_truth,0,0,0,0,0,0,0,0,0,0,0
11.23,18.000000000001776,0,36,0,40,34,0,0,14.250000000000107,636.62000000002308,SSLW,model_assisted_not_ground_truth,0,0,0,0,0,0,0,0,0,0,0
11.24,19.999999999998224,0,36.999999999999112,0,40.999999999999112,34,0,0,14.279999999999973,633.60000000000275,SSLW,model_assisted_not_ground_truth,0,0,0,0,0,0,0,0,0,0,0
11.25,26,0,36,0,41,35,0,0,14.24,625.60000000000002,SSLW,model_assisted_not_ground_truth,0,0,0,0,0,0,0,0,0,0,0
11.26,24.999999999999556,0,37.000000000000448,0,40.999999999999552,35,0,0,14.159999999999995,621.62999999999727,SSLW,model_assisted_not_ground_truth,0,0,0,0,0,0,0,0,0,0,0
11.27,24.499999999999112,0,37.500000000000888,0,40.499999999999112,35,0,0,14.15499999999999,618.61999999999466,SSLW,model_assisted_not_ground_truth,0,0,0,0,0,0,0,0,0,0,0
11.28,24.000000000010658,0,38.000000000005329,0,39.999999999997335,35.000000000002665,0,0,14.149999999999787,615.60999999996807,SSLW,model_assisted_not_ground_truth,0,0,0,0,0,0,0,0,0,0,0
11.29,27.999999999992539,0,40.00000000000373,0,38.99999999999627,35.99999999999627,0,4.4764192352927025e-11,14.069999999999702,603.61999999995896,SSLW,model_assisted_not_ground_truth,0,0,0,0,0,0,0,0,0,0,0
11.30,26.000000000023093,0,41,0,38.000000000004619,35.000000000004619,0,12.000000000027711,13.989999999998892,592.61999999987063,SSLW,model_assisted_not_ground_truth,0,0,0,0,0,0,0,0,0,0,0
11.31,31.000000000005507,0,41.000000000005507,0,39,36,0,18.00000000003304,13.749999999998954,564.60999999990656,SSLW,model_assisted_not_ground_truth,0,0,0,0,0,0,0,0,0,0,0
11.32,31.999999999995026,0,41.999999999995026,0,39,36,0,23.999999999970157,13.559999999997251,547.63999999960322,SSLW,model_assisted_not_ground_truth,0,0,0,0,0,0,0,0,0,0,0
11.33,31.000000000004086,7.999999999967315,43.999999999991829,0,39,36,0,34.999999999955058,13.129999999998617,485.58999999993421,SSLW,model_assisted_not_ground_truth,0,0,0,0,0,0,0,0,0,0,0
11.34,31.999999999996803,11.99999999998721,44,0,39.999999999996803,37.999999999993605,0,57.999999999926459,12.939999999996608,476.55999999994776,SSLW,model_assisted_not_ground_truth,0,0,0,0,0,0,0,0,0,0,0
11.35,38.999999999983835,19.999999999981526,44.999999999997691,0,40.999999999997691,38.999999999997691,0,76.999999999956117,12.524999999998599,470.16999999997842,SSLW,model_assisted_not_ground_truth,0,0,0,0,0,0,0,0,0,0,0
11.36,42.999999999994316,18.000000000002842,44.000000000001421,0,41,39.999999999998579,0,96.999999999971578,12.110000000000589,463.78000000000907,SSLW,model_assisted_not_ground_truth,0,0,0,0,0,0,0,0,0,0,0
11.37,43,23.999999999997868,44,0,42.999999999999289,41.999999999999289,0,114.99999999999361,11.050000000000377,442.08000000000771,SSLW,model_assisted_not_ground_truth,0,0,0,0,0,0,0,0,0,0,0
11.38,44.000000000000533,23.999999999999467,45.000000000000533,0,44.000000000001066,42,10.999999999996803,152.00000000001387,10.550000000000059,475.53000000002726,SSLW,model_assisted_not_ground_truth,0,0,0,0,0,0,0,0,0,0,0
11.39,44.999999999998579,23.000000000001421,45.999999999998579,0,46.000000000005684,42,5,178.00000000001563,10.660000000002132,526.72000000032699,SSLW,model_assisted_not_ground_truth,0,0,0,0,0,0,0,0,0,0,0
11.40,44.000000000004619,24.000000000006928,45.000000000002309,0,50.000000000002309,42.000000000009237,5.0000000000508038,189.00000000005772,12.160000000001409,756.81000000030247,SSLW,model_assisted_not_ground_truth,0,0,0,0,0,0,0,0,0,0,0
11.41,46.000000000003197,27.00000000001279,46,0,51.000000000006395,46,27,214.00000000005116,12.770000000000495,887.83000000013283,SSLW,model_assisted_not_ground_truth,0,0,0,0,0,0,0,0,0,0,0
11.42,47.000000000053113,31.000000000004086,46,0,53.000000000016342,46.000000000004086,27.000000000004086,230.00000000002044,12.925000000000633,929.35000000016964,SSLW,model_assisted_not_ground_truth,0,0,0,0,0,0,0,0,0,0,0
11.43,60.000000000014921,31.999999999985079,46.000000000004974,0,57.000000000009948,46.999999999995026,28,235.00000000001492,13.080000000000846,970.87000000021408,SSLW,model_assisted_not_ground_truth,0,0,0,0,0,0,0,0,0,0,0
11.44,62.99999999998348,29.00000000001652,46.999999999994493,0,58.999999999988987,46.000000000005507,28,237.99999999998349,13.250000000000528,1013.9000000002583,SSLW,model_assisted_not_ground_truth,0,0,0,0,0,0,0,0,0,0,0
11.45,63.999999999995559,25.000000000017764,46.000000000004441,0,59.999999999995559,46,8.0000000000888178,230.00000000003553,13.34,1057.9700000002013,SSLW,model_assisted_not_ground_truth,0,0,0,0,0,0,0,0,0,0,0
11.46,60.000000000014211,25,46,0,68.999999999968026,46,8,236.99999999997513,13.339999999999765,1087.0300000002192,SSLW,model_assisted_not_ground_truth,0,0,0,0,0,0,0,0,0,0,0
11.47,60,26.999999999994671,46,0,76.999999999978684,46,8,236.00000000000267,13.31000000000008,1115.0699999999251,SSLW,model_assisted_not_ground_truth,0,0,0,0,0,0,0,0,0,0,0
11.48,60,27.999999999998224,46.999999999998224,0,88.999999999978684,46.999999999998224,8,242.99999999998755,13.220000000000161,1124.1699999999839,SSLW,model_assisted_not_ground_truth,0,0,0,0,0,0,0,0,0,0,0
11.49,60,30.999999999997335,47,0,99.999999999990223,50.999999999996447,27.999999999982236,250.99999999999289,13.185000000000031,1131.6999999999935,SSLW,model_assisted_not_ground_truth,0,0,0,0,0,0,0,0,0,0,0
11.50,60,38,47,0,104,53,28,257,13.15,1139.23,SSLW,model_assisted_not_ground_truth,0,0,0,0,0,0,0,0,0,0,0
11.51,59.999999999999112,38.999999999999112,47,0,106.9999999999991,55.000000000001776,28,257.9999999999938,12.969999999999974,1125.340000000017,SSLW,model_assisted_not_ground_truth,0,0,0,0,0,0,0,0,0,0,0
11.52,59.000000000001776,37.999999999998224,47.000000000001776,0,105.99999999999645,56.999999999996447,27.999999999998224,250.99999999998934,12.939999999999982,1144.4400000000232,SSLW,model_assisted_not_ground_truth,0,0,0,0,0,0,0,0,0,0,0
11.53,60.000000000005329,37,48,0,104,55,27.000000000002665,245.00000000000267,12.930000000000053,1157.4900000000027,SSLW,model_assisted_not_ground_truth,0,0,0,0,0,0,0,0,0,0,0
11.54,61.999999999988809,37.000000000014921,48,0,103.9999999999888,55,28,246.00000000000372,12.950000000000037,1158.4999999999775,SSLW,model_assisted_not_ground_truth,0,0,0,0,0,0,0,0,0,0,0
11.55,58.999999999997691,41.000000000004619,47.999999999997691,0,100.9999999999977,55,28,247.0000000000046,12.960000000000093,1152.4799999999977,SSLW,model_assisted_not_ground_truth,0,0,0,0,0,0,0,0,0,0,0
11.56,58.500000000000085,41.999999999999822,47.500000000000085,0,100.50000000000009,55,28,247.99999999999983,12.980000000000111,1151.9649999999972,SSLW,model_assisted_not_ground_truth,0,0,0,0,0,0,0,0,0,0,0
11.57,58.000000000002487,42.999999999995026,47.000000000002487,0,100.00000000000249,55,28,248.99999999999503,13.000000000000256,1151.4500000000385,SSLW,model_assisted_not_ground_truth,0,0,0,0,0,0,0,0,0,0,0
11.58,58.999999999995914,43.999999999995914,47.999999999995914,0,101.99999999999183,55.999999999995914,28,252.99999999998366,13.040000000000363,1157.4500000000507,SSLW,model_assisted_not_ground_truth,0,0,0,0,0,0,0,0,0,0,0
11.59,58.000000000003197,42.000000000006395,48,0,99.000000000009592,55.000000000003197,28,250.00000000000961,13.090000000000899,1164.4100000001879,SSLW,model_assisted_not_ground_truth,0,0,0,0,0,0,0,0,0,0,0
11.60,46.000000000027711,41.000000000002309,47.000000000002309,0,90.000000000020776,55,28,244.00000000001387,13.199999999999745,1187.3999999999469,SSLW,model_assisted_not_ground_truth,0,0,0,0,0,0,0,0,0,0,0
11.61,46,38.000000000004263,47,0,85.000000000007105,55.999999999998579,28.999999999998579,241.00000000000426,13.259999999999915,1195.3899999999887,SSLW,model_assisted_not_ground_truth,0,0,0,0,0,0,0,0,0,0,0
11.62,45.000000000000355,38.999999999999645,47,0,75.000000000003553,55.000000000000355,29,243.99999999999892,13.309999999999983,1196.3699999999994,SSLW,model_assisted_not_ground_truth,0,0,0,0,0,0,0,0,0,0,0
11.63,45,38,46.000000000000533,0,65.999999999995737,53.999999999998934,29,243.99999999999946,13.340000000000016,1194.3499999999988,SSLW,model_assisted_not_ground_truth,0,0,0,0,0,0,0,0,0,0,0
11.64,45,37.999999999997158,47,0,57.999999999997158,51.999999999998579,29,242.99999999999716,13.370000000000113,1192.3300000000183,SSLW,model_assisted_not_ground_truth,0,0,0,0,0,0,0,0,0,0,0
11.65,45,35.999999999993072,47,0,55.999999999997691,50.999999999997691,29,241,13.450000000000115,1205.3299999999929,SSLW,model_assisted_not_ground_truth,0,0,0,0,0,0,0,0,0,0,0
11.66,45,33,47.000000000003197,0,54.999999999996803,49.999999999993605,29,240.99999999999361,13.500000000000256,1202.3200000000031,SSLW,model_assisted_not_ground_truth,0,0,0,0,0,0,0,0,0,0,0
11.67,45,32.999999999987743,47.999999999991829,0,53.999999999995914,48.000000000004086,29,238.99999999998775,13.580000000000245,1203.2900000000161,SSLW,model_assisted_not_ground_truth,0,0,0,0,0,0,0,0,0,0,0
11.68,45,29.999999999985079,46,0,52.999999999995026,49,29,235.99999999999503,13.640000000000349,1207.259999999995,SSLW,model_assisted_not_ground_truth,0,0,0,0,0,0,0,0,0,0,0
11.69,45,27.00000000001652,46,0,52.000000000005507,49,29,235.00000000000551,13.710000000000294,1206.2400000000205,SSLW,model_assisted_not_ground_truth,0,0,0,0,0,0,0,0,0,0,0
11.70,45,29.999999999986677,46.999999999995559,0,52,47.000000000008882,29,235,13.760000000000346,1209.715000000024,SSLW,model_assisted_not_ground_truth,0,0,0,0,0,0,0,0,0,0,0
11.71,45,29.000000000003553,46.000000000003553,0,52.999999999996447,47,29,235,13.810000000000704,1213.190000000086,SSLW,model_assisted_not_ground_truth,0,0,0,0,0,0,0,0,0,0,0
11.72,45,28.000000000002665,46,0,52.000000000002665,47.999999999997335,29,231.00000000001066,13.899999999999761,1224.1799999999707,SSLW,model_assisted_not_ground_truth,0,0,0,0,0,0,0,0,0,0,0
11.73,45,28,46,0,52,48,29,229.00000000000355,13.979999999999858,1233.1599999999842,SSLW,model_assisted_not_ground_truth,0,0,0,0,0,0,0,0,0,0,0
11.74,45,29.999999999998224,45.000000000000888,0,52,48,28.000000000000888,227.00000000000176,14.06999999999992,1244.1399999999903,SSLW,model_assisted_not_ground_truth,0,0,0,0,0,0,0,0,0,0,0
11.75,45,27,47,0,52,48,28,223,14.06,1220.1099999999999,SSLW,model_assisted_not_ground_truth,0,0,0,0,0,0,0,0,0,0,0
11.76,45,24.999999999999112,45.999999999999112,0,52,47.000000000000888,28.000000000000888,222.99999999999645,14.140000000000033,1227.0900000000022,SSLW,model_assisted_not_ground_truth,0,0,0,0,0,0,0,0,0,0,0
11.77,45,24.000000000003553,45.000000000001776,0,52,48,29,218.9999999999911,14.175000000000063,1229.5800000000042,SSLW,model_assisted_not_ground_truth,0,0,0,0,0,0,0,0,0,0,0
11.78,45,26.000000000007994,46.000000000002665,0,52,47.999999999994671,29,214.00000000000534,14.210000000000241,1232.0700000000372,SSLW,model_assisted_not_ground_truth,0,0,0,0,0,0,0,0,0,0,0
11.79,45,29,47,0,52,46.00000000000373,29.00000000000373,215.99999999996643,14.300000000000336,1246.0500000000595,SSLW,model_assisted_not_ground_truth,0,0,0,0,0,0,0,0,0,0,0
11.80,45.000000000013856,28.999999999995381,47.000000000004619,0,51.999999999995381,46.999999999995381,30.000000000046185,206.99999999994918,14.390000000000278,1262.0199999999952,SSLW,model_assisted_not_ground_truth,0,0,0,0,0,0,0,0,0,0,0
11.81,48.000000000027534,28.000000000005507,48,0,51,46.00000000000275,40.00000000000275,195.99999999997522,14.450000000000715,1261.010000000143,SSLW,model_assisted_not_ground_truth,0,0,0,0,0,0,0,0,0,0,0
11.82,53.000000000003553,29.000000000000711,48,0,51,46.500000000000355,40.500000000000355,191.49999999999682,14.580000000000384,1286.9800000001246,SSLW,model_assisted_not_ground_truth,0,0,0,0,0,0,0,0,0,0,0
11.83,57.999999999979572,29.999999999995914,48,0,51,46.999999999997954,40.999999999997954,187.00000000001839,14.640000000000438,1306.465000000142,SSLW,model_assisted_not_ground_truth,0,0,0,0,0,0,0,0,0,0,0
11.84,61.99999999998721,29.000000000003197,48.999999999996803,0,50.000000000003197,47,47.999999999977618,161.00000000008313,14.700000000000898,1325.950000000114,SSLW,model_assisted_not_ground_truth,0,0,0,0,0,0,0,0,0,0,0
11.85,62,30.999999999995381,49.999999999997691,0,50,46.000000000002309,53.999999999986144,161,14.809999999999746,1339.879999999968,SSLW,model_assisted_not_ground_truth,0,0,0,0,0,0,0,0,0,0,0
11.86,63.999999999997158,34.999999999994316,50,0,50.999999999998579,46.999999999998579,56.999999999995737,156.00000000000711,14.899999999999872,1356.8599999999758,SSLW,model_assisted_not_ground_truth,0,0,0,0,0,0,0,0,0,0,0
11.87,64,34.000000000000355,50.999999999999645,0,51,47,51.000000000002132,152.00000000000142,14.989999999999968,1376.8399999999929,SSLW,model_assisted_not_ground_truth,0,0,0,0,0,0,0,0,0,0,0
11.88,67.00000000000054,31.000000000000533,51,0,50.000000000000533,46.000000000000533,58.000000000001599,149.0000000000048,15.090000000000048,1391.8000000000063,SSLW,model_assisted_not_ground_truth,0,0,0,0,0,0,0,0,0,0,0
11.89,67.999999999998579,32.000000000001421,51,0,51,47,60.999999999998579,158.00000000000853,15.180000000000057,1403.76000000001,SSLW,model_assisted_not_ground_truth,0,0,0,0,0,0,0,0,0,0,0
11.90,67.000000000006935,33.000000000009237,51,0,51.000000000002309,47.000000000002309,60.000000000004619,164.00000000002078,15.220000000000091,1410.7300000000162,SSLW,model_assisted_not_ground_truth,0,0,0,0,0,0,0,0,0,0,0
11.91,70.000000000003197,37.000000000003197,51,0,52.000000000003197,48.000000000006395,62.000000000006395,173.00000000005755,15.260000000001023,1417.7000000000789,SSLW,model_assisted_not_ground_truth,0,0,0,0,0,0,0,0,0,0,0
11.92,71.000000000008171,38.000000000012257,51.000000000004086,0,53.000000000008171,50,64.000000000004093,191.00000000006946,15.580000000001226,1442.3400000000352,SSLW,model_assisted_not_ground_truth,0,0,0,0,0,0,0,0,0,0,0
11.93,73.000000000004974,41.000000000034817,52,0,55.000000000004974,50,65,208.00000000004476,15.880000000001443,1450.9599999999982,SSLW,model_assisted_not_ground_truth,0,0,0,0,0,0,0,0,0,0,0
11.94,73.999999999994486,47.999999999961453,52,0,55.999999999994493,50,65,216.99999999995043,16.170000000001643,1450.6000000000743,SSLW,model_assisted_not_ground_truth,0,0,0,0,0,0,0,0,0,0,0
11.95,80.999999999968907,60.999999999942268,51.000000000004441,0,58.999999999986677,52.999999999986677,74.999999999955591,220.99999999998224,16.450000000000415,1463.2799999999302,SSLW,model_assisted_not_ground_truth,0,0,0,0,0,0,0,0,0,0,0
11.96,81,67.999999999975131,51,0,62.999999999985789,54.999999999992895,75.999999999996447,222.99999999999289,16.510000000000126,1453.2199999999787,SSLW,model_assisted_not_ground_truth,0,0,0,0,0,0,0,0,0,0,0
11.97,81,75.999999999978684,51,0,69.999999999981355,53.000000000005329,71.00000000001333,223,16.56999999999984,1443.1600000000269,SSLW,model_assisted_not_ground_truth,0,0,0,0,0,0,0,0,0,0,0
11.98,79.000000000003553,81.999999999989342,51.999999999998224,0,69.000000000001776,53,76.999999999989342,223.99999999999824,16.74999999999968,1443.9699999999987,SSLW,model_assisted_not_ground_truth,0,0,0,0,0,0,0,0,0,0,0
11.99,76.000000000002672,82,52,0,65.000000000003553,47.000000000005329,69.000000000007105,223.00000000000088,16.979999999999798,1436.7100000000064,SSLW,model_assisted_not_ground_truth,0,0,0,0,0,0,0,0,0,0,0
12.00,75,79,50,0,59,48,67,218,17.100000000000001,1412.55,SSLW,model_assisted_not_ground_truth,0,0,0,0,0,0,0,0,0,0,0
12.01,71.999999999995552,77.999999999971578,48.999999999998224,0,52.999999999998224,46,65.999999999987566,214.99999999999645,17.109999999999982,1377.5299999999618,SSLW,model_assisted_not_ground_truth,0,0,0,0,0,0,0,0,0,0,0
12.02,66.999999999982236,45.999999999994671,46.999999999996447,0,50.999999999996447,45.999999999998224,51.99999999996092,210.99999999998934,17.089999999999954,1334.5199999999315,SSLW,model_assisted_not_ground_truth,0,0,0,0,0,0,0,0,0,0,0
12.03,56.999999999965894,42.999999999957367,44.999999999994316,0,48.999999999985789,45,29.999999999994316,204.9999999999801,17.064999999999927,1296.0199999998906,SSLW,model_assisted_not_ground_truth,0,0,0,0,0,0,0,0,0,0,0
12.04,44.999999999992539,27.99999999999627,42.999999999981348,0,44,44.99999999999627,28.00000000000373,197.99999999995896,17.039999999999811,1257.5199999998097,SSLW,model_assisted_not_ground_truth,0,0,0,0,0,0,0,0,0,0,0
12.05,43,26.999999999995381,37.999999999990763,0,43.999999999986144,43.999999999986144,29,186.99999999988452,16.989999999999814,1206.5099999998383,SSLW,model_assisted_not_ground_truth,0,0,0,0,0,0,0,0,0,0,0
12.06,42.999999999988987,26.000000000011013,36.000000000011013,0,41,41,28.999999999994493,161.99999999986233,16.949999999999999,1171.509999999708,SSLW,model_assisted_not_ground_truth,0,0,0,0,0,0,0,0,0,0,0
12.07,41.000000000009948,27.999999999990052,37.999999999990052,0,41,41,28.000000000004974,137.00000000012434,16.949999999999616,1118.4999999997442,SSLW,model_assisted_not_ground_truth,0,0,0,0,0,0,0,0,0,0,0
12.08,39.000000000008171,13.000000000061284,38,0,41,41,28.999999999995914,104.00000000013483,16.88999999999989,1078.4999999998433,SSLW,model_assisted_not_ground_truth,0,0,0,0,0,0,0,0,0,0,0
12.09,38.000000000003197,1.0000000000383693,37.000000000003197,0,40.000000000003197,40.000000000003197,11.000000000057554,48.000000000179057,16.874999999999964,1056.9949999999465,SSLW,model_assisted_not_ground_truth,0,0,0,0,0,0,0,0,0,0,0
12.10,38.999999999997691,2.3092638912203256e-12,37.999999999997691,0,40,38.000000000004619,12.999999999995381,26.000000000050804,16.860000000000035,1035.4900000000496,SSLW,model_assisted_not_ground_truth,0,0,0,0,0,0,0,0,0,0,0
12.11,39,0,38,0,40,38,11.000000000002842,17.00000000001279,16.180000000000966,965.96000000009883,SSLW,model_assisted_not_ground_truth,0,0,0,0,0,0,0,0,0,0,0
12.12,39,0,38.499999999999822,0,40,37.500000000000178,10.500000000000178,17,15.31000000000031,906.59000000002106,SSLW,model_assisted_not_ground_truth,0,0,0,0,0,0,0,0,0,0,0
12.13,39,0,38.999999999998934,0,40,36.999999999998401,9.9999999999946709,17,14.499999999999888,836.09999999996808,SSLW,model_assisted_not_ground_truth,0,0,0,0,0,0,0,0,0,0,0
12.14,39,0,37,0,40,33.999999999998579,0,16.999999999975842,14.289999999999857,776.0799999999474,SSLW,model_assisted_not_ground_truth,0,0,0,0,0,0,0,0,0,0,0
12.15,39,0,37.000000000002309,0,40,33.000000000004619,0,0,14.190000000000035,739.0499999999721,SSLW,model_assisted_not_ground_truth,0,0,0,0,0,0,0,0,0,0,0
12.16,39,0,38,0,40,34.999999999996803,0,0,14.205000000000048,726.99499999996146,SSLW,model_assisted_not_ground_truth,0,0,0,0,0,0,0,0,0,0,0
12.17,39,0,37.999999999995914,0,40,34,0,0,14.219999999999919,714.93999999991809,SSLW,model_assisted_not_ground_truth,0,0,0,0,0,0,0,0,0,0,0
12.18,39,0,36.999999999995026,0,40,34.000000000004974,0,0,14.200000000000248,694.88000000000977,SSLW,model_assisted_not_ground_truth,0,0,0,0,0,0,0,0,0,0,0
12.19,39,0,36.000000000005507,0,40,34.999999999994493,0,0,14.250000000000586,696.84000000009962,SSLW,model_assisted_not_ground_truth,0,0,0,0,0,0,0,0,0,0,0
12.20,39,0,36,0,40,35,0,0,14.349999999998891,713.81999999970196,SSLW,model_assisted_not_ground_truth,0,0,0,0,0,0,0,0,0,0,0
12.21,39,0,36.999999999996447,0,38.000000000007105,35,0,0,14.190000000000703,670.80000000009341,SSLW,model_assisted_not_ground_truth,0,0,0,0,0,0,0,0,0,0,0
12.22,39,0,37.999999999997335,0,38,35,0,0,14.27999999999976,682.75999999996816,SSLW,model_assisted_not_ground_truth,0,0,0,0,0,0,0,0,0,0,0
12.23,38.000000000001776,0,38,0,38,35,0,0,14.260000000000035,679.76000000000533,SSLW,model_assisted_not_ground_truth,0,0,0,0,0,0,0,0,0,0,0
12.24,26.000000000010658,0,36.000000000001776,0,38,35,0,0,14.250000000000009,673.75000000000534,SSLW,model_assisted_not_ground_truth,0,0,0,0,0,0,0,0,0,0,0
12.25,26,0,36,0,38,35,0,0,14.25,672.745,SSLW,model_assisted_not_ground_truth,0,0,0,0,0,0,0,0,0,0,0
12.26,27,0,35.000000000000888,0,38.000000000000888,35,0,0,14.25,671.73999999999467,SSLW,model_assisted_not_ground_truth,0,0,0,0,0,0,0,0,0,0,0
12.27,27,0,36,0,38.999999999998224,35,0,0,14.250000000000018,665.72999999998933,SSLW,model_assisted_not_ground_truth,0,0,0,0,0,0,0,0,0,0,0
12.28,27.000000000002842,1.1368683772171943e-11,36,0,38,35,0,0,14.259999999999943,659.69999999999152,SSLW,model_assisted_not_ground_truth,0,0,0,0,0,0,0,0,0,0,0
12.29,27.99999999999627,4.0000000000634159,36,0,38,34.99999999999627,0,0,14.24,656.70999999998878,SSLW,model_assisted_not_ground_truth,0,0,0,0,0,0,0,0,0,0,0
12.30,27.000000000055422,21,36.000000000004619,0,38,34.000000000004619,0,0,14.239999999999908,653.69999999998618,SSLW,model_assisted_not_ground_truth,0,0,0,0,0,0,0,0,0,0,0
12.31,38.999999999994493,21.000000000011013,37.000000000005507,0,38,35.000000000005507,0,0,14.220000000000111,650.70000000000005,SSLW,model_assisted_not_ground_truth,0,0,0,0,0,0,0,0,0,0,0
12.32,38.000000000004974,22.999999999990052,37.999999999995026,0,38,35.999999999995026,0,0,14.239999999999936,650.69000000000005,SSLW,model_assisted_not_ground_truth,0,0,0,0,0,0,0,0,0,0,0
12.33,38,23.999999999995914,38,0,38,35.000000000004086,0,0,14.229999999999928,650.69500000000005,SSLW,model_assisted_not_ground_truth,0,0,0,0,0,0,0,0,0,0,0
12.34,37.000000000003197,24.999999999996803,38,0,38,35.999999999996803,0,0,14.220000000000082,650.69999999998367,SSLW,model_assisted_not_ground_truth,0,0,0,0,0,0,0,0,0,0,0
12.35,34.000000000006928,24.000000000002309,38.999999999997691,0,38.999999999997691,36,0,0,14.229999999999977,648.69000000000472,SSLW,model_assisted_not_ground_truth,0,0,0,0,0,0,0,0,0,0,0
12.36,33.000000000001421,24.999999999998579,39,0,39.999999999998579,36,0,0,14.23,648.69000000000005,SSLW,model_assisted_not_ground_truth,0,0,0,0,0,0,0,0,0,0,0
12.37,33,23.000000000000711,39,0,40,36,0,0,14.23,648.69000000000005,SSLW,model_assisted_not_ground_truth,0,0,0,0,0,0,0,0,0,0,0
12.38,32,25.999999999999467,38.000000000000533,0,40,35.999999999999467,0,0,14.220000000000006,645.68000000000052,SSLW,model_assisted_not_ground_truth,0,0,0,0,0,0,0,0,0,0,0
12.39,32,24.999999999994316,39,0,40,35.000000000001421,0,0,14.230000000000015,646.67999999999847,SSLW,model_assisted_not_ground_truth,0,0,0,0,0,0,0,0,0,0,0
12.40,32.000000000002309,21.000000000006928,39,0,40.000000000002309,36,0,0,14.240000000000023,645.66999999999757,SSLW,model_assisted_not_ground_truth,0,0,0,0,0,0,0,0,0,0,0
12.41,33,23.999999999996803,39,0,40.999999999996803,35.999999999996803,0,0,14.250000000000096,644.66000000000315,SSLW,model_assisted_not_ground_truth,0,0,0,0,0,0,0,0,0,0,0
12.42,33,23.000000000008171,39,0,40,35,0,0,14.28000000000004,645.64000000001613,SSLW,model_assisted_not_ground_truth,0,0,0,0,0,0,0,0,0,0,0
12.43,32.999999999990052,24.999999999920419,39,0,40,35,0,0,14.290000000000447,649.59999999998968,SSLW,model_assisted_not_ground_truth,0,0,0,0,0,0,0,0,0,0,0
12.44,31.000000000011013,9.0000000000881073,39,0,40,35,0,0,14.380000000000001,647.52999999998235,SSLW,model_assisted_not_ground_truth,0,0,0,0,0,0,0,0,0,0,0
12.45,32.999999999991118,1.0000000000355271,39,0,40,35,0,0,14.380000000000001,644.51999999999293,SSLW,model_assisted_not_ground_truth,0,0,0,0,0,0,0,0,0,0,0
12.46,26.000000000024869,3.5527136788005009e-12,39,0,40,35,0,0,14.380000000000743,643.50999999999954,SSLW,model_assisted_not_ground_truth,0,0,0,0,0,0,0,0,0,0,0
12.47,27.999999999994671,0,39.999999999997335,0,40,34.000000000002665,0,0,14.475000000000287,643.44499999999982,SSLW,model_assisted_not_ground_truth,0,0,0,0,0,0,0,0,0,0,0
12.48,26.000000000003553,0,38.000000000003553,0,40,34,0,0,14.569999999999832,643.38000000000011,SSLW,model_assisted_not_ground_truth,0,0,0,0,0,0,0,0,0,0,0
12.49,27.999999999998224,0,37.000000000000888,0,40,33.000000000000888,0,0,14.759999999999831,695.39999999995382,SSLW,model_assisted_not_ground_truth,0,0,0,0,0,0,0,0,0,0,0
12.50,28,0,38,0,39,33,0,0,14.77,692.39999999999998,SSLW,model_assisted_not_ground_truth,0,0,0,0,0,0,0,0,0,0,0
12.51,26,0,37,0,39,32.999999999999112,0,0,14.749999999999991,692.40999999999906,SSLW,model_assisted_not_ground_truth,0,0,0,0,0,0,0,0,0,0,0
12.52,25.999999999998224,0,37,0,39,32.000000000001776,0,0,14.739999999999982,691.41999999999643,SSLW,model_assisted_not_ground_truth,0,0,0,0,0,0,0,0,0,0,0
12.53,25.000000000002842,0,37.000000000002842,0,39,33,0,0,14.729999999999887,689.42000000000007,SSLW,model_assisted_not_ground_truth,0,0,0,0,0,0,0,0,0,0,0
12.54,26,0,38,0,39,32.99999999999627,0,0,14.68999999999998,689.45000000000562,SSLW,model_assisted_not_ground_truth,0,0,0,0,0,0,0,0,0,0,0
12.55,25.999999999986144,0,38.000000000004619,0,39,32.000000000004619,0,0,14.684999999999977,690.95500000000698,SSLW,model_assisted_not_ground_truth,0,0,0,0,0,0,0,0,0,0,0
12.56,23,0,38.999999999994493,0,39,32.999999999994493,0,0,14.679999999999835,692.46000000000572,SSLW,model_assisted_not_ground_truth,0,0,0,0,0,0,0,0,0,0,0
12.57,23,0,38.000000000004974,0,39,32.000000000004974,0,0,14.649999999999681,693.48999999999376,SSLW,model_assisted_not_ground_truth,0,0,0,0,0,0,0,0,0,0,0
12.58,21.000000000008171,0,38,0,39,32,0,0,14.599999999999053,692.52000000000794,SSLW,model_assisted_not_ground_truth,0,0,0,0,0,0,0,0,0,0,0
12.59,23.999999999990408,0,39.999999999993605,0,39,32,0,0,14.46999999999902,693.61999999998443,SSLW,model_assisted_not_ground_truth,0,0,0,0,0,0,0,0,0,0,0
12.60,21.000000000006928,0,40,0,39,32,0,0,14.350000000000277,691.71000000000447,SSLW,model_assisted_not_ground_truth,0,0,0,0,0,0,0,0,0,0,0
12.61,22.999999999997158,0,40.999999999998579,0,39,32,0,0,14.280000000000099,691.75999999999988,SSLW,model_assisted_not_ground_truth,0,0,0,0,0,0,0,0,0,0,0
12.62,23,0,41,0,39,32.999999999999645,0,0,14.080000000000071,690.89000000000033,SSLW,model_assisted_not_ground_truth,0,0,0,0,0,0,0,0,0,0,0
12.63,29.000000000000533,0,41,0,39,33,0,23.000000000000533,13.974999999999945,678.92999999999358,SSLW,model_assisted_not_ground_truth,0,0,0,0,0,0,0,0,0,0,0
12.64,30.000000000001421,0,41,0,39,33.000000000001421,0,24,13.8699999999998,666.96999999998297,SSLW,model_assisted_not_ground_truth,0,0,0,0,0,0,0,0,0,0,0
12.65,31.000000000004619,0,41,0,39,34.000000000002309,0,24.000000000023093,13.729999999998014,654.99999999976239,SSLW,model_assisted_not_ground_truth,0,0,0,0,0,0,0,0,0,0,0
12.66,33,0,41.000000000003197,0,39.000000000003197,35,0,34.000000000038369,12.869999999996802,552.11999999971579,SSLW,model_assisted_not_ground_truth,0,0,0,0,0,0,0,0,0,0,0
12.67,33.000000000004086,6.1284310959364372e-11,42.000000000008171,0,40,35.000000000016342,0,46.000000000093969,11.869999999996322,463.21999999994785,SSLW,model_assisted_not_ground_truth,0,0,0,0,0,0,0,0,0,0,0
12.68,33.999999999995026,15.000000000024869,44.000000000004974,0,40.000000000009948,39,0,69.00000000010445,10.969999999997066,450.4500000000408,SSLW,model_assisted_not_ground_truth,0,0,0,0,0,0,0,0,0,0,0
12.69,33.000000000005507,19.999999999972466,44.999999999994493,0,41.999999999988987,39,0,89.999999999884352,10.379999999999825,458.65000000034695,SSLW,model_assisted_not_ground_truth,0,0,0,0,0,0,0,0,0,0,0
12.70,35.999999999986677,23.999999999982236,45,0,42.999999999995559,39,0,137.99999999978684,10.350000000000831,517.84000000026379,SSLW,model_assisted_not_ground_truth,0,0,0,0,0,0,0,0,0,0,0
12.71,43.999999999971578,24.999999999996447,45.999999999996447,0,46.999999999985789,39,8.9999999999680256,178.99999999985434,10.470000000000255,555.90500000008115,SSLW,model_assisted_not_ground_truth,0,0,0,0,0,0,0,0,0,0,0
12.72,44.999999999997335,27.999999999992006,46.999999999997335,0,49.999999999992006,43.999999999986677,11.999999999992006,209.99999999991741,10.58999999999968,593.96999999989862,SSLW,model_assisted_not_ground_truth,0,0,0,0,0,0,0,0,0,0,0
12.73,45,27.000000000001776,46.000000000001776,0,50.999999999998224,44.999999999998224,10.000000000003553,224.99999999997334,11.799999999997851,814.12999999960891,SSLW,model_assisted_not_ground_truth,0,0,0,0,0,0,0,0,0,0,0
12.74,52.999999999992895,34.499999999993335,46.499999999999559,0,59.999999999992006,45,10.999999999999112,238.99999999998755,12.539999999999342,998.28999999983637,SSLW,model_assisted_not_ground_truth,0,0,0,0,0,0,0,0,0,0,0
12.75,61,42,47,0,69,45,12,253,12.83,1062.3,SSLW,model_assisted_not_ground_truth,0,0,0,0,0,0,0,0,0,0,0
12.76,64,38,47,0,84.999999999997328,48.000000000001776,9.9999999999991118,258.99999999999022,13.000000000000041,1111.330000000019,SSLW,model_assisted_not_ground_truth,0,0,0,0,0,0,0,0,0,0,0
12.77,64.000000000005329,37.999999999996447,47,0,81.999999999991118,50.000000000001776,9,247.99999999999289,13.04500000000008,1132.8500000000381,SSLW,model_assisted_not_ground_truth,0,0,0,0,0,0,0,0,0,0,0
12.78,67.000000000002842,35.999999999982947,47,0,77.000000000054001,51.000000000014211,9.0000000000113687,244.00000000001421,13.089999999999971,1154.3700000000854,SSLW,model_assisted_not_ground_truth,0,0,0,0,0,0,0,0,0,0,0
12.79,68.000000000007461,30.000000000026112,47,0,96.000000000044764,56.000000000052225,13,249.00000000001492,13.079999999999888,1184.4300000000526,SSLW,model_assisted_not_ground_truth,0,0,0,0,0,0,0,0,0,0,0
12.80,69.999999999981526,37.000000000069278,47.000000000004619,0,108.00000000009699,70.000000000046185,12.999999999995381,253.00000000005542,13.050000000000278,1198.480000000013,SSLW,model_assisted_not_ground_truth,0,0,0,0,0,0,0,0,0,0,0
12.81,66.0000000000055,52.000000000088107,48,0,129.00000000004405,80,12,265.000000000022,13.109999999999779,1201.29000000005,SSLW,model_assisted_not_ground_truth,0,0,0,0,0,0,0,0,0,0,0
12.82,66.999999999995026,67.999999999920419,48,0,136.99999999996021,80,12,268.9999999999801,13.069999999999681,1210.3699999999617,SSLW,model_assisted_not_ground_truth,0,0,0,0,0,0,0,0,0,0,0
12.83,66.000000000004093,69.999999999991829,48,0,138.99999999999181,83.999999999983658,27.99999999993463,268.00000000000409,13.019999999999891,1204.3899999999528,SSLW,model_assisted_not_ground_truth,0,0,0,0,0,0,0,0,0,0,0
12.84,66,68.000000000006395,48,0,139.99999999999682,84,28,267.00000000000318,13.004999999999963,1197.889999999984,SSLW,model_assisted_not_ground_truth,0,0,0,0,0,0,0,0,0,0,0
12.85,66,68.999999999997698,46.000000000004619,0,133.00000000001617,77.000000000016172,10.000000000041567,267.99999999999767,12.990000000000034,1191.3900000000151,SSLW,model_assisted_not_ground_truth,0,0,0,0,0,0,0,0,0,0,0
12.86,65.000000000001421,69,46.999999999998579,0,115.00000000002558,72.000000000007105,10,267.00000000000142,12.940000000000071,1165.4000000000369,SSLW,model_assisted_not_ground_truth,0,0,0,0,0,0,0,0,0,0,0
12.87,65.999999999999645,64.000000000001776,47.999999999999645,0,109.00000000000213,72.999999999999645,9.0000000000003553,263.00000000000142,12.96999999999999,1163.4300000000007,SSLW,model_assisted_not_ground_truth,0,0,0,0,0,0,0,0,0,0,0
12.88,60,59.999999999994671,48,0,108.99999999999839,70.999999999998934,10.000000000009592,259,13.040000000000047,1200.4400000000064,SSLW,model_assisted_not_ground_truth,0,0,0,0,0,0,0,0,0,0,0
12.89,59.999999999997158,49.999999999994316,48.000000000001421,0,105.99999999999574,69.000000000001421,28,258.99999999999716,13.130000000000186,1212.4400000000439,SSLW,model_assisted_not_ground_truth,0,0,0,0,0,0,0,0,0,0,0
12.90,57.999999999997691,45.999999999986144,48.999999999997691,0,102.99999999999307,70.000000000002316,28.000000000002309,256.99999999998613,13.260000000000115,1243.3900000000128,SSLW,model_assisted_not_ground_truth,0,0,0,0,0,0,0,0,0,0,0
12.91,56.999999999964828,40,48,0,99.999999999984013,70.99999999998721,29,250.99999999999361,13.310000000000159,1248.8800000000176,SSLW,model_assisted_not_ground_truth,0,0,0,0,0,0,0,0,0,0,0
12.92,45.999999999995914,40.000000000008171,48,0,94.999999999983658,66.999999999967315,29,248.99999999999591,13.360000000000326,1254.3700000000038,SSLW,model_assisted_not_ground_truth,0,0,0,0,0,0,0,0,0,0,0
12.93,45.000000000004974,41.999999999985079,48,0,90.999999999925393,58.999999999995026,29,247.9999999999801,13.440000000000596,1255.3300000000645,SSLW,model_assisted_not_ground_truth,0,0,0,0,0,0,0,0,0,0,0
12.94,45.999999999994493,39.00000000001652,48,0,76.000000000082593,58.000000000005507,29,244.00000000002203,13.560000000000763,1268.3200000001227,SSLW,model_assisted_not_ground_truth,0,0,0,0,0,0,0,0,0,0,0
12.95,46,38.000000000004441,47.000000000004441,0,60.000000000071054,57.000000000004441,29,241.00000000001333,13.690000000000623,1289.2599999999927,SSLW,model_assisted_not_ground_truth,0,0,0,0,0,0,0,0,0,0,0
12.96,46,35.000000000010658,47,0,56.000000000014211,54.000000000010658,29,236.00000000001776,13.780000000000312,1288.2200000000116,SSLW,model_assisted_not_ground_truth,0,0,0,0,0,0,0,0,0,0,0
12.97,46,28.000000000018652,47,0,55.000000000002665,54,29,235.00000000000267,13.820000000000121,1289.7000000000046,SSLW,model_assisted_not_ground_truth,0,0,0,0,0,0,0,0,0,0,0
12.98,46,23.000000000008882,46.000000000001776,0,54.000000000001776,52.000000000003553,29,235.99999999999824,13.859999999999928,1291.1799999999973,SSLW,model_assisted_not_ground_truth,0,0,0,0,0,0,0,0,0,0,0
12.99,46,25.999999999997335,46.999999999999112,0,53.000000000000888,48.000000000003553,29,233.00000000000267,13.949999999999919,1291.1300000000001,SSLW,model_assisted_not_ground_truth,0,0,0,0,0,0,0,0,0,0,0
13.00,46,30,47,0,53,48,29,232,14.039999999999999,1308.1199999999999,SSLW,model_assisted_not_ground_truth,0,0,0,0,0,0,0,0,0,0,0
13.01,46,26,46,0,52,47.000000000000888,28.999999999998224,226.00000000000088,14.11000000000007,1311.0900000000106,SSLW,model_assisted_not_ground_truth,0,0,0,0,0,0,0,0,0,0,0
13.02,46,26,46,0,52,48,27.000000000001776,226.99999999999821,14.190000000000106,1323.0699999999927,SSLW,model_assisted_not_ground_truth,0,0,0,0,0,0,0,0,0,0,0
13.03,46,26.000000000002842,46.000000000002842,0,52,47.999999999997158,28.000000000002842,225.99999999998579,14.250000000000085,1319.0200000000184,SSLW,model_assisted_not_ground_truth,0,0,0,0,0,0,0,0,0,0,0
13.04,46,26.99999999999627,47,0,52.00000000000373,47,29,220.99999999997388,14.280000000000111,1325.5100000000241,SSLW,model_assisted_not_ground_truth,0,0,0,0,0,0,0,0,0,0,0
13.05,46,26.000000000004619,47,0,53,47,29,214.00000000000463,14.310000000000231,1332.0000000000368,SSLW,model_assisted_not_ground_truth,0,0,0,0,0,0,0,0,0,0,0
13.06,45.999999999994493,27.000000000005507,47,0,53,47,29,214.99999999997246,14.36000000000022,1339.9800000000496,SSLW,model_assisted_not_ground_truth,0,0,0,0,0,0,0,0,0,0,0
13.07,45.000000000004974,27.999999999995026,47,0,53,47,29,210.00000000002487,14.40000000000032,1348.9700000000767,SSLW,model_assisted_not_ground_truth,0,0,0,0,0,0,0,0,0,0,0
13.08,44.000000000004086,28,47,0,52.000000000004086,46.000000000004086,29,206.00000000001634,14.450000000000436,1360.9600000000726,SSLW,model_assisted_not_ground_truth,0,0,0,0,0,0,0,0,0,0,0
13.09,44,25.000000000009592,47,0,52,46,29,201.00000000001597,14.509999999999918,1370.9299999999469,SSLW,model_assisted_not_ground_truth,0,0,0,0,0,0,0,0,0,0,0
13.10,44.999999999997691,28.999999999990763,46.000000000002309,0,52,47.999999999995381,29,195.00000000001387,14.499999999999966,1364.4299999999782,SSLW,model_assisted_not_ground_truth,0,0,0,0,0,0,0,0,0,0,0
13.11,44.000000000001421,29.999999999998579,46,0,51.000000000001421,47.000000000001421,29,187.00000000001137,14.490000000000014,1357.9300000000094,SSLW,model_assisted_not_ground_truth,0,0,0,0,0,0,0,0,0,0,0
13.12,44,27.000000000001066,49.999999999998579,0,51,46.000000000000355,29,178.00000000000318,14.569999999999972,1386.9099999999899,SSLW,model_assisted_not_ground_truth,0,0,0,0,0,0,0,0,0,0,0
13.13,48.00000000000373,19.000000000001066,50.000000000000533,0,50.999999999999467,46.999999999999467,30,168.99999999999466,14.630000000000038,1394.9000000000096,SSLW,model_assisted_not_ground_truth,0,0,0,0,0,0,0,0,0,0,0
13.14,55.000000000005684,21.000000000004263,50.999999999998579,0,49.999999999998579,46.000000000001421,30.000000000009948,158.99999999999574,14.70000000000007,1412.8900000000228,SSLW,model_assisted_not_ground_truth,0,0,0,0,0,0,0,0,0,0,0
13.15,59,23.999999999995381,50.000000000002309,0,49,47,37.000000000006928,155.99999999998613,14.750000000000185,1428.8900000000185,SSLW,model_assisted_not_ground_truth,0,0,0,0,0,0,0,0,0,0,0
13.16,59.00000000001279,21.999999999993605,51,0,49,47,40.000000000003197,149.9999999999776,14.83000000000008,1436.8500000000206,SSLW,model_assisted_not_ground_truth,0,0,0,0,0,0,0,0,0,0,0
13.17,63.000000000012257,20.000000000008171,51,0,49,47,41.000000000036771,142.99999999998366,14.855000000000103,1443.3350000000264,SSLW,model_assisted_not_ground_truth,0,0,0,0,0,0,0,0,0,0,0
13.18,65.999999999995026,22.000000000009948,51,0,49,47.000000000004974,50,138.99999999995524,14.880000000000299,1449.8200000000397,SSLW,model_assisted_not_ground_truth,0,0,0,0,0,0,0,0,0,0,0
13.19,65.000000000005514,23.999999999988987,51,0,49,47.999999999994493,50,130.00000000004957,14.940000000000351,1457.8000000000525,SSLW,model_assisted_not_ground_truth,0,0,0,0,0,0,0,0,0,0,0
13.20,66.999999999991118,22.000000000008882,51,0,50.999999999991118,48,51.999999999991118,133.99999999998224,15.000000000000485,1466.7600000001105,SSLW,model_assisted_not_ground_truth,0,0,0,0,0,0,0,0,0,0,0
13.21,68.999999999992895,21.000000000003553,52.999999999992895,0,51.999999999996447,47.000000000003553,52.999999999996447,143.99999999996447,15.070000000000782,1482.7199999999757,SSLW,model_assisted_not_ground_truth,0,0,0,0,0,0,0,0,0,0,0
13.22,69,19.000000000005329,52.000000000002665,0,51.000000000002665,47.999999999997335,55.999999999992006,144,15.169999999999733,1479.6000000000083,SSLW,model_assisted_not_ground_truth,0,0,0,0,0,0,0,0,0,0,0
13.23,72.999999999992895,21.999999999994671,52.999999999998224,0,51,48,56.999999999998224,165.99999999996092,15.269999999999822,1486.4999999999877,SSLW,model_assisted_not_ground_truth,0,0,0,0,0,0,0,0,0,0,0
13.24,73.999999999999119,24.999999999997335,53,0,51,48.999999999999112,59.999999999997335,167.99999999999824,15.394999999999889,1487.3349999999994,SSLW,model_assisted_not_ground_truth,0,0,0,0,0,0,0,0,0,0,0
13.25,73,23,53,0,54,50,60,179,15.52,1488.1700000000001,SSLW,model_assisted_not_ground_truth,0,0,0,0,0,0,0,0,0,0,0
13.26,75.000000000000895,31.000000000006217,52.999999999999112,0,58.000000000005329,51.000000000004441,66.000000000000895,181.00000000001688,15.960000000000214,1478.7099999999989,SSLW,model_assisted_not_ground_truth,0,0,0,0,0,0,0,0,0,0,0
13.27,76,38.000000000005329,52.000000000001776,0,64.000000000005329,56.000000000001776,67,200.000000000016,16.200000000000497,1477.419999999966,SSLW,model_assisted_not_ground_truth,0,0,0,0,0,0,0,0,0,0,0
13.28,76.000000000005684,41.000000000014211,52.999999999997158,0,67.000000000005684,57,67.000000000002842,209.00000000000853,16.480000000000256,1458.1600000000451,SSLW,model_assisted_not_ground_truth,0,0,0,0,0,0,0,0,0,0,0
13.29,77.999999999996263,46.000000000014921,52.00000000000373,0,68.999999999996263,56.999999999992539,67.999999999996263,211.99999999999628,16.570000000001194,1474.0099999998386,SSLW,model_assisted_not_ground_truth,0,0,0,0,0,0,0,0,0,0,0
13.30,76.999999999976907,50.000000000009237,53,0,67.999999999958433,54.99999999996767,66.999999999986144,210.99999999998613,16.890000000000278,1430.7199999999673,SSLW,model_assisted_not_ground_truth,0,0,0,0,0,0,0,0,0,0,0
13.31,71.999999999983487,51.999999999972466,52.999999999988987,0,58.999999999972466,47.999999999994493,63.99999999998348,207.99999999997246,16.95000000000033,1423.6549999999611,SSLW,model_assisted_not_ground_truth,0,0,0,0,0,0,0,0,0,0,0
13.32,69.000000000014921,47.000000000024869,51.000000000009948,0,54.000000000024869,47.000000000004974,61.000000000014921,203.00000000002487,17.010000000000193,1416.5899999998078,SSLW,model_assisted_not_ground_truth,0,0,0,0,0,0,0,0,0,0,0
13.33,67.000000000008171,38.000000000036771,51,0,51.000000000012257,47,48.000000000053113,203.99999999999591,17.039999999999853,1386.5399999997378,SSLW,model_assisted_not_ground_truth,0,0,0,0,0,0,0,0,0,0,0
13.34,55.000000000038369,32.000000000019185,47.00000000001279,0,49.000000000006395,47,28.000000000063949,188.00000000005116,17.019999999999918,1350.5399999996077,SSLW,model_assisted_not_ground_truth,0,0,0,0,0,0,0,0,0,0,0
13.35,44.000000000025402,28.000000000009237,45.000000000004619,0,44.000000000011546,46.000000000002309,28.999999999997691,168.00000000004619,17.010000000000026,1302.5300000001109,SSLW,model_assisted_not_ground_truth,0,0,0,0,0,0,0,0,0,0,0
13.36,43.000000000001421,26.000000000002842,42.000000000004263,0,44.999999999998579,45.000000000001421,29,157.00000000001563,16.990000000000027,1262.5300000000568,SSLW,model_assisted_not_ground_truth,0,0,0,0,0,0,0,0,0,0,0
13.37,40.000000000001066,21.000000000001776,39.000000000001066,0,44.000000000000355,44.000000000000355,29,152.00000000000176,16.960000000000012,1201.5200000000216,SSLW,model_assisted_not_ground_truth,0,0,0,0,0,0,0,0,0,0,0
13.38,38.999999999999467,19.999999999993605,38.999999999998401,0,42,41,29,138.99999999998349,16.939999999999991,1160.5199999999782,SSLW,model_assisted_not_ground_truth,0,0,0,0,0,0,0,0,0,0,0
13.39,38.000000000001421,7.9999999999900524,36.000000000002842,0,42,41,28.999999999975842,107.99999999993747,16.919999999999931,1119.5199999999459,SSLW,model_assisted_not_ground_truth,0,0,0,0,0,0,0,0,0,0,0
13.40,39,0.99999999999769074,37.999999999997691,0,42,40.999999999997691,11.999999999997691,63.999999999946887,16.869999999999632,1081.5199999999147,SSLW,model_assisted_not_ground_truth,0,0,0,0,0,0,0,0,0,0,0
13.41,39,0,37.000000000003197,0,42,39.999999999993605,10.999999999993605,40.999999999929656,16.70999999999869,1044.6199999998666,SSLW,model_assisted_not_ground_truth,0,0,0,0,0,0,0,0,0,0,0
13.42,39,0,38.000000000004086,0,42,38,9.0000000000040856,19.000000000036771,16.29999999999669,1002.9199999997694,SSLW,model_assisted_not_ground_truth,0,0,0,0,0,0,0,0,0,0,0
13.43,39,0,38.999999999990052,0,41.999999999995026,38,9.9999999999850786,27.999999999995026,15.489999999996916,946.49999999962381,SSLW,model_assisted_not_ground_truth,0,0,0,0,0,0,0,0,0,0,0
13.44,39,0,37.000000000011013,0,41.000000000005507,38,7.0000000000165201,27.000000000005507,14.869999999998914,870.85999999967169,SSLW,model_assisted_not_ground_truth,0,0,0,0,0,0,0,0,0,0,0
13.45,39,0,37,0,41,38.999999999995559,3.1086244689504383e-11,23.000000000017764,14.684999999998718,814.85499999961201,SSLW,model_assisted_not_ground_truth,0,0,0,0,0,0,0,0,0,0,0
13.46,39,0,37,0,41,34.000000000017764,0,8.1712414612411521e-11,14.499999999998984,758.84999999971853,SSLW,model_assisted_not_ground_truth,0,0,0,0,0,0,0,0,0,0,0
13.47,39,0,37.999999999997335,0,41,34,0,0,14.370000000000346,722.83000000009599,SSLW,model_assisted_not_ground_truth,0,0,0,0,0,0,0,0,0,0,0
13.48,39,0,38.999999999998224,0,40.000000000001776,34,0,0,14.529999999999715,746.74999999995748,SSLW,model_assisted_not_ground_truth,0,0,0,0,0,0,0,0,0,0,0
13.49,39,0,39,0,40,34,0,0,14.45000000000007,724.76000000001955,SSLW,model_assisted_not_ground_truth,0,0,0,0,0,0,0,0,0,0,0
13.50,39,0,38,0,40,34,0,0,14.44,720.74000000000001,SSLW,model_assisted_not_ground_truth,0,0,0,0,0,0,0,0,0,0,0
13.51,39,0,38,0,40,35,0,0,14.419999999999982,702.70999999999651,SSLW,model_assisted_not_ground_truth,0,0,0,0,0,0,0,0,0,0,0
13.52,39,0,38,0,40,35,0,0,14.399999999999965,698.70999999999299,SSLW,model_assisted_not_ground_truth,0,0,0,0,0,0,0,0,0,0,0
13.53,39,0,38,0,40,35,0,0,14.379999999999972,694.70999999999719,SSLW,model_assisted_not_ground_truth,0,0,0,0,0,0,0,0,0,0,0
13.54,38.99999999999627,0,38,0,39.999999999992539,35,0,0,14.369999999999925,693.71999999997388,SSLW,model_assisted_not_ground_truth,0,0,0,0,0,0,0,0,0,0,0
13.55,38,0,38,0,38,34.999999999995381,0,0,14.349999999999769,686.70999999994456,SSLW,model_assisted_not_ground_truth,0,0,0,0,0,0,0,0,0,0,0
13.56,37.999999999922906,0,38,0,38.000000000005507,34,0,0,14.29999999999978,674.70999999995593,SSLW,model_assisted_not_ground_truth,0,0,0,0,0,0,0,0,0,0,0
13.57,24.000000000069633,0,38,0,38.999999999995026,34,0,0,14.260000000000383,666.71000000005108,SSLW,model_assisted_not_ground_truth,0,0,0,0,0,0,0,0,0,0,0
13.58,26.999999999987743,0,38,0,39,34.999999999995914,0,0,14.319999999999965,674.68999999998914,SSLW,model_assisted_not_ground_truth,0,0,0,0,0,0,0,0,0,0,0
13.59,27.999999999996803,0.99999999999680256,38,0,38.000000000003197,35,0,0,14.314999999999987,673.1899999999963,SSLW,model_assisted_not_ground_truth,0,0,0,0,0,0,0,0,0,0,0
13.60,27.000000000002309,11.999999999974598,38,0,38,35,0,0,14.310000000000013,671.69000000000347,SSLW,model_assisted_not_ground_truth,0,0,0,0,0,0,0,0,0,0,0
13.61,27,12.999999999998579,38,0,38,35,0,0,14.31,671.69000000000005,SSLW,model_assisted_not_ground_truth,0,0,0,0,0,0,0,0,0,0,0
13.62,26.000000000000355,16.999999999998579,38,0,38,35,0,0,14.290000000000006,669.70000000000073,SSLW,model_assisted_not_ground_truth,0,0,0,0,0,0,0,0,0,0,0
13.63,28.00000000000373,23.999999999996803,38.000000000000533,0,38,36,0,0,14.279999999999989,668.70000000000061,SSLW,model_assisted_not_ground_truth,0,0,0,0,0,0,0,0,0,0,0
13.64,34.999999999998579,18.000000000001421,38.999999999998579,0,38.000000000001421,36,0,0,14.260000000000042,669.72000000000423,SSLW,model_assisted_not_ground_truth,0,0,0,0,0,0,0,0,0,0,0
13.65,34,19.000000000009237,38.000000000002309,0,39.000000000002309,36,0,0,14.290000000000022,672.70999999999538,SSLW,model_assisted_not_ground_truth,0,0,0,0,0,0,0,0,0,0,0
13.66,34.000000000003197,23.000000000006395,39,0,40,36,0,0,14.300000000000033,670.69499999999357,SSLW,model_assisted_not_ground_truth,0,0,0,0,0,0,0,0,0,0,0
13.67,35.000000000008171,24.999999999995914,39,0,40,36,0,0,14.310000000000041,668.68000000000382,SSLW,model_assisted_not_ground_truth,0,0,0,0,0,0,0,0,0,0,0
13.68,36.999999999995026,24,39.000000000004974,0,40,36,0,0,14.320000000000199,669.62999999998488,SSLW,model_assisted_not_ground_truth,0,0,0,0,0,0,0,0,0,0,0
13.69,36.000000000005507,24,39.999999999994493,0,40,36,0,0,14.360000000000234,666.58999999997638,SSLW,model_assisted_not_ground_truth,0,0,0,0,0,0,0,0,0,0,0
13.70,36,23.000000000004441,39.000000000004441,0,40,35.000000000004441,0,0,14.400000000000555,662.5499999999995,SSLW,model_assisted_not_ground_truth,0,0,0,0,0,0,0,0,0,0,0
13.71,36,22.000000000003553,39.999999999996447,0,40.999999999996447,35,0,0,14.480000000001095,662.48999999998352,SSLW,model_assisted_not_ground_truth,0,0,0,0,0,0,0,0,0,0,0
13.72,36.999999999997335,23.999999999994671,40.999999999997335,0,41.999999999997335,35.999999999997335,0,0,14.619999999999626,660.38000000000557,SSLW,model_assisted_not_ground_truth,0,0,0,0,0,0,0,0,0,0,0
13.73,36.000000000001776,23.000000000001776,41.999999999998224,0,42,36,0,1.9999999999964473,14.839999999999609,721.39999999989163,SSLW,model_assisted_not_ground_truth,0,0,0,0,0,0,0,0,0,0,0
13.74,36,21.000000000001776,42,0,42,36,0,2.9999999999991118,14.835000000000004,720.90500000000043,SSLW,model_assisted_not_ground_truth,0,0,0,0,0,0,0,0,0,0,0
13.75,36,21,42,0,41,36,0,7,14.83,720.40999999999997,SSLW,model_assisted_not_ground_truth,0,0,0,0,0,0,0,0,0,0,0
13.76,33,20.000000000000888,41.000000000000888,0,42,36,0,7.0000000000017764,14.810000000000018,717.41000000000258,SSLW,model_assisted_not_ground_truth,0,0,0,0,0,0,0,0,0,0,0
13.77,33,21,42,0,42,36,0,8.9999999999946709,14.829999999999929,720.40999999999826,SSLW,model_assisted_not_ground_truth,0,0,0,0,0,0,0,0,0,0,0
13.78,33,20.999999999980105,42,0,42,36,0,6,14.789999999999914,719.41999999999427,SSLW,model_assisted_not_ground_truth,0,0,0,0,0,0,0,0,0,0,0
13.79,33,14.00000000000373,42.00000000000373,0,42,35.99999999999627,0,6.0000000000074607,14.759999999999851,717.43999999998891,SSLW,model_assisted_not_ground_truth,0,0,0,0,0,0,0,0,0,0,0
13.80,33,15.000000000018474,42.999999999995381,0,42,35.000000000004619,0,8,14.719999999999585,714.45999999998185,SSLW,model_assisted_not_ground_truth,0,0,0,0,0,0,0,0,0,0,0
13.81,32.999999999994493,18.99999999996696,42.000000000011013,0,42,36,0,8.0000000000055067,14.629999999998184,710.52999999998474,SSLW,model_assisted_not_ground_truth,0,0,0,0,0,0,0,0,0,0,0
13.82,32.000000000004974,13.000000000029843,43.999999999990052,0,42,36,0,8.9999999999950262,14.299999999999937,707.77000000005137,SSLW,model_assisted_not_ground_truth,0,0,0,0,0,0,0,0,0,0,0
13.83,32.999999999995914,16.999999999983658,43.000000000004086,0,41.000000000004086,34.000000000008171,0,10.999999999991829,14.289999999999928,715.8050000000585,SSLW,model_assisted_not_ground_truth,0,0,0,0,0,0,0,0,0,0,0
13.84,32.000000000003197,14.000000000009592,43,0,41,34,0,11,14.279999999999836,723.83999999998377,SSLW,model_assisted_not_ground_truth,0,0,0,0,0,0,0,0,0,0,0
13.85,31.000000000002309,3.2329694477084558e-11,43,0,41,34.999999999997691,0,11.999999999997691,14.260000000000046,721.85000000000457,SSLW,model_assisted_not_ground_truth,0,0,0,0,0,0,0,0,0,0,0
13.86,26.000000000007105,0.99999999999857891,42.000000000001421,0,40.000000000001421,34.000000000001421,0,10.000000000002842,14.269999999999985,718.83000000000436,SSLW,model_assisted_not_ground_truth,0,0,0,0,0,0,0,0,0,0,0
13.87,26.999999999999645,3.5527136788005009e-13,42.999999999999645,0,40,34,0,10,14.29999999999999,718.82000000000005,SSLW,model_assisted_not_ground_truth,0,0,0,0,0,0,0,0,0,0,0
13.88,27,0,43,0,40,34.000000000000533,0,11.000000000001066,14.29999999999999,715.80999999999995,SSLW,model_assisted_not_ground_truth,0,0,0,0,0,0,0,0,0,0,0
13.89,27.000000000007105,0,43,0,40,35,0,12.999999999997158,14.279999999999999,715.80999999999926,SSLW,model_assisted_not_ground_truth,0,0,0,0,0,0,0,0,0,0,0
13.90,32,0,43,0,40,34.999999999997691,0,11.000000000009237,14.279999999999999,715.30999999999881,SSLW,model_assisted_not_ground_truth,0,0,0,0,0,0,0,0,0,0,0
13.91,32.000000000003197,0,43.000000000003197,0,40,34.000000000003197,0,15.000000000015987,14.280000000000063,714.80999999999676,SSLW,model_assisted_not_ground_truth,0,0,0,0,0,0,0,0,0,0,0
13.92,33.000000000004086,0,44,0,40,35,0,20.000000000061284,14.299999999999919,713.79999999998768,SSLW,model_assisted_not_ground_truth,0,0,0,0,0,0,0,0,0,0,0
13.93,34,0,44,0,40,35.000000000004974,0,34.999999999965183,14.2799999999999,710.78999999999508,SSLW,model_assisted_not_ground_truth,0,0,0,0,0,0,0,0,0,0,0
13.94,34,0,44,0,40,35.999999999994493,0,28.000000000038547,14.259999999999824,709.79999999997654,SSLW,model_assisted_not_ground_truth,0,0,0,0,0,0,0,0,0,0,0
13.95,31.000000000013323,5.9999999999733546,44,0,40.999999999995559,36,0,33.999999999973355,14.229999999999031,705.8099999999381,SSLW,model_assisted_not_ground_truth,0,0,0,0,0,0,0,0,0,0,0
13.96,33.999999999989342,6.9999999999964473,44,0,41,36,0,40.999999999975131,14.089999999999609,696.89000000000806,SSLW,model_assisted_not_ground_truth,0,0,0,0,0,0,0,0,0,0,0
13.97,32.000000000005329,16.999999999973355,44,0,41.999999999997335,36,0,58.999999999952038,14.03999999999985,697.93000000000313,SSLW,model_assisted_not_ground_truth,0,0,0,0,0,0,0,0,0,0,0
13.98,33.999999999996447,17,44,0,42.999999999998224,38.999999999994671,0,76.999999999968026,13.990000000000089,698.96999999999821,SSLW,model_assisted_not_ground_truth,0,0,0,0,0,0,0,0,0,0,0
13.99,34,22.999999999994671,44.999999999999112,0,43,39,0,98.99999999998046,13.360000000000559,619.08000000007098,SSLW,model_assisted_not_ground_truth,0,0,0,0,0,0,0,0,0,0,0
14.00,43,23,46,0,44,40,0,127,12.16,473.12,SSLW,model_assisted_not_ground_truth,0,0,0,0,0,0,0,0,0,0,0
14.01,46,25.000000000001776,46,0,45.000000000003553,40.000000000004441,7.9936057773083972e-12,189.00000000001421,11.429999999999271,476.41000000003055,SSLW,model_assisted_not_ground_truth,0,0,0,0,0,0,0,0,0,0,0
14.02,46.000000000023093,27.000000000015987,46.000000000001776,0,49.000000000010658,45.000000000001776,9.0000000000337508,205.00000000003376,10.609999999999236,510.76000000011788,SSLW,model_assisted_not_ground_truth,0,0,0,0,0,0,0,0,0,0,0
14.03,59.000000000022737,36.000000000019895,47,0,55.000000000085265,46.000000000017053,28,224,10.180000000002401,577.13000000052068,SSLW,model_assisted_not_ground_truth,0,0,0,0,0,0,0,0,0,0,0
14.04,67.00000000003358,43.00000000010445,47.000000000007461,0,85.000000000123109,52.000000000067146,28,224.00000000012309,11.025000000003152,760.3400000006834,SSLW,model_assisted_not_ground_truth,0,0,0,0,0,0,0,0,0,0,0
14.05,76.000000000166267,71.000000000078515,49.000000000004619,0,118.00000000010161,70.000000000060041,28,257.00000000008777,11.87000000000374,943.55000000117366,SSLW,model_assisted_not_ground_truth,0,0,0,0,0,0,0,0,0,0,0
14.06,112.00000000002203,88.00000000006608,50,0,140.00000000004957,83.00000000003854,27.999999999994493,276.0000000000606,12.680000000000771,1197.6700000000656,SSLW,model_assisted_not_ground_truth,0,0,0,0,0,0,0,0,0,0,0
14.07,115.9999999999801,99.999999999940314,50,0,148.99999999995524,89.999999999965183,27.000000000004974,286.99999999994532,12.82000000000096,1209.5500000000379,SSLW,model_assisted_not_ground_truth,0,0,0,0,0,0,0,0,0,0,0
14.08,113.00000000001225,100,49.000000000004086,0,150.99999999999181,90.999999999995907,27.999999999995914,277.00000000004087,12.970000000001166,1215.4700000001674,SSLW,model_assisted_not_ground_truth,0,0,0,0,0,0,0,0,0,0,0
14.09,98.000000000047962,95.000000000015987,46.000000000009592,0,146.00000000001597,91.999999999996803,28,267.00000000003195,13.130000000000818,1238.4400000004086,SSLW,model_assisted_not_ground_truth,0,0,0,0,0,0,0,0,0,0,0
14.10,90.000000000018474,70.000000000057724,46.999999999997691,0,141.00000000001154,84.000000000018474,28,262.00000000001154,13.229999999999769,1288.4399999998845,SSLW,model_assisted_not_ground_truth,0,0,0,0,0,0,0,0,0,0,0
14.11,94.999999999992895,41.000000000041211,46.000000000001421,0,134.00000000000995,81.000000000004263,9.0000000000270006,261.00000000000142,13.259999999999957,1343.4499999999218,SSLW,model_assisted_not_ground_truth,0,0,0,0,0,0,0,0,0,0,0
14.12,107.99999999999538,37.000000000001421,46.999999999999645,0,142.99999999999682,94.999999999995026,11.999999999998934,269.99999999999682,13.26,1355.4649999999958,SSLW,model_assisted_not_ground_truth,0,0,0,0,0,0,0,0,0,0,0
14.13,100.99999999999733,57.000000000007461,48,0,150.00000000000321,96.000000000004803,27.999999999999467,281,13.260000000000005,1367.480000000008,SSLW,model_assisted_not_ground_truth,0,0,0,0,0,0,0,0,0,0,0
14.14,95.999999999994316,71.000000000005684,48,0,156.00000000000284,104.99999999999574,27.000000000001421,281.00000000000142,13.270000000000142,1382.4900000000212,SSLW,model_assisted_not_ground_truth,0,0,0,0,0,0,0,0,0,0,0
14.15,91.999999999988447,74.999999999995381,47.999999999997691,0,157.9999999999977,102.00000000000693,27.999999999949196,281.99999999999073,13.370000000000553,1397.3800000000201,SSLW,model_assisted_not_ground_truth,0,0,0,0,0,0,0,0,0,0,0
14.16,86.999999999976012,72.999999999964828,46.999999999998401,0,156.99999999997283,104.99999999998721,6.0000000000047962,277.99999999998079,13.610000000000383,1406.0499999999997,SSLW,model_assisted_not_ground_truth,0,0,0,0,0,0,0,0,0,0,0
14.17,79.499999999969361,61.999999999955058,46.499999999997954,0,148.49999999996527,100.99999999998366,7.5000000000061284,271.9999999999755,13.730000000000185,1405.9499999999834,SSLW,model_assisted_not_ground_truth,0,0,0,0,0,0,0,0,0,0,0
14.18,71.999999999990052,50.99999999996021,46,0,139.99999999991545,96.999999999885603,9.0000000000049738,265.99999999995526,13.775000000000224,1401.90499999998,SSLW,model_assisted_not_ground_truth,0,0,0,0,0,0,0,0,0,0,0
14.19,70.000000000011013,43.000000000044054,46,0,123.00000000009362,74.000000000126647,9.9999999999944933,257.00000000004957,13.819999999999824,1397.8599999998123,SSLW,model_assisted_not_ground_truth,0,0,0,0,0,0,0,0,0,0,0
14.20,67.00000000001333,40.000000000013323,46,0,109.00000000006217,68.000000000026645,8.0000000000088818,246.00000000004886,13.789999999999514,1365.8499999999456,SSLW,model_assisted_not_ground_truth,0,0,0,0,0,0,0,0,0,0,0
14.21,56.00000000003908,37.000000000010658,46,0,91.000000000063949,58.000000000035527,8.9999999999964473,246,13.720000000000001,1357.9999999999302,SSLW,model_assisted_not_ground_truth,0,0,0,0,0,0,0,0,0,0,0
14.22,47.000000000023981,28.000000000023981,46,0,81.000000000026645,58.999999999997335,9,242.00000000001066,13.720000000000001,1349.0700000000238,SSLW,model_assisted_not_ground_truth,0,0,0,0,0,0,0,0,0,0,0
14.23,47,27.000000000001776,46,0,68.000000000023093,58.000000000001776,9,239.00000000000534,13.749999999999947,1340.0900000000158,SSLW,model_assisted_not_ground_truth,0,0,0,0,0,0,0,0,0,0,0
14.24,47,30.999999999996447,46,0,59.000000000007994,58,9,238.00000000000088,13.779999999999973,1331.0800000000079,SSLW,model_assisted_not_ground_truth,0,0,0,0,0,0,0,0,0,0,0
14.25,46,27,46,0,57,56,9,236,13.795,1329.5699999999999,SSLW,model_assisted_not_ground_truth,0,0,0,0,0,0,0,0,0,0,0
14.26,45.999999999999112,28.999999999996447,45,0,54.999999999998224,53.999999999998224,8.9999999999991118,233,13.809999999999894,1328.0599999999663,SSLW,model_assisted_not_ground_truth,0,0,0,0,0,0,0,0,0,0,0
14.27,45,24.999999999996447,45.000000000001776,0,53,51.999999999996447,8.0000000000017764,232.99999999998934,13.690000000000053,1290.1400000000126,SSLW,model_assisted_not_ground_truth,0,0,0,0,0,0,0,0,0,0,0
14.28,45,23.000000000011369,45.999999999994316,0,53,49.999999999991473,8.9999999999971578,227,13.720000000000086,1297.1900000000228,SSLW,model_assisted_not_ground_truth,0,0,0,0,0,0,0,0,0,0,0
14.29,45,26.999999999985079,43.99999999999627,0,52.99999999999627,47,8.0000000000037303,226.99999999998136,13.75,1305.2000000000075,SSLW,model_assisted_not_ground_truth,0,0,0,0,0,0,0,0,0,0,0
14.30,45,23.000000000009237,43,0,51.999999999995381,47,8.9999999999953815,222.00000000000463,13.750000000000046,1307.2100000000369,SSLW,model_assisted_not_ground_truth,0,0,0,0,0,0,0,0,0,0,0
14.31,45,24.999999999994493,43.000000000005507,0,51,47,8,222.99999999999449,13.76000000000011,1315.1900000000744,SSLW,model_assisted_not_ground_truth,0,0,0,0,0,0,0,0,0,0,0
14.32,45,24.000000000004974,43.999999999995026,0,51,47,8,222.00000000000497,13.780000000000129,1328.6950000000863,SSLW,model_assisted_not_ground_truth,0,0,0,0,0,0,0,0,0,0,0
14.33,45,24.999999999995914,44,0,51,47,8.9999999999959144,218.00000000001634,13.800000000000001,1342.2000000000512,SSLW,model_assisted_not_ground_truth,0,0,0,0,0,0,0,0,0,0,0
14.34,45,30.999999999980815,44,0,51,47,9.9999999999968026,220.99999999999039,13.799999999999837,1349.2100000000491,SSLW,model_assisted_not_ground_truth,0,0,0,0,0,0,0,0,0,0,0
14.35,45,22.000000000020783,44,0,51,47,9.0000000000023093,220.0000000000023,13.780000000000046,1355.2199999999862,SSLW,model_assisted_not_ground_truth,0,0,0,0,0,0,0,0,0,0,0
14.36,45,24.999999999995737,43.000000000001421,0,51,47.999999999998579,9,217.00000000000426,13.779999999999999,1361.2199999999916,SSLW,model_assisted_not_ground_truth,0,0,0,0,0,0,0,0,0,0,0
14.37,45,25,43.999999999999645,0,51,47.000000000000355,9.9999999999996447,215.00000000000071,13.779999999999999,1365.1999999999987,SSLW,model_assisted_not_ground_truth,0,0,0,0,0,0,0,0,0,0,0
14.38,45,21.99999999999627,44,0,51,47,10.000000000009059,214,13.770000000000005,1373.2200000000043,SSLW,model_assisted_not_ground_truth,0,0,0,0,0,0,0,0,0,0,0
14.39,45,15.000000000007105,44.000000000002842,0,51,47.000000000001421,27,213.99999999999289,13.780000000000014,1381.2300000000114,SSLW,model_assisted_not_ground_truth,0,0,0,0,0,0,0,0,0,0,0
14.40,44.999999999997691,20.000000000004619,46,0,51,47.999999999995381,27.000000000002309,208.99999999998846,13.789999999999999,1389.2400000000116,SSLW,model_assisted_not_ground_truth,0,0,0,0,0,0,0,0,0,0,0
14.41,44,21.999999999996803,46,0,51,46,28,203.99999999998721,13.789999999999999,1394.2400000000193,SSLW,model_assisted_not_ground_truth,0,0,0,0,0,0,0,0,0,0,0
14.42,44,20.999999999995914,46,0,51,46,28,199.99999999997956,13.790000000000081,1400.2500000000286,SSLW,model_assisted_not_ground_truth,0,0,0,0,0,0,0,0,0,0,0
14.43,44,19.999999999995026,46.000000000004974,0,51,46,28,194.99999999999005,13.8100000000001,1407.2400000000248,SSLW,model_assisted_not_ground_truth,0,0,0,0,0,0,0,0,0,0,0
14.44,44,19.000000000005507,46.999999999994493,0,51,46,28,193.00000000001103,13.830000000000059,1412.2200000000471,SSLW,model_assisted_not_ground_truth,0,0,0,0,0,0,0,0,0,0,0
14.45,44,19,46.000000000004441,0,51,46.999999999995559,28,191.00000000000887,13.840000000000138,1420.2400000000034,SSLW,model_assisted_not_ground_truth,0,0,0,0,0,0,0,0,0,0,0
14.46,43.000000000003553,18.000000000003553,46,0,51,46.000000000003553,28.999999999996447,182.00000000003197,13.860000000000042,1420.725000000001,SSLW,model_assisted_not_ground_truth,0,0,0,0,0,0,0,0,0,0,0
14.47,43.999999999997335,24.999999999981348,46,0,51,46,29,179.00000000000799,13.879999999999947,1421.2099999999987,SSLW,model_assisted_not_ground_truth,0,0,0,0,0,0,0,0,0,0,0
14.48,44,25,46,0,51,46,29,173.00000000001066,13.899999999999965,1425.199999999993,SSLW,model_assisted_not_ground_truth,0,0,0,0,0,0,0,0,0,0,0
14.49,44,25.999999999999112,46,0,51,46.999999999999112,29,172.00000000000088,13.949999999999955,1425.1800000000001,SSLW,model_assisted_not_ground_truth,0,0,0,0,0,0,0,0,0,0,0
14.50,44,25,45,0,50,47,29,160,13.94,1401.1500000000001,SSLW,model_assisted_not_ground_truth,0,0,0,0,0,0,0,0,0,0,0
14.51,44,25,46,0,50,46.999999999999112,29,154.99999999999201,14.000000000000036,1406.1400000000037,SSLW,model_assisted_not_ground_truth,0,0,0,0,0,0,0,0,0,0,0
14.52,44,25.000000000005329,46.000000000001776,0,50,46,29,145.99999999999466,14.04000000000007,1410.125000000007,SSLW,model_assisted_not_ground_truth,0,0,0,0,0,0,0,0,0,0,0
14.53,44,28.000000000008527,46.999999999997158,0,50,46,29,142.99999999997158,14.080000000000199,1414.1099999999885,SSLW,model_assisted_not_ground_truth,0,0,0,0,0,0,0,0,0,0,0
14.54,44,30.999999999992539,46,0,50,45.99999999999627,29,132.99999999998136,14.150000000000261,1410.0800000000258,SSLW,model_assisted_not_ground_truth,0,0,0,0,0,0,0,0,0,0,0
14.55,44,28.999999999990763,46,0,50,45.000000000004619,29,127.99999999994458,14.22000000000037,1417.0300000000275,SSLW,model_assisted_not_ground_truth,0,0,0,0,0,0,0,0,0,0,0
14.56,44,26.999999999977973,46.000000000005507,0,49.999999999977973,46,29,115.99999999997247,14.300000000000551,1423.0000000000382,SSLW,model_assisted_not_ground_truth,0,0,0,0,0,0,0,0,0,0,0
14.57,44,23.000000000019895,46.999999999995026,0,46.000000000019895,46,29,111.00000000002487,14.400000000000832,1429.9400000002236,SSLW,model_assisted_not_ground_truth,0,0,0,0,0,0,0,0,0,0,0
14.58,44,25.999999999987743,47,0,46,46.999999999995914,29,102.00000000003678,14.530000000000326,1464.9000000000253,SSLW,model_assisted_not_ground_truth,0,0,0,0,0,0,0,0,0,0,0
14.59,44,26,47,0,46,46.000000000003197,29,97.000000000015987,14.575000000000111,1468.3800000000087,SSLW,model_assisted_not_ground_truth,0,0,0,0,0,0,0,0,0,0,0
14.60,44,28.999999999993072,47,0,46,46.999999999997691,29,91.000000000013856,14.619999999999894,1471.8599999999919,SSLW,model_assisted_not_ground_truth,0,0,0,0,0,0,0,0,0,0,0
14.61,44,28.000000000001421,47.999999999998579,0,46,47,29.999999999998579,87.000000000005684,14.719999999999859,1483.7899999999829,SSLW,model_assisted_not_ground_truth,0,0,0,0,0,0,0,0,0,0,0
14.62,40.000000000001421,26.000000000000711,48.999999999999645,0,45.000000000000355,46.000000000000355,30,85.000000000000711,14.909999999999933,1497.6299999999951,SSLW,model_assisted_not_ground_truth,0,0,0,0,0,0,0,0,0,0,0
14.63,42,28.999999999999467,50,0,48.999999999999467,47.999999999999467,30,85.999999999997328,15.080000000000213,1503.4600000000057,SSLW,model_assisted_not_ground_truth,0,0,0,0,0,0,0,0,0,0,0
14.64,42.000000000002842,28.000000000005684,50,0,48,47,30,81.000000000014211,15.480000000000313,1513.9700000000018,SSLW,model_assisted_not_ground_truth,0,0,0,0,0,0,0,0,0,0,0
14.65,44,32.000000000009237,50,0,48.000000000002309,47,30,90.999999999988447,15.700000000000507,1515.2050000000029,SSLW,model_assisted_not_ground_truth,0,0,0,0,0,0,0,0,0,0,0
14.66,44,36.000000000003197,49.999999999996803,0,49,47.000000000003197,30,86.000000000019185,15.920000000001055,1516.439999999935,SSLW,model_assisted_not_ground_truth,0,0,0,0,0,0,0,0,0,0,0
14.67,44,37.000000000012257,49,0,49,48,30,91.999999999971394,16.250000000001307,1496.0900000000477,SSLW,model_assisted_not_ground_truth,0,0,0,0,0,0,0,0,0,0,0
14.68,44,39.999999999975131,49.000000000004974,0,49,48,30,84.999999999970157,16.570000000001642,1507.7899999998695,SSLW,model_assisted_not_ground_truth,0,0,0,0,0,0,0,0,0,0,0
14.69,44,35.000000000027534,49.999999999994493,0,49,48,30,79.00000000003304,16.900000000000411,1481.5599999997949,SSLW,model_assisted_not_ground_truth,0,0,0,0,0,0,0,0,0,0,0
14.70,44,30.000000000022204,47.000000000013323,0,46.000000000013323,48,29.000000000004441,68.000000000048857,16.969999999999999,1446.5599999997921,SSLW,model_assisted_not_ground_truth,0,0,0,0,0,0,0,0,0,0,0
14.71,44,29.000000000003553,46.000000000003553,0,46,48,28.000000000003553,59.000000000031974,16.969999999999999,1416.5499999998201,SSLW,model_assisted_not_ground_truth,0,0,0,0,0,0,0,0,0,0,0
14.72,44,29,43.000000000007994,0,45.000000000002665,47.000000000002665,28,58.000000000002665,16.969999999999999,1393.5449999999305,SSLW,model_assisted_not_ground_truth,0,0,0,0,0,0,0,0,0,0,0
14.73,40.000000000007105,22.000000000012434,42.000000000001776,0,42.000000000005329,44.000000000005329,27.000000000001776,20.000000000067502,16.969999999999999,1370.5400000000409,SSLW,model_assisted_not_ground_truth,0,0,0,0,0,0,0,0,0,0,0
14.74,39.000000000000888,20.000000000001776,41.000000000000888,0,41.000000000000888,41.000000000002665,10.000000000015099,13.000000000006217,16.950000000000017,1333.5400000000329,SSLW,model_assisted_not_ground_truth,0,0,0,0,0,0,0,0,0,0,0
14.75,39,1,37,0,41,42,14,11,16.960000000000001,1287.53,SSLW,model_assisted_not_ground_truth,0,0,0,0,0,0,0,0,0,0,0
14.76,39,0,35.000000000000888,0,40.000000000000888,40.999999999997335,12.000000000000888,11,16.929999999999971,1214.5199999999556,SSLW,model_assisted_not_ground_truth,0,0,0,0,0,0,0,0,0,0,0
14.77,39,0,36.000000000003553,0,40.999999999998224,37.999999999998224,12.999999999992895,11,16.89999999999991,1164.50999999992,SSLW,model_assisted_not_ground_truth,0,0,0,0,0,0,0,0,0,0,0
14.78,39,0,37.999999999991473,0,39.999999999997158,37.000000000002842,8.9999999999886313,10.999999999997158,16.849999999999973,1119.5099999999134,SSLW,model_assisted_not_ground_truth,0,0,0,0,0,0,0,0,0,0,0
14.79,39,0,35.00000000000373,0,39,38,5.0000000000261124,9.9999999999626965,16.839999999999961,1089.0049999998862,SSLW,model_assisted_not_ground_truth,0,0,0,0,0,0,0,0,0,0,0
14.80,39.000000000004619,0,36.000000000009237,0,39,38.000000000004619,11.999999999995381,0,16.82999999999792,1058.499999999766,SSLW,model_assisted_not_ground_truth,0,0,0,0,0,0,0,0,0,0,0
14.81,40,0,37.999999999988987,0,39,38.999999999988987,10.999999999939426,0,16.379999999995704,1007.8199999996175,SSLW,model_assisted_not_ground_truth,0,0,0,0,0,0,0,0,0,0,0
14.82,40,0,36.000000000009948,0,39,37.000000000009948,5.4711790653527714e-11,0,15.599999999996994,938.33999999959872,SSLW,model_assisted_not_ground_truth,0,0,0,0,0,0,0,0,0,0,0
14.83,39.000000000004086,0,36,0,39.999999999995914,36.000000000004086,0,0,15.129999999999345,875.58999999963544,SSLW,model_assisted_not_ground_truth,0,0,0,0,0,0,0,0,0,0,0
14.84,39,0,36,0,39.000000000003197,37.999999999993605,0,0,15.039999999999754,825.52999999980364,SSLW,model_assisted_not_ground_truth,0,0,0,0,0,0,0,0,0,0,0
14.85,39.999999999997691,0,36,0,39,34.000000000009237,0,0,15.010000000000069,801.50000000005548,SSLW,model_assisted_not_ground_truth,0,0,0,0,0,0,0,0,0,0,0
14.86,39.000000000001421,0,36,0,38.000000000001421,34,0,0,14.990000000000029,796.50500000000704,SSLW,model_assisted_not_ground_truth,0,0,0,0,0,0,0,0,0,0,0
14.87,38.000000000000355,0,37.999999999999289,0,38.999999999999645,34,0,0,14.970000000000008,791.51000000000181,SSLW,model_assisted_not_ground_truth,0,0,0,0,0,0,0,0,0,0,0
14.88,38,0,37.999999999999467,0,39,34,0,0,14.909999999999984,773.49999999999034,SSLW,model_assisted_not_ground_truth,0,0,0,0,0,0,0,0,0,0,0
14.89,38,0,37,0,39,34,0,0,14.87999999999993,755.46999999997581,SSLW,model_assisted_not_ground_truth,0,0,0,0,0,0,0,0,0,0,0
14.90,38.000000000002309,0,37,0,39,34,0,0,14.830000000000046,738.45999999998844,SSLW,model_assisted_not_ground_truth,0,0,0,0,0,0,0,0,0,0,0
14.91,38.999999999996803,0,37,0,39,34.000000000003197,0,0,14.849999999999872,733.43999999996481,SSLW,model_assisted_not_ground_truth,0,0,0,0,0,0,0,0,0,0,0
14.92,38.000000000004086,0,37.000000000008171,0,39,34.999999999995914,0,0,14.810000000000164,722.42999999996709,SSLW,model_assisted_not_ground_truth,0,0,0,0,0,0,0,0,0,0,0
14.93,38.99999999996021,0,38.999999999995026,0,39,34,0,0,14.849999999999875,714.3899999999951,SSLW,model_assisted_not_ground_truth,0,0,0,0,0,0,0,0,0,0,0
14.94,31.000000000044054,0,38.000000000005507,0,39,34,0,0,14.824999999999854,713.39999999999418,SSLW,model_assisted_not_ground_truth,0,0,0,0,0,0,0,0,0,0,0
14.95,26.000000000022204,0,38,0,39,34,0,0,14.799999999999862,712.40999999996529,SSLW,model_assisted_not_ground_truth,0,0,0,0,0,0,0,0,0,0,0
14.96,26,0,38.999999999996447,0,39,34.999999999996447,0,0,14.779999999999921,707.41000000000781,SSLW,model_assisted_not_ground_truth,0,0,0,0,0,0,0,0,0,0,0
14.97,26,0,39,0,39,35,0,0,14.770000000000026,708.40999999999735,SSLW,model_assisted_not_ground_truth,0,0,0,0,0,0,0,0,0,0,0
14.98,36.99999999998046,0,39,0,39,35,0,0,14.77,702.41000000001065,SSLW,model_assisted_not_ground_truth,0,0,0,0,0,0,0,0,0,0,0
14.99,37.999999999999112,14.999999999986677,39,0,39,35,0,0,14.77999999999999,701.40000000000089,SSLW,model_assisted_not_ground_truth,0,0,0,0,0,0,0,0,0,0,0
15.00,27,15,39,0,39,35,0,0,14.789999999999999,698.39999999999998,SSLW,model_assisted_not_ground_truth,0,0,0,0,0,0,0,0,0,0,0
15.01,28.000000000000888,15.000000000005329,40,0,38.999999999999112,35.000000000000888,0,0,14.78999999999999,697.37999999999909,SSLW,model_assisted_not_ground_truth,0,0,0,0,0,0,0,0,0,0,0
15.02,28.999999999998224,21,40,0,38.000000000001776,36,0,0,14.779999999999982,696.37999999999818,SSLW,model_assisted_not_ground_truth,0,0,0,0,0,0,0,0,0,0,0
15.03,28.000000000002842,20.999999999997158,40,0,39,36,0,0,14.769999999999971,695.38000000000284,SSLW,model_assisted_not_ground_truth,0,0,0,0,0,0,0,0,0,0,0
15.04,28.999999999992539,20.00000000000373,40,0,39,36,0,0,14.759999999999851,696.37999999997396,SSLW,model_assisted_not_ground_truth,0,0,0,0,0,0,0,0,0,0,0
15.05,27.000000000011546,20.999999999995381,40,0,39,36,0,0,14.719999999999954,689.39000000001386,SSLW,model_assisted_not_ground_truth,0,0,0,0,0,0,0,0,0,0,0
15.06,29.499999999999556,20.000000000000178,40,0,39,36,0,0,14.709999999999891,692.39999999996132,SSLW,model_assisted_not_ground_truth,0,0,0,0,0,0,0,0,0,0,0
15.07,31.999999999987566,19.000000000004974,40,0,39,36,0,0,14.690000000000127,685.3900000000192,SSLW,model_assisted_not_ground_truth,0,0,0,0,0,0,0,0,0,0,0
15.08,35.999999999983658,21.999999999987743,38.000000000008171,0,39.999999999995914,36,0,0,14.709999999999965,688.39000000000362,SSLW,model_assisted_not_ground_truth,0,0,0,0,0,0,0,0,0,0,0
15.09,32.00000000001279,21.000000000003197,38,0,40.999999999996803,36,0,0,14.704999999999988,688.89500000000123,SSLW,model_assisted_not_ground_truth,0,0,0,0,0,0,0,0,0,0,0
15.10,32,1.0000000000461853,37.000000000002309,0,41,36,0,2.9999999999930722,14.70000000000001,689.39999999999884,SSLW,model_assisted_not_ground_truth,0,0,0,0,0,0,0,0,0,0,0
15.11,32,1.4210854715202004e-12,37.999999999998579,0,41,36,0,4.9999999999971578,14.690000000000014,687.40000000000282,SSLW,model_assisted_not_ground_truth,0,0,0,0,0,0,0,0,0,0,0
15.12,32,0,38,0,41,36,0,5.9999999999996447,14.69,688.39999999999964,SSLW,model_assisted_not_ground_truth,0,0,0,0,0,0,0,0,0,0,0
15.13,32,0,38,0,41,34,0,8,14.670000000000005,687.41000000000213,SSLW,model_assisted_not_ground_truth,0,0,0,0,0,0,0,0,0,0,0
15.14,32.000000000001421,0,38,0,40.999999999998579,34.000000000001421,0,8,14.679999999999715,691.41999999999734,SSLW,model_assisted_not_ground_truth,0,0,0,0,0,0,0,0,0,0,0
15.15,32.999999999995381,0,38,0,40,34.999999999997691,0,8,14.479999999999793,689.55999999999665,SSLW,model_assisted_not_ground_truth,0,0,0,0,0,0,0,0,0,0,0
15.16,31.000000000003197,0,38,0,40,34,0,8.0000000000063949,14.389999999999713,688.12499999999545,SSLW,model_assisted_not_ground_truth,0,0,0,0,0,0,0,0,0,0,0
15.17,32.000000000004086,0,38.000000000004086,0,40,34.000000000004086,0,10.000000000008171,14.299999999999633,686.69000000002495,SSLW,model_assisted_not_ground_truth,0,0,0,0,0,0,0,0,0,0,0
15.18,33,0,39,0,40,34.999999999995026,0,12.00000000003979,14.2100000000002,692.78000000006466,SSLW,model_assisted_not_ground_truth,0,0,0,0,0,0,0,0,0,0,0
15.19,33,0,39,0,40,34.000000000005507,0,19.999999999955946,14.250000000000059,705.79000000000588,SSLW,model_assisted_not_ground_truth,0,0,0,0,0,0,0,0,0,0,0
15.20,33.999999999995559,0,38.000000000004441,0,40.999999999995559,33.000000000004441,0,19.000000000004441,14.259999999999931,706.78999999997222,SSLW,model_assisted_not_ground_truth,0,0,0,0,0,0,0,0,0,0,0
15.21,33.000000000003553,0,38,0,41,33.999999999996447,0,19.999999999996447,14.249999999999766,702.78999999994528,SSLW,model_assisted_not_ground_truth,0,0,0,0,0,0,0,0,0,0,0
15.22,33,0,38,0,41,34,0,23.999999999989342,14.220000000000081,695.79000000001861,SSLW,model_assisted_not_ground_truth,0,0,0,0,0,0,0,0,0,0,0
15.23,31.000000000003553,0,38,0,40.000000000001776,33.000000000001776,0,21.000000000005329,14.205000000000027,696.29999999999905,SSLW,model_assisted_not_ground_truth,0,0,0,0,0,0,0,0,0,0,0
15.24,31.999999999999112,0,40.999999999997335,0,40,33.999999999999112,0,28.999999999992895,14.190000000000012,696.80999999999949,SSLW,model_assisted_not_ground_truth,0,0,0,0,0,0,0,0,0,0,0
15.25,32,0,42,0,40,35,0,37,14.130000000000001,686.82000000000005,SSLW,model_assisted_not_ground_truth,0,0,0,0,0,0,0,0,0,0,0
15.26,32.000000000000888,0,43,0,41,39,0,51.000000000017764,14.069999999999832,677.81999999997515,SSLW,model_assisted_not_ground_truth,0,0,0,0,0,0,0,0,0,0,0
15.27,32.999999999998224,2.8421709430429857e-11,43,0,41,39,0,71.000000000037303,13.87999999999874,649.84999999980823,SSLW,model_assisted_not_ground_truth,0,0,0,0,0,0,0,0,0,0,0
15.28,32,16.000000000017053,43.000000000002842,0,41.000000000002842,39.000000000002842,0,92.000000000056843,13.16999999999801,541.85999999978412,SSLW,model_assisted_not_ground_truth,0,0,0,0,0,0,0,0,0,0,0
15.29,32.000000000007461,22,44,0,42.00000000000373,40,0,112.00000000002984,12.469999999999366,465.88999999999277,SSLW,model_assisted_not_ground_truth,0,0,0,0,0,0,0,0,0,0,0
15.30,34.000000000018474,22.000000000009237,44,0,43,39.999999999995381,0,120.0000000001247,12.299999999998199,463.96000000002857,SSLW,model_assisted_not_ground_truth,0,0,0,0,0,0,0,0,0,0,0
15.31,38,24.000000000011013,44.000000000005507,0,43.000000000005507,39.000000000022027,0,147.00000000016519,11.909999999997989,470.15000000008348,SSLW,model_assisted_not_ground_truth,0,0,0,0,0,0,0,0,0,0,0
15.32,38,25.999999999990052,44.999999999995026,0,43.999999999995026,42.999999999980105,0,176.99999999985079,11.544999999997666,485.31500000009697,SSLW,model_assisted_not_ground_truth,0,0,0,0,0,0,0,0,0,0,0
15.33,43.999999999975486,30.999999999979572,45,0,44.999999999995914,44.999999999991829,0,204.9999999998856,11.179999999994974,500.48000000019891,SSLW,model_assisted_not_ground_truth,0,0,0,0,0,0,0,0,0,0,0
15.34,44.999999999996803,31.999999999996803,46.999999999993605,0,49.999999999984013,44.000000000003197,7.9999999999744205,223.99999999993923,10.489999999997631,527.79000000032829,SSLW,model_assisted_not_ground_truth,0,0,0,0,0,0,0,0,0,0,0
15.35,56.999999999972289,41.999999999976907,47.999999999997691,0,52.999999999993072,50.999999999983835,27.999999999953815,234.99999999997459,10.200000000000669,567.96999999990726,SSLW,model_assisted_not_ground_truth,0,0,0,0,0,0,0,0,0,0,0
15.36,65.99999999998721,58.999999999975842,48.999999999998579,0,65.999999999981526,65.999999999978684,28,245.99999999998437,11.719999999997841,895.07999999953518,SSLW,model_assisted_not_ground_truth,0,0,0,0,0,0,0,0,0,0,0
15.37,66.999999999999645,79.999999999992539,49,0,98.999999999988276,82.99999999999396,28.999999999999645,260.99999999999466,12.319999999999787,1036.3099999999497,SSLW,model_assisted_not_ground_truth,0,0,0,0,0,0,0,0,0,0,0
15.38,85.000000000005329,91.000000000001606,48.999999999999467,0,119.0000000000032,92.000000000003197,28.000000000000533,272.00000000000159,12.710000000000058,1114.3300000000118,SSLW,model_assisted_not_ground_truth,0,0,0,0,0,0,0,0,0,0,0
15.39,94.999999999997158,93.999999999990052,47.999999999998579,0,124.99999999999005,98.000000000001421,28.999999999998579,274.99999999999574,12.81500000000015,1136.3300000000313,SSLW,model_assisted_not_ground_truth,0,0,0,0,0,0,0,0,0,0,0
15.40,93.000000000009237,86.999999999965354,47,0,117.99999999998153,99.000000000004619,28,271.99999999999307,12.920000000000277,1158.3300000001432,SSLW,model_assisted_not_ground_truth,0,0,0,0,0,0,0,0,0,0,0
15.41,97.000000000003197,71.999999999913669,47.000000000003197,0,110.0000000000032,100.99999999998401,27.999999999996803,269.00000000001597,13.040000000000255,1220.3500000001375,SSLW,model_assisted_not_ground_truth,0,0,0,0,0,0,0,0,0,0,0
15.42,98.000000000040856,44.999999999995914,48,0,111.00000000004495,96.000000000012264,27.000000000004086,274.00000000002041,13.120000000000163,1263.3700000001757,SSLW,model_assisted_not_ground_truth,0,0,0,0,0,0,0,0,0,0,0
15.43,107.99999999999005,44,48,0,122.00000000008953,99.000000000034817,28,279.00000000001489,13.159999999999652,1306.4100000000253,SSLW,model_assisted_not_ground_truth,0,0,0,0,0,0,0,0,0,0,0
15.44,106.00000000001101,44,48,0,139.99999999990087,105.99999999996146,28,281.99999999998346,13.090000000000293,1311.5000000002171,SSLW,model_assisted_not_ground_truth,0,0,0,0,0,0,0,0,0,0,0
15.45,96.000000000044409,63.999999999911182,48,0,145.99999999997334,107.99999999999112,28.999999999995559,280.00000000000887,13.140000000000242,1348.540000000052,SSLW,model_assisted_not_ground_truth,0,0,0,0,0,0,0,0,0,0,0
15.46,84.000000000042633,71.999999999971578,48,0,146.99999999999645,108,29,280,13.175000000000075,1356.0400000000159,SSLW,model_assisted_not_ground_truth,0,0,0,0,0,0,0,0,0,0,0
15.47,81.000000000007987,71.000000000002672,48.999999999997335,0,144.00000000000799,105.00000000000799,29,275.0000000000133,13.209999999999908,1363.53999999998,SSLW,model_assisted_not_ground_truth,0,0,0,0,0,0,0,0,0,0,0
15.48,74.000000000012434,54.000000000030198,47.000000000003553,0,124.00000000003553,98.000000000012434,28.000000000001776,262.00000000002308,13.409999999999645,1370.2999999999879,SSLW,model_assisted_not_ground_truth,0,0,0,0,0,0,0,0,0,0,0
15.49,70.000000000003553,46.000000000007105,47,0,112.00000000001066,79.000000000016882,27.000000000000888,253.00000000000799,13.67999999999976,1383.0099999999886,SSLW,model_assisted_not_ground_truth,0,0,0,0,0,0,0,0,0,0,0
15.50,70,44,46,0,102,70,8,248,13.789999999999999,1360.8599999999999,SSLW,model_assisted_not_ground_truth,0,0,0,0,0,0,0,0,0,0,0
15.51,68.999999999997328,41.999999999996447,45.000000000000888,0,95.999999999995552,59,9,247,13.730000000000015,1340.9400000000051,SSLW,model_assisted_not_ground_truth,0,0,0,0,0,0,0,0,0,0,0
15.52,65.999999999994671,37.999999999992895,46.000000000001776,0,90.999999999991118,58.999999999998224,9.0000000000017764,246.99999999999821,13.745000000000026,1346.4850000000099,SSLW,model_assisted_not_ground_truth,0,0,0,0,0,0,0,0,0,0,0
15.53,62.999999999982947,33.999999999994316,47.000000000002842,0,85.999999999965894,57.999999999994316,10.000000000051159,245.99999999998295,13.760000000000085,1352.0300000000002,SSLW,model_assisted_not_ground_truth,0,0,0,0,0,0,0,0,0,0,0
15.54,56.999999999962697,31.999999999992539,47.99999999999627,0,73.999999999958959,56,28,239.9999999999888,13.790000000000148,1352.0700000000038,SSLW,model_assisted_not_ground_truth,0,0,0,0,0,0,0,0,0,0,0
15.55,47,30.000000000004619,47,0,62.999999999976907,55.999999999995381,28,236.99999999997689,13.830000000000323,1353.0799999999674,SSLW,model_assisted_not_ground_truth,0,0,0,0,0,0,0,0,0,0,0
15.56,47,30.99999999998348,46.999999999994493,0,57.999999999994493,54.99999999998348,28,231.99999999996697,13.89999999999967,1346.0599999998242,SSLW,model_assisted_not_ground_truth,0,0,0,0,0,0,0,0,0,0,0
15.57,47,28.000000000014921,46.000000000004974,0,57.000000000004974,52.000000000014921,28,226.00000000002984,13.840000000000447,1314.1500000000256,SSLW,model_assisted_not_ground_truth,0,0,0,0,0,0,0,0,0,0,0
15.58,46.000000000004086,28,46,0,55.000000000008171,49.000000000012257,28,219.00000000002859,13.910000000000219,1318.1300000000183,SSLW,model_assisted_not_ground_truth,0,0,0,0,0,0,0,0,0,0,0
15.59,46,28.999999999996803,45.000000000003197,0,53.000000000006395,47.000000000006395,27.000000000003197,214.00000000001597,13.940000000000076,1320.6250000000061,SSLW,model_assisted_not_ground_truth,0,0,0,0,0,0,0,0,0,0,0
15.60,46,29,45.999999999997691,0,53,47,27.999999999997691,212.0000000000046,13.969999999999931,1323.1199999999942,SSLW,model_assisted_not_ground_truth,0,0,0,0,0,0,0,0,0,0,0
15.61,46,25.000000000004974,46,0,53,47,28,207.00000000000622,14.00999999999995,1330.0999999999913,SSLW,model_assisted_not_ground_truth,0,0,0,0,0,0,0,0,0,0,0
15.62,46,25,46,0,53,47.999999999999645,26.000000000000711,203.00000000000142,14.069999999999979,1333.0899999999988,SSLW,model_assisted_not_ground_truth,0,0,0,0,0,0,0,0,0,0,0
15.63,45.000000000000533,30.999999999998401,45,0,51.999999999999467,47.999999999999467,28,199.99999999999892,14.170000000000027,1346.0300000000075,SSLW,model_assisted_not_ground_truth,0,0,0,0,0,0,0,0,0,0,0
15.64,46,27.999999999992895,45,0,51,47.000000000001421,28,198,14.220000000000072,1360.020000000007,SSLW,model_assisted_not_ground_truth,0,0,0,0,0,0,0,0,0,0,0
15.65,45.999999999997691,23.000000000004619,45,0,51,48,28,197.9999999999977,14.270000000000023,1365.0000000000093,SSLW,model_assisted_not_ground_truth,0,0,0,0,0,0,0,0,0,0,0
15.66,45,24.99999999998721,44.999999999996803,0,51,48,28,196.99999999999679,14.280000000000031,1368.9950000000129,SSLW,model_assisted_not_ground_truth,0,0,0,0,0,0,0,0,0,0,0
15.67,45,20.999999999987743,44.000000000004086,0,51,47.999999999995914,28,195.99999999997956,14.290000000000163,1372.990000000008,SSLW,model_assisted_not_ground_truth,0,0,0,0,0,0,0,0,0,0,0
15.68,45,18.000000000014921,45,0,51,47.000000000004974,28,191.00000000000497,14.330000000000149,1374.9500000001096,SSLW,model_assisted_not_ground_truth,0,0,0,0,0,0,0,0,0,0,0
15.69,45,20.99999999998348,45,0,51,47.999999999994493,28,191.99999999999449,14.360000000000234,1396.9800000000528,SSLW,model_assisted_not_ground_truth,0,0,0,0,0,0,0,0,0,0,0
15.70,45,20.50000000000222,45,0,51,47.500000000002217,28,185.50000000002888,14.40000000000007,1405.9700000000553,SSLW,model_assisted_not_ground_truth,0,0,0,0,0,0,0,0,0,0,0
15.71,45,20.000000000001776,45,0,51,47.000000000001776,28,179.00000000002308,14.410000000000117,1413.9600000000273,SSLW,model_assisted_not_ground_truth,0,0,0,0,0,0,0,0,0,0,0
15.72,45,18.000000000005329,45.999999999997335,0,51,47.999999999997335,28,174.00000000001333,14.425000000000045,1417.4550000000106,SSLW,model_assisted_not_ground_truth,0,0,0,0,0,0,0,0,0,0,0
15.73,45,18.999999999998224,46,0,51,46.000000000003553,28,169.00000000000887,14.439999999999973,1420.9499999999939,SSLW,model_assisted_not_ground_truth,0,0,0,0,0,0,0,0,0,0,0
15.74,45,19,46,0,51,46,28.999999999999112,164.00000000000443,14.469999999999974,1428.909999999993,SSLW,model_assisted_not_ground_truth,0,0,0,0,0,0,0,0,0,0,0
15.75,45,19,47,0,51,47,29,152,14.529999999999999,1437.8900000000001,SSLW,model_assisted_not_ground_truth,0,0,0,0,0,0,0,0,0,0,0
15.76,44.999999999999112,20.999999999998224,46.999999999999112,0,51,46,29,147.99999999999733,14.570000000000062,1451.8800000000037,SSLW,model_assisted_not_ground_truth,0,0,0,0,0,0,0,0,0,0,0
15.77,43.999999999998224,19,46,0,51,46.000000000001776,29,144.99999999999289,14.640000000000125,1455.860000000039,SSLW,model_assisted_not_ground_truth,0,0,0,0,0,0,0,0,0,0,0
15.78,43,19.000000000002842,46.000000000002842,0,51,46.999999999997158,29,140.99999999997158,14.7100000000001,1477.8300000000113,SSLW,model_assisted_not_ground_truth,0,0,0,0,0,0,0,0,0,0,0
15.79,43,19.99999999999627,47,0,50.99999999999627,46.00000000000373,29,131,14.745000000000131,1481.8100000000147,SSLW,model_assisted_not_ground_truth,0,0,0,0,0,0,0,0,0,0,0
15.80,43.000000000004619,19.000000000041567,46.999999999995381,0,50,47,29.000000000004619,130.99999999993071,14.780000000000046,1485.7899999998936,SSLW,model_assisted_not_ground_truth,0,0,0,0,0,0,0,0,0,0,0
15.81,43.999999999994493,28.00000000001652,46,0,49.999999999977973,47.000000000005507,29.999999999994493,115.99999999998349,14.79000000000033,1462.7600000000493,SSLW,model_assisted_not_ground_truth,0,0,0,0,0,0,0,0,0,0,0
15.82,43.000000000004974,30.999999999985079,46,0,46.000000000019895,47.999999999995026,29.000000000004974,113.00000000001492,14.850000000000895,1471.7200000000312,SSLW,model_assisted_not_ground_truth,0,0,0,0,0,0,0,0,0,0,0
15.83,42.000000000004086,31,46.999999999995914,0,46,48,28.000000000004086,108.00000000002044,14.990000000000656,1476.600000000094,SSLW,model_assisted_not_ground_truth,0,0,0,0,0,0,0,0,0,0,0
15.84,43.999999999993605,31,47.999999999996803,0,45.000000000003197,48,30.999999999990408,103.00000000001599,15.080000000000327,1489.5300000000038,SSLW,model_assisted_not_ground_truth,0,0,0,0,0,0,0,0,0,0,0
15.85,44,30.000000000002309,48.999999999997691,0,47.999999999993072,47.000000000002309,31,103,15.120000000000136,1490.0000000000016,SSLW,model_assisted_not_ground_truth,0,0,0,0,0,0,0,0,0,0,0
15.86,44,28.000000000002487,48.000000000001243,0,48.999999999998757,47.999999999998757,31.999999999998757,108.99999999999254,15.15999999999995,1490.4699999999993,SSLW,model_assisted_not_ground_truth,0,0,0,0,0,0,0,0,0,0,0
15.87,44,28.999999999999645,50.999999999998934,0,48.000000000000355,47.000000000000355,34.999999999998934,106.00000000000107,15.319999999999943,1501.2899999999961,SSLW,model_assisted_not_ground_truth,0,0,0,0,0,0,0,0,0,0,0
15.88,45,34.000000000001066,49.000000000001066,0,49,47,35,110.00000000000107,15.540000000000148,1503.0300000000061,SSLW,model_assisted_not_ground_truth,0,0,0,0,0,0,0,0,0,0,0
15.89,45.000000000002842,36.000000000005684,51.000000000001421,0,49,47,35,112.00000000000995,15.820000000000327,1514.7099999999969,SSLW,model_assisted_not_ground_truth,0,0,0,0,0,0,0,0,0,0,0
15.90,47.000000000002309,40.000000000004619,51.999999999997691,0,49,47.000000000002309,34.999999999993072,119.00000000002541,16.050000000000811,1512.4599999999671,SSLW,model_assisted_not_ground_truth,0,0,0,0,0,0,0,0,0,0,0
15.91,48.000000000019185,42.000000000015987,51.000000000003197,0,49.000000000003197,48,32,130.000000000016,16.400000000000176,1498.1500000000046,SSLW,model_assisted_not_ground_truth,0,0,0,0,0,0,0,0,0,0,0
15.92,54.000000000020428,47.000000000053113,52,0,50.000000000004086,47.999999999991829,32.000000000028599,135.00000000003678,16.455000000000226,1499.6050000000059,SSLW,model_assisted_not_ground_truth,0,0,0,0,0,0,0,0,0,0,0
15.93,59,60.000000000024869,51.999999999990052,0,51,46.000000000009948,39.00000000003979,144.00000000004476,16.510000000001295,1501.0600000000284,SSLW,model_assisted_not_ground_truth,0,0,0,0,0,0,0,0,0,0,0
15.94,59,64.999999999972459,50.000000000011013,0,51,47.999999999988987,46.999999999955946,152.99999999995043,16.770000000001701,1506.7899999999049,SSLW,model_assisted_not_ground_truth,0,0,0,0,0,0,0,0,0,0,0
15.95,60.999999999991118,67.99999999998667,50.999999999995559,0,51,48,46.000000000004441,148.0000000000222,17.060000000000208,1490.569999999979,SSLW,model_assisted_not_ground_truth,0,0,0,0,0,0,0,0,0,0,0
15.96,60.000000000003553,67.000000000003553,51,0,51,48,34.000000000042633,148.99999999999645,17.090000000000078,1487.5499999999295,SSLW,model_assisted_not_ground_truth,0,0,0,0,0,0,0,0,0,0,0
15.97,60,53.000000000037303,50.000000000002665,0,50.000000000002665,47.000000000002665,31.000000000007994,149.99999999999733,17.099999999999973,1478.5400000000241,SSLW,model_assisted_not_ground_truth,0,0,0,0,0,0,0,0,0,0,0
15.98,47.000000000023093,44.000000000015987,48.000000000003553,0,50,46.000000000001776,30.000000000001776,144.00000000001066,17.080000000000034,1438.5400000000709,SSLW,model_assisted_not_ground_truth,0,0,0,0,0,0,0,0,0,0,0
15.99,45.000000000001776,32.000000000010658,46.000000000001776,0,45.000000000004441,46,29.000000000000888,144.99999999999912,17.075000000000003,1418.5350000000178,SSLW,model_assisted_not_ground_truth,0,0,0,0,0,0,0,0,0,0,0
16.00,44,30,44,0,45,46,29,147,17.07,1398.53,SSLW,model_assisted_not_ground_truth,0,0,0,0,0,0,0,0,0,0,0
16.01,42.999999999995737,28.999999999993605,39.999999999996803,0,42.999999999997868,41,27.999999999998934,137.99999999999892,17.059999999999967,1352.5199999999509,SSLW,model_assisted_not_ground_truth,0,0,0,0,0,0,0,0,0,0,0
16.02,39.000000000001776,23.000000000001776,36.999999999998224,0,41,41,26.999999999998224,136.99999999998934,17.029999999999948,1306.5199999999129,SSLW,model_assisted_not_ground_truth,0,0,0,0,0,0,0,0,0,0,0
16.03,40,23.99999999993463,35.999999999997158,0,41,41,25.999999999957367,130.999999999946,16.999999999999915,1257.5099999998549,SSLW,model_assisted_not_ground_truth,0,0,0,0,0,0,0,0,0,0,0
16.04,39.999999999996447,0.99999999999644729,35,0,41,40.999999999989342,11.000000000003553,111.99999999986855,16.969999999999857,1206.5099999998329,SSLW,model_assisted_not_ground_truth,0,0,0,0,0,0,0,0,0,0,0
16.05,39,0,35.000000000009237,0,40.999999999990763,38,11.999999999990763,74.999999999866063,16.929999999999929,1159.4999999998522,SSLW,model_assisted_not_ground_truth,0,0,0,0,0,0,0,0,0,0,0
16.06,39.000000000005329,0,36.999999999994671,0,39,38,10,45.999999999866773,16.914999999999921,1127.4999999998295,GT,model_assisted_not_ground_truth,0,0,0,0,0,0,0,0,0,0,0
16.07,39.999999999995026,0,36.000000000004974,0,39,38,10,21.000000000124345,16.89999999999629,1095.4999999996767,GT,model_assisted_not_ground_truth,0,0,0,0,0,0,0,0,0,0,0
16.08,40.999999999996092,0,36.999999999996092,0,39.999999999996092,38,7.000000000011724,17.000000000015632,16.319999999995524,1044.9299999994284,GT,model_assisted_not_ground_truth,0,0,0,0,0,0,0,0,0,0,0
16.09,40.000000000003197,0,37,0,40,34.00000000001279,7,16.000000000003197,15.719999999995343,968.3099999994306,GT,model_assisted_not_ground_truth,0,0,0,0,0,0,0,0,0,0,0
16.10,40,0,37,0,40,34,9.9999999999936051,16,15.150000000001215,898.63000000014858,GT,model_assisted_not_ground_truth,0,0,0,0,0,0,0,0,0,0,0
16.11,39.000000000001421,0,37.999999999998579,0,39.000000000001421,34,1.4210854715202004e-11,2.2737367544323206e-11,15.100000000000071,848.55000000007112,GT,model_assisted_not_ground_truth,0,0,0,0,0,0,0,0,0,0,0
16.12,39,0,37.000000000000355,0,39.999999999999645,34,0,0,15.060000000000015,809.48000000001389,GT,model_assisted_not_ground_truth,0,0,0,0,0,0,0,0,0,0,0
16.13,38.999999999999645,0,38,0,38.999999999999645,34,0,0,15.039999999999992,801.97499999999741,GT,model_assisted_not_ground_truth,0,0,0,0,0,0,0,0,0,0,0
16.14,38.000000000001421,0,38.000000000001421,0,38,34,0,0,15.019999999999801,794.46999999997172,GT,model_assisted_not_ground_truth,0,0,0,0,0,0,0,0,0,0,0
16.15,39,0,39,0,38,34,0,0,14.879999999999894,774.52999999997439,GT,model_assisted_not_ground_truth,0,0,0,0,0,0,0,0,0,0,0
16.16,38.999999999996803,0,39,0,38,34,0,0,14.829999999999968,762.52999999995836,GT,model_assisted_not_ground_truth,0,0,0,0,0,0,0,0,0,0,0
16.17,38,0,39,0,38,34,0,0,14.82,749.49999999997431,GT,model_assisted_not_ground_truth,0,0,0,0,0,0,0,0,0,0,0
16.18,38,0,39,0,38,34,0,0,14.82000000000005,743.46999999995023,GT,model_assisted_not_ground_truth,0,0,0,0,0,0,0,0,0,0,0
16.19,38,0,39,0,38,34,0,0,14.83,733.44999999999993,GT,model_assisted_not_ground_truth,0,0,0,0,0,0,0,0,0,0,0
16.20,38,0,39,0,38,34,0,0,14.830000000000101,733.4399999999797,GT,model_assisted_not_ground_truth,0,0,0,0,0,0,0,0,0,0,0
16.21,26.000000000042633,0,39,0,38,34,0,0,14.845000000000031,730.42499999999359,GT,model_assisted_not_ground_truth,0,0,0,0,0,0,0,0,0,0,0
16.22,36.999999999968736,0,39,0,38,34.999999999997158,0,0,14.859999999999957,727.41000000000849,GT,model_assisted_not_ground_truth,0,0,0,0,0,0,0,0,0,0,0
16.23,26.00000000001954,0,39,0,38,34.000000000001776,0,0,14.840000000000035,724.40000000000532,GT,model_assisted_not_ground_truth,0,0,0,0,0,0,0,0,0,0,0
16.24,26,0,39,0,38,34,0,0,14.820000000000014,715.39000000000635,GT,model_assisted_not_ground_truth,0,0,0,0,0,0,0,0,0,0,0
16.25,37,0,39,0,38,34,0,0,14.779999999999999,712.40999999999997,GT,model_assisted_not_ground_truth,0,0,0,0,0,0,0,0,0,0,0
16.26,37,0,39.999999999998934,0,38,34,0,0,14.670000000000021,704.47999999999786,GT,model_assisted_not_ground_truth,0,0,0,0,0,0,0,0,0,0,0
16.27,37,0,39,0,38,34,0,0,14.689999999999991,702.45999999999731,GT,model_assisted_not_ground_truth,0,0,0,0,0,0,0,0,0,0,0
16.28,36.999999999997158,0,39,0,38,34.000000000002842,0,0,14.684999999999985,700.95499999999572,GT,model_assisted_not_ground_truth,0,0,0,0,0,0,0,0,0,0,0
16.29,35.999999999971578,0,39,0,38,35,0,0,14.679999999999893,699.44999999997867,GT,model_assisted_not_ground_truth,0,0,0,0,0,0,0,0,0,0,0
16.30,27.999999999990763,0,39,0,38,34.999999999995381,0,0,14.650000000000093,693.44999999999072,GT,model_assisted_not_ground_truth,0,0,0,0,0,0,0,0,0,0,0
16.31,26.000000000005329,0,39.000000000005329,0,38,34.000000000005329,0,0,14.67,691.42999999999995,GT,model_assisted_not_ground_truth,0,0,0,0,0,0,0,0,0,0,0
16.32,26.999999999995026,0,39.999999999995026,0,38,34.999999999995026,0,0,14.669999999998785,691.42999999997517,GT,model_assisted_not_ground_truth,0,0,0,0,0,0,0,0,0,0,0
16.33,27,7.9999999999687361,39.000000000003908,0,38.999999999996092,35.999999999996092,0,0,14.479999999997538,687.56000000002427,GT,model_assisted_not_ground_truth,0,0,0,0,0,0,0,0,0,0,0
16.34,29.999999999990408,11.99999999998721,39,0,38.000000000003197,35.000000000003197,0,0,14.149999999999919,690.82000000000016,GT,model_assisted_not_ground_truth,0,0,0,0,0,0,0,0,0,0,0
16.35,30,20.999999999980815,38.000000000002132,0,39.999999999995737,35,0,0,14.139999999999965,690.83000000000004,GT,model_assisted_not_ground_truth,0,0,0,0,0,0,0,0,0,0,0
16.36,30,10.000000000015632,38.999999999998579,0,40.999999999998579,35.999999999998579,0,0,14.130000000000015,690.84000000000003,GT,model_assisted_not_ground_truth,0,0,0,0,0,0,0,0,0,0,0
16.37,30.999999999999645,3.0000000000024869,39,0,41,34.000000000000711,0,0,14.179999999999982,702.83999999999583,GT,model_assisted_not_ground_truth,0,0,0,0,0,0,0,0,0,0,0
16.38,31.000000000000355,0,39,0,40.999999999999645,35,0,0,14.18,701.84000000000071,GT,model_assisted_not_ground_truth,0,0,0,0,0,0,0,0,0,0,0
16.39,31.999999999998579,0,39,0,40.000000000001421,34.999999999998579,0,0,14.180000000000042,703.8400000000014,GT,model_assisted_not_ground_truth,0,0,0,0,0,0,0,0,0,0,0
16.40,31,0,39,0,40.999999999997868,34,0,0,14.209999999999958,704.82000000000005,GT,model_assisted_not_ground_truth,0,0,0,0,0,0,0,0,0,0,0
16.41,31,0,39,0,40,33.999999999996803,0,1.2789769243693436e-11,14.190000000000031,704.8400000000064,GT,model_assisted_not_ground_truth,0,0,0,0,0,0,0,0,0,0,0
16.42,31,0,38.999999999995737,0,40,33,0,4.0000000000085265,14.199999999999935,706.83999999998935,GT,model_assisted_not_ground_truth,0,0,0,0,0,0,0,0,0,0,0
16.43,31,0,38.000000000004974,0,40,33,0,5.9999999999801048,14.184999999999924,704.33999999998764,GT,model_assisted_not_ground_truth,0,0,0,0,0,0,0,0,0,0,0
16.44,31,0,38.999999999994671,0,40,33,0,2.0000000000213163,14.170000000000121,701.84000000000003,GT,model_assisted_not_ground_truth,0,0,0,0,0,0,0,0,0,0,0
16.45,29.000000000009237,0,38.000000000004619,0,40,33,0,9.2370555648813024e-12,14.189999999999932,701.8399999999865,GT,model_assisted_not_ground_truth,0,0,0,0,0,0,0,0,0,0,0
16.46,29,0,38,0,39.000000000003553,33,0,0,14.179999999999922,699.83999999998446,GT,model_assisted_not_ground_truth,0,0,0,0,0,0,0,0,0,0,0
16.47,26.000000000008527,0,38,0,39.999999999997158,33,0,3.9999999999886313,14.170000000000028,697.84000000000572,GT,model_assisted_not_ground_truth,0,0,0,0,0,0,0,0,0,0,0
16.48,26,0,38,0,39.000000000001776,33,0,3.0000000000017764,14.160000000000018,693.84000000000719,GT,model_assisted_not_ground_truth,0,0,0,0,0,0,0,0,0,0,0
16.49,25.000000000000711,0,38,0,39,33,0,3.9999999999992895,14.16,688.83000000000357,GT,model_assisted_not_ground_truth,0,0,0,0,0,0,0,0,0,0,0
16.50,25,0,38,0,39,33,0,6,14.130000000000001,685.83000000000004,GT,model_assisted_not_ground_truth,0,0,0,0,0,0,0,0,0,0,0
16.51,27.000000000001066,0,40,0,39,32.999999999998934,0,4.0000000000010658,14.11999999999999,683.32999999999743,GT,model_assisted_not_ground_truth,0,0,0,0,0,0,0,0,0,0,0
16.52,28.000000000005329,0,40,0,39.000000000001776,32,0,5.0000000000071054,14.109999999999999,680.82999999999117,GT,model_assisted_not_ground_truth,0,0,0,0,0,0,0,0,0,0,0
16.53,30.999999999997158,0,40.000000000005684,0,40,32,0,9.0000000000113687,14.109999999999715,675.80999999997448,GT,model_assisted_not_ground_truth,0,0,0,0,0,0,0,0,0,0,0
16.54,30.000000000003553,0,42,0,40,32.000000000003553,0,13,14.00999999999968,666.8399999999574,GT,model_assisted_not_ground_truth,0,0,0,0,0,0,0,0,0,0,0
16.55,30.999999999995381,0,42,0,40.000000000004619,33.000000000004619,0,13.000000000069278,13.919999999999353,654.84999999990305,GT,model_assisted_not_ground_truth,0,0,0,0,0,0,0,0,0,0,0
16.56,30.000000000005329,6.9277916735885184e-11,42,0,41,34,0,28.00000000005862,13.779999999998241,633.85999999973899,GT,model_assisted_not_ground_truth,0,0,0,0,0,0,0,0,0,0,0
16.57,30.999999999995026,12.999999999935341,42,0,41,34,0,38.999999999945288,13.449999999995651,584.86999999943089,GT,model_assisted_not_ground_truth,0,0,0,0,0,0,0,0,0,0,0
16.58,33.999999999988276,18.999999999976552,43.999999999992184,0,41.999999999996092,37.999999999984368,0,65.999999999894484,12.769999999998246,495.86999999988467,GT,model_assisted_not_ground_truth,0,0,0,0,0,0,0,0,0,0,0
16.59,34,21.999999999990408,44.999999999996803,0,42.999999999996803,38,0,111.99999999985292,12.534999999999416,480.40999999996154,GT,model_assisted_not_ground_truth,0,0,0,0,0,0,0,0,0,0,0
16.60,38.999999999989342,22.999999999997868,44.000000000002132,0,43,38.999999999997868,0,139.99999999994031,12.300000000000502,464.95000000003296,GT,model_assisted_not_ground_truth,0,0,0,0,0,0,0,0,0,0,0
16.61,42.999999999994316,25.999999999995737,45.999999999997158,0,44.999999999997158,39.999999999998579,0,183.99999999993747,12.010000000000412,472.07999999998987,GT,model_assisted_not_ground_truth,0,0,0,0,0,0,0,0,0,0,0
16.62,44.999999999999289,28.999999999998934,46,0,45.999999999999645,40,0,205.99999999999218,11.090000000000327,508.49999999998704,GT,model_assisted_not_ground_truth,0,0,0,0,0,0,0,0,0,0,0
16.63,45.00000000000604,27.000000000005684,46.000000000000355,0,50.000000000001421,44.000000000000355,7.0000000000067502,225.00000000000179,10.449999999999921,575.06000000002064,GT,model_assisted_not_ground_truth,0,0,0,0,0,0,0,0,0,0,0
16.64,62.000000000005684,43.000000000029843,47,0,54.000000000034106,45.000000000005684,26.000000000002842,230.00000000003411,10.2300000000001,633.26000000011652,GT,model_assisted_not_ground_truth,0,0,0,0,0,0,0,0,0,0,0
16.65,66.000000000008527,64.00000000002558,47,0,78.000000000057554,49.000000000036238,28.000000000002132,254.00000000002558,10.300000000001376,715.26000000027921,GT,model_assisted_not_ground_truth,0,0,0,0,0,0,0,0,0,0,0
16.66,70.00000000001279,76.000000000022382,47.000000000003197,0,105.00000000005755,66.000000000019185,29,266.00000000000642,10.945000000002063,846.25500000041882,GT,model_assisted_not_ground_truth,0,0,0,0,0,0,0,0,0,0,0
16.67,74.000000000089528,83.000000000038369,48,0,123.00000000003837,72.000000000046896,29,268.00000000003411,11.590000000001279,977.25000000043576,GT,model_assisted_not_ground_truth,0,0,0,0,0,0,0,0,0,0,0
16.68,95.000000000034817,92.000000000009948,48,0,132.00000000001492,83.000000000034817,28.999999999995026,276.00000000000995,11.890000000004079,1079.4600000008804,GT,model_assisted_not_ground_truth,0,0,0,0,0,0,0,0,0,0,0
16.69,101.9999999999627,93.999999999989342,48,0,134.99999999998403,89.999999999962697,28.000000000005329,277.99999999998931,12.710000000001692,1256.4600000002779,GT,model_assisted_not_ground_truth,0,0,0,0,0,0,0,0,0,0,0
16.70,116.99999999993072,92.000000000009237,48,0,133.00000000000924,99.999999999953815,28,281.99999999998153,12.990000000001485,1302.4500000002158,GT,model_assisted_not_ground_truth,0,0,0,0,0,0,0,0,0,0,0
16.71,119.99999999998934,94.999999999989342,48,0,132.00000000000355,97.000000000010658,28,284.99999999998931,13.210000000001017,1334.4100000000856,GT,model_assisted_not_ground_truth,0,0,0,0,0,0,0,0,0,0,0
16.72,120.99999999999716,91.000000000011369,49.999999999994316,0,134.99999999999147,101.99999999998579,28,277.00000000002274,13.33999999999963,1345.3599999999687,GT,model_assisted_not_ground_truth,0,0,0,0,0,0,0,0,0,0,0
16.73,123.99999999999467,90.000000000001776,49.000000000001776,0,145.99999999998045,101.00000000000178,28,285.99999999998403,13.449999999999804,1354.7599999999834,GT,model_assisted_not_ground_truth,0,0,0,0,0,0,0,0,0,0,0
16.74,127.99999999999716,91.999999999998579,50.999999999998579,0,158.99999999999076,106.99999999999574,28,291.99999999999574,13.559999999999922,1364.1599999999935,GT,model_assisted_not_ground_truth,0,0,0,0,0,0,0,0,0,0,0
16.75,119,96,50,0,175,109,29,298,13.75,1383.01,GT,model_assisted_not_ground_truth,0,0,0,0,0,0,0,0,0,0,0
16.76,112.99999999999574,98.999999999996803,49.999999999998934,0,179.99999999999892,109.99999999999787,29,302.99999999999358,13.910000000000128,1371.9200000000108,GT,model_assisted_not_ground_truth,0,0,0,0,0,0,0,0,0,0,0
16.77,108.99999999999289,95.999999999991118,48.999999999996447,0,178.99999999998579,108.00000000000711,29,296.99999999999289,14.030000000000141,1381.8499999999999,GT,model_assisted_not_ground_truth,0,0,0,0,0,0,0,0,0,0,0
16.78,104.99999999996589,90.999999999971578,46.999999999997158,0,170.99999999997442,111.99999999998295,28.999999999940314,292.99999999997158,14.109999999999843,1381.8099999999333,GT,model_assisted_not_ground_truth,0,0,0,0,0,0,0,0,0,0,0
16.79,92.999999999985789,80.999999999982236,46.000000000003553,0,162,105.99999999999289,8.0000000000035527,282.99999999998221,14.054999999999804,1358.3399999999165,GT,model_assisted_not_ground_truth,0,0,0,0,0,0,0,0,0,0,0
16.80,88.999999999976907,75.999999999995381,46.999999999995381,0,161.99999999999076,103.99999999999538,8.9999999999953815,277.9999999999954,13.999999999999815,1334.8699999999728,GT,model_assisted_not_ground_truth,0,0,0,0,0,0,0,0,0,0,0
16.81,83.999999999946709,74.999999999989342,46,0,159.99999999998934,103.00000000000533,8,277.00000000000534,13.960000000000214,1328.9999999999682,GT,model_assisted_not_ground_truth,0,0,0,0,0,0,0,0,0,0,0
16.82,74.000000000049738,73.000000000009948,46,0,158.00000000000995,103.99999999999503,8,277.999999999995,14.000000000000192,1323.009999999821,GT,model_assisted_not_ground_truth,0,0,0,0,0,0,0,0,0,0,0
16.83,73.000000000003908,55.000000000070344,46,0,156.00000000000782,103.00000000000391,9.999999999992184,276.00000000000784,14.030000000000149,1295.0399999999479,GT,model_assisted_not_ground_truth,0,0,0,0,0,0,0,0,0,0,0
16.84,71.000000000006395,48.000000000022382,46,0,149.0000000000224,93.000000000031974,8.0000000000063949,275.00000000000318,14.049999999998938,1288.0499999996657,GT,model_assisted_not_ground_truth,0,0,0,0,0,0,0,0,0,0,0
16.85,69.000000000004263,43.000000000010658,46,0,134.00000000003197,82.000000000023448,8.9999999999978684,269.00000000001279,13.920000000000277,1247.1400000000874,GT,model_assisted_not_ground_truth,0,0,0,0,0,0,0,0,0,0,0
16.86,61.000000000011369,38.000000000007105,46,0,112.00000000003126,75.000000000009948,9,257.00000000001705,13.934999999999977,1252.1549999999929,GT,model_assisted_not_ground_truth,0,0,0,0,0,0,0,0,0,0,0
16.87,49.000000000004263,36.000000000000711,46,0,97.000000000005329,70.000000000001776,8.0000000000003553,249.00000000000284,13.949999999999994,1257.1699999999983,GT,model_assisted_not_ground_truth,0,0,0,0,0,0,0,0,0,0,0
16.88,45.999999999999645,29.000000000000355,46,0,77.999999999992539,60.999999999999289,7.0000000000007105,241.99999999999858,13.980000000000011,1256.1699999999996,GT,model_assisted_not_ground_truth,0,0,0,0,0,0,0,0,0,0,0
16.89,45,29.999999999998579,45.999999999998579,0,57,58.999999999994316,8.9999999999985789,237.99999999999147,14.010000000000057,1255.1399999999944,GT,model_assisted_not_ground_truth,0,0,0,0,0,0,0,0,0,0,0
16.90,45,28.999999999995737,45,0,56.999999999991473,54.999999999993605,8.0000000000021316,231.99999999999361,14.050000000000086,1251.1100000000149,GT,model_assisted_not_ground_truth,0,0,0,0,0,0,0,0,0,0,0
16.91,44.999999999996803,26.999999999990408,45,0,52.999999999996803,51.999999999990408,9.0000000000031974,228.99999999998721,14.090000000000128,1258.1000000000286,GT,model_assisted_not_ground_truth,0,0,0,0,0,0,0,0,0,0,0
16.92,44,24.000000000004263,45,0,52.000000000004263,48.999999999991473,10,224.99999999999147,14.130000000000043,1267.0900000000063,GT,model_assisted_not_ground_truth,0,0,0,0,0,0,0,0,0,0,0
16.93,44,25.000000000009948,45,0,52.999999999990052,46.999999999995026,9.9999999999950262,222.99999999997016,14.14000000000005,1268.5850000000073,GT,model_assisted_not_ground_truth,0,0,0,0,0,0,0,0,0,0,0
16.94,44,26.999999999989342,45,0,51.000000000010658,46.000000000005329,9.0000000000053291,217.00000000003197,14.150000000000061,1270.0800000000061,GT,model_assisted_not_ground_truth,0,0,0,0,0,0,0,0,0,0,0
16.95,44,29.999999999986144,44.000000000004619,0,51,46.999999999995381,4.1566750041965861e-11,214.00000000001387,14.16000000000027,1271.0800000000945,GT,model_assisted_not_ground_truth,0,0,0,0,0,0,0,0,0,0,0
16.96,44,23.000000000024869,44,0,51,47,0,212.00000000000711,14.200000000000077,1285.0800000000156,GT,model_assisted_not_ground_truth,0,0,0,0,0,0,0,0,0,0,0
16.97,43.000000000002842,23,44,0,51,47,0,209.00000000000853,14.209999999999972,1287.0799999999942,GT,model_assisted_not_ground_truth,0,0,0,0,0,0,0,0,0,0,0
16.98,43,22.000000000001776,43.000000000001776,0,51,47.999999999998224,0,209,14.200000000000017,1295.0899999999856,GT,model_assisted_not_ground_truth,0,0,0,0,0,0,0,0,0,0,0
16.99,43.999999999999289,22,43,0,51,47.000000000000711,0,207.00000000000142,14.209999999999994,1298.5899999999974,GT,model_assisted_not_ground_truth,0,0,0,0,0,0,0,0,0,0,0
17.00,44,21,44,0,51,47,0,204,14.220000000000001,1302.0899999999999,GT,model_assisted_not_ground_truth,0,0,0,0,0,0,0,0,0,0,0
17.01,44,21.999999999998934,44.000000000001066,0,51,47,8,202,14.230000000000011,1327.0800000000181,GT,model_assisted_not_ground_truth,0,0,0,0,0,0,0,0,0,0,0
17.02,44,21.000000000003553,44.999999999998224,0,50.999999999998224,47,8,201.9999999999911,14.24,1344.090000000007,GT,model_assisted_not_ground_truth,0,0,0,0,0,0,0,0,0,0,0
17.03,43.999999999994316,22.999999999994316,44.000000000002842,0,50.000000000002842,47,8,196.99999999998295,14.239999999999972,1348.1000000000283,GT,model_assisted_not_ground_truth,0,0,0,0,0,0,0,0,0,0,0
17.04,42,20.999999999996447,44.999999999996447,0,50.999999999996447,47,8,191,14.229999999999858,1358.1099999999394,GT,model_assisted_not_ground_truth,0,0,0,0,0,0,0,0,0,0,0
17.05,42,19.999999999990763,44,0,50,47,8,190.99999999998153,14.189999999999769,1341.0999999999585,GT,model_assisted_not_ground_truth,0,0,0,0,0,0,0,0,0,0,0
17.06,42,17.999999999989342,44,0,50,47,7.9999999999946709,186.99999999999469,14.140000000000081,1332.1200000000265,GT,model_assisted_not_ground_truth,0,0,0,0,0,0,0,0,0,0,0
17.07,42,16.000000000009948,44,0,50,47,7.0000000000049738,186.00000000000497,14.155000000000097,1337.120000000032,GT,model_assisted_not_ground_truth,0,0,0,0,0,0,0,0,0,0,0
17.08,42,16,44,0,50,47,7,184.00000000000782,14.170000000000149,1342.1199999999999,GT,model_assisted_not_ground_truth,0,0,0,0,0,0,0,0,0,0,0
17.09,42,17.999999999993605,44,0,50,47,7.9999999999968026,188.99999999998403,14.190000000000081,1342.1199999999999,GT,model_assisted_not_ground_truth,0,0,0,0,0,0,0,0,0,0,0
17.10,42,17.000000000002132,44.999999999997868,0,50,46.000000000002132,7.0000000000021316,189.99999999999787,14.199999999999978,1342.1199999999999,GT,model_assisted_not_ground_truth,0,0,0,0,0,0,0,0,0,0,0
17.11,42,18.999999999997158,45,0,50.999999999998579,46,7.9999999999985789,190,14.209999999999987,1339.1000000000042,GT,model_assisted_not_ground_truth,0,0,0,0,0,0,0,0,0,0,0
17.12,42,19.999999999999645,45.999999999999645,0,51,46,7.0000000000003553,193.99999999999858,14.229999999999993,1338.1000000000004,GT,model_assisted_not_ground_truth,0,0,0,0,0,0,0,0,0,0,0
17.13,42,18.000000000002132,47,0,51,46.000000000000355,9,196.00000000000037,14.235000000000003,1339.5950000000005,GT,model_assisted_not_ground_truth,0,0,0,0,0,0,0,0,0,0,0
17.14,42,23.999999999991473,47,0,51.000000000001421,47,9.0000000000014211,197.00000000000284,14.24,1341.0899999999999,GT,model_assisted_not_ground_truth,0,0,0,0,0,0,0,0,0,0,0
17.15,42.000000000004974,18.000000000012434,47.000000000004974,0,52.000000000002487,47,10.000000000014921,199,14.240000000000149,1341.0899999999799,GT,model_assisted_not_ground_truth,0,0,0,0,0,0,0,0,0,0,0
17.16,44,22.999999999990408,49,0,53,47.000000000003197,16,199.00000000000639,14.300000000000065,1333.0299999999647,GT,model_assisted_not_ground_truth,0,0,0,0,0,0,0,0,0,0,0
17.17,44,20.000000000004263,49.000000000004263,0,52.999999999995737,48,16.000000000051159,201,14.320000000000213,1322.0399999999702,GT,model_assisted_not_ground_truth,0,0,0,0,0,0,0,0,0,0,0
17.18,44,21.000000000009948,50,0,52.000000000004974,48,28,200.99999999999005,14.370000000000198,1315.02999999995,GT,model_assisted_not_ground_truth,0,0,0,0,0,0,0,0,0,0,0
17.19,44,22.999999999989342,50,0,52.999999999994671,48,28,199.00000000001066,14.410000000000151,1304.9899999999363,GT,model_assisted_not_ground_truth,0,0,0,0,0,0,0,0,0,0,0
17.20,44,28.999999999972289,50,0,53,48.999999999995381,28,198.0000000000046,14.435000000000169,1294.4599999999289,GT,model_assisted_not_ground_truth,0,0,0,0,0,0,0,0,0,0,0
17.21,44,29.999999999996447,50.999999999996447,0,53,48.000000000003553,28,196.00000000000711,14.460000000001095,1283.929999999905,GT,model_assisted_not_ground_truth,0,0,0,0,0,0,0,0,0,0,0
17.22,44,29.000000000002842,50.000000000002842,0,53,49.999999999994316,28,194.00000000000568,14.599999999999602,1271.7700000000345,GT,model_assisted_not_ground_truth,0,0,0,0,0,0,0,0,0,0,0
17.23,44,29.999999999998224,50,0,53,49.000000000001776,28,190.00000000000711,14.649999999999912,1236.7300000000623,GT,model_assisted_not_ground_truth,0,0,0,0,0,0,0,0,0,0,0
17.24,44,29.000000000000711,50,0,53,49,28,190,14.659999999999993,1220.7100000000114,GT,model_assisted_not_ground_truth,0,0,0,0,0,0,0,0,0,0,0
17.25,44,28,50,0,53,49,28,190,14.66,1208.6900000000001,GT,model_assisted_not_ground_truth,0,0,0,0,0,0,0,0,0,0,0
17.26,44,28.999999999996803,50,0,53,49,27.000000000001066,180.99999999999466,14.64999999999999,1199.17499999999,GT,model_assisted_not_ground_truth,0,0,0,0,0,0,0,0,0,0,0
17.27,43.999999999996447,26,49.999999999998224,0,53,49,28,175.99999999998579,14.64000000000048,1189.6599999999673,GT,model_assisted_not_ground_truth,0,0,0,0,0,0,0,0,0,0,0
17.28,42,26.000000000008527,49.000000000005684,0,53,48.999999999994316,28,168.00000000000568,14.910000000000114,1171.27999999998,GT,model_assisted_not_ground_truth,0,0,0,0,0,0,0,0,0,0,0
17.29,42,28.999999999985789,51,0,53,47,28,169.99999999999289,14.95000000000007,1164.2299999999716,GT,model_assisted_not_ground_truth,0,0,0,0,0,0,0,0,0,0,0
17.30,42,25.000000000018474,50.999999999990763,0,53,47.000000000004619,28,167.99999999998153,14.970000000000047,1156.1999999999491,GT,model_assisted_not_ground_truth,0,0,0,0,0,0,0,0,0,0,0
17.31,42,28.999999999984013,49.000000000005329,0,53,48.000000000005329,28,164.00000000003729,14.980000000000107,1145.1799999999839,GT,model_assisted_not_ground_truth,0,0,0,0,0,0,0,0,0,0,0
17.32,42,26.000000000014921,49.999999999995026,0,53,48.999999999995026,28,170.99999999996518,14.999999999999936,1142.159999999981,GT,model_assisted_not_ground_truth,0,0,0,0,0,0,0,0,0,0,0
17.33,42,25.000000000003908,50,0,53,47.000000000007816,28,171,14.989999999999926,1139.1599999999778,GT,model_assisted_not_ground_truth,0,0,0,0,0,0,0,0,0,0,0
17.34,42,25.999999999996803,50,0,53,47,28,171,14.97999999999853,1136.1599999995428,GT,model_assisted_not_ground_truth,0,0,0,0,0,0,0,0,0,0,0
17.35,42,26,49.000000000002132,0,53,47.999999999997868,28,165.00000000001279,14.800000000000384,1080.2100000001192,GT,model_assisted_not_ground_truth,0,0,0,0,0,0,0,0,0,0,0
17.36,42,24.000000000002842,49.999999999998579,0,53,48,28,171.99999999999005,14.670000000000185,1082.3699999999967,GT,model_assisted_not_ground_truth,0,0,0,0,0,0,0,0,0,0,0
17.37,42,24.999999999999645,49.000000000000355,0,53,48,28,170.00000000000071,14.610000000000021,1081.4500000000003,GT,model_assisted_not_ground_truth,0,0,0,0,0,0,0,0,0,0,0
17.38,42,26.999999999998934,50,0,53,48,28,166.00000000000142,14.559999999999954,1079.4999999999907,GT,model_assisted_not_ground_truth,0,0,0,0,0,0,0,0,0,0,0
17.39,42,24.000000000004263,50,0,53,48.000000000001421,28,170,14.429999999999964,1053.5800000000056,GT,model_assisted_not_ground_truth,0,0,0,0,0,0,0,0,0,0,0
17.40,42,26.999999999997513,50,0,53,49,28,169.99999999999253,14.404999999999937,1057.6200000000101,GT,model_assisted_not_ground_truth,0,0,0,0,0,0,0,0,0,0,0
17.41,42,26.000000000003197,49.999999999996803,0,53,49.000000000003197,28,167.00000000001279,14.380000000000033,1061.6600000000033,GT,model_assisted_not_ground_truth,0,0,0,0,0,0,0,0,0,0,0
17.42,42,27.000000000004263,49.000000000004263,0,53,49.999999999991473,27.999999999995737,170.99999999999574,14.389999999999915,1062.6900000000214,GT,model_assisted_not_ground_truth,0,0,0,0,0,0,0,0,0,0,0
17.43,42,27.999999999985079,49.999999999995026,0,53,48.000000000004974,27.000000000004974,169.99999999999005,14.3699999999999,1067.7,GT,model_assisted_not_ground_truth,0,0,0,0,0,0,0,0,0,0,0
17.44,42,25.000000000015987,49.000000000005329,0,53,48.999999999994671,27.999999999994671,168.00000000001066,14.35000000000012,1067.7100000000362,GT,model_assisted_not_ground_truth,0,0,0,0,0,0,0,0,0,0,0
17.45,42,26.999999999990763,50.999999999990763,0,53,48.000000000004619,28,168.9999999999954,14.370000000000134,1073.7000000000608,GT,model_assisted_not_ground_truth,0,0,0,0,0,0,0,0,0,0,0
17.46,42,28.999999999992895,49.000000000007105,0,53,48.999999999996447,28,171.99999999998934,14.390000000000043,1082.7050000000193,GT,model_assisted_not_ground_truth,0,0,0,0,0,0,0,0,0,0,0
17.47,42,26.000000000008527,49,0,53,49.999999999997158,28,167.00000000001421,14.409999999999943,1091.7099999999743,GT,model_assisted_not_ground_truth,0,0,0,0,0,0,0,0,0,0,0
17.48,42,26.999999999998224,49.999999999998224,0,53,49.000000000001776,28,169.99999999999466,14.41,1094.7099999999948,GT,model_assisted_not_ground_truth,0,0,0,0,0,0,0,0,0,0,0
17.49,42,27.999999999999289,50,0,53,48.000000000000711,28,170,14.400000000000007,1092.7200000000014,GT,model_assisted_not_ground_truth,0,0,0,0,0,0,0,0,0,0,0
17.50,42,30,50,0,53,47,28,172,14.4,1092.72,GT,model_assisted_not_ground_truth,0,0,0,0,0,0,0,0,0,0,0
17.51,42,30,50,0,53,47,28,172.00000000000213,14.41,1098.7200000000021,GT,model_assisted_not_ground_truth,0,0,0,0,0,0,0,0,0,0,0
17.52,42,29.999999999998224,50,0,53,47.000000000001776,28,174.00000000000355,14.41,1100.7250000000035,GT,model_assisted_not_ground_truth,0,0,0,0,0,0,0,0,0,0,0
17.53,42,29.000000000002842,50,0,53,47.999999999997158,28,176,14.409999999999972,1102.73,GT,model_assisted_not_ground_truth,0,0,0,0,0,0,0,0,0,0,0
17.54,42,30.000000000003553,50,0,53,47,28,176.00000000000355,14.399999999999965,1102.7400000000036,GT,model_assisted_not_ground_truth,0,0,0,0,0,0,0,0,0,0,0
17.55,42,30.999999999986144,50,0,53,47,28,177.00000000000924,14.390000000000047,1103.7499999999861,GT,model_assisted_not_ground_truth,0,0,0,0,0,0,0,0,0,0,0
17.56,42,28.000000000015987,50.000000000010658,0,53,47.000000000005329,28,179,14.399999999999734,1100.729999999963,GT,model_assisted_not_ground_truth,0,0,0,0,0,0,0,0,0,0,0
17.57,42,30.999999999985079,51.999999999990052,0,53,47.999999999995026,28,179,14.350000000000255,1093.7600000000127,GT,model_assisted_not_ground_truth,0,0,0,0,0,0,0,0,0,0,0
17.58,42,31,51.000000000003908,0,53,47.000000000003908,28,177.00000000000782,14.389999999999963,1095.7400000000036,GT,model_assisted_not_ground_truth,0,0,0,0,0,0,0,0,0,0,0
17.59,42,28.000000000009592,50.000000000003197,0,53,47,28,177.99999999999682,14.384999999999987,1096.2400000000011,GT,model_assisted_not_ground_truth,0,0,0,0,0,0,0,0,0,0,0
17.60,42,29.999999999995737,50.999999999997868,0,53,47,28,178,14.380000000000011,1096.7399999999989,GT,model_assisted_not_ground_truth,0,0,0,0,0,0,0,0,0,0,0
17.61,42,30,51,0,53,47,28,179.99999999999716,14.370000000000013,1095.7500000000014,GT,model_assisted_not_ground_truth,0,0,0,0,0,0,0,0,0,0,0
17.62,42,24.000000000002132,50.000000000000355,0,53,47.999999999999645,28,179.00000000000034,14.300000000000026,1071.7400000000086,GT,model_assisted_not_ground_truth,0,0,0,0,0,0,0,0,0,0,0
17.63,42,28,50,0,53,48,28,181,14.289999999999996,1073.7499999999995,GT,model_assisted_not_ground_truth,0,0,0,0,0,0,0,0,0,0,0
17.64,42,27.999999999998579,50,0,53.000000000001421,48,28,181.00000000000426,14.279999999999999,1072.749999999997,GT,model_assisted_not_ground_truth,0,0,0,0,0,0,0,0,0,0,0
17.65,42,27.000000000012434,50,0,54,48.000000000002487,28,183.9999999999975,14.280000000000024,1070.750000000005,GT,model_assisted_not_ground_truth,0,0,0,0,0,0,0,0,0,0,0
17.66,42,31.999999999993605,50,0,54,49.000000000003197,28,183,14.290000000000031,1072.7500000000064,GT,model_assisted_not_ground_truth,0,0,0,0,0,0,0,0,0,0,0
17.67,42,30.000000000002132,50,0,54,50.000000000002132,28,182.99999999999787,14.300000000000043,1074.75,GT,model_assisted_not_ground_truth,0,0,0,0,0,0,0,0,0,0,0
17.68,42,30.499999999999645,50,0,54,50.499999999999645,28,182.50000000000034,14.309999999999851,1074.7399999999802,GT,model_assisted_not_ground_truth,0,0,0,0,0,0,0,0,0,0,0
17.69,42,30.999999999997335,50,0,54,50.999999999997335,28,182.00000000000267,14.280000000000301,1070.7500000000846,GT,model_assisted_not_ground_truth,0,0,0,0,0,0,0,0,0,0,0
17.70,42,30.000000000004619,50.999999999995381,0,54,51,28,182.9999999999954,14.33,1084.7500000000202,GT,model_assisted_not_ground_truth,0,0,0,0,0,0,0,0,0,0,0
17.71,42,30.999999999996447,51,0,54,49.000000000007105,28,182.00000000000355,14.330000000000117,1087.7600000000116,GT,model_assisted_not_ground_truth,0,0,0,0,0,0,0,0,0,0,0
17.72,42,30.000000000002842,50.000000000002842,0,54,49,28,182.99999999999716,14.345000000000041,1089.2450000000042,GT,model_assisted_not_ground_truth,0,0,0,0,0,0,0,0,0,0,0
17.73,42,29.000000000001776,50,0,54,49.999999999998224,28,183,14.359999999999973,1090.7299999999973,GT,model_assisted_not_ground_truth,0,0,0,0,0,0,0,0,0,0,0
17.74,42,26.000000000002132,50.999999999999289,0,54,50.999999999999289,28,182.00000000000071,14.389999999999979,1092.6999999999987,GT,model_assisted_not_ground_truth,0,0,0,0,0,0,0,0,0,0,0
17.75,42,27,50,0,54,50,28,183,14.369999999999999,1091.72,GT,model_assisted_not_ground_truth,0,0,0,0,0,0,0,0,0,0,0
17.76,42,27.000000000003197,50.999999999998934,0,54,50.000000000001066,28,182.99999999999892,14.35,1098.760000000002,GT,model_assisted_not_ground_truth,0,0,0,0,0,0,0,0,0,0,0
17.77,42,30,50,0,54,51,28,182,14.349999999999982,1100.7700000000036,GT,model_assisted_not_ground_truth,0,0,0,0,0,0,0,0,0,0,0
17.78,42,30,50.000000000005684,0,54,50.999999999997158,28,182,14.339999999999986,1102.7799999999856,GT,model_assisted_not_ground_truth,0,0,0,0,0,0,0,0,0,0,0
17.79,42,30.000000000007105,51.999999999992895,0,54,50.000000000003553,28,182.00000000000711,14.334999999999983,1097.7649999999821,GT,model_assisted_not_ground_truth,0,0,0,0,0,0,0,0,0,0,0
17.80,42,32,50.000000000004619,0,54,50.999999999995381,28,184,14.330000000000462,1092.7500000000412,GT,model_assisted_not_ground_truth,0,0,0,0,0,0,0,0,0,0,0
17.81,42,31.999999999989342,50.999999999994671,0,54,50.000000000005329,28,183.99999999999469,14.43,1101.6500000000108,GT,model_assisted_not_ground_truth,0,0,0,0,0,0,0,0,0,0,0
17.82,42,30.000000000009948,50.000000000004974,0,54,50.999999999995026,28,183.00000000000497,14.429999999999936,1103.6400000000065,GT,model_assisted_not_ground_truth,0,0,0,0,0,0,0,0,0,0,0
17.83,42,30,50,0,54,51,28,183,14.42,1104.6500000000076,GT,model_assisted_not_ground_truth,0,0,0,0,0,0,0,0,0,0,0
17.84,42,30,50,0,54,51,28,183,14.419999999999837,1105.6500000000083,GT,model_assisted_not_ground_truth,0,0,0,0,0,0,0,0,0,0,0
17.85,42,27.000000000006395,50.999999999997868,0,54.999999999997868,51.999999999997868,28,184.99999999999574,14.400000000000043,1106.659999999998,GT,model_assisted_not_ground_truth,0,0,0,0,0,0,0,0,0,0,0
17.86,42,30.999999999994316,50.000000000001421,0,55,52,28,185,14.489999999999872,1098.5200000000116,GT,model_assisted_not_ground_truth,0,0,0,0,0,0,0,0,0,0,0
17.87,42,31,50,0,55,52,28,188.99999999999858,14.579999999999968,1090.3800000000031,GT,model_assisted_not_ground_truth,0,0,0,0,0,0,0,0,0,0,0
17.88,42,30.999999999999645,50,0,55.000000000000355,52,28,188.00000000000037,14.690000000000003,1096.2500000000018,GT,model_assisted_not_ground_truth,0,0,0,0,0,0,0,0,0,0,0
17.89,42,29.999999999998579,50,0,56.000000000001421,52.000000000001421,28,189,14.699999999999985,1101.2299999999957,GT,model_assisted_not_ground_truth,0,0,0,0,0,0,0,0,0,0,0
17.90,42,29,50.000000000002487,0,57,52.999999999997513,28.000000000002487,188.9999999999975,14.689999999999925,1098.22999999998,GT,model_assisted_not_ground_truth,0,0,0,0,0,0,0,0,0,0,0
17.91,42,29.00000000001279,50.999999999996803,0,56.999999999996803,52.000000000003197,28.999999999996803,188,14.659999999999984,1090.2299999999968,GT,model_assisted_not_ground_truth,0,0,0,0,0,0,0,0,0,0,0
17.92,41.999999999995737,32.999999999991473,50,0,56.000000000004263,52.999999999995737,28,187.99999999999147,14.65499999999998,1089.2349999999958,GT,model_assisted_not_ground_truth,0,0,0,0,0,0,0,0,0,0,0
17.93,41,30.999999999990052,50,0,57,52,28,186.00000000000497,14.649999999999801,1088.239999999995,GT,model_assisted_not_ground_truth,0,0,0,0,0,0,0,0,0,0,0
17.94,41,29.000000000010658,50,0,57,52,28,186.99999999999466,14.609999999999456,1087.2499999997642,GT,model_assisted_not_ground_truth,0,0,0,0,0,0,0,0,0,0,0
17.95,41,29.999999999995381,51.999999999990763,0,57,50.000000000009237,28,188.99999999999076,14.519999999998582,1048.2199999998797,GT,model_assisted_not_ground_truth,0,0,0,0,0,0,0,0,0,0,0
17.96,41,33.999999999985789,50.000000000007105,0,57,49.000000000003553,28,189,14.309999999998984,1030.3900000000169,GT,model_assisted_not_ground_truth,0,0,0,0,0,0,0,0,0,0,0
17.97,41.999999999997158,31.000000000008527,50,0,57,49,28,188.00000000000284,14.180000000000369,1032.5299999999938,GT,model_assisted_not_ground_truth,0,0,0,0,0,0,0,0,0,0,0
17.98,42,31.999999999998224,50,0,57,48.000000000001776,28.999999999998224,188,14.100000000000142,1031.6300000000017,GT,model_assisted_not_ground_truth,0,0,0,0,0,0,0,0,0,0,0
17.99,41.000000000000711,32,51.999999999998579,0,57,47.000000000000711,29,188.99999999999929,14.085000000000012,1033.6449999999986,GT,model_assisted_not_ground_truth,0,0,0,0,0,0,0,0,0,0,0
18.00,41,29,50,0,57,48,28,188,14.07,1035.6600000000001,GT,model_assisted_not_ground_truth,0,0,0,0,0,0,0,0,0,0,0
18.01,41,28.000000000001066,50.999999999998934,0,57,47.000000000001066,28,188.99999999999787,13.999999999999861,1034.7199999999723,GT,model_assisted_not_ground_truth,0,0,0,0,0,0,0,0,0,0,0
18.02,41.000000000001776,29,50,0,56.999999999998224,48,28,187,13.869999999999804,1008.7599999999931,GT,model_assisted_not_ground_truth,0,0,0,0,0,0,0,0,0,0,0
18.03,41.999999999997158,29.000000000005684,50,0,56,48,28,186.99999999999432,13.759999999999801,1004.8600000000116,GT,model_assisted_not_ground_truth,0,0,0,0,0,0,0,0,0,0,0
18.04,41,31,50,0,56,48,28,184.99999999998934,13.690000000000071,1008.9400000000498,GT,model_assisted_not_ground_truth,0,0,0,0,0,0,0,0,0,0,0
18.05,41,30.999999999995381,50,0,55.999999999995381,48,28.000000000004619,182.00000000000463,13.709999999999908,1022.9600000000047,GT,model_assisted_not_ground_truth,0,0,0,0,0,0,0,0,0,0,0
18.06,41,30.000000000005329,50,0,55,48,29,183,13.689999999999895,1023.9750000000055,GT,model_assisted_not_ground_truth,0,0,0,0,0,0,0,0,0,0,0
18.07,41,30.999999999995026,50,0,55,48,29,183,13.669999999999872,1024.990000000013,GT,model_assisted_not_ground_truth,0,0,0,0,0,0,0,0,0,0,0
18.08,41,27.000000000015632,50.999999999996092,0,55,48.999999999996092,28.000000000003908,185.99999999998829,13.649999999999851,1027.00000000003,GT,model_assisted_not_ground_truth,0,0,0,0,0,0,0,0,0,0,0
18.09,41,26.000000000003197,50.000000000003197,0,55,49,28,184.00000000000639,13.630000000000654,1031.0100000002205,GT,model_assisted_not_ground_truth,0,0,0,0,0,0,0,0,0,0,0
18.10,41,26.999999999997868,50,0,54.000000000002132,48.000000000002132,28,182.00000000000426,13.70999999999983,1058.0099999999425,GT,model_assisted_not_ground_truth,0,0,0,0,0,0,0,0,0,0,0
18.11,41,26.000000000001421,50.999999999998579,0,54.999999999998579,48,28.999999999998579,182.99999999999858,13.690000000000028,1058.03,GT,model_assisted_not_ground_truth,0,0,0,0,0,0,0,0,0,0,0
18.12,41,26,51,0,55,48,28.000000000000355,180.00000000000108,13.680000000000003,1061.0399999999988,GT,model_assisted_not_ground_truth,0,0,0,0,0,0,0,0,0,0,0
18.13,41,26,51,0,54.999999999999289,48,28,180.99999999999892,13.674999999999997,1061.5450000000001,GT,model_assisted_not_ground_truth,0,0,0,0,0,0,0,0,0,0,0
18.14,41,26.000000000002842,50.999999999998579,0,53.000000000001421,48,28,177.99999999999432,13.669999999999972,1062.04999999999,GT,model_assisted_not_ground_truth,0,0,0,0,0,0,0,0,0,0,0
18.15,40.999999999997513,27.999999999995026,50.000000000004974,0,54,48,28,174.00000000000747,13.65,1055.0300000000175,GT,model_assisted_not_ground_truth,0,0,0,0,0,0,0,0,0,0,0
18.16,40.000000000003197,26.000000000003197,51.999999999993605,0,53.999999999996803,48,28.000000000003197,176.99999999999679,13.65,1062.0599999999968,GT,model_assisted_not_ground_truth,0,0,0,0,0,0,0,0,0,0,0
18.17,41,26.999999999991473,50,0,53,48,29,175.99999999998721,13.649999999999958,1061.050000000017,GT,model_assisted_not_ground_truth,0,0,0,0,0,0,0,0,0,0,0
18.18,41,25.000000000009948,50.000000000004974,0,53,47.999999999995026,29,172.99999999998508,13.64000000000005,1065.0700000000249,GT,model_assisted_not_ground_truth,0,0,0,0,0,0,0,0,0,0,0
18.19,41,26.999999999989342,50.999999999994671,0,53,47.000000000005329,29,170.00000000001597,13.64999999999997,1070.0800000000029,GT,model_assisted_not_ground_truth,0,0,0,0,0,0,0,0,0,0,0
18.20,41,27.999999999995381,51,0,53,47.999999999995381,29,170,13.644999999999968,1070.5850000000032,GT,model_assisted_not_ground_truth,0,0,0,0,0,0,0,0,0,0,0
18.21,41,28.999999999996447,51.999999999996447,0,53,47.000000000003553,29,170,13.639999999999844,1071.0900000000079,GT,model_assisted_not_ground_truth,0,0,0,0,0,0,0,0,0,0,0
18.22,40.000000000002842,29,52,0,53,47,29,170,13.620000000000056,1072.1099999999969,GT,model_assisted_not_ground_truth,0,0,0,0,0,0,0,0,0,0,0
18.23,40.999999999998224,26.000000000005329,51.000000000001776,0,52.000000000001776,47.999999999998224,29,170.99999999999824,13.639999999999965,1076.1099999999929,GT,model_assisted_not_ground_truth,0,0,0,0,0,0,0,0,0,0,0
18.24,41,26.999999999999289,50.000000000000711,0,52,48,28.000000000000711,172.99999999999858,13.620000000000013,1074.1200000000013,GT,model_assisted_not_ground_truth,0,0,0,0,0,0,0,0,0,0,0
18.25,41,26,50,0,52,48,28,171,13.619999999999999,1077.1199999999999,GT,model_assisted_not_ground_truth,0,0,0,0,0,0,0,0,0,0,0
18.26,41,25.000000000001066,50.999999999998934,0,52,48,28,165,13.599999999999989,1075.1299999999942,GT,model_assisted_not_ground_truth,0,0,0,0,0,0,0,0,0,0,0
18.27,41,26.000000000001776,50.000000000001776,0,52,47.999999999998224,28,165.00000000000711,13.589999999999982,1069.6199999999901,GT,model_assisted_not_ground_truth,0,0,0,0,0,0,0,0,0,0,0
18.28,41,27,51.000000000002842,0,52,47,28,169.00000000001421,13.58,1064.1100000000085,GT,model_assisted_not_ground_truth,0,0,0,0,0,0,0,0,0,0,0
18.29,41,27,51.999999999992895,0,52,47,28,174,13.580000000000036,1067.1200000000069,GT,model_assisted_not_ground_truth,0,0,0,0,0,0,0,0,0,0,0
18.30,41,27,50.000000000004619,0,51.999999999995381,47.000000000004619,28,173.99999999999537,13.589999999999954,1069.1000000000138,GT,model_assisted_not_ground_truth,0,0,0,0,0,0,0,0,0,0,0
18.31,41,27,50.999999999994671,0,51,48,28.000000000005329,172.99999999999469,13.579999999999947,1072.1199999999999,GT,model_assisted_not_ground_truth,0,0,0,0,0,0,0,0,0,0,0
18.32,41,27,50.000000000004974,0,51,48,28.999999999995026,172.00000000000497,13.57,1072.1300000000128,GT,model_assisted_not_ground_truth,0,0,0,0,0,0,0,0,0,0,0
18.33,41,27,50,0,51,48,28.000000000003908,169.00000000001171,13.57,1074.1300000000076,GT,model_assisted_not_ground_truth,0,0,0,0,0,0,0,0,0,0,0
18.34,41,26.000000000003197,50.999999999996803,0,51,48,28.999999999996803,169.99999999999682,13.57,1075.1350000000025,GT,model_assisted_not_ground_truth,0,0,0,0,0,0,0,0,0,0,0
18.35,41,26.999999999997868,50.000000000002132,0,51,48,29,170,13.57,1076.1399999999981,GT,model_assisted_not_ground_truth,0,0,0,0,0,0,0,0,0,0,0
18.36,41,27,50,0,51,48,29,170.99999999999858,13.560000000000015,1071.1200000000069,GT,model_assisted_not_ground_truth,0,0,0,0,0,0,0,0,0,0,0
18.37,41,26.000000000000355,50.999999999999645,0,51,48,28.000000000000355,171,13.579999999999993,1081.1399999999965,GT,model_assisted_not_ground_truth,0,0,0,0,0,0,0,0,0,0,0
18.38,41,27,50.000000000000355,0,51,47.999999999999822,28,170.99999999999892,13.470000000000001,1052.1500000000001,GT,model_assisted_not_ground_truth,0,0,0,0,0,0,0,0,0,0,0
18.39,41,27,51.000000000001421,0,51,47.499999999999289,28,167.99999999999574,13.470000000000015,1052.1500000000021,GT,model_assisted_not_ground_truth,0,0,0,0,0,0,0,0,0,0,0
18.40,41,27,51.999999999997513,0,51,47.000000000002487,28,165,13.480000000000025,1053.6450000000038,GT,model_assisted_not_ground_truth,0,0,0,0,0,0,0,0,0,0,0
18.41,41,27.000000000003197,50.999999999996803,0,50.999999999996803,48,28,164.99999999999361,13.49,1055.1400000000096,GT,model_assisted_not_ground_truth,0,0,0,0,0,0,0,0,0,0,0
18.42,41,27.999999999995737,50.000000000004263,0,50.000000000004263,48,28,163.00000000000426,13.49,1058.1500000000087,GT,model_assisted_not_ground_truth,0,0,0,0,0,0,0,0,0,0,0
18.43,41,27,51,0,51,48,28,163.99999999999503,13.4900000000001,1060.1500000000201,GT,model_assisted_not_ground_truth,0,0,0,0,0,0,0,0,0,0,0
18.44,41,27,51,0,51,48,28,163.00000000000534,13.51000000000006,1064.1500000000181,GT,model_assisted_not_ground_truth,0,0,0,0,0,0,0,0,0,0,0
18.45,41,27,51.999999999995381,0,50.000000000004619,47.000000000004619,28,161.00000000000924,13.52,1067.1399999999594,GT,model_assisted_not_ground_truth,0,0,0,0,0,0,0,0,0,0,0
18.46,41,27.999999999996447,51.000000000003553,0,50,47.999999999996447,28,161.99999999999645,13.520000000000039,1061.1200000000431,GT,model_assisted_not_ground_truth,0,0,0,0,0,0,0,0,0,0,0
18.47,41,28,50.000000000002842,0,50,48,28,162.99999999999716,13.525000000000013,1066.6350000000157,GT,model_assisted_not_ground_truth,0,0,0,0,0,0,0,0,0,0,0
18.48,40.000000000001776,28,50.999999999998224,0,50,48,28,163,13.52999999999999,1072.1499999999903,GT,model_assisted_not_ground_truth,0,0,0,0,0,0,0,0,0,0,0
18.49,40.999999999999289,28,51.999999999999289,0,50,47.000000000000711,28,166.99999999999716,13.579999999999965,1082.149999999993,GT,model_assisted_not_ground_truth,0,0,0,0,0,0,0,0,0,0,0
18.50,41,28,52,0,50,47,28,165,13.6,1088.1500000000001,GT,model_assisted_not_ground_truth,0,0,0,0,0,0,0,0,0,0,0
18.51,41,28,51,0,50,47,28,164.00000000000108,13.609999999999999,1090.1400000000021,GT,model_assisted_not_ground_truth,0,0,0,0,0,0,0,0,0,0,0
18.52,41,28,51,0,50,47,28,165.00000000000179,13.609999999999999,1092.1499999999992,GT,model_assisted_not_ground_truth,0,0,0,0,0,0,0,0,0,0,0
18.53,41,28,51,0,50,47,28,166.00000000000568,13.609999999999999,1091.6499999999987,GT,model_assisted_not_ground_truth,0,0,0,0,0,0,0,0,0,0,0
18.54,41,28,50.999999999996447,0,50,47.000000000003553,28,168,13.610000000000213,1091.1500000000106,GT,model_assisted_not_ground_truth,0,0,0,0,0,0,0,0,0,0,0
18.55,41,27.999999999995381,50.000000000004619,0,50,47.999999999995381,28,168,13.669999999999861,1094.0799999999956,GT,model_assisted_not_ground_truth,0,0,0,0,0,0,0,0,0,0,0
18.56,41,27,51,0,50,47,28,168.00000000001066,13.640000000000054,1093.1300000000429,GT,model_assisted_not_ground_truth,0,0,0,0,0,0,0,0,0,0,0
18.57,41,27,51,0,50,47,28,169.99999999999005,13.65,1101.1500000000001,GT,model_assisted_not_ground_truth,0,0,0,0,0,0,0,0,0,0,0
18.58,41,27,51,0,50,47.999999999996092,28,170.99999999999608,13.650000000000075,1101.1600000000299,GT,model_assisted_not_ground_truth,0,0,0,0,0,0,0,0,0,0,0
18.59,41,27.999999999996803,51,0,50,47.000000000003197,28,169.00000000000639,13.66,1105.1599999999919,GT,model_assisted_not_ground_truth,0,0,0,0,0,0,0,0,0,0,0
18.60,41,28,51,0,50,47.499999999998934,28,167.50000000000318,13.66,1104.1600000000021,GT,model_assisted_not_ground_truth,0,0,0,0,0,0,0,0,0,0,0
18.61,41,28,51,0,50,47.999999999999289,28,166.00000000000213,13.679999999999971,1100.6200000000051,GT,model_assisted_not_ground_truth,0,0,0,0,0,0,0,0,0,0,0
18.62,41,27.000000000000355,51,0,50,48,28,164.00000000000071,13.699999999999992,1097.0800000000013,GT,model_assisted_not_ground_truth,0,0,0,0,0,0,0,0,0,0,0
18.63,41,26.000000000000711,50,0,50,48,28,163.99999999999929,13.760000000000007,1102.0200000000004,GT,model_assisted_not_ground_truth,0,0,0,0,0,0,0,0,0,0,0
18.64,41,27.999999999998579,50,0,50,48,28,162.00000000000426,13.780000000000042,1103.0000000000043,GT,model_assisted_not_ground_truth,0,0,0,0,0,0,0,0,0,0,0
18.65,41,27,50,0,50,48,28,164.9999999999975,13.809999999999976,1105.989999999995,GT,model_assisted_not_ground_truth,0,0,0,0,0,0,0,0,0,0,0
18.66,41,27,50,0,50,48,28,163.99999999999679,13.800000000000033,1103.990000000008,GT,model_assisted_not_ground_truth,0,0,0,0,0,0,0,0,0,0,0
18.67,41,27,50.000000000004263,0,49.999999999995737,48,28,162.99999999999574,13.810000000000043,1106.4900000000107,GT,model_assisted_not_ground_truth,0,0,0,0,0,0,0,0,0,0,0
18.68,41,27.000000000004974,50.999999999995026,0,49,48,28,162,13.82,1108.989999999995,GT,model_assisted_not_ground_truth,0,0,0,0,0,0,0,0,0,0,0
18.69,41,27.999999999994671,50.000000000005329,0,49,48,28,162,13.820000000000061,1107.9899999999939,GT,model_assisted_not_ground_truth,0,0,0,0,0,0,0,0,0,0,0
18.70,41,26.000000000009237,50.999999999995381,0,49,48,28,160.00000000000924,13.830000000000945,1106.9799999999107,GT,model_assisted_not_ground_truth,0,0,0,0,0,0,0,0,0,0,0
18.71,41,26.999999999996447,51,0,49,48,28,163.99999999998579,13.970000000001486,1093.7500000000373,GT,model_assisted_not_ground_truth,0,0,0,0,0,0,0,0,0,0,0
18.72,41,27.999999999997158,50.000000000002842,0,49,48,28,164,14.15999999999946,1098.5299999999863,GT,model_assisted_not_ground_truth,0,0,0,0,0,0,0,0,0,0,0
18.73,41,27.000000000001776,50,0,49,48,28,164,14.194999999999938,1102.0049999999937,GT,model_assisted_not_ground_truth,0,0,0,0,0,0,0,0,0,0,0
18.74,41,26.000000000000711,50.999999999999289,0,49,48,28,164.99999999999929,14.229999999999976,1105.4799999999975,GT,model_assisted_not_ground_truth,0,0,0,0,0,0,0,0,0,0,0
18.75,41,27,50,0,49,48,28,164,14.26,1103.46,GT,model_assisted_not_ground_truth,0,0,0,0,0,0,0,0,0,0,0
18.76,41,27,50.000000000001066,0,49,48,28.000000000001066,168.00000000000108,14.270000000000021,1103.4500000000032,GT,model_assisted_not_ground_truth,0,0,0,0,0,0,0,0,0,0,0
18.77,41,27,50.999999999998224,0,49,48,29,169.00000000000179,14.290000000000035,1106.4500000000071,GT,model_assisted_not_ground_truth,0,0,0,0,0,0,0,0,0,0,0
18.78,41,26.999999999994316,50,0,49,48,28.999999999997158,169.99999999999147,14.309999999999858,1110.4399999999175,GT,model_assisted_not_ground_truth,0,0,0,0,0,0,0,0,0,0,0
18.79,41,25.000000000007105,50.000000000007105,0,49,47.999999999996447,28.000000000003553,167.00000000000355,14.259999999999751,1081.4099999999255,GT,model_assisted_not_ground_truth,0,0,0,0,0,0,0,0,0,0,0
18.80,41,27,51.999999999995381,0,49,47.000000000004619,29,167.99999999999537,14.189999999999653,1060.4399999999935,GT,model_assisted_not_ground_truth,0,0,0,0,0,0,0,0,0,0,0
18.81,41,27,51,0,49,48.000000000005329,29,167.00000000001066,14.114999999999601,1059.0299999999925,GT,model_assisted_not_ground_truth,0,0,0,0,0,0,0,0,0,0,0
18.82,41,27,51,0,49,48.999999999995026,29,168.99999999999005,14.039999999999615,1057.620000000039,GT,model_assisted_not_ground_truth,0,0,0,0,0,0,0,0,0,0,0
18.83,41,27,50.000000000003908,0,49,49,29,168.00000000000392,13.979999999999926,1063.7200000000003,GT,model_assisted_not_ground_truth,0,0,0,0,0,0,0,0,0,0,0
18.84,41,27,50,0,49,48.000000000003197,28.000000000003197,167.00000000000318,13.969999999999919,1063.760000000033,GT,model_assisted_not_ground_truth,0,0,0,0,0,0,0,0,0,0,0
18.85,40.000000000002132,27,50,0,49,48.999999999997868,28.999999999997868,170.99999999999147,13.960000000000022,1067.7999999999913,GT,model_assisted_not_ground_truth,0,0,0,0,0,0,0,0,0,0,0
18.86,40.999999999998579,27,50.999999999998579,0,49,49,29,170.00000000000142,13.950000000000014,1070.8299999999956,GT,model_assisted_not_ground_truth,0,0,0,0,0,0,0,0,0,0,0
18.87,41,27.999999999999645,51.999999999999645,0,49,48.000000000000355,29,168.00000000000071,13.81000000000005,1046.9300000000085,GT,model_assisted_not_ground_truth,0,0,0,0,0,0,0,0,0,0,0
18.88,41,28,51.999999999999645,0,49,47.000000000000711,29,169,13.815000000000001,1050.4350000000013,GT,model_assisted_not_ground_truth,0,0,0,0,0,0,0,0,0,0,0
18.89,41,27.999999999997158,51.000000000001421,0,49,48.999999999998579,29,168.99999999999289,13.820000000000014,1053.9400000000071,GT,model_assisted_not_ground_truth,0,0,0,0,0,0,0,0,0,0,0
18.90,41,26.000000000002487,51.999999999997513,0,49,48,29,164.00000000000497,13.830000000000025,1058.960000000025,GT,model_assisted_not_ground_truth,0,0,0,0,0,0,0,0,0,0,0
18.91,41,26.999999999996803,51,0,49,48,29,166,13.840000000000096,1068.9900000000225,GT,model_assisted_not_ground_truth,0,0,0,0,0,0,0,0,0,0,0
18.92,41,26.000000000008527,51.000000000004263,0,49,48,29,165.99999999998721,13.869999999999829,1076.0000000000043,GT,model_assisted_not_ground_truth,0,0,0,0,0,0,0,0,0,0,0
18.93,41,27.999999999990052,52,0,49,48,29,163.00000000001492,13.830000000000348,1077.0300000000743,GT,model_assisted_not_ground_truth,0,0,0,0,0,0,0,0,0,0,0
18.94,41,26.000000000010658,52,0,49,48,29,165.99999999998403,13.900000000000121,1092.0000000000484,GT,model_assisted_not_ground_truth,0,0,0,0,0,0,0,0,0,0,0
18.95,41,26.999999999995381,51.000000000004619,0,49,48,29,166.9999999999954,13.920000000000135,1100.0000000000541,GT,model_assisted_not_ground_truth,0,0,0,0,0,0,0,0,0,0,0
18.96,41,27,51.999999999996447,0,49,48,29,167,13.940000000000156,1108.0000000000782,GT,model_assisted_not_ground_truth,0,0,0,0,0,0,0,0,0,0,0
18.97,41,27,52,0,49,48,29,168.99999999999432,13.959999999999944,1118.0099999999716,GT,model_assisted_not_ground_truth,0,0,0,0,0,0,0,0,0,0,0
18.98,41,27,51.000000000001776,0,49,48,29,169,13.979999999999965,1119.9899999999966,GT,model_assisted_not_ground_truth,0,0,0,0,0,0,0,0,0,0,0
18.99,41,26.000000000000711,51.999999999999289,0,49,48,29,169,13.989999999999993,1126.0099999999957,GT,model_assisted_not_ground_truth,0,0,0,0,0,0,0,0,0,0,0
19.00,41,31,52,0,49,48,29,169,13.98,1124.01,GT,model_assisted_not_ground_truth,0,0,0,0,0,0,0,0,0,0,0
19.01,41,30.999999999998934,51,0,49,48.000000000001066,29,168.99999999999892,13.969999999999995,1125.0199999999979,GT,model_assisted_not_ground_truth,0,0,0,0,0,0,0,0,0,0,0
19.02,41,30,51.000000000001776,0,49,48.999999999998224,28.999999999998224,168,13.964999999999993,1123.0149999999965,GT,model_assisted_not_ground_truth,0,0,0,0,0,0,0,0,0,0,0
19.03,41,30,51.999999999994316,0,49,48.000000000002842,28.000000000002842,167.99999999999716,13.960000000000115,1121.0100000000314,GT,model_assisted_not_ground_truth,0,0,0,0,0,0,0,0,0,0,0
19.04,41,29.999999999989342,50.000000000007105,0,49,48.999999999996447,29,166.99999999999645,14.000000000000036,1132.0200000000177,GT,model_assisted_not_ground_truth,0,0,0,0,0,0,0,0,0,0,0
19.05,41,27.000000000006928,52,0,49,48,29,166,14.009999999999954,1137.0300000000047,GT,model_assisted_not_ground_truth,0,0,0,0,0,0,0,0,0,0,0
19.06,41,28.499999999999467,52,0,49,48,29,166,14.000000000000107,1138.0400000000052,GT,model_assisted_not_ground_truth,0,0,0,0,0,0,0,0,0,0,0
19.07,41,29.999999999992539,52,0,49,48,29,166,14.02,1139.0299999999936,GT,model_assisted_not_ground_truth,0,0,0,0,0,0,0,0,0,0,0
19.08,41,30.999999999996092,51.000000000003908,0,49,48,29,165.00000000000392,14.02,1138.0299999999925,GT,model_assisted_not_ground_truth,0,0,0,0,0,0,0,0,0,0,0
19.09,41,28.000000000009592,51.999999999996803,0,49,48.999999999996803,28.000000000003197,165,14.02,1137.0300000000163,GT,model_assisted_not_ground_truth,0,0,0,0,0,0,0,0,0,0,0
19.10,41,28.999999999997868,51.000000000002132,0,49,48.000000000002132,28.999999999997868,165,14.02,1139.0299999999957,GT,model_assisted_not_ground_truth,0,0,0,0,0,0,0,0,0,0,0
19.11,41,30.999999999997158,51.999999999998579,0,49,48,29,165,14.010000000000014,1150.9999999999829,GT,model_assisted_not_ground_truth,0,0,0,0,0,0,0,0,0,0,0
19.12,41,30.000000000000355,51.000000000000355,0,49,48.999999999999645,29,165.99999999999966,14.01,1150.0100000000004,GT,model_assisted_not_ground_truth,0,0,0,0,0,0,0,0,0,0,0
19.13,41,30.999999999999289,51.999999999999289,0,50,48.000000000000355,29,166,14.029999999999996,1134.0100000000077,GT,model_assisted_not_ground_truth,0,0,0,0,0,0,0,0,0,0,0
19.14,41,29.000000000002842,50.000000000002842,0,50,48.999999999998579,29,165.99999999999858,14.020000000000014,1156.0199999999866,GT,model_assisted_not_ground_truth,0,0,0,0,0,0,0,0,0,0,0
19.15,41,31,52,0,50,48,29,165.0000000000025,14.030000000000024,1146.5149999999765,GT,model_assisted_not_ground_truth,0,0,0,0,0,0,0,0,0,0,0
19.16,41,31,51.999999999996803,0,50,48,29,166.00000000000321,14.039999999999999,1137.0100000000032,GT,model_assisted_not_ground_truth,0,0,0,0,0,0,0,0,0,0,0
19.17,41,31,51.000000000004263,0,50,48,29,167,14.039999999999786,1138.0100000000341,GT,model_assisted_not_ground_truth,0,0,0,0,0,0,0,0,0,0,0
19.18,41,30.999999999995026,52,0,50,48,29,167,13.989999999999752,1146.0099999999004,GT,model_assisted_not_ground_truth,0,0,0,0,0,0,0,0,0,0,0
19.19,41,30.000000000005329,52,0,50,48,29,167,13.94000000000006,1126.0000000000546,GT,model_assisted_not_ground_truth,0,0,0,0,0,0,0,0,0,0,0
19.20,41,30.999999999995381,51.000000000004619,0,50,48.999999999995381,29,167.9999999999954,13.949999999999999,1135.0200000000068,GT,model_assisted_not_ground_truth,0,0,0,0,0,0,0,0,0,0,0
19.21,40.000000000003553,30.000000000003553,51,0,50,48.000000000003553,28.000000000003553,167.00000000000355,13.949999999999999,1136.020000000002,GT,model_assisted_not_ground_truth,0,0,0,0,0,0,0,0,0,0,0
19.22,40.999999999997158,30.999999999997158,51,0,50,48.999999999997158,28,167.99999999999716,13.949999999999999,1137.0199999999973,GT,model_assisted_not_ground_truth,0,0,0,0,0,0,0,0,0,0,0
19.23,41,31,51,0,49.000000000001776,48.000000000001776,28,166.00000000000355,13.969999999999965,1141.0199999999929,GT,model_assisted_not_ground_truth,0,0,0,0,0,0,0,0,0,0,0
19.24,41,28.000000000002132,51,0,49.999999999999289,47.000000000000711,28,167.99999999999858,13.960000000000008,1140.0200000000007,GT,model_assisted_not_ground_truth,0,0,0,0,0,0,0,0,0,0,0
19.25,41,30,50,0,50,49,28,165,13.949999999999999,1135.02,GT,model_assisted_not_ground_truth,0,0,0,0,0,0,0,0,0,0,0
19.26,41,30.999999999998934,51.999999999998934,0,50,48.000000000001066,28,166.99999999999892,14.000000000000011,1152.0200000000032,GT,model_assisted_not_ground_truth,0,0,0,0,0,0,0,0,0,0,0
19.27,41,30.000000000001776,50.999999999998224,0,50,49,28,165.99999999999821,14.010000000000009,1155.0200000000009,GT,model_assisted_not_ground_truth,0,0,0,0,0,0,0,0,0,0,0
19.28,41,30.999999999997158,50.000000000002842,0,50,48.999999999997158,28,165,14.015000000000015,1155.5200000000013,GT,model_assisted_not_ground_truth,0,0,0,0,0,0,0,0,0,0,0
19.29,41,30.000000000003553,51,0,50,48,28,164.99999999999289,14.019999999999964,1156.020000000007,GT,model_assisted_not_ground_truth,0,0,0,0,0,0,0,0,0,0,0
19.30,41,31,51,0,50,48,28,162.99999999999537,14.010000000000046,1158.0300000000045,GT,model_assisted_not_ground_truth,0,0,0,0,0,0,0,0,0,0,0
19.31,41,30.999999999994671,51.000000000005329,0,50,48,28,162.00000000001597,14.020000000000159,1159.0199999999998,GT,model_assisted_not_ground_truth,0,0,0,0,0,0,0,0,0,0,0
19.32,41,30.000000000004974,51.999999999995026,0,50,48,28,164.99999999998508,14.050000000000001,1158.9900000000321,GT,model_assisted_not_ground_truth,0,0,0,0,0,0,0,0,0,0,0
19.33,41,30,51.000000000003908,0,50,48,28,165,14.049999999999926,1164.0100000000225,GT,model_assisted_not_ground_truth,0,0,0,0,0,0,0,0,0,0,0
19.34,41,28.000000000006395,51.999999999996803,0,50,48,28,165.99999999999682,14.040000000000122,1167.0400000000202,GT,model_assisted_not_ground_truth,0,0,0,0,0,0,0,0,0,0,0
19.35,41,28,51.000000000002132,0,50,48,28,166.99999999999787,14.055000000000053,1169.5300000000088,GT,model_assisted_not_ground_truth,0,0,0,0,0,0,0,0,0,0,0
19.36,41,28,51,0,50,48,28,164.00000000000426,14.069999999999979,1172.0199999999963,GT,model_assisted_not_ground_truth,0,0,0,0,0,0,0,0,0,0,0
19.37,41,28,51.999999999999645,0,50,48,28,164.99999999999966,14.07,1171.0200000000004,GT,model_assisted_not_ground_truth,0,0,0,0,0,0,0,0,0,0,0
19.38,41,27,51,0,50,48.999999999999645,28,164.00000000000071,14.059999999999997,1171.0299999999995,GT,model_assisted_not_ground_truth,0,0,0,0,0,0,0,0,0,0,0
19.39,41,27.000000000002842,51,0,50,48,28,165.99999999999858,14.050000000000185,1170.0300000000011,GT,model_assisted_not_ground_truth,0,0,0,0,0,0,0,0,0,0,0
19.40,41,29,51.000000000002487,0,50,48.000000000002487,28,165,14.180000000000049,1170.8800000000101,GT,model_assisted_not_ground_truth,0,0,0,0,0,0,0,0,0,0,0
19.41,41,29.000000000003197,52,0,50,48.999999999996803,28,165.00000000000639,14.199999999999983,1174.8599999999935,GT,model_assisted_not_ground_truth,0,0,0,0,0,0,0,0,0,0,0
19.42,41,29.999999999995737,52,0,50,47.999999999995737,28,166.99999999999574,14.194999999999979,1172.8599999999915,GT,model_assisted_not_ground_truth,0,0,0,0,0,0,0,0,0,0,0
19.43,41,29.000000000009948,51.999999999995026,0,50,47.000000000004974,28,166.00000000000497,14.19,1170.8600000000149,GT,model_assisted_not_ground_truth,0,0,0,0,0,0,0,0,0,0,0
19.44,41,30.999999999989342,51.000000000005329,0,50,47.999999999994671,28,166.99999999999466,14.189999999999939,1173.8699999999938,GT,model_assisted_not_ground_truth,0,0,0,0,0,0,0,0,0,0,0
19.45,41,31,51.999999999995381,0,50,48,28,167,14.180000000001687,1172.869999999903,GT,model_assisted_not_ground_truth,0,0,0,0,0,0,0,0,0,0,0
19.46,41,31,52,0,50,48,28,167,14.430000000000703,1158.510000000007,GT,model_assisted_not_ground_truth,0,0,0,0,0,0,0,0,0,0,0
19.47,41,31.999999999997158,51.000000000002842,0,50,48,28,167,14.519999999999744,1159.4099999999976,GT,model_assisted_not_ground_truth,0,0,0,0,0,0,0,0,0,0,0
19.48,41,30.000000000003553,51.999999999998224,0,50,48,28,167,14.529999999999982,1160.8999999999974,GT,model_assisted_not_ground_truth,0,0,0,0,0,0,0,0,0,0,0
19.49,41,30.999999999999289,52,0,50,48,28,165.00000000000142,14.539999999999992,1162.389999999999,GT,model_assisted_not_ground_truth,0,0,0,0,0,0,0,0,0,0,0
19.50,41,31,51,0,50,48,28,167,14.539999999999999,1163.3900000000001,GT,model_assisted_not_ground_truth,0,0,0,0,0,0,0,0,0,0,0
19.51,41,32,51.999999999998934,0,50,48,28,165,14.57,1161.3700000000031,GT,model_assisted_not_ground_truth,0,0,0,0,0,0,0,0,0,0,0
19.52,41,32,51,0,50,48,28,165.00000000000355,14.570000000000018,1164.3699999999999,GT,model_assisted_not_ground_truth,0,0,0,0,0,0,0,0,0,0,0
19.53,41,31.999999999994316,51,0,50,48,28,166.99999999999432,14.579999999999517,1164.3599999998637,GT,model_assisted_not_ground_truth,0,0,0,0,0,0,0,0,0,0,0
19.54,41,29.999999999996447,51.000000000003553,0,50,48.000000000003553,28,164.99999999999289,14.409999999999805,1116.4100000000021,GT,model_assisted_not_ground_truth,0,0,0,0,0,0,0,0,0,0,0
19.55,41,29.000000000009237,51.999999999995381,0,50,48.999999999995381,28,162.99999999999537,14.354999999999746,1116.9800000000027,GT,model_assisted_not_ground_truth,0,0,0,0,0,0,0,0,0,0,0
19.56,41,30.999999999994671,51.000000000005329,0,50,48,28,162,14.299999999999681,1117.5500000000111,GT,model_assisted_not_ground_truth,0,0,0,0,0,0,0,0,0,0,0
19.57,41,30.000000000004974,51.999999999995026,0,50,48,28,162,14.239999999999936,1119.6399999999937,GT,model_assisted_not_ground_truth,0,0,0,0,0,0,0,0,0,0,0
19.58,41,30,52,0,50,48,28,159.00000000001171,14.229999999999926,1118.6600000000376,GT,model_assisted_not_ground_truth,0,0,0,0,0,0,0,0,0,0,0
19.59,41,30,51.000000000003197,0,50,48,28,162.99999999998721,14.219999999999837,1123.7000000000003,GT,model_assisted_not_ground_truth,0,0,0,0,0,0,0,0,0,0,0
19.60,41,30,51.999999999997868,0,50,48,28,163,14.200000000000042,1123.73,GT,model_assisted_not_ground_truth,0,0,0,0,0,0,0,0,0,0,0
19.61,41,30,50.000000000002842,0,50,48,28,163.99999999999858,14.199999999999999,1128.739999999993,GT,model_assisted_not_ground_truth,0,0,0,0,0,0,0,0,0,0,0
19.62,41,30,50,0,50,48.999999999999645,28,160.00000000000142,14.125000000000027,1116.8000000000043,GT,model_assisted_not_ground_truth,0,0,0,0,0,0,0,0,0,0,0
19.63,41,29.999999999999645,50,0,50,49,28,158.99999999999963,14.050000000000004,1104.8600000000067,GT,model_assisted_not_ground_truth,0,0,0,0,0,0,0,0,0,0,0
19.64,41,29.000000000001421,50,0,50,49,28,158.00000000000142,14.060000000000015,1123.9100000000071,GT,model_assisted_not_ground_truth,0,0,0,0,0,0,0,0,0,0,0
19.65,41,29.999999999997513,50,0,50,49,28,158.99999999999503,14.069999999999975,1128.9300000000076,GT,model_assisted_not_ground_truth,0,0,0,0,0,0,0,0,0,0,0
19.66,41,29.000000000003197,50,0,50,49,28,156.99999999999679,14.060000000000064,1131.9300000000289,GT,model_assisted_not_ground_truth,0,0,0,0,0,0,0,0,0,0,0
19.67,41,30,50,0,50,49,28,155.99999999999147,14.079999999999979,1140.9400000000001,GT,model_assisted_not_ground_truth,0,0,0,0,0,0,0,0,0,0,0
19.68,41,30.000000000004974,50.000000000004974,0,50,49,28,154,14.074999999999974,1140.9349999999999,GT,model_assisted_not_ground_truth,0,0,0,0,0,0,0,0,0,0,0
19.69,41,30.999999999994671,50.999999999994671,0,50,49,28,154,14.070000000000242,1140.9300000000785,GT,model_assisted_not_ground_truth,0,0,0,0,0,0,0,0,0,0,0
19.70,41,31,50.000000000004619,0,49.000000000004619,49,28,154,14.110000000000202,1153.9300000000878,GT,model_assisted_not_ground_truth,0,0,0,0,0,0,0,0,0,0,0
19.71,41,32.999999999992895,50.999999999996447,0,49.999999999996447,48.000000000003553,28,154.99999999999645,14.140000000000079,1166.9400000000235,GT,model_assisted_not_ground_truth,0,0,0,0,0,0,0,0,0,0,0
19.72,41,33,50.000000000002842,0,50,48.999999999997158,28,152.00000000000853,14.149999999999972,1169.9399999999914,GT,model_assisted_not_ground_truth,0,0,0,0,0,0,0,0,0,0,0
19.73,41,32.000000000001776,50,0,50,49,28,154.99999999999466,14.15,1170.9399999999982,GT,model_assisted_not_ground_truth,0,0,0,0,0,0,0,0,0,0,0
19.74,41,32,50,0,50,49,28,154.00000000000071,14.15,1170.9400000000001,GT,model_assisted_not_ground_truth,0,0,0,0,0,0,0,0,0,0,0
19.75,41,32,50,0,50,49,28,153,14.16,1176.95,GT,model_assisted_not_ground_truth,0,0,0,0,0,0,0,0,0,0,0
19.76,41,31.999999999998934,51,0,50,48.999999999998934,27.000000000001066,150.00000000000426,14.16,1178.9550000000022,GT,model_assisted_not_ground_truth,0,0,0,0,0,0,0,0,0,0,0
19.77,41,31.000000000003553,51,0,50,48,28,154.00000000000355,14.160000000000018,1180.9600000000037,GT,model_assisted_not_ground_truth,0,0,0,0,0,0,0,0,0,0,0
19.78,41,33,51,0,50,48,28,155.99999999999716,14.169999999999943,1182.9599999999973,GT,model_assisted_not_ground_truth,0,0,0,0,0,0,0,0,0,0,0
19.79,41,32.999999999989342,51,0,50,48.000000000003553,28,155.00000000000355,14.149999999999858,1181.9700000000746,GT,model_assisted_not_ground_truth,0,0,0,0,0,0,0,0,0,0,0
19.80,41,30.000000000004619,51,0,50,48.999999999995381,28,155.99999999999537,14.110000000000277,1202.9699999999216,GT,model_assisted_not_ground_truth,0,0,0,0,0,0,0,0,0,0,0
19.81,41,31.000000000005329,50.999999999994671,0,50,48.000000000005329,28,154.99999999999469,14.169999999999973,1185.9699999999707,GT,model_assisted_not_ground_truth,0,0,0,0,0,0,0,0,0,0,0
19.82,41,31.999999999995026,50.000000000004974,0,50,48.999999999995026,28,154.00000000000497,14.164999999999967,1180.4549999999647,GT,model_assisted_not_ground_truth,0,0,0,0,0,0,0,0,0,0,0
19.83,41,32,50,0,50,49,28,154,14.159999999999926,1174.9400000000151,GT,model_assisted_not_ground_truth,0,0,0,0,0,0,0,0,0,0,0
19.84,41,30.000000000006395,50,0,50,49,28,151.00000000000961,14.150000000000164,1176.9500000000246,GT,model_assisted_not_ground_truth,0,0,0,0,0,0,0,0,0,0,0
19.85,41,31.999999999995737,50.999999999997868,0,50,48.000000000002132,28,151,14.169999999999957,1179.9499999999937,GT,model_assisted_not_ground_truth,0,0,0,0,0,0,0,0,0,0,0
19.86,41,31.000000000001421,51,0,50,48,28,146.00000000000711,14.160000000000014,1179.97,GT,model_assisted_not_ground_truth,0,0,0,0,0,0,0,0,0,0,0
19.87,41,31,50.000000000000355,0,50,48.999999999999645,28,146,14.179999999999993,1185.949999999998,GT,model_assisted_not_ground_truth,0,0,0,0,0,0,0,0,0,0,0
19.88,41,31,50.000000000000355,0,50,48.999999999999645,28,144.99999999999645,14.1,1156.9499999999996,GT,model_assisted_not_ground_truth,0,0,0,0,0,0,0,0,0,0,0
19.89,41,31.000000000002842,51,0,50,48,28.000000000001421,135,14.1,1155.449999999998,GT,model_assisted_not_ground_truth,0,0,0,0,0,0,0,0,0,0,0
19.90,41,32.999999999997513,50.999999999997513,0,50,48.000000000002487,28.999999999997513,134.99999999999503,14.100000000000025,1153.950000000005,GT,model_assisted_not_ground_truth,0,0,0,0,0,0,0,0,0,0,0
19.91,41,32,50,0,50,49,28,132.999999999984,14.110000000000031,1155.9500000000032,GT,model_assisted_not_ground_truth,0,0,0,0,0,0,0,0,0,0,0
19.92,41,32,50,0,50,48.999999999995737,28,127.99999999999574,14.120000000000084,1156.9500000000298,GT,model_assisted_not_ground_truth,0,0,0,0,0,0,0,0,0,0,0
19.93,41,31.999999999995026,50,0,50,48.000000000004974,28,127,14.140000000000001,1163.9399999999901,GT,model_assisted_not_ground_truth,0,0,0,0,0,0,0,0,0,0,0
19.94,41,31.000000000005329,50,0,50,48.999999999994671,28,127,14.140000000000001,1161.939999999988,GT,model_assisted_not_ground_truth,0,0,0,0,0,0,0,0,0,0,0
19.95,41,31.999999999995381,50.999999999995381,0,50,48.000000000004619,28,122.00000000002309,14.140000000000136,1159.9400000000439,GT,model_assisted_not_ground_truth,0,0,0,0,0,0,0,0,0,0,0
19.96,41,31.000000000003553,50.000000000003553,0,50,48.999999999996447,28.999999999996447,120.00000000000711,14.160000000000043,1166.4400000000139,GT,model_assisted_not_ground_truth,0,0,0,0,0,0,0,0,0,0,0
19.97,41,31.999999999997158,50,0,50,49,28.000000000002842,117.00000000000853,14.179999999999943,1172.9399999999816,GT,model_assisted_not_ground_truth,0,0,0,0,0,0,0,0,0,0,0
19.98,41,32.999999999998224,50,0,49.000000000001776,48.000000000001776,28,105.00000000002132,14.18,1171.9400000000019,GT,model_assisted_not_ground_truth,0,0,0,0,0,0,0,0,0,0,0
19.99,41,32.000000000000711,50,0,49,48.999999999999289,28,102.00000000000213,14.20999999999998,1180.9399999999937,GT,model_assisted_not_ground_truth,0,0,0,0,0,0,0,0,0,0,0
20.00,41,33,50,0,49,48,28,99,14.210000000000001,1180.9400000000001,GT,model_assisted_not_ground_truth,0,0,0,0,0,0,0,0,0,0,0
20.01,41,33.999999999997868,48.999999999998934,0,49,48,28,95.999999999998934,14.220000000000006,1202.8699999999903,GT,model_assisted_not_ground_truth,0,0,0,0,0,0,0,0,0,0,0
20.02,41,32.000000000001776,48,0,49,48,27.999999999998224,95.000000000001776,14.225000000000009,1193.8949999999841,GT,model_assisted_not_ground_truth,0,0,0,0,0,0,0,0,0,0,0
20.03,41,32.999999999997158,48,0,48.999999999991473,48.000000000002842,27.000000000002842,95.999999999994316,14.230000000000029,1184.9200000000144,GT,model_assisted_not_ground_truth,0,0,0,0,0,0,0,0,0,0,0
20.04,41,32,48.000000000007105,0,46,48.999999999996447,28,93.999999999996447,14.24,1189.9300000000071,GT,model_assisted_not_ground_truth,0,0,0,0,0,0,0,0,0,0,0
20.05,41,32.000000000004619,49.999999999990763,0,46,48.000000000004619,27.999999999995381,92.999999999990763,14.239999999999769,1191.9400000000971,GT,model_assisted_not_ground_truth,0,0,0,0,0,0,0,0,0,0,0
20.06,41,32.999999999994671,48,0,45.999999999994671,48.999999999994671,27,90.999999999994671,14.190000000000586,1212.9499999998661,GT,model_assisted_not_ground_truth,0,0,0,0,0,0,0,0,0,0,0
20.07,41,32.000000000004974,48,0,45.000000000004974,48.000000000004974,27,90.000000000004974,14.300000000000257,1187.8400000000318,GT,model_assisted_not_ground_truth,0,0,0,0,0,0,0,0,0,0,0
20.08,40.000000000003908,32.999999999996092,48.999999999996092,0,45,48,27.999999999996092,90,14.340000000000074,1192.8099999999924,GT,model_assisted_not_ground_truth,0,0,0,0,0,0,0,0,0,0,0
20.09,40,33,48.000000000003197,0,44.000000000003197,48,28,86.00000000001279,14.350000000000025,1191.7999999999975,GT,model_assisted_not_ground_truth,0,0,0,0,0,0,0,0,0,0,0
20.10,40,33,48,0,44.999999999997868,48,28,82.000000000008527,14.359999999999978,1190.790000000002,GT,model_assisted_not_ground_truth,0,0,0,0,0,0,0,0,0,0,0
20.11,40.999999999998579,32.000000000001421,48,0,45,48,28,78.000000000005684,14.359999999999999,1194.7799999999943,GT,model_assisted_not_ground_truth,0,0,0,0,0,0,0,0,0,0,0
20.12,41,30.000000000000711,48,0,45,48,28,74.000000000001421,14.369999999999996,1192.7600000000007,GT,model_assisted_not_ground_truth,0,0,0,0,0,0,0,0,0,0,0
20.13,40,31,48,0,45,48,28,74.999999999998934,14.370000000000053,1194.7899999999938,GT,model_assisted_not_ground_truth,0,0,0,0,0,0,0,0,0,0,0
20.14,39.999999999998579,30.999999999998579,48,0,45,48,28,71.999999999992895,14.520000000000092,1177.5400000000006,GT,model_assisted_not_ground_truth,0,0,0,0,0,0,0,0,0,0,0
20.15,39,30.000000000002487,48,0,45,48,28,67,14.585000000000161,1177.9600000000012,GT,model_assisted_not_ground_truth,0,0,0,0,0,0,0,0,0,0,0
20.16,39,31.000000000003197,48.000000000003197,0,45,48.000000000003197,27.999999999961631,66.999999999984013,14.650000000000064,1178.3800000000128,GT,model_assisted_not_ground_truth,0,0,0,0,0,0,0,0,0,0,0
20.17,39,32,48.999999999995737,0,45,48.999999999995737,15.999999999997868,61.999999999995737,14.670000000000128,1182.3700000000167,GT,model_assisted_not_ground_truth,0,0,0,0,0,0,0,0,0,0,0
20.18,39,32,48.000000000000711,0,45,48.000000000000711,15.500000000000355,61.000000000000711,14.700000000000099,1186.3299999999849,GT,model_assisted_not_ground_truth,0,0,0,0,0,0,0,0,0,0,0
20.19,39,32,47.000000000005329,0,45,47.000000000005329,15.000000000002665,60.000000000005329,14.720000000000061,1183.3100000000179,GT,model_assisted_not_ground_truth,0,0,0,0,0,0,0,0,0,0,0
20.20,39,30.000000000009237,47.999999999995381,0,45,47.999999999995381,15.999999999995381,63.999999999981526,14.72999999999973,1186.3000000001282,GT,model_assisted_not_ground_truth,0,0,0,0,0,0,0,0,0,0,0
20.21,39,31.999999999992895,48,0,45,48,16,64.999999999996447,14.689999999999804,1205.2999999997498,GT,model_assisted_not_ground_truth,0,0,0,0,0,0,0,0,0,0,0
20.22,39,32,48,0,44.000000000002842,48,14.000000000005684,65,14.664999999999928,1173.289999999909,GT,model_assisted_not_ground_truth,0,0,0,0,0,0,0,0,0,0,0
20.23,39,32,48,0,44,48,15.999999999996447,65,14.640000000000045,1141.2800000000568,GT,model_assisted_not_ground_truth,0,0,0,0,0,0,0,0,0,0,0
20.24,39,32,48,0,44,48,16,65.999999999999289,14.500000000000099,1134.4400000000048,GT,model_assisted_not_ground_truth,0,0,0,0,0,0,0,0,0,0,0
20.25,38,33,48,0,45,48,15,66,14.43,1140.55,GT,model_assisted_not_ground_truth,0,0,0,0,0,0,0,0,0,0,0
20.26,39,32,48.999999999997868,0,45,48,16,65.000000000001066,14.409999999999989,1141.600000000001,GT,model_assisted_not_ground_truth,0,0,0,0,0,0,0,0,0,0,0
20.27,39,32,47.000000000001776,0,45,48,16,66,14.399999999999965,1142.6200000000017,GT,model_assisted_not_ground_truth,0,0,0,0,0,0,0,0,0,0,0
20.28,39,32,48,0,44.999999999997158,48,15.999999999997158,66,14.379999999999987,1143.6500000000001,GT,model_assisted_not_ground_truth,0,0,0,0,0,0,0,0,0,0,0
20.29,39,32,48.000000000003553,0,44.000000000003553,48,15.000000000003553,65.999999999996447,14.374999999999982,1143.6500000000001,GT,model_assisted_not_ground_truth,0,0,0,0,0,0,0,0,0,0,0
20.30,39,32,48.999999999995381,0,45,48.000000000004619,16,65.000000000009237,14.369999999999306,1143.649999999913,GT,model_assisted_not_ground_truth,0,0,0,0,0,0,0,0,0,0,0
20.31,39,32,48,0,45,49,16,67.000000000005329,14.220000000000107,1124.7800000000693,GT,model_assisted_not_ground_truth,0,0,0,0,0,0,0,0,0,0,0
20.32,39,32,48,0,45,49,16,67.999999999995026,14.239999999999872,1137.8100000000259,GT,model_assisted_not_ground_truth,0,0,0,0,0,0,0,0,0,0,0
20.33,39,32,47.000000000003908,0,45,48.000000000003908,16,69.999999999992184,14.220000000000001,1141.8500000000522,GT,model_assisted_not_ground_truth,0,0,0,0,0,0,0,0,0,0,0
20.34,38.000000000003197,32,47.999999999996803,0,44.000000000003197,48,15.000000000003197,69.000000000003197,14.220000000000041,1148.8600000000163,GT,model_assisted_not_ground_truth,0,0,0,0,0,0,0,0,0,0,0
20.35,38.999999999997868,32,48,0,44.999999999997868,48.999999999997868,15.999999999997868,69,14.225000000000019,1150.8600000000069,GT,model_assisted_not_ground_truth,0,0,0,0,0,0,0,0,0,0,0
20.36,39,32,48,0,44.000000000001421,48.000000000001421,16,69.999999999998579,14.229999999999993,1152.8599999999969,GT,model_assisted_not_ground_truth,0,0,0,0,0,0,0,0,0,0,0
20.37,39,32,48,0,44.999999999999645,48.999999999999645,16.999999999999645,69.000000000000355,14.259999999999989,1163.849999999996,GT,model_assisted_not_ground_truth,0,0,0,0,0,0,0,0,0,0,0
20.38,39,32,48,0,44.000000000000355,48,15.000000000000711,69.999999999999289,14.279999999999999,1173.8600000000017,GT,model_assisted_not_ground_truth,0,0,0,0,0,0,0,0,0,0,0
20.39,39,31.999999999998579,47.999999999998579,0,44.999999999998579,48,17,68,14.280000000000014,1178.8700000000069,GT,model_assisted_not_ground_truth,0,0,0,0,0,0,0,0,0,0,0
20.40,39,31.000000000002487,47.000000000002487,0,44.000000000002487,48,17,68,14.289999999999974,1183.8700000000049,GT,model_assisted_not_ground_truth,0,0,0,0,0,0,0,0,0,0,0
20.41,39,32,48,0,45,48,17,68,14.280000000000015,1185.8799999999953,GT,model_assisted_not_ground_truth,0,0,0,0,0,0,0,0,0,0,0
20.42,39,32.000000000004263,47.999999999995737,0,45,48.000000000004263,16.999999999995737,67.999999999995737,14.285000000000021,1184.3699999999935,GT,model_assisted_not_ground_truth,0,0,0,0,0,0,0,0,0,0,0
20.43,39,32.999999999995026,47.000000000004974,0,44.999999999995026,48.999999999995026,15.999999999995026,66.999999999990052,14.289999999999949,1182.8600000000299,GT,model_assisted_not_ground_truth,0,0,0,0,0,0,0,0,0,0,0
20.44,39,32.000000000005329,47.999999999994671,0,44.000000000005329,48.000000000005329,15.000000000005329,65.000000000010658,14.279999999999999,1188.8900000000303,GT,model_assisted_not_ground_truth,0,0,0,0,0,0,0,0,0,0,0
20.45,39,32,47.000000000004619,0,44.999999999995381,48.999999999995381,15.999999999995381,64.000000000004619,14.279999999999932,1193.8999999999799,GT,model_assisted_not_ground_truth,0,0,0,0,0,0,0,0,0,0,0
20.46,39,29.000000000010658,47.999999999996447,0,45,48.000000000003553,16,63.000000000003553,14.270000000000078,1190.9100000000392,GT,model_assisted_not_ground_truth,0,0,0,0,0,0,0,0,0,0,0
20.47,39,31.999999999991473,48.999999999997158,0,45,48.999999999997158,16,63,14.279999999999971,1195.9099999999858,GT,model_assisted_not_ground_truth,0,0,0,0,0,0,0,0,0,0,0
20.48,39,31.000000000001776,47.000000000003553,0,44.000000000001776,48.000000000001776,16,63.999999999998224,14.279999999999999,1194.9100000000019,GT,model_assisted_not_ground_truth,0,0,0,0,0,0,0,0,0,0,0
20.49,39,31.999999999999289,47.999999999999289,0,44.999999999999289,48,16,64,14.279999999999999,1190.8950000000029,GT,model_assisted_not_ground_truth,0,0,0,0,0,0,0,0,0,0,0
20.50,39,32,47,0,45,48,16,63,14.279999999999999,1186.8800000000001,GT,model_assisted_not_ground_truth,0,0,0,0,0,0,0,0,0,0,0
20.51,38.000000000001066,32,47.000000000001066,0,45,48,16,63.999999999997868,14.269999999999989,1184.8900000000053,GT,model_assisted_not_ground_truth,0,0,0,0,0,0,0,0,0,0,0
20.52,39,32,48,0,44.999999999998224,48.000000000001776,16,62.000000000003553,14.260000000000018,1189.9000000000019,GT,model_assisted_not_ground_truth,0,0,0,0,0,0,0,0,0,0,0
20.53,39,32,48,0,44.000000000002842,48.999999999997158,16,64,14.27,1190.8999999999971,GT,model_assisted_not_ground_truth,0,0,0,0,0,0,0,0,0,0,0
20.54,39,32,48,0,45,48.000000000003553,16,63.999999999985789,14.269999999999857,1189.899999999961,GT,model_assisted_not_ground_truth,0,0,0,0,0,0,0,0,0,0,0
20.55,39,32,48,0,45,49,16,60,14.229999999999931,1178.8999999999701,GT,model_assisted_not_ground_truth,0,0,0,0,0,0,0,0,0,0,0
20.56,39,31.999999999994671,48,0,45,48.999999999994671,16,60.000000000005329,14.21499999999992,1172.3999999999655,GT,model_assisted_not_ground_truth,0,0,0,0,0,0,0,0,0,0,0
20.57,39,31.000000000004974,48,0,45,48.000000000004974,16,60.999999999995026,14.199999999999999,1165.9000000000065,GT,model_assisted_not_ground_truth,0,0,0,0,0,0,0,0,0,0,0
20.58,39,31.999999999996092,47.000000000003908,0,45,48.999999999996092,16,59.000000000007816,14.200000000000074,1166.9000000000151,GT,model_assisted_not_ground_truth,0,0,0,0,0,0,0,0,0,0,0
20.59,39,32,47.999999999996803,0,45,49,16,59,14.209999999999919,1168.9000000000001,GT,model_assisted_not_ground_truth,0,0,0,0,0,0,0,0,0,0,0
20.60,39,32,47.000000000002132,0,45,48.000000000002132,16,59,14.200000000000021,1168.9000000000001,GT,model_assisted_not_ground_truth,0,0,0,0,0,0,0,0,0,0,0
20.61,38.000000000001421,32,47.999999999998579,0,45,48,16,58.000000000001421,14.219999999999972,1167.9000000000015,GT,model_assisted_not_ground_truth,0,0,0,0,0,0,0,0,0,0,0
20.62,38.999999999999645,31.000000000000355,47.000000000000355,0,44.000000000000355,48,16,56.000000000000711,14.170000000000018,1165.9300000000007,GT,model_assisted_not_ground_truth,0,0,0,0,0,0,0,0,0,0,0
20.63,38,31,47,0,44.999999999999645,48,15,53.999999999999645,14.205000000000013,1171.4200000000021,GT,model_assisted_not_ground_truth,0,0,0,0,0,0,0,0,0,0,0
20.64,38,30.999999999998579,47,0,44.000000000001421,48,15.000000000001421,53,14.240000000000029,1176.9100000000101,GT,model_assisted_not_ground_truth,0,0,0,0,0,0,0,0,0,0,0
20.65,38,30,47,0,44.999999999997513,48,16,52.999999999995026,14.26,1183.8999999999976,GT,model_assisted_not_ground_truth,0,0,0,0,0,0,0,0,0,0,0
20.66,38,30.000000000003197,47,0,44.000000000003197,48.000000000003197,16,51.000000000003197,14.260000000000064,1182.9000000000065,GT,model_assisted_not_ground_truth,0,0,0,0,0,0,0,0,0,0,0
20.67,38,30.99999999998721,47,0,45,48.999999999995737,16,52.000000000004263,14.279999999999871,1184.8999999999573,GT,model_assisted_not_ground_truth,0,0,0,0,0,0,0,0,0,0,0
20.68,38,28.000000000014921,47,0,44.999999999995026,48,16,53,14.316822775883711,1185.7357950616824,GT,model_assisted_not_ground_truth,0,0,0,0,0,0,0,0,0,1,1
20.69,38,30.999999999984013,47,0,44.000000000005329,48,16,53,14.255152876122155,1177.0869629163058,GT,model_assisted_not_ground_truth,0,0,0,0,0,0,0,0,0,1,1
